t,x_cmd,x_act,y_cmd,y_act,z_cmd,z_act,vx_cmd,vx_act,vy_cmd,vy_act,vz_cmd,vz_act,roll_cmd,roll_act,pitch_cmd,pitch_act,yaw_cmd,yaw_act,roll_rate_act,pitch_rate_act,yaw_rate_act
0.0008823871612548828,-23.2979679107666,-0.00046874998952262104,-0.39990234375,5.859374869032763e-05,-0.03195800632238388,0.020546874031424522,-2.9995580106347397,0.0,-0.05149505643227845,0.0,-0.04200390428304673,-0.0,0.0,0.0002603617322165519,-0.35,0.31068965792655945,-3.1244267917564894,-3.140509843826294,0.0,0.0,-0.0
0.005982875823974609,-23.2979679107666,-0.00046874998952262104,-0.39990234375,5.859374869032763e-05,-0.03195800632238388,0.020546874031424522,-2.9995580106347397,0.0,-0.05149505643227845,0.0,-0.04200390428304673,-0.0,0.0,0.0002603617322165519,-0.35,0.31068965792655945,-3.1244267917564894,-3.140509843826294,0.0,0.0,-0.0
0.011127710342407227,-23.2979679107666,-0.00046874998952262104,-0.39990234375,5.859374869032763e-05,-0.03195800632238388,0.020546874031424522,-2.9995580106347397,0.0,-0.05149505643227845,0.0,-0.04200390428304673,-0.0,0.0,0.0002603617322165519,-0.35,0.31068965792655945,-3.1244267917564894,-3.140509843826294,0.0,0.0,-0.0
0.015928268432617188,-23.2979679107666,-0.00046874998952262104,-0.39990234375,5.859374869032763e-05,-0.03195800632238388,0.020546874031424522,-2.9995580106347397,0.0,-0.05149505643227845,0.0,-0.04200390428304673,-0.0,0.0,0.0003253317845519632,-0.35,0.3105979859828949,-3.1244267917564894,-3.140533208847046,-0.0004475480818655342,-0.007343720644712448,6.21822036919184e-05
0.020583629608154297,-23.2979679107666,-0.00046874998952262104,-0.39990234375,5.859374869032763e-05,-0.03195800632238388,0.020600585266947746,-2.9995580106347397,0.00032440482755191624,-0.05149505643227845,-7.387642108369619e-05,-0.043200623399499725,-0.0015280460938811302,0.0,0.0003253317845519632,-0.35,0.3105979859828949,-3.1244267917564894,-3.140533208847046,-0.0004475480818655342,-0.007343720644712448,6.21822036919184e-05
0.02503824234008789,-23.2979679107666,-0.00046874998952262104,-0.39990234375,5.859374869032763e-05,-0.03195800632238388,0.020600585266947746,-2.9995580106347397,0.00032440482755191624,-0.05149505643227845,-7.387642108369619e-05,-0.04204687327146531,-0.0015280460938811302,0.0,0.0003274503687862307,-0.35,0.3098682165145874,-3.1244267917564894,-3.1405279636383057,-8.411274757236242e-05,-0.1959463208913803,0.0007859727484174073
0.029657840728759766,-23.2979679107666,-0.00046874998952262104,-0.39990234375,5.859374869032763e-05,-0.03195800632238388,0.020439453423023224,-2.9995580106347397,-0.006179233081638813,-0.05149505643227845,0.0001127216819440946,-0.03842996233854286,-0.033703435212373734,0.0,0.0003248903376515955,-0.3469154943238865,0.3088233172893524,-3.1244267917564894,-3.1405210494995117,-0.0007011097623035312,-0.3817859888076782,0.00030449865153059363
0.03442859649658203,-23.2979679107666,-0.00046874998952262104,-0.39990234375,5.859374869032763e-05,-0.03195800632238388,0.020439453423023224,-2.9995580106347397,-0.006179233081638813,-0.05149505643227845,0.0001127216819440946,-0.041917967796325686,-0.033703435212373734,0.0,0.0003248903376515955,-0.35,0.3088233172893524,-3.1244267917564894,-3.1405210494995117,-0.0007011097623035312,-0.3817859888076782,0.00030449865153059363
0.03896307945251465,-23.2979679107666,-0.0008984374580904841,-0.39990234375,4.8828122089616954e-05,-0.03195800632238388,0.018110351637005806,-2.9995580159136144,-0.03761957585811615,-0.05149474893988035,-0.0008937802631407976,0.011309533294405288,-0.21677379310131073,0.0,0.0003139906912110746,-0.2884008034858214,0.2915724217891693,-3.1244268942690585,-3.1404435634613037,0.001527854474261403,-1.962741732597351,0.0070233833976089954
0.0437922477722168,-23.2979679107666,-0.0008984374580904841,-0.39990234375,4.8828122089616954e-05,-0.03195800632238388,0.018110351637005806,-2.9995580159136144,-0.03761957585811615,-0.05149474893988035,-0.0008937802631407976,-0.04005468636751175,-0.21677379310131073,0.0,0.0003139906912110746,-0.35,0.2915724217891693,-3.1244268942690585,-3.1404435634613037,0.001527854474261403,-1.962741732597351,0.0070233833976089954
0.048624277114868164,-23.2979679107666,-0.0008984374580904841,-0.39990234375,4.8828122089616954e-05,-0.03195800632238388,0.018110351637005806,-2.9995580159136144,-0.03761957585811615,-0.05149474893988035,-0.0008937802631407976,-0.04005468636751175,-0.21677379310131073,0.0,0.0003196743200533092,-0.35,0.2630281448364258,-3.1244268942690585,-3.1403491497039795,0.00930686853826046,-3.310490369796753,0.012041257694363594
0.05344223976135254,-23.2979679107666,-0.0013671874767169356,-0.39990234375,6.83593752910383e-05,-0.03195800632238388,0.015385742299258709,-2.9995579549700415,-0.05668305233120918,-0.05149829876746888,0.004146364517509937,0.018676069213087752,-0.32501915097236633,0.0,0.0003196743200533092,-0.31696183054692295,0.2630281448364258,-3.1244257108188283,-3.1403491497039795,0.00930686853826046,-3.310490369796753,0.012041257694363594
0.05809617042541504,-23.2979679107666,-0.0013671874767169356,-0.39990234375,6.83593752910383e-05,-0.03195800632238388,0.015385742299258709,-2.9995579549700415,-0.05668305233120918,-0.05149829876746888,0.004146364517509937,-0.03787499889731408,-0.32501915097236633,0.0,0.000317741883918643,-0.35,0.23034308850765228,-3.1244257108188283,-3.1402711868286133,0.0028086528182029724,-4.323683738708496,0.005286362953484058
0.06286168098449707,-23.2979679107666,-0.0021875000093132257,-0.39990234375,7.812499825377017e-05,-0.03195800632238388,0.011210937052965164,-2.9995579022621603,-0.08681077510118484,-0.051501368686937755,-0.0001966812851605937,0.05306941976314883,-0.4242217242717743,0.0,0.000287790346192196,-0.28990434284934663,0.20672355592250824,-3.124424687361525,-3.1402387619018555,-0.05300792306661606,-4.795957565307617,-0.016423001885414124
0.06745719909667969,-23.2979679107666,-0.0021875000093132257,-0.39990234375,7.812499825377017e-05,-0.03195800632238388,0.011210937052965164,-2.9995579022621603,-0.08681077510118484,-0.051501368686937755,-0.0001966812851605937,-0.034535154700279236,-0.4242217242717743,0.0,0.000287790346192196,-0.35,0.20672355592250824,-3.124424687361525,-3.1402387619018555,-0.05300792306661606,-4.795957565307617,-0.016423001885414124
0.0721132755279541,-23.2979679107666,-0.0035156249068677425,-0.39990234375,6.83593752910383e-05,-0.03195800632238388,0.005478515289723873,-2.999557873445056,-0.11021479219198227,-0.05150304703386832,-0.001583789591677487,0.09316778578906848,-0.4549078345298767,0.0,0.00021474309323821217,-0.3006884717806982,0.14455270767211914,-3.1244241278300895,-3.140141725540161,0.003550417721271515,-4.926279067993164,0.012940775603055954
0.07673978805541992,-23.2979679107666,-0.0035156249068677425,-0.39990234375,6.83593752910383e-05,-0.03195800632238388,0.005478515289723873,-2.999557873445056,-0.11021479219198227,-0.05150304703386832,-0.001583789591677487,-0.029949217289686206,-0.4549078345298767,0.0,0.00021474309323821217,-0.35,0.14455270767211914,-3.1244241278300895,-3.140141725540161,0.003550417721271515,-4.926279067993164,0.012940775603055954
0.08132076263427734,-23.2979679107666,-0.0035156249068677425,-0.39990234375,6.83593752910383e-05,-0.03195800632238388,0.005478515289723873,-2.999557873445056,-0.11021479219198227,-0.05150304703386832,-0.001583789591677487,-0.029949217289686206,-0.4549078345298767,0.0,0.00021474309323821217,-0.35,0.14455270767211914,-3.1244241278300895,-3.140141725540161,0.003550417721271515,-4.926279067993164,0.012940775603055954
0.08580732345581055,-23.2979679107666,-0.004843750037252903,-0.39990234375,5.859374869032763e-05,-0.03195800632238388,0.0003417968691792339,-2.999557844623726,-0.12918195128440857,-0.051504725572188104,-0.0015855985693633556,0.08865138190293011,-0.501509964466095,0.0,0.00019468450045678765,-0.3072424312797997,0.09360110014677048,-3.124423568234843,-3.139916181564331,0.003018050454556942,-4.662985324859619,0.02677261456847191
0.09042024612426758,-23.2979679107666,-0.004843750037252903,-0.39990234375,5.859374869032763e-05,-0.03195800632238388,0.0003417968691792339,-2.999557844623726,-0.12918195128440857,-0.051504725572188104,-0.0015855985693633556,-0.025839842553250492,-0.501509964466095,0.0,0.00019468450045678765,-0.3497766233447301,0.09360110014677048,-3.124423568234843,-3.139916181564331,0.003018050454556942,-4.662985324859619,0.02677261456847191
0.09496617317199707,-23.2979679107666,-0.005976562388241291,-0.39990234375,5.859374869032763e-05,-0.03195800632238388,-0.0041259764693677425,-2.9995578016234945,-0.14038890600204468,-0.051507229780178417,-0.001592080108821392,0.07601517322757259,-0.5569543838500977,0.0,0.00017549088806845248,-0.3240426172329497,0.05756687745451927,-3.1244227333757943,-3.1396496295928955,0.005483035929501057,-4.181721210479736,0.035901300609111786
0.09949994087219238,-23.2979679107666,-0.005976562388241291,-0.39990234375,5.859374869032763e-05,-0.03195800632238388,-0.0041259764693677425,-2.9995578016234945,-0.14038890600204468,-0.051507229780178417,-0.001592080108821392,-0.022265623882412912,-0.5569543838500977,0.0,0.00011553858348634094,-0.34895126042662944,0.023827193304896355,-3.1244227333757943,-3.1392533779144287,0.008579332381486893,-3.381196975708008,0.04372401162981987
0.10425639152526855,-23.2979679107666,-0.0078125,-0.39990234375,4.8828122089616954e-05,-0.03195800632238388,-0.01210937462747097,-2.9995577535123243,-0.15129762887954712,-0.0515100314899863,-0.001608520862646401,0.1519646977925659,-0.6871591210365295,0.0,0.00011553858348634094,-0.3249815691821356,0.023827193304896355,-3.1244217993348404,-3.1392533779144287,0.008579332381486893,-3.381196975708008,0.04372401162981987
0.10897612571716309,-23.2979679107666,-0.0078125,-0.39990234375,4.8828122089616954e-05,-0.03195800632238388,-0.01210937462747097,-2.9995577535123243,-0.15129762887954712,-0.0515100314899863,-0.001608520862646401,-0.01587890535593033,-0.6871591210365295,0.0,3.962123082601465e-05,-0.3481822684697818,-0.0028526780661195517,-3.1244217993348404,-3.1388304233551025,0.008834049105644226,-2.7806997299194336,0.048898693174123764
0.11386251449584961,-23.2979679107666,-0.009492186829447746,-0.39990234375,3.9062499126885086e-05,-0.03195800632238388,-0.020917968824505806,-2.9995577535123243,-0.1522112488746643,-0.0515100314899863,-0.0016223837155848742,-0.01587890535593033,-0.8523023724555969,0.0,3.962123082601465e-05,-0.3484606652963887,-0.0028526780661195517,-3.1244217993348404,-3.1388304233551025,0.008834049105644226,-2.7806997299194336,0.048898693174123764
0.11854290962219238,-23.2979679107666,-0.009492186829447746,-0.39990234375,3.9062499126885086e-05,-0.03195800632238388,-0.020917968824505806,-2.9995577113246394,-0.1522112488746643,-0.05151248812559733,-0.0016223837155848742,0.1793699050788714,-0.8523023724555969,0.0,-4.9534792196936905e-05,-0.34666535988103264,-0.0268248300999403,-3.1244209803355645,-3.1383302211761475,0.007682477589696646,-2.2755794525146484,0.05200602114200592
0.12332320213317871,-23.2979679107666,-0.009492186829447746,-0.39990234375,3.9062499126885086e-05,-0.03195800632238388,-0.020917968824505806,-2.9995577113246394,-0.1522112488746643,-0.05151248812559733,-0.0016223837155848742,-0.00883202999830246,-0.8523023724555969,0.0,-4.9534792196936905e-05,-0.3487340000666305,-0.0268248300999403,-3.1244209803355645,-3.1383302211761475,0.007682477589696646,-2.2755794525146484,0.05200602114200592
0.12790799140930176,-23.2979679107666,-0.011054687201976776,-0.39990234375,3.9062499126885086e-05,-0.03195800632238388,-0.031093750149011612,-2.9995576519825917,-0.1456882208585739,-0.05151594348044792,-0.0016330098733305931,0.22125513854804166,-1.0161323547363281,0.0,-9.587380918674171e-05,-0.35,-0.039147257804870605,-3.1244198283807707,-3.138026714324951,0.006003351416438818,-2.094040632247925,0.05252405256032944
0.13283443450927734,-23.2979679107666,-0.011054687201976776,-0.39990234375,3.9062499126885086e-05,-0.03195800632238388,-0.031093750149011612,-2.9995576519825917,-0.1456882208585739,-0.05151594348044792,-0.0016330098733305931,-0.000691404938697815,-1.0161323547363281,0.0,-9.587380918674171e-05,-0.34951662625102387,-0.039147257804870605,-3.1244198283807707,-3.138026714324951,0.006003351416438818,-2.094040632247925,0.05252405256032944
0.1376209259033203,-23.2979679107666,-0.012851562350988388,-0.39990234375,1.9531249563442543e-05,-0.03195800632238388,-0.04480956867337227,-2.999557626924914,-0.13756924867630005,-0.051517402463427675,-0.0016420506872236729,0.25,-1.0691267251968384,0.0,-0.00017630124057177454,-0.35,-0.05943572148680687,-3.1244193419813895,-3.1374759674072266,0.00486393179744482,-1.8895117044448853,0.05178755894303322
0.14238333702087402,-23.2979679107666,-0.012851562350988388,-0.39990234375,1.9531249563442543e-05,-0.03195800632238388,-0.04480956867337227,-2.999557626924914,-0.13756924867630005,-0.051517402463427675,-0.0016420506872236729,0.01028124988079071,-1.0691267251968384,0.0,-0.00017630124057177454,-0.35,-0.05943572148680687,-3.1244193419813895,-3.1374759674072266,0.00486393179744482,-1.8895117044448853,0.05178755894303322
0.14707040786743164,-23.2979679107666,-0.012851562350988388,-0.39990234375,1.9531249563442543e-05,-0.03195800632238388,-0.04480956867337227,-2.999557626924914,-0.13756924867630005,-0.051517402463427675,-0.0016420506872236729,0.01028124988079071,-1.0691267251968384,0.0,-0.00024181499611586332,-0.35,-0.07483422756195068,-3.1244193419813895,-3.13704776763916,0.004200837109237909,-1.8268426656723022,0.05028640851378441
0.15187573432922363,-23.2979679107666,-0.013984374701976776,-0.39990234375,9.765624781721272e-06,-0.03195800632238388,-0.0545361302793026,-2.9995576054902453,-0.12884053587913513,-0.051518650463945825,-0.0016528761480003595,0.22047458673685727,-1.1105836629867554,0.0,-0.00024181499611586332,-0.35,-0.07483422756195068,-3.124418925919864,-3.13704776763916,0.004200837109237909,-1.8268426656723022,0.05028640851378441
0.15660619735717773,-23.2979679107666,-0.013984374701976776,-0.39990234375,9.765624781721272e-06,-0.03195800632238388,-0.0545361302793026,-2.9995576054902453,-0.12884053587913513,-0.051518650463945825,-0.0016528761480003595,0.018062499165534974,-1.1105836629867554,0.0,-0.00032703613396734,-0.35,-0.09475218504667282,-3.124418925919864,-3.1365067958831787,0.003141826018691063,-1.8151885271072388,0.047148723155260086
0.1614372730255127,-23.2979679107666,-0.015234374441206455,-0.39990234375,0.0,-0.03195800632238388,-0.06745117157697678,-2.999557579600382,-0.11023768037557602,-0.05152015782097773,-0.0016808059299364686,0.25,-1.2160711288452148,0.0,-0.00032703613396734,-0.35,-0.09475218504667282,-3.1244184233934127,-3.1365067958831787,0.003141826018691063,-1.8151885271072388,0.047148723155260086
0.1660151481628418,-23.2979679107666,-0.015234374441206455,-0.39990234375,0.0,-0.03195800632238388,-0.06745117157697678,-2.999557579600382,-0.11023768037557602,-0.05152015782097773,-0.0016808059299364686,0.028394532203674317,-1.2160711288452148,0.0,-0.0003712445613928139,-0.35,-0.10519886016845703,-3.1244184233934127,-3.1362364292144775,0.0029059872031211853,-1.790666103363037,0.04521949216723442
0.17061305046081543,-23.2979679107666,-0.015234374441206455,-0.39990234375,0.0,-0.03195800632238388,-0.06745117157697678,-2.999557579600382,-0.11023768037557602,-0.05152015782097773,-0.0016808059299364686,0.028394532203674317,-1.2160711288452148,0.0,-0.0003712445613928139,-0.35,-0.10519886016845703,-3.1244184233934127,-3.1362364292144775,0.0029059872031211853,-1.790666103363037,0.04521949216723442
0.17539358139038086,-23.2979679107666,-0.0166015625,-0.39990234375,-1.9531249563442543e-05,-0.03195800632238388,-0.08230956643819809,-2.999557570858588,-0.10768099874258041,-0.05152066677483574,-0.0016850505489856005,0.25,-1.11665678024292,0.0,-0.00048416267964057624,-0.35,-0.12964284420013428,-3.1244182537171037,-3.135610580444336,0.0022180089727044106,-1.639025092124939,0.04014395922422409
0.18016839027404785,-23.2979679107666,-0.0166015625,-0.39990234375,-1.9531249563442543e-05,-0.03195800632238388,-0.08230956643819809,-2.999557570858588,-0.10768099874258041,-0.05152066677483574,-0.0016850505489856005,0.04028124809265137,-1.11665678024292,0.0,-0.00048416267964057624,-0.35,-0.12964284420013428,-3.1244182537171037,-3.135610580444336,0.0022180089727044106,-1.639025092124939,0.04014395922422409
0.18494296073913574,-23.2979679107666,-0.01777343638241291,-0.39990234375,-1.9531249563442543e-05,-0.03195800632238388,-0.09552734345197678,-2.999557526325498,-0.09171199798583984,-0.05152325944715441,-0.0017205131007358432,0.25,-1.1255396604537964,0.0,-0.0005470132455229759,-0.35,-0.14409875869750977,-3.1244173893655196,-3.1352522373199463,0.0011733658611774445,-1.5550236701965332,0.037152986973524094
0.18959736824035645,-23.2979679107666,-0.01777343638241291,-0.39990234375,-1.9531249563442543e-05,-0.03195800632238388,-0.09552734345197678,-2.999557526325498,-0.09171199798583984,-0.05152325944715441,-0.0017205131007358432,0.05085546970367432,-1.1255396604537964,0.0,-0.0005470132455229759,-0.35,-0.14409875869750977,-3.1244173893655196,-3.1352522373199463,0.0011733658611774445,-1.5550236701965332,0.037152986973524094
0.19421720504760742,-23.2979679107666,-0.01851562410593033,-0.39990234375,-1.9531249563442543e-05,-0.03195800632238388,-0.10567382723093033,-2.9995574981176945,-0.0755745992064476,-0.05152490160996498,-0.0017626717453822494,0.25,-1.1455519199371338,0.0,-0.0005864278064109385,-0.35,-0.1544165462255478,-3.1244168418971667,-3.1350016593933105,-0.00014792568981647491,-1.502507209777832,0.03499196842312813
0.19877910614013672,-23.2979679107666,-0.01851562410593033,-0.39990234375,-1.9531249563442543e-05,-0.03195800632238388,-0.10567382723093033,-2.9995574981176945,-0.0755745992064476,-0.05152490160996498,-0.0017626717453822494,0.05897265672683716,-1.1455519199371338,0.0,-0.0005864278064109385,-0.35,-0.1544165462255478,-3.1244168418971667,-3.1350016593933105,-0.00014792568981647491,-1.502507209777832,0.03499196842312813
0.20357394218444824,-23.2979679107666,-0.01851562410593033,-0.39990234375,-1.9531249563442543e-05,-0.03195800632238388,-0.10567382723093033,-2.9995574981176945,-0.0755745992064476,-0.05152490160996498,-0.0017626717453822494,0.05897265672683716,-1.1455519199371338,0.0,-0.0006391585920937359,-0.35,-0.1712338775396347,-3.1244168418971667,-3.1345911026000977,-0.0014684833586215973,-1.3295389413833618,0.03135649487376213
0.2081613540649414,-23.2979679107666,-0.019375000149011612,-0.39990234375,-3.9062499126885086e-05,-0.03195800632238388,-0.11888671666383743,-2.9995575086709367,-0.07304637134075165,-0.05152428724206887,-0.0017693252302706242,0.25,-1.0425583124160767,0.0,-0.0006391585920937359,-0.35,-0.1712338775396347,-3.124417046716676,-3.1345911026000977,-0.0014684833586215973,-1.3295389413833618,0.03135649487376213
0.21282315254211426,-23.2979679107666,-0.019375000149011612,-0.39990234375,-3.9062499126885086e-05,-0.03195800632238388,-0.11888671666383743,-2.9995575086709367,-0.07304637134075165,-0.05152428724206887,-0.0017693252302706242,0.06954296827316285,-1.0425583124160767,0.0,-0.0006668553105555475,-0.35,-0.18274687230587006,-3.124417046716676,-3.134310722351074,-0.0030711498111486435,-1.2532483339309692,0.02904902771115303
0.21749210357666016,-23.2979679107666,-0.020078124478459358,-0.39990234375,-3.9062499126885086e-05,-0.03195800632238388,-0.13057616353034973,-2.999557481944951,-0.05351090803742409,-0.051525843108752786,-0.0018359072273597121,0.25,-1.0427920818328857,0.0,-0.0006668553105555475,-0.35,-0.18274687230587006,-3.1244165280179392,-3.134310722351074,-0.0030711498111486435,-1.2532483339309692,0.02904902771115303
0.222306489944458,-23.2979679107666,-0.020078124478459358,-0.39990234375,-3.9062499126885086e-05,-0.03195800632238388,-0.13057616353034973,-2.999557481944951,-0.05351090803742409,-0.051525843108752786,-0.0018359072273597121,0.07889452576637268,-1.0427920818328857,0.0,-0.0006785733858123422,-0.35,-0.19333575665950775,-3.1244165280179392,-3.1340532302856445,-0.004750723019242287,-1.1767498254776,0.02716609090566635
0.22688841819763184,-23.2979679107666,-0.020546874031424522,-0.39990234375,-3.9062499126885086e-05,-0.03195800632238388,-0.14198730885982513,-2.9995574641262817,-0.02946394681930542,-0.05152688040540314,-0.001930724480189383,0.25,-1.0593993663787842,0.0,-0.0006785733858123422,-0.35,-0.19333575665950775,-3.124416182201378,-3.1340532302856445,-0.004750723019242287,-1.1767498254776,0.02716609090566635
0.23177528381347656,-23.2979679107666,-0.020546874031424522,-0.39990234375,-3.9062499126885086e-05,-0.03195800632238388,-0.14198730885982513,-2.9995574641262817,-0.02946394681930542,-0.05152688040540314,-0.001930724480189383,0.088023442029953,-1.0593993663787842,0.0,-0.0006796387024223804,-0.35,-0.19824622571468353,-3.124416182201378,-3.133934497833252,-0.005425173789262772,-1.1416772603988647,0.02630646713078022
0.23632025718688965,-23.2979679107666,-0.02089843712747097,-0.39990234375,-4.8828122089616954e-05,-0.03195800632238388,-0.1529882848262787,-2.9995574723727247,-0.028330853208899498,-0.05152640034925676,-0.0019349245121702552,0.25,-0.9566395878791809,0.0,-0.0006796387024223804,-0.35,-0.19824622571468353,-3.1244163422437015,-3.133934497833252,-0.005425173789262772,-1.1416772603988647,0.02630646713078022
0.24094319343566895,-23.2979679107666,-0.02089843712747097,-0.39990234375,-4.8828122089616954e-05,-0.03195800632238388,-0.1529882848262787,-2.9995574723727247,-0.028330853208899498,-0.05152640034925676,-0.0019349245121702552,0.09682422280311585,-0.9566395878791809,0.0,-0.0006652575684711337,-0.35,-0.2143176645040512,-3.1244163422437015,-3.1335344314575195,-0.006644323468208313,-0.9844152927398682,0.02342684008181095
0.24571490287780762,-23.2979679107666,-0.02089843712747097,-0.39990234375,-4.8828122089616954e-05,-0.03195800632238388,-0.1529882848262787,-2.9995574723727247,-0.028330853208899498,-0.05152640034925676,-0.0019349245121702552,0.09682422280311585,-0.9566395878791809,0.0,-0.0006652575684711337,-0.35,-0.2143176645040512,-3.1244163422437015,-3.1335344314575195,-0.006644323468208313,-0.9844152927398682,0.02342684008181095
0.25042200088500977,-23.2979679107666,-0.021015625447034836,-0.39990234375,-4.8828122089616954e-05,-0.03195800632238388,-0.1636328101158142,-2.9995574679178696,0.00020345210214145482,-0.05152665968350821,-0.0020760030020028353,0.25,-0.9795058369636536,0.0,-0.0006524744676426053,-0.35,-0.22053132951259613,-3.1244162557861976,-3.1333789825439453,-0.007331060245633125,-0.9461922645568848,0.022496387362480164
0.2551536560058594,-23.2979679107666,-0.021015625447034836,-0.39990234375,-4.8828122089616954e-05,-0.03195800632238388,-0.1636328101158142,-2.9995574679178696,0.00020345210214145482,-0.05152665968350821,-0.0020760030020028353,0.10533984303474427,-0.9795058369636536,0.0,-0.0006524744676426053,-0.35,-0.22053132951259613,-3.1244162557861976,-3.1333789825439453,-0.007331060245633125,-0.9461922645568848,0.022496387362480164
0.2599658966064453,-23.2979679107666,-0.020742187276482582,-0.39990234375,-6.83593752910383e-05,-0.03195800632238388,-0.1747753918170929,-2.9995575215326076,0.0356338769197464,-0.05152353847671891,-0.00226777046918869,0.25,-1.0273069143295288,0.0,-0.0006290384335443377,-0.35,-0.22855614125728607,-3.1244172963419445,-3.133181095123291,-0.008139068260788918,-0.9297732710838318,0.021530665457248688
0.26462864875793457,-23.2979679107666,-0.020742187276482582,-0.39990234375,-6.83593752910383e-05,-0.03195800632238388,-0.1747753918170929,-2.9995575215326076,0.0356338769197464,-0.05152353847671891,-0.00226777046918869,0.11425390839576721,-1.0273069143295288,0.0,-0.0006290384335443377,-0.35,-0.22855614125728607,-3.1244172963419445,-3.133181095123291,-0.008139068260788918,-0.9297732710838318,0.021530665457248688
0.2694394588470459,-23.2979679107666,-0.02031249925494194,-0.39990234375,-8.789062121650204e-05,-0.03195800632238388,-0.1853369027376175,-2.99955758108099,0.0342215858399868,-0.051520071618342655,-0.0022587450221180916,0.25,-0.9123175740242004,0.0,-0.0006146577070467174,-0.35,-0.23266635835170746,-3.1244184521318625,-3.1330807209014893,-0.008236877620220184,-0.9084786176681519,0.021088212728500366
0.27417993545532227,-23.2979679107666,-0.02031249925494194,-0.39990234375,-8.789062121650204e-05,-0.03195800632238388,-0.1853369027376175,-2.99955758108099,0.0342215858399868,-0.051520071618342655,-0.0022587450221180916,0.1227031171321869,-0.9123175740242004,0.0,-0.0005704489885829389,-0.35,-0.24536725878715515,-3.1244184521318625,-3.1327576637268066,-0.007850663736462593,-0.8017727136611938,0.01953359879553318
0.2787916660308838,-23.2979679107666,-0.019804686307907104,-0.39990234375,-0.00010742187441792339,-0.03195800632238388,-0.19492186605930328,-2.9995576435917704,0.05411703884601593,-0.051516432040525514,-0.002385552041232586,0.25,-0.8884504437446594,0.0,-0.0005704489885829389,-0.35,-0.24536725878715515,-3.124419665503395,-3.1327576637268066,-0.007850663736462593,-0.8017727136611938,0.01953359879553318
0.28348875045776367,-23.2979679107666,-0.019804686307907104,-0.39990234375,-0.00010742187441792339,-0.03195800632238388,-0.19492186605930328,-2.9995576435917704,0.05411703884601593,-0.051516432040525514,-0.002385552041232586,0.13037108778953552,-0.8884504437446594,0.0,-0.0005470133619382977,-0.35,-0.25202465057373047,-3.124419665503395,-3.1325843334198,-0.00757361575961113,-0.7599027752876282,0.01879911683499813
0.28803110122680664,-23.2979679107666,-0.019804686307907104,-0.39990234375,-0.00010742187441792339,-0.03195800632238388,-0.19492186605930328,-2.9995576435917704,0.05411703884601593,-0.051516432040525514,-0.002385552041232586,0.13037108778953552,-0.8884504437446594,0.0,-0.0005470133619382977,-0.35,-0.25202465057373047,-3.124419665503395,-3.1325843334198,-0.00757361575961113,-0.7599027752876282,0.01879911683499813
0.2926757335662842,-23.2979679107666,-0.01894531212747097,-0.39990234375,-0.00015624999650754035,-0.03195800632238388,-0.20500487089157104,-2.9995577842583234,0.0930723249912262,-0.051508241042527256,-0.0026511698961257935,0.25,-0.931477963924408,0.0,-0.0005299688782542944,-0.35,-0.2569980323314667,-3.12442239623865,-3.132453203201294,-0.007301615551114082,-0.7315315008163452,0.018280962482094765
0.29732394218444824,-23.2979679107666,-0.01894531212747097,-0.39990234375,-0.00015624999650754035,-0.03195800632238388,-0.20500487089157104,-2.9995577842583234,0.0930723249912262,-0.051508241042527256,-0.0026511698961257935,0.13843749165534974,-0.931477963924408,0.0,-0.0005299688782542944,-0.35,-0.2569980323314667,-3.12442239623865,-3.132453203201294,-0.007301615551114082,-0.7315315008163452,0.018280962482094765
0.3021078109741211,-23.2979679107666,-0.017617186531424522,-0.39990234375,-0.00019531248835846782,-0.03195800632238388,-0.21560057997703552,-2.9995579210937704,0.12647025287151337,-0.051500271879049694,-0.0028893169946968555,0.25,-0.9482542276382446,0.0,-0.0005033371271565557,-0.35,-0.2661372125148773,-3.1244250530180384,-3.1322057247161865,-0.006648087874054909,-0.6671558022499084,0.017327893525362015
0.3066253662109375,-23.2979679107666,-0.017617186531424522,-0.39990234375,-0.00019531248835846782,-0.03195800632238388,-0.21560057997703552,-2.9995579210937704,0.12647025287151337,-0.051500271879049694,-0.0028893169946968555,0.1469140589237213,-0.9482542276382446,0.0,-0.0005033371271565557,-0.35,-0.2661372125148773,-3.1244250530180384,-3.1322057247161865,-0.006648087874054909,-0.6671558022499084,0.017327893525362015
0.31147050857543945,-23.2979679107666,-0.017617186531424522,-0.39990234375,-0.00019531248835846782,-0.03195800632238388,-0.21560057997703552,-2.9995579210937704,0.12647025287151337,-0.051500271879049694,-0.0028893169946968555,0.1469140589237213,-0.9482542276382446,0.0,-0.0005033371271565557,-0.35,-0.2661372125148773,-3.1244250530180384,-3.1322057247161865,-0.006648087874054909,-0.6671558022499084,0.017327893525362015
0.3160233497619629,-23.2979679107666,-0.015937499701976776,-0.39990234375,-0.000244140625,-0.03195800632238388,-0.2263232320547104,-2.9995580928276375,0.1732097715139389,-0.05149026851965685,-0.00324163306504488,0.25,-1.0120158195495605,0.0,-0.0004889564006589353,-0.35,-0.2718123197555542,-3.12442838796251,-3.1320483684539795,-0.006350483745336533,-0.6396239995956421,0.016874197870492935
0.3206603527069092,-23.2979679107666,-0.015937499701976776,-0.39990234375,-0.000244140625,-0.03195800632238388,-0.2263232320547104,-2.9995580928276375,0.1732097715139389,-0.05149026851965685,-0.00324163306504488,0.15549218058586123,-1.0120158195495605,0.0,-0.00047617312520742416,-0.35,-0.27733731269836426,-3.12442838796251,-3.131894826889038,-0.0062453970313072205,-0.6287856698036194,0.01662772335112095
0.3253302574157715,-23.2979679107666,-0.013593750074505806,-0.39990234375,-0.0002929687325377017,-0.03195800632238388,-0.23822753131389618,-2.9995582896937107,0.2312345653772354,-0.05147879883739633,-0.003696284256875515,0.25,-1.1096709966659546,0.0,-0.00047617312520742416,-0.35,-0.27733731269836426,-3.1244322117530583,-3.131894826889038,-0.0062453970313072205,-0.6287856698036194,0.01662772335112095
0.3297913074493408,-23.2979679107666,-0.013593750074505806,-0.39990234375,-0.0002929687325377017,-0.03195800632238388,-0.23822753131389618,-2.9995582896937107,0.2312345653772354,-0.05147879883739633,-0.003696284256875515,0.16501561999320985,-1.1096709966659546,0.0,-0.00047031420399434865,-0.35,-0.2800215184688568,-3.1244322117530583,-3.1318185329437256,-0.006159347482025623,-0.6146042943000793,0.016510697081685066
0.3346827030181885,-23.2979679107666,-0.011054687201976776,-0.39990234375,-0.0003417968691792339,-0.03195800632238388,-0.2495165914297104,-2.9995584938809072,0.24988141655921936,-0.051466899915410994,-0.0038465794641524553,0.25,-1.0729767084121704,0.0,-0.00047031420399434865,-0.35,-0.2800215184688568,-3.124436178644324,-3.1318185329437256,-0.006159347482025623,-0.6146042943000793,0.016510697081685066
0.3393070697784424,-23.2979679107666,-0.011054687201976776,-0.39990234375,-0.0003417968691792339,-0.03195800632238388,-0.2495165914297104,-2.9995584938809072,0.24988141655921936,-0.051466899915410994,-0.0038465794641524553,0.17404686808586123,-1.0729767084121704,0.0,-0.000458063674159348,-0.35,-0.287180632352829,-3.124436178644324,-3.1316030025482178,-0.0055699702352285385,-0.5499327182769775,0.015949562191963196
0.3441753387451172,-23.2979679107666,-0.007929687388241291,-0.39990234375,-0.00039062497671693563,-0.03195800632238388,-0.2618652284145355,-2.9995584938809072,0.3015059530735016,-0.051466899915410994,-0.0042790137231349945,0.17404686808586123,-1.1387360095977783,0.0,-0.000458063674159348,-0.35,-0.287180632352829,-3.124436178644324,-3.1316030025482178,-0.0055699702352285385,-0.5499327182769775,0.015949562191963196
0.34891772270202637,-23.2979679107666,-0.007929687388241291,-0.39990234375,-0.00039062497671693563,-0.03195800632238388,-0.2618652284145355,-2.9995587201759673,0.3015059530735016,-0.05145370945145015,-0.0042790137231349945,0.25,-1.1387360095977783,0.0,-0.00045273732393980026,-0.35,-0.2920827567577362,-3.124440576112648,-3.131448984146118,-0.0052125584334135056,-0.5201817750930786,0.015650762245059013
0.35352325439453125,-23.2979679107666,-0.007929687388241291,-0.39990234375,-0.00039062497671693563,-0.03195800632238388,-0.2618652284145355,-2.9995587201759673,0.3015059530735016,-0.05145370945145015,-0.0042790137231349945,0.1839257776737213,-1.1387360095977783,0.0,-0.00045060698175802827,-0.35,-0.29509076476097107,-3.124440576112648,-3.1313517093658447,-0.004989306442439556,-0.5030125379562378,0.015476816333830357
0.35851359367370605,-23.2979679107666,-0.0044140624813735485,-0.39990234375,-0.0004394531133584678,-0.03195800632238388,-0.2744140625,-2.999558961141682,0.35760778188705444,-0.051439660133307294,-0.0047616418451070786,0.25,-1.2216452360153198,0.0,-0.00045060698175802827,-0.35,-0.29509076476097107,-3.1244452599074624,-3.1313517093658447,-0.004989306442439556,-0.5030125379562378,0.015476816333830357
0.3628714084625244,-23.2979679107666,-0.0044140624813735485,-0.39990234375,-0.0004394531133584678,-0.03195800632238388,-0.2744140625,-2.999558961141682,0.35760778188705444,-0.051439660133307294,-0.0047616418451070786,0.1939648449420929,-1.2216452360153198,0.0,-0.00045060671982355416,-0.35,-0.29733070731163025,-3.1244452599074624,-3.131277084350586,-0.004770189523696899,-0.48363691568374634,0.01528606191277504
0.3674442768096924,-23.2979679107666,-0.00015624999650754035,-0.39990234375,-0.00048828125,-0.03195800632238388,-0.28803709149360657,-2.999559230046897,0.3919405937194824,-0.0514239772913843,-0.005063165444880724,0.25,-1.224886417388916,0.0,-0.00045060671982355416,-0.35,-0.29733070731163025,-3.1244504882898423,-3.131277084350586,-0.004770189523696899,-0.48363691568374634,0.01528606191277504
0.3722100257873535,-23.2979679107666,-0.00015624999650754035,-0.39990234375,-0.00048828125,-0.03195800632238388,-0.28803709149360657,-2.999559230046897,0.3919405937194824,-0.0514239772913843,-0.005063165444880724,0.20486326813697817,-1.224886417388916,0.0,-0.00045060671982355416,-0.35,-0.29733070731163025,-3.1244504882898423,-3.131277084350586,-0.004770189523696899,-0.48363691568374634,0.01528606191277504
0.37711381912231445,-23.2979679107666,0.0043750000186264515,-0.39990234375,-0.0005371093866415322,-0.03195800632238388,-0.3014453053474426,-2.9995595091075806,0.4432019591331482,-0.051407697111312045,-0.005524341482669115,0.25,-1.284454584121704,0.0,-0.0004554005863610655,-0.35,-0.3037726581096649,-3.1244559158137104,-3.1310482025146484,-0.004134025424718857,-0.42402157187461853,0.014631720259785652
0.38165783882141113,-23.2979679107666,0.0043750000186264515,-0.39990234375,-0.0005371093866415322,-0.03195800632238388,-0.3014453053474426,-2.9995595091075806,0.4432019591331482,-0.051407697111312045,-0.005524341482669115,0.215589839220047,-1.284454584121704,0.0,-0.0004554005863610655,-0.35,-0.3037726581096649,-3.1244559158137104,-3.1310482025146484,-0.004134025424718857,-0.42402157187461853,0.014631720259785652
0.3863954544067383,-23.2979679107666,0.008437499403953552,-0.39990234375,-0.0005761718493886292,-0.03195800632238388,-0.31279295682907104,-2.999559748739646,0.4950808584690094,-0.05139371304888781,-0.005998601205646992,0.25,-1.3648922443389893,0.0,-0.00046072673285380006,-0.35,-0.3073394000530243,-3.124460577852194,-3.1309139728546143,-0.003971824422478676,-0.3999454081058502,0.014335568994283676
0.3910336494445801,-23.2979679107666,0.008437499403953552,-0.39990234375,-0.0005761718493886292,-0.03195800632238388,-0.31279295682907104,-2.999559748739646,0.4950808584690094,-0.05139371304888781,-0.005998601205646992,0.22466796040534975,-1.3648922443389893,0.0,-0.0004665860324166715,-0.35,-0.3108559846878052,-3.124460577852194,-3.1307756900787354,-0.003918524831533432,-0.37672698497772217,0.014125719666481018
0.3955988883972168,-23.2979679107666,0.008437499403953552,-0.39990234375,-0.0005761718493886292,-0.03195800632238388,-0.31279295682907104,-2.999559748739646,0.4950808584690094,-0.05139371304888781,-0.005998601205646992,0.22466796040534975,-1.3648922443389893,0.0,-0.0004665860324166715,-0.35,-0.3108559846878052,-3.124460577852194,-3.1307756900787354,-0.003918524831533432,-0.37672698497772217,0.014125719666481018
0.3999443054199219,-23.2979679107666,0.012031249701976776,-0.39990234375,-0.0006152343703433871,-0.03195800632238388,-0.3224462866783142,-2.9995599705302007,0.5384534597396851,-0.05138076676017575,-0.006400031968951225,0.25,-1.4332064390182495,0.0,-0.0004665860324166715,-0.35,-0.3108559846878052,-3.1244648939149893,-3.1307756900787354,-0.003918524831533432,-0.37672698497772217,0.014125719666481018
0.40477991104125977,-23.2979679107666,0.012031249701976776,-0.39990234375,-0.0006152343703433871,-0.03195800632238388,-0.3224462866783142,-2.9995599705302007,0.5384534597396851,-0.05138076676017575,-0.006400031968951225,0.23239062428474427,-1.4332064390182495,0.0,-0.0004735102120321244,-0.35,-0.3146967589855194,-3.1244648939149893,-3.1306111812591553,-0.00405701482668519,-0.34120693802833557,0.01423489861190319
0.4095649719238281,-23.2979679107666,0.021054686978459358,-0.39990234375,-0.0007226562593132257,-0.03195800632238388,-0.3453369140625,-2.9995605474326066,0.6212596297264099,-0.051347076701634145,-0.007177350576967001,0.25,-1.541324257850647,0.0,-0.00047936863848008215,-0.35,-0.3174684941768646,-3.1244761255808444,-3.1304802894592285,-0.003989303018897772,-0.3104506731033325,0.014216670766472816
0.41419076919555664,-23.2979679107666,0.021054686978459358,-0.39990234375,-0.0007226562593132257,-0.03195800632238388,-0.3453369140625,-2.9995605474326066,0.6212596297264099,-0.051347076701634145,-0.007177350576967001,0.25,-1.541324257850647,0.0,-0.00047936863848008215,-0.35,-0.3174684941768646,-3.1244761255808444,-3.1304802894592285,-0.003989303018897772,-0.3104506731033325,0.014216670766472816
0.4188053607940674,-23.2979679107666,0.028085937723517418,-0.39990234375,-0.0008105468587018549,-0.03195800632238388,-0.36223143339157104,-2.9995610056010875,0.6477401852607727,-0.051320304728178764,-0.00743131572380662,0.25,-1.5136754512786865,0.0,-0.0004862929927185178,-0.35,-0.3200325667858124,-3.1244850508787296,-3.13034725189209,-0.0039618792943656445,-0.28156235814094543,0.014300979673862457
0.42349696159362793,-23.2979679107666,0.028085937723517418,-0.39990234375,-0.0008105468587018549,-0.03195800632238388,-0.36223143339157104,-2.9995610056010875,0.6477401852607727,-0.051320304728178764,-0.00743131572380662,0.25,-1.5136754512786865,0.0,-0.0004862929927185178,-0.35,-0.3200325667858124,-3.1244850508787296,-3.13034725189209,-0.0039618792943656445,-0.28156235814094543,0.014300979673862457
0.42812538146972656,-23.2979679107666,0.028085937723517418,-0.39990234375,-0.0008105468587018549,-0.03195800632238388,-0.36223143339157104,-2.9995610056010875,0.6477401852607727,-0.051320304728178764,-0.00743131572380662,0.25,-1.5136754512786865,0.0,-0.0004926844849251211,-0.35,-0.32184240221977234,-3.1244850508787296,-3.130244255065918,-0.0038384771905839443,-0.25847598910331726,0.014247575774788857
0.43286871910095215,-23.2979679107666,0.03246093541383743,-0.39990234375,-0.0008593749953433871,-0.03195800632238388,-0.37220701575279236,-2.999561277542732,0.6458523273468018,-0.05130440786338726,-0.007412952836602926,0.25,-1.441188931465149,0.0,-0.0004926844849251211,-0.35,-0.32184240221977234,-3.124490350608937,-3.130244255065918,-0.0038384771905839443,-0.25847598910331726,0.014247575774788857
0.43776631355285645,-23.2979679107666,0.03246093541383743,-0.39990234375,-0.0008593749953433871,-0.03195800632238388,-0.37220701575279236,-2.999561277542732,0.6458523273468018,-0.05130440786338726,-0.007412952836602926,0.25,-1.441188931465149,0.0,-0.0005022721597924829,-0.35,-0.32397863268852234,-3.124490350608937,-3.1301071643829346,-0.0036542806774377823,-0.22905287146568298,0.014085469767451286
0.44248509407043457,-23.2979679107666,0.04218750074505806,-0.39990234375,-0.0009863281156867743,-0.03195800632238388,-0.3923876881599426,-2.9995619218606846,0.6421214938163757,-0.051266723353816615,-0.007377126254141331,0.25,-1.280182957649231,0.0,-0.0005022721597924829,-0.35,-0.32397863268852234,-3.124502913948051,-3.1301071643829346,-0.0036542806774377823,-0.22905287146568298,0.014085469767451286
0.44693493843078613,-23.2979679107666,0.04218750074505806,-0.39990234375,-0.0009863281156867743,-0.03195800632238388,-0.3923876881599426,-2.9995619218606846,0.6421214938163757,-0.051266723353816615,-0.007377126254141331,0.25,-1.280182957649231,0.0,-0.0005118592525832355,-0.35,-0.3257782459259033,-3.124502913948051,-3.1299843788146973,-0.003618505084887147,-0.21263781189918518,0.013871212489902973
0.4518547058105469,-23.2979679107666,0.049296874552965164,-0.39990234375,-0.0010839843889698386,-0.03195800632238388,-0.4061572253704071,-2.9995624028391377,0.6939460635185242,-0.05123857408142955,-0.00789726059883833,0.25,-1.3300987482070923,0.0,-0.0005225121276453137,-0.35,-0.32790276408195496,-3.12451229840847,-3.1298329830169678,-0.003694291226565838,-0.2006828486919403,0.013522423803806305
0.4565012454986572,-23.2979679107666,0.049296874552965164,-0.39990234375,-0.0010839843889698386,-0.03195800632238388,-0.4061572253704071,-2.9995624028391377,0.6939460635185242,-0.05123857408142955,-0.00789726059883833,0.25,-1.3300987482070923,0.0,-0.0005225121276453137,-0.35,-0.32790276408195496,-3.12451229840847,-3.1298329830169678,-0.003694291226565838,-0.2006828486919403,0.013522423803806305
0.4611377716064453,-23.2979679107666,0.05386718735098839,-0.39990234375,-0.0011425780830904841,-0.03195800632238388,-0.4147704839706421,-2.9995624028391377,0.7235391736030579,-0.05123857408142955,-0.008197215385735035,0.25,-1.3545235395431519,0.0,-0.0005262403865344822,-0.35,-0.32876619696617126,-3.12451229840847,-3.129770517349243,-0.0036818459630012512,-0.19489116966724396,0.013336777687072754
0.46569299697875977,-23.2979679107666,0.05386718735098839,-0.39990234375,-0.0011425780830904841,-0.03195800632238388,-0.4147704839706421,-2.9995627025680482,0.7235391736030579,-0.05122102461556226,-0.008197215385735035,0.25,-1.3545235395431519,0.0,-0.0005262403865344822,-0.35,-0.32876619696617126,-3.1245181490835465,-3.129770517349243,-0.0036818459630012512,-0.19489116966724396,0.013336777687072754
0.4704444408416748,-23.2979679107666,0.05386718735098839,-0.39990234375,-0.0011425780830904841,-0.03195800632238388,-0.4147704839706421,-2.9995627025680482,0.7235391736030579,-0.05122102461556226,-0.008197215385735035,0.25,-1.3545235395431519,0.0,-0.0005395564367063344,-0.35,-0.33112701773643494,-3.1245181490835465,-3.1295878887176514,-0.003324284916743636,-0.1675516813993454,0.012586790136992931
0.47548389434814453,-23.2979679107666,0.06511718779802322,-0.39990234375,-0.0012792968191206455,-0.03195800632238388,-0.434394508600235,-2.9995634229755037,0.7173861265182495,-0.05117881932478015,-0.008132961578667164,0.25,-1.1845009326934814,0.0,-0.0005395564367063344,-0.35,-0.33112701773643494,-3.1245322195631124,-3.1295878887176514,-0.003324284916743636,-0.1675516813993454,0.012586790136992931
0.4801962375640869,-23.2979679107666,0.06511718779802322,-0.39990234375,-0.0012792968191206455,-0.03195800632238388,-0.434394508600235,-2.9995634229755037,0.7173861265182495,-0.05117881932478015,-0.008132961578667164,0.25,-1.1845009326934814,0.0,-0.0005512743373401463,-0.35,-0.33279943466186523,-3.1245322195631124,-3.1294472217559814,-0.0030046235769987106,-0.14646370708942413,0.011911221779882908
0.4848921298980713,-23.2979679107666,0.07261718809604645,-0.39990234375,-0.0013671874767169356,-0.03195800632238388,-0.4458984136581421,-2.9995638954099983,0.7069427967071533,-0.05115112269341991,-0.008024832233786583,0.25,-1.050207257270813,0.0,-0.0005512743373401463,-0.35,-0.33279943466186523,-3.124541453116558,-3.1294472217559814,-0.0030046235769987106,-0.14646370708942413,0.011911221779882908
0.4897122383117676,-23.2979679107666,0.07261718809604645,-0.39990234375,-0.0013671874767169356,-0.03195800632238388,-0.4458984136581421,-2.9995638954099983,0.7069427967071533,-0.05115112269341991,-0.008024832233786583,0.25,-1.050207257270813,0.0,-0.0005512743373401463,-0.35,-0.33279943466186523,-3.124541453116558,-3.1294472217559814,-0.0030046235769987106,-0.14646370708942413,0.011911221779882908
0.49437952041625977,-23.2979679107666,0.07718750089406967,-0.39990234375,-0.0014257811708375812,-0.03195800632238388,-0.45247557759284973,-2.9995641940376134,0.7138116955757141,-0.0511336078082021,-0.008096813224256039,0.25,-1.007236361503601,0.0,-0.0005603290628641844,-0.35,-0.33397361636161804,-3.1245472922601656,-3.1293439865112305,-0.0029310642275959253,-0.1364518254995346,0.011415936052799225
0.49894213676452637,-23.2979679107666,0.07718750089406967,-0.39990234375,-0.0014257811708375812,-0.03195800632238388,-0.45247557759284973,-2.9995641940376134,0.7138116955757141,-0.0511336078082021,-0.008096813224256039,0.25,-1.007236361503601,0.0,-0.0005603290628641844,-0.35,-0.33397361636161804,-3.1245472922601656,-3.1293439865112305,-0.0029310642275959253,-0.1364518254995346,0.011415936052799225
0.5035831928253174,-23.2979679107666,0.07718750089406967,-0.39990234375,-0.0014257811708375812,-0.03195800632238388,-0.45247557759284973,-2.9995641940376134,0.7138116955757141,-0.0511336078082021,-0.008096813224256039,0.25,-1.007236361503601,0.0,-0.0005688507226295769,-0.35,-0.33516108989715576,-3.1245472922601656,-3.1292366981506348,-0.002879582578316331,-0.12640057504177094,0.010854428634047508
0.5081436634063721,-23.2979679107666,0.08867187052965164,-0.39990234375,-0.0015624999068677425,-0.03195800632238388,-0.4676171839237213,-2.9995649205012023,0.7562676072120667,-0.05109097472760356,-0.008547107689082623,0.25,-0.9770994186401367,0.0,-0.0005747100804001093,-0.35,-0.3362032175064087,-3.124561505350027,-3.1291418075561523,-0.0031117252074182034,-0.12400185316801071,0.010442196391522884
0.512580394744873,-23.2979679107666,0.08867187052965164,-0.39990234375,-0.0015624999068677425,-0.03195800632238388,-0.4676171839237213,-2.9995649205012023,0.7562676072120667,-0.05109097472760356,-0.008547107689082623,0.25,-0.9770994186401367,0.0,-0.0005747100804001093,-0.35,-0.3362032175064087,-3.124561505350027,-3.1291418075561523,-0.0031117252074182034,-0.12400185316801071,0.010442196391522884
0.5174634456634521,-23.2979679107666,0.0971093699336052,-0.39990234375,-0.001660156180150807,-0.03195800632238388,-0.47823241353034973,-2.999565447302007,0.7933592796325684,-0.051060036740204456,-0.008945201523602009,0.25,-0.9763486385345459,0.0,-0.0005779059138149023,-0.35,-0.3372788429260254,-3.124571819507414,-3.1290454864501953,-0.003357791341841221,-0.12010115385055542,0.010044788010418415
0.5222392082214355,-23.2979679107666,0.0971093699336052,-0.39990234375,-0.001660156180150807,-0.03195800632238388,-0.47823241353034973,-2.999565447302007,0.7933592796325684,-0.051060036740204456,-0.008945201523602009,0.25,-0.9763486385345459,0.0,-0.0005779059138149023,-0.35,-0.3372788429260254,-3.124571819507414,-3.1290454864501953,-0.003357791341841221,-0.12010115385055542,0.010044788010418415
0.526801586151123,-23.2979679107666,0.0971093699336052,-0.39990234375,-0.001660156180150807,-0.03195800632238388,-0.47823241353034973,-2.999565447302007,0.7933592796325684,-0.051060036740204456,-0.008945201523602009,0.25,-0.9763486385345459,0.0,-0.0005779059720225632,-0.35,-0.3382863700389862,-3.124571819507414,-3.128955125808716,-0.0035277437418699265,-0.11511500924825668,0.009715584106743336
0.5313913822174072,-23.2979679107666,0.10406249761581421,-0.39990234375,-0.0017382812220603228,-0.03195800632238388,-0.48656249046325684,-2.999565875774593,0.8160057663917542,-0.05103485954324674,-0.009190245531499386,0.25,-0.9569239020347595,0.0,-0.0005779059720225632,-0.35,-0.3382863700389862,-3.124580213121623,-3.128955125808716,-0.0035277437418699265,-0.11511500924825668,0.009715584106743336
0.5359635353088379,-23.2979679107666,0.10406249761581421,-0.39990234375,-0.0017382812220603228,-0.03195800632238388,-0.48656249046325684,-2.999565875774593,0.8160057663917542,-0.05103485954324674,-0.009190245531499386,0.25,-0.9569239020347595,0.0,-0.0005768408882431686,-0.35,-0.3392467498779297,-3.124580213121623,-3.1288657188415527,-0.003393196500837803,-0.10471023619174957,0.009287982247769833
0.5406978130340576,-23.2979679107666,0.1146874949336052,-0.39990234375,-0.0018554687267169356,-0.03195800632238388,-0.49766111373901367,-2.9995665248411467,0.8019806742668152,-0.05099669648521707,-0.009036444127559662,0.25,-0.7887100577354431,0.0,-0.0005768408882431686,-0.35,-0.3392467498779297,-3.12459293598069,-3.1288657188415527,-0.003393196500837803,-0.10471023619174957,0.009287982247769833
0.5453262329101562,-23.2979679107666,0.1146874949336052,-0.39990234375,-0.0018554687267169356,-0.03195800632238388,-0.49766111373901367,-2.9995665248411467,0.8019806742668152,-0.05099669648521707,-0.009036444127559662,0.25,-0.7887100577354431,0.0,-0.0005757756880484521,-0.35,-0.3399181365966797,-3.12459293598069,-3.128800630569458,-0.0034729735925793648,-0.09946087002754211,0.009062404744327068
0.5499818325042725,-23.2979679107666,0.12394531071186066,-0.39990234375,-0.001953125,-0.03195800632238388,-0.5061278939247131,-2.9995670798288776,0.8202412128448486,-0.05096404229315832,-0.00923932809382677,0.25,-0.7281110286712646,0.0,-0.0005725796800106764,-0.35,-0.3407803475856781,-3.12460382228335,-3.1287155151367188,-0.003719532862305641,-0.09586779028177261,0.008855946362018585
0.5546128749847412,-23.2979679107666,0.12394531071186066,-0.39990234375,-0.001953125,-0.03195800632238388,-0.5061278939247131,-2.9995670798288776,0.8202412128448486,-0.05096404229315832,-0.00923932809382677,0.25,-0.7281110286712646,0.0,-0.0005725796800106764,-0.35,-0.3407803475856781,-3.12460382228335,-3.1287155151367188,-0.003719532862305641,-0.09586779028177261,0.008855946362018585
0.5592572689056396,-23.2979679107666,0.13078124821186066,-0.39990234375,-0.002031249925494194,-0.03195800632238388,-0.5121386647224426,-2.9995675021966717,0.8557045459747314,-0.05093917711958072,-0.00963655300438404,0.25,-0.7482787370681763,0.0,-0.0005661881295964122,-0.35,-0.3415587842464447,-3.124612111870202,-3.128638744354248,-0.004061056300997734,-0.09593400359153748,0.008685638196766376
0.5638949871063232,-23.2979679107666,0.13078124821186066,-0.39990234375,-0.002031249925494194,-0.03195800632238388,-0.5121386647224426,-2.9995675021966717,0.8557045459747314,-0.05093917711958072,-0.00963655300438404,0.25,-0.7482787370681763,0.0,-0.0005661881295964122,-0.35,-0.3415587842464447,-3.124612111870202,-3.128638744354248,-0.004061056300997734,-0.09593400359153748,0.008685638196766376
0.5684716701507568,-23.2979679107666,0.13078124821186066,-0.39990234375,-0.002031249925494194,-0.03195800632238388,-0.5121386647224426,-2.9995675021966717,0.8557045459747314,-0.05093917711958072,-0.00963655300438404,0.25,-0.7482787370681763,0.0,-0.0005555352545343339,-0.35,-0.34240639209747314,-3.124612111870202,-3.128556728363037,-0.0041872612200677395,-0.09275548905134201,0.008442714810371399
0.5731534957885742,-23.2979679107666,0.1403515636920929,-0.39990234375,-0.0021386719308793545,-0.03195800632238388,-0.5202783346176147,-2.9995680885119214,0.8933314085006714,-0.05090464007277158,-0.010061349719762802,0.25,-0.7485187649726868,0.0,-0.0005555352545343339,-0.35,-0.34240639209747314,-3.1246236258779407,-3.128556728363037,-0.0041872612200677395,-0.09275548905134201,0.008442714810371399
0.5778791904449463,-23.2979679107666,0.1403515636920929,-0.39990234375,-0.0021386719308793545,-0.03195800632238388,-0.5202783346176147,-2.9995680885119214,0.8933314085006714,-0.05090464007277158,-0.010061349719762802,0.25,-0.7485187649726868,0.0,-0.0005464807036332786,-0.35,-0.34313318133354187,-3.1246236258779407,-3.1284849643707275,-0.004088092595338821,-0.08736631274223328,0.008182437159121037
0.5825982093811035,-23.2979679107666,0.15031249821186066,-0.39990234375,-0.002236328087747097,-0.03195800632238388,-0.5280078053474426,-2.999568667138658,0.8969773054122925,-0.05087053292443673,-0.010102411732077599,0.25,-0.6507356762886047,0.0,-0.0005464807036332786,-0.35,-0.34313318133354187,-3.124634996563332,-3.1284849643707275,-0.004088092595338821,-0.08736631274223328,0.008182437159121037
0.5874011516571045,-23.2979679107666,0.15031249821186066,-0.39990234375,-0.002236328087747097,-0.03195800632238388,-0.5280078053474426,-2.999568667138658,0.8969773054122925,-0.05087053292443673,-0.010102411732077599,0.25,-0.6507356762886047,0.0,-0.0005368930869735777,-0.35,-0.34384462237358093,-3.124634996563332,-3.1284117698669434,-0.0038302657194435596,-0.0797915980219841,0.00786092970520258
0.5920424461364746,-23.2979679107666,0.15949217975139618,-0.39990234375,-0.0023339842446148396,-0.03195800632238388,-0.5339794754981995,-2.999569216199912,0.8997991681098938,-0.05083814734867625,-0.010135526768863201,0.25,-0.5578097105026245,0.0,-0.0005368930869735777,-0.35,-0.34384462237358093,-3.1246457933065943,-3.1284117698669434,-0.0038302657194435596,-0.0797915980219841,0.00786092970520258
0.5965883731842041,-23.2979679107666,0.15949217975139618,-0.39990234375,-0.0023339842446148396,-0.03195800632238388,-0.5339794754981995,-2.999569216199912,0.8997991681098938,-0.05083814734867625,-0.010135526768863201,0.25,-0.5578097105026245,0.0,-0.0005310343694873154,-0.35,-0.3443394601345062,-3.1246457933065943,-3.1283583641052246,-0.0037459644954651594,-0.07579807937145233,0.0076383305713534355
0.6012179851531982,-23.2979679107666,0.15949217975139618,-0.39990234375,-0.0023339842446148396,-0.03195800632238388,-0.5339794754981995,-2.999569216199912,0.8997991681098938,-0.05083814734867625,-0.010135526768863201,0.25,-0.5578097105026245,0.0,-0.0005310343694873154,-0.35,-0.3443394601345062,-3.1246457933065943,-3.1283583641052246,-0.0037459644954651594,-0.07579807937145233,0.0076383305713534355
0.6058447360992432,-23.2979679107666,0.17003905773162842,-0.39990234375,-0.0024511718656867743,-0.03195800632238388,-0.5410058498382568,-2.9995698568674922,0.9797535538673401,-0.05080033239981314,-0.01107065100222826,0.25,-0.6733217239379883,0.0,-0.0005129247438162565,-0.35,-0.34520718455314636,-3.1246584000984696,-3.128270149230957,-0.00453370064496994,-0.0801103338599205,0.007482759654521942
0.6104950904846191,-23.2979679107666,0.17003905773162842,-0.39990234375,-0.0024511718656867743,-0.03195800632238388,-0.5410058498382568,-2.9995698568674922,0.9797535538673401,-0.05080033239981314,-0.01107065100222826,0.25,-0.6733217239379883,0.0,-0.00049108691746369,-0.35,-0.34601354598999023,-3.1246584000984696,-3.128187417984009,-0.005059212911874056,-0.07632456719875336,0.007623174227774143
0.6152923107147217,-23.2979679107666,0.1805078089237213,-0.39990234375,-0.002558593638241291,-0.03195800632238388,-0.5484570264816284,-2.9995704725169374,1.0440994501113892,-0.05076396758051968,-0.011833532713353634,0.25,-0.7521896958351135,0.0,-0.00049108691746369,-0.35,-0.34601354598999023,-3.1246705234419143,-3.128187417984009,-0.005059212911874056,-0.07632456719875336,0.007623174227774143
0.620013952255249,-23.2979679107666,0.1805078089237213,-0.39990234375,-0.002558593638241291,-0.03195800632238388,-0.5484570264816284,-2.9995704725169374,1.0440994501113892,-0.05076396758051968,-0.011833532713353634,0.25,-0.7521896958351135,0.0,-0.00049108691746369,-0.35,-0.34601354598999023,-3.1246705234419143,-3.128187417984009,-0.005059212911874056,-0.07632456719875336,0.007623174227774143
0.6246261596679688,-23.2979679107666,0.19242186844348907,-0.39990234375,-0.0026953124906867743,-0.03195800632238388,-0.5569775104522705,-2.9995712031875437,1.0869734287261963,-0.05072077491551527,-0.012348209507763386,0.25,-0.7630445957183838,0.0,-0.00047084662946872413,-0.35,-0.3466397523880005,-3.1246849230568388,-3.128115177154541,-0.005088991019874811,-0.06837527453899384,0.007807500660419464
0.6292850971221924,-23.2979679107666,0.19242186844348907,-0.39990234375,-0.0026953124906867743,-0.03195800632238388,-0.5569775104522705,-2.9995712031875437,1.0869734287261963,-0.05072077491551527,-0.012348209507763386,0.25,-0.7630445957183838,0.0,-0.00046125942026264966,-0.35,-0.34693285822868347,-3.1246849230568388,-3.128077507019043,-0.00499500147998333,-0.06379984319210052,0.007899671792984009
0.6339213848114014,-23.2979679107666,0.19242186844348907,-0.39990234375,-0.0026953124906867743,-0.03195800632238388,-0.5569775104522705,-2.9995712031875437,1.0869734287261963,-0.05072077491551527,-0.012348209507763386,0.25,-0.7630445957183838,0.0,-0.00046125942026264966,-0.35,-0.34693285822868347,-3.1246849230568388,-3.128077507019043,-0.00499500147998333,-0.06379984319210052,0.007899671792984009
0.638491153717041,-23.2979679107666,0.20644530653953552,-0.39990234375,-0.0028515623416751623,-0.03195800632238388,-0.5656152367591858,-2.999572051403492,1.0757046937942505,-0.05067058751432284,-0.012209722772240639,0.25,-0.6061294674873352,0.0,-0.0004388889065012336,-0.35,-0.34764036536216736,-3.1247016545796784,-3.1279690265655518,-0.004433242604136467,-0.051245905458927155,0.007902548648416996
0.6431553363800049,-23.2979679107666,0.20644530653953552,-0.39990234375,-0.0028515623416751623,-0.03195800632238388,-0.5656152367591858,-2.999572051403492,1.0757046937942505,-0.05067058751432284,-0.012209722772240639,0.25,-0.6061294674873352,0.0,-0.0004388889065012336,-0.35,-0.34764036536216736,-3.1247016545796784,-3.1279690265655518,-0.004433242604136467,-0.051245905458927155,0.007902548648416996
0.647911548614502,-23.2979679107666,0.2176171839237213,-0.39990234375,-0.0029785155784338713,-0.03195800632238388,-0.5709765553474426,-2.99957273114606,1.0656594038009644,-0.05063033245957191,-0.012085971422493458,0.25,-0.4763721823692322,0.0,-0.00042717091855593026,-0.35,-0.348038911819458,-3.124715074844136,-3.1278984546661377,-0.004104427061975002,-0.04496590048074722,0.007800137158483267
0.6523866653442383,-23.2979679107666,0.2176171839237213,-0.39990234375,-0.0029785155784338713,-0.03195800632238388,-0.5709765553474426,-2.99957273114606,1.0656594038009644,-0.05063033245957191,-0.012085971422493458,0.25,-0.4763721823692322,0.0,-0.00042717091855593026,-0.35,-0.348038911819458,-3.124715074844136,-3.1278984546661377,-0.004104427061975002,-0.04496590048074722,0.007800137158483267
0.6572754383087158,-23.2979679107666,0.22941406071186066,-0.39990234375,-0.003115234198048711,-0.03195800632238388,-0.5762402415275574,-2.999573453354695,1.114277720451355,-0.05058752741330178,-0.012693202123045921,0.25,-0.5058323740959167,0.0,-0.00041705090552568436,-0.35,-0.34839388728141785,-3.1247293452236042,-3.127828598022461,-0.004041245207190514,-0.040737032890319824,0.007738033775240183
0.6619701385498047,-23.2979679107666,0.22941406071186066,-0.39990234375,-0.003115234198048711,-0.03195800632238388,-0.5762402415275574,-2.999573453354695,1.114277720451355,-0.05058752741330178,-0.012693202123045921,0.25,-0.5058323740959167,0.0,-0.0004111923626624048,-0.35,-0.34856483340263367,-3.1247293452236042,-3.127793550491333,-0.004093199037015438,-0.03930385783314705,0.007717394270002842
0.66650390625,-23.2979679107666,0.24156250059604645,-0.39990234375,-0.003251953050494194,-0.03195800632238388,-0.5816650390625,-2.999573453354695,1.1523792743682861,-0.05058752741330178,-0.013172854669392109,0.25,-0.5077340006828308,0.0,-0.0004111923626624048,-0.35,-0.34856483340263367,-3.1247293452236042,-3.127793550491333,-0.004093199037015438,-0.03930385783314705,0.007717394270002842
0.6715278625488281,-23.2979679107666,0.24156250059604645,-0.39990234375,-0.003251953050494194,-0.03195800632238388,-0.5816650390625,-2.9995741869469867,1.1523792743682861,-0.05054401053855984,-0.013172854669392109,0.25,-0.5077340006828308,0.0,-0.000394680566387251,-0.35,-0.34906205534935,-3.124743852909479,-3.1276776790618896,-0.003901819698512554,-0.03251858800649643,0.007584014441817999
0.6761553287506104,-23.2979679107666,0.2533593773841858,-0.39990234375,-0.0033886719029396772,-0.03195800632238388,-0.5864648222923279,-2.9995741869469867,1.1621973514556885,-0.05054401053855984,-0.013297230936586857,0.25,-0.4362753927707672,0.0,-0.000394680566387251,-0.35,-0.34906205534935,-3.124743852909479,-3.1276776790618896,-0.003901819698512554,-0.03251858800649643,0.007584014441817999
0.6809580326080322,-23.2979679107666,0.2533593773841858,-0.39990234375,-0.0033886719029396772,-0.03195800632238388,-0.5864648222923279,-2.9995749064642703,1.1621973514556885,-0.050501292160329975,-0.013297230936586857,0.25,-0.4362753927707672,0.0,-0.00038562557892873883,-0.35,-0.3493114709854126,-3.1247580943885835,-3.127610206604004,-0.003734058700501919,-0.028590120375156403,0.007516813930124044
0.6856427192687988,-23.2979679107666,0.2533593773841858,-0.39990234375,-0.0033886719029396772,-0.03195800632238388,-0.5864648222923279,-2.9995749064642703,1.1621973514556885,-0.050501292160329975,-0.013297230936586857,0.25,-0.4362753927707672,0.0,-0.00038562557892873883,-0.35,-0.3493114709854126,-3.1247580943885835,-3.127610206604004,-0.003734058700501919,-0.028590120375156403,0.007516813930124044
0.6905515193939209,-23.2979679107666,0.2667578160762787,-0.39990234375,-0.0035546873696148396,-0.03195800632238388,-0.5905908346176147,-2.99957574503246,1.1615670919418335,-0.050451459968608926,-0.013289213180541992,0.25,-0.32241126894950867,0.0,-0.00037816885742358863,-0.35,-0.3495199382305145,-3.124774707470873,-3.1275477409362793,-0.0036406719591468573,-0.025584686547517776,0.007433904800564051
0.6951479911804199,-23.2979679107666,0.2667578160762787,-0.39990234375,-0.0035546873696148396,-0.03195800632238388,-0.5905908346176147,-2.99957574503246,1.1615670919418335,-0.050451459968608926,-0.013289213180541992,0.25,-0.32241126894950867,0.0,-0.00037816885742358863,-0.35,-0.3495199382305145,-3.124774707470873,-3.1275477409362793,-0.0036406719591468573,-0.025584686547517776,0.007433904800564051
0.6997110843658447,-23.2979679107666,0.2796093821525574,-0.39990234375,-0.003701171837747097,-0.03195800632238388,-0.5945361256599426,-2.9995765204419698,1.2258728742599487,-0.050405337150416576,-0.014123091474175453,0.25,-0.3958796262741089,0.0,-0.0003744405403267592,-0.35,-0.34962189197540283,-3.1247900839161273,-3.127516031265259,-0.0036802832037210464,-0.02465200051665306,0.0073858569376170635
0.7043735980987549,-23.2979679107666,0.2796093821525574,-0.39990234375,-0.003701171837747097,-0.03195800632238388,-0.5945361256599426,-2.9995765204419698,1.2258728742599487,-0.050405337150416576,-0.014123091474175453,0.25,-0.3958796262741089,0.0,-0.0003744405403267592,-0.35,-0.34962189197540283,-3.1247900839161273,-3.127516031265259,-0.0036802832037210464,-0.02465200051665306,0.0073858569376170635
0.7090094089508057,-23.2979679107666,0.2796093821525574,-0.39990234375,-0.003701171837747097,-0.03195800632238388,-0.5945361256599426,-2.9995765204419698,1.2258728742599487,-0.050405337150416576,-0.014123091474175453,0.25,-0.3958796262741089,0.0,-0.00035526571446098387,-0.35,-0.3499680459499359,-3.1247900839161273,-3.1274054050445557,-0.004020004533231258,-0.023389864712953568,0.007169933058321476
0.7139139175415039,-23.2979679107666,0.2917187511920929,-0.39990234375,-0.003847656073048711,-0.03195800632238388,-0.5986669659614563,-2.9995772677046957,1.2777241468429565,-0.05036084857538457,-0.014802004210650921,0.25,-0.4452727437019348,0.0,-0.0003467437927611172,-0.35,-0.3501056134700775,-3.1248049155329194,-3.127358913421631,-0.003937519155442715,-0.02162155881524086,0.0070551359094679356
0.7183701992034912,-23.2979679107666,0.2917187511920929,-0.39990234375,-0.003847656073048711,-0.03195800632238388,-0.5986669659614563,-2.9995772677046957,1.2777241468429565,-0.05036084857538457,-0.014802004210650921,0.25,-0.4452727437019348,0.0,-0.0003467437927611172,-0.35,-0.3501056134700775,-3.1248049155329194,-3.127358913421631,-0.003937519155442715,-0.02162155881524086,0.0070551359094679356
0.7232263088226318,-23.2979679107666,0.30546873807907104,-0.39990234375,-0.003994140308350325,-0.03195800632238388,-0.6034277081489563,-2.999578072190279,1.3146998882293701,-0.050312909230610395,-0.015290074981749058,0.25,-0.4448661804199219,0.0,-0.0003467437927611172,-0.35,-0.3501056134700775,-3.124820897564408,-3.127358913421631,-0.003937519155442715,-0.02162155881524086,0.0070551359094679356
0.7276604175567627,-23.2979679107666,0.30546873807907104,-0.39990234375,-0.003994140308350325,-0.03195800632238388,-0.6034277081489563,-2.999578072190279,1.3146998882293701,-0.050312909230610395,-0.015290074981749058,0.25,-0.4448661804199219,0.0,-0.00033342771348543465,-0.35,-0.35031387209892273,-3.124820897564408,-3.1272783279418945,-0.0036430906038731337,-0.017582150176167488,0.006852070800960064
0.7323546409606934,-23.2979679107666,0.30546873807907104,-0.39990234375,-0.003994140308350325,-0.03195800632238388,-0.6034277081489563,-2.999578072190279,1.3146998882293701,-0.050312909230610395,-0.015290074981749058,0.25,-0.4448661804199219,0.0,-0.00033342771348543465,-0.35,-0.35031387209892273,-3.124820897564408,-3.1272783279418945,-0.0036430906038731337,-0.017582150176167488,0.006852070800960064
0.7368714809417725,-23.2979679107666,0.3223046660423279,-0.39990234375,-0.004189453087747097,-0.03195800632238388,-0.6080957055091858,-2.9995790888428933,1.310956358909607,-0.05025226140622342,-0.015239103697240353,0.25,-0.3112998902797699,0.0,-0.0003254382172599435,-0.35,-0.35043609142303467,-3.1248411163460657,-3.1272201538085938,-0.00337070575915277,-0.014098411425948143,0.006693115923553705
0.7415332794189453,-23.2979679107666,0.3223046660423279,-0.39990234375,-0.004189453087747097,-0.03195800632238388,-0.6080957055091858,-2.9995790888428933,1.310956358909607,-0.05025226140622342,-0.015239103697240353,0.25,-0.3112998902797699,0.0,-0.00031904689967632294,-0.35,-0.3505333364009857,-3.1248411163460657,-3.127164602279663,-0.003180061001330614,-0.011590494774281979,0.006556800100952387
0.7462649345397949,-23.2979679107666,0.3355468809604645,-0.39990234375,-0.004345702938735485,-0.03195800632238388,-0.6103954911231995,-2.99957989218888,1.3002078533172607,-0.05020428643201964,-0.015094101428985596,0.25,-0.18429061770439148,0.0,-0.00031904689967632294,-0.35,-0.3505333364009857,-3.1248571102459954,-3.127164602279663,-0.003180061001330614,-0.011590494774281979,0.006556800100952387
0.750922679901123,-23.2979679107666,0.3355468809604645,-0.39990234375,-0.004345702938735485,-0.03195800632238388,-0.6103954911231995,-2.99957989218888,1.3002078533172607,-0.05020428643201964,-0.015094101428985596,0.25,-0.18429061770439148,0.0,-0.0003105247742496431,-0.35,-0.3506415784358978,-3.1248571102459954,-3.1270928382873535,-0.003123224712908268,-0.009579689241945744,0.006357715465128422
0.7556283473968506,-23.2979679107666,0.3494921922683716,-0.39990234375,-0.004511718638241291,-0.03195800632238388,-0.6123876571655273,-2.9995807395046543,1.3403581380844116,-0.05015363588725191,-0.015637952834367752,0.25,-0.19284439086914062,0.0,-0.0003105247742496431,-0.35,-0.3506415784358978,-3.1248739961231626,-3.1270928382873535,-0.003123224712908268,-0.009579689241945744,0.006357715465128422
0.7602570056915283,-23.2979679107666,0.3494921922683716,-0.39990234375,-0.004511718638241291,-0.03195800632238388,-0.6123876571655273,-2.9995807395046543,1.3403581380844116,-0.05015363588725191,-0.015637952834367752,0.25,-0.19284439086914062,0.0,-0.0003105247742496431,-0.35,-0.3506415784358978,-3.1248739961231626,-3.1270928382873535,-0.003123224712908268,-0.009579689241945744,0.006357715465128422
0.7650613784790039,-23.2979679107666,0.3675781190395355,-0.39990234375,-0.004726562183350325,-0.03195800632238388,-0.6148095726966858,-2.9995818346616083,1.3786686658859253,-0.05008809407535333,-0.01616017334163189,0.25,-0.17073330283164978,0.0,-0.0003051979001611471,-0.35,-0.350702166557312,-3.124895846443465,-3.1270482540130615,-0.003142416011542082,-0.008760171942412853,0.00622324924916029
0.7699747085571289,-23.2979679107666,0.3675781190395355,-0.39990234375,-0.004726562183350325,-0.03195800632238388,-0.6148095726966858,-2.9995818346616083,1.3786686658859253,-0.05008809407535333,-0.01616017334163189,0.25,-0.17073330283164978,0.0,-0.0002956107200589031,-0.35,-0.35078129172325134,-3.124895846443465,-3.1269795894622803,-0.003061792580410838,-0.007011889014393091,0.006000260356813669
0.774432897567749,-23.2979679107666,0.3675781190395355,-0.39990234375,-0.004726562183350325,-0.03195800632238388,-0.6148095726966858,-2.9995818346616083,1.3786686658859253,-0.05008809407535333,-0.01616017334163189,0.25,-0.17073330283164978,0.0,-0.0002956107200589031,-0.35,-0.35078129172325134,-3.124895846443465,-3.1269795894622803,-0.003061792580410838,-0.007011889014393091,0.006000260356813669
0.7792394161224365,-23.2979679107666,0.37882810831069946,-0.39990234375,-0.0048632812686264515,-0.03195800632238388,-0.616162121295929,-2.999582520825718,1.4079073667526245,-0.05004698549194567,-0.016562286764383316,0.25,-0.1732541173696518,0.0,-0.0002860231325030327,-0.35,-0.3508486747741699,-3.12490955121332,-3.126913070678711,-0.0030449447222054005,-0.005943867843598127,0.005778579507023096
0.783921480178833,-23.2979679107666,0.37882810831069946,-0.39990234375,-0.0048632812686264515,-0.03195800632238388,-0.616162121295929,-2.999582520825718,1.4079073667526245,-0.05004698549194567,-0.016562286764383316,0.25,-0.1732541173696518,0.0,-0.0002860231325030327,-0.35,-0.3508486747741699,-3.12490955121332,-3.126913070678711,-0.0030449447222054005,-0.005943867843598127,0.005778579507023096
0.7884902954101562,-23.2979679107666,0.3966015577316284,-0.39990234375,-0.0050683594308793545,-0.03195800632238388,-0.6183300614356995,-2.9995835793708236,1.448068618774414,-0.04998350096699381,-0.017117725685238838,0.25,-0.16408321261405945,0.0,-0.00027856684755533934,-0.35,-0.3508930206298828,-3.1249307156631416,-3.126863718032837,-0.00296721700578928,-0.005100797396153212,0.0056055705063045025
0.7930917739868164,-23.2979679107666,0.3966015577316284,-0.39990234375,-0.0050683594308793545,-0.03195800632238388,-0.6183300614356995,-2.9995835793708236,1.448068618774414,-0.04998350096699381,-0.017117725685238838,0.25,-0.16408321261405945,0.0,-0.00027856684755533934,-0.35,-0.3508930206298828,-3.1249307156631416,-3.126863718032837,-0.00296721700578928,-0.005100797396153212,0.0056055705063045025
0.7978899478912354,-23.2979679107666,0.4053124785423279,-0.39990234375,-0.005166015587747097,-0.03195800632238388,-0.6191601157188416,-2.999584091089832,1.4547725915908813,-0.049952782512954264,-0.017210764810442924,0.25,-0.12524402141571045,0.0,-0.0002753710141405463,-0.35,-0.35091134905815125,-3.124940956568456,-3.1268420219421387,-0.0029151029884815216,-0.004721888341009617,0.005527148023247719
0.8025374412536621,-23.2979679107666,0.4053124785423279,-0.39990234375,-0.005166015587747097,-0.03195800632238388,-0.6191601157188416,-2.999584091089832,1.4547725915908813,-0.049952782512954264,-0.017210764810442924,0.25,-0.12524402141571045,0.0,-0.0002753710141405463,-0.35,-0.35091134905815125,-3.124940956568456,-3.1268420219421387,-0.0029151029884815216,-0.004721888341009617,0.005527148023247719
0.8072159290313721,-23.2979679107666,0.4053124785423279,-0.39990234375,-0.005166015587747097,-0.03195800632238388,-0.6191601157188416,-2.999584091089832,1.4547725915908813,-0.049952782512954264,-0.017210764810442924,0.25,-0.12524402141571045,0.0,-0.0002652506227605045,-0.35,-0.35095763206481934,-3.124940956568456,-3.126772165298462,-0.002710268832743168,-0.0034401901066303253,0.005267113447189331
0.8117828369140625,-23.2979679107666,0.42628905177116394,-0.39990234375,-0.005410156212747097,-0.03195800632238388,-0.6198437213897705,-2.9995853393877447,1.4718958139419556,-0.04987776789419758,-0.01745060831308365,0.25,-0.034422263503074646,0.0,-0.0002652506227605045,-0.35,-0.35095763206481934,-3.1249659649032338,-3.126772165298462,-0.002710268832743168,-0.0034401901066303253,0.005267113447189331
0.8163442611694336,-23.2979679107666,0.42628905177116394,-0.39990234375,-0.005410156212747097,-0.03195800632238388,-0.6198437213897705,-2.9995853393877447,1.4718958139419556,-0.04987776789419758,-0.01745060831308365,0.25,-0.034422263503074646,0.0,-0.00025832653045654297,-0.35,-0.3509865999221802,-3.1249659649032338,-3.1267240047454834,-0.0026904421392828226,-0.003204906126484275,0.005080056376755238
0.8210606575012207,-23.2979679107666,0.4441796839237213,-0.39990234375,-0.005624999757856131,-0.03195800632238388,-0.6203222274780273,-2.999586414707335,1.5198664665222168,-0.049813057557195145,-0.01812748983502388,0.25,-0.051890209317207336,0.0,-0.00025832653045654297,-0.35,-0.3509865999221802,-3.1249875379935377,-3.1267240047454834,-0.0026904421392828226,-0.003204906126484275,0.005080056376755238
0.8256649971008301,-23.2979679107666,0.4441796839237213,-0.39990234375,-0.005624999757856131,-0.03195800632238388,-0.6203222274780273,-2.999586414707335,1.5198664665222168,-0.049813057557195145,-0.01812748983502388,0.25,-0.051890209317207336,0.0,-0.0002498048124834895,-0.35,-0.35101568698883057,-3.1249875379935377,-3.126673936843872,-0.002701268997043371,-0.0031218689400702715,0.004880966618657112
0.8304369449615479,-23.2979679107666,0.453125,-0.39990234375,-0.005742187146097422,-0.03195800632238388,-0.6207568049430847,-2.999586971699417,1.5513334274291992,-0.04977950593490844,-0.018573693931102753,0.25,-0.08267299830913544,0.0,-0.000244477967498824,-0.35,-0.35103365778923035,-3.124998723408636,-3.1266441345214844,-0.002705237129703164,-0.003034482477232814,0.004757076967507601
0.8350458145141602,-23.2979679107666,0.453125,-0.39990234375,-0.005742187146097422,-0.03195800632238388,-0.6207568049430847,-2.999586971699417,1.5513334274291992,-0.04977950593490844,-0.018573693931102753,0.25,-0.08267299830913544,0.0,-0.000244477967498824,-0.35,-0.35103365778923035,-3.124998723408636,-3.1266441345214844,-0.002705237129703164,-0.003034482477232814,0.004757076967507601
0.8398044109344482,-23.2979679107666,0.453125,-0.39990234375,-0.005742187146097422,-0.03195800632238388,-0.6207568049430847,-2.999586971699417,1.5513334274291992,-0.04977950593490844,-0.018573693931102753,0.25,-0.08267299830913544,0.0,-0.000244477967498824,-0.35,-0.35103365778923035,-3.124998723408636,-3.1266441345214844,-0.002705237129703164,-0.003034482477232814,0.004757076967507601
0.8444466590881348,-23.2979679107666,0.4782812297344208,-0.39990234375,-0.0060449219308793545,-0.03195800632238388,-0.6222997903823853,-2.9995884777962383,1.6096868515014648,-0.04968866945336263,-0.019404958933591843,0.25,-0.09198558330535889,0.0,-0.00023169499763753265,-0.35,-0.35106489062309265,-3.1250290063974577,-3.1265764236450195,-0.0025013918057084084,-0.0018797575030475855,0.004461128730326891
0.8490378856658936,-23.2979679107666,0.4782812297344208,-0.39990234375,-0.0060449219308793545,-0.03195800632238388,-0.6222997903823853,-2.9995884777962383,1.6096868515014648,-0.04968866945336263,-0.019404958933591843,0.25,-0.09198558330535889,0.0,-0.00023169499763753265,-0.35,-0.35106489062309265,-3.1250290063974577,-3.1265764236450195,-0.0025013918057084084,-0.0018797575030475855,0.004461128730326891
0.8536524772644043,-23.2979679107666,0.4959374964237213,-0.39990234375,-0.006269531324505806,-0.03195800632238388,-0.6229052543640137,-2.9995895566248785,1.6222797632217407,-0.049623500349781524,-0.019585102796554565,0.25,-0.022942496463656425,0.0,-0.00022477084712591022,-0.35,-0.3510763347148895,-3.1250507324083228,-3.126537322998047,-0.0023531783372163773,-0.0010909835109487176,0.004294785670936108
0.8582091331481934,-23.2979679107666,0.4959374964237213,-0.39990234375,-0.006269531324505806,-0.03195800632238388,-0.6229052543640137,-2.9995895566248785,1.6222797632217407,-0.049623500349781524,-0.019585102796554565,0.25,-0.022942496463656425,0.0,-0.0002189121296396479,-0.35,-0.35108229517936707,-3.1250507324083228,-3.1265008449554443,-0.002194176195189357,-0.00045693840365856886,0.004137001466006041
0.862957239151001,-23.2979679107666,0.5051953196525574,-0.39990234375,-0.006386718712747097,-0.03195800632238388,-0.622802734375,-2.9995901198744805,1.6196168661117554,-0.04958944193473867,-0.01954629085958004,0.25,0.03847344219684601,0.0,-0.0002189121296396479,-0.35,-0.35108229517936707,-3.1250620867657113,-3.1265008449554443,-0.002194176195189357,-0.00045693840365856886,0.004137001466006041
0.8675405979156494,-23.2979679107666,0.5051953196525574,-0.39990234375,-0.006386718712747097,-0.03195800632238388,-0.622802734375,-2.9995901198744805,1.6196168661117554,-0.04958944193473867,-0.01954629085958004,0.25,0.03847344219684601,0.0,-0.00021252050646580756,-0.35,-0.35108137130737305,-3.1250620867657113,-3.126458168029785,-0.0020881991367787123,0.0002862104738596827,0.00395132414996624
0.8722615242004395,-23.2979679107666,0.5051953196525574,-0.39990234375,-0.006386718712747097,-0.03195800632238388,-0.622802734375,-2.9995901198744805,1.6196168661117554,-0.04958944193473867,-0.01954629085958004,0.25,0.03847344219684601,0.0,-0.00021252050646580756,-0.35,-0.35108137130737305,-3.1250620867657113,-3.126458168029785,-0.0020881991367787123,0.0002862104738596827,0.00395132414996624
0.8767883777618408,-23.2979679107666,0.5280468463897705,-0.39990234375,-0.006660155951976776,-0.03195800632238388,-0.6218212842941284,-2.9995914737795957,1.6557270288467407,-0.049507478513379624,-0.020068788900971413,0.25,0.07172369211912155,0.0,-0.00020825918181799352,-0.35,-0.35107851028442383,-3.1250894116333034,-3.126432418823242,-0.002092064591124654,0.0004893437726423144,0.003839986864477396
0.8815312385559082,-23.2979679107666,0.5280468463897705,-0.39990234375,-0.006660155951976776,-0.03195800632238388,-0.6218212842941284,-2.9995914737795957,1.6557270288467407,-0.049507478513379624,-0.020068788900971413,0.25,0.07172369211912155,0.0,-0.00020825918181799352,-0.35,-0.35107851028442383,-3.1250894116333034,-3.126432418823242,-0.002092064591124654,0.0004893437726423144,0.003839986864477396
0.8860666751861572,-23.2979679107666,0.5500780940055847,-0.39990234375,-0.006923827808350325,-0.03195800632238388,-0.6210595369338989,-2.999592774618326,1.712691307067871,-0.04942859959104973,-0.0208982415497303,0.25,0.03953433781862259,0.0,-0.00020080209651496261,-0.35,-0.3510708808898926,-3.125115708182654,-3.126389741897583,-0.002111158799380064,0.0008130987989716232,0.0036701743956655264
0.8907320499420166,-23.2979679107666,0.5500780940055847,-0.39990234375,-0.006923827808350325,-0.03195800632238388,-0.6210595369338989,-2.999592774618326,1.712691307067871,-0.04942859959104973,-0.0208982415497303,0.25,0.03953433781862259,0.0,-0.00020080209651496261,-0.35,-0.3510708808898926,-3.125115708182654,-3.126389741897583,-0.002111158799380064,0.0008130987989716232,0.0036701743956655264
0.8952817916870117,-23.2979679107666,0.5628125071525574,-0.39990234375,-0.007080078125,-0.03195800632238388,-0.6209863424301147,-2.9995935324377743,1.7537531852722168,-0.04938258961896371,-0.021498749032616615,0.25,-0.0035012196749448776,0.0,-0.0001944108953466639,-0.35,-0.35106489062309265,-3.125131046920186,-3.1263620853424072,-0.0021526282653212547,0.0008428323781117797,0.003558834781870246
0.900099515914917,-23.2979679107666,0.5628125071525574,-0.39990234375,-0.007080078125,-0.03195800632238388,-0.6209863424301147,-2.9995935324377743,1.7537531852722168,-0.04938258961896371,-0.021498749032616615,0.25,-0.0035012196749448776,0.0,-0.00018748633738141507,-0.35,-0.3510551154613495,-3.125131046920186,-3.126329183578491,-0.002062661573290825,0.001181364874355495,0.003419940359890461
0.9047210216522217,-23.2979679107666,0.5845312476158142,-0.39990234375,-0.007353515364229679,-0.03195800632238388,-0.6212401986122131,-2.9995935324377743,1.8019062280654907,-0.04938258961896371,-0.02220514416694641,0.25,-0.020798658952116966,0.0,-0.00018748633738141507,-0.35,-0.3510551154613495,-3.125131046920186,-3.126329183578491,-0.002062661573290825,0.001181364874355495,0.003419940359890461
0.9093062877655029,-23.2979679107666,0.5845312476158142,-0.39990234375,-0.007353515364229679,-0.03195800632238388,-0.6212401986122131,-2.9995948357663,1.8019062280654907,-0.04930335935964175,-0.02220514416694641,0.25,-0.020798658952116966,0.0,-0.00017949708853848279,-0.35,-0.35104072093963623,-3.125157460579653,-3.1262922286987305,-0.0019140711519867182,0.0015467964112758636,0.0032607917673885822
0.914238452911377,-23.2979679107666,0.5845312476158142,-0.39990234375,-0.007353515364229679,-0.03195800632238388,-0.6212401986122131,-2.9995948357663,1.8019062280654907,-0.04930335935964175,-0.02220514416694641,0.25,-0.020798658952116966,0.0,-0.00017949708853848279,-0.35,-0.35104072093963623,-3.125157460579653,-3.1262922286987305,-0.0019140711519867182,0.0015467964112758636,0.0032607917673885822
0.9190163612365723,-23.2979679107666,0.6052343845367432,-0.39990234375,-0.007617187220603228,-0.03195800632238388,-0.621142566204071,-2.999596080222035,1.8197519779205322,-0.04922758897815484,-0.022467736154794693,0.25,0.03760843351483345,0.0,-0.00017470342572778463,-0.35,-0.3510291278362274,-3.125182720779751,-3.1262688636779785,-0.0018018868286162615,0.0017384856473654509,0.003159563522785902
0.9237010478973389,-23.2979679107666,0.6052343845367432,-0.39990234375,-0.007617187220603228,-0.03195800632238388,-0.621142566204071,-2.999596080222035,1.8197519779205322,-0.04922758897815484,-0.022467736154794693,0.25,0.03760843351483345,0.0,-0.00017470342572778463,-0.35,-0.3510291278362274,-3.125182720779751,-3.1262688636779785,-0.0018018868286162615,0.0017384856473654509,0.003159563522785902
0.9282467365264893,-23.2979679107666,0.6228125095367432,-0.39990234375,-0.007841796614229679,-0.03195800632238388,-0.6201952695846558,-2.999597135160451,1.822092056274414,-0.04916326613657247,-0.022501906380057335,0.25,0.12186022847890854,0.0,-0.0001704420574242249,-0.35,-0.35101577639579773,-3.12520416461037,-3.1262457370758057,-0.0017087759915739298,0.0018947720527648926,0.0030553231481462717
0.9329969882965088,-23.2979679107666,0.6228125095367432,-0.39990234375,-0.007841796614229679,-0.03195800632238388,-0.6201952695846558,-2.999597135160451,1.822092056274414,-0.04916326613657247,-0.022501906380057335,0.25,0.12186022847890854,0.0,-0.0001704420574242249,-0.35,-0.35101577639579773,-3.12520416461037,-3.1262457370758057,-0.0017087759915739298,0.0018947720527648926,0.0030553231481462717
0.9374637603759766,-23.2979679107666,0.6474999785423279,-0.39990234375,-0.008144531399011612,-0.03195800632238388,-0.6198046803474426,-2.999597135160451,1.916990041732788,-0.04916326613657247,-0.0239124596118927,0.25,-0.01489614974707365,0.0,-0.0001629852195037529,-0.35,-0.3509988784790039,-3.12520416461037,-3.1262118816375732,-0.0018050287617370486,0.0014263390330597758,0.00288367155008018
0.9421849250793457,-23.2979679107666,0.6474999785423279,-0.39990234375,-0.008144531399011612,-0.03195800632238388,-0.6198046803474426,-2.999598585770974,1.916990041732788,-0.04907468024115841,-0.0239124596118927,0.25,-0.01489614974707365,0.0,-0.0001629852195037529,-0.35,-0.3509988784790039,-3.125233697200913,-3.1262118816375732,-0.0018050287617370486,0.0014263390330597758,0.00288367155008018
0.9473505020141602,-23.2979679107666,0.6474999785423279,-0.39990234375,-0.008144531399011612,-0.03195800632238388,-0.6198046803474426,-2.999598585770974,1.916990041732788,-0.04907468024115841,-0.0239124596118927,0.25,-0.01489614974707365,0.0,-0.00015552858531009406,-0.35,-0.3509844243526459,-3.125233697200913,-3.126183032989502,-0.0017959221731871367,0.0016269069164991379,0.0027492307126522064
0.951981782913208,-23.2979679107666,0.6710156202316284,-0.39990234375,-0.008437499403953552,-0.03195800632238388,-0.6206933259963989,-2.9995999717285544,1.9910725355148315,-0.04898989289698154,-0.025018742308020592,0.25,-0.10566195100545883,0.0,-0.00015552858531009406,-0.35,-0.3509844243526459,-3.1252619634245957,-3.126183032989502,-0.0017959221731871367,0.0016269069164991379,0.0027492307126522064
0.9568488597869873,-23.2979679107666,0.6710156202316284,-0.39990234375,-0.008437499403953552,-0.03195800632238388,-0.6206933259963989,-2.9995999717285544,1.9910725355148315,-0.04898989289698154,-0.025018742308020592,0.25,-0.10566195100545883,0.0,-0.00014860427472740412,-0.35,-0.35096797347068787,-3.1252619634245957,-3.126157522201538,-0.0016978767234832048,0.001975039718672633,0.0026316328439861536
0.96170973777771,-23.2979679107666,0.6837499737739563,-0.39990234375,-0.008593750186264515,-0.03195800632238388,-0.6214648485183716,-2.9996007152343047,2.0213241577148438,-0.04894434763940551,-0.025471892207860947,0.25,-0.12926648557186127,0.0,-0.00014860427472740412,-0.35,-0.35096797347068787,-3.1252771471998857,-3.126157522201538,-0.0016978767234832048,0.001975039718672633,0.0026316328439861536
0.9662611484527588,-23.2979679107666,0.6837499737739563,-0.39990234375,-0.008593750186264515,-0.03195800632238388,-0.6214648485183716,-2.9996007152343047,2.0213241577148438,-0.04894434763940551,-0.025471892207860947,0.25,-0.12926648557186127,0.0,-0.00014540825213771313,-0.35,-0.3509586751461029,-3.1252771471998857,-3.126145839691162,-0.001632804051041603,0.002128449734300375,0.002573980949819088
0.9709134101867676,-23.2979679107666,0.6837499737739563,-0.39990234375,-0.008593750186264515,-0.03195800632238388,-0.6214648485183716,-2.9996007152343047,2.0213241577148438,-0.04894434763940551,-0.025471892207860947,0.25,-0.12926648557186127,0.0,-0.00014540825213771313,-0.35,-0.3509586751461029,-3.1252771471998857,-3.126145839691162,-0.001632804051041603,0.002128449734300375,0.002573980949819088
0.9757893085479736,-23.2979679107666,0.7148046493530273,-0.39990234375,-0.008994140662252903,-0.03195800632238388,-0.6226708889007568,-2.9996025615293265,2.0375325679779053,-0.04883106456653926,-0.025714345276355743,0.25,-0.03176966682076454,0.0,-0.00013795164704788476,-0.35,-0.3509257733821869,-3.125314913239017,-3.1261119842529297,-0.00140135339461267,0.002675385680049658,0.0024019561242312193
0.9804978370666504,-23.2979679107666,0.7148046493530273,-0.39990234375,-0.008994140662252903,-0.03195800632238388,-0.6226708889007568,-2.9996025615293265,2.0375325679779053,-0.04883106456653926,-0.025714345276355743,0.25,-0.03176966682076454,0.0,-0.00013422292249742895,-0.35,-0.35090169310569763,-3.125314913239017,-3.1260910034179688,-0.0012994420249015093,0.0028617647476494312,0.002296419581398368
0.9848902225494385,-23.2979679107666,0.736132800579071,-0.39990234375,-0.009257812052965164,-0.03195800632238388,-0.6222558617591858,-2.9996038013746773,2.0327858924865723,-0.04875484364228801,-0.025642113760113716,0.25,0.0785563662648201,0.0,-0.00013422292249742895,-0.35,-0.35090169310569763,-3.1253403235748634,-3.1260910034179688,-0.0012994420249015093,0.0028617647476494312,0.002296419581398368
0.9896292686462402,-23.2979679107666,0.736132800579071,-0.39990234375,-0.009257812052965164,-0.03195800632238388,-0.6222558617591858,-2.9996038013746773,2.0327858924865723,-0.04875484364228801,-0.025642113760113716,0.25,0.0785563662648201,0.0,-0.0001294296234846115,-0.35,-0.35087284445762634,-3.1253403235748634,-3.1260666847229004,-0.0012816009111702442,0.0028727988246828318,0.0021775471977889538
0.9944140911102295,-23.2979679107666,0.7526562213897705,-0.39990234375,-0.009472656063735485,-0.03195800632238388,-0.6217138767242432,-2.9996047804711745,2.0673816204071045,-0.04869456822352265,-0.026165103539824486,0.25,0.05865361914038658,0.0,-0.0001294296234846115,-0.35,-0.35087284445762634,-3.1253604180316374,-3.1260666847229004,-0.0012816009111702442,0.0028727988246828318,0.0021775471977889538
0.9990215301513672,-23.2979679107666,0.7526562213897705,-0.39990234375,-0.009472656063735485,-0.03195800632238388,-0.6217138767242432,-2.9996047804711745,2.0673816204071045,-0.04869456822352265,-0.026165103539824486,0.25,0.05865361914038658,0.0,-0.00012836448149755597,-0.35,-0.35086724162101746,-3.1253604180316374,-3.1260623931884766,-0.0012933596735820174,0.002834787592291832,0.002152420813217759
1.0038652420043945,-23.2979679107666,0.7526562213897705,-0.39990234375,-0.009472656063735485,-0.03195800632238388,-0.6217138767242432,-2.9996047804711745,2.0673816204071045,-0.04869456822352265,-0.026165103539824486,0.25,0.05865361914038658,0.0,-0.00012836448149755597,-0.35,-0.35086724162101746,-3.1253604180316374,-3.1260623931884766,-0.0012933596735820174,0.002834787592291832,0.002152420813217759
1.0086588859558105,-23.2979679107666,0.7823437452316284,-0.39990234375,-0.009853515774011612,-0.03195800632238388,-0.6210986375808716,-2.999606522813174,2.1156980991363525,-0.04858712068707642,-0.02689681015908718,0.25,0.05678659677505493,0.0,-0.00012143998173996806,-0.35,-0.3508307635784149,-3.125396238585708,-3.1260321140289307,-0.0012137368321418762,0.002501455368474126,0.0019722729921340942
1.0134344100952148,-23.2979679107666,0.7823437452316284,-0.39990234375,-0.009853515774011612,-0.03195800632238388,-0.6210986375808716,-2.999606522813174,2.1156980991363525,-0.04858712068707642,-0.02689681015908718,0.25,0.05678659677505493,0.0,-0.00012143998173996806,-0.35,-0.3508307635784149,-3.125396238585708,-3.1260321140289307,-0.0012137368321418762,0.002501455368474126,0.0019722729921340942
1.018122911453247,-23.2979679107666,0.8035937547683716,-0.39990234375,-0.010107421316206455,-0.03195800632238388,-0.6201415657997131,-2.9996077273228163,2.1239001750946045,-0.04851270127759393,-0.02702096477150917,0.25,0.12667012214660645,0.0,-0.00011664689372992143,-0.35,-0.3508060872554779,-3.125421048304573,-3.126011848449707,-0.00116584706120193,0.002487113932147622,0.0018531514797359705
1.022867202758789,-23.2979679107666,0.8035937547683716,-0.39990234375,-0.010107421316206455,-0.03195800632238388,-0.6201415657997131,-2.9996077273228163,2.1239001750946045,-0.04851270127759393,-0.02702096477150917,0.25,0.12667012214660645,0.0,-0.00011664689372992143,-0.35,-0.3508060872554779,-3.125421048304573,-3.126011848449707,-0.00116584706120193,0.002487113932147622,0.0018531514797359705
1.0278747081756592,-23.2979679107666,0.8257421851158142,-0.39990234375,-0.010390624403953552,-0.03195800632238388,-0.6183544993400574,-2.9996090157997166,2.1400811672210693,-0.048432967419446846,-0.02726729027926922,0.25,0.17786653339862823,0.0,-0.00011238556180614978,-0.35,-0.35078465938568115,-3.125447629727301,-3.1259958744049072,-0.0011553179938346148,0.0025202652905136347,0.0017519369721412659
1.0329058170318604,-23.2979679107666,0.8257421851158142,-0.39990234375,-0.010390624403953552,-0.03195800632238388,-0.6183544993400574,-2.9996090157997166,2.1400811672210693,-0.048432967419446846,-0.02726729027926922,0.25,0.17786653339862823,0.0,-0.00011238556180614978,-0.35,-0.35078465938568115,-3.125447629727301,-3.1259958744049072,-0.0011553179938346148,0.0025202652905136347,0.0017519369721412659
1.0374395847320557,-23.2979679107666,0.8498827815055847,-0.39990234375,-0.010703125037252903,-0.03195800632238388,-0.6174609065055847,-2.999610422727451,2.22790265083313,-0.04834575332792391,-0.028608810156583786,0.25,0.03826134651899338,0.0,-0.00010492862202227116,-0.35,-0.3507588803768158,-3.1254767048736296,-3.1259765625,-0.0012897071428596973,0.002266497351229191,0.0016147398855537176
1.0420594215393066,-23.2979679107666,0.8498827815055847,-0.39990234375,-0.010703125037252903,-0.03195800632238388,-0.6174609065055847,-2.999610422727451,2.22790265083313,-0.04834575332792391,-0.028608810156583786,0.25,0.03826134651899338,0.0,-0.00010492862202227116,-0.35,-0.3507588803768158,-3.1254767048736296,-3.1259765625,-0.0012897071428596973,0.002266497351229191,0.0016147398855537176
1.0468487739562988,-23.2979679107666,0.8498827815055847,-0.39990234375,-0.010703125037252903,-0.03195800632238388,-0.6174609065055847,-2.999610422727451,2.22790265083313,-0.04834575332792391,-0.028608810156583786,0.25,0.03826134651899338,0.0,-0.00010013494465965778,-0.35,-0.35074493288993835,-3.1254767048736296,-3.1259660720825195,-0.001319564413279295,0.002212308580055833,0.0015387444291263819
1.0514404773712158,-23.2979679107666,0.8741796612739563,-0.39990234375,-0.011015624739229679,-0.03195800632238388,-0.6180663704872131,-2.9996118293347216,2.3166399002075195,-0.04825840149863855,-0.02996823936700821,0.25,-0.10699403285980225,0.0,-0.00010013494465965778,-0.35,-0.35074493288993835,-3.1255058259248623,-3.1259660720825195,-0.001319564413279295,0.002212308580055833,0.0015387444291263819
1.0560057163238525,-23.2979679107666,0.8741796612739563,-0.39990234375,-0.011015624739229679,-0.03195800632238388,-0.6180663704872131,-2.9996118293347216,2.3166399002075195,-0.04825840149863855,-0.02996823936700821,0.25,-0.10699403285980225,0.0,-9.427583427168429e-05,-0.35,-0.3507262170314789,-3.1255058259248623,-3.12595272064209,-0.001269798493012786,0.002250618999823928,0.0014421988744288683
1.0608747005462646,-23.2979679107666,0.9009374976158142,-0.39990234375,-0.01137695275247097,-0.03195800632238388,-0.6198974251747131,-2.999613406388062,2.3846123218536377,-0.04816027633855969,-0.031012224033474922,0.25,-0.18910370767116547,0.0,-8.894938946468756e-05,-0.35,-0.3507094085216522,-3.125538538535646,-3.125941753387451,-0.001165678258985281,0.0024110872764140368,0.0013625165447592735
1.0657718181610107,-23.2979679107666,0.9009374976158142,-0.39990234375,-0.01137695275247097,-0.03195800632238388,-0.6198974251747131,-2.999613406388062,2.3846123218536377,-0.04816027633855969,-0.031012224033474922,0.25,-0.18910370767116547,0.0,-8.894938946468756e-05,-0.35,-0.3507094085216522,-3.125538538535646,-3.125941753387451,-0.001165678258985281,0.0024110872764140368,0.0013625165447592735
1.070478916168213,-23.2979679107666,0.9247655868530273,-0.39990234375,-0.011689452454447746,-0.03195800632238388,-0.6215575933456421,-2.999614786757604,2.4040563106536865,-0.048074224540119864,-0.03131112828850746,0.25,-0.1518210768699646,0.0,-8.25577590148896e-05,-0.35,-0.3506776988506317,-3.1255672261586747,-3.1259255409240723,-0.0009445206960663199,0.0026167253963649273,0.0012305465061217546
1.0751500129699707,-23.2979679107666,0.9247655868530273,-0.39990234375,-0.011689452454447746,-0.03195800632238388,-0.6215575933456421,-2.999614786757604,2.4040563106536865,-0.048074224540119864,-0.03131112828850746,0.25,-0.1518210768699646,0.0,-8.25577590148896e-05,-0.35,-0.3506776988506317,-3.1255672261586747,-3.1259255409240723,-0.0009445206960663199,0.0026167253963649273,0.0012305465061217546
1.0797252655029297,-23.2979679107666,0.9247655868530273,-0.39990234375,-0.011689452454447746,-0.03195800632238388,-0.6215575933456421,-2.999614786757604,2.4040563106536865,-0.048074224540119864,-0.03131112828850746,0.25,-0.1518210768699646,0.0,-7.82966089900583e-05,-0.35,-0.3506546914577484,-3.1255672261586747,-3.1259145736694336,-0.0008396610501222312,0.0026454401668161154,0.001139775151386857
1.0847318172454834,-23.2979679107666,0.9512109160423279,-0.39990234375,-0.012031249701976776,-0.03195800632238388,-0.6226708889007568,-2.999616302745329,2.4207377433776855,-0.047979540477628355,-0.0315682515501976,0.25,-0.09756963700056076,0.0,-7.82966089900583e-05,-0.35,-0.3506546914577484,-3.125598791557997,-3.1259145736694336,-0.0008396610501222312,0.0026454401668161154,0.001139775151386857
1.0894110202789307,-23.2979679107666,0.9785937070846558,-0.39990234375,-0.01238281186670065,-0.03195800632238388,-0.6238427758216858,-2.9996178612186917,2.462434768676758,-0.04788200766262944,-0.03221243619918823,0.25,-0.11017321050167084,0.0,-7.510081195505336e-05,-0.35,-0.3506309986114502,-3.1256313066465315,-3.1259045600891113,-0.0007772076060064137,0.0026752592530101538,0.0010458454489707947
1.0941214561462402,-23.2979679107666,0.9785937070846558,-0.39990234375,-0.01238281186670065,-0.03195800632238388,-0.6238427758216858,-2.9996178612186917,2.462434768676758,-0.04788200766262944,-0.03221243619918823,0.25,-0.11017321050167084,0.0,-7.510081195505336e-05,-0.35,-0.3506309986114502,-3.1256313066465315,-3.1259045600891113,-0.0007772076060064137,0.0026752592530101538,0.0010458454489707947
1.0986974239349365,-23.2979679107666,0.9785937070846558,-0.39990234375,-0.01238281186670065,-0.03195800632238388,-0.6238427758216858,-2.9996178612186917,2.462434768676758,-0.04788200766262944,-0.03221243619918823,0.25,-0.11017321050167084,0.0,-7.29708990547806e-05,-0.35,-0.3506185710430145,-3.1256313066465315,-3.125899314880371,-0.00076859857654199,0.0026383218355476856,0.0009982013143599033
1.1035346984863281,-23.2979679107666,1.0030468702316284,-0.39990234375,-0.012705077417194843,-0.03195800632238388,-0.6251611113548279,-2.9996192636669186,2.5044169425964355,-0.04779406907069686,-0.03286195546388626,0.25,-0.13624949753284454,0.0,-7.29708990547806e-05,-0.35,-0.3506185710430145,-3.12566062323799,-3.125899314880371,-0.00076859857654199,0.0026383218355476856,0.0009982013143599033
1.108182668685913,-23.2979679107666,1.0030468702316284,-0.39990234375,-0.012705077417194843,-0.03195800632238388,-0.6251611113548279,-2.9996192636669186,2.5044169425964355,-0.04779406907069686,-0.03286195546388626,0.25,-0.13624949753284454,0.0,-6.870952347526327e-05,-0.35,-0.35059019923210144,-3.12566062323799,-3.1258885860443115,-0.0007221736013889313,0.0024824878200888634,0.0008846906130202115
1.1130189895629883,-23.2979679107666,1.0190625190734863,-0.39990234375,-0.012910155579447746,-0.03195800632238388,-0.6259521245956421,-2.9996201675246894,2.5171918869018555,-0.04773730804261443,-0.03305970877408981,0.25,-0.11375003308057785,0.0,-6.764460704289377e-05,-0.35,-0.35058411955833435,-3.125679545979358,-3.1258864402770996,-0.0007148144068196416,0.002467453945428133,0.000859886291436851
1.11763334274292,-23.2979679107666,1.0190625190734863,-0.39990234375,-0.012910155579447746,-0.03195800632238388,-0.6259521245956421,-2.9996201675246894,2.5171918869018555,-0.04773730804261443,-0.03305970877408981,0.25,-0.11375003308057785,0.0,-6.764460704289377e-05,-0.35,-0.35058411955833435,-3.125679545979358,-3.1258864402770996,-0.0007148144068196416,0.002467453945428133,0.000859886291436851
1.1223561763763428,-23.2979679107666,1.0190625190734863,-0.39990234375,-0.012910155579447746,-0.03195800632238388,-0.6259521245956421,-2.9996201675246894,2.5171918869018555,-0.04773730804261443,-0.03305970877408981,0.25,-0.11375003308057785,0.0,-6.764460704289377e-05,-0.35,-0.35058411955833435,-3.125679545979358,-3.1258864402770996,-0.0007148144068196416,0.002467453945428133,0.000859886291436851
1.1271247863769531,-23.2979679107666,1.024999976158142,-0.39990234375,-0.01298828050494194,-0.03195800632238388,-0.6261767148971558,-2.9996205061476466,2.518036365509033,-0.04771602559450269,-0.03307270631194115,0.25,-0.09475177526473999,0.0,-6.657894846284762e-05,-0.35,-0.3505781590938568,-3.125686641026638,-3.1258840560913086,-0.000704317819327116,0.0024380844552069902,0.0008366559632122517
1.1318328380584717,-23.2979679107666,1.024999976158142,-0.39990234375,-0.01298828050494194,-0.03195800632238388,-0.6261767148971558,-2.9996205061476466,2.518036365509033,-0.04771602559450269,-0.03307270631194115,0.25,-0.09475177526473999,0.0,-6.657894846284762e-05,-0.35,-0.3505781590938568,-3.125686641026638,-3.1258840560913086,-0.000704317819327116,0.0024380844552069902,0.0008366559632122517
1.1365633010864258,-23.2979679107666,1.024999976158142,-0.39990234375,-0.01298828050494194,-0.03195800632238388,-0.6261767148971558,-2.9996205061476466,2.518036365509033,-0.04771602559450269,-0.03307270631194115,0.25,-0.09475177526473999,0.0,-6.657894846284762e-05,-0.35,-0.3505781590938568,-3.125686641026638,-3.1258840560913086,-0.000704317819327116,0.0024380844552069902,0.0008366559632122517
1.1410539150238037,-23.2979679107666,1.024999976158142,-0.39990234375,-0.01298828050494194,-0.03195800632238388,-0.6261767148971558,-2.9996205061476466,2.518036365509033,-0.04771602559450269,-0.03307270631194115,0.25,-0.09475177526473999,0.0,-6.657894846284762e-05,-0.35,-0.3505781590938568,-3.125686641026638,-3.1258840560913086,-0.000704317819327116,0.0024380844552069902,0.0008366559632122517
1.1456639766693115,-23.2979679107666,1.024999976158142,-0.39990234375,-0.01298828050494194,-0.03195800632238388,-0.6261767148971558,-2.9996205061476466,2.518036365509033,-0.04771602559450269,-0.03307270631194115,0.25,-0.09475177526473999,0.0,-6.657894846284762e-05,-0.35,-0.3505781590938568,-3.125686641026638,-3.1258840560913086,-0.000704317819327116,0.0024380844552069902,0.0008366559632122517
1.1502866744995117,-23.2979679107666,1.024999976158142,-0.39990234375,-0.01298828050494194,-0.03195800632238388,-0.6261767148971558,-2.9996205061476466,2.518036365509033,-0.04771602559450269,-0.03307270631194115,0.25,-0.09475177526473999,0.0,-6.657894846284762e-05,-0.35,-0.3505781590938568,-3.125686641026638,-3.1258840560913086,-0.000704317819327116,0.0024380844552069902,0.0008366559632122517
1.1552033424377441,-23.2979679107666,1.024999976158142,-0.39990234375,-0.01298828050494194,-0.03195800632238388,-0.6261767148971558,-2.9996205061476466,2.518036365509033,-0.04771602559450269,-0.03307270631194115,0.25,-0.09475177526473999,0.0,-6.657894846284762e-05,-0.35,-0.3505781590938568,-3.125686641026638,-3.1258840560913086,-0.000704317819327116,0.0024380844552069902,0.0008366559632122517
1.1596746444702148,-23.2979679107666,1.024999976158142,-0.39990234375,-0.01298828050494194,-0.03195800632238388,-0.6261767148971558,-2.9996205061476466,2.518036365509033,-0.04771602559450269,-0.03307270631194115,0.25,-0.09475177526473999,0.0,-6.657894846284762e-05,-0.35,-0.3505781590938568,-3.125686641026638,-3.1258840560913086,-0.000704317819327116,0.0024380844552069902,0.0008366559632122517
1.1645352840423584,-23.2979679107666,1.024999976158142,-0.39990234375,-0.01298828050494194,-0.03195800632238388,-0.6261767148971558,-2.9996205061476466,2.518036365509033,-0.04771602559450269,-0.03307270631194115,0.25,-0.09475177526473999,0.0,-6.657894846284762e-05,-0.35,-0.3505781590938568,-3.125686641026638,-3.1258840560913086,-0.000704317819327116,0.0024380844552069902,0.0008366559632122517
1.1692304611206055,-23.2979679107666,1.024999976158142,-0.39990234375,-0.01298828050494194,-0.03195800632238388,-0.6261767148971558,-2.9996205061476466,2.518036365509033,-0.04771602559450269,-0.03307270631194115,0.25,-0.09475177526473999,0.0,-6.657894846284762e-05,-0.35,-0.3505781590938568,-3.125686641026638,-3.1258840560913086,-0.000704317819327116,0.0024380844552069902,0.0008366559632122517
1.1740117073059082,-23.2979679107666,1.024999976158142,-0.39990234375,-0.01298828050494194,-0.03195800632238388,-0.6261767148971558,-2.9996205061476466,2.518036365509033,-0.04771602559450269,-0.03307270631194115,0.25,-0.09475177526473999,0.0,-6.657894846284762e-05,-0.35,-0.3505781590938568,-3.125686641026638,-3.1258840560913086,-0.000704317819327116,0.0024380844552069902,0.0008366559632122517
1.1786444187164307,-23.2979679107666,1.024999976158142,-0.39990234375,-0.01298828050494194,-0.03195800632238388,-0.6261767148971558,-2.9996205061476466,2.518036365509033,-0.04771602559450269,-0.03307270631194115,0.25,-0.09475177526473999,0.0,-6.657894846284762e-05,-0.35,-0.3505781590938568,-3.125686641026638,-3.1258840560913086,-0.000704317819327116,0.0024380844552069902,0.0008366559632122517
1.1833631992340088,-23.2979679107666,1.024999976158142,-0.39990234375,-0.01298828050494194,-0.03195800632238388,-0.6261767148971558,-2.9996205061476466,2.518036365509033,-0.04771602559450269,-0.03307270631194115,0.25,-0.09475177526473999,0.0,-6.657894846284762e-05,-0.35,-0.3505781590938568,-3.125686641026638,-3.1258840560913086,-0.000704317819327116,0.0024380844552069902,0.0008366559632122517
1.1881132125854492,-23.2979679107666,1.024999976158142,-0.39990234375,-0.01298828050494194,-0.03195800632238388,-0.6261767148971558,-2.9996205061476466,2.518036365509033,-0.04771602559450269,-0.03307270631194115,0.25,-0.09475177526473999,0.0,-6.657894846284762e-05,-0.35,-0.3505781590938568,-3.125686641026638,-3.1258840560913086,-0.000704317819327116,0.0024380844552069902,0.0008366559632122517
1.19283127784729,-23.2979679107666,1.024999976158142,-0.39990234375,-0.01298828050494194,-0.03195800632238388,-0.6261767148971558,-2.9996205061476466,2.518036365509033,-0.04771602559450269,-0.03307270631194115,0.25,-0.09475177526473999,0.0,-6.657894846284762e-05,-0.35,-0.3505781590938568,-3.125686641026638,-3.1258840560913086,-0.000704317819327116,0.0024380844552069902,0.0008366559632122517
1.1972806453704834,-23.2979679107666,1.024999976158142,-0.39990234375,-0.01298828050494194,-0.03195800632238388,-0.6261767148971558,-2.9996205061476466,2.518036365509033,-0.04771602559450269,-0.03307270631194115,0.25,-0.09475177526473999,0.0,-6.657894846284762e-05,-0.35,-0.3505781590938568,-3.125686641026638,-3.1258840560913086,-0.000704317819327116,0.0024380844552069902,0.0008366559632122517
1.2021183967590332,-23.2979679107666,1.024999976158142,-0.39990234375,-0.01298828050494194,-0.03195800632238388,-0.6261767148971558,-2.9996205061476466,2.518036365509033,-0.04771602559450269,-0.03307270631194115,0.25,-0.09475177526473999,0.0,-6.657894846284762e-05,-0.35,-0.3505781590938568,-3.125686641026638,-3.1258840560913086,-0.000704317819327116,0.0024380844552069902,0.0008366559632122517
1.2066996097564697,-23.2979679107666,1.024999976158142,-0.39990234375,-0.01298828050494194,-0.03195800632238388,-0.6261767148971558,-2.9996205061476466,2.518036365509033,-0.04771602559450269,-0.03307270631194115,0.25,-0.09475177526473999,0.0,-6.657894846284762e-05,-0.35,-0.3505781590938568,-3.125686641026638,-3.1258840560913086,-0.000704317819327116,0.0024380844552069902,0.0008366559632122517
1.2115161418914795,-23.2979679107666,1.024999976158142,-0.39990234375,-0.01298828050494194,-0.03195800632238388,-0.6261767148971558,-2.9996205061476466,2.518036365509033,-0.04771602559450269,-0.03307270631194115,0.25,-0.09475177526473999,0.0,-6.657894846284762e-05,-0.35,-0.3505781590938568,-3.125686641026638,-3.1258840560913086,-0.000704317819327116,0.0024380844552069902,0.0008366559632122517
1.2161242961883545,-23.2979679107666,1.024999976158142,-0.39990234375,-0.01298828050494194,-0.03195800632238388,-0.6261767148971558,-2.9996205061476466,2.518036365509033,-0.04771602559450269,-0.03307270631194115,0.25,-0.09475177526473999,0.0,-6.657894846284762e-05,-0.35,-0.3505781590938568,-3.125686641026638,-3.1258840560913086,-0.000704317819327116,0.0024380844552069902,0.0008366559632122517
1.2209117412567139,-23.2979679107666,1.024999976158142,-0.39990234375,-0.01298828050494194,-0.03195800632238388,-0.6261767148971558,-2.9996205061476466,2.518036365509033,-0.04771602559450269,-0.03307270631194115,0.25,-0.09475177526473999,0.0,-6.657894846284762e-05,-0.35,-0.3505781590938568,-3.125686641026638,-3.1258840560913086,-0.000704317819327116,0.0024380844552069902,0.0008366559632122517
1.225475549697876,-23.2979679107666,1.024999976158142,-0.39990234375,-0.01298828050494194,-0.03195800632238388,-0.6261767148971558,-2.9996205061476466,2.518036365509033,-0.04771602559450269,-0.03307270631194115,0.25,-0.09475177526473999,0.0,-6.657894846284762e-05,-0.35,-0.3505781590938568,-3.125686641026638,-3.1258840560913086,-0.000704317819327116,0.0024380844552069902,0.0008366559632122517
1.2302544116973877,-23.2979679107666,1.024999976158142,-0.39990234375,-0.01298828050494194,-0.03195800632238388,-0.6261767148971558,-2.9996205061476466,2.518036365509033,-0.04771602559450269,-0.03307270631194115,0.25,-0.09475177526473999,0.0,-6.657894846284762e-05,-0.35,-0.3505781590938568,-3.125686641026638,-3.1258840560913086,-0.000704317819327116,0.0024380844552069902,0.0008366559632122517
1.2346961498260498,-23.2979679107666,1.024999976158142,-0.39990234375,-0.01298828050494194,-0.03195800632238388,-0.6261767148971558,-2.9996205061476466,2.518036365509033,-0.04771602559450269,-0.03307270631194115,0.25,-0.09475177526473999,0.0,-6.657894846284762e-05,-0.35,-0.3505781590938568,-3.125686641026638,-3.1258840560913086,-0.000704317819327116,0.0024380844552069902,0.0008366559632122517
1.2395117282867432,-23.2979679107666,1.024999976158142,-0.39990234375,-0.01298828050494194,-0.03195800632238388,-0.6261767148971558,-2.9996205061476466,2.518036365509033,-0.04771602559450269,-0.03307270631194115,0.25,-0.09475177526473999,0.0,-6.657894846284762e-05,-0.35,-0.3505781590938568,-3.125686641026638,-3.1258840560913086,-0.000704317819327116,0.0024380844552069902,0.0008366559632122517
1.2440884113311768,-23.2979679107666,1.024999976158142,-0.39990234375,-0.01298828050494194,-0.03195800632238388,-0.6261767148971558,-2.9996205061476466,2.518036365509033,-0.04771602559450269,-0.03307270631194115,0.25,-0.09475177526473999,0.0,-6.657894846284762e-05,-0.35,-0.3505781590938568,-3.125686641026638,-3.1258840560913086,-0.000704317819327116,0.0024380844552069902,0.0008366559632122517
1.248734474182129,-23.2979679107666,1.024999976158142,-0.39990234375,-0.01298828050494194,-0.03195800632238388,-0.6261767148971558,-2.9996205061476466,2.518036365509033,-0.04771602559450269,-0.03307270631194115,0.25,-0.09475177526473999,0.0,-6.657894846284762e-05,-0.35,-0.3505781590938568,-3.125686641026638,-3.1258840560913086,-0.000704317819327116,0.0024380844552069902,0.0008366559632122517
1.2533657550811768,-23.2979679107666,1.024999976158142,-0.39990234375,-0.01298828050494194,-0.03195800632238388,-0.6261767148971558,-2.9996205061476466,2.518036365509033,-0.04771602559450269,-0.03307270631194115,0.25,-0.09475177526473999,0.0,-6.657894846284762e-05,-0.35,-0.3505781590938568,-3.125686641026638,-3.1258840560913086,-0.000704317819327116,0.0024380844552069902,0.0008366559632122517
1.257953405380249,-23.2979679107666,1.024999976158142,-0.39990234375,-0.01298828050494194,-0.03195800632238388,-0.6261767148971558,-2.9996205061476466,2.518036365509033,-0.04771602559450269,-0.03307270631194115,0.25,-0.09475177526473999,0.0,-6.657894846284762e-05,-0.35,-0.3505781590938568,-3.125686641026638,-3.1258840560913086,-0.000704317819327116,0.0024380844552069902,0.0008366559632122517
1.262709140777588,-23.2979679107666,1.024999976158142,-0.39990234375,-0.01298828050494194,-0.03195800632238388,-0.6261767148971558,-2.9996205061476466,2.518036365509033,-0.04771602559450269,-0.03307270631194115,0.25,-0.09475177526473999,0.0,-6.657894846284762e-05,-0.35,-0.3505781590938568,-3.125686641026638,-3.1258840560913086,-0.000704317819327116,0.0024380844552069902,0.0008366559632122517
1.2674577236175537,-23.2979679107666,1.024999976158142,-0.39990234375,-0.01298828050494194,-0.03195800632238388,-0.6261767148971558,-2.9996205061476466,2.518036365509033,-0.04771602559450269,-0.03307270631194115,0.25,-0.09475177526473999,0.0,-6.657894846284762e-05,-0.35,-0.3505781590938568,-3.125686641026638,-3.1258840560913086,-0.000704317819327116,0.0024380844552069902,0.0008366559632122517
1.2721805572509766,-23.2979679107666,1.024999976158142,-0.39990234375,-0.01298828050494194,-0.03195800632238388,-0.6261767148971558,-2.9996205061476466,2.518036365509033,-0.04771602559450269,-0.03307270631194115,0.25,-0.09475177526473999,0.0,-6.657894846284762e-05,-0.35,-0.3505781590938568,-3.125686641026638,-3.1258840560913086,-0.000704317819327116,0.0024380844552069902,0.0008366559632122517
1.277414321899414,-23.2979679107666,1.024999976158142,-0.39990234375,-0.01298828050494194,-0.03195800632238388,-0.6261767148971558,-2.9996205061476466,2.518036365509033,-0.04771602559450269,-0.03307270631194115,0.25,-0.09475177526473999,0.0,-6.657894846284762e-05,-0.35,-0.3505781590938568,-3.125686641026638,-3.1258840560913086,-0.000704317819327116,0.0024380844552069902,0.0008366559632122517
1.282174825668335,-23.2979679107666,1.024999976158142,-0.39990234375,-0.01298828050494194,-0.03195800632238388,-0.6261767148971558,-2.9996205061476466,2.518036365509033,-0.04771602559450269,-0.03307270631194115,0.25,-0.09475177526473999,0.0,-6.657894846284762e-05,-0.35,-0.3505781590938568,-3.125686641026638,-3.1258840560913086,-0.000704317819327116,0.0024380844552069902,0.0008366559632122517
1.2867317199707031,-23.2979679107666,1.024999976158142,-0.39990234375,-0.01298828050494194,-0.03195800632238388,-0.6261767148971558,-2.9996205061476466,2.518036365509033,-0.04771602559450269,-0.03307270631194115,0.25,-0.09475177526473999,0.0,-6.657894846284762e-05,-0.35,-0.3505781590938568,-3.125686641026638,-3.1258840560913086,-0.000704317819327116,0.0024380844552069902,0.0008366559632122517
1.291365385055542,-23.2979679107666,1.024999976158142,-0.39990234375,-0.01298828050494194,-0.03195800632238388,-0.6261767148971558,-2.9996205061476466,2.518036365509033,-0.04771602559450269,-0.03307270631194115,0.25,-0.09475177526473999,0.0,-6.657894846284762e-05,-0.35,-0.3505781590938568,-3.125686641026638,-3.1258840560913086,-0.000704317819327116,0.0024380844552069902,0.0008366559632122517
1.2960271835327148,-23.2979679107666,1.024999976158142,-0.39990234375,-0.01298828050494194,-0.03195800632238388,-0.6261767148971558,-2.9996205061476466,2.518036365509033,-0.04771602559450269,-0.03307270631194115,0.25,-0.09475177526473999,0.0,-6.657894846284762e-05,-0.35,-0.3505781590938568,-3.125686641026638,-3.1258840560913086,-0.000704317819327116,0.0024380844552069902,0.0008366559632122517
1.3010644912719727,-23.2979679107666,1.024999976158142,-0.39990234375,-0.01298828050494194,-0.03195800632238388,-0.6261767148971558,-2.9996205061476466,2.518036365509033,-0.04771602559450269,-0.03307270631194115,0.25,-0.09475177526473999,0.0,-6.657894846284762e-05,-0.35,-0.3505781590938568,-3.125686641026638,-3.1258840560913086,-0.000704317819327116,0.0024380844552069902,0.0008366559632122517
1.305640697479248,-23.2979679107666,1.024999976158142,-0.39990234375,-0.01298828050494194,-0.03195800632238388,-0.6261767148971558,-2.9996205061476466,2.518036365509033,-0.04771602559450269,-0.03307270631194115,0.25,-0.09475177526473999,0.0,-6.657894846284762e-05,-0.35,-0.3505781590938568,-3.125686641026638,-3.1258840560913086,-0.000704317819327116,0.0024380844552069902,0.0008366559632122517
1.3104474544525146,-23.2979679107666,1.024999976158142,-0.39990234375,-0.01298828050494194,-0.03195800632238388,-0.6261767148971558,-2.9996205061476466,2.518036365509033,-0.04771602559450269,-0.03307270631194115,0.25,-0.09475177526473999,0.0,-6.657894846284762e-05,-0.35,-0.3505781590938568,-3.125686641026638,-3.1258840560913086,-0.000704317819327116,0.0024380844552069902,0.0008366559632122517
1.315314769744873,-23.2979679107666,1.024999976158142,-0.39990234375,-0.01298828050494194,-0.03195800632238388,-0.6261767148971558,-2.9996205061476466,2.518036365509033,-0.04771602559450269,-0.03307270631194115,0.25,-0.09475177526473999,0.0,-6.657894846284762e-05,-0.35,-0.3505781590938568,-3.125686641026638,-3.1258840560913086,-0.000704317819327116,0.0024380844552069902,0.0008366559632122517
1.3197331428527832,-23.2979679107666,1.024999976158142,-0.39990234375,-0.01298828050494194,-0.03195800632238388,-0.6261767148971558,-2.9996205061476466,2.518036365509033,-0.04771602559450269,-0.03307270631194115,0.25,-0.09475177526473999,0.0,-6.657894846284762e-05,-0.35,-0.3505781590938568,-3.125686641026638,-3.1258840560913086,-0.000704317819327116,0.0024380844552069902,0.0008366559632122517
1.3245253562927246,-23.2979679107666,1.024999976158142,-0.39990234375,-0.01298828050494194,-0.03195800632238388,-0.6261767148971558,-2.9996205061476466,2.518036365509033,-0.04771602559450269,-0.03307270631194115,0.25,-0.09475177526473999,0.0,-6.657894846284762e-05,-0.35,-0.3505781590938568,-3.125686641026638,-3.1258840560913086,-0.000704317819327116,0.0024380844552069902,0.0008366559632122517
1.3293228149414062,-23.2979679107666,1.0310546159744263,-0.39990234375,-0.013066406361758709,-0.03195800632238388,-0.6263525485992432,-2.9996208481081013,2.3449928760528564,-0.04769452374470857,-0.03037155047059059,0.25,1.5103962421417236,0.0,-6.551377737196162e-05,-0.2877435895499694,-0.35057270526885986,-3.1256938092162554,-3.1258819103240967,-0.0003392655053175986,0.0015642213402315974,0.0005570355569943786
1.334059476852417,-23.2979679107666,1.0310546159744263,-0.39990234375,-0.013066406361758709,-0.03195800632238388,-0.6263525485992432,-2.9996208481081013,2.3449928760528564,-0.04769452374470857,-0.03037155047059059,0.25,1.5103962421417236,0.0,-6.551377737196162e-05,-0.35,-0.35057270526885986,-3.1256938092162554,-3.1258819103240967,-0.0003392655053175986,0.0015642213402315974,0.0005570355569943786
1.3390612602233887,-23.2979679107666,1.3502733707427979,-0.39990234375,-0.017226561903953552,-0.03195800632238388,-0.506665050983429,-2.9996385045470744,2.372954845428467,-0.046570828193091635,-0.030810365453362465,-0.25,1.5648339986801147,0.0,-6.551377737196162e-05,-0.35,-0.35057270526885986,-3.12606842063824,-3.1258819103240967,-0.0003392655053175986,0.0015642213402315974,0.0005570355569943786
1.3437738418579102,-23.2979679107666,1.3502733707427979,-0.39990234375,-0.017226561903953552,-0.03195800632238388,-0.506665050983429,-2.9996385045470744,2.372954845428467,-0.046570828193091635,-0.030810365453362465,0.25,1.5648339986801147,0.0,-2.3436150513589382e-05,-0.35,-0.3473515510559082,-3.12606842063824,-3.125797748565674,-0.00038123317062854767,0.19494442641735077,0.0005133131053298712
1.348517894744873,-23.2979679107666,1.3502733707427979,-0.39990234375,-0.017226561903953552,-0.03195800632238388,-0.506665050983429,-2.9996385045470744,2.372954845428467,-0.046570828193091635,-0.030810365453362465,0.25,1.5648339986801147,0.0,-2.3436150513589382e-05,-0.35,-0.3473515510559082,-3.12606842063824,-3.125797748565674,-0.00038123317062854767,0.19494442641735077,0.0005133131053298712
1.3533644676208496,-23.2979679107666,1.4116406440734863,-0.39990234375,-0.01802734285593033,-0.03195800632238388,-0.46910154819488525,-2.999641801141045,2.495711088180542,-0.04635800736990004,-0.03273976966738701,-0.25,1.3879917860031128,0.0,-2.237066837551538e-05,-0.35,-0.34631332755088806,-3.1261393694228468,-3.125795364379883,-0.00036842701956629753,0.1964048594236374,0.00047104438999667764
1.3578829765319824,-23.2979679107666,1.4116406440734863,-0.39990234375,-0.01802734285593033,-0.03195800632238388,-0.46910154819488525,-2.999641801141045,2.495711088180542,-0.04635800736990004,-0.03273976966738701,0.25,1.3879917860031128,0.0,-2.237066837551538e-05,-0.35,-0.34631332755088806,-3.1261393694228468,-3.125795364379883,-0.00036842701956629753,0.1964048594236374,0.00047104438999667764
1.3626635074615479,-23.2979679107666,1.4116406440734863,-0.39990234375,-0.01802734285593033,-0.03195800632238388,-0.46910154819488525,-2.999641801141045,2.495711088180542,-0.04635800736990004,-0.03273976966738701,0.25,1.3879917860031128,0.0,-2.237066837551538e-05,-0.35,-0.34631332755088806,-3.1261393694228468,-3.125795364379883,-0.00036842701956629753,0.1964048594236374,0.00047104438999667764
1.3673317432403564,-23.2979679107666,1.4116406440734863,-0.39990234375,-0.01802734285593033,-0.03195800632238388,-0.46910154819488525,-2.999641801141045,2.495711088180542,-0.04635800736990004,-0.03273976966738701,0.25,1.3879917860031128,0.0,-2.237066837551538e-05,-0.35,-0.34631332755088806,-3.1261393694228468,-3.125795364379883,-0.00036842701956629753,0.1964048594236374,0.00047104438999667764
1.3716769218444824,-23.2979679107666,1.4116406440734863,-0.39990234375,-0.01802734285593033,-0.03195800632238388,-0.46910154819488525,-2.999641801141045,2.495711088180542,-0.04635800736990004,-0.03273976966738701,0.25,1.3879917860031128,0.0,-2.1838286556885578e-05,-0.35,-0.34581634402275085,-3.1261393694228468,-3.125793933868408,-0.0001940676593221724,0.03542529046535492,-4.949732101522386e-06
1.37674880027771,-23.2979679107666,1.4180859327316284,-0.39990234375,-0.01811523362994194,-0.03195800632238388,-0.4655859172344208,-2.999642152649426,2.6064517498016357,-0.046335257080514766,-0.034482188522815704,0.25,1.2225326299667358,0.0,-2.1838286556885578e-05,-0.35,-0.34581634402275085,-3.126146953757764,-3.125793933868408,-0.0001940676593221724,0.03542529046535492,-4.949732101522386e-06
1.3813657760620117,-23.2979679107666,1.4725780487060547,-0.39990234375,-0.018837889656424522,-0.03195800632238388,-0.4400585889816284,-2.999642152649426,2.6841115951538086,-0.046335257080514766,-0.035704780369997025,0.25,1.1100575923919678,0.0,-2.1838286556885578e-05,-0.35,-0.34581634402275085,-3.126146953757764,-3.125793933868408,-0.0001940676593221724,0.03542529046535492,-4.949732101522386e-06
1.3860151767730713,-23.2979679107666,1.4725780487060547,-0.39990234375,-0.018837889656424522,-0.03195800632238388,-0.4400585889816284,-2.9996450722929904,2.6841115951538086,-0.04614585862653114,-0.035704780369997025,-0.22256509563866766,1.1100575923919678,0.0,-2.1838286556885578e-05,-0.35,-0.34581634402275085,-3.126210094076545,-3.125793933868408,-0.0001940676593221724,0.03542529046535492,-4.949732101522386e-06
1.3905599117279053,-23.2979679107666,1.4725780487060547,-0.39990234375,-0.018837889656424522,-0.03195800632238388,-0.4400585889816284,-2.9996450722929904,2.6841115951538086,-0.04614585862653114,-0.035704780369997025,0.25,1.1100575923919678,0.0,-1.3315865544427652e-05,-0.35,-0.3458906412124634,-3.126210094076545,-3.1258015632629395,-0.0001647411845624447,-0.09042882919311523,-0.0006415872485376894
1.3951706886291504,-23.2979679107666,1.5057811737060547,-0.39990234375,-0.019287109375,-0.03195800632238388,-0.4265380799770355,-2.99964685566392,2.714230537414551,-0.0460297871552606,-0.036179106682538986,0.022426947387447493,1.0878127813339233,0.0,-1.3315865544427652e-05,-0.35,-0.3458906412124634,-3.126248789133445,-3.1258015632629395,-0.0001647411845624447,-0.09042882919311523,-0.0006415872485376894
1.4000802040100098,-23.2979679107666,1.5057811737060547,-0.39990234375,-0.019287109375,-0.03195800632238388,-0.4265380799770355,-2.99964685566392,2.714230537414551,-0.0460297871552606,-0.036179106682538986,0.25,1.0878127813339233,0.0,-1.0652749551809393e-05,-0.35,-0.34643352031707764,-3.126248789133445,-3.1258068084716797,-0.00016636471264064312,-0.09374088048934937,-0.0007776268757879734
1.404906988143921,-23.2979679107666,1.5216796398162842,-0.39990234375,-0.019501952454447746,-0.03195800632238388,-0.42039549350738525,-2.999647705839914,2.7418320178985596,-0.04597434990665372,-0.036613889038562775,0.18348955507277265,1.0606987476348877,0.0,-1.0652749551809393e-05,-0.35,-0.34643352031707764,-3.126267270389212,-3.1258068084716797,-0.00016636471264064312,-0.09374088048934937,-0.0007776268757879734
1.409816026687622,-23.2979679107666,1.5216796398162842,-0.39990234375,-0.019501952454447746,-0.03195800632238388,-0.42039549350738525,-2.999647705839914,2.7418320178985596,-0.04597434990665372,-0.036613889038562775,0.25,1.0606987476348877,0.0,-7.456863841071026e-06,-0.35,-0.34700822830200195,-3.126267270389212,-3.12581205368042,-0.00015381979756057262,-0.09343287348747253,-0.0009608520194888115
1.4147891998291016,-23.2979679107666,1.5216796398162842,-0.39990234375,-0.019501952454447746,-0.03195800632238388,-0.42039549350738525,-2.999647705839914,2.7418320178985596,-0.04597434990665372,-0.036613889038562775,0.25,1.0606987476348877,0.0,-7.456863841071026e-06,-0.35,-0.34700822830200195,-3.126267270389212,-3.12581205368042,-0.00015381979756057262,-0.09343287348747253,-0.0009608520194888115
1.4195046424865723,-23.2979679107666,1.572695255279541,-0.39990234375,-0.020185546949505806,-0.03195800632238388,-0.3986474573612213,-2.9996504090132685,2.72452974319458,-0.04579763865672877,-0.0363411083817482,-0.16785723176676604,1.2670503854751587,0.0,-1.0650730928318808e-06,-0.35,-0.34815749526023865,-3.126326181030587,-3.1258254051208496,-0.0001427058596163988,-0.08910420536994934,-0.0010340025182813406
1.4241909980773926,-23.2979679107666,1.572695255279541,-0.39990234375,-0.020185546949505806,-0.03195800632238388,-0.3986474573612213,-2.9996504090132685,2.72452974319458,-0.04579763865672877,-0.0363411083817482,0.25,1.2670503854751587,0.0,-1.0650730928318808e-06,-0.35,-0.34815749526023865,-3.126326181030587,-3.1258254051208496,-0.0001427058596163988,-0.08910420536994934,-0.0010340025182813406
1.429009199142456,-23.2979679107666,1.6044139862060547,-0.39990234375,-0.02060546912252903,-0.03195800632238388,-0.3820507824420929,-2.9996520695394064,2.6967391967773438,-0.045688748154827964,-0.03590306267142296,-0.06438369389467269,1.4433585405349731,0.0,1.6843382582010236e-06,-0.35,-0.3486226499080658,-3.1263624820846774,-3.1258318424224854,-0.00013304082676768303,-0.0844382718205452,-0.0010701101273298264
1.4337918758392334,-23.2979679107666,1.6044139862060547,-0.39990234375,-0.02060546912252903,-0.03195800632238388,-0.3820507824420929,-2.9996520695394064,2.6967391967773438,-0.045688748154827964,-0.03590306267142296,0.25,1.4433585405349731,0.0,1.6843382582010236e-06,-0.35,-0.3486226499080658,-3.1263624820846774,-3.1258318424224854,-0.00013304082676768303,-0.0844382718205452,-0.0010701101273298264
1.4383604526519775,-23.2979679107666,1.6204687356948853,-0.39990234375,-0.020820312201976776,-0.03195800632238388,-0.3737548887729645,-2.9996529111200543,2.7470247745513916,-0.04563346150561212,-0.036696258932352066,0.09185155459839373,1.4025166034698486,0.0,4.9492136895423755e-06,-0.35,-0.34903499484062195,-3.1263809131027345,-3.1258389949798584,-0.00011859647929668427,-0.06603133678436279,-0.0011107150930911303
1.4431848526000977,-23.2979679107666,1.6204687356948853,-0.39990234375,-0.020820312201976776,-0.03195800632238388,-0.3737548887729645,-2.9996529111200543,2.7470247745513916,-0.04563346150561212,-0.036696258932352066,0.25,1.4025166034698486,0.0,1.3962751836515963e-05,-0.35,-0.3495997190475464,-3.1263809131027345,-3.1258599758148193,-9.420921560376883e-05,-0.021390534937381744,-0.001174710807390511
1.4480562210083008,-23.2979679107666,1.6204687356948853,-0.39990234375,-0.020820312201976776,-0.03195800632238388,-0.3737548887729645,-2.9996529111200543,2.7470247745513916,-0.04563346150561212,-0.036696258932352066,0.25,1.4025166034698486,0.0,1.3962751836515963e-05,-0.35,-0.3495997190475464,-3.1263809131027345,-3.1258599758148193,-9.420921560376883e-05,-0.021390534937381744,-0.001174710807390511
1.453005313873291,-23.2979679107666,1.662148356437683,-0.39990234375,-0.021376952528953552,-0.03195800632238388,-0.352119117975235,-2.999655084125865,2.753837823867798,-0.045490397644454804,-0.03680393472313881,-0.1810375043572644,1.464049220085144,0.0,1.8056638509733602e-05,-0.35,-0.34969422221183777,-3.1264286065571274,-3.1258704662323,-7.984985131770372e-05,-0.008066569454967976,-0.0011794957099482417
1.4575419425964355,-23.2979679107666,1.662148356437683,-0.39990234375,-0.021376952528953552,-0.03195800632238388,-0.352119117975235,-2.999655084125865,2.753837823867798,-0.045490397644454804,-0.03680393472313881,0.25,1.464049220085144,0.0,1.8056638509733602e-05,-0.35,-0.34969422221183777,-3.1264286065571274,-3.1258704662323,-7.984985131770372e-05,-0.008066569454967976,-0.0011794957099482417
1.4619596004486084,-23.2979679107666,1.689453125,-0.39990234375,-0.021738281473517418,-0.03195800632238388,-0.3378564417362213,-2.9996564940196384,2.7872347831726074,-0.045397333465857996,-0.03733109310269356,-0.07813731513700709,1.455018401145935,0.0,2.091910209855996e-05,-0.35,-0.34969791769981384,-3.1264596315096997,-3.1258773803710938,-6.976962322369218e-05,-0.0006268227589316666,-0.0011752279242500663
1.4667026996612549,-23.2979679107666,1.689453125,-0.39990234375,-0.021738281473517418,-0.03195800632238388,-0.3378564417362213,-2.9996564940196384,2.7872347831726074,-0.045397333465857996,-0.03733109310269356,0.24471874833106996,1.455018401145935,0.0,2.091910209855996e-05,-0.35,-0.34969791769981384,-3.1264596315096997,-3.1258773803710938,-6.976962322369218e-05,-0.0006268227589316666,-0.0011752279242500663
1.4718842506408691,-23.2979679107666,1.70535147190094,-0.39990234375,-0.021953124552965164,-0.03195800632238388,-0.32991698384284973,-2.9996573202745886,2.820978879928589,-0.04534270529065654,-0.03786369785666466,0.08514167242266726,1.4097001552581787,0.0,2.3613834855495952e-05,-0.35,-0.3496485948562622,-3.1264778429841753,-3.125884532928467,-4.83037147205323e-05,0.00874088704586029,-0.0011794735910370946
1.4769649505615234,-23.2979679107666,1.70535147190094,-0.39990234375,-0.021953124552965164,-0.03195800632238388,-0.32991698384284973,-2.9996573202745886,2.820978879928589,-0.04534270529065654,-0.03786369785666466,0.2383671820163727,1.4097001552581787,0.0,3.103438575635664e-05,-0.35,-0.34935566782951355,-3.1264778429841753,-3.1259050369262695,-1.6268910258077085e-05,0.020288605242967606,-0.0011475869687274098
1.4819865226745605,-23.2979679107666,1.76199209690094,-0.39990234375,-0.022714843973517418,-0.03195800632238388,-0.3019677698612213,-2.9996602407320334,2.8768179416656494,-0.04514908826807571,-0.03874565660953522,-0.25,1.4220550060272217,0.0,3.103438575635664e-05,-0.35,-0.34935566782951355,-3.1265423893331707,-3.1259050369262695,-1.6268910258077085e-05,0.020288605242967606,-0.0011475869687274098
1.4872705936431885,-23.2979679107666,1.76199209690094,-0.39990234375,-0.022714843973517418,-0.03195800632238388,-0.3019677698612213,-2.9996602407320334,2.8768179416656494,-0.04514908826807571,-0.03874565660953522,0.21600781083106996,1.4220550060272217,0.0,3.2417767215520144e-05,-0.35,-0.3492856025695801,-3.1265423893331707,-3.1259090900421143,-6.839371053501964e-06,0.02146727964282036,-0.0011423343094065785
1.4919190406799316,-23.2979679107666,1.773867130279541,-0.39990234375,-0.022871093824505806,-0.03195800632238388,-0.2962939441204071,-2.999660843566578,2.9020206928253174,-0.045109018759532646,-0.03914357349276543,0.08941022841454827,1.3868520259857178,0.0,3.2417767215520144e-05,-0.35,-0.3492856025695801,-3.1265557473475125,-3.1259090900421143,-6.839371053501964e-06,0.02146727964282036,-0.0011423343094065785
1.4965579509735107,-23.2979679107666,1.773867130279541,-0.39990234375,-0.022871093824505806,-0.03195800632238388,-0.2962939441204071,-2.999660843566578,2.9020206928253174,-0.045109018759532646,-0.03914357349276543,0.2114687502384186,1.3868520259857178,0.0,3.6380257370183244e-05,-0.35,-0.3490447700023651,-3.1265557473475125,-3.1259217262268066,5.83991059102118e-05,0.023238655179739,-0.0011599520221352577
1.501272439956665,-23.2979679107666,1.773867130279541,-0.39990234375,-0.022871093824505806,-0.03195800632238388,-0.2962939441204071,-2.999660843566578,2.9020206928253174,-0.045109018759532646,-0.03914357349276543,0.2114687502384186,1.3868520259857178,0.0,3.6380257370183244e-05,-0.35,-0.3490447700023651,-3.1265557473475125,-3.1259217262268066,5.83991059102118e-05,0.023238655179739,-0.0011599520221352577
1.5058917999267578,-23.2979679107666,1.7926561832427979,-0.39990234375,-0.023125000298023224,-0.03195800632238388,-0.2881201207637787,-2.999661807129307,2.9579033851623535,-0.0450448981543822,-0.0400257483124733,0.027982594778922287,1.2861080169677734,0.0,3.8342481275321916e-05,-0.35,-0.3489115238189697,-3.126577123295726,-3.1259286403656006,9.822539868764579e-05,0.02246873825788498,-0.0011620071018114686
1.5107743740081787,-23.2979679107666,1.851171851158142,-0.39990234375,-0.023916015401482582,-0.03195800632238388,-0.26466795802116394,-2.999664790512227,3.0492019653320312,-0.044845786437933174,-0.041467420756816864,-0.25,1.195224404335022,0.0,4.2616498831193894e-05,-0.35,-0.348618745803833,-3.126643501317704,-3.125945568084717,0.00012028630590066314,0.019884375855326653,-0.0011558615369722247
1.5154008865356445,-23.2979679107666,1.851171851158142,-0.39990234375,-0.023916015401482582,-0.03195800632238388,-0.26466795802116394,-2.999664790512227,3.0492019653320312,-0.044845786437933174,-0.041467420756816864,0.18616796135902405,1.195224404335022,0.0,4.2616498831193894e-05,-0.35,-0.348618745803833,-3.126643501317704,-3.125945568084717,0.00012028630590066314,0.019884375855326653,-0.0011558615369722247
1.5199973583221436,-23.2979679107666,1.851171851158142,-0.39990234375,-0.023916015401482582,-0.03195800632238388,-0.26466795802116394,-2.999664790512227,3.0492019653320312,-0.044845786437933174,-0.041467420756816864,0.18616796135902405,1.195224404335022,0.0,4.3843381718033925e-05,-0.35,-0.3485477864742279,-3.126643501317704,-3.125951051712036,0.00015883494052104652,0.01556164026260376,-0.001180115039460361
1.5248324871063232,-23.2979679107666,1.884765625,-0.39990234375,-0.02436523325741291,-0.03195800632238388,-0.25254881381988525,-2.999666482357453,3.1225719451904297,-0.04473247837158118,-0.04262537881731987,-0.07417515972192001,1.0823756456375122,0.0,4.3843381718033925e-05,-0.35,-0.3485477864742279,-3.1266812748831847,-3.125951051712036,0.00015883494052104652,0.01556164026260376,-0.001180115039460361
1.5297179222106934,-23.2979679107666,1.884765625,-0.39990234375,-0.02436523325741291,-0.03195800632238388,-0.25254881381988525,-2.999666482357453,3.1225719451904297,-0.04473247837158118,-0.04262537881731987,0.1764726459980011,1.0823756456375122,0.0,4.3843381718033925e-05,-0.35,-0.3485477864742279,-3.1266812748831847,-3.125951051712036,0.00015883494052104652,0.01556164026260376,-0.001180115039460361
1.5341370105743408,-23.2979679107666,1.884765625,-0.39990234375,-0.02436523325741291,-0.03195800632238388,-0.25254881381988525,-2.999666482357453,3.1225719451904297,-0.04473247837158118,-0.04262537881731987,0.1764726459980011,1.0823756456375122,0.0,4.648935646400787e-05,-0.35,-0.34846031665802,-3.1266812748831847,-3.125967502593994,0.0002519587578717619,0.005037203896790743,-0.001261850935406983
1.5393240451812744,-23.2979679107666,1.9034374952316284,-0.39990234375,-0.02461913973093033,-0.03195800632238388,-0.2464013546705246,-2.9996674264003973,3.1563570499420166,-0.04466912795677809,-0.04315852001309395,0.05303880949300055,1.0379409790039062,0.0,4.759902731166221e-05,-0.35,-0.34845399856567383,-3.126702394032665,-3.1259756088256836,0.0003247304994147271,-0.0022785281762480736,-0.0013735165121033788
1.5441818237304688,-23.2979679107666,1.9577343463897705,-0.39990234375,-0.025361327454447746,-0.03195800632238388,-0.23192381858825684,-2.9996674264003973,3.2967100143432617,-0.04466912795677809,-0.04537156596779823,0.1715546786785126,0.7878938317298889,0.0,4.759902731166221e-05,-0.35,-0.34845399856567383,-3.126702394032665,-3.1259756088256836,0.0003247304994147271,-0.0022785281762480736,-0.0013735165121033788
1.5490176677703857,-23.2979679107666,1.9577343463897705,-0.39990234375,-0.025361327454447746,-0.03195800632238388,-0.23192381858825684,-2.9996701629006806,3.2967100143432617,-0.04448498402161548,-0.04537156596779823,-0.13940706472657094,0.7878938317298889,0.0,5.0000417104456574e-05,-0.35,-0.348509281873703,-3.126763782121721,-3.1259963512420654,0.0003652006562333554,-0.005810922011733055,-0.0015025725588202477
1.553525447845459,-23.2979679107666,1.9577343463897705,-0.39990234375,-0.025361327454447746,-0.03195800632238388,-0.23192381858825684,-2.9996701629006806,3.2967100143432617,-0.04448498402161548,-0.04537156596779823,0.15997264981269838,0.7878938317298889,0.0,5.0000417104456574e-05,-0.35,-0.348509281873703,-3.126763782121721,-3.1259963512420654,0.0003652006562333554,-0.005810922011733055,-0.0015025725588202477
1.558229684829712,-23.2979679107666,1.9834765195846558,-0.39990234375,-0.025722656399011612,-0.03195800632238388,-0.22663085162639618,-2.999671468842511,3.368713855743408,-0.044396835610376204,-0.046505916863679886,0.043223388503105434,0.6522055864334106,0.0,5.089379919809289e-05,-0.35,-0.3485407829284668,-3.126793168149937,-3.126004695892334,0.00038344229687936604,-0.006654966622591019,-0.0015745487762615085
1.5633187294006348,-23.2979679107666,1.9834765195846558,-0.39990234375,-0.025722656399011612,-0.03195800632238388,-0.22663085162639618,-2.999671468842511,3.368713855743408,-0.044396835610376204,-0.046505916863679886,0.15573827624320985,0.6522055864334106,0.0,5.089379919809289e-05,-0.35,-0.3485407829284668,-3.126793168149937,-3.126004695892334,0.00038344229687936604,-0.006654966622591019,-0.0015745487762615085
1.568333387374878,-23.2979679107666,2.0038671493530273,-0.39990234375,-0.026005858555436134,-0.03195800632238388,-0.22367675602436066,-2.9996724943005963,3.441685438156128,-0.04432749639260696,-0.047654908150434494,0.0944657856694405,0.49939510226249695,0.0,5.21049223607406e-05,-0.35,-0.3485797643661499,-3.126816283749973,-3.1260149478912354,0.00039949387428350747,-0.006563383154571056,-0.0016620608512312174
1.5730772018432617,-23.2979679107666,2.0038671493530273,-0.39990234375,-0.026005858555436134,-0.03195800632238388,-0.22367675602436066,-2.9996724943005963,3.441685438156128,-0.04432749639260696,-0.047654908150434494,0.15337499976158142,0.49939510226249695,0.0,5.21049223607406e-05,-0.35,-0.3485797643661499,-3.126816283749973,-3.1260149478912354,0.00039949387428350747,-0.006563383154571056,-0.0016620608512312174
1.5780611038208008,-23.2979679107666,2.0736327171325684,-0.39990234375,-0.026982421055436134,-0.03195800632238388,-0.21654784679412842,-2.9996759915512086,3.5501012802124023,-0.04409019971912747,-0.04936184734106064,0.004633159690828448,0.3608556389808655,0.0,5.612868699245155e-05,-0.35,-0.3486839234828949,-3.126895391231032,-3.1260459423065186,0.00038308900548145175,-0.005983765237033367,-0.0017714167479425669
1.58254075050354,-23.2979679107666,2.0736327171325684,-0.39990234375,-0.026982421055436134,-0.03195800632238388,-0.21654784679412842,-2.9996759915512086,3.5501012802124023,-0.04409019971912747,-0.04936184734106064,0.14767187237739562,0.3608556389808655,0.0,5.612868699245155e-05,-0.35,-0.3486839234828949,-3.126895391231032,-3.1260459423065186,0.00038308900548145175,-0.005983765237033367,-0.0017714167479425669
1.58719801902771,-23.2979679107666,2.0736327171325684,-0.39990234375,-0.026982421055436134,-0.03195800632238388,-0.21654784679412842,-2.9996759915512086,3.5501012802124023,-0.04409019971912747,-0.04936184734106064,0.14767187237739562,0.3608556389808655,0.0,5.826906635775231e-05,-0.35,-0.34872695803642273,-3.126895391231032,-3.1260604858398438,0.00035746447974815965,-0.00551763316616416,-0.0017750895349308848
1.5920791625976562,-23.2979679107666,2.0896873474121094,-0.39990234375,-0.0272070299834013,-0.03195800632238388,-0.21464842557907104,-2.999676790773422,3.54207444190979,-0.04403579107115515,-0.04923621937632561,0.10723888842640186,0.41938841342926025,0.0,5.826906635775231e-05,-0.35,-0.34872695803642273,-3.12691352940358,-3.1260604858398438,0.00035746447974815965,-0.00551763316616416,-0.0017750895349308848
1.5966782569885254,-23.2979679107666,2.0896873474121094,-0.39990234375,-0.0272070299834013,-0.03195800632238388,-0.21464842557907104,-2.999676790773422,3.54207444190979,-0.04403579107115515,-0.04923621937632561,0.14615233540534975,0.41938841342926025,0.0,6.003190719638951e-05,-0.35,-0.3487565219402313,-3.12691352940358,-3.1260721683502197,0.0003638649359345436,-0.00493595190346241,-0.0018034880049526691
1.6015679836273193,-23.2979679107666,2.132617235183716,-0.39990234375,-0.027812499552965164,-0.03195800632238388,-0.2088671773672104,-2.999678926500794,3.54187273979187,-0.04389006615447684,-0.04923441261053085,0.02329479258699485,0.5171118974685669,0.0,6.003190719638951e-05,-0.35,-0.3487565219402313,-3.1269621095923594,-3.1260721683502197,0.0003638649359345436,-0.00493595190346241,-0.0018034880049526691
1.6063868999481201,-23.2979679107666,2.132617235183716,-0.39990234375,-0.027812499552965164,-0.03195800632238388,-0.2088671773672104,-2.999678926500794,3.54187273979187,-0.04389006615447684,-0.04923441261053085,0.14152733683586122,0.5171118974685669,0.0,6.188565021147951e-05,-0.35,-0.3487834930419922,-3.1269621095923594,-3.126084327697754,0.0003535129362717271,-0.004424383398145437,-0.0018125480273738503
1.6113784313201904,-23.2979679107666,2.188906192779541,-0.39990234375,-0.028603514656424522,-0.03195800632238388,-0.20307128131389618,-2.999681700358967,3.6757164001464844,-0.04370007473147704,-0.05133550986647606,0.020776032679491838,0.27314475178718567,0.0,6.61613667034544e-05,-0.35,-0.34882816672325134,-3.127025446816025,-3.1261141300201416,0.0004302807501517236,-0.002093831542879343,-0.0018796607619151473
1.6167194843292236,-23.2979679107666,2.188906192779541,-0.39990234375,-0.028603514656424522,-0.03195800632238388,-0.20307128131389618,-2.999681700358967,3.6757164001464844,-0.04370007473147704,-0.05133550986647606,0.13689061999320984,0.27314475178718567,0.0,6.61613667034544e-05,-0.35,-0.34882816672325134,-3.127025446816025,-3.1261141300201416,0.0004302807501517236,-0.002093831542879343,-0.0018796607619151473
1.6218624114990234,-23.2979679107666,2.2210936546325684,-0.39990234375,-0.029052734375,-0.03195800632238388,-0.2017822265625,-2.999683270343099,3.7553019523620605,-0.04359217388165136,-0.05258376896381378,0.11079476398125428,0.12272137403488159,0.0,6.820708222221583e-05,-0.35,-0.3488396108150482,-3.1270614175730436,-3.126132011413574,0.00045967643382027745,-0.0011411068262532353,-0.0019094686722382903
1.6270978450775146,-23.2979679107666,2.2210936546325684,-0.39990234375,-0.029052734375,-0.03195800632238388,-0.2017822265625,-2.999683270343099,3.7553019523620605,-0.04359217388165136,-0.05258376896381378,0.1358593761920929,0.12272137403488159,0.0,6.820708222221583e-05,-0.35,-0.3488396108150482,-3.1270614175730436,-3.126132011413574,0.00045967643382027745,-0.0011411068262532353,-0.0019094686722382903
1.631711721420288,-23.2979679107666,2.2441797256469727,-0.39990234375,-0.029374999925494194,-0.03195800632238388,-0.20125000178813934,-2.999683270343099,3.785736560821533,-0.04359217388165136,-0.05306120216846466,0.1358593761920929,0.08737370371818542,0.0,6.96471324772574e-05,-0.35,-0.3488435447216034,-3.1270614175730436,-3.1261439323425293,0.00045714242151007056,-0.0006767724407836795,-0.0019064953085035086
1.6369025707244873,-23.2979679107666,2.2441797256469727,-0.39990234375,-0.029374999925494194,-0.03195800632238388,-0.20125000178813934,-2.9996843916926945,3.785736560821533,-0.043514942666026686,-0.05306120216846466,0.12518046161236188,0.08737370371818542,0.0,6.96471324772574e-05,-0.35,-0.3488435447216034,-3.1270871640249935,-3.1261439323425293,0.00045714242151007056,-0.0006767724407836795,-0.0019064953085035086
1.6418166160583496,-23.2979679107666,2.307812452316284,-0.39990234375,-0.0302734375,-0.03195800632238388,-0.19834472239017487,-2.999687478993484,3.7843053340911865,-0.043301597773240934,-0.053041115403175354,0.07398742340976139,0.22405539453029633,0.0,7.366613135673106e-05,-0.35,-0.34886059165000916,-3.127158286434904,-3.126178503036499,0.00047595862997695804,-0.0018512873211875558,-0.00194564089179039
1.6464524269104004,-23.2979679107666,2.307812452316284,-0.39990234375,-0.0302734375,-0.03195800632238388,-0.19834472239017487,-2.999687478993484,3.7843053340911865,-0.043301597773240934,-0.053041115403175354,0.1331093728542328,0.22405539453029633,0.0,7.366613135673106e-05,-0.35,-0.34886059165000916,-3.127158286434904,-3.126178503036499,0.00047595862997695804,-0.0018512873211875558,-0.00194564089179039
1.6511261463165283,-23.2979679107666,2.307812452316284,-0.39990234375,-0.0302734375,-0.03195800632238388,-0.19834472239017487,-2.999687478993484,3.7843053340911865,-0.043301597773240934,-0.053041115403175354,0.1331093728542328,0.22405539453029633,0.0,7.424504292430356e-05,-0.35,-0.3488660752773285,-3.127158286434904,-3.12618350982666,0.0004860646731685847,-0.0022334163077175617,-0.0019688680768013
1.6559929847717285,-23.2979679107666,2.3362109661102295,-0.39990234375,-0.030673827975988388,-0.03195800632238388,-0.19605956971645355,-2.999688846037007,3.7668187618255615,-0.043206792997967786,-0.052768904715776443,0.08432771620293514,0.3313056230545044,0.0,7.424504292430356e-05,-0.35,-0.3488660752773285,-3.127189891311854,-3.12618350982666,0.0004860646731685847,-0.0022334163077175617,-0.0019688680768013
1.6606941223144531,-23.2979679107666,2.3362109661102295,-0.39990234375,-0.030673827975988388,-0.03195800632238388,-0.19605956971645355,-2.999688846037007,3.7668187618255615,-0.043206792997967786,-0.052768904715776443,0.13128125071525573,0.3313056230545044,0.0,7.694397208979353e-05,-0.35,-0.3488975763320923,-3.127189891311854,-3.126207113265991,0.0004765686462633312,-0.0030357057694345713,-0.002011858392506838
1.6656711101531982,-23.2979679107666,2.3808202743530273,-0.39990234375,-0.03129882737994194,-0.03195800632238388,-0.18991698324680328,-2.9996909746912643,3.7154195308685303,-0.04305875469370704,-0.051967982202768326,0.0029474210604936157,0.5664909482002258,0.0,7.849978283047676e-05,-0.35,-0.34891974925994873,-3.127239242514363,-3.1262199878692627,0.0004935950855724514,-0.0036140934098511934,-0.002060913247987628
1.6705420017242432,-23.2979679107666,2.3808202743530273,-0.39990234375,-0.03129882737994194,-0.03195800632238388,-0.18991698324680328,-2.9996909746912643,3.7154195308685303,-0.04305875469370704,-0.051967982202768326,0.12636718153953552,0.5664909482002258,0.0,7.849978283047676e-05,-0.35,-0.34891974925994873,-3.127239242514363,-3.1262199878692627,0.0004935950855724514,-0.0036140934098511934,-0.002060913247987628
1.6752638816833496,-23.2979679107666,2.4436328411102295,-0.39990234375,-0.03218749910593033,-0.03195800632238388,-0.18256835639476776,-2.9996909746912643,3.841085195541382,-0.04305875469370704,-0.05393003299832344,0.12636718153953552,0.3501439094543457,0.0,8.178472489817068e-05,-0.35,-0.34899115562438965,-3.127239242514363,-3.126258373260498,0.0006445891340263188,-0.004484901204705238,-0.0022251217160373926
1.6806411743164062,-23.2979679107666,2.4436328411102295,-0.39990234375,-0.03218749910593033,-0.03195800632238388,-0.18256835639476776,-2.9996939615281732,3.841085195541382,-0.04285017119468301,-0.05393003299832344,-0.016172068439033585,0.3501439094543457,0.0,8.178472489817068e-05,-0.35,-0.34899115562438965,-3.127308777475416,-3.126258373260498,0.0006445891340263188,-0.004484901204705238,-0.0022251217160373926
1.6853628158569336,-23.2979679107666,2.4517576694488525,-0.39990234375,-0.032304685562849045,-0.03195800632238388,-0.18189941346645355,-2.9996943494751465,3.8586442470550537,-0.042823004645591765,-0.054203856736421585,0.1057855333096811,0.3181905150413513,0.0,8.211503882193938e-05,-0.35,-0.3490006625652313,-3.127317833915067,-3.12626314163208,0.0006591416895389557,-0.004509547259658575,-0.0022431793622672558
1.6898384094238281,-23.2979679107666,2.4517576694488525,-0.39990234375,-0.032304685562849045,-0.03195800632238388,-0.18189941346645355,-2.9996943494751465,3.8586442470550537,-0.042823004645591765,-0.054203856736421585,0.11995312571525574,0.3181905150413513,0.0,8.211503882193938e-05,-0.35,-0.3490006625652313,-3.127317833915067,-3.12626314163208,0.0006591416895389557,-0.004509547259658575,-0.0022431793622672558
1.694756031036377,-23.2979679107666,2.4517576694488525,-0.39990234375,-0.032304685562849045,-0.03195800632238388,-0.18189941346645355,-2.9996943494751465,3.8586442470550537,-0.042823004645591765,-0.054203856736421585,0.11995312571525574,0.3181905150413513,0.0,8.390330913243815e-05,-0.35,-0.34905382990837097,-3.127317833915067,-3.1262917518615723,0.0006923391483724117,-0.004572274163365364,-0.002340935170650482
1.6996161937713623,-23.2979679107666,2.4971094131469727,-0.39990234375,-0.032939452677965164,-0.03195800632238388,-0.17942871153354645,-2.999696473946936,3.9383349418640137,-0.04267392869559941,-0.05544620752334595,0.06714077805168697,0.18886595964431763,0.0,8.390330913243815e-05,-0.35,-0.34905382990837097,-3.1273675309440985,-3.1262917518615723,0.0006923391483724117,-0.004572274163365364,-0.002340935170650482
1.7044520378112793,-23.2979679107666,2.4971094131469727,-0.39990234375,-0.032939452677965164,-0.03195800632238388,-0.17942871153354645,-2.999696473946936,3.9383349418640137,-0.04267392869559941,-0.05544620752334595,0.11797656416893006,0.18886595964431763,0.0,8.390330913243815e-05,-0.35,-0.34905382990837097,-3.1273675309440985,-3.1262917518615723,0.0006923391483724117,-0.004572274163365364,-0.002340935170650482
1.7094106674194336,-23.2979679107666,2.5595312118530273,-0.39990234375,-0.03382812440395355,-0.03195800632238388,-0.17589354515075684,-2.9996993984379494,3.9629108905792236,-0.04246785856391489,-0.05583079531788826,0.04385521777295896,0.2431303858757019,0.0,8.390330913243815e-05,-0.35,-0.34905382990837097,-3.1274362279049215,-3.1262917518615723,0.0006923391483724117,-0.004572274163365364,-0.002340935170650482
1.7143340110778809,-23.2979679107666,2.5595312118530273,-0.39990234375,-0.03382812440395355,-0.03195800632238388,-0.17589354515075684,-2.9996993984379494,3.9629108905792236,-0.04246785856391489,-0.05583079531788826,0.11514843106269837,0.2431303858757019,0.0,8.760381751926616e-05,-0.35,-0.3491322994232178,-3.1274362279049215,-3.126338243484497,0.000654323841445148,-0.004181713331490755,-0.002423649188131094
1.7187957763671875,-23.2979679107666,2.5929296016693115,-0.39990234375,-0.034296873956918716,-0.03195800632238388,-0.17313964664936066,-2.9997009405892388,3.9469947814941406,-0.042358789265459065,-0.05558544024825096,0.05122313902229533,0.3517855107784271,0.0,8.91732779564336e-05,-0.35,-0.349155992269516,-3.1274725879716883,-3.1263537406921387,0.0006237308261916041,-0.003957625478506088,-0.00243164855055511
1.7237083911895752,-23.2979679107666,2.5929296016693115,-0.39990234375,-0.034296873956918716,-0.03195800632238388,-0.17313964664936066,-2.9997009405892388,3.9469947814941406,-0.042358789265459065,-0.05558544024825096,0.11294531226158143,0.3517855107784271,0.0,8.91732779564336e-05,-0.35,-0.349155992269516,-3.1274725879716883,-3.1263537406921387,0.0006237308261916041,-0.003957625478506088,-0.00243164855055511
1.7287704944610596,-23.2979679107666,2.6171875,-0.39990234375,-0.0346386693418026,-0.03195800632238388,-0.1713232398033142,-2.999702057889333,3.983398675918579,-0.04227959193867218,-0.056150853633880615,0.07560973341247598,0.29837915301322937,0.0,9.218601189786568e-05,-0.35,-0.3491991460323334,-3.127498989707595,-3.1263856887817383,0.0006675540935248137,-0.0033851240295916796,-0.002479883376508951
1.7335631847381592,-23.2979679107666,2.6171875,-0.39990234375,-0.0346386693418026,-0.03195800632238388,-0.1713232398033142,-2.999702057889333,3.983398675918579,-0.04227959193867218,-0.056150853633880615,0.11149218678474426,0.29837915301322937,0.0,9.218601189786568e-05,-0.35,-0.3491991460323334,-3.127498989707595,-3.1263856887817383,0.0006675540935248137,-0.0033851240295916796,-0.002479883376508951
1.7383136749267578,-23.2979679107666,2.641796827316284,-0.39990234375,-0.034990232437849045,-0.03195800632238388,-0.17008300125598907,-2.9997031949441824,4.034937858581543,-0.04219884170999548,-0.05695032328367233,0.0843924049807612,0.2033601701259613,0.0,9.218601189786568e-05,-0.35,-0.3491991460323334,-3.1275259091188596,-3.1263856887817383,0.0006675540935248137,-0.0033851240295916796,-0.002479883376508951
1.7427706718444824,-23.2979679107666,2.641796827316284,-0.39990234375,-0.034990232437849045,-0.03195800632238388,-0.17008300125598907,-2.9997031949441824,4.034937858581543,-0.04219884170999548,-0.05695032328367233,0.11049999594688416,0.2033601701259613,0.0,9.218601189786568e-05,-0.35,-0.3491991460323334,-3.1275259091188596,-3.1263856887817383,0.0006675540935248137,-0.0033851240295916796,-0.002479883376508951
1.7480206489562988,-23.2979679107666,2.641796827316284,-0.39990234375,-0.034990232437849045,-0.03195800632238388,-0.17008300125598907,-2.9997031949441824,4.034937858581543,-0.04219884170999548,-0.05695032328367233,0.11049999594688416,0.2033601701259613,0.0,9.677580237621441e-05,-0.35,-0.3492501676082611,-3.1275259091188596,-3.1264333724975586,0.000616333563812077,-0.0025343724992126226,-0.0024360420648008585
1.7532093524932861,-23.2979679107666,2.7265625,-0.39990234375,-0.03619140386581421,-0.03195800632238388,-0.16640135645866394,-2.9997070627705993,4.080048084259033,-0.04192299564898844,-0.05765271931886673,0.03659967620331252,0.2373340129852295,0.0,9.677580237621441e-05,-0.35,-0.3492501676082611,-3.127617866844357,-3.1264333724975586,0.000616333563812077,-0.0025343724992126226,-0.0024360420648008585
1.7582793235778809,-23.2979679107666,2.7265625,-0.39990234375,-0.03619140386581421,-0.03195800632238388,-0.16640135645866394,-2.9997070627705993,4.080048084259033,-0.04192299564898844,-0.05765271931886673,0.10755468010902405,0.2373340129852295,0.0,9.846746979746968e-05,-0.35,-0.34926411509513855,-3.127617866844357,-3.126448631286621,0.0005815511103719473,-0.0022945869714021683,-0.002396725118160248
1.7628419399261475,-23.2979679107666,2.764843702316284,-0.39990234375,-0.036738280206918716,-0.03195800632238388,-0.16320312023162842,-2.999708800096811,4.058870315551758,-0.041798500233269656,-0.05732783302664757,0.034899550394783416,0.36669301986694336,0.0,0.00010016165470005944,-0.35,-0.34927889704704285,-3.127659369356784,-3.126464366912842,0.0005947740282863379,-0.0023993770591914654,-0.0023944424465298653
1.7675881385803223,-23.2979679107666,2.764843702316284,-0.39990234375,-0.036738280206918716,-0.03195800632238388,-0.16320312023162842,-2.999708800096811,4.058870315551758,-0.041798500233269656,-0.05732783302664757,0.10499609112739564,0.36669301986694336,0.0,0.00010016165470005944,-0.35,-0.34927889704704285,-3.127659369356784,-3.126464366912842,0.0005947740282863379,-0.0023993770591914654,-0.0023944424465298653
1.772336721420288,-23.2979679107666,2.790156126022339,-0.39990234375,-0.03709960728883743,-0.03195800632238388,-0.1612548828125,-2.999709942782014,4.138767719268799,-0.04171641373279097,-0.05856211856007576,0.062409735966406296,0.2352094203233719,0.0,0.00010340822336729616,-0.35,-0.3493247926235199,-3.1276867341746075,-3.1265087127685547,0.0007669039769098163,-0.0028166736010462046,-0.0024829634930938482
1.7772445678710938,-23.2979679107666,2.790156126022339,-0.39990234375,-0.03709960728883743,-0.03195800632238388,-0.1612548828125,-2.999709942782014,4.138767719268799,-0.04171641373279097,-0.05856211856007576,0.1034375011920929,0.2352094203233719,0.0,0.00010340822336729616,-0.35,-0.3493247926235199,-3.1276867341746075,-3.1265087127685547,0.0007669039769098163,-0.0028166736010462046,-0.0024829634930938482
1.782158613204956,-23.2979679107666,2.8442187309265137,-0.39990234375,-0.037861328572034836,-0.03195800632238388,-0.15910644829273224,-2.9997123525556733,4.211581707000732,-0.04154277223425145,-0.059684909880161285,0.05799847071761098,0.09106708317995071,0.0,0.00010365351045038551,-0.35,-0.3493305444717407,-3.1277446202476136,-3.126514434814453,0.0007827773224562407,-0.0028457753360271454,-0.002494202461093664
1.786649465560913,-23.2979679107666,2.8442187309265137,-0.39990234375,-0.037861328572034836,-0.03195800632238388,-0.15910644829273224,-2.9997123525556733,4.211581707000732,-0.04154277223425145,-0.059684909880161285,0.10171875357627869,0.09106708317995071,0.0,0.00010365351045038551,-0.35,-0.3493305444717407,-3.1277446202476136,-3.126514434814453,0.0007827773224562407,-0.0028457753360271454,-0.002494202461093664
1.7920396327972412,-23.2979679107666,2.8931639194488525,-0.39990234375,-0.038554687052965164,-0.03195800632238388,-0.1589697301387787,-2.999714522938762,4.277125835418701,-0.04138575685276394,-0.060695476830005646,0.09907294283584762,-0.00322239869274199,0.0,0.00010498044866835698,-0.35,-0.34936246275901794,-3.127796963707984,-3.12654447555542,0.0007907778490334749,-0.0027667193207889795,-0.002496082102879882
1.7972080707550049,-23.2979679107666,2.8931639194488525,-0.39990234375,-0.038554687052965164,-0.03195800632238388,-0.1589697301387787,-2.999714522938762,4.277125835418701,-0.04138575685276394,-0.060695476830005646,0.10160937905311584,-0.00322239869274199,0.0,0.00010498044866835698,-0.35,-0.34936246275901794,-3.127796963707984,-3.12654447555542,0.0007907778490334749,-0.0027667193207889795,-0.002496082102879882
1.802032232284546,-23.2979679107666,2.9194140434265137,-0.39990234375,-0.03892578184604645,-0.03195800632238388,-0.15876953303813934,-2.999715679036567,4.280707836151123,-0.041301875770811805,-0.060751937329769135,0.09729933751375293,0.032567013055086136,0.0,0.00010583598486846313,-0.35,-0.3493787944316864,-3.1278249267241782,-3.126560688018799,0.0007599401287734509,-0.002627164591103792,-0.0024685857351869345
1.8068718910217285,-23.2979679107666,2.9194140434265137,-0.39990234375,-0.03892578184604645,-0.03195800632238388,-0.15876953303813934,-2.999715679036567,4.280707836151123,-0.041301875770811805,-0.060751937329769135,0.10144922137260437,0.032567013055086136,0.0,0.00010583598486846313,-0.35,-0.3493787944316864,-3.1278249267241782,-3.126560688018799,0.0007599401287734509,-0.002627164591103792,-0.0024685857351869345
1.8112261295318604,-23.2979679107666,2.9194140434265137,-0.39990234375,-0.03892578184604645,-0.03195800632238388,-0.15876953303813934,-2.999715679036567,4.280707836151123,-0.041301875770811805,-0.060751937329769135,0.10144922137260437,0.032567013055086136,0.0,0.00010681263665901497,-0.35,-0.34939321875572205,-3.1278249267241782,-3.1265759468078613,0.0007204075227491558,-0.0024112474638968706,-0.0024220235645771027
1.8158845901489258,-23.2979679107666,2.9941015243530273,-0.39990234375,-0.03998046740889549,-0.03195800632238388,-0.15793944895267487,-2.9997189412101872,4.34981107711792,-0.04106426359783461,-0.0618148073554039,0.08296630462370666,-0.0287436805665493,0.0,0.00010681263665901497,-0.35,-0.34939321875572205,-3.1279041382458943,-3.1265759468078613,0.0007204075227491558,-0.0024112474638968706,-0.0024220235645771027
1.8206944465637207,-23.2979679107666,2.9941015243530273,-0.39990234375,-0.03998046740889549,-0.03195800632238388,-0.15793944895267487,-2.9997189412101872,4.34981107711792,-0.04106426359783461,-0.0618148073554039,0.10078515410423279,-0.0287436805665493,0.0,0.00010887521784752607,-0.35,-0.349427193403244,-3.1279041382458943,-3.126612424850464,0.0007647020975127816,-0.00244196318089962,-0.002453459892421961
1.8251941204071045,-23.2979679107666,3.0228514671325684,-0.39990234375,-0.04038085788488388,-0.03195800632238388,-0.15864746272563934,-2.999720178304755,4.403844356536865,-0.040973794933954984,-0.06264328956604004,0.11708634496682628,-0.12885838747024536,0.0,0.00010987321729771793,-0.35,-0.34945428371429443,-3.127934297286455,-3.1266398429870605,0.0008526939200237393,-0.0028260962571948767,-0.0025930372066795826
1.8298733234405518,-23.2979679107666,3.0228514671325684,-0.39990234375,-0.04038085788488388,-0.03195800632238388,-0.15864746272563934,-2.999720178304755,4.403844356536865,-0.040973794933954984,-0.06264328956604004,0.10135156512260438,-0.12885838747024536,0.0,0.00010987321729771793,-0.35,-0.34945428371429443,-3.127934297286455,-3.1266398429870605,0.0008526939200237393,-0.0028260962571948767,-0.0025930372066795826
1.834871768951416,-23.2979679107666,3.0496482849121094,-0.39990234375,-0.04076171666383743,-0.03195800632238388,-0.1598193347454071,-2.9997213383774795,4.443971157073975,-0.04088877697881904,-0.06325838714838028,0.12573379204917462,-0.1946999728679657,0.0,0.00010987321729771793,-0.35,-0.34945428371429443,-3.1279626392429165,-3.1266398429870605,0.0008526939200237393,-0.0028260962571948767,-0.0025930372066795826
1.839660882949829,-23.2979679107666,3.0496482849121094,-0.39990234375,-0.04076171666383743,-0.03195800632238388,-0.1598193347454071,-2.9997213383774795,4.443971157073975,-0.04088877697881904,-0.06325838714838028,0.10228906273841859,-0.1946999728679657,0.0,0.00010987321729771793,-0.35,-0.34945428371429443,-3.1279626392429165,-3.1266398429870605,0.0008526939200237393,-0.0028260962571948767,-0.0025930372066795826
1.8440701961517334,-23.2979679107666,3.0496482849121094,-0.39990234375,-0.04076171666383743,-0.03195800632238388,-0.1598193347454071,-2.9997213383774795,4.443971157073975,-0.04088877697881904,-0.06325838714838028,0.10228906273841859,-0.1946999728679657,0.0,0.00011193664977326989,-0.35,-0.349507212638855,-3.1279626392429165,-3.126692056655884,0.000915895274374634,-0.0030666920356452465,-0.002861172892153263
1.8487489223480225,-23.2979679107666,3.1396875381469727,-0.39990234375,-0.04204101487994194,-0.03195800632238388,-0.16505371034145355,-2.9997252009367226,4.54600715637207,-0.040604419280920956,-0.06482004374265671,0.218352646072981,-0.3285333514213562,0.0,0.00011193664977326989,-0.35,-0.349507212638855,-3.1280574338863296,-3.126692056655884,0.000915895274374634,-0.0030666920356452465,-0.002861172892153263
1.8532545566558838,-23.2979679107666,3.1396875381469727,-0.39990234375,-0.04204101487994194,-0.03195800632238388,-0.16505371034145355,-2.9997252009367226,4.54600715637207,-0.040604419280920956,-0.06482004374265671,0.10647656321525574,-0.3285333514213562,0.0,0.00011288065434200689,-0.35,-0.3495275676250458,-3.1280574338863296,-3.1267123222351074,0.0009364504367113113,-0.003060245420783758,-0.002972719259560108
1.8579273223876953,-23.2979679107666,3.159492015838623,-0.39990234375,-0.04232421889901161,-0.03195800632238388,-0.16669432818889618,-2.9997260461811552,4.575826168060303,-0.040541927215827896,-0.0652751550078392,0.14289926719778662,-0.3788623809814453,0.0,0.00011395641195122153,-0.35,-0.3495452105998993,-3.1280782664800175,-3.1267316341400146,0.000945296895224601,-0.002971912268549204,-0.0030837359372526407
1.8625922203063965,-23.2979679107666,3.159492015838623,-0.39990234375,-0.04232421889901161,-0.03195800632238388,-0.16669432818889618,-2.9997260461811552,4.575826168060303,-0.040541927215827896,-0.0652751550078392,0.10778905749320984,-0.3788623809814453,0.0,0.00011395641195122153,-0.35,-0.3495452105998993,-3.1280782664800175,-3.1267316341400146,0.000945296895224601,-0.002971912268549204,-0.0030837359372526407
1.8674449920654297,-23.2979679107666,3.2152342796325684,-0.39990234375,-0.04311523213982582,-0.03195800632238388,-0.1715087890625,-2.999728402212843,4.608343601226807,-0.04036722628050174,-0.06577306985855103,0.2108511622046703,-0.38032302260398865,0.0,0.00011534416989888996,-0.35,-0.34956225752830505,-3.128136505420501,-3.1267523765563965,0.0009204198722727597,-0.0028223588597029448,-0.0031503618229180574
1.8720009326934814,-23.2979679107666,3.2152342796325684,-0.39990234375,-0.04311523213982582,-0.03195800632238388,-0.1715087890625,-2.999728402212843,4.608343601226807,-0.04036722628050174,-0.06577306985855103,0.1116406261920929,-0.38032302260398865,0.0,0.00011534416989888996,-0.35,-0.34956225752830505,-3.128136505420501,-3.1267523765563965,0.0009204198722727597,-0.0028223588597029448,-0.0031503618229180574
1.8765733242034912,-23.2979679107666,3.291679620742798,-0.39990234375,-0.04419921711087227,-0.03195800632238388,-0.17472656071186066,-2.999731599588044,4.5404462814331055,-0.04012892264883185,-0.06474854052066803,0.18458877457842887,-0.07345099747180939,0.0,0.00012083342153346166,-0.35,-0.3496037423610687,-3.128215947114078,-3.1268086433410645,0.0007767818169668317,-0.002287112409248948,-0.0031636939384043217
1.881096363067627,-23.2979679107666,3.291679620742798,-0.39990234375,-0.04419921711087227,-0.03195800632238388,-0.17472656071186066,-2.999731599588044,4.5404462814331055,-0.04012892264883185,-0.06474854052066803,0.11421484351158143,-0.07345099747180939,0.0,0.00012083342153346166,-0.35,-0.3496037423610687,-3.128215947114078,-3.1268086433410645,0.0007767818169668317,-0.002287112409248948,-0.0031636939384043217
1.8856329917907715,-23.2979679107666,3.291679620742798,-0.39990234375,-0.04419921711087227,-0.03195800632238388,-0.17472656071186066,-2.999731599588044,4.5404462814331055,-0.04012892264883185,-0.06474854052066803,0.11421484351158143,-0.07345099747180939,0.0,0.00012152179988333955,-0.35,-0.3496076762676239,-3.128215947114078,-3.1268150806427,0.0007606419967487454,-0.0022327867336571217,-0.0031562913209199905
1.8902676105499268,-23.2979679107666,3.325429677963257,-0.39990234375,-0.04468749836087227,-0.03195800632238388,-0.17506834864616394,-2.999733013968103,4.551247596740723,-0.040023054728987956,-0.06491421908140182,0.12186294591005548,-0.049810990691185,0.0,0.00012152179988333955,-0.35,-0.3496076762676239,-3.1282512395698725,-3.1268150806427,0.0007606419967487454,-0.0022327867336571217,-0.0031562913209199905
1.8951125144958496,-23.2979679107666,3.325429677963257,-0.39990234375,-0.04468749836087227,-0.03195800632238388,-0.17506834864616394,-2.999733013968103,4.551247596740723,-0.040023054728987956,-0.06491421908140182,0.11448827385902405,-0.049810990691185,0.0,0.00012567860540002584,-0.35,-0.34963130950927734,-3.1282512395698725,-3.126854181289673,0.0008279844187200069,-0.0019331404473632574,-0.00315460585989058
1.8996257781982422,-23.2979679107666,3.353749990463257,-0.39990234375,-0.04508788883686066,-0.03195800632238388,-0.17583495378494263,-2.9997341811789506,4.594420909881592,-0.039935476291762376,-0.0655689686536789,0.13208716283005756,-0.12417180091142654,0.0,0.00012567860540002584,-0.35,-0.34963130950927734,-3.1282804349748545,-3.126854181289673,0.0008279844187200069,-0.0019331404473632574,-0.00315460585989058
1.9046409130096436,-23.2979679107666,3.353749990463257,-0.39990234375,-0.04508788883686066,-0.03195800632238388,-0.17583495378494263,-2.9997341811789506,4.594420909881592,-0.039935476291762376,-0.0655689686536789,0.11510155797004701,-0.12417180091142654,0.0,0.00012567860540002584,-0.35,-0.34963130950927734,-3.1282804349748545,-3.126854181289673,0.0008279844187200069,-0.0019331404473632574,-0.00315460585989058
1.909332036972046,-23.2979679107666,3.4351561069488525,-0.39990234375,-0.04625000059604645,-0.03195800632238388,-0.17963866889476776,-2.9997375250184066,4.690690517425537,-0.03968351038459218,-0.06702739745378494,0.19922776597984246,-0.2639146149158478,0.0,0.00012940574379172176,-0.35,-0.3496650159358978,-3.1283644310062924,-3.126915216445923,0.0010439539328217506,-0.0019592673052102327,-0.003335777670145035
1.9141299724578857,-23.2979679107666,3.4351561069488525,-0.39990234375,-0.04625000059604645,-0.03195800632238388,-0.17963866889476776,-2.9997375250184066,4.690690517425537,-0.03968351038459218,-0.06702739745378494,0.11814453005790711,-0.2639146149158478,0.0,0.00012940574379172176,-0.35,-0.3496650159358978,-3.1283644310062924,-3.126915216445923,0.0010439539328217506,-0.0019592673052102327,-0.003335777670145035
1.9186527729034424,-23.2979679107666,3.4351561069488525,-0.39990234375,-0.04625000059604645,-0.03195800632238388,-0.17963866889476776,-2.9997375250184066,4.690690517425537,-0.03968351038459218,-0.06702739745378494,0.11814453005790711,-0.2639146149158478,0.0,0.00012940574379172176,-0.35,-0.3496650159358978,-3.1283644310062924,-3.126915216445923,0.0010439539328217506,-0.0019592673052102327,-0.003335777670145035
1.9231629371643066,-23.2979679107666,3.4672656059265137,-0.39990234375,-0.046708982437849045,-0.03195800632238388,-0.18166503310203552,-2.999738833460391,4.725154876708984,-0.039584479656704384,-0.06754840165376663,0.1646944552768693,-0.31025558710098267,0.0,0.00013050399138592184,-0.35,-0.34967851638793945,-3.1283974441300924,-3.1269400119781494,0.0010858484311029315,-0.0019534556195139885,-0.003407395211979747
1.9279165267944336,-23.2979679107666,3.4672656059265137,-0.39990234375,-0.046708982437849045,-0.03195800632238388,-0.18166503310203552,-2.999738833460391,4.725154876708984,-0.039584479656704384,-0.06754840165376663,0.11976562142372132,-0.31025558710098267,0.0,0.00013050399138592184,-0.35,-0.34967851638793945,-3.1283974441300924,-3.1269400119781494,0.0010858484311029315,-0.0019534556195139885,-0.003407395211979747
1.932786226272583,-23.2979679107666,3.52398419380188,-0.39990234375,-0.04751953110098839,-0.03195800632238388,-0.1850000023841858,-2.999741128814171,4.737438678741455,-0.03941015225399672,-0.0677371546626091,0.19091768497673653,-0.25950151681900024,0.0,0.00013273801596369594,-0.35,-0.3497006893157959,-3.128455558301239,-3.126983404159546,0.0010705951135605574,-0.0018319996306672692,-0.003480181097984314
1.9374611377716064,-23.2979679107666,3.52398419380188,-0.39990234375,-0.04751953110098839,-0.03195800632238388,-0.1850000023841858,-2.999741128814171,4.737438678741455,-0.03941015225399672,-0.0677371546626091,0.12243359684944154,-0.25950151681900024,0.0,0.00013273801596369594,-0.35,-0.3497006893157959,-3.128455558301239,-3.126983404159546,0.0010705951135605574,-0.0018319996306672692,-0.003480181097984314
1.942505121231079,-23.2979679107666,3.602421760559082,-0.39990234375,-0.04864257574081421,-0.03195800632238388,-0.18631835281848907,-2.999744273694653,4.67349910736084,-0.03917004513834424,-0.06678546965122223,0.14962536596602766,0.032882608473300934,0.0,0.00013273801596369594,-0.35,-0.3497006893157959,-3.1285356008713645,-3.126983404159546,0.0010705951135605574,-0.0018319996306672692,-0.003480181097984314
1.9468395709991455,-23.2979679107666,3.602421760559082,-0.39990234375,-0.04864257574081421,-0.03195800632238388,-0.18631835281848907,-2.999744273694653,4.67349910736084,-0.03917004513834424,-0.06678546965122223,0.12348827719688416,0.032882608473300934,0.0,0.00013820519961882383,-0.35,-0.3497309386730194,-3.1285356008713645,-3.1270532608032227,0.0009163031354546547,-0.0014929582830518484,-0.0034334238152951
1.951542615890503,-23.2979679107666,3.638320207595825,-0.39990234375,-0.04916015639901161,-0.03195800632238388,-0.1860986351966858,-2.999744273694653,4.698017597198486,-0.03917004513834424,-0.06715467572212219,0.12348827719688416,0.019006915390491486,0.0,0.00013820519961882383,-0.35,-0.3497309386730194,-3.1285356008713645,-3.1270532608032227,0.0009163031354546547,-0.0014929582830518484,-0.0034334238152951
1.9562878608703613,-23.2979679107666,3.638320207595825,-0.39990234375,-0.04916015639901161,-0.03195800632238388,-0.1860986351966858,-2.9997457057432824,4.698017597198486,-0.039060221130167216,-0.06715467572212219,0.11868223379330678,0.019006915390491486,0.0,0.0001398943568347022,-0.35,-0.34973907470703125,-3.1285722119861563,-3.127073049545288,0.0009408376645296812,-0.0014227379579097033,-0.00341771449893713
1.961643934249878,-23.2979679107666,3.638320207595825,-0.39990234375,-0.04916015639901161,-0.03195800632238388,-0.1860986351966858,-2.9997457057432824,4.698017597198486,-0.039060221130167216,-0.06715467572212219,0.12331250309944153,0.019006915390491486,0.0,0.0001398943568347022,-0.35,-0.34973907470703125,-3.1285722119861563,-3.127073049545288,0.0009408376645296812,-0.0014227379579097033,-0.00341771449893713
1.966461181640625,-23.2979679107666,3.6664061546325684,-0.39990234375,-0.049560546875,-0.03195800632238388,-0.18639159202575684,-2.999746814110888,4.737918853759766,-0.038975007781627935,-0.06775259226560593,0.1296282840539134,-0.04922524839639664,0.0,0.0001412571145920083,-0.35,-0.3497471511363983,-3.1286006188383197,-3.1270949840545654,0.0010177157819271088,-0.001383108668960631,-0.0034201054368168116
1.9711461067199707,-23.2979679107666,3.6664061546325684,-0.39990234375,-0.049560546875,-0.03195800632238388,-0.18639159202575684,-2.999746814110888,4.737918853759766,-0.038975007781627935,-0.06775259226560593,0.12354686856269836,-0.04922524839639664,0.0,0.0001412571145920083,-0.35,-0.3497471511363983,-3.1286006188383197,-3.1270949840545654,0.0010177157819271088,-0.001383108668960631,-0.0034201054368168116
1.9758436679840088,-23.2979679107666,3.746835947036743,-0.39990234375,-0.050712890923023224,-0.03195800632238388,-0.1883837878704071,-2.9997499703424895,4.810770511627197,-0.03873132363130024,-0.06884433329105377,0.1675497761291459,-0.13300243020057678,0.0,0.00014374458987731487,-0.35,-0.34977027773857117,-3.128681853701492,-3.127157211303711,0.0011646568309515715,-0.001384896575473249,-0.003567461622878909
1.9806747436523438,-23.2979679107666,3.746835947036743,-0.39990234375,-0.050712890923023224,-0.03195800632238388,-0.1883837878704071,-2.9997499703424895,4.810770511627197,-0.03873132363130024,-0.06884433329105377,0.1251406252384186,-0.13300243020057678,0.0,0.00014374458987731487,-0.35,-0.34977027773857117,-3.128681853701492,-3.127157211303711,0.0011646568309515715,-0.001384896575473249,-0.003567461622878909
1.9851348400115967,-23.2979679107666,3.746835947036743,-0.39990234375,-0.050712890923023224,-0.03195800632238388,-0.1883837878704071,-2.9997499703424895,4.810770511627197,-0.03873132363130024,-0.06884433329105377,0.1251406252384186,-0.13300243020057678,0.0,0.00014401883527170867,-0.35,-0.34977301955223083,-3.128681853701492,-3.1271655559539795,0.0011673944536596537,-0.0013769833603873849,-0.0035856454633176327
1.989954948425293,-23.2979679107666,3.783281087875366,-0.39990234375,-0.0512402318418026,-0.03195800632238388,-0.1893603503704071,-2.9997513952599943,4.828230857849121,-0.0386208057362258,-0.06910663098096848,0.14618205231711473,-0.1289425790309906,0.0,0.00014401883527170867,-0.35,-0.34977301955223083,-3.1287186960616573,-3.1271655559539795,0.0011673944536596537,-0.0013769833603873849,-0.0035856454633176327
1.9945878982543945,-23.2979679107666,3.783281087875366,-0.39990234375,-0.0512402318418026,-0.03195800632238388,-0.1893603503704071,-2.9997513952599943,4.828230857849121,-0.0386208057362258,-0.06910663098096848,0.12592187523841858,-0.1289425790309906,0.0,0.0001459773484384641,-0.35,-0.34978875517845154,-3.1287186960616573,-3.127210855484009,0.001152843702584505,-0.0013014506548643112,-0.0036676691379398108
1.9993479251861572,-23.2979679107666,3.8417186737060547,-0.39990234375,-0.052070312201976776,-0.03195800632238388,-0.1898828148841858,-2.9997536416702353,4.816034317016602,-0.03844592678246651,-0.06893082708120346,0.13731592999494616,-0.012491674162447453,0.0,0.00014724049833603203,-0.35,-0.3497962951660156,-3.1287769938554364,-3.1272339820861816,0.0011411730665713549,-0.0012551438994705677,-0.003706288291141391
2.0039961338043213,-23.2979679107666,3.8417186737060547,-0.39990234375,-0.052070312201976776,-0.03195800632238388,-0.1898828148841858,-2.9997536416702353,4.816034317016602,-0.03844592678246651,-0.06893082708120346,0.12633984684944152,-0.012491674162447453,0.0,0.00014724049833603203,-0.35,-0.3497962951660156,-3.1287769938554364,-3.1272339820861816,0.0011411730665713549,-0.0012551438994705677,-0.003706288291141391
2.008594512939453,-23.2979679107666,3.8714842796325684,-0.39990234375,-0.05249999836087227,-0.03195800632238388,-0.18934570252895355,-2.999754787989708,4.817525863647461,-0.0383563806011571,-0.06895720213651657,0.11422968566334252,0.060959432274103165,0.0,0.000151143511175178,-0.35,-0.3498149812221527,-3.128806845028196,-3.1272997856140137,0.0011609536595642567,-0.0011071283370256424,-0.0037197344936430454
2.013251304626465,-23.2979679107666,3.8714842796325684,-0.39990234375,-0.05249999836087227,-0.03195800632238388,-0.18934570252895355,-2.999754787989708,4.817525863647461,-0.0383563806011571,-0.06895720213651657,0.12591015696525573,0.060959432274103165,0.0,0.000151143511175178,-0.35,-0.3498149812221527,-3.128806845028196,-3.1272997856140137,0.0011609536595642567,-0.0011071283370256424,-0.0037197344936430454
2.017632007598877,-23.2979679107666,3.9340624809265137,-0.39990234375,-0.053398437798023224,-0.03195800632238388,-0.18904297053813934,-2.9997571742434337,4.865674018859863,-0.038169301474482706,-0.06967055797576904,0.1187573912049762,-0.018479682505130768,0.0,0.00015159846225287765,-0.35,-0.3498179614543915,-3.128869209809795,-3.127309799194336,0.001183542306534946,-0.0010984563268721104,-0.0037267107982188463
2.0224530696868896,-23.2979679107666,3.9340624809265137,-0.39990234375,-0.053398437798023224,-0.03195800632238388,-0.18904297053813934,-2.9997571742434337,4.865674018859863,-0.038169301474482706,-0.06967055797576904,0.12566797137260438,-0.018479682505130768,0.0,0.00015159846225287765,-0.35,-0.3498179614543915,-3.128869209809795,-3.127309799194336,0.001183542306534946,-0.0010984563268721104,-0.0037267107982188463
2.027482032775879,-23.2979679107666,3.9886326789855957,-0.39990234375,-0.054179687052965164,-0.03195800632238388,-0.19051268696784973,-2.9997571742434337,4.944100856781006,-0.038169301474482706,-0.07082964479923248,0.12566797137260438,-0.15873946249485016,0.0,0.00015270149742718786,-0.35,-0.34982940554618835,-3.128869209809795,-3.127354383468628,0.0012689450522884727,-0.0010195026407018304,-0.0037214579060673714
2.0321123600006104,-23.2979679107666,3.9886326789855957,-0.39990234375,-0.054179687052965164,-0.03195800632238388,-0.19051268696784973,-2.9997592336492036,4.944100856781006,-0.03800710639265703,-0.07082964479923248,0.15858483663315348,-0.15873946249485016,0.0,0.00015270149742718786,-0.35,-0.34982940554618835,-3.1289232791949786,-3.127354383468628,0.0012689450522884727,-0.0010195026407018304,-0.0037214579060673714
2.036726951599121,-23.2979679107666,3.9886326789855957,-0.39990234375,-0.054179687052965164,-0.03195800632238388,-0.19051268696784973,-2.9997592336492036,4.944100856781006,-0.03800710639265703,-0.07082964479923248,0.12684374451637268,-0.15873946249485016,0.0,0.00015330433961935341,-0.35,-0.34983572363853455,-3.1289232791949786,-3.1273794174194336,0.0012636908795684576,-0.0009677869384177029,-0.003753849072381854
2.041563034057617,-23.2979679107666,4.066328048706055,-0.39990234375,-0.055292967706918716,-0.03195800632238388,-0.19361327588558197,-2.9997621379121284,4.99758768081665,-0.037777188207383766,-0.07162129878997803,0.19343786433918006,-0.20078803598880768,0.0,0.00015330433961935341,-0.35,-0.34983572363853455,-3.1289999247041522,-3.1273794174194336,0.0012636908795684576,-0.0009677869384177029,-0.003753849072381854
2.0464675426483154,-23.2979679107666,4.066328048706055,-0.39990234375,-0.055292967706918716,-0.03195800632238388,-0.19361327588558197,-2.9997621379121284,4.99758768081665,-0.037777188207383766,-0.07162129878997803,0.1293242156505585,-0.20078803598880768,0.0,0.000154721419676207,-0.35,-0.3498471975326538,-3.1289999247041522,-3.127427339553833,0.0012454367242753506,-0.000936195079702884,-0.003789548994973302
2.051327705383301,-23.2979679107666,4.110468864440918,-0.39990234375,-0.055927734822034836,-0.03195800632238388,-0.19562499225139618,-2.9997637759019655,5.035902500152588,-0.03764689610556455,-0.07218539714813232,0.1723255436119859,-0.24724122881889343,0.0,0.000154721419676207,-0.35,-0.3498471975326538,-3.129043358836672,-3.127427339553833,0.0012454367242753506,-0.000936195079702884,-0.003789548994973302
2.056119441986084,-23.2979679107666,4.110468864440918,-0.39990234375,-0.055927734822034836,-0.03195800632238388,-0.19562499225139618,-2.9997637759019655,5.035902500152588,-0.03764689610556455,-0.07218539714813232,0.13093358874320984,-0.24724122881889343,0.0,0.0001554732007207349,-0.35,-0.3498527705669403,-3.129043358836672,-3.1274514198303223,0.0012655147584155202,-0.0009080211166292429,-0.0038053684402257204
2.060708522796631,-23.2979679107666,4.141093730926514,-0.39990234375,-0.0563671849668026,-0.03195800632238388,-0.19722168147563934,-2.9997649046289934,5.056502819061279,-0.03755684965764664,-0.07248885929584503,0.1670041653927623,-0.2634371519088745,0.0,0.0001563572877785191,-0.35,-0.34985777735710144,-3.129073376677308,-3.1274759769439697,0.0012363102287054062,-0.0008621491142548621,-0.0037884849589318037
2.065495491027832,-23.2979679107666,4.141093730926514,-0.39990234375,-0.0563671849668026,-0.03195800632238388,-0.19722168147563934,-2.9997649046289934,5.056502819061279,-0.03755684965764664,-0.07248885929584503,0.13221094012260437,-0.2634371519088745,0.0,0.0001563572877785191,-0.35,-0.34985777735710144,-3.129073376677308,-3.1274759769439697,0.0012363102287054062,-0.0008621491142548621,-0.0037884849589318037
2.0702531337738037,-23.2979679107666,4.141093730926514,-0.39990234375,-0.0563671849668026,-0.03195800632238388,-0.19722168147563934,-2.9997649046289934,5.056502819061279,-0.03755684965764664,-0.07248885929584503,0.13221094012260437,-0.2634371519088745,0.0,0.0001563572877785191,-0.35,-0.34985777735710144,-3.129073376677308,-3.1274759769439697,0.0012363102287054062,-0.0008621491142548621,-0.0037884849589318037
2.0750508308410645,-23.2979679107666,4.172109127044678,-0.39990234375,-0.056816406548023224,-0.03195800632238388,-0.1985742151737213,-2.9997660481228743,5.055667400360107,-0.03746540443225918,-0.07247953861951828,0.16148427801880288,-0.22046780586242676,0.0,0.00015751128375995904,-0.35,-0.349862664937973,-3.129103860802184,-3.127500534057617,0.0011781075736507773,-0.0008047509472817183,-0.003744412213563919
2.080162763595581,-23.2979679107666,4.172109127044678,-0.39990234375,-0.056816406548023224,-0.03195800632238388,-0.1985742151737213,-2.9997660481228743,5.055667400360107,-0.03746540443225918,-0.07247953861951828,0.13329296708106994,-0.22046780586242676,0.0,0.00016008864622563124,-0.35,-0.34987568855285645,-3.129103860802184,-3.1275689601898193,0.001232351060025394,-0.0007394378772005439,-0.0037499237805604935
2.08479905128479,-23.2979679107666,4.270976543426514,-0.39990234375,-0.058232419192790985,-0.03195800632238388,-0.20445799827575684,-2.9997696360796775,5.137194633483887,-0.037177015135683854,-0.0736737847328186,0.25,-0.31657838821411133,0.0,0.00016008864622563124,-0.35,-0.34987568855285645,-3.1291999980073055,-3.1275689601898193,0.001232351060025394,-0.0007394378772005439,-0.0037499237805604935
2.0895562171936035,-23.2979679107666,4.270976543426514,-0.39990234375,-0.058232419192790985,-0.03195800632238388,-0.20445799827575684,-2.9997696360796775,5.137194633483887,-0.037177015135683854,-0.0736737847328186,0.13799999356269838,-0.31657838821411133,0.0,0.00016095246246550232,-0.35,-0.34988081455230713,-3.1291999980073055,-3.127596378326416,0.0012643135851249099,-0.0007344690384343266,-0.003803789149969816
2.094299793243408,-23.2979679107666,4.327226638793945,-0.39990234375,-0.05904296785593033,-0.03195800632238388,-0.2084375023841858,-2.9997716602758557,5.1906304359436035,-0.037013324706616446,-0.07445245236158371,0.2250760878023969,-0.39191141724586487,0.0,0.00016095246246550232,-0.35,-0.34988081455230713,-3.1292545656553776,-3.127596378326416,0.0012643135851249099,-0.0007344690384343266,-0.003803789149969816
2.0991687774658203,-23.2979679107666,4.327226638793945,-0.39990234375,-0.05904296785593033,-0.03195800632238388,-0.2084375023841858,-2.9997716602758557,5.1906304359436035,-0.037013324706616446,-0.07445245236158371,0.14118359684944154,-0.39191141724586487,0.0,0.000161446412676014,-0.35,-0.34988534450531006,-3.1292545656553776,-3.1276214122772217,0.0013255812227725983,-0.0007333765388466418,-0.003853859379887581
2.1038615703582764,-23.2979679107666,4.415468692779541,-0.39990234375,-0.060302734375,-0.03195800632238388,-0.2165234386920929,-2.9997747857072077,5.295292854309082,-0.036759149000986466,-0.07596952468156815,0.25,-0.5695184469223022,0.0,0.00016246005543507636,-0.35,-0.34989702701568604,-3.1293392972955996,-3.1276912689208984,0.0013952611479908228,-0.0006655485485680401,-0.0038921209052205086
2.1085569858551025,-23.2979679107666,4.415468692779541,-0.39990234375,-0.060302734375,-0.03195800632238388,-0.2165234386920929,-2.9997747857072077,5.295292854309082,-0.036759149000986466,-0.07596952468156815,0.14765234589576723,-0.5695184469223022,0.0,0.00016246005543507636,-0.35,-0.34989702701568604,-3.1293392972955996,-3.1276912689208984,0.0013952611479908228,-0.0006655485485680401,-0.0038921209052205086
2.1134893894195557,-23.2979679107666,4.415468692779541,-0.39990234375,-0.060302734375,-0.03195800632238388,-0.2165234386920929,-2.9997747857072077,5.295292854309082,-0.036759149000986466,-0.07596952468156815,0.14765234589576723,-0.5695184469223022,0.0,0.00016248840256594121,-0.35,-0.34989845752716064,-3.1293392972955996,-3.127700090408325,0.0014091422781348228,-0.0006563612842001021,-0.0038986352737993
2.11824631690979,-23.2979679107666,4.426796913146973,-0.39990234375,-0.06046874821186066,-0.03195800632238388,-0.21782714128494263,-2.999775189626483,5.315771579742432,-0.0367261718859655,-0.07626500725746155,0.1761017083309131,-0.6118718385696411,0.0,0.00016248840256594121,-0.35,-0.34989845752716064,-3.129350290491808,-3.127700090408325,0.0014091422781348228,-0.0006563612842001021,-0.0038986352737993
2.123049736022949,-23.2979679107666,4.426796913146973,-0.39990234375,-0.06046874821186066,-0.03195800632238388,-0.21782714128494263,-2.999775189626483,5.315771579742432,-0.0367261718859655,-0.07626500725746155,0.148695307970047,-0.6118718385696411,0.0,0.00016254829824902117,-0.35,-0.34990525245666504,-3.129350290491808,-3.12774658203125,0.0014192461967468262,-0.0005882931291125715,-0.003887874074280262
2.127474308013916,-23.2979679107666,4.487695217132568,-0.39990234375,-0.06133788824081421,-0.03195800632238388,-0.2262841761112213,-2.999777318523141,5.41371488571167,-0.03655187100698857,-0.0776766762137413,0.25,-0.807442843914032,0.0,0.00016254829824902117,-0.35,-0.34990525245666504,-3.129408395118342,-3.12774658203125,0.0014192461967468262,-0.0005882931291125715,-0.003887874074280262
2.1322312355041504,-23.2979679107666,4.487695217132568,-0.39990234375,-0.06133788824081421,-0.03195800632238388,-0.2262841761112213,-2.999777318523141,5.41371488571167,-0.03655187100698857,-0.0776766762137413,0.15546093583106996,-0.807442843914032,0.0,0.0001626619923627004,-0.35,-0.34990835189819336,-3.129408395118342,-3.1277718544006348,0.0013884165091440082,-0.0005468613817356527,-0.003855504095554352
2.1369106769561768,-23.2979679107666,4.521171569824219,-0.39990234375,-0.06181640550494194,-0.03195800632238388,-0.2317236214876175,-2.9997784815078337,5.457049369812012,-0.03645630099937179,-0.07830041646957397,0.25,-0.8868319988250732,0.0,0.0001626619923627004,-0.35,-0.34990835189819336,-3.1294402541461745,-3.1277718544006348,0.0013884165091440082,-0.0005468613817356527,-0.003855504095554352
2.1417219638824463,-23.2979679107666,4.521171569824219,-0.39990234375,-0.06181640550494194,-0.03195800632238388,-0.2317236214876175,-2.9997784815078337,5.457049369812012,-0.03645630099937179,-0.07830041646957397,0.1598124921321869,-0.8868319988250732,0.0,0.00016285426681861281,-0.35,-0.3499114215373993,-3.1294402541461745,-3.1277968883514404,0.0013711598003283143,-0.0005037429509684443,-0.0038506954442709684
2.146286725997925,-23.2979679107666,4.627968788146973,-0.39990234375,-0.06335937231779099,-0.03195800632238388,-0.2535449266433716,-2.9997821741045154,5.657644748687744,-0.03615118151298327,-0.08117198944091797,0.25,-1.3144787549972534,0.0,0.00016285426681861281,-0.35,-0.3499114215373993,-3.129541968089458,-3.1277968883514404,0.0013711598003283143,-0.0005037429509684443,-0.0038506954442709684
2.1510305404663086,-23.2979679107666,4.627968788146973,-0.39990234375,-0.06335937231779099,-0.03195800632238388,-0.2535449266433716,-2.9997821741045154,5.657644748687744,-0.03615118151298327,-0.08117198944091797,0.17726953625679018,-1.3144787549972534,0.0,0.000163327538757585,-0.35,-0.34991809725761414,-3.129541968089458,-3.1278505325317383,0.001367686316370964,-0.0004753971297759563,-0.0038583942223340273
2.1559510231018066,-23.2979679107666,4.657265663146973,-0.39990234375,-0.06377929449081421,-0.03195800632238388,-0.2610400319099426,-2.9997831724250803,5.7242326736450195,-0.03606824691219192,-0.08212153613567352,0.25,-1.4645287990570068,0.0,0.000163327538757585,-0.35,-0.34991809725761414,-3.129569614959188,-3.1278505325317383,0.001367686316370964,-0.0004753971297759563,-0.0038583942223340273
2.160672903060913,-23.2979679107666,4.657265663146973,-0.39990234375,-0.06377929449081421,-0.03195800632238388,-0.2610400319099426,-2.9997831724250803,5.7242326736450195,-0.03606824691219192,-0.08212153613567352,0.18326562047004702,-1.4645287990570068,0.0,0.0001635596709093079,-0.35,-0.3499203622341156,-3.129569614959188,-3.12787127494812,0.0013632305199280381,-0.00045514266821555793,-0.003859753254801035
2.165344715118408,-23.2979679107666,4.657265663146973,-0.39990234375,-0.06377929449081421,-0.03195800632238388,-0.2610400319099426,-2.9997831724250803,5.7242326736450195,-0.03606824691219192,-0.08212153613567352,0.18326562047004702,-1.4645287990570068,0.0,0.0001635596709093079,-0.35,-0.3499203622341156,-3.129569614959188,-3.12787127494812,0.0013632305199280381,-0.00045514266821555793,-0.003859753254801035
2.170417308807373,-23.2979679107666,4.692187309265137,-0.39990234375,-0.06427734345197678,-0.03195800632238388,-0.27061033248901367,-2.9997843534953534,5.781867980957031,-0.03596988357589939,-0.08294310420751572,0.25,-1.5842759609222412,0.0,0.0001639568799873814,-0.35,-0.34992289543151855,-3.1296024051014304,-3.1278960704803467,0.0013325595064088702,-0.00042853248305618763,-0.003831271780654788
2.1753177642822266,-23.2979679107666,4.692187309265137,-0.39990234375,-0.06427734345197678,-0.03195800632238388,-0.27061033248901367,-2.9997843534953534,5.781867980957031,-0.03596988357589939,-0.08294310420751572,0.19092186093330385,-1.5842759609222412,0.0,0.00016539578791707754,-0.35,-0.34992945194244385,-3.1296024051014304,-3.1279611587524414,0.0012545095523819327,-0.00036920016282238066,-0.003746508387848735
2.1800899505615234,-23.2979679107666,4.803124904632568,-0.39990234375,-0.06586913764476776,-0.03195800632238388,-0.3049951195716858,-2.9997880769948098,5.933634281158447,-0.035658002184375356,-0.08510205894708633,0.25,-1.881960153579712,0.0,0.00016539578791707754,-0.35,-0.34992945194244385,-3.1297063729740935,-3.1279611587524414,0.0012545095523819327,-0.00036920016282238066,-0.003746508387848735
2.1846373081207275,-23.2979679107666,4.803124904632568,-0.39990234375,-0.06586913764476776,-0.03195800632238388,-0.3049951195716858,-2.9997880769948098,5.933634281158447,-0.035658002184375356,-0.08510205894708633,0.21842969059944153,-1.881960153579712,0.0,0.00016663892893120646,-0.35,-0.3499319553375244,-3.1297063729740935,-3.127992630004883,0.0011645833728834987,-0.00033387047005817294,-0.003651177976280451
2.1892380714416504,-23.2979679107666,4.803124904632568,-0.39990234375,-0.06586913764476776,-0.03195800632238388,-0.3049951195716858,-2.9997880769948098,5.933634281158447,-0.035658002184375356,-0.08510205894708633,0.21842969059944153,-1.881960153579712,0.0,0.00016663892893120646,-0.35,-0.3499319553375244,-3.1297063729740935,-3.127992630004883,0.0011645833728834987,-0.00033387047005817294,-0.003651177976280451
2.1940505504608154,-23.2979679107666,4.871249675750732,-0.39990234375,-0.06684570014476776,-0.03195800632238388,-0.32530272006988525,-2.9997903318989945,5.895350933074951,-0.03546779730012464,-0.08456897735595703,0.25,-1.7050602436065674,0.0,0.0001679764682194218,-0.35,-0.3499339818954468,-3.129769779057396,-3.1280159950256348,0.0010794749250635505,-0.00030487641924992204,-0.00355921545997262
2.198824644088745,-23.2979679107666,4.871249675750732,-0.39990234375,-0.06684570014476776,-0.03195800632238388,-0.32530272006988525,-2.9997903318989945,5.895350933074951,-0.03546779730012464,-0.08456897735595703,0.2346757709980011,-1.7050602436065674,0.0,0.0001679764682194218,-0.35,-0.3499339818954468,-3.129769779057396,-3.1280159950256348,0.0010794749250635505,-0.00030487641924992204,-0.00355921545997262
2.2035036087036133,-23.2979679107666,4.906874656677246,-0.39990234375,-0.0673535168170929,-0.03195800632238388,-0.33525389432907104,-2.999791498366315,5.887233734130859,-0.03536900237750351,-0.08445818722248077,0.25,-1.6451982259750366,0.0,0.00016914568550419062,-0.35,-0.3499358594417572,-3.129802712993596,-3.1280391216278076,0.0011026669526472688,-0.0003168974944856018,-0.0035508256405591965
2.208085775375366,-23.2979679107666,4.906874656677246,-0.39990234375,-0.0673535168170929,-0.03195800632238388,-0.33525389432907104,-2.999791498366315,5.887233734130859,-0.03536900237750351,-0.08445818722248077,0.24263671040534973,-1.6451982259750366,0.0,0.00016914568550419062,-0.35,-0.3499358594417572,-3.129802712993596,-3.1280391216278076,0.0011026669526472688,-0.0003168974944856018,-0.0035508256405591965
2.212722063064575,-23.2979679107666,5.00390625,-0.39990234375,-0.06875000149011612,-0.03195800632238388,-0.3588818311691284,-2.999794660765072,5.79854679107666,-0.035099761329168075,-0.08322352916002274,0.25,-1.2991966009140015,0.0,0.00017239066073670983,-0.35,-0.3499411344528198,-3.1298924662002383,-3.1281015872955322,0.0011473017511889338,-0.00033382189576514065,-0.003621948417276144
2.217301368713379,-23.2979679107666,5.00390625,-0.39990234375,-0.06875000149011612,-0.03195800632238388,-0.3588818311691284,-2.999794660765072,5.79854679107666,-0.035099761329168075,-0.08322352916002274,0.25,-1.2991966009140015,0.0,0.00017239066073670983,-0.35,-0.3499411344528198,-3.1298924662002383,-3.1281015872955322,0.0011473017511889338,-0.00033382189576514065,-0.003621948417276144
2.221733570098877,-23.2979679107666,5.047226428985596,-0.39990234375,-0.06937500089406967,-0.03195800632238388,-0.36775389313697815,-2.999796059782115,5.761343479156494,-0.034979990218622276,-0.08270751684904099,0.25,-1.1510684490203857,0.0,0.00017370864225085825,-0.35,-0.34994372725486755,-3.1299323926272593,-3.12813138961792,0.001172553631477058,-0.00033866026205942035,-0.0037023089826107025
2.226374864578247,-23.2979679107666,5.047226428985596,-0.39990234375,-0.06937500089406967,-0.03195800632238388,-0.36775389313697815,-2.999796059782115,5.761343479156494,-0.034979990218622276,-0.08270751684904099,0.25,-1.1510684490203857,0.0,0.00017370864225085825,-0.35,-0.34994372725486755,-3.1299323926272593,-3.12813138961792,0.001172553631477058,-0.00033866026205942035,-0.0037023089826107025
2.2311196327209473,-23.2979679107666,5.047226428985596,-0.39990234375,-0.06937500089406967,-0.03195800632238388,-0.36775389313697815,-2.999796059782115,5.761343479156494,-0.034979990218622276,-0.08270751684904099,0.25,-1.1510684490203857,0.0,0.00017436857160646468,-0.35,-0.349945992231369,-3.1299323926272593,-3.1281557083129883,0.00126903154887259,-0.00035057711647823453,-0.0037766892928630114
2.235928773880005,-23.2979679107666,5.082148551940918,-0.39990234375,-0.06987304240465164,-0.03195800632238388,-0.37492185831069946,-2.9997971738871176,5.788209915161133,-0.034884316517045585,-0.08308639377355576,0.25,-1.1877201795578003,0.0,0.00017436857160646468,-0.35,-0.349945992231369,-3.129964286023309,-3.1281557083129883,0.00126903154887259,-0.00035057711647823453,-0.0037766892928630114
2.2406506538391113,-23.2979679107666,5.082148551940918,-0.39990234375,-0.06987304240465164,-0.03195800632238388,-0.37492185831069946,-2.9997971738871176,5.788209915161133,-0.034884316517045585,-0.08308639377355576,0.25,-1.1877201795578003,0.0,0.00017417760682292283,-0.35,-0.34995195269584656,-3.129964286023309,-3.1282260417938232,0.0014488819288089871,-0.00035331526305526495,-0.003920615650713444
2.245427131652832,-23.2979679107666,5.196210861206055,-0.39990234375,-0.0715039074420929,-0.03195800632238388,-0.40031737089157104,-2.999800777737277,5.874942302703857,-0.034573022529541066,-0.08430638909339905,0.25,-1.306903600692749,0.0,0.00017417760682292283,-0.35,-0.34995195269584656,-3.130068057639252,-3.1282260417938232,0.0014488819288089871,-0.00035331526305526495,-0.003920615650713444
2.2500178813934326,-23.2979679107666,5.196210861206055,-0.39990234375,-0.0715039074420929,-0.03195800632238388,-0.40031737089157104,-2.999800777737277,5.874942302703857,-0.034573022529541066,-0.08430638909339905,0.25,-1.306903600692749,0.0,0.00017415412003174424,-0.35,-0.3499527871608734,-3.130068057639252,-3.1282365322113037,0.001439637620933354,-0.00034778908593580127,-0.003919702488929033
2.2548604011535645,-23.2979679107666,5.196210861206055,-0.39990234375,-0.0715039074420929,-0.03195800632238388,-0.40031737089157104,-2.999800777737277,5.874942302703857,-0.034573022529541066,-0.08430638909339905,0.25,-1.306903600692749,0.0,0.00017415412003174424,-0.35,-0.3499527871608734,-3.130068057639252,-3.1282365322113037,0.001439637620933354,-0.00034778908593580127,-0.003919702488929033
2.2596020698547363,-23.2979679107666,5.260937213897705,-0.39990234375,-0.07243163883686066,-0.03195800632238388,-0.4134911894798279,-2.9998027984892985,5.839158058166504,-0.03439724081625607,-0.08381752669811249,0.25,-1.1419737339019775,0.0,0.00017480991664342582,-0.35,-0.34995636343955994,-3.1301266554152556,-3.128282070159912,0.0013173568295314908,-0.0003096671134699136,-0.0038447354454547167
2.26432728767395,-23.2979679107666,5.260937213897705,-0.39990234375,-0.07243163883686066,-0.03195800632238388,-0.4134911894798279,-2.9998027984892985,5.839158058166504,-0.03439724081625607,-0.08381752669811249,0.25,-1.1419737339019775,0.0,0.00017480991664342582,-0.35,-0.34995636343955994,-3.1301266554152556,-3.128282070159912,0.0013173568295314908,-0.0003096671134699136,-0.0038447354454547167
2.2688851356506348,-23.2979679107666,5.294804573059082,-0.39990234375,-0.07291992008686066,-0.03195800632238388,-0.4194091558456421,-2.9998038515211807,5.805420398712158,-0.03430528237299414,-0.08335483074188232,0.25,-1.0144119262695312,0.0,0.00017566884343978018,-0.35,-0.3499581813812256,-3.130157310239353,-3.128305673599243,0.001230897381901741,-0.00028655771166086197,-0.003775834571570158
2.2736663818359375,-23.2979679107666,5.294804573059082,-0.39990234375,-0.07291992008686066,-0.03195800632238388,-0.4194091558456421,-2.9998038515211807,5.805420398712158,-0.03430528237299414,-0.08335483074188232,0.25,-1.0144119262695312,0.0,0.00017566884343978018,-0.35,-0.3499581813812256,-3.130157310239353,-3.128305673599243,0.001230897381901741,-0.00028655771166086197,-0.003775834571570158
2.278357982635498,-23.2979679107666,5.390820026397705,-0.39990234375,-0.07429687678813934,-0.03195800632238388,-0.4339306652545929,-2.9998067994847712,5.801787376403809,-0.03404652353668395,-0.08331386744976044,0.25,-0.9050796031951904,0.0,0.00017878264770843089,-0.35,-0.3499622046947479,-3.1302435687821824,-3.1283700466156006,0.0011914921924471855,-0.00023986049927771091,-0.003652597777545452
2.283172369003296,-23.2979679107666,5.390820026397705,-0.39990234375,-0.07429687678813934,-0.03195800632238388,-0.4339306652545929,-2.9998067994847712,5.801787376403809,-0.03404652353668395,-0.08331386744976044,0.25,-0.9050796031951904,0.0,0.0001790203677956015,-0.35,-0.3499627113342285,-3.1302435687821824,-3.1283786296844482,0.0012186637613922358,-0.00023759089526720345,-0.0036575456615537405
2.287761926651001,-23.2979679107666,5.390820026397705,-0.39990234375,-0.07429687678813934,-0.03195800632238388,-0.4339306652545929,-2.9998067994847712,5.801787376403809,-0.03404652353668395,-0.08331386744976044,0.25,-0.9050796031951904,0.0,0.0001790203677956015,-0.35,-0.3499627113342285,-3.1302435687821824,-3.1283786296844482,0.0012186637613922358,-0.00023759089526720345,-0.0036575456615537405
2.292647361755371,-23.2979679107666,5.436015605926514,-0.39990234375,-0.07494140416383743,-0.03195800632238388,-0.4412890672683716,-2.9998081683559863,5.837738513946533,-0.03392569917780047,-0.08381279557943344,0.25,-0.9575441479682922,0.0,0.00018019587150774896,-0.35,-0.34996530413627625,-3.130283846153152,-3.1284241676330566,0.00121006416156888,-0.0002108908083755523,-0.003603987395763397
2.297441005706787,-23.2979679107666,5.436015605926514,-0.39990234375,-0.07494140416383743,-0.03195800632238388,-0.4412890672683716,-2.9998081683559863,5.837738513946533,-0.03392569917780047,-0.08381279557943344,0.25,-0.9575441479682922,0.0,0.00018019587150774896,-0.35,-0.34996530413627625,-3.130283846153152,-3.1284241676330566,0.00121006416156888,-0.0002108908083755523,-0.003603987395763397
2.3020691871643066,-23.2979679107666,5.471405982971191,-0.39990234375,-0.07544921338558197,-0.03195800632238388,-0.4470312297344208,-2.9998092375241736,5.847718238830566,-0.03383102813449413,-0.0839536041021347,0.25,-0.9490479230880737,0.0,0.00018103691400028765,-0.35,-0.34996625781059265,-3.1303154051799678,-3.1284468173980713,0.0010965350084006786,-0.00018003863806370646,-0.0034774166997522116
2.3067634105682373,-23.2979679107666,5.471405982971191,-0.39990234375,-0.07544921338558197,-0.03195800632238388,-0.4470312297344208,-2.9998092375241736,5.847718238830566,-0.03383102813449413,-0.0839536041021347,0.25,-0.9490479230880737,0.0,0.00018103691400028765,-0.35,-0.34996625781059265,-3.1303154051799678,-3.1284468173980713,0.0010965350084006786,-0.00018003863806370646,-0.0034774166997522116
2.311631202697754,-23.2979679107666,5.580156326293945,-0.39990234375,-0.07702147960662842,-0.03195800632238388,-0.4619238078594208,-2.999812501759894,5.789768695831299,-0.0335403381772728,-0.08317405730485916,0.25,-0.6802045106887817,0.0,0.00018348883895669132,-0.35,-0.3499685227870941,-3.1304123079413837,-3.128492593765259,0.0010260434355586767,-0.00016339686408173293,-0.003388405777513981
2.316298246383667,-23.2979679107666,5.580156326293945,-0.39990234375,-0.07702147960662842,-0.03195800632238388,-0.4619238078594208,-2.999812501759894,5.789768695831299,-0.0335403381772728,-0.08317405730485916,0.25,-0.6802045106887817,0.0,0.00018348883895669132,-0.35,-0.3499685227870941,-3.1304123079413837,-3.128492593765259,0.0010260434355586767,-0.00016339686408173293,-0.003388405777513981
2.321253776550293,-23.2979679107666,5.612538814544678,-0.39990234375,-0.07749023288488388,-0.03195800632238388,-0.465087890625,-2.999813464266917,5.758937358856201,-0.03345414179022726,-0.08275744318962097,0.25,-0.5628175735473633,0.0,0.0001848565589170903,-0.35,-0.3499695062637329,-3.1304410418616406,-3.1285128593444824,0.0009725220152176917,-0.00015181166236288846,-0.0033313126768916845
2.3259520530700684,-23.2979679107666,5.612538814544678,-0.39990234375,-0.07749023288488388,-0.03195800632238388,-0.465087890625,-2.999813464266917,5.758937358856201,-0.03345414179022726,-0.08275744318962097,0.25,-0.5628175735473633,0.0,0.0001848565589170903,-0.35,-0.3499695062637329,-3.1304410418616406,-3.1285128593444824,0.0009725220152176917,-0.00015181166236288846,-0.0033313126768916845
2.330592393875122,-23.2979679107666,5.612538814544678,-0.39990234375,-0.07749023288488388,-0.03195800632238388,-0.465087890625,-2.999813464266917,5.758937358856201,-0.03345414179022726,-0.08275744318962097,0.25,-0.5628175735473633,0.0,0.00018680952780414373,-0.35,-0.3499712646007538,-3.1304410418616406,-3.1285548210144043,0.001056190230883658,-0.00014428500435315073,-0.0033257226459681988
2.335411787033081,-23.2979679107666,5.681679725646973,-0.39990234375,-0.07847656309604645,-0.03195800632238388,-0.4719628691673279,-2.9998154872402027,5.78530216217041,-0.03327224840347755,-0.08312462270259857,0.25,-0.5654587745666504,0.0,0.00018680952780414373,-0.35,-0.3499712646007538,-3.1305016767402853,-3.1285548210144043,0.001056190230883658,-0.00014428500435315073,-0.0033257226459681988
2.340045213699341,-23.2979679107666,5.681679725646973,-0.39990234375,-0.07847656309604645,-0.03195800632238388,-0.4719628691673279,-2.9998154872402027,5.78530216217041,-0.03327224840347755,-0.08312462270259857,0.25,-0.5654587745666504,0.0,0.00018680952780414373,-0.35,-0.3499712646007538,-3.1305016767402853,-3.1285548210144043,0.001056190230883658,-0.00014428500435315073,-0.0033257226459681988
2.34492564201355,-23.2979679107666,5.781562328338623,-0.39990234375,-0.07991211116313934,-0.03195800632238388,-0.4826904237270355,-2.9998183855115697,5.845361232757568,-0.03300990679716448,-0.08395154029130936,0.25,-0.6310843229293823,0.0,0.00018680952780414373,-0.35,-0.3499712646007538,-3.1305891292787935,-3.1285548210144043,0.001056190230883658,-0.00014428500435315073,-0.0033257226459681988
2.3493564128875732,-23.2979679107666,5.781562328338623,-0.39990234375,-0.07991211116313934,-0.03195800632238388,-0.4826904237270355,-2.9998183855115697,5.845361232757568,-0.03300990679716448,-0.08395154029130936,0.25,-0.6310843229293823,0.0,0.00018668528355192393,-0.35,-0.3499738872051239,-3.1305891292787935,-3.128624439239502,0.0012515831040218472,-0.00014119823754299432,-0.0033716445323079824
2.353877544403076,-23.2979679107666,5.781562328338623,-0.39990234375,-0.07991211116313934,-0.03195800632238388,-0.4826904237270355,-2.9998183855115697,5.845361232757568,-0.03300990679716448,-0.08395154029130936,0.25,-0.6310843229293823,0.0,0.00018668528355192393,-0.35,-0.3499738872051239,-3.1305891292787935,-3.128624439239502,0.0012515831040218472,-0.00014119823754299432,-0.0033716445323079824
2.358553409576416,-23.2979679107666,5.823750019073486,-0.39990234375,-0.08051757514476776,-0.03195800632238388,-0.4869775176048279,-2.9998195958585776,5.841836452484131,-0.03289973104570938,-0.08390901237726212,0.25,-0.5799705386161804,0.0,0.0001865701051428914,-0.35,-0.34997498989105225,-3.130625856745279,-3.1286425590515137,0.0012558080488815904,-0.00017290562391281128,-0.0033778869546949863
2.363097667694092,-23.2979679107666,5.823750019073486,-0.39990234375,-0.08051757514476776,-0.03195800632238388,-0.4869775176048279,-2.9998195958585776,5.841836452484131,-0.03289973104570938,-0.08390901237726212,0.25,-0.5799705386161804,0.0,0.0001865701051428914,-0.35,-0.34997498989105225,-3.130625856745279,-3.1286425590515137,0.0012558080488815904,-0.00017290562391281128,-0.0033778869546949863
2.3677284717559814,-23.2979679107666,5.859218597412109,-0.39990234375,-0.0810253918170929,-0.03195800632238388,-0.489990234375,-2.9998206062397337,5.823465347290039,-0.03280747444527695,-0.08366541564464569,0.25,-0.4947531521320343,0.0,0.00018663931405171752,-0.35,-0.3499758243560791,-3.1306566107896274,-3.128664493560791,0.0012141771148890257,-0.00018542409816291183,-0.003357463050633669
2.3725531101226807,-23.2979679107666,5.859218597412109,-0.39990234375,-0.0810253918170929,-0.03195800632238388,-0.489990234375,-2.9998206062397337,5.823465347290039,-0.03280747444527695,-0.08366541564464569,0.25,-0.4947531521320343,0.0,0.00018822432321030647,-0.35,-0.3499789237976074,-3.1306566107896274,-3.1287214756011963,0.0010296032996848226,-0.00018334922788199037,-0.003206216963008046
2.3771114349365234,-23.2979679107666,5.954023361206055,-0.39990234375,-0.08238281309604645,-0.03195800632238388,-0.4947607219219208,-2.999823281140002,5.742308616638184,-0.03256197061651009,-0.08258533477783203,0.25,-0.17892014980316162,0.0,0.00018822432321030647,-0.35,-0.3499789237976074,-3.130738450256515,-3.1287214756011963,0.0010296032996848226,-0.00018334922788199037,-0.003206216963008046
2.381847381591797,-23.2979679107666,5.954023361206055,-0.39990234375,-0.08238281309604645,-0.03195800632238388,-0.4947607219219208,-2.999823281140002,5.742308616638184,-0.03256197061651009,-0.08258533477783203,0.25,-0.17892014980316162,0.0,0.00018822432321030647,-0.35,-0.3499789237976074,-3.130738450256515,-3.1287214756011963,0.0010296032996848226,-0.00018334922788199037,-0.003206216963008046
2.3866496086120605,-23.2979679107666,5.998710632324219,-0.39990234375,-0.08301757276058197,-0.03195800632238388,-0.4955371022224426,-2.9998245234375096,5.721200942993164,-0.032447320119232924,-0.082307830452919,0.25,-0.07697698473930359,0.0,0.0001885272067738697,-0.35,-0.3499792516231537,-3.130776669332367,-3.1287291049957275,0.0010265818564221263,-0.00018246244871988893,-0.003192983567714691
2.3914802074432373,-23.2979679107666,5.998710632324219,-0.39990234375,-0.08301757276058197,-0.03195800632238388,-0.4955371022224426,-2.9998245234375096,5.721200942993164,-0.032447320119232924,-0.082307830452919,0.25,-0.07697698473930359,0.0,0.0001885272067738697,-0.35,-0.3499792516231537,-3.130776669332367,-3.1287291049957275,0.0010265818564221263,-0.00018246244871988893,-0.003192983567714691
2.3962857723236084,-23.2979679107666,6.068828105926514,-0.39990234375,-0.08402343839406967,-0.03195800632238388,-0.4970947206020355,-2.999826467153338,5.77573299407959,-0.03226711896536195,-0.08304651081562042,0.25,-0.15799960494041443,0.0,0.00018907684716396034,-0.35,-0.3499813973903656,-3.1308367398778367,-3.128770589828491,0.0012647061375901103,-0.0001727753842715174,-0.003426535986363888
2.40095853805542,-23.2979679107666,6.068828105926514,-0.39990234375,-0.08402343839406967,-0.03195800632238388,-0.4970947206020355,-2.999826467153338,5.77573299407959,-0.03226711896536195,-0.08304651081562042,0.25,-0.15799960494041443,0.0,0.00018769738380797207,-0.35,-0.3499826192855835,-3.1308367398778367,-3.1287941932678223,0.0015458802226930857,-0.0001711042714305222,-0.003619726048782468
2.405726194381714,-23.2979679107666,6.068828105926514,-0.39990234375,-0.08402343839406967,-0.03195800632238388,-0.4970947206020355,-2.999826467153338,5.77573299407959,-0.03226711896536195,-0.08304651081562042,0.25,-0.15799960494041443,0.0,0.00018769738380797207,-0.35,-0.3499826192855835,-3.1308367398778367,-3.1287941932678223,0.0015458802226930857,-0.0001711042714305222,-0.003619726048782468
2.4105775356292725,-23.2979679107666,6.164023399353027,-0.39990234375,-0.0853906199336052,-0.03195800632238388,-0.5004931688308716,-2.9998290757724706,5.832424163818359,-0.03202368108267266,-0.08381370455026627,0.25,-0.22205765545368195,0.0,0.0001834346476243809,-0.35,-0.34998488426208496,-3.130917890497506,-3.12886643409729,0.0018174246652051806,-0.0001373165869154036,-0.004443351645022631
2.415053129196167,-23.2979679107666,6.164023399353027,-0.39990234375,-0.0853906199336052,-0.03195800632238388,-0.5004931688308716,-2.9998290757724706,5.832424163818359,-0.03202368108267266,-0.08381370455026627,0.25,-0.22205765545368195,0.0,0.0001834346476243809,-0.35,-0.34998488426208496,-3.130917890497506,-3.12886643409729,0.0018174246652051806,-0.0001373165869154036,-0.004443351645022631
2.419666051864624,-23.2979679107666,6.174843788146973,-0.39990234375,-0.08554687350988388,-0.03195800632238388,-0.5009130835533142,-2.9998293708954744,5.8373260498046875,-0.03199602339137248,-0.08388005197048187,0.25,-0.2251962572336197,0.0,0.00018298560462426394,-0.35,-0.34998568892478943,-3.130927110252779,-3.128905773162842,0.0017703030025586486,-0.0001210752670885995,-0.004781377501785755
2.4244635105133057,-23.2979679107666,6.174843788146973,-0.39990234375,-0.08554687350988388,-0.03195800632238388,-0.5009130835533142,-2.9998293708954744,5.8373260498046875,-0.03199602339137248,-0.08388005197048187,0.25,-0.2251962572336197,0.0,0.00018298560462426394,-0.35,-0.34998568892478943,-3.130927110252779,-3.128905773162842,0.0017703030025586486,-0.0001210752670885995,-0.004781377501785755
2.42901349067688,-23.2979679107666,6.244648456573486,-0.39990234375,-0.08655273169279099,-0.03195800632238388,-0.5029589533805847,-2.9998312611714866,5.83243989944458,-0.03181830445337183,-0.08382416516542435,0.25,-0.14564074575901031,0.0,0.00018370841280557215,-0.35,-0.34998640418052673,-3.1309863532496243,-3.1289377212524414,0.0017098769312724471,-0.00010983394895447418,-0.005016244016587734
2.43389630317688,-23.2979679107666,6.244648456573486,-0.39990234375,-0.08655273169279099,-0.03195800632238388,-0.5029589533805847,-2.9998312611714866,5.83243989944458,-0.03181830445337183,-0.08382416516542435,0.25,-0.14564074575901031,0.0,0.00018370841280557215,-0.35,-0.34998640418052673,-3.1309863532496243,-3.1289377212524414,0.0017098769312724471,-0.00010983394895447418,-0.005016244016587734
2.438572406768799,-23.2979679107666,6.244648456573486,-0.39990234375,-0.08655273169279099,-0.03195800632238388,-0.5029589533805847,-2.9998312611714866,5.83243989944458,-0.03181830445337183,-0.08382416516542435,0.25,-0.14564074575901031,0.0,0.00018532569811213762,-0.35,-0.3499871492385864,-3.1309863532496243,-3.128971576690674,0.0016301862196996808,-0.00011278576857876033,-0.005192265845835209
2.4433443546295166,-23.2979679107666,6.348671913146973,-0.39990234375,-0.08804687112569809,-0.03195800632238388,-0.5025878548622131,-2.9998340371039776,5.776254177093506,-0.03155550399613675,-0.08309796452522278,0.25,0.10681023448705673,0.0,0.00018532569811213762,-0.35,-0.3499871492385864,-3.1310739582889062,-3.128971576690674,0.0016301862196996808,-0.00011278576857876033,-0.005192265845835209
2.448073625564575,-23.2979679107666,6.348671913146973,-0.39990234375,-0.08804687112569809,-0.03195800632238388,-0.5025878548622131,-2.9998340371039776,5.776254177093506,-0.03155550399613675,-0.08309796452522278,0.25,0.10681023448705673,0.0,0.00019117174088023603,-0.35,-0.3499886691570282,-3.1310739582889062,-3.1290504932403564,0.0015318894293159246,-0.00010150812158826739,-0.005516492296010256
2.452573537826538,-23.2979679107666,6.384296894073486,-0.39990234375,-0.0885644480586052,-0.03195800632238388,-0.5014843344688416,-2.9998349842771503,5.755613803863525,-0.03146533182582431,-0.08283229917287827,0.25,0.19707682728767395,0.0,0.00019117174088023603,-0.35,-0.3499886691570282,-3.1311040173371585,-3.1290504932403564,0.0015318894293159246,-0.00010150812158826739,-0.005516492296010256
2.456925868988037,-23.2979679107666,6.384296894073486,-0.39990234375,-0.0885644480586052,-0.03195800632238388,-0.5014843344688416,-2.9998349842771503,5.755613803863525,-0.03146533182582431,-0.08283229917287827,0.25,0.19707682728767395,0.0,0.00019341957522556186,-0.35,-0.34998902678489685,-3.1311040173371585,-3.1290764808654785,0.0015203256625682116,-9.669395512901247e-05,-0.00558147206902504
2.4615957736968994,-23.2979679107666,6.454570293426514,-0.39990234375,-0.0895703136920929,-0.03195800632238388,-0.49971190094947815,-2.9998349842771503,5.809214115142822,-0.03146533182582431,-0.08354201167821884,0.25,0.11595634371042252,0.0,0.00019794651598203927,-0.35,-0.34999021887779236,-3.1311040173371585,-3.1291491985321045,0.0017621753504499793,-8.881154644768685e-05,-0.005641806870698929
2.466376304626465,-23.2979679107666,6.454570293426514,-0.39990234375,-0.0895703136920929,-0.03195800632238388,-0.49971190094947815,-2.9998368222328815,5.809214115142822,-0.0312896145026982,-0.08354201167821884,0.25,0.11595634371042252,0.0,0.00019794651598203927,-0.35,-0.34999021887779236,-3.131162592982208,-3.1291491985321045,0.0017621753504499793,-8.881154644768685e-05,-0.005641806870698929
2.4713547229766846,-23.2979679107666,6.454570293426514,-0.39990234375,-0.0895703136920929,-0.03195800632238388,-0.49971190094947815,-2.9998368222328815,5.809214115142822,-0.0312896145026982,-0.08354201167821884,0.25,0.11595634371042252,0.0,0.0001992706093005836,-0.35,-0.3499906063079834,-3.131162592982208,-3.1291863918304443,0.0018431571079418063,-7.809149246895686e-05,-0.0055886078625917435
2.476189613342285,-23.2979679107666,6.547109127044678,-0.39990234375,-0.09090819954872131,-0.03195800632238388,-0.4986914098262787,-2.9998392276216643,5.863254070281982,-0.031058145827736132,-0.08425729721784592,0.25,0.05296313017606735,0.0,0.0001992706093005836,-0.35,-0.3499906063079834,-3.131239753373177,-3.1291863918304443,0.0018431571079418063,-7.809149246895686e-05,-0.0055886078625917435
2.481041669845581,-23.2979679107666,6.547109127044678,-0.39990234375,-0.09090819954872131,-0.03195800632238388,-0.4986914098262787,-2.9998392276216643,5.863254070281982,-0.031058145827736132,-0.08425729721784592,0.25,0.05296313017606735,0.0,0.00020122549904044718,-0.35,-0.34999120235443115,-3.131239753373177,-3.1292433738708496,0.0018104281043633819,-7.30074243620038e-05,-0.005528859794139862
2.4855198860168457,-23.2979679107666,6.560781002044678,-0.39990234375,-0.09110351651906967,-0.03195800632238388,-0.4985693395137787,-2.9998392276216643,5.867746829986572,-0.031058145827736132,-0.08431734144687653,0.25,0.053112372756004333,0.0,0.00020122549904044718,-0.35,-0.34999120235443115,-3.131239753373177,-3.1292433738708496,0.0018104281043633819,-7.30074243620038e-05,-0.005528859794139862
2.4910194873809814,-23.2979679107666,6.560781002044678,-0.39990234375,-0.09110351651906967,-0.03195800632238388,-0.4985693395137787,-2.999839577790425,5.867746829986572,-0.031024305345396887,-0.08431734144687653,0.25,0.053112372756004333,0.0,0.0002034332137554884,-0.35,-0.3499917685985565,-3.1312510341378434,-3.1292927265167236,0.001691632205620408,-6.402967119356617e-05,-0.005377890542149544
2.4960689544677734,-23.2979679107666,6.632304668426514,-0.39990234375,-0.09212890267372131,-0.03195800632238388,-0.49703124165534973,-2.9998414019821515,5.855355739593506,-0.03084741405305374,-0.08416761457920074,0.25,0.15215855836868286,0.0,0.00020512461196631193,-0.35,-0.3499922752380371,-3.131310001037213,-3.1293258666992188,0.0016420417232438922,-5.910712934564799e-05,-0.005279949400573969
2.500932216644287,-23.2979679107666,6.632304668426514,-0.39990234375,-0.09212890267372131,-0.03195800632238388,-0.49703124165534973,-2.9998414019821515,5.855355739593506,-0.03084741405305374,-0.08416761457920074,0.25,0.15215855836868286,0.0,0.00020512461196631193,-0.35,-0.3499922752380371,-3.131310001037213,-3.1293258666992188,0.0016420417232438922,-5.910712934564799e-05,-0.005279949400573969
2.505592107772827,-23.2979679107666,6.723203182220459,-0.39990234375,-0.09342773258686066,-0.03195800632238388,-0.49412596225738525,-2.9998414019821515,5.8860368728637695,-0.03084741405305374,-0.08457392454147339,0.25,0.15009307861328125,0.0,0.0002083636645693332,-0.35,-0.34999319911003113,-3.131310001037213,-3.129410743713379,0.0017377638723701239,-5.2207378757884726e-05,-0.005064607597887516
2.510730743408203,-23.2979679107666,6.723203182220459,-0.39990234375,-0.09342773258686066,-0.03195800632238388,-0.49412596225738525,-2.9998436884528683,5.8860368728637695,-0.030624252635619312,-0.08457392454147339,0.25,0.15009307861328125,0.0,0.0002083636645693332,-0.35,-0.34999319911003113,-3.131384392080732,-3.129410743713379,0.0017377638723701239,-5.2207378757884726e-05,-0.005064607597887516
2.515477418899536,-23.2979679107666,6.723203182220459,-0.39990234375,-0.09342773258686066,-0.03195800632238388,-0.49412596225738525,-2.9998436884528683,5.8860368728637695,-0.030624252635619312,-0.08457392454147339,0.25,0.15009307861328125,0.0,0.00020853964088018984,-0.35,-0.34999319911003113,-3.131384392080732,-3.129424810409546,0.0017706399085000157,-5.1726172387134284e-05,-0.005035431124269962
2.520153760910034,-23.2979679107666,6.774374961853027,-0.39990234375,-0.09416992217302322,-0.03195800632238388,-0.49315428733825684,-2.999844973458632,5.919730186462402,-0.03049811822031559,-0.08501210808753967,0.25,0.10324670374393463,0.0,0.00020853964088018984,-0.35,-0.34999319911003113,-3.131426439067632,-3.129424810409546,0.0017706399085000157,-5.1726172387134284e-05,-0.005035431124269962
2.524636745452881,-23.2979679107666,6.774374961853027,-0.39990234375,-0.09416992217302322,-0.03195800632238388,-0.49315428733825684,-2.999844973458632,5.919730186462402,-0.03049811822031559,-0.08501210808753967,0.25,0.10324670374393463,0.0,0.00020853964088018984,-0.35,-0.34999319911003113,-3.131426439067632,-3.129424810409546,0.0017706399085000157,-5.1726172387134284e-05,-0.005035431124269962
2.529378652572632,-23.2979679107666,6.846562385559082,-0.39990234375,-0.09520507603883743,-0.03195800632238388,-0.49216794967651367,-2.999846757912569,5.952250957489014,-0.030322088342493288,-0.08543675392866135,0.25,0.07755029201507568,0.0,0.00020831340225413442,-0.35,-0.3499937951564789,-3.1314851187084045,-3.129488468170166,0.0018373364582657814,-4.919570710626431e-05,-0.004950287286192179
2.5340845584869385,-23.2979679107666,6.846562385559082,-0.39990234375,-0.09520507603883743,-0.03195800632238388,-0.49216794967651367,-2.999846757912569,5.952250957489014,-0.030322088342493288,-0.08543675392866135,0.25,0.07755029201507568,0.0,0.0002081639540847391,-0.35,-0.34999391436576843,-3.1314851187084045,-3.129521131515503,0.0018267181003466249,-4.74145999760367e-05,-0.0049377623945474625
2.5387673377990723,-23.2979679107666,6.846562385559082,-0.39990234375,-0.09520507603883743,-0.03195800632238388,-0.49216794967651367,-2.999846757912569,5.952250957489014,-0.030322088342493288,-0.08543675392866135,0.25,0.07755029201507568,0.0,0.0002081639540847391,-0.35,-0.34999391436576843,-3.1314851187084045,-3.129521131515503,0.0018267181003466249,-4.74145999760367e-05,-0.0049377623945474625
2.5433969497680664,-23.2979679107666,6.882695198059082,-0.39990234375,-0.09572265297174454,-0.03195800632238388,-0.4916113317012787,-2.9998476434789594,5.95905065536499,-0.030234349897649823,-0.08553342521190643,0.25,0.12038665264844894,0.0,0.00020880968077108264,-0.35,-0.3499947488307953,-3.1315143663463565,-3.1296141147613525,0.0017488987650722265,-4.166490907664411e-05,-0.004995474126189947
2.5480873584747314,-23.2979679107666,6.882695198059082,-0.39990234375,-0.09572265297174454,-0.03195800632238388,-0.4916113317012787,-2.9998476434789594,5.95905065536499,-0.030234349897649823,-0.08553342521190643,0.25,0.12038665264844894,0.0,0.00020880968077108264,-0.35,-0.3499947488307953,-3.1315143663463565,-3.1296141147613525,0.0017488987650722265,-4.166490907664411e-05,-0.004995474126189947
2.552865982055664,-23.2979679107666,6.966328144073486,-0.39990234375,-0.09693358838558197,-0.03195800632238388,-0.48954588174819946,-2.999849688174078,5.9532670974731445,-0.030030790230823407,-0.0854678824543953,0.25,0.17888568341732025,0.0,0.0002090303023578599,-0.35,-0.3499949872493744,-3.1315822229916157,-3.129626989364624,0.0017400425858795643,-4.103206447325647e-05,-0.0050096469931304455
2.557835340499878,-23.2979679107666,6.966328144073486,-0.39990234375,-0.09693358838558197,-0.03195800632238388,-0.48954588174819946,-2.999849688174078,5.9532670974731445,-0.030030790230823407,-0.0854678824543953,0.25,0.17888568341732025,0.0,0.0002090303023578599,-0.35,-0.3499949872493744,-3.1315822229916157,-3.129626989364624,0.0017400425858795643,-4.103206447325647e-05,-0.0050096469931304455
2.5626108646392822,-23.2979679107666,6.966328144073486,-0.39990234375,-0.09693358838558197,-0.03195800632238388,-0.48954588174819946,-2.999849688174078,5.9532670974731445,-0.030030790230823407,-0.0854678824543953,0.25,0.17888568341732025,0.0,0.00020970722835045308,-0.35,-0.34999534487724304,-3.1315822229916157,-3.1296818256378174,0.0017769535770639777,-3.858723721350543e-05,-0.005040529649704695
2.567700147628784,-23.2979679107666,7.02746057510376,-0.39990234375,-0.09780273586511612,-0.03195800632238388,-0.4880029261112213,-2.9998511511899166,5.98462438583374,-0.029884288590010542,-0.08587104827165604,0.25,0.1454400271177292,0.0,0.00020970722835045308,-0.35,-0.34999534487724304,-3.131631059306861,-3.1296818256378174,0.0017769535770639777,-3.858723721350543e-05,-0.005040529649704695
2.57248854637146,-23.2979679107666,7.02746057510376,-0.39990234375,-0.09780273586511612,-0.03195800632238388,-0.4880029261112213,-2.9998511511899166,5.98462438583374,-0.029884288590010542,-0.08587104827165604,0.25,0.1454400271177292,0.0,0.00020925317949149758,-0.35,-0.3499957323074341,-3.131631059306861,-3.1297645568847656,0.0018782693659886718,-3.550424298737198e-05,-0.005044724326580763
2.577404499053955,-23.2979679107666,7.119999885559082,-0.39990234375,-0.09912109375,-0.03195800632238388,-0.4871533215045929,-2.999853343762007,6.057336807250977,-0.029663376744794235,-0.08679370582103729,0.25,0.02426656149327755,0.0,0.00020925317949149758,-0.35,-0.3499957323074341,-3.131704700215443,-3.1297645568847656,0.0018782693659886718,-3.550424298737198e-05,-0.005044724326580763
2.582172155380249,-23.2979679107666,7.119999885559082,-0.39990234375,-0.09912109375,-0.03195800632238388,-0.4871533215045929,-2.999853343762007,6.057336807250977,-0.029663376744794235,-0.08679370582103729,0.25,0.02426656149327755,0.0,0.00020916918583679944,-0.35,-0.34999582171440125,-3.131704700215443,-3.1297788619995117,0.001872099470347166,-3.481652674963698e-05,-0.00504550663754344
2.5867233276367188,-23.2979679107666,7.174023151397705,-0.39990234375,-0.09990233927965164,-0.03195800632238388,-0.4871874749660492,-2.9998546213781854,6.086414813995361,-0.029533888940433118,-0.08716318756341934,0.25,-0.010468955151736736,0.0,0.0002092123031616211,-0.35,-0.3499959707260132,-3.131747864917823,-3.129812479019165,0.001833006041124463,-3.234742325730622e-05,-0.005040963180363178
2.591520309448242,-23.2979679107666,7.174023151397705,-0.39990234375,-0.09990233927965164,-0.03195800632238388,-0.4871874749660492,-2.9998546213781854,6.086414813995361,-0.029533888940433118,-0.08716318756341934,0.25,-0.010468955151736736,0.0,0.0002092123031616211,-0.35,-0.3499959707260132,-3.131747864917823,-3.129812479019165,0.001833006041124463,-3.234742325730622e-05,-0.005040963180363178
2.596397876739502,-23.2979679107666,7.248281002044678,-0.39990234375,-0.10096679627895355,-0.03195800632238388,-0.4866064488887787,-2.999856352055528,6.078749179840088,-0.02935757197212157,-0.08707959949970245,0.25,0.07195756584405899,0.0,0.0002103938750224188,-0.35,-0.3499961793422699,-3.13180664007184,-3.1298763751983643,0.0016941678477451205,-2.766292163869366e-05,-0.0049650720320641994
2.6010985374450684,-23.2979679107666,7.248281002044678,-0.39990234375,-0.10096679627895355,-0.03195800632238388,-0.4866064488887787,-2.999856352055528,6.078749179840088,-0.02935757197212157,-0.08707959949970245,0.25,0.07195756584405899,0.0,0.0002103938750224188,-0.35,-0.3499961793422699,-3.13180664007184,-3.1298763751983643,0.0016941678477451205,-2.766292163869366e-05,-0.0049650720320641994
2.6060476303100586,-23.2979679107666,7.284726619720459,-0.39990234375,-0.10148437321186066,-0.03195800632238388,-0.4858105480670929,-2.999857189973848,6.067601203918457,-0.02927182539929014,-0.08694770932197571,0.25,0.13255675137043,0.0,0.0002103938750224188,-0.35,-0.3499961793422699,-3.1318352236274465,-3.1298763751983643,0.0016941678477451205,-2.766292163869366e-05,-0.0049650720320641994
2.610712766647339,-23.2979679107666,7.284726619720459,-0.39990234375,-0.10148437321186066,-0.03195800632238388,-0.4858105480670929,-2.999857189973848,6.067601203918457,-0.02927182539929014,-0.08694770932197571,0.25,0.13255675137043,0.0,0.0002103938750224188,-0.35,-0.3499961793422699,-3.1318352236274465,-3.1298763751983643,0.0016941678477451205,-2.766292163869366e-05,-0.0049650720320641994
2.615614175796509,-23.2979679107666,7.284726619720459,-0.39990234375,-0.10148437321186066,-0.03195800632238388,-0.4858105480670929,-2.999857189973848,6.067601203918457,-0.02927182539929014,-0.08694770932197571,0.25,0.13255675137043,0.0,0.00021351642499212176,-0.35,-0.34999701380729675,-3.1318352236274465,-3.12998104095459,0.0016421403270214796,-2.3748643798171543e-05,-0.004954196512699127
2.620232343673706,-23.2979679107666,7.3681640625,-0.39990234375,-0.10268554091453552,-0.03195800632238388,-0.4825097620487213,-2.9998591070120826,6.036259651184082,-0.029074698221485458,-0.08657578378915787,0.25,0.28714174032211304,0.0,0.00021351642499212176,-0.35,-0.34999701380729675,-3.1319009357938143,-3.12998104095459,0.0016421403270214796,-2.3748643798171543e-05,-0.004954196512699127
2.624666452407837,-23.2979679107666,7.3681640625,-0.39990234375,-0.10268554091453552,-0.03195800632238388,-0.4825097620487213,-2.9998591070120826,6.036259651184082,-0.029074698221485458,-0.08657578378915787,0.25,0.28714174032211304,0.0,0.0002140334399882704,-0.35,-0.34999701380729675,-3.1319009357938143,-3.1300039291381836,0.0016898042522370815,-2.3505550416302867e-05,-0.004953909199684858
2.6292223930358887,-23.2979679107666,7.432109355926514,-0.39990234375,-0.10360351204872131,-0.03195800632238388,-0.47971677780151367,-2.9998605580162825,6.064874172210693,-0.02892459953461872,-0.0869356021285057,0.25,0.2608829438686371,0.0,0.0002140334399882704,-0.35,-0.34999701380729675,-3.131950971027197,-3.1300039291381836,0.0016898042522370815,-2.3505550416302867e-05,-0.004953909199684858
2.634446859359741,-23.2979679107666,7.432109355926514,-0.39990234375,-0.10360351204872131,-0.03195800632238388,-0.47971677780151367,-2.9998605580162825,6.064874172210693,-0.02892459953461872,-0.0869356021285057,0.25,0.2608829438686371,0.0,0.00021443847799673676,-0.35,-0.34999725222587585,-3.131950971027197,-3.1300365924835205,0.0017420074436813593,-2.2745534806745127e-05,-0.004951604176312685
2.639085292816162,-23.2979679107666,7.432109355926514,-0.39990234375,-0.10360351204872131,-0.03195800632238388,-0.47971677780151367,-2.9998605580162825,6.064874172210693,-0.02892459953461872,-0.0869356021285057,0.25,0.2608829438686371,0.0,0.00021443847799673676,-0.35,-0.34999725222587585,-3.131950971027197,-3.1300365924835205,0.0017420074436813593,-2.2745534806745127e-05,-0.004951604176312685
2.6441221237182617,-23.2979679107666,7.532109260559082,-0.39990234375,-0.10503906011581421,-0.03195800632238388,-0.47666990756988525,-2.9998628001497893,6.127330303192139,-0.028691118442184502,-0.08771069347858429,0.25,0.16995030641555786,0.0,0.00021316698985174298,-0.35,-0.3499976098537445,-3.1320288016465034,-3.130121946334839,0.0018550443928688765,-2.1145995560800657e-05,-0.00484090531244874
2.6487629413604736,-23.2979679107666,7.579843521118164,-0.39990234375,-0.10572265088558197,-0.03195800632238388,-0.4752734303474426,-2.9998628001497893,6.136571407318115,-0.028691118442184502,-0.0878298431634903,0.25,0.18250373005867004,0.0,0.00021300367370713502,-0.35,-0.3499976098537445,-3.1320288016465034,-3.130131959915161,0.0018408572068437934,-2.079784098896198e-05,-0.0048162974417209625
2.653756618499756,-23.2979679107666,7.579843521118164,-0.39990234375,-0.10572265088558197,-0.03195800632238388,-0.4752734303474426,-2.999863857395612,6.136571407318115,-0.02858036199069603,-0.0878298431634903,0.25,0.18250373005867004,0.0,0.00021300367370713502,-0.35,-0.3499976098537445,-3.132065722145652,-3.130131959915161,0.0018408572068437934,-2.079784098896198e-05,-0.0048162974417209625
2.6587393283843994,-23.2979679107666,7.579843521118164,-0.39990234375,-0.10572265088558197,-0.03195800632238388,-0.4752734303474426,-2.999863857395612,6.136571407318115,-0.02858036199069603,-0.0878298431634903,0.25,0.18250373005867004,0.0,0.00021265022223815322,-0.35,-0.34999772906303406,-3.132065722145652,-3.1301915645599365,0.0017069813329726458,-1.7651494999881834e-05,-0.004671464208513498
2.663672685623169,-23.2979679107666,7.653905868530273,-0.39990234375,-0.10677734017372131,-0.03195800632238388,-0.47203612327575684,-2.999865477823138,6.116551876068115,-0.028409768829679986,-0.08760054409503937,0.25,0.29593732953071594,0.0,0.00021265022223815322,-0.35,-0.34999772906303406,-3.1321225890979556,-3.1301915645599365,0.0017069813329726458,-1.7651494999881834e-05,-0.004671464208513498
2.668344736099243,-23.2979679107666,7.653905868530273,-0.39990234375,-0.10677734017372131,-0.03195800632238388,-0.47203612327575684,-2.999865477823138,6.116551876068115,-0.028409768829679986,-0.08760054409503937,0.25,0.29593732953071594,0.0,0.00021281430963426828,-0.35,-0.34999799728393555,-3.1321225890979556,-3.130221128463745,0.0016597755020484328,-1.6326626791851595e-05,-0.004621401894837618
2.6731948852539062,-23.2979679107666,7.690781116485596,-0.39990234375,-0.10730468481779099,-0.03195800632238388,-0.4702197015285492,-2.9998662801668594,6.129611492156982,-0.028324920438530476,-0.08776804059743881,0.25,0.3147275447845459,0.0,0.00021281430963426828,-0.35,-0.34999799728393555,-3.132150873159499,-3.130221128463745,0.0016597755020484328,-1.6326626791851595e-05,-0.004621401894837618
2.677832841873169,-23.2979679107666,7.690781116485596,-0.39990234375,-0.10730468481779099,-0.03195800632238388,-0.4702197015285492,-2.9998662801668594,6.129611492156982,-0.028324920438530476,-0.08776804059743881,0.25,0.3147275447845459,0.0,0.0002131232904503122,-0.35,-0.34999799728393555,-3.132150873159499,-3.130303144454956,0.0016806551720947027,-1.4103827197686769e-05,-0.004649679642170668
2.6826281547546387,-23.2979679107666,7.77257776260376,-0.39990234375,-0.10847655683755875,-0.03195800632238388,-0.4658496081829071,-2.9998680465348335,6.133632659912109,-0.028137224086289738,-0.08782383799552917,0.25,0.34201011061668396,0.0,0.0002131712535629049,-0.35,-0.3499983251094818,-3.1322134413806766,-3.1303164958953857,0.0016866929363459349,-1.3890105037717149e-05,-0.004669771529734135
2.6874477863311768,-23.2979679107666,7.77257776260376,-0.39990234375,-0.10847655683755875,-0.03195800632238388,-0.4658496081829071,-2.9998680465348335,6.133632659912109,-0.028137224086289738,-0.08782383799552917,0.25,0.34201011061668396,0.0,0.0002131712535629049,-0.35,-0.3499983251094818,-3.1322134413806766,-3.1303164958953857,0.0016866929363459349,-1.3890105037717149e-05,-0.004669771529734135
2.6920976638793945,-23.2979679107666,7.77257776260376,-0.39990234375,-0.10847655683755875,-0.03195800632238388,-0.4658496081829071,-2.9998680465348335,6.133632659912109,-0.028137224086289738,-0.08782383799552917,0.25,0.34201011061668396,0.0,0.00021254878083709627,-0.35,-0.34999844431877136,-3.1322134413806766,-3.1303722858428955,0.0018292643362656236,-1.3669796317117289e-05,-0.004752875305712223
2.696788787841797,-23.2979679107666,7.840234279632568,-0.39990234375,-0.10944335907697678,-0.03195800632238388,-0.46257323026657104,-2.9998694894921876,6.17710018157959,-0.02798295934818415,-0.08835101127624512,0.25,0.2750783860683441,0.0,0.00021254878083709627,-0.35,-0.34999844431877136,-3.1322648652095175,-3.1303722858428955,0.0018292643362656236,-1.3669796317117289e-05,-0.004752875305712223
2.7014942169189453,-23.2979679107666,7.840234279632568,-0.39990234375,-0.10944335907697678,-0.03195800632238388,-0.46257323026657104,-2.9998694894921876,6.17710018157959,-0.02798295934818415,-0.08835101127624512,0.25,0.2750783860683441,0.0,0.00021254878083709627,-0.35,-0.34999844431877136,-3.1322648652095175,-3.1303722858428955,0.0018292643362656236,-1.3669796317117289e-05,-0.004752875305712223
2.70615816116333,-23.2979679107666,7.942109107971191,-0.39990234375,-0.11090820282697678,-0.03195800632238388,-0.458740234375,-2.999871643676183,6.219278812408447,-0.02775106245812216,-0.08886576443910599,0.25,0.23680591583251953,0.0,0.00021254878083709627,-0.35,-0.34999844431877136,-3.132342167508,-3.1303722858428955,0.0018292643362656236,-1.3669796317117289e-05,-0.004752875305712223
2.7112882137298584,-23.2979679107666,7.942109107971191,-0.39990234375,-0.11090820282697678,-0.03195800632238388,-0.458740234375,-2.999871643676183,6.219278812408447,-0.02775106245812216,-0.08886576443910599,0.25,0.23680591583251953,0.0,0.00021109818771947175,-0.35,-0.34999844431877136,-3.132342167508,-3.1304662227630615,0.0017708995146676898,-1.200895530928392e-05,-0.004784072749316692
2.7158877849578857,-23.2979679107666,7.942109107971191,-0.39990234375,-0.11090820282697678,-0.03195800632238388,-0.458740234375,-2.999871643676183,6.219278812408447,-0.02775106245812216,-0.08886576443910599,0.25,0.23680591583251953,0.0,0.00021109818771947175,-0.35,-0.34999844431877136,-3.132342167508,-3.1304662227630615,0.0017708995146676898,-1.200895530928392e-05,-0.004784072749316692
2.7210307121276855,-23.2979679107666,7.991093635559082,-0.39990234375,-0.11161132901906967,-0.03195800632238388,-0.45662108063697815,-2.9998726670657967,6.218022346496582,-0.027640213304944143,-0.08885875344276428,0.25,0.27714431285858154,0.0,0.0002112397487508133,-0.35,-0.3499988317489624,-3.1323791188003964,-3.13049578666687,0.0017129771877080202,-1.1492782505229115e-05,-0.00475852657109499
2.725615978240967,-23.2979679107666,7.991093635559082,-0.39990234375,-0.11161132901906967,-0.03195800632238388,-0.45662108063697815,-2.9998726670657967,6.218022346496582,-0.027640213304944143,-0.08885875344276428,0.25,0.27714431285858154,0.0,0.0002112397487508133,-0.35,-0.3499988317489624,-3.1323791188003964,-3.13049578666687,0.0017129771877080202,-1.1492782505229115e-05,-0.00475852657109499
2.7304527759552,-23.2979679107666,8.02871036529541,-0.39990234375,-0.11214843392372131,-0.03195800632238388,-0.4547167718410492,-2.999873445512293,6.214726448059082,-0.02755559671290783,-0.08882611989974976,0.25,0.31439998745918274,0.0,0.00021160322648938745,-0.35,-0.3499988317489624,-3.1324073255246287,-3.1305267810821533,0.0016747809713706374,-1.0681274943635799e-05,-0.004752690438181162
2.7352585792541504,-23.2979679107666,8.02871036529541,-0.39990234375,-0.11214843392372131,-0.03195800632238388,-0.4547167718410492,-2.999873445512293,6.214726448059082,-0.02755559671290783,-0.08882611989974976,0.25,0.31439998745918274,0.0,0.00021209026454016566,-0.35,-0.3499988317489624,-3.1324073255246287,-3.13055682182312,0.0016550797736272216,-9.91053821053356e-06,-0.004758134018629789
2.7399673461914062,-23.2979679107666,8.104804039001465,-0.39990234375,-0.11323241889476776,-0.03195800632238388,-0.45068359375,-2.999875005066266,6.23801326751709,-0.027385287631711268,-0.08910952508449554,0.24932793829652328,0.3072609007358551,0.0,0.00021209026454016566,-0.35,-0.3499988317489624,-3.1324640975985094,-3.13055682182312,0.0016550797736272216,-9.91053821053356e-06,-0.004758134018629789
2.7446930408477783,-23.2979679107666,8.104804039001465,-0.39990234375,-0.11323241889476776,-0.03195800632238388,-0.45068359375,-2.999875005066266,6.23801326751709,-0.027385287631711268,-0.08910952508449554,0.25,0.3072609007358551,0.0,0.00021209026454016566,-0.35,-0.3499988317489624,-3.1324640975985094,-3.13055682182312,0.0016550797736272216,-9.91053821053356e-06,-0.004758134018629789
2.7493176460266113,-23.2979679107666,8.186249732971191,-0.39990234375,-0.11439453065395355,-0.03195800632238388,-0.4472021460533142,-2.9998766569572233,6.2797722816467285,-0.02720373215486554,-0.08960704505443573,0.25,0.2525860369205475,0.0,0.0002118694392265752,-0.35,-0.3499990403652191,-3.1325246185957165,-3.130643129348755,0.001775891985744238,-8.94888762559276e-06,-0.004773248918354511
2.753746509552002,-23.2979679107666,8.186249732971191,-0.39990234375,-0.11439453065395355,-0.03195800632238388,-0.4472021460533142,-2.9998766569572233,6.2797722816467285,-0.02720373215486554,-0.08960704505443573,0.25,0.2525860369205475,0.0,0.00021169037790969014,-0.35,-0.3499988317489624,-3.1325246185957165,-3.1306796073913574,0.0017704921774566174,-8.41043765831273e-06,-0.0047944169491529465
2.758295774459839,-23.2979679107666,8.186249732971191,-0.39990234375,-0.11439453065395355,-0.03195800632238388,-0.4472021460533142,-2.9998766569572233,6.2797722816467285,-0.02720373215486554,-0.08960704505443573,0.25,0.2525860369205475,0.0,0.00021169037790969014,-0.35,-0.3499988317489624,-3.1325246185957165,-3.1306796073913574,0.0017704921774566174,-8.41043765831273e-06,-0.0047944169491529465
2.762981653213501,-23.2979679107666,8.255194664001465,-0.39990234375,-0.11537109315395355,-0.03195800632238388,-0.4441503882408142,-2.9998780339583995,6.281105041503906,-0.027051457888418944,-0.08963363617658615,0.25,0.29904311895370483,0.0,0.00021169037790969014,-0.35,-0.3499988317489624,-3.1325753787598427,-3.1306796073913574,0.0017704921774566174,-8.41043765831273e-06,-0.0047944169491529465
2.7676141262054443,-23.2979679107666,8.255194664001465,-0.39990234375,-0.11537109315395355,-0.03195800632238388,-0.4441503882408142,-2.9998780339583995,6.281105041503906,-0.027051457888418944,-0.08963363617658615,0.25,0.29904311895370483,0.0,0.00021190675033722073,-0.35,-0.3499990403652191,-3.1325753787598427,-3.1307101249694824,0.0017061169492080808,-7.930006177048199e-06,-0.004772246349602938
2.7726407051086426,-23.2979679107666,8.358007431030273,-0.39990234375,-0.11683593690395355,-0.03195800632238388,-0.4391259551048279,-2.9998800692686185,6.32417631149292,-0.026824802047900526,-0.09014323353767395,0.22577704744790655,0.2549835443496704,0.0,0.00021227581601124257,-0.35,-0.3499992787837982,-3.132650933752731,-3.130793333053589,0.0017704417696222663,-6.847423719591461e-06,-0.004738084971904755
2.7772178649902344,-23.2979679107666,8.358007431030273,-0.39990234375,-0.11683593690395355,-0.03195800632238388,-0.4391259551048279,-2.9998800692686185,6.32417631149292,-0.026824802047900526,-0.09014323353767395,0.25,0.2549835443496704,0.0,0.00021227581601124257,-0.35,-0.3499992787837982,-3.132650933752731,-3.130793333053589,0.0017704417696222663,-6.847423719591461e-06,-0.004738084971904755
2.7819783687591553,-23.2979679107666,8.358007431030273,-0.39990234375,-0.11683593690395355,-0.03195800632238388,-0.4391259551048279,-2.9998800692686185,6.32417631149292,-0.026824802047900526,-0.09014323353767395,0.25,0.2549835443496704,0.0,0.00021227581601124257,-0.35,-0.3499992787837982,-3.132650933752731,-3.130793333053589,0.0017704417696222663,-6.847423719591461e-06,-0.004738084971904755
2.78690242767334,-23.2979679107666,8.409453392028809,-0.39990234375,-0.11756835877895355,-0.03195800632238388,-0.4374072253704071,-2.999881075891643,6.355823040008545,-0.02671199182385295,-0.09051261097192764,0.25,0.2046932727098465,0.0,0.0002118106058333069,-0.35,-0.3499992787837982,-3.1326885386577614,-3.130833148956299,0.0017672046087682247,-6.3075531215872616e-06,-0.004684784449636936
2.7915396690368652,-23.2979679107666,8.409453392028809,-0.39990234375,-0.11756835877895355,-0.03195800632238388,-0.4374072253704071,-2.999881075891643,6.355823040008545,-0.02671199182385295,-0.09051261097192764,0.25,0.2046932727098465,0.0,0.0002117012772941962,-0.35,-0.34999915957450867,-3.1326885386577614,-3.130863666534424,0.001699994783848524,-5.955113920208532e-06,-0.0046083079650998116
2.7962899208068848,-23.2979679107666,8.448437690734863,-0.39990234375,-0.11812499910593033,-0.03195800632238388,-0.4361523389816284,-2.9998818350644543,6.365658283233643,-0.02662659667179671,-0.09063073992729187,0.25,0.2051686942577362,0.0,0.0002117012772941962,-0.35,-0.34999915957450867,-3.1327170048332813,-3.130863666534424,0.001699994783848524,-5.955113920208532e-06,-0.0046083079650998116
2.8010220527648926,-23.2979679107666,8.448437690734863,-0.39990234375,-0.11812499910593033,-0.03195800632238388,-0.4361523389816284,-2.9998818350644543,6.365658283233643,-0.02662659667179671,-0.09063073992729187,0.25,0.2051686942577362,0.0,0.0002117012772941962,-0.35,-0.34999915957450867,-3.1327170048332813,-3.130863666534424,0.001699994783848524,-5.955113920208532e-06,-0.0046083079650998116
2.805464744567871,-23.2979679107666,8.487500190734863,-0.39990234375,-0.1186816394329071,-0.03195800632238388,-0.43480467796325684,-2.999882590531171,6.370303630828857,-0.026541345632657712,-0.09068970382213593,0.25,0.21981120109558105,0.0,0.0002116850664606318,-0.35,-0.3499992787837982,-3.1327454229620897,-3.1308934688568115,0.0016678761458024383,-5.609677828033455e-06,-0.004561970941722393
2.810321569442749,-23.2979679107666,8.487500190734863,-0.39990234375,-0.1186816394329071,-0.03195800632238388,-0.43480467796325684,-2.999882590531171,6.370303630828857,-0.026541345632657712,-0.09068970382213593,0.25,0.21981120109558105,0.0,0.0002118529810104519,-0.35,-0.34999942779541016,-3.1327454229620897,-3.130974054336548,0.0016524919774383307,-5.115675776323769e-06,-0.004566035699099302
2.8154075145721436,-23.2979679107666,8.487500190734863,-0.39990234375,-0.1186816394329071,-0.03195800632238388,-0.43480467796325684,-2.999882590531171,6.370303630828857,-0.026541345632657712,-0.09068970382213593,0.25,0.21981120109558105,0.0,0.0002118529810104519,-0.35,-0.34999942779541016,-3.1327454229620897,-3.130974054336548,0.0016524919774383307,-5.115675776323769e-06,-0.004566035699099302
2.820687770843506,-23.2979679107666,8.611132621765137,-0.39990234375,-0.12043944746255875,-0.03195800632238388,-0.4292529225349426,-2.9998849503074227,6.364482402801514,-0.02627327385450168,-0.09064392000436783,0.21269415304500075,0.32173076272010803,0.0,0.00021188819664530456,-0.35,-0.34999942779541016,-3.1328347836835353,-3.1310107707977295,0.001677443040534854,-4.817466106032953e-06,-0.004600801505148411
2.8253672122955322,-23.2979679107666,8.611132621765137,-0.39990234375,-0.12043944746255875,-0.03195800632238388,-0.4292529225349426,-2.9998849503074227,6.364482402801514,-0.02627327385450168,-0.09064392000436783,0.25,0.32173076272010803,0.0,0.00021188819664530456,-0.35,-0.34999942779541016,-3.1328347836835353,-3.1310107707977295,0.001677443040534854,-4.817466106032953e-06,-0.004600801505148411
2.83009934425354,-23.2979679107666,8.6787109375,-0.39990234375,-0.12140624970197678,-0.03195800632238388,-0.42546385526657104,-2.999886227301306,6.363648414611816,-0.026127059687974963,-0.09064558893442154,0.23473363925208496,0.37058913707733154,0.0,0.0002118678530678153,-0.35,-0.34999942779541016,-3.132883523597832,-3.1310391426086426,0.00169296411331743,-4.800478563993238e-06,-0.004628180526196957
2.83485746383667,-23.2979679107666,8.6787109375,-0.39990234375,-0.12140624970197678,-0.03195800632238388,-0.42546385526657104,-2.999886227301306,6.363648414611816,-0.026127059687974963,-0.09064558893442154,0.25,0.37058913707733154,0.0,0.0002118678530678153,-0.35,-0.34999942779541016,-3.132883523597832,-3.1310391426086426,0.00169296411331743,-4.800478563993238e-06,-0.004628180526196957
2.8396177291870117,-23.2979679107666,8.786796569824219,-0.39990234375,-0.12293945252895355,-0.03195800632238388,-0.42143553495407104,-2.999888233295516,6.474332332611084,-0.025895708816442597,-0.09189532697200775,0.22695816234239272,0.1403876394033432,0.0,0.00020893447799608111,-0.35,-0.34999942779541016,-3.132960643453899,-3.1311228275299072,0.001964631024748087,-4.992640242562629e-06,-0.004660370759665966
2.8444581031799316,-23.2979679107666,8.786796569824219,-0.39990234375,-0.12293945252895355,-0.03195800632238388,-0.42143553495407104,-2.999888233295516,6.474332332611084,-0.025895708816442597,-0.09189532697200775,0.25,0.1403876394033432,0.0,0.00020893447799608111,-0.35,-0.34999942779541016,-3.132960643453899,-3.1311228275299072,0.001964631024748087,-4.992640242562629e-06,-0.004660370759665966
2.849006175994873,-23.2979679107666,8.786796569824219,-0.39990234375,-0.12293945252895355,-0.03195800632238388,-0.42143553495407104,-2.999888233295516,6.474332332611084,-0.025895708816442597,-0.09189532697200775,0.25,0.1403876394033432,0.0,0.0002081642742268741,-0.35,-0.34999942779541016,-3.132960643453899,-3.131135940551758,0.0019871243275702,-4.910860297968611e-06,-0.004655329044908285
2.853803873062134,-23.2979679107666,8.836601257324219,-0.39990234375,-0.12364257872104645,-0.03195800632238388,-0.42094236612319946,-2.999889144435087,6.521051406860352,-0.025789941847966853,-0.0924203172326088,0.25,0.04534905403852463,0.0,0.0002081642742268741,-0.35,-0.34999942779541016,-3.132995900418218,-3.131135940551758,0.0019871243275702,-4.910860297968611e-06,-0.004655329044908285
2.858722448348999,-23.2979679107666,8.875311851501465,-0.39990234375,-0.12418945133686066,-0.03195800632238388,-0.4209081828594208,-2.999889144435087,6.544778347015381,-0.025789941847966853,-0.09268815815448761,0.25,0.005768256261944771,0.0,0.00020515725191216916,-0.35,-0.34999942779541016,-3.132995900418218,-3.1311893463134766,0.0019232977647334337,-4.681711288867518e-06,-0.004556684754788876
2.8636512756347656,-23.2979679107666,8.875311851501465,-0.39990234375,-0.12418945133686066,-0.03195800632238388,-0.4209081828594208,-2.999889848398113,6.544778347015381,-0.025707926364182884,-0.09268815815448761,0.25,0.005768256261944771,0.0,0.0002040554245468229,-0.35,-0.3499995172023773,-3.1330232399198485,-3.131218194961548,0.0018302123062312603,-4.315876140026376e-06,-0.004517286084592342
2.868405818939209,-23.2979679107666,8.875311851501465,-0.39990234375,-0.12418945133686066,-0.03195800632238388,-0.4209081828594208,-2.999889848398113,6.544778347015381,-0.025707926364182884,-0.09268815815448761,0.25,0.005768256261944771,0.0,0.0002040554245468229,-0.35,-0.3499995172023773,-3.1330232399198485,-3.131218194961548,0.0018302123062312603,-4.315876140026376e-06,-0.004517286084592342
2.873283624649048,-23.2979679107666,8.91519546508789,-0.39990234375,-0.124755859375,-0.03195800632238388,-0.42097166180610657,-2.9998905719444355,6.560081481933594,-0.025623355730375563,-0.09286267310380936,0.25,-0.01012825034558773,0.0,0.0002040554245468229,-0.35,-0.3499995172023773,-3.1330514311628197,-3.131218194961548,0.0018302123062312603,-4.315876140026376e-06,-0.004517286084592342
2.8783013820648193,-23.2979679107666,8.91519546508789,-0.39990234375,-0.124755859375,-0.03195800632238388,-0.42097166180610657,-2.9998905719444355,6.560081481933594,-0.025623355730375563,-0.09286267310380936,0.25,-0.01012825034558773,0.0,0.0002040554245468229,-0.35,-0.3499995172023773,-3.1330514311628197,-3.131218194961548,0.0018302123062312603,-4.315876140026376e-06,-0.004517286084592342
2.8829288482666016,-23.2979679107666,9.05355453491211,-0.39990234375,-0.12671874463558197,-0.03195800632238388,-0.41856443881988525,-2.9998930482653337,6.513776779174805,-0.025331777855570538,-0.09237842261791229,0.25,0.20669126510620117,0.0,0.00020391102589201182,-0.35,-0.3499995172023773,-3.1331486272928912,-3.1313180923461914,0.0015492758248001337,-3.0961455195210874e-06,-0.004429428372532129
2.8875997066497803,-23.2979679107666,9.05355453491211,-0.39990234375,-0.12671874463558197,-0.03195800632238388,-0.41856443881988525,-2.9998930482653337,6.513776779174805,-0.025331777855570538,-0.09237842261791229,0.25,0.20669126510620117,0.0,0.00020391102589201182,-0.35,-0.3499995172023773,-3.1331486272928912,-3.1313180923461914,0.0015492758248001337,-3.0961455195210874e-06,-0.004429428372532129
2.892592430114746,-23.2979679107666,9.112421989440918,-0.39990234375,-0.12754882872104645,-0.03195800632238388,-0.4156884551048279,-2.9998940829888348,6.4758172035217285,-0.025208943821171278,-0.09197546541690826,0.2493808539402382,0.3489215672016144,0.0,0.00020500853133853525,-0.35,-0.3499995172023773,-3.1331895734237105,-3.1313610076904297,0.0014869854785501957,-2.7130713533551898e-06,-0.0044340514577925205
2.897080183029175,-23.2979679107666,9.112421989440918,-0.39990234375,-0.12754882872104645,-0.03195800632238388,-0.4156884551048279,-2.9998940829888348,6.4758172035217285,-0.025208943821171278,-0.09197546541690826,0.25,0.3489215672016144,0.0,0.00020500853133853525,-0.35,-0.3499995172023773,-3.1331895734237105,-3.1313610076904297,0.0014869854785501957,-2.7130713533551898e-06,-0.0044340514577925205
2.9018900394439697,-23.2979679107666,9.112421989440918,-0.39990234375,-0.12754882872104645,-0.03195800632238388,-0.4156884551048279,-2.9998940829888348,6.4758172035217285,-0.025208943821171278,-0.09197546541690826,0.25,0.3489215672016144,0.0,0.00020500853133853525,-0.35,-0.3499995172023773,-3.1331895734237105,-3.1313610076904297,0.0014869854785501957,-2.7130713533551898e-06,-0.0044340514577925205
2.9067201614379883,-23.2979679107666,9.217538833618164,-0.39990234375,-0.1290331929922104,-0.03195800632238388,-0.40758299827575684,-2.999895910554589,6.422933578491211,-0.024990514957729422,-0.09142083674669266,0.13268939086759993,0.5620258450508118,0.0,0.00020500853133853525,-0.35,-0.3499995172023773,-3.13326238559333,-3.1313610076904297,0.0014869854785501957,-2.7130713533551898e-06,-0.0044340514577925205
2.9114089012145996,-23.2979679107666,9.217538833618164,-0.39990234375,-0.1290331929922104,-0.03195800632238388,-0.40758299827575684,-2.999895910554589,6.422933578491211,-0.024990514957729422,-0.09142083674669266,0.25,0.5620258450508118,0.0,0.00020758825121447444,-0.35,-0.34999966621398926,-3.13326238559333,-3.131448984146118,0.0015337893273681402,-2.201335064455634e-06,-0.004580464214086533
2.916023015975952,-23.2979679107666,9.26773452758789,-0.39990234375,-0.12974609434604645,-0.03195800632238388,-0.4026757776737213,-2.999896776642749,6.406304359436035,-0.024886331357689574,-0.09125028550624847,0.19022184277217727,0.6400721669197083,0.0,0.00020758825121447444,-0.35,-0.34999966621398926,-3.1332971146599697,-3.131448984146118,0.0015337893273681402,-2.201335064455634e-06,-0.004580464214086533
2.9207711219787598,-23.2979679107666,9.26773452758789,-0.39990234375,-0.12974609434604645,-0.03195800632238388,-0.4026757776737213,-2.999896776642749,6.406304359436035,-0.024886331357689574,-0.09125028550624847,0.25,0.6400721669197083,0.0,0.00020830158609896898,-0.35,-0.34999966621398926,-3.1332971146599697,-3.1314783096313477,0.0015731973107904196,-2.0612142179743387e-06,-0.004637040197849274
2.925443649291992,-23.2979679107666,9.26773452758789,-0.39990234375,-0.12974609434604645,-0.03195800632238388,-0.4026757776737213,-2.999896776642749,6.406304359436035,-0.024886331357689574,-0.09125028550624847,0.25,0.6400721669197083,0.0,0.00020830158609896898,-0.35,-0.34999966621398926,-3.1332971146599697,-3.1314783096313477,0.0015731973107904196,-2.0612142179743387e-06,-0.004637040197849274
2.9301414489746094,-23.2979679107666,9.306640625,-0.39990234375,-0.13030272722244263,-0.03195800632238388,-0.39824217557907104,-2.9998974467214,6.383843898773193,-0.024805425906919833,-0.09101592749357224,0.19865119350522795,0.7267999649047852,0.0,0.0002096365496981889,-0.35,-0.34999966621398926,-3.1333240840685037,-3.131537675857544,0.0016258348478004336,-1.7811180441640317e-06,-0.004648393951356411
2.934812068939209,-23.2979679107666,9.306640625,-0.39990234375,-0.13030272722244263,-0.03195800632238388,-0.39824217557907104,-2.9998974467214,6.383843898773193,-0.024805425906919833,-0.09101592749357224,0.25,0.7267999649047852,0.0,0.0002096365496981889,-0.35,-0.34999966621398926,-3.1333240840685037,-3.131537675857544,0.0016258348478004336,-1.7811180441640317e-06,-0.004648393951356411
2.939814329147339,-23.2979679107666,9.345077514648438,-0.39990234375,-0.13084959983825684,-0.03195800632238388,-0.39404296875,-2.99989810270759,6.402764797210693,-0.024725965530185506,-0.09122464805841446,0.2057217805326272,0.6996259093284607,0.0,0.0002096365496981889,-0.35,-0.34999966621398926,-3.1333505717633177,-3.131537675857544,0.0016258348478004336,-1.7811180441640317e-06,-0.004648393951356411
2.9445836544036865,-23.2979679107666,9.345077514648438,-0.39990234375,-0.13084959983825684,-0.03195800632238388,-0.39404296875,-2.99989810270759,6.402764797210693,-0.024725965530185506,-0.09122464805841446,0.25,0.6996259093284607,0.0,0.0002096365496981889,-0.35,-0.34999966621398926,-3.1333505717633177,-3.131537675857544,0.0016258348478004336,-1.7811180441640317e-06,-0.004648393951356411
2.949169397354126,-23.2979679107666,9.48183536529541,-0.39990234375,-0.13279296457767487,-0.03195800632238388,-0.3779052793979645,-2.9999004055306275,6.392681121826172,-0.024444976931428462,-0.09114108979701996,-0.07515221065464422,0.8143661022186279,0.0,0.00021184197976253927,-0.35,-0.34999966621398926,-3.13344423777499,-3.131640672683716,0.0014783740043640137,-1.2166970009275246e-06,-0.004420326557010412
2.9541633129119873,-23.2979679107666,9.48183536529541,-0.39990234375,-0.13279296457767487,-0.03195800632238388,-0.3779052793979645,-2.9999004055306275,6.392681121826172,-0.024444976931428462,-0.09114108979701996,0.25,0.8143661022186279,0.0,0.00021218365873210132,-0.35,-0.34999966621398926,-3.13344423777499,-3.1316542625427246,0.0014859844231978059,-1.2488658285292331e-06,-0.00439132284373045
2.958726644515991,-23.2979679107666,9.5396089553833,-0.39990234375,-0.13361327350139618,-0.03195800632238388,-0.3709374964237213,-2.99990136425753,6.426942825317383,-0.024327036930338913,-0.09151265025138855,0.11849289197657673,0.7568188309669495,0.0,0.00021218365873210132,-0.35,-0.34999966621398926,-3.1334835524075726,-3.1316542625427246,0.0014859844231978059,-1.2488658285292331e-06,-0.00439132284373045
2.963561773300171,-23.2979679107666,9.5396089553833,-0.39990234375,-0.13361327350139618,-0.03195800632238388,-0.3709374964237213,-2.99990136425753,6.426942825317383,-0.024327036930338913,-0.09151265025138855,0.25,0.7568188309669495,0.0,0.00021212540741544217,-0.35,-0.34999966621398926,-3.1334835524075726,-3.1316823959350586,0.0015951339155435562,-1.3849485185346566e-06,-0.004343792796134949
2.968348741531372,-23.2979679107666,9.5396089553833,-0.39990234375,-0.13361327350139618,-0.03195800632238388,-0.3709374964237213,-2.99990136425753,6.426942825317383,-0.024327036930338913,-0.09151265025138855,0.25,0.7568188309669495,0.0,0.00021212540741544217,-0.35,-0.34999966621398926,-3.1334835524075726,-3.1316823959350586,0.0015951339155435562,-1.3849485185346566e-06,-0.004343792796134949
2.9730746746063232,-23.2979679107666,9.578554153442383,-0.39990234375,-0.13416992127895355,-0.03195800632238388,-0.3664941191673279,-2.9999020087411292,6.454559803009033,-0.024247431842140954,-0.09181582182645798,0.17360772692210596,0.7278195023536682,0.0,0.0002114581729983911,-0.35,-0.34999966621398926,-3.1335100883065827,-3.1317591667175293,0.0015132015105336905,-1.5199320841929875e-06,-0.0040930151008069515
2.977837324142456,-23.2979679107666,9.578554153442383,-0.39990234375,-0.13416992127895355,-0.03195800632238388,-0.3664941191673279,-2.9999020087411292,6.454559803009033,-0.024247431842140954,-0.09181582182645798,0.25,0.7278195023536682,0.0,0.0002114581729983911,-0.35,-0.34999966621398926,-3.1335100883065827,-3.1317591667175293,0.0015132015105336905,-1.5199320841929875e-06,-0.0040930151008069515
2.982477903366089,-23.2979679107666,9.666796684265137,-0.39990234375,-0.13542968034744263,-0.03195800632238388,-0.3562890589237213,-2.9999034545270664,6.452935218811035,-0.024067893895679766,-0.09180764853954315,0.03955565075349082,0.7644951939582825,0.0,0.0002114581729983911,-0.35,-0.34999966621398926,-3.133569936229155,-3.1317591667175293,0.0015132015105336905,-1.5199320841929875e-06,-0.0040930151008069515
2.9872114658355713,-23.2979679107666,9.666796684265137,-0.39990234375,-0.13542968034744263,-0.03195800632238388,-0.3562890589237213,-2.9999034545270664,6.452935218811035,-0.024067893895679766,-0.09180764853954315,0.25,0.7644951939582825,0.0,0.00021108267537783831,-0.35,-0.34999966621398926,-3.133569936229155,-3.131788969039917,0.0015387764433398843,-1.6723415683372878e-06,-0.004019647371023893
2.9917657375335693,-23.2979679107666,9.73574161529541,-0.39990234375,-0.1364160180091858,-0.03195800632238388,-0.34849607944488525,-2.999904572837924,6.48157262802124,-0.023928097837347825,-0.0921180248260498,0.0821168316526446,0.7282084226608276,0.0,0.00021062909218017012,-0.35,-0.34999966621398926,-3.1336165364062505,-3.1318154335021973,0.001510828034952283,-1.6826470528030768e-06,-0.003938545938581228
2.996452808380127,-23.2979679107666,9.73574161529541,-0.39990234375,-0.1364160180091858,-0.03195800632238388,-0.34849607944488525,-2.999904572837924,6.48157262802124,-0.023928097837347825,-0.0921180248260498,0.25,0.7282084226608276,0.0,0.00021062909218017012,-0.35,-0.34999966621398926,-3.1336165364062505,-3.1318154335021973,0.001510828034952283,-1.6826470528030768e-06,-0.003938545938581228
3.001218795776367,-23.2979679107666,9.774374961853027,-0.39990234375,-0.136962890625,-0.03195800632238388,-0.3445166051387787,-2.999904572837924,6.511300086975098,-0.023928097837347825,-0.09243341535329819,0.25,0.6701310873031616,0.0,0.00020962527196388692,-0.35,-0.34999966621398926,-3.1336165364062505,-3.1318397521972656,0.001590972999110818,-1.7624934116611257e-06,-0.0038950350135564804
3.005854368209839,-23.2979679107666,9.774374961853027,-0.39990234375,-0.136962890625,-0.03195800632238388,-0.3445166051387787,-2.9999051904122656,6.511300086975098,-0.023850545854339215,-0.09243341535329819,0.16420043045979177,0.6701310873031616,0.0,0.00020962527196388692,-0.35,-0.34999966621398926,-3.133642387886902,-3.1318397521972656,0.001590972999110818,-1.7624934116611257e-06,-0.0038950350135564804
3.010807514190674,-23.2979679107666,9.774374961853027,-0.39990234375,-0.136962890625,-0.03195800632238388,-0.3445166051387787,-2.9999051904122656,6.511300086975098,-0.023850545854339215,-0.09243341535329819,0.25,0.6701310873031616,0.0,0.00020596713875420392,-0.35,-0.34999966621398926,-3.133642387886902,-3.131908416748047,0.001661457004956901,-1.8804694263963029e-06,-0.003873278386890888
3.0155889987945557,-23.2979679107666,9.900077819824219,-0.39990234375,-0.1387597620487213,-0.03195800632238388,-0.33271482586860657,-2.999907188572195,6.570762634277344,-0.023597880262153606,-0.09306856989860535,-0.006217032520588528,0.5822364091873169,0.0,0.00020596713875420392,-0.35,-0.34999966621398926,-3.1337266123846286,-3.131908416748047,0.001661457004956901,-1.8804694263963029e-06,-0.003873278386890888
3.020460605621338,-23.2979679107666,9.900077819824219,-0.39990234375,-0.1387597620487213,-0.03195800632238388,-0.33271482586860657,-2.999907188572195,6.570762634277344,-0.023597880262153606,-0.09306856989860535,0.24060545563697816,0.5822364091873169,0.0,0.0002037961530731991,-0.35,-0.34999966621398926,-3.1337266123846286,-3.1319398880004883,0.0017532920464873314,-1.5575496945530176e-06,-0.003965483512729406
3.025161027908325,-23.2979679107666,9.933476448059082,-0.39990234375,-0.13922850787639618,-0.03195800632238388,-0.3300488293170929,-2.999907707232785,6.5983500480651855,-0.023531852569130655,-0.0933573767542839,0.18175442354920368,0.5262613892555237,0.0,0.0002037961530731991,-0.35,-0.34999966621398926,-3.1337486222946564,-3.1319398880004883,0.0017532920464873314,-1.5575496945530176e-06,-0.003965483512729406
3.030074119567871,-23.2979679107666,9.933476448059082,-0.39990234375,-0.13922850787639618,-0.03195800632238388,-0.3300488293170929,-2.999907707232785,6.5983500480651855,-0.023531852569130655,-0.0933573767542839,0.23847265839576723,0.5262613892555237,0.0,0.00020148414478171617,-0.35,-0.34999966621398926,-3.1337486222946564,-3.1319656372070312,0.0018618928734213114,-1.6539579519303516e-06,-0.004048939794301987
3.0346221923828125,-23.2979679107666,9.973515510559082,-0.39990234375,-0.13979491591453552,-0.03195800632238388,-0.3275243937969208,-2.999908328881042,6.645956039428711,-0.02345246916965755,-0.09385157376527786,0.1809475008372517,0.419062077999115,0.0,0.00020148414478171617,-0.35,-0.34999966621398926,-3.133775084239153,-3.1319656372070312,0.0018618928734213114,-1.6539579519303516e-06,-0.004048939794301987
3.0392239093780518,-23.2979679107666,9.973515510559082,-0.39990234375,-0.13979491591453552,-0.03195800632238388,-0.3275243937969208,-2.999908328881042,6.645956039428711,-0.02345246916965755,-0.09385157376527786,0.23645310997962954,0.419062077999115,0.0,0.00019569382129702717,-0.35,-0.34999966621398926,-3.133775084239153,-3.1320366859436035,0.0017905901186168194,-1.5707955753896385e-06,-0.004066923633217812
3.044186592102051,-23.2979679107666,9.973515510559082,-0.39990234375,-0.13979491591453552,-0.03195800632238388,-0.3275243937969208,-2.999908328881042,6.645956039428711,-0.02345246916965755,-0.09385157376527786,0.23645310997962954,0.419062077999115,0.0,0.00019569382129702717,-0.35,-0.34999966621398926,-3.133775084239153,-3.1320366859436035,0.0017905901186168194,-1.5707955753896385e-06,-0.004066923633217812
3.0489540100097656,-23.2979679107666,10.097460746765137,-0.39990234375,-0.14155273139476776,-0.03195800632238388,-0.32137206196784973,-2.999910233694786,6.705402851104736,-0.02320753699326256,-0.09447692334651947,0.1024816846043903,0.32712122797966003,0.0,0.00019508693367242813,-0.35,-0.34999966621398926,-3.133856730766862,-3.1320459842681885,0.0017628723289817572,-1.5788118616910651e-06,-0.004055068828165531
3.053675889968872,-23.2979679107666,10.097460746765137,-0.39990234375,-0.14155273139476776,-0.03195800632238388,-0.32137206196784973,-2.999910233694786,6.705402851104736,-0.02320753699326256,-0.09447692334651947,0.2315312445163727,0.32712122797966003,0.0,0.00019508693367242813,-0.35,-0.34999966621398926,-3.133856730766862,-3.1320459842681885,0.0017628723289817572,-1.5788118616910651e-06,-0.004055068828165531
3.058483839035034,-23.2979679107666,10.176992416381836,-0.39990234375,-0.14267577230930328,-0.03195800632238388,-0.3163818418979645,-2.9999114347111857,6.677801132202148,-0.023051765422129496,-0.09421028941869736,0.12374803404610368,0.447936475276947,0.0,0.00019315650570206344,-0.35,-0.34999966621398926,-3.133908656167218,-3.132096529006958,0.0015847105532884598,-1.2435020835255273e-06,-0.003992114681750536
3.0634231567382812,-23.2979679107666,10.176992416381836,-0.39990234375,-0.14267577230930328,-0.03195800632238388,-0.3163818418979645,-2.9999114347111857,6.677801132202148,-0.023051765422129496,-0.09421028941869736,0.22753906846046448,0.447936475276947,0.0,0.00019242236157879233,-0.35,-0.34999987483024597,-3.133908656167218,-3.13212251663208,0.0015849345363676548,-1.3775143088423647e-06,-0.004004551097750664
3.0681278705596924,-23.2979679107666,10.21695327758789,-0.39990234375,-0.14324218034744263,-0.03195800632238388,-0.3140283226966858,-2.9999120344372976,6.705408573150635,-0.022973585664271125,-0.0944940522313118,0.1756315482902387,0.39479193091392517,0.0,0.00019242236157879233,-0.35,-0.34999987483024597,-3.133934716853255,-3.13212251663208,0.0015849345363676548,-1.3775143088423647e-06,-0.004004551097750664
3.072934865951538,-23.2979679107666,10.21695327758789,-0.39990234375,-0.14324218034744263,-0.03195800632238388,-0.3140283226966858,-2.9999120344372976,6.705408573150635,-0.022973585664271125,-0.0944940522313118,0.22565625309944154,0.39479193091392517,0.0,0.00019144231919199228,-0.35,-0.3499997556209564,-3.133934716853255,-3.132148265838623,0.0016510343411937356,-1.7249749362235889e-06,-0.004098888952285051
3.0777392387390137,-23.2979679107666,10.330117225646973,-0.39990234375,-0.14484374225139618,-0.03195800632238388,-0.3099902272224426,-2.999913712439019,6.805417537689209,-0.022753415575324173,-0.095511794090271,0.13837535738601892,0.18328534066677094,0.0,0.00019144231919199228,-0.35,-0.3499997556209564,-3.13400810901434,-3.132148265838623,0.0016510343411937356,-1.7249749362235889e-06,-0.004098888952285051
3.082517385482788,-23.2979679107666,10.330117225646973,-0.39990234375,-0.14484374225139618,-0.03195800632238388,-0.3099902272224426,-2.999913712439019,6.805417537689209,-0.022753415575324173,-0.095511794090271,0.222425776720047,0.18328534066677094,0.0,0.00018973124679178,-0.35,-0.34999966621398926,-3.13400810901434,-3.1322052478790283,0.0016505017410963774,-1.4665047274320386e-06,-0.004228586331009865
3.087648868560791,-23.2979679107666,10.330117225646973,-0.39990234375,-0.14484374225139618,-0.03195800632238388,-0.3099902272224426,-2.999913712439019,6.805417537689209,-0.022753415575324173,-0.095511794090271,0.222425776720047,0.18328534066677094,0.0,0.00018973124679178,-0.35,-0.34999966621398926,-3.13400810901434,-3.1322052478790283,0.0016505017410963774,-1.4665047274320386e-06,-0.004228586331009865
3.0925376415252686,-23.2979679107666,10.382499694824219,-0.39990234375,-0.14557616412639618,-0.03195800632238388,-0.3088134825229645,-2.999914473914063,6.828208923339844,-0.022652796756939257,-0.09574618935585022,0.19741403226502435,0.14935313165187836,0.0,0.0001897984038805589,-0.35,-0.34999966621398926,-3.1340416495809196,-3.1322574615478516,0.0015227069379761815,-1.2144823813287076e-06,-0.004302841145545244
3.097330331802368,-23.2979679107666,10.382499694824219,-0.39990234375,-0.14557616412639618,-0.03195800632238388,-0.3088134825229645,-2.999914473914063,6.828208923339844,-0.022652796756939257,-0.09574618935585022,0.2214843809604645,0.14935313165187836,0.0,0.0001897984038805589,-0.35,-0.34999966621398926,-3.1340416495809196,-3.1322574615478516,0.0015227069379761815,-1.2144823813287076e-06,-0.004302841145545244
3.102059841156006,-23.2979679107666,10.423437118530273,-0.39990234375,-0.1461523473262787,-0.03195800632238388,-0.3076562285423279,-2.999915067563636,6.8204827308654785,-0.022574042718694814,-0.09567562490701675,0.19608978209112385,0.19274146854877472,0.0,0.0001897984038805589,-0.35,-0.34999966621398926,-3.134067901672815,-3.1322574615478516,0.0015227069379761815,-1.2144823813287076e-06,-0.004302841145545244
3.107160806655884,-23.2979679107666,10.423437118530273,-0.39990234375,-0.1461523473262787,-0.03195800632238388,-0.3076562285423279,-2.999915067563636,6.8204827308654785,-0.022574042718694814,-0.09567562490701675,0.22055857777595522,0.19274146854877472,0.0,0.0001897984038805589,-0.35,-0.34999966621398926,-3.134067901672815,-3.1322574615478516,0.0015227069379761815,-1.2144823813287076e-06,-0.004302841145545244
3.1119003295898438,-23.2979679107666,10.423437118530273,-0.39990234375,-0.1461523473262787,-0.03195800632238388,-0.3076562285423279,-2.999915067563636,6.8204827308654785,-0.022574042718694814,-0.09567562490701675,0.22055857777595522,0.19274146854877472,0.0,0.00019263155991211534,-0.35,-0.3500000238418579,-3.134067901672815,-3.1323344707489014,0.0013385278871282935,-1.2992807114642346e-06,-0.004329534247517586
3.1163878440856934,-23.2979679107666,10.552421569824219,-0.39990234375,-0.14795897901058197,-0.03195800632238388,-0.3012060523033142,-2.9999169094323226,6.7563066482543945,-0.022327930983908575,-0.09506262838840485,0.07166238323039298,0.43841612339019775,0.0,0.00019263155991211534,-0.35,-0.3500000238418579,-3.1341499412151195,-3.1323344707489014,0.0013385278871282935,-1.2992807114642346e-06,-0.004329534247517586
3.121075391769409,-23.2979679107666,10.552421569824219,-0.39990234375,-0.14795897901058197,-0.03195800632238388,-0.3012060523033142,-2.9999169094323226,6.7563066482543945,-0.022327930983908575,-0.09506262838840485,0.21539843678474427,0.43841612339019775,0.0,0.00019431648252066225,-0.35,-0.3500000238418579,-3.1341499412151195,-3.13236927986145,0.0013612593756988645,-1.0413600648462307e-06,-0.004308393690735102
3.125833749771118,-23.2979679107666,10.62929630279541,-0.39990234375,-0.14903320372104645,-0.03195800632238388,-0.29689452052116394,-2.999917989350639,6.7974534034729,-0.022182361696141677,-0.09547767788171768,0.12133955608294428,0.36684322357177734,0.0,0.0001951669983100146,-0.35,-0.3500000238418579,-3.1341984656462727,-3.132397174835205,0.0014343827497214079,-8.390452421735972e-07,-0.004314321093261242
3.130415916442871,-23.2979679107666,10.62929630279541,-0.39990234375,-0.14903320372104645,-0.03195800632238388,-0.29689452052116394,-2.999917989350639,6.7974534034729,-0.022182361696141677,-0.09547767788171768,0.21194921135902406,0.36684322357177734,0.0,0.0001951669983100146,-0.35,-0.3500000238418579,-3.1341984656462727,-3.132397174835205,0.0014343827497214079,-8.390452421735972e-07,-0.004314321093261242
3.135195732116699,-23.2979679107666,10.670937538146973,-0.39990234375,-0.14961913228034973,-0.03195800632238388,-0.29515135288238525,-2.999918571973677,6.834843158721924,-0.02210342795619971,-0.09584911912679672,0.1740853286845534,0.28639599680900574,0.0,0.00019523207447491586,-0.35,-0.3500000238418579,-3.1342247776096506,-3.132425308227539,0.0015672891167923808,-7.340340744121931e-07,-0.004322804510593414
3.140092611312866,-23.2979679107666,10.670937538146973,-0.39990234375,-0.14961913228034973,-0.03195800632238388,-0.29515135288238525,-2.999918571973677,6.834843158721924,-0.02210342795619971,-0.09584911912679672,0.21055467724800112,0.28639599680900574,0.0,0.00019523207447491586,-0.35,-0.3500000238418579,-3.1342247776096506,-3.132425308227539,0.0015672891167923808,-7.340340744121931e-07,-0.004322804510593414
3.1447978019714355,-23.2979679107666,10.787890434265137,-0.39990234375,-0.15125976502895355,-0.03195800632238388,-0.29081541299819946,-2.999918571973677,6.859657287597656,-0.02210342795619971,-0.0961088240146637,0.21055467724800112,0.27956825494766235,0.0,0.00019482782226987183,-0.35,-0.3500000238418579,-3.1342247776096506,-3.132502794265747,0.0015305543784052134,-7.670496415812522e-08,-0.004181958269327879
3.1495521068573,-23.2979679107666,10.787890434265137,-0.39990234375,-0.15125976502895355,-0.03195800632238388,-0.29081541299819946,-2.999920186480802,6.859657287597656,-0.021883206917469936,-0.0961088240146637,0.11588563448262128,0.27956825494766235,0.0,0.00019482782226987183,-0.35,-0.3500000238418579,-3.1342981865952906,-3.132502794265747,0.0015305543784052134,-7.670496415812522e-08,-0.004181958269327879
3.1543972492218018,-23.2979679107666,10.787890434265137,-0.39990234375,-0.15125976502895355,-0.03195800632238388,-0.29081541299819946,-2.999920186480802,6.859657287597656,-0.021883206917469936,-0.0961088240146637,0.20708592534065248,0.27956825494766235,0.0,0.00019509131379891187,-0.35,-0.3500000238418579,-3.1342981865952906,-3.132533311843872,0.0014377556508406997,1.173498276330065e-07,-0.00407723942771554
3.1588175296783447,-23.2979679107666,10.836953163146973,-0.39990234375,-0.15195311605930328,-0.03195800632238388,-0.28831541538238525,-2.999920858953767,6.835373878479004,-0.021790824080130868,-0.09588209539651871,0.14852848388230533,0.3716443181037903,0.0,0.00019509131379891187,-0.35,-0.3500000238418579,-3.134328981690238,-3.132533311843872,0.0014377556508406997,1.173498276330065e-07,-0.00407723942771554
3.1633591651916504,-23.2979679107666,10.836953163146973,-0.39990234375,-0.15195311605930328,-0.03195800632238388,-0.28831541538238525,-2.999920858953767,6.835373878479004,-0.021790824080130868,-0.09588209539651871,0.20508592724800112,0.3716443181037903,0.0,0.00019542679365258664,-0.35,-0.3500000238418579,-3.134328981690238,-3.132559299468994,0.001415675855241716,8.51114236866124e-08,-0.004032561089843512
3.168084144592285,-23.2979679107666,10.877577781677246,-0.39990234375,-0.15251952409744263,-0.03195800632238388,-0.2856542766094208,-2.9999214072749227,6.815860271453857,-0.02171520604663939,-0.09570056945085526,0.14663637337969512,0.44624996185302734,0.0,0.00019542679365258664,-0.35,-0.3500000238418579,-3.1343541883640578,-3.132559299468994,0.001415675855241716,8.51114236866124e-08,-0.004032561089843512
3.1727752685546875,-23.2979679107666,10.877577781677246,-0.39990234375,-0.15251952409744263,-0.03195800632238388,-0.2856542766094208,-2.9999214072749227,6.815860271453857,-0.02171520604663939,-0.09570056945085526,0.20295701622962953,0.44624996185302734,0.0,0.00019604145199991763,-0.35,-0.3500000238418579,-3.1343541883640578,-3.132584810256958,0.0012796067167073488,2.5627923605497926e-07,-0.0038921181112527847
3.177377700805664,-23.2979679107666,11.004648208618164,-0.39990234375,-0.15430663526058197,-0.03195800632238388,-0.27302244305610657,-2.99992311145833,6.713773727416992,-0.021478485472017278,-0.09474311023950577,-0.08160840709872427,0.7922565937042236,0.0,0.00019604145199991763,-0.35,-0.3500000238418579,-3.1344330972670336,-3.132584810256958,0.0012796067167073488,2.5627923605497926e-07,-0.0038921181112527847
3.1821088790893555,-23.2979679107666,11.004648208618164,-0.39990234375,-0.15430663526058197,-0.03195800632238388,-0.27302244305610657,-2.99992311145833,6.713773727416992,-0.021478485472017278,-0.09474311023950577,0.19285154938697815,0.7922565937042236,0.0,0.0001981562963919714,-0.35,-0.3499997556209564,-3.1344330972670336,-3.1326370239257812,0.001196748809888959,3.4279901228728704e-07,-0.0037813521921634674
3.186800956726074,-23.2979679107666,11.004648208618164,-0.39990234375,-0.15430663526058197,-0.03195800632238388,-0.27302244305610657,-2.99992311145833,6.713773727416992,-0.021478485472017278,-0.09474311023950577,0.19285154938697815,0.7922565937042236,0.0,0.00019931403221562505,-0.35,-0.3500000238418579,-3.1344330972670336,-3.1326584815979004,0.0011393940076231956,3.0406579298869474e-07,-0.0036983361933380365
3.191652774810791,-23.2979679107666,11.041444778442383,-0.39990234375,-0.15482421219348907,-0.03195800632238388,-0.26820799708366394,-2.9999235991722792,6.690382957458496,-0.021410257570552024,-0.09452613443136215,0.08977026287929432,0.8755476474761963,0.0,0.00019931403221562505,-0.35,-0.3500000238418579,-3.134455840481903,-3.1326584815979004,0.0011393940076231956,3.0406579298869474e-07,-0.0036983361933380365
3.19651198387146,-23.2979679107666,11.041444778442383,-0.39990234375,-0.15482421219348907,-0.03195800632238388,-0.26820799708366394,-2.9999235991722792,6.690382957458496,-0.021410257570552024,-0.09452613443136215,0.18899999260902406,0.8755476474761963,0.0,0.00020057302026543766,-0.35,-0.34999966621398926,-3.134455840481903,-3.1327052116394043,0.001219370635226369,-3.1856961868470535e-07,-0.0035947428550571203
3.201331615447998,-23.2979679107666,11.12246036529541,-0.39990234375,-0.15596678853034973,-0.03195800632238388,-0.25801756978034973,-2.999924665731924,6.7176513671875,-0.0212602900545942,-0.09479867666959763,-0.030588164222496966,0.8427136540412903,0.0,0.00020057302026543766,-0.35,-0.34999966621398926,-3.134505830918096,-3.1327052116394043,0.001219370635226369,-3.1856961868470535e-07,-0.0035947428550571203
3.20605206489563,-23.2979679107666,11.12246036529541,-0.39990234375,-0.15596678853034973,-0.03195800632238388,-0.25801756978034973,-2.999924665731924,6.7176513671875,-0.0212602900545942,-0.09479867666959763,0.1808476507663727,0.8427136540412903,0.0,0.00020057302026543766,-0.35,-0.34999966621398926,-3.134505830918096,-3.1327052116394043,0.001219370635226369,-3.1856961868470535e-07,-0.0035947428550571203
3.2107436656951904,-23.2979679107666,11.12246036529541,-0.39990234375,-0.15596678853034973,-0.03195800632238388,-0.25801756978034973,-2.999924665731924,6.7176513671875,-0.0212602900545942,-0.09479867666959763,0.1808476507663727,0.8427136540412903,0.0,0.00020057302026543766,-0.35,-0.34999966621398926,-3.134505830918096,-3.1327052116394043,0.001219370635226369,-3.1856961868470535e-07,-0.0035947428550571203
3.2157821655273438,-23.2979679107666,11.236600875854492,-0.39990234375,-0.15756835043430328,-0.03195800632238388,-0.24491210281848907,-2.9999261422924652,6.789276123046875,-0.02105090948741039,-0.09549348801374435,-0.08974325050860016,0.7044759392738342,0.0,0.00019783109019044787,-0.35,-0.34999966621398926,-3.1345756261759443,-3.1327712535858154,0.001696624793112278,-1.6048215911723673e-06,-0.0037277438677847385
3.2202906608581543,-23.2979679107666,11.236600875854492,-0.39990234375,-0.15756835043430328,-0.03195800632238388,-0.24491210281848907,-2.9999261422924652,6.789276123046875,-0.02105090948741039,-0.09549348801374435,0.17036327719688416,0.7044759392738342,0.0,0.0001945742405951023,-0.35,-0.34999966621398926,-3.1345756261759443,-3.132800817489624,0.0018478143028914928,-2.1167961676837876e-06,-0.0037896307185292244
3.2249245643615723,-23.2979679107666,11.286718368530273,-0.39990234375,-0.15827147662639618,-0.03195800632238388,-0.24028807878494263,-2.999926782903285,6.831596374511719,-0.020959418397100815,-0.09589887410402298,0.06687725770250225,0.6135018467903137,0.0,0.0001945742405951023,-0.35,-0.34999966621398926,-3.134606123953621,-3.132800817489624,0.0018478143028914928,-2.1167961676837876e-06,-0.0037896307185292244
3.2296364307403564,-23.2979679107666,11.286718368530273,-0.39990234375,-0.15827147662639618,-0.03195800632238388,-0.24028807878494263,-2.999926782903285,6.831596374511719,-0.020959418397100815,-0.09589887410402298,0.16666405797004702,0.6135018467903137,0.0,0.0001945742405951023,-0.35,-0.34999966621398926,-3.134606123953621,-3.132800817489624,0.0018478143028914928,-2.1167961676837876e-06,-0.0037896307185292244
3.234443426132202,-23.2979679107666,11.328436851501465,-0.39990234375,-0.15885742008686066,-0.03195800632238388,-0.23694823682308197,-2.9999273130155215,6.862429618835449,-0.020883405456773918,-0.09619393944740295,0.0945134000537675,0.5496207475662231,0.0,0.0001917344197863713,-0.35,-0.3499995172023773,-3.1346314622165545,-3.1328258514404297,0.0018826909363269806,-1.99835812964011e-06,-0.0038775899447500706
3.239081621170044,-23.2979679107666,11.328436851501465,-0.39990234375,-0.15885742008686066,-0.03195800632238388,-0.23694823682308197,-2.9999273130155215,6.862429618835449,-0.020883405456773918,-0.09619393944740295,0.1639921844005585,0.5496207475662231,0.0,0.00018579524476081133,-0.35,-0.34999966621398926,-3.1346314622165545,-3.1328964233398438,0.0016970894066616893,-1.5310361050069332e-06,-0.003903695847839117
3.2440876960754395,-23.2979679107666,11.444843292236328,-0.39990234375,-0.16047851741313934,-0.03195800632238388,-0.22792479395866394,-2.9999287671021304,6.876450538635254,-0.02067346882095503,-0.09634293615818024,-0.023476427013422008,0.5681401491165161,0.0,0.00018579524476081133,-0.35,-0.34999966621398926,-3.134701442773731,-3.1328964233398438,0.0016970894066616893,-1.5310361050069332e-06,-0.003903695847839117
3.2490923404693604,-23.2979679107666,11.444843292236328,-0.39990234375,-0.16047851741313934,-0.03195800632238388,-0.22792479395866394,-2.9999287671021304,6.876450538635254,-0.02067346882095503,-0.09634293615818024,0.15677343010902406,0.5681401491165161,0.0,0.00018524886399973184,-0.35,-0.34999966621398926,-3.134701442773731,-3.1329054832458496,0.001672419486567378,-1.4349752746056765e-06,-0.0039036881644278765
3.253690004348755,-23.2979679107666,11.495234489440918,-0.39990234375,-0.1611914038658142,-0.03195800632238388,-0.22337402403354645,-2.9999293956001436,6.86028528213501,-0.020582065352099933,-0.0962013229727745,0.05415276594242105,0.6369538903236389,0.0,0.00018524886399973184,-0.35,-0.34999966621398926,-3.134731911316943,-3.1329054832458496,0.001672419486567378,-1.4349752746056765e-06,-0.0039036881644278765
3.25844669342041,-23.2979679107666,11.495234489440918,-0.39990234375,-0.1611914038658142,-0.03195800632238388,-0.22337402403354645,-2.9999293956001436,6.86028528213501,-0.020582065352099933,-0.0962013229727745,0.15313281416893007,0.6369538903236389,0.0,0.00018346602155361325,-0.35,-0.34999966621398926,-3.134731911316943,-3.132951259613037,0.001568715088069439,-9.928198778652586e-07,-0.0038850854616612196
3.263132095336914,-23.2979679107666,11.578710556030273,-0.39990234375,-0.16236327588558197,-0.03195800632238388,-0.21630859375,-2.9999293956001436,6.896190166473389,-0.020582065352099933,-0.09654383361339569,0.15313281416893007,0.5787822604179382,0.0,0.00018346602155361325,-0.35,-0.34999966621398926,-3.134731911316943,-3.132951259613037,0.001568715088069439,-9.928198778652586e-07,-0.0038850854616612196
3.2680301666259766,-23.2979679107666,11.578710556030273,-0.39990234375,-0.16236327588558197,-0.03195800632238388,-0.21630859375,-2.999930421347967,6.896190166473389,-0.02043201093887168,-0.09654383361339569,0.0032312365892891715,0.5787822604179382,0.0,0.0001828979147830978,-0.35,-0.34999966621398926,-3.1347819306233187,-3.132976531982422,0.0015014561358839273,-7.958515197969973e-07,-0.0038572209887206554
3.2727725505828857,-23.2979679107666,11.578710556030273,-0.39990234375,-0.16236327588558197,-0.03195800632238388,-0.21630859375,-2.999930421347967,6.896190166473389,-0.02043201093887168,-0.09654383361339569,0.1474804699420929,0.5787822604179382,0.0,0.0001828979147830978,-0.35,-0.34999966621398926,-3.1347819306233187,-3.132976531982422,0.0015014561358839273,-7.958515197969973e-07,-0.0038572209887206554
3.2772867679595947,-23.2979679107666,11.695780754089355,-0.39990234375,-0.1640039086341858,-0.03195800632238388,-0.20945800840854645,-2.999931837479575,7.02189826965332,-0.020223018479477137,-0.09770701080560684,-0.009755768374378276,0.289424329996109,0.0,0.00018035242101177573,-0.35,-0.34999966621398926,-3.134851596375729,-3.1330459117889404,0.0016260604606941342,-1.9240997062297538e-07,-0.003918091766536236
3.281670570373535,-23.2979679107666,11.695780754089355,-0.39990234375,-0.1640039086341858,-0.03195800632238388,-0.20945800840854645,-2.999931837479575,7.02189826965332,-0.020223018479477137,-0.09770701080560684,0.14200000166893006,0.289424329996109,0.0,0.00018035242101177573,-0.35,-0.34999966621398926,-3.134851596375729,-3.1330459117889404,0.0016260604606941342,-1.9240997062297538e-07,-0.003918091766536236
3.2862913608551025,-23.2979679107666,11.7490234375,-0.39990234375,-0.1647363305091858,-0.03195800632238388,-0.2081640511751175,-2.999932465727704,7.08298397064209,-0.02012960687399382,-0.09826824069023132,0.11296189485747196,0.14651677012443542,0.0,0.0001799308229237795,-0.35,-0.34999966621398926,-3.1348827342817733,-3.133054256439209,0.0016434217104688287,-2.8198337531648576e-07,-0.003933801781386137
3.290916681289673,-23.2979679107666,11.7490234375,-0.39990234375,-0.1647363305091858,-0.03195800632238388,-0.2081640511751175,-2.999932465727704,7.08298397064209,-0.02012960687399382,-0.09826824069023132,0.1409648358821869,0.14651677012443542,0.0,0.0001799308229237795,-0.35,-0.34999966621398926,-3.1348827342817733,-3.133054256439209,0.0016434217104688287,-2.8198337531648576e-07,-0.003933801781386137
3.2956035137176514,-23.2979679107666,11.7490234375,-0.39990234375,-0.1647363305091858,-0.03195800632238388,-0.2081640511751175,-2.999932465727704,7.08298397064209,-0.02012960687399382,-0.09826824069023132,0.1409648358821869,0.14651677012443542,0.0,0.00017773828585632145,-0.35,-0.34999987483024597,-3.1348827342817733,-3.1331021785736084,0.0016091731376945972,1.2804866855731234e-07,-0.003924936056137085
3.3000643253326416,-23.2979679107666,11.791327476501465,-0.39990234375,-0.16532225906848907,-0.03195800632238388,-0.20769530534744263,-2.9999329637541967,7.114584922790527,-0.02005524821486264,-0.0985596552491188,0.13008175530770066,0.07919370383024216,0.0,0.00017773828585632145,-0.35,-0.34999987483024597,-3.1349075210574107,-3.1331021785736084,0.0016091731376945972,1.2804866855731234e-07,-0.003924936056137085
3.304910898208618,-23.2979679107666,11.791327476501465,-0.39990234375,-0.16532225906848907,-0.03195800632238388,-0.20769530534744263,-2.9999329637541967,7.114584922790527,-0.02005524821486264,-0.0985596552491188,0.140589839220047,0.07919370383024216,0.0,0.0001770100643625483,-0.35,-0.34999966621398926,-3.1349075210574107,-3.133127212524414,0.0014940656255930662,-6.785476216464303e-07,-0.003889957210049033
3.309924840927124,-23.2979679107666,11.911405563354492,-0.39990234375,-0.1669921875,-0.03195800632238388,-0.2062402367591858,-2.9999343647316077,7.1240234375,-0.019844578664342315,-0.09866136312484741,0.11040533736893748,0.1075446680188179,0.0,0.0001770100643625483,-0.35,-0.34999966621398926,-3.1349777457936923,-3.133127212524414,0.0014940656255930662,-6.785476216464303e-07,-0.003889957210049033
3.3146474361419678,-23.2979679107666,11.911405563354492,-0.39990234375,-0.1669921875,-0.03195800632238388,-0.2062402367591858,-2.9999343647316077,7.1240234375,-0.019844578664342315,-0.09866136312484741,0.13942578434944153,0.1075446680188179,0.0,0.00017648139328230172,-0.35,-0.3499997556209564,-3.1349777457936923,-3.133183717727661,0.0014430818846449256,-1.161774434876861e-06,-0.003963793162256479
3.3195748329162598,-23.2979679107666,11.963984489440918,-0.39990234375,-0.167724609375,-0.03195800632238388,-0.20495116710662842,-2.999934971225992,7.099267482757568,-0.01975268121817013,-0.09844771027565002,0.11223325703500195,0.19899049401283264,0.0,0.00017679034499451518,-0.35,-0.3499997556209564,-3.1350083789428558,-3.1332037448883057,0.0013851022813469172,-1.276198418054264e-06,-0.003973242826759815
3.324425458908081,-23.2979679107666,11.963984489440918,-0.39990234375,-0.167724609375,-0.03195800632238388,-0.20495116710662842,-2.999934971225992,7.099267482757568,-0.01975268121817013,-0.09844771027565002,0.13839452862739562,0.19899049401283264,0.0,0.00017679034499451518,-0.35,-0.3499997556209564,-3.1350083789428558,-3.1332037448883057,0.0013851022813469172,-1.276198418054264e-06,-0.003973242826759815
3.329502582550049,-23.2979679107666,11.963984489440918,-0.39990234375,-0.167724609375,-0.03195800632238388,-0.20495116710662842,-2.999934971225992,7.099267482757568,-0.01975268121817013,-0.09844771027565002,0.13839452862739562,0.19899049401283264,0.0,0.00017777920584194362,-0.35,-0.3500000238418579,-3.1350083789428558,-3.13325572013855,0.0013586634304374456,-1.446504484192701e-06,-0.003998260013759136
3.333994150161743,-23.2979679107666,12.050468444824219,-0.39990234375,-0.1689160168170929,-0.03195800632238388,-0.2032470703125,-2.999935951423508,7.13338041305542,-0.019603248626970056,-0.09876333922147751,0.09909133930717332,0.14397317171096802,0.0,0.00017777920584194362,-0.35,-0.3500000238418579,-3.1350581908781776,-3.13325572013855,0.0013586634304374456,-1.446504484192701e-06,-0.003998260013759136
3.3387231826782227,-23.2979679107666,12.050468444824219,-0.39990234375,-0.1689160168170929,-0.03195800632238388,-0.2032470703125,-2.999935951423508,7.13338041305542,-0.019603248626970056,-0.09876333922147751,0.1370312511920929,0.14397317171096802,0.0,0.00017777920584194362,-0.35,-0.3500000238418579,-3.1350581908781776,-3.13325572013855,0.0013586634304374456,-1.446504484192701e-06,-0.003998260013759136
3.343595504760742,-23.2979679107666,12.09390640258789,-0.39990234375,-0.1695214807987213,-0.03195800632238388,-0.2019970715045929,-2.999936443037533,7.093421936035156,-0.019527870731763097,-0.09842165559530258,0.11037615819391755,0.2897997796535492,0.0,0.00017777920584194362,-0.35,-0.3500000238418579,-3.1350833173776254,-3.13325572013855,0.0013586634304374456,-1.446504484192701e-06,-0.003998260013759136
3.348254680633545,-23.2979679107666,12.09390640258789,-0.39990234375,-0.1695214807987213,-0.03195800632238388,-0.2019970715045929,-2.999936443037533,7.093421936035156,-0.019527870731763097,-0.09842165559530258,0.13603125214576722,0.2897997796535492,0.0,0.00018133122648578137,-0.35,-0.3500000238418579,-3.1350833173776254,-3.133326292037964,0.001136241713538766,-1.4075424132897751e-06,-0.0038428923580795527
3.353163957595825,-23.2979679107666,12.188749313354492,-0.39990234375,-0.1708398461341858,-0.03195800632238388,-0.19712401926517487,-2.999937503741221,7.044240474700928,-0.01936423628475917,-0.09799668192863464,0.032870693409936744,0.44949522614479065,0.0,0.00018133122648578137,-0.35,-0.3500000238418579,-3.135137863339229,-3.133326292037964,0.001136241713538766,-1.4075424132897751e-06,-0.0038428923580795527
3.3578710556030273,-23.2979679107666,12.188749313354492,-0.39990234375,-0.1708398461341858,-0.03195800632238388,-0.19712401926517487,-2.999937503741221,7.044240474700928,-0.01936423628475917,-0.09799668192863464,0.1321328103542328,0.44949522614479065,0.0,0.0001833367714425549,-0.35,-0.3500000238418579,-3.135137863339229,-3.133354902267456,0.0011067750165238976,-1.2599441561178537e-06,-0.0037700438406318426
3.3626158237457275,-23.2979679107666,12.188749313354492,-0.39990234375,-0.1708398461341858,-0.03195800632238388,-0.19712401926517487,-2.999937503741221,7.044240474700928,-0.01936423628475917,-0.09799668192863464,0.1321328103542328,0.44949522614479065,0.0,0.0001833367714425549,-0.35,-0.3500000238418579,-3.135137863339229,-3.133354902267456,0.0011067750165238976,-1.2599441561178537e-06,-0.0037700438406318426
3.3675308227539062,-23.2979679107666,12.264257431030273,-0.39990234375,-0.17188476026058197,-0.03195800632238388,-0.19206054508686066,-2.999938335290919,7.039642333984375,-0.019234979905106125,-0.09796758741140366,0.02506117241347325,0.4954007565975189,0.0,0.00018504179024603218,-0.35,-0.3500000238418579,-3.1351809496907137,-3.1333789825439453,0.0010663248831406236,-1.037156835081987e-06,-0.0037000267766416073
3.3725688457489014,-23.2979679107666,12.383710861206055,-0.39990234375,-0.17353515326976776,-0.03195800632238388,-0.18515624105930328,-2.9999396309206032,7.102598667144775,-0.019031837324739436,-0.09853528439998627,-0.014485328731215982,0.37477758526802063,0.0,0.00018618018657434732,-0.35,-0.3500000238418579,-3.135248665261408,-3.1334455013275146,0.0014263961929827929,-4.661092134483624e-07,-0.003789556445553899
3.377377986907959,-23.2979679107666,12.383710861206055,-0.39990234375,-0.17353515326976776,-0.03195800632238388,-0.18515624105930328,-2.9999396309206032,7.102598667144775,-0.019031837324739436,-0.09853528439998627,0.12255858778953553,0.37477758526802063,0.0,0.00018618018657434732,-0.35,-0.3500000238418579,-3.135248665261408,-3.1334455013275146,0.0014263961929827929,-4.661092134483624e-07,-0.003789556445553899
3.3819291591644287,-23.2979679107666,12.383710861206055,-0.39990234375,-0.17353515326976776,-0.03195800632238388,-0.18515624105930328,-2.9999396309206032,7.102598667144775,-0.019031837324739436,-0.09853528439998627,0.12255858778953553,0.37477758526802063,0.0,0.00018598338647279888,-0.35,-0.3500000238418579,-3.135248665261408,-3.1334547996520996,0.0014817583141848445,-3.890481821144931e-07,-0.003824380459263921
3.3865487575531006,-23.2979679107666,12.436484336853027,-0.39990234375,-0.17426757514476776,-0.03195800632238388,-0.18267089128494263,-2.9999401979518847,7.128058910369873,-0.018942246762421733,-0.09876422584056854,0.0667701815249603,0.3276088535785675,0.0,0.00018598338647279888,-0.35,-0.3500000238418579,-3.1352785293803125,-3.1334547996520996,0.0014817583141848445,-3.890481821144931e-07,-0.003824380459263921
3.3914051055908203,-23.2979679107666,12.436484336853027,-0.39990234375,-0.17426757514476776,-0.03195800632238388,-0.18267089128494263,-2.9999401979518847,7.128058910369873,-0.018942246762421733,-0.09876422584056854,0.120570307970047,0.3276088535785675,0.0,0.000184627715498209,-0.35,-0.3499997556209564,-3.1352785293803125,-3.133500576019287,0.0015369908651337028,-1.0759913493529893e-07,-0.003883978584781289
3.396127223968506,-23.2979679107666,12.523124694824219,-0.39990234375,-0.17546874284744263,-0.03195800632238388,-0.17829100787639618,-2.9999411188110097,7.1261210441589355,-0.018795841746193084,-0.09876032918691635,0.024313889378118445,0.36979883909225464,0.0,0.00018393398204352707,-0.35,-0.3500000238418579,-3.1353273320177215,-3.1335268020629883,0.001555853639729321,-1.9927028915844858e-08,-0.003954037092626095
3.4014523029327393,-23.2979679107666,12.523124694824219,-0.39990234375,-0.17546874284744263,-0.03195800632238388,-0.17829100787639618,-2.9999411188110097,7.1261210441589355,-0.018795841746193084,-0.09876032918691635,0.11706640124320984,0.36979883909225464,0.0,0.00018393398204352707,-0.35,-0.3500000238418579,-3.1353273320177215,-3.1335268020629883,0.001555853639729321,-1.9927028915844858e-08,-0.003954037092626095
3.406632661819458,-23.2979679107666,12.523124694824219,-0.39990234375,-0.17546874284744263,-0.03195800632238388,-0.17829100787639618,-2.9999411188110097,7.1261210441589355,-0.018795841746193084,-0.09876032918691635,0.11706640124320984,0.36979883909225464,0.0,0.00018393398204352707,-0.35,-0.3500000238418579,-3.1353273320177215,-3.1335268020629883,0.001555853639729321,-1.9927028915844858e-08,-0.003954037092626095
3.411559581756592,-23.2979679107666,12.523124694824219,-0.39990234375,-0.17546874284744263,-0.03195800632238388,-0.17829100787639618,-2.9999411188110097,7.1261210441589355,-0.018795841746193084,-0.09876032918691635,0.11706640124320984,0.36979883909225464,0.0,0.00018393398204352707,-0.35,-0.3500000238418579,-3.1353273320177215,-3.1335268020629883,0.001555853639729321,-1.9927028915844858e-08,-0.003954037092626095
3.4164514541625977,-23.2979679107666,12.665781021118164,-0.39990234375,-0.1774609386920929,-0.03195800632238388,-0.16715331375598907,-2.999942617410401,7.031889915466309,-0.01855511371113562,-0.0979747474193573,-0.11952128110253585,0.6885374188423157,0.0,0.00018424577137921005,-0.35,-0.3499997556209564,-3.1354075762509472,-3.1336114406585693,0.0013289903290569782,-7.5203843152849e-09,-0.003914144821465015
3.4212636947631836,-23.2979679107666,12.665781021118164,-0.39990234375,-0.1774609386920929,-0.03195800632238388,-0.16715331375598907,-2.999942617410401,7.031889915466309,-0.01855511371113562,-0.0979747474193573,0.10815624594688417,0.6885374188423157,0.0,0.00018424577137921005,-0.35,-0.3499997556209564,-3.1354075762509472,-3.1336114406585693,0.0013289903290569782,-7.5203843152849e-09,-0.003914144821465015
3.4261605739593506,-23.2979679107666,12.736406326293945,-0.39990234375,-0.17844726145267487,-0.03195800632238388,-0.15911132097244263,-2.9999433478637427,6.992799758911133,-0.018436637656529396,-0.09765288233757019,-0.06250424588937899,0.8256412148475647,0.0,0.0001854326546890661,-0.35,-0.3499997556209564,-3.1354470690197354,-3.1336541175842285,0.00132297957316041,7.272365110111423e-08,-0.003943328280001879
3.4308571815490723,-23.2979679107666,12.736406326293945,-0.39990234375,-0.17844726145267487,-0.03195800632238388,-0.15911132097244263,-2.9999433478637427,6.992799758911133,-0.018436637656529396,-0.09765288233757019,0.101722651720047,0.8256412148475647,0.0,0.0001854326546890661,-0.35,-0.3499997556209564,-3.1354470690197354,-3.1336541175842285,0.00132297957316041,7.272365110111423e-08,-0.003943328280001879
3.435739278793335,-23.2979679107666,12.736406326293945,-0.39990234375,-0.17844726145267487,-0.03195800632238388,-0.15911132097244263,-2.9999433478637427,6.992799758911133,-0.018436637656529396,-0.09765288233757019,0.101722651720047,0.8256412148475647,0.0,0.0001854326546890661,-0.35,-0.3499997556209564,-3.1354470690197354,-3.1336541175842285,0.00132297957316041,7.272365110111423e-08,-0.003943328280001879
3.440725564956665,-23.2979679107666,12.852733612060547,-0.39990234375,-0.18007811903953552,-0.03195800632238388,-0.14205077290534973,-2.999944537830099,6.902256488800049,-0.01824198298853113,-0.09690544754266739,-0.25,1.1231677532196045,0.0,0.0001854326546890661,-0.35,-0.3499997556209564,-3.1355119551214887,-3.1336541175842285,0.00132297957316041,7.272365110111423e-08,-0.003943328280001879
3.445192575454712,-23.2979679107666,12.852733612060547,-0.39990234375,-0.18007811903953552,-0.03195800632238388,-0.14205077290534973,-2.999944537830099,6.902256488800049,-0.01824198298853113,-0.09690544754266739,0.08807421326637269,1.1231677532196045,0.0,0.00018869036284741014,-0.35,-0.34999966621398926,-3.1355119551214887,-3.133723735809326,0.0011745933443307877,2.583201990091766e-07,-0.0038717954885214567
3.4500441551208496,-23.2979679107666,12.867538452148438,-0.39990234375,-0.18028320372104645,-0.03195800632238388,-0.13954590260982513,-2.9999446865788246,6.88900089263916,-0.01821750442505854,-0.09679623693227768,0.03444032292704868,1.165777564048767,0.0,0.0001903673546621576,-0.35,-0.34999966621398926,-3.135520114793295,-3.1337549686431885,0.001195187447592616,1.3022781786276028e-07,-0.003828591201454401
3.4548075199127197,-23.2979679107666,12.867538452148438,-0.39990234375,-0.18028320372104645,-0.03195800632238388,-0.13954590260982513,-2.9999446865788246,6.88900089263916,-0.01821750442505854,-0.09679623693227768,0.086070317029953,1.165777564048767,0.0,0.0001903673546621576,-0.35,-0.34999966621398926,-3.135520114793295,-3.1337549686431885,0.001195187447592616,1.3022781786276028e-07,-0.003828591201454401
3.4595589637756348,-23.2979679107666,12.94667911529541,-0.39990234375,-0.18138670921325684,-0.03195800632238388,-0.12621092796325684,-2.999945479892679,6.899853229522705,-0.01808639465140914,-0.09690022468566895,-0.2052486612321358,1.169446587562561,0.0,0.0001915476459544152,-0.35,-0.34999966621398926,-3.1355638188511996,-3.133779525756836,0.0011795443715527654,2.559412450864329e-07,-0.00378048000857234
3.464224100112915,-23.2979679107666,12.94667911529541,-0.39990234375,-0.18138670921325684,-0.03195800632238388,-0.12621092796325684,-2.999945479892679,6.899853229522705,-0.01808639465140914,-0.09690022468566895,0.07540233731269837,1.169446587562561,0.0,0.0001915476459544152,-0.35,-0.34999966621398926,-3.1355638188511996,-3.133779525756836,0.0011795443715527654,2.559412450864329e-07,-0.00378048000857234
3.46880841255188,-23.2979679107666,12.94667911529541,-0.39990234375,-0.18138670921325684,-0.03195800632238388,-0.12621092796325684,-2.999945479892679,6.899853229522705,-0.01808639465140914,-0.09690022468566895,0.07540233731269837,1.169446587562561,0.0,0.0001915476459544152,-0.35,-0.34999966621398926,-3.1355638188511996,-3.133779525756836,0.0011795443715527654,2.559412450864329e-07,-0.00378048000857234
3.473423719406128,-23.2979679107666,12.988320350646973,-0.39990234375,-0.1819726526737213,-0.03195800632238388,-0.11940429359674454,-2.9999458962678633,6.920299530029297,-0.018017199160995968,-0.09707809239625931,-0.07752253289360168,1.130821943283081,0.0,0.00019194744527339935,-0.35,-0.34999966621398926,-3.1355868844322483,-3.133802890777588,0.0013081170618534088,-2.0927700461470522e-07,-0.003765659173950553
3.478153944015503,-23.2979679107666,12.988320350646973,-0.39990234375,-0.1819726526737213,-0.03195800632238388,-0.11940429359674454,-2.9999458962678633,6.920299530029297,-0.018017199160995968,-0.09707809239625931,0.06995702981948852,1.130821943283081,0.0,0.00019194744527339935,-0.35,-0.34999966621398926,-3.1355868844322483,-3.133802890777588,0.0013081170618534088,-2.0927700461470522e-07,-0.003765659173950553
3.4829766750335693,-23.2979679107666,13.118906021118164,-0.39990234375,-0.18379881978034973,-0.03195800632238388,-0.09888671338558197,-2.9999471800286064,6.966990947723389,-0.017802163868858516,-0.0974874347448349,-0.25,1.0567797422409058,0.0,0.0001908055564854294,-0.35,-0.3499995172023773,-3.1356585641403067,-3.1338703632354736,0.001556598930619657,-1.2087239156244323e-06,-0.00381472148001194
3.488037347793579,-23.2979679107666,13.118906021118164,-0.39990234375,-0.18379881978034973,-0.03195800632238388,-0.09888671338558197,-2.9999471800286064,6.966990947723389,-0.017802163868858516,-0.0974874347448349,0.05354296565055847,1.0567797422409058,0.0,0.00018870025814976543,-0.35,-0.34999966621398926,-3.1356585641403067,-3.1339008808135986,0.0017515254439786077,-2.1557316358666867e-06,-0.00392652302980423
3.492931604385376,-23.2979679107666,13.156679153442383,-0.39990234375,-0.184326171875,-0.03195800632238388,-0.09354980289936066,-2.999947546365702,6.997600555419922,-0.017740322838189052,-0.09774649143218994,-0.059770916791419354,0.9882331490516663,0.0,0.00018870025814976543,-0.35,-0.34999966621398926,-3.1356791781788815,-3.1339008808135986,0.0017515254439786077,-2.1557316358666867e-06,-0.00392652302980423
3.497809648513794,-23.2979679107666,13.156679153442383,-0.39990234375,-0.184326171875,-0.03195800632238388,-0.09354980289936066,-2.999947546365702,6.997600555419922,-0.017740322838189052,-0.09774649143218994,0.049273437261581426,0.9882331490516663,0.0,0.00018650857964530587,-0.35,-0.34999966621398926,-3.1356791781788815,-3.1339266300201416,0.0018125143833458424,-2.4681439754203893e-06,-0.003970537334680557
3.5027496814727783,-23.2979679107666,13.199023246765137,-0.39990234375,-0.18492187559604645,-0.03195800632238388,-0.08782714605331421,-2.9999479568180356,7.018556594848633,-0.017670777665219687,-0.0979258120059967,-0.07114717132336387,0.947890043258667,0.0,0.00018650857964530587,-0.35,-0.34999966621398926,-3.1357023603069467,-3.1339266300201416,0.0018125143833458424,-2.4681439754203893e-06,-0.003970537334680557
3.5075840950012207,-23.2979679107666,13.199023246765137,-0.39990234375,-0.18492187559604645,-0.03195800632238388,-0.08782714605331421,-2.9999479568180356,7.018556594848633,-0.017670777665219687,-0.0979258120059967,0.044695311784744264,0.947890043258667,0.0,0.00018141201871912926,-0.35,-0.34999966621398926,-3.1357023603069467,-3.1339993476867676,0.0016580938827246428,-2.620571649458725e-06,-0.0039061959832906723
3.512305736541748,-23.2979679107666,13.335741996765137,-0.39990234375,-0.1868261694908142,-0.03195800632238388,-0.06913574039936066,-2.999949255588888,7.012861728668213,-0.017448893709264515,-0.09790139645338058,-0.25,1.0181224346160889,0.0,0.00018141201871912926,-0.35,-0.34999966621398926,-3.1357763228926374,-3.1339993476867676,0.0016580938827246428,-2.620571649458725e-06,-0.0039061959832906723
3.5170912742614746,-23.2979679107666,13.335741996765137,-0.39990234375,-0.1868261694908142,-0.03195800632238388,-0.06913574039936066,-2.999949255588888,7.012861728668213,-0.017448893709264515,-0.09790139645338058,0.029742187261581423,1.0181224346160889,0.0,0.00018097243446391076,-0.35,-0.34999966621398926,-3.1357763228926374,-3.1340081691741943,0.0016269690822809935,-2.5258486857637763e-06,-0.00388703984208405
3.52186918258667,-23.2979679107666,13.335741996765137,-0.39990234375,-0.1868261694908142,-0.03195800632238388,-0.06913574039936066,-2.999949255588888,7.012861728668213,-0.017448893709264515,-0.09790139645338058,0.029742187261581423,1.0181224346160889,0.0,0.0001785733038559556,-0.35,-0.34999966621398926,-3.1357763228926374,-3.1340529918670654,0.0016434018034487963,-2.3857455744291656e-06,-0.0038506442215293646
3.5266456604003906,-23.2979679107666,13.412538528442383,-0.39990234375,-0.1879003793001175,-0.03195800632238388,-0.05878905951976776,-2.999949975884886,7.061283588409424,-0.017324612211279754,-0.09830483049154282,-0.19515253290380796,0.915688693523407,0.0,0.0001785733038559556,-0.35,-0.34999966621398926,-3.135817750754397,-3.1340529918670654,0.0016434018034487963,-2.3857455744291656e-06,-0.0038506442215293646
3.5312843322753906,-23.2979679107666,13.412538528442383,-0.39990234375,-0.1879003793001175,-0.03195800632238388,-0.05878905951976776,-2.999949975884886,7.061283588409424,-0.017324612211279754,-0.09830483049154282,0.021464842557907107,0.915688693523407,0.0,0.00017724267672747374,-0.35,-0.34999966621398926,-3.135817750754397,-3.134077787399292,0.001613095635548234,-2.234920430055354e-06,-0.0038149100728332996
3.5358595848083496,-23.2979679107666,13.455272674560547,-0.39990234375,-0.18849608302116394,-0.03195800632238388,-0.053496092557907104,-2.999950372214463,7.081520080566406,-0.01725584684402348,-0.0984741821885109,-0.09845641219970024,0.8768870234489441,0.0,0.00017724267672747374,-0.35,-0.34999966621398926,-3.135840672924188,-3.134077787399292,0.001613095635548234,-2.234920430055354e-06,-0.0038149100728332996
3.5406646728515625,-23.2979679107666,13.455272674560547,-0.39990234375,-0.18849608302116394,-0.03195800632238388,-0.053496092557907104,-2.999950372214463,7.081520080566406,-0.01725584684402348,-0.0984741821885109,0.01723046898841858,0.8768870234489441,0.0,0.00017602891603019089,-0.35,-0.34999966621398926,-3.135840672924188,-3.1341028213500977,0.0015595051227137446,-1.762932697602082e-06,-0.0038352340925484896
3.545088529586792,-23.2979679107666,13.566757202148438,-0.39990234375,-0.19003905355930328,-0.03195800632238388,-0.040703125298023224,-2.999951389324263,7.120193958282471,-0.017078105615798263,-0.09880038350820541,-0.25,0.8138183355331421,0.0,0.00017602891603019089,-0.35,-0.34999966621398926,-3.1358999209703184,-3.1341028213500977,0.0015595051227137446,-1.762932697602082e-06,-0.0038352340925484896
3.550156354904175,-23.2979679107666,13.566757202148438,-0.39990234375,-0.19003905355930328,-0.03195800632238388,-0.040703125298023224,-2.999951389324263,7.120193958282471,-0.017078105615798263,-0.09880038350820541,0.006996095180511475,0.8138183355331421,0.0,0.00017449443112127483,-0.35,-0.34999966621398926,-3.1358999209703184,-3.1341516971588135,0.001487641129642725,-1.6212825357797556e-06,-0.003807320725172758
3.5550246238708496,-23.2979679107666,13.566757202148438,-0.39990234375,-0.19003905355930328,-0.03195800632238388,-0.040703125298023224,-2.999951389324263,7.120193958282471,-0.017078105615798263,-0.09880038350820541,0.006996095180511475,0.8138183355331421,0.0,0.00017449443112127483,-0.35,-0.34999966621398926,-3.1358999209703184,-3.1341516971588135,0.001487641129642725,-1.6212825357797556e-06,-0.003807320725172758
3.5600075721740723,-23.2979679107666,13.629179000854492,-0.39990234375,-0.19089843332767487,-0.03195800632238388,-0.033637695014476776,-2.999951949474683,7.1296868324279785,-0.01697942410822944,-0.09888485819101334,-0.14044841411809603,0.811601996421814,0.0,0.00017425487749278545,-0.35,-0.34999966621398926,-3.1359328153361066,-3.134176254272461,0.001412894926033914,-1.4164224921842106e-06,-0.0037639192305505276
3.564635753631592,-23.2979679107666,13.629179000854492,-0.39990234375,-0.19089843332767487,-0.03195800632238388,-0.033637695014476776,-2.999951949474683,7.1296868324279785,-0.01697942410822944,-0.09888485819101334,0.0013437509536743165,0.811601996421814,0.0,0.00017387863772455603,-0.35,-0.3499997556209564,-3.1359328153361066,-3.13420033454895,0.001433638040907681,-1.1023284969269298e-06,-0.0037532132118940353
3.5693843364715576,-23.2979679107666,13.671523094177246,-0.39990234375,-0.19148437678813934,-0.03195800632238388,-0.029208984225988388,-2.999952327900926,7.158358573913574,-0.016912430984781547,-0.09911800920963287,-0.09546305949566336,0.7490055561065674,0.0,0.00017387863772455603,-0.35,-0.3499997556209564,-3.135955146733525,-3.13420033454895,0.001433638040907681,-1.1023284969269298e-06,-0.0037532132118940353
3.5741324424743652,-23.2979679107666,13.671523094177246,-0.39990234375,-0.19148437678813934,-0.03195800632238388,-0.029208984225988388,-2.999952327900926,7.158358573913574,-0.016912430984781547,-0.09911800920963287,-0.002199217677116394,0.7490055561065674,0.0,0.00017284815839957446,-0.35,-0.34999966621398926,-3.135955146733525,-3.134267807006836,0.001414712518453598,-1.4474512681772467e-06,-0.003801706712692976
3.578704357147217,-23.2979679107666,13.803905487060547,-0.39990234375,-0.19332030415534973,-0.03195800632238388,-0.016787109896540642,-2.9999534976816835,7.2020487785339355,-0.016703644734998916,-0.09948127716779709,-0.25,0.678566038608551,0.0,0.00017284815839957446,-0.35,-0.34999966621398926,-3.1360247432424595,-3.134267807006836,0.001414712518453598,-1.4474512681772467e-06,-0.003801706712692976
3.583364725112915,-23.2979679107666,13.803905487060547,-0.39990234375,-0.19332030415534973,-0.03195800632238388,-0.016787109896540642,-2.9999534976816835,7.2020487785339355,-0.016703644734998916,-0.09948127716779709,-0.012136717140674592,0.678566038608551,0.0,0.00017284815839957446,-0.35,-0.34999966621398926,-3.1360247432424595,-3.134267807006836,0.001414712518453598,-1.4474512681772467e-06,-0.003801706712692976
3.58817195892334,-23.2979679107666,13.846014976501465,-0.39990234375,-0.19389648735523224,-0.03195800632238388,-0.013193358667194843,-2.9999538615040993,7.230107307434082,-0.016638174378326372,-0.09970656782388687,-0.08976887309240991,0.617142379283905,0.0,0.00017260141612496227,-0.35,-0.34999966621398926,-3.136046567031645,-3.13429856300354,0.0014229841763153672,-1.6106205293908715e-06,-0.003793208859860897
3.592900037765503,-23.2979679107666,13.846014976501465,-0.39990234375,-0.19389648735523224,-0.03195800632238388,-0.013193358667194843,-2.9999538615040993,7.230107307434082,-0.016638174378326372,-0.09970656782388687,-0.015011718124151231,0.617142379283905,0.0,0.00017196331464219838,-0.35,-0.34999966621398926,-3.136046567031645,-3.13432240486145,0.00149855378549546,-1.8443142835167237e-06,-0.0038139561656862497
3.5978472232818604,-23.2979679107666,13.934218406677246,-0.39990234375,-0.19510741531848907,-0.03195800632238388,-0.0073437499813735485,-2.9999546180951464,7.301846981048584,-0.016501192975141563,-0.10027723014354706,-0.13793254776859143,0.45247599482536316,0.0,0.00017196331464219838,-0.35,-0.34999966621398926,-3.1360922281958534,-3.13432240486145,0.00149855378549546,-1.8443142835167237e-06,-0.0038139561656862497
3.602591037750244,-23.2979679107666,13.934218406677246,-0.39990234375,-0.19510741531848907,-0.03195800632238388,-0.0073437499813735485,-2.9999546180951464,7.301846981048584,-0.016501192975141563,-0.10027723014354706,-0.01969140507280827,0.45247599482536316,0.0,0.00017196331464219838,-0.35,-0.34999966621398926,-3.1360922281958534,-3.13432240486145,0.00149855378549546,-1.8443142835167237e-06,-0.0038139561656862497
3.6074612140655518,-23.2979679107666,13.934218406677246,-0.39990234375,-0.19510741531848907,-0.03195800632238388,-0.0073437499813735485,-2.9999546180951464,7.301846981048584,-0.016501192975141563,-0.10027723014354706,-0.01969140507280827,0.45247599482536316,0.0,0.00017126979946624488,-0.35,-0.3499997556209564,-3.1360922281958534,-3.1343469619750977,0.0015010145725682378,-1.7595266399439424e-06,-0.003800842445343733
3.612182140350342,-23.2979679107666,14.05648422241211,-0.39990234375,-0.19677734375,-0.03195800632238388,-0.0019726562313735485,-2.99995564693446,7.374568462371826,-0.016313075309230065,-0.10085567831993103,-0.1377603117883782,0.2965771555900574,0.0,0.00016923132352530956,-0.35,-0.3500000238418579,-3.1361549350223026,-3.1344144344329834,0.0014791133580729365,-1.0910698620136827e-06,-0.0037950146943330765
3.6170825958251953,-23.2979679107666,14.05648422241211,-0.39990234375,-0.19677734375,-0.03195800632238388,-0.0019726562313735485,-2.99995564693446,7.374568462371826,-0.016313075309230065,-0.10085567831993103,-0.023988280072808267,0.2965771555900574,0.0,0.00016923132352530956,-0.35,-0.3500000238418579,-3.1361549350223026,-3.1344144344329834,0.0014791133580729365,-1.0910698620136827e-06,-0.0037950146943330765
3.6218185424804688,-23.2979679107666,14.070585250854492,-0.39990234375,-0.19697265326976776,-0.03195800632238388,-0.0014013671316206455,-2.9999557655865123,7.375759601593018,-0.016291240721358707,-0.10086670517921448,-0.03650813936434035,0.29827427864074707,0.0,0.00016882098861970007,-0.35,-0.3500000238418579,-3.1361622133257208,-3.1344451904296875,0.0014303135685622692,-1.0789622137963306e-06,-0.003794295946136117
3.6264665126800537,-23.2979679107666,14.070585250854492,-0.39990234375,-0.19697265326976776,-0.03195800632238388,-0.0014013671316206455,-2.9999557655865123,7.375759601593018,-0.016291240721358707,-0.10086670517921448,-0.02444531135261059,0.29827427864074707,0.0,0.00016882098861970007,-0.35,-0.3500000238418579,-3.1361622133257208,-3.1344451904296875,0.0014303135685622692,-1.0789622137963306e-06,-0.003794295946136117
3.63127064704895,-23.2979679107666,14.1577730178833,-0.39990234375,-0.19817382097244263,-0.03195800632238388,0.0024560545571148396,-2.999956490945798,7.366416931152344,-0.01615711707501042,-0.10080715268850327,-0.10782504135248236,0.35441985726356506,0.0,0.00016894280270207673,-0.35,-0.3499997556209564,-3.136206921861643,-3.134469747543335,0.0013576342025771737,-9.401455827173777e-07,-0.0037733602803200483
3.6358797550201416,-23.2979679107666,14.1577730178833,-0.39990234375,-0.19817382097244263,-0.03195800632238388,0.0024560545571148396,-2.999956490945798,7.366416931152344,-0.01615711707501042,-0.10080715268850327,-0.02753124870359898,0.35441985726356506,0.0,0.00016894280270207673,-0.35,-0.3499997556209564,-3.136206921861643,-3.134469747543335,0.0013576342025771737,-9.401455827173777e-07,-0.0037733602803200483
3.6406681537628174,-23.2979679107666,14.282812118530273,-0.39990234375,-0.19988280534744263,-0.03195800632238388,0.0066943359561264515,-2.999957509162283,7.454341888427734,-0.015966941498876522,-0.10149047523736954,-0.11943332883674972,0.15657205879688263,0.0,0.00016867190424818546,-0.35,-0.34999966621398926,-3.1362703146289617,-3.1345396041870117,0.001486478024162352,4.425392035045661e-07,-0.003884410485625267
3.6456239223480225,-23.2979679107666,14.282812118530273,-0.39990234375,-0.19988280534744263,-0.03195800632238388,0.0066943359561264515,-2.999957509162283,7.454341888427734,-0.015966941498876522,-0.10149047523736954,-0.03092187382280827,0.15657205879688263,0.0,0.00016845304344315082,-0.35,-0.34999987483024597,-3.1362703146289617,-3.134549140930176,0.0015155767323449254,4.2039846448460594e-07,-0.0039061224088072777
3.6505019664764404,-23.2979679107666,14.337695121765137,-0.39990234375,-0.2006250023841858,-0.03195800632238388,0.007114257663488388,-2.999957946821627,7.50581169128418,-0.015884498788691276,-0.101885586977005,-0.03986621439923056,0.03405354917049408,0.0,0.00016845304344315082,-0.35,-0.34999987483024597,-3.136297795919585,-3.134549140930176,0.0015155767323449254,4.2039846448460594e-07,-0.0039061224088072777
3.6553070545196533,-23.2979679107666,14.337695121765137,-0.39990234375,-0.2006250023841858,-0.03195800632238388,0.007114257663488388,-2.999957946821627,7.50581169128418,-0.015884498788691276,-0.101885586977005,-0.03125781118869782,0.03405354917049408,0.0,0.00016795309784356505,-0.35,-0.34999966621398926,-3.136297795919585,-3.1345696449279785,0.001534725772216916,3.7818563214386813e-07,-0.003923916723579168
3.660597324371338,-23.2979679107666,14.337695121765137,-0.39990234375,-0.2006250023841858,-0.03195800632238388,0.007114257663488388,-2.999957946821627,7.50581169128418,-0.015884498788691276,-0.101885586977005,-0.03125781118869782,0.03405354917049408,0.0,0.00016795309784356505,-0.35,-0.34999966621398926,-3.136297795919585,-3.1345696449279785,0.001534725772216916,3.7818563214386813e-07,-0.003923916723579168
3.665133476257324,-23.2979679107666,14.428905487060547,-0.39990234375,-0.20185546576976776,-0.03195800632238388,0.006953124888241291,-2.9999586651224917,7.531000137329102,-0.015748255664659767,-0.10208665579557419,-0.02757671405212255,-0.0044893501326441765,0.0,0.000167265665368177,-0.35,-0.34999966621398926,-3.1363432109254323,-3.13461971282959,0.0014458713121712208,1.7196725821122527e-08,-0.003870993619784713
3.6699037551879883,-23.2979679107666,14.428905487060547,-0.39990234375,-0.20185546576976776,-0.03195800632238388,0.006953124888241291,-2.9999586651224917,7.531000137329102,-0.015748255664659767,-0.10208665579557419,-0.03112890496850014,-0.0044893501326441765,0.0,0.000167265665368177,-0.35,-0.34999966621398926,-3.1363432109254323,-3.13461971282959,0.0014458713121712208,1.7196725821122527e-08,-0.003870993619784713
3.6747498512268066,-23.2979679107666,14.47476577758789,-0.39990234375,-0.2024804651737213,-0.03195800632238388,0.007329101208597422,-2.9999590252711545,7.501689910888672,-0.015679499167503143,-0.1018795445561409,-0.03918802010121424,0.10456018149852753,0.0,0.000167265665368177,-0.35,-0.34999966621398926,-3.136366130072228,-3.13461971282959,0.0014458713121712208,1.7196725821122527e-08,-0.003870993619784713
3.6794004440307617,-23.2979679107666,14.47476577758789,-0.39990234375,-0.2024804651737213,-0.03195800632238388,0.007329101208597422,-2.9999590252711545,7.501689910888672,-0.015679499167503143,-0.1018795445561409,-0.03142968602478504,0.10456018149852753,0.0,0.000167265665368177,-0.35,-0.34999966621398926,-3.136366130072228,-3.13461971282959,0.0014458713121712208,1.7196725821122527e-08,-0.003870993619784713
3.684274435043335,-23.2979679107666,14.47476577758789,-0.39990234375,-0.2024804651737213,-0.03195800632238388,0.007329101208597422,-2.9999590252711545,7.501689910888672,-0.015679499167503143,-0.1018795445561409,-0.03142968602478504,0.10456018149852753,0.0,0.00016829997184686363,-0.35,-0.34999966621398926,-3.136366130072228,-3.13470196723938,0.0013845034409314394,-1.7226388990820851e-06,-0.004043183289468288
3.6890690326690674,-23.2979679107666,14.575389862060547,-0.39990234375,-0.20383788645267487,-0.03195800632238388,0.009033203125,-2.9999598012404207,7.492180824279785,-0.015530323291429914,-0.10181699693202972,-0.06833509328826515,0.15049245953559875,0.0,0.00016865342331584543,-0.35,-0.34999966621398926,-3.1364158560369804,-3.1347222328186035,0.0014240718446671963,-2.177991518692579e-06,-0.004106903914362192
3.693828582763672,-23.2979679107666,14.575389862060547,-0.39990234375,-0.20383788645267487,-0.03195800632238388,0.009033203125,-2.9999598012404207,7.492180824279785,-0.015530323291429914,-0.10181699693202972,-0.03279296755790711,0.15049245953559875,0.0,0.00016865342331584543,-0.35,-0.34999966621398926,-3.1364158560369804,-3.1347222328186035,0.0014240718446671963,-2.177991518692579e-06,-0.004106903914362192
3.698408365249634,-23.2979679107666,14.656757354736328,-0.39990234375,-0.20494140684604645,-0.03195800632238388,0.010078124701976776,-2.999960422699622,7.523411750793457,-0.015409809729696359,-0.10205798596143723,-0.056444869992063884,0.0915553867816925,0.0,0.00016865342331584543,-0.35,-0.34999966621398926,-3.136456027758343,-3.1347222328186035,0.0014240718446671963,-2.177991518692579e-06,-0.004106903914362192
3.7028021812438965,-23.2979679107666,14.656757354736328,-0.39990234375,-0.20494140684604645,-0.03195800632238388,0.010078124701976776,-2.999960422699622,7.523411750793457,-0.015409809729696359,-0.10205798596143723,-0.03362890481948853,0.0915553867816925,0.0,0.00016916575259529054,-0.35,-0.34999966621398926,-3.136456027758343,-3.134749412536621,0.0014479118399322033,-2.4180576474464033e-06,-0.0041963523253798485
3.707706928253174,-23.2979679107666,14.780390739440918,-0.39990234375,-0.20661132037639618,-0.03195800632238388,0.009799804538488388,-2.9999613499734137,7.5828776359558105,-0.015228219386878846,-0.10250964015722275,-0.02773174268539235,-0.03158513829112053,0.0,0.0001701030123513192,-0.35,-0.34999966621398926,-3.1365165586617922,-3.134824275970459,0.0014856994384899735,-2.42002579398104e-06,-0.004290573298931122
3.712660789489746,-23.2979679107666,14.780390739440918,-0.39990234375,-0.20661132037639618,-0.03195800632238388,0.009799804538488388,-2.9999613499734137,7.5828776359558105,-0.015228219386878846,-0.10250964015722275,-0.033406248688697814,-0.03158513829112053,0.0,0.0001701030123513192,-0.35,-0.34999966621398926,-3.1365165586617922,-3.134824275970459,0.0014856994384899735,-2.42002579398104e-06,-0.004290573298931122
3.7174599170684814,-23.2979679107666,14.839491844177246,-0.39990234375,-0.20741210877895355,-0.03195800632238388,0.009970703162252903,-2.999961788257542,7.563819885253906,-0.015141631174084368,-0.1023792251944542,-0.037104002816732234,0.03951520845293999,0.0,0.00017116348317358643,-0.35,-0.34999966621398926,-3.1365454217691333,-3.134859561920166,0.0013983873650431633,-2.1485193428816274e-06,-0.004244747571647167
3.7221004962921143,-23.2979679107666,14.839491844177246,-0.39990234375,-0.20741210877895355,-0.03195800632238388,0.009970703162252903,-2.999961788257542,7.563819885253906,-0.015141631174084368,-0.1023792251944542,-0.03354296758770943,0.03951520845293999,0.0,0.00017116348317358643,-0.35,-0.34999966621398926,-3.1365454217691333,-3.134859561920166,0.0013983873650431633,-2.1485193428816274e-06,-0.004244747571647167
3.7267813682556152,-23.2979679107666,14.932499885559082,-0.39990234375,-0.20867186784744263,-0.03195800632238388,0.010507812723517418,-2.999961788257542,7.585165977478027,-0.015141631174084368,-0.10254529118537903,-0.03354296758770943,0.010529322549700737,0.0,0.0001722225861158222,-0.35,-0.34999966621398926,-3.1365454217691333,-3.1348867416381836,0.0013691424392163754,-1.7130878404714167e-06,-0.004224983975291252
3.731602668762207,-23.2979679107666,14.932499885559082,-0.39990234375,-0.20867186784744263,-0.03195800632238388,0.010507812723517418,-2.99996247004041,7.585165977478027,-0.015005943790485646,-0.10254529118537903,-0.04511300130165033,0.010529322549700737,0.0,0.0001722225861158222,-0.35,-0.34999966621398926,-3.1365906514679542,-3.1348867416381836,0.0013691424392163754,-1.7130878404714167e-06,-0.004224983975291252
3.7367918491363525,-23.2979679107666,14.932499885559082,-0.39990234375,-0.20867186784744263,-0.03195800632238388,0.010507812723517418,-2.99996247004041,7.585165977478027,-0.015005943790485646,-0.10254529118537903,-0.03397265523672104,0.010529322549700737,0.0,0.00017300309264101088,-0.35,-0.3500000238418579,-3.1365906514679542,-3.1349146366119385,0.0014087477466091514,-1.0519102033867966e-06,-0.004205987323075533
3.7416741847991943,-23.2979679107666,14.978007316589355,-0.39990234375,-0.2092871069908142,-0.03195800632238388,0.010322265326976776,-2.999962799748406,7.609307765960693,-0.014939883724611656,-0.10272954404354095,-0.03002383550729984,-0.030080894008278847,0.0,0.00017300309264101088,-0.35,-0.3500000238418579,-3.136612671764175,-3.1349146366119385,0.0014087477466091514,-1.0519102033867966e-06,-0.004205987323075533
3.746224880218506,-23.2979679107666,14.978007316589355,-0.39990234375,-0.2092871069908142,-0.03195800632238388,0.010322265326976776,-2.999962799748406,7.609307765960693,-0.014939883724611656,-0.10272954404354095,-0.03382421731948853,-0.030080894008278847,0.0,0.00017473127809353173,-0.35,-0.34999987483024597,-3.136612671764175,-3.134983539581299,0.0013809931697323918,-6.629993549722712e-07,-0.004145344253629446
3.7509446144104004,-23.2979679107666,15.069453239440918,-0.39990234375,-0.21052734553813934,-0.03195800632238388,0.010268554091453552,-2.999963457068084,7.594184398651123,-0.01480730414727964,-0.10262929648160934,-0.032643234338344145,0.028591448441147804,0.0,0.00017473127809353173,-0.35,-0.34999987483024597,-3.136656865499776,-3.134983539581299,0.0013809931697323918,-6.629993549722712e-07,-0.004145344253629446
3.7556023597717285,-23.2979679107666,15.069453239440918,-0.39990234375,-0.21052734553813934,-0.03195800632238388,0.010268554091453552,-2.999963457068084,7.594184398651123,-0.01480730414727964,-0.10262929648160934,-0.03378124833106995,0.028591448441147804,0.0,0.00017510614998172969,-0.35,-0.34999987483024597,-3.136656865499776,-3.1349949836730957,0.0013568338472396135,-6.436061994463671e-07,-0.004121415317058563
3.7606422901153564,-23.2979679107666,15.16152286529541,-0.39990234375,-0.21176756918430328,-0.03195800632238388,0.012187499552965164,-2.999964106603187,7.5460205078125,-0.014675118144108861,-0.10230017453432083,-0.07339124563409825,0.18924696743488312,0.0,0.00017749637481756508,-0.35,-0.34999966621398926,-3.1367009280327807,-3.135047197341919,0.0012668243143707514,-4.913595148536842e-07,-0.0039929915219545364
3.7653191089630127,-23.2979679107666,15.16152286529541,-0.39990234375,-0.21176756918430328,-0.03195800632238388,0.012187499552965164,-2.999964106603187,7.5460205078125,-0.014675118144108861,-0.10230017453432083,-0.03531640470027924,0.18924696743488312,0.0,0.00017749637481756508,-0.35,-0.34999966621398926,-3.1367009280327807,-3.135047197341919,0.0012668243143707514,-4.913595148536842e-07,-0.0039929915219545364
3.770179510116577,-23.2979679107666,15.285311698913574,-0.39990234375,-0.2134374976158142,-0.03195800632238388,0.01323730405420065,-2.9999649668405755,7.639357566833496,-0.014498197447413015,-0.10297396779060364,-0.057755381131396145,-0.028666552156209946,0.0,0.00017756875604391098,-0.35,-0.3499997556209564,-3.136759902295469,-3.135115385055542,0.001539791002869606,-9.182085705106147e-07,-0.003922094590961933
3.775219678878784,-23.2979679107666,15.285311698913574,-0.39990234375,-0.2134374976158142,-0.03195800632238388,0.01323730405420065,-2.9999649668405755,7.639357566833496,-0.014498197447413015,-0.10297396779060364,-0.036156248301267624,-0.028666552156209946,0.0,0.00017756875604391098,-0.35,-0.3499997556209564,-3.136759902295469,-3.135115385055542,0.001539791002869606,-9.182085705106147e-07,-0.003922094590961933
3.7798595428466797,-23.2979679107666,15.299139976501465,-0.39990234375,-0.213623046875,-0.03195800632238388,0.013134765438735485,-2.999965061574912,7.651191234588623,-0.014478581761927449,-0.10305861383676529,-0.03386426866525436,-0.05693593993782997,0.0,0.00017732336709741503,-0.35,-0.34999987483024597,-3.1367664409335507,-3.135122537612915,0.001565217156894505,-9.708282959763892e-07,-0.003915079869329929
3.784409523010254,-23.2979679107666,15.299139976501465,-0.39990234375,-0.213623046875,-0.03195800632238388,0.013134765438735485,-2.999965061574912,7.651191234588623,-0.014478581761927449,-0.10305861383676529,-0.03607421740889549,-0.05693593993782997,0.0,0.00017732336709741503,-0.35,-0.34999987483024597,-3.1367664409335507,-3.135122537612915,0.001565217156894505,-9.708282959763892e-07,-0.003915079869329929
3.7889561653137207,-23.2979679107666,15.299139976501465,-0.39990234375,-0.213623046875,-0.03195800632238388,0.013134765438735485,-2.999965061574912,7.651191234588623,-0.014478581761927449,-0.10305861383676529,-0.03607421740889549,-0.05693593993782997,0.0,0.0001762291940394789,-0.35,-0.3499997556209564,-3.1367664409335507,-3.135148048400879,0.0015842269640415907,-8.457127478322946e-07,-0.003862046869471669
3.793696165084839,-23.2979679107666,15.392617225646973,-0.39990234375,-0.2148730456829071,-0.03195800632238388,0.011513671837747097,-2.999965695253314,7.694319725036621,-0.014346682658351519,-0.1033722385764122,-0.0005770539359816473,-0.1471630483865738,0.0,0.0001762291940394789,-0.35,-0.3499997556209564,-3.1368104078088033,-3.135148048400879,0.0015842269640415907,-8.457127478322946e-07,-0.003862046869471669
3.7983806133270264,-23.2979679107666,15.392617225646973,-0.39990234375,-0.2148730456829071,-0.03195800632238388,0.011513671837747097,-2.999965695253314,7.694319725036621,-0.014346682658351519,-0.1033722385764122,-0.034777342528104785,-0.1471630483865738,0.0,0.00017436295456718653,-0.35,-0.3499997556209564,-3.1368104078088033,-3.1351964473724365,0.0015202201902866364,-6.88133695803117e-07,-0.003770622191950679
3.802924871444702,-23.2979679107666,15.392617225646973,-0.39990234375,-0.2148730456829071,-0.03195800632238388,0.011513671837747097,-2.999965695253314,7.694319725036621,-0.014346682658351519,-0.1033722385764122,-0.034777342528104785,-0.1471630483865738,0.0,0.00017436295456718653,-0.35,-0.3499997556209564,-3.1368104078088033,-3.1351964473724365,0.0015202201902866364,-6.88133695803117e-07,-0.003770622191950679
3.8074395656585693,-23.2979679107666,15.43984317779541,-0.39990234375,-0.21550780534744263,-0.03195800632238388,0.010498046875,-2.999966013234731,7.706155300140381,-0.014280036292425705,-0.1034606397151947,-0.011468856902277613,-0.16559576988220215,0.0,0.00017436295456718653,-0.35,-0.3499997556209564,-3.1368326235169683,-3.1351964473724365,0.0015202201902866364,-6.88133695803117e-07,-0.003770622191950679
3.8121418952941895,-23.2979679107666,15.43984317779541,-0.39990234375,-0.21550780534744263,-0.03195800632238388,0.010498046875,-2.999966013234731,7.706155300140381,-0.014280036292425705,-0.1034606397151947,-0.033964842557907104,-0.16559576988220215,0.0,0.00017436295456718653,-0.35,-0.3499997556209564,-3.1368326235169683,-3.1351964473724365,0.0015202201902866364,-6.88133695803117e-07,-0.003770622191950679
3.81673002243042,-23.2979679107666,15.60081958770752,-0.39990234375,-0.21767577528953552,-0.03195800632238388,0.007685546763241291,-2.999967081853302,7.69822359085083,-0.014053746709764225,-0.1034281775355339,0.02958468189623692,-0.09657636284828186,0.0,0.00017326146189589053,-0.35,-0.3499997556209564,-3.136908054218934,-3.135282278060913,0.0014300202019512653,-7.967323654156644e-07,-0.003929869271814823
3.821516275405884,-23.2979679107666,15.60081958770752,-0.39990234375,-0.21767577528953552,-0.03195800632238388,0.007685546763241291,-2.999967081853302,7.69822359085083,-0.014053746709764225,-0.1034281775355339,-0.03171484246850014,-0.09657636284828186,0.0,0.00017339468467980623,-0.35,-0.34999966621398926,-3.136908054218934,-3.135296583175659,0.001405165414325893,-7.051021384540945e-07,-0.003956492058932781
3.8262898921966553,-23.2979679107666,15.627031326293945,-0.39990234375,-0.21802733838558197,-0.03195800632238388,0.007475585676729679,-2.999967252891338,7.688321590423584,-0.014017188719510125,-0.10336422920227051,-0.02714850867570679,-0.06179739907383919,0.0,0.00017339468467980623,-0.35,-0.34999966621398926,-3.1369202403490526,-3.135296583175659,0.001405165414325893,-7.051021384540945e-07,-0.003956492058932781
3.831075429916382,-23.2979679107666,15.627031326293945,-0.39990234375,-0.21802733838558197,-0.03195800632238388,0.007475585676729679,-2.999967252891338,7.688321590423584,-0.014017188719510125,-0.10336422920227051,-0.03154687359929085,-0.06179739907383919,0.0,0.00017339468467980623,-0.35,-0.34999966621398926,-3.1369202403490526,-3.135296583175659,0.001405165414325893,-7.051021384540945e-07,-0.003956492058932781
3.8358068466186523,-23.2979679107666,15.673515319824219,-0.39990234375,-0.21865233778953552,-0.03195800632238388,0.006874999962747097,-2.999967555102792,7.706948757171631,-0.013952359319410267,-0.10349713265895844,-0.018372834544355728,-0.09935453534126282,0.0,0.00017366262909490615,-0.35,-0.34999966621398926,-3.1369418503838853,-3.1353225708007812,0.0014151101931929588,-4.7295816330006346e-07,-0.0039984299801290035
3.8405840396881104,-23.2979679107666,15.673515319824219,-0.39990234375,-0.21865233778953552,-0.03195800632238388,0.006874999962747097,-2.999967555102792,7.706948757171631,-0.013952359319410267,-0.10349713265895844,-0.031066405028104784,-0.09935453534126282,0.0,0.00017345331434626132,-0.35,-0.34999966621398926,-3.1369418503838853,-3.1353919506073,0.0015156515873968601,-5.721403795178048e-07,-0.004100026562809944
3.8453261852264404,-23.2979679107666,15.813554763793945,-0.39990234375,-0.22052733600139618,-0.03195800632238388,0.0025048828683793545,-2.999968450039084,7.798891544342041,-0.013758588957246857,-0.10413619130849838,0.06458453836772626,-0.3114132881164551,0.0,0.00017345331434626132,-0.35,-0.34999966621398926,-3.1370064411934973,-3.1353919506073,0.0015156515873968601,-5.721403795178048e-07,-0.004100026562809944
3.850048065185547,-23.2979679107666,15.813554763793945,-0.39990234375,-0.22052733600139618,-0.03195800632238388,0.0025048828683793545,-2.999968450039084,7.798891544342041,-0.013758588957246857,-0.10413619130849838,-0.02757031135261059,-0.3114132881164551,0.0,0.00017345331434626132,-0.35,-0.34999966621398926,-3.1370064411934973,-3.1353919506073,0.0015156515873968601,-5.721403795178048e-07,-0.004100026562809944
3.8549060821533203,-23.2979679107666,15.813554763793945,-0.39990234375,-0.22052733600139618,-0.03195800632238388,0.0025048828683793545,-2.999968450039084,7.798891544342041,-0.013758588957246857,-0.10413619130849838,-0.02757031135261059,-0.3114132881164551,0.0,0.00017337239114567637,-0.35,-0.34999966621398926,-3.1370064411934973,-3.135427474975586,0.001522539765574038,-5.594324647972826e-07,-0.004149188287556171
3.8596343994140625,-23.2979679107666,15.909062385559082,-0.39990234375,-0.22179687023162842,-0.03195800632238388,-0.002358398400247097,-2.9999690463994577,7.846498012542725,-0.013627936202031454,-0.10446705669164658,0.07917469082104917,-0.4151647984981537,0.0,0.00017358020704705268,-0.35,-0.34999966621398926,-3.1370499925655815,-3.1354544162750244,0.0014787007821723819,-4.90347247250611e-07,-0.004145599436014891
3.864168405532837,-23.2979679107666,15.909062385559082,-0.39990234375,-0.22179687023162842,-0.03195800632238388,-0.002358398400247097,-2.9999690463994577,7.846498012542725,-0.013627936202031454,-0.10446705669164658,-0.02367968633770943,-0.4151647984981537,0.0,0.00017358020704705268,-0.35,-0.34999966621398926,-3.1370499925655815,-3.1354544162750244,0.0014787007821723819,-4.90347247250611e-07,-0.004145599436014891
3.8688578605651855,-23.2979679107666,15.957499504089355,-0.39990234375,-0.2224414050579071,-0.03195800632238388,-0.005483398213982582,-2.999969345809948,7.885435581207275,-0.013561865676664162,-0.10473200678825378,0.04545918289530143,-0.5085110068321228,0.0,0.0001737164129735902,-0.35,-0.34999966621398926,-3.1370720163001753,-3.135481119155884,0.0014858925715088844,-4.284765964257531e-07,-0.004131391644477844
3.873507261276245,-23.2979679107666,15.957499504089355,-0.39990234375,-0.2224414050579071,-0.03195800632238388,-0.005483398213982582,-2.999969345809948,7.885435581207275,-0.013561865676664162,-0.10473200678825378,-0.02117968648672104,-0.5085110068321228,0.0,0.0001737164129735902,-0.35,-0.34999966621398926,-3.1370720163001753,-3.135481119155884,0.0014858925715088844,-4.284765964257531e-07,-0.004131391644477844
3.878096342086792,-23.2979679107666,16.083477020263672,-0.39990234375,-0.22410155832767487,-0.03195800632238388,-0.015922851860523224,-2.99997010881744,7.991981029510498,-0.013392020081976597,-0.10545019805431366,0.21465650957421473,-0.7663152813911438,0.0,0.00017380178906023502,-0.35,-0.34999966621398926,-3.137128632069693,-3.1355502605438232,0.0015124392230063677,-1.6118146959342994e-06,-0.004084761254489422
3.8829240798950195,-23.2979679107666,16.083477020263672,-0.39990234375,-0.22410155832767487,-0.03195800632238388,-0.015922851860523224,-2.99997010881744,7.991981029510498,-0.013392020081976597,-0.10545019805431366,-0.012828123569488526,-0.7663152813911438,0.0,0.00017380178906023502,-0.35,-0.34999966621398926,-3.137128632069693,-3.1355502605438232,0.0015124392230063677,-1.6118146959342994e-06,-0.004084761254489422
3.887467622756958,-23.2979679107666,16.083477020263672,-0.39990234375,-0.22410155832767487,-0.03195800632238388,-0.015922851860523224,-2.99997010881744,7.991981029510498,-0.013392020081976597,-0.10545019805431366,-0.012828123569488526,-0.7663152813911438,0.0,0.00017338975158054382,-0.35,-0.34999966621398926,-3.137128632069693,-3.135586738586426,0.001527549116872251,-1.978379259526264e-06,-0.0040288628078997135
3.891939640045166,-23.2979679107666,16.151561737060547,-0.39990234375,-0.22499023377895355,-0.03195800632238388,-0.023715820163488388,-2.999970512296284,8.07105827331543,-0.013301328985188186,-0.10597588121891022,0.16766694374761837,-0.9649790525436401,0.0,0.00017338975158054382,-0.35,-0.34999966621398926,-3.137158862734464,-3.135586738586426,0.001527549116872251,-1.978379259526264e-06,-0.0040288628078997135
3.8965888023376465,-23.2979679107666,16.151561737060547,-0.39990234375,-0.22499023377895355,-0.03195800632238388,-0.023715820163488388,-2.999970512296284,8.07105827331543,-0.013301328985188186,-0.10597588121891022,-0.006593748927116394,-0.9649790525436401,0.0,0.00017306357040069997,-0.35,-0.34999966621398926,-3.137158862734464,-3.1356117725372314,0.0015033239033073187,-2.30328987527173e-06,-0.003966008313000202
3.9013984203338623,-23.2979679107666,16.199140548706055,-0.39990234375,-0.2256152331829071,-0.03195800632238388,-0.02995605394244194,-2.999970793141161,8.11188793182373,-0.013237835925602986,-0.10624763369560242,0.12814333226151517,-1.0644030570983887,0.0,0.00017306357040069997,-0.35,-0.34999966621398926,-3.1371800272946992,-3.1356117725372314,0.0015033239033073187,-2.30328987527173e-06,-0.003966008313000202
3.9061243534088135,-23.2979679107666,16.199140548706055,-0.39990234375,-0.2256152331829071,-0.03195800632238388,-0.02995605394244194,-2.999970793141161,8.11188793182373,-0.013237835925602986,-0.10624763369560242,-0.0016015619039535522,-1.0644030570983887,0.0,0.00017221277812495828,-0.35,-0.3499997556209564,-3.1371800272946992,-3.135680675506592,0.0014733015559613705,-1.3487324395100586e-06,-0.0038558198139071465
3.91079044342041,-23.2979679107666,16.199140548706055,-0.39990234375,-0.2256152331829071,-0.03195800632238388,-0.02995605394244194,-2.999970793141161,8.11188793182373,-0.013237835925602986,-0.10624763369560242,-0.0016015619039535522,-1.0644030570983887,0.0,0.00017221277812495828,-0.35,-0.3499997556209564,-3.1371800272946992,-3.135680675506592,0.0014733015559613705,-1.3487324395100586e-06,-0.0038558198139071465
3.915189266204834,-23.2979679107666,16.35660171508789,-0.39990234375,-0.2276660054922104,-0.03195800632238388,-0.054033201187849045,-2.999971702491417,8.250337600708008,-0.01303012857759557,-0.107159823179245,0.25,-1.4033180475234985,0.0,0.0001720462169032544,-0.35,-0.34999966621398926,-3.137249263740907,-3.1356914043426514,0.001468532718718052,-1.2804889593098778e-06,-0.0038378166500478983
3.9198153018951416,-23.2979679107666,16.35660171508789,-0.39990234375,-0.2276660054922104,-0.03195800632238388,-0.054033201187849045,-2.999971702491417,8.250337600708008,-0.01303012857759557,-0.107159823179245,0.01766015589237213,-1.4033180475234985,0.0,0.0001720462169032544,-0.35,-0.34999966621398926,-3.137249263740907,-3.1356914043426514,0.001468532718718052,-1.2804889593098778e-06,-0.0038378166500478983
3.9250218868255615,-23.2979679107666,16.450546264648438,-0.39990234375,-0.2288867086172104,-0.03195800632238388,-0.07071288675069809,-2.999972233888277,8.2820405960083,-0.01290720339117651,-0.10737419128417969,0.25,-1.466567039489746,0.0,0.00017167680198326707,-0.35,-0.3500000238418579,-3.137290239185913,-3.1357359886169434,0.0013658348470926285,-8.936654012359213e-07,-0.003700512694194913
3.929553270339966,-23.2979679107666,16.450546264648438,-0.39990234375,-0.2288867086172104,-0.03195800632238388,-0.07071288675069809,-2.999972233888277,8.2820405960083,-0.01290720339117651,-0.10737419128417969,0.031003904342651368,-1.466567039489746,0.0,0.00017167680198326707,-0.35,-0.3500000238418579,-3.137290239185913,-3.1357359886169434,0.0013658348470926285,-8.936654012359213e-07,-0.003700512694194913
3.9343273639678955,-23.2979679107666,16.498437881469727,-0.39990234375,-0.22951170802116394,-0.03195800632238388,-0.07881347835063934,-2.999972502764484,8.261018753051758,-0.012844557485509885,-0.10724644362926483,0.2071624826465756,-1.3969519138336182,0.0,0.00017186877084895968,-0.35,-0.34999966621398926,-3.137311121346804,-3.135758399963379,0.0012847683392465115,-6.47942442810745e-07,-0.0036104568280279636
3.9388861656188965,-23.2979679107666,16.498437881469727,-0.39990234375,-0.22951170802116394,-0.03195800632238388,-0.07881347835063934,-2.999972502764484,8.261018753051758,-0.012844557485509885,-0.10724644362926483,0.03748437762260437,-1.3969519138336182,0.0,0.00017186877084895968,-0.35,-0.34999966621398926,-3.137311121346804,-3.135758399963379,0.0012847683392465115,-6.47942442810745e-07,-0.0036104568280279636
3.943744421005249,-23.2979679107666,16.63945198059082,-0.39990234375,-0.23133789002895355,-0.03195800632238388,-0.10356933623552322,-2.999973278708624,8.279867172241211,-0.012662031204791698,-0.10738375782966614,0.25,-1.4136627912521362,0.0,0.00017238009604625404,-0.35,-0.34999966621398926,-3.137371963990158,-3.1358211040496826,0.0011806758120656013,1.5424029697896913e-07,-0.0033811205066740513
3.948314666748047,-23.2979679107666,16.63945198059082,-0.39990234375,-0.23133789002895355,-0.03195800632238388,-0.10356933623552322,-2.999973278708624,8.279867172241211,-0.012662031204791698,-0.10738375782966614,0.057289063930511475,-1.4136627912521362,0.0,0.00017238009604625404,-0.35,-0.34999966621398926,-3.137371963990158,-3.1358211040496826,0.0011806758120656013,1.5424029697896913e-07,-0.0033811205066740513
3.9530091285705566,-23.2979679107666,16.63945198059082,-0.39990234375,-0.23133789002895355,-0.03195800632238388,-0.10356933623552322,-2.999973278708624,8.279867172241211,-0.012662031204791698,-0.10738375782966614,0.057289063930511475,-1.4136627912521362,0.0,0.0001728350471239537,-0.35,-0.34999966621398926,-3.137371963990158,-3.1358463764190674,0.0011287066154181957,2.70025452664413e-07,-0.0032787034288048744
3.9573957920074463,-23.2979679107666,16.699413299560547,-0.39990234375,-0.2321191281080246,-0.03195800632238388,-0.11352050304412842,-2.9999736051353008,8.264165878295898,-0.012584454358743757,-0.1072927936911583,0.25,-1.3558725118637085,0.0,0.0001728350471239537,-0.35,-0.34999966621398926,-3.1373978231677624,-3.1358463764190674,0.0011287066154181957,2.70025452664413e-07,-0.0032787034288048744
3.962222099304199,-23.2979679107666,16.699413299560547,-0.39990234375,-0.2321191281080246,-0.03195800632238388,-0.11352050304412842,-2.9999736051353008,8.264165878295898,-0.012584454358743757,-0.1072927936911583,0.06524999737739563,-1.3558725118637085,0.0,0.00017286426736973226,-0.35,-0.34999966621398926,-3.1373978231677624,-3.1358675956726074,0.001174026052467525,2.3650432012800593e-07,-0.00322954379953444
3.966639518737793,-23.2979679107666,16.749570846557617,-0.39990234375,-0.23277343809604645,-0.03195800632238388,-0.12216796725988388,-2.9999738761570325,8.296039581298828,-0.012519679522649284,-0.10749813169240952,0.25,-1.4309594631195068,0.0,0.00017286426736973226,-0.35,-0.34999966621398926,-3.1374194149687886,-3.1358675956726074,0.001174026052467525,2.3650432012800593e-07,-0.00322954379953444
3.9713897705078125,-23.2979679107666,16.749570846557617,-0.39990234375,-0.23277343809604645,-0.03195800632238388,-0.12216796725988388,-2.9999738761570325,8.296039581298828,-0.012519679522649284,-0.10749813169240952,0.07216796875,-1.4309594631195068,0.0,0.00017283701163250953,-0.35,-0.34999966621398926,-3.1374194149687886,-3.135887622833252,0.0012122089974582195,3.811117039731471e-07,-0.003138262312859297
3.9761788845062256,-23.2979679107666,16.90105438232422,-0.39990234375,-0.2347460836172104,-0.03195800632238388,-0.1496289074420929,-2.999974681098446,8.377671241760254,-0.01232528978468327,-0.10802222043275833,0.25,-1.618147373199463,0.0,0.00017283701163250953,-0.35,-0.34999966621398926,-3.137484212103645,-3.135887622833252,0.0012122089974582195,3.811117039731471e-07,-0.003138262312859297
3.9808738231658936,-23.2979679107666,16.90105438232422,-0.39990234375,-0.2347460836172104,-0.03195800632238388,-0.1496289074420929,-2.999974681098446,8.377671241760254,-0.01232528978468327,-0.10802222043275833,0.09413672089576722,-1.618147373199463,0.0,0.00017139404371846467,-0.35,-0.34999966621398926,-3.137484212103645,-3.135928153991699,0.0013153176987543702,-4.670309863286093e-07,-0.0031319691333919764
3.9857161045074463,-23.2979679107666,16.90105438232422,-0.39990234375,-0.2347460836172104,-0.03195800632238388,-0.1496289074420929,-2.999974681098446,8.377671241760254,-0.01232528978468327,-0.10802222043275833,0.09413672089576722,-1.618147373199463,0.0,0.00017139404371846467,-0.35,-0.34999966621398926,-3.137484212103645,-3.135928153991699,0.0013153176987543702,-4.670309863286093e-07,-0.0031319691333919764
3.990482807159424,-23.2979679107666,16.952186584472656,-0.39990234375,-0.23540037870407104,-0.03195800632238388,-0.1602831929922104,-2.999974945087214,8.432793617248535,-0.012260866566704911,-0.10836795717477798,0.25,-1.757149577140808,0.0,0.00016793482063803822,-0.35,-0.34999966621398926,-3.13750568668993,-3.1359691619873047,0.0014485182473435998,-1.4312463463284075e-06,-0.0031359319109469652
3.995313882827759,-23.2979679107666,16.952186584472656,-0.39990234375,-0.23540037870407104,-0.03195800632238388,-0.1602831929922104,-2.999974945087214,8.432793617248535,-0.012260866566704911,-0.10836795717477798,0.1026601493358612,-1.757149577140808,0.0,0.00016793482063803822,-0.35,-0.34999966621398926,-3.13750568668993,-3.1359691619873047,0.0014485182473435998,-1.4312463463284075e-06,-0.0031359319109469652
4.0005152225494385,-23.2979679107666,17.05562400817871,-0.39990234375,-0.23671874403953552,-0.03195800632238388,-0.18358397483825684,-2.9999754712986615,8.523819923400879,-0.012131430516345292,-0.10893718153238297,0.25,-1.982548475265503,0.0,0.00016583262186031789,-0.35,-0.34999966621398926,-3.1375488323965963,-3.1359894275665283,0.0014950961340218782,-1.3981143638375215e-06,-0.0031559227500110865
4.005823373794556,-23.2979679107666,17.108123779296875,-0.39990234375,-0.2373925745487213,-0.03195800632238388,-0.19627441465854645,-2.999975736622941,8.565008163452148,-0.012065640208600938,-0.10919907689094543,0.25,-2.0720949172973633,0.0,0.00016375453560613096,-0.35,-0.3499997556209564,-3.1375707626775142,-3.136009931564331,0.0014452405739575624,-1.509893081674818e-06,-0.003117685206234455
4.010798215866089,-23.2979679107666,17.108123779296875,-0.39990234375,-0.2373925745487213,-0.03195800632238388,-0.19627441465854645,-2.999975736622941,8.565008163452148,-0.012065640208600938,-0.10919907689094543,0.13145312666893005,-2.0720949172973633,0.0,0.00016375453560613096,-0.35,-0.3499997556209564,-3.1375707626775142,-3.136009931564331,0.0014452405739575624,-1.509893081674818e-06,-0.003117685206234455
4.015350580215454,-23.2979679107666,17.108123779296875,-0.39990234375,-0.2373925745487213,-0.03195800632238388,-0.19627441465854645,-2.999975736622941,8.565008163452148,-0.012065640208600938,-0.10919907689094543,0.13145312666893005,-2.0720949172973633,0.0,0.00016375453560613096,-0.35,-0.3499997556209564,-3.1375707626775142,-3.136009931564331,0.0014452405739575624,-1.509893081674818e-06,-0.003117685206234455
4.0199196338653564,-23.2979679107666,17.229373931884766,-0.39990234375,-0.23893554508686066,-0.03195800632238388,-0.22505371272563934,-2.9999763373982136,8.535710334777832,-0.011915328396593067,-0.10903044790029526,0.25,-1.9754557609558105,0.0,0.00015989309758879244,-0.35,-0.34999966621398926,-3.1376208670150563,-3.136056423187256,0.0013448478421196342,-1.4726429071743041e-06,-0.003048549871891737
4.024606227874756,-23.2979679107666,17.229373931884766,-0.39990234375,-0.23893554508686066,-0.03195800632238388,-0.22505371272563934,-2.9999763373982136,8.535710334777832,-0.011915328396593067,-0.10903044790029526,0.15447656512260438,-1.9754557609558105,0.0,0.00015989309758879244,-0.35,-0.34999966621398926,-3.1376208670150563,-3.136056423187256,0.0013448478421196342,-1.4726429071743041e-06,-0.003048549871891737
4.029318332672119,-23.2979679107666,17.314334869384766,-0.39990234375,-0.2400195300579071,-0.03195800632238388,-0.24320800602436066,-2.99997675259159,8.462035179138184,-0.011810330648121273,-0.10859837383031845,0.25,-1.754199743270874,0.0,0.00015842072025407106,-0.35,-0.3500000238418579,-3.1376558665381813,-3.1360878944396973,0.0011890176683664322,-1.4858151189400814e-06,-0.0029325515497475863
4.0341033935546875,-23.2979679107666,17.314334869384766,-0.39990234375,-0.2400195300579071,-0.03195800632238388,-0.24320800602436066,-2.99997675259159,8.462035179138184,-0.011810330648121273,-0.10859837383031845,0.16899999976158142,-1.754199743270874,0.0,0.00015842072025407106,-0.35,-0.3500000238418579,-3.1376558665381813,-3.1360878944396973,0.0011890176683664322,-1.4858151189400814e-06,-0.0029325515497475863
4.038930177688599,-23.2979679107666,17.314334869384766,-0.39990234375,-0.2400195300579071,-0.03195800632238388,-0.24320800602436066,-2.99997675259159,8.462035179138184,-0.011810330648121273,-0.10859837383031845,0.16899999976158142,-1.754199743270874,0.0,0.00015842072025407106,-0.35,-0.3500000238418579,-3.1376558665381813,-3.1360878944396973,0.0011890176683664322,-1.4858151189400814e-06,-0.0029325515497475863
4.0436692237854,-23.2979679107666,17.457109451293945,-0.39990234375,-0.2418554574251175,-0.03195800632238388,-0.2703222632408142,-2.999977442300578,8.430840492248535,-0.011633816557095982,-0.10842695832252502,0.25,-1.6362088918685913,0.0,0.00015742667892482132,-0.35,-0.3500000238418579,-3.13771470501769,-3.1361396312713623,0.0011217215796932578,-9.514897101325914e-07,-0.0028396679554134607
4.048312664031982,-23.2979679107666,17.457109451293945,-0.39990234375,-0.2418554574251175,-0.03195800632238388,-0.2703222632408142,-2.999977442300578,8.430840492248535,-0.011633816557095982,-0.10842695832252502,0.19069140553474428,-1.6362088918685913,0.0,0.00015742667892482132,-0.35,-0.3500000238418579,-3.13771470501769,-3.1361396312713623,0.0011217215796932578,-9.514897101325914e-07,-0.0028396679554134607
4.052784442901611,-23.2979679107666,17.51968765258789,-0.39990234375,-0.24266600608825684,-0.03195800632238388,-0.28288084268569946,-2.999977741486777,8.462993621826172,-0.011556408780165414,-0.10862357914447784,0.25,-1.7102853059768677,0.0,0.00015660971985198557,-0.35,-0.3500000238418579,-3.137740507802729,-3.136162281036377,0.0011575876269489527,-6.399272933776956e-07,-0.002861425979062915
4.057471752166748,-23.2979679107666,17.51968765258789,-0.39990234375,-0.24266600608825684,-0.03195800632238388,-0.28288084268569946,-2.999977741486777,8.462993621826172,-0.011556408780165414,-0.10862357914447784,0.20073826909065248,-1.7102853059768677,0.0,0.00015660971985198557,-0.35,-0.3500000238418579,-3.137740507802729,-3.136162281036377,0.0011575876269489527,-6.399272933776956e-07,-0.002861425979062915
4.0621020793914795,-23.2979679107666,17.62273406982422,-0.39990234375,-0.2439843714237213,-0.03195800632238388,-0.3051415979862213,-2.999977741486777,8.53972339630127,-0.011556408780165414,-0.10908500105142593,0.20073826909065248,-1.8977779150009155,0.0,0.0001556797797093168,-0.35,-0.3500000238418579,-3.137740507802729,-3.136181116104126,0.0012281080707907677,-2.6837415134650655e-07,-0.002944919280707836
4.066807985305786,-23.2979679107666,17.62273406982422,-0.39990234375,-0.2439843714237213,-0.03195800632238388,-0.3051415979862213,-2.999978223266505,8.53972339630127,-0.011430657319039979,-0.10908500105142593,0.25,-1.8977779150009155,0.0,0.00015444259042851627,-0.35,-0.3500000238418579,-3.1377824252640725,-3.1362009048461914,0.0013189719757065177,-2.351866896788124e-07,-0.003050671424716711
4.071538686752319,-23.2979679107666,17.62273406982422,-0.39990234375,-0.2439843714237213,-0.03195800632238388,-0.3051415979862213,-2.999978223266505,8.53972339630127,-0.011430657319039979,-0.10908500105142593,0.21854687333106995,-1.8977779150009155,0.0,0.00015444259042851627,-0.35,-0.3500000238418579,-3.1377824252640725,-3.1362009048461914,0.0013189719757065177,-2.351866896788124e-07,-0.003050671424716711
4.076620101928711,-23.2979679107666,17.675233840942383,-0.39990234375,-0.24464842677116394,-0.03195800632238388,-0.31761717796325684,-2.999978463659442,8.632135391235352,-0.011367391061057806,-0.10963377356529236,0.25,-2.12978196144104,0.0,0.0001506507833255455,-0.35,-0.34999966621398926,-3.13780351416897,-3.136258125305176,0.001409452874213457,6.955451681278646e-08,-0.003290475346148014
4.081364154815674,-23.2979679107666,17.675233840942383,-0.39990234375,-0.24464842677116394,-0.03195800632238388,-0.31761717796325684,-2.999978463659442,8.632135391235352,-0.011367391061057806,-0.10963377356529236,0.22852733731269836,-2.12978196144104,0.0,0.0001506507833255455,-0.35,-0.34999966621398926,-3.13780351416897,-3.136258125305176,0.001409452874213457,6.955451681278646e-08,-0.003290475346148014
4.085984230041504,-23.2979679107666,17.7841796875,-0.39990234375,-0.24602538347244263,-0.03195800632238388,-0.3449169993400574,-2.9999789560331314,8.664023399353027,-0.011236696950830714,-0.10982468724250793,0.25,-2.2036240100860596,0.0,0.0001506507833255455,-0.35,-0.34999966621398926,-3.1378470791815407,-3.136258125305176,0.001409452874213457,6.955451681278646e-08,-0.003290475346148014
4.090485095977783,-23.2979679107666,17.7841796875,-0.39990234375,-0.24602538347244263,-0.03195800632238388,-0.3449169993400574,-2.9999789560331314,8.664023399353027,-0.011236696950830714,-0.10982468724250793,0.25,-2.2036240100860596,0.0,0.00014950265176594257,-0.35,-0.3499997556209564,-3.1378470791815407,-3.1362850666046143,0.0013675533700734377,1.4510260371025652e-07,-0.003369104117155075
4.095383644104004,-23.2979679107666,17.88507843017578,-0.39990234375,-0.24730467796325684,-0.03195800632238388,-0.3711181581020355,-2.9999794057665774,8.691761016845703,-0.011115978428073285,-0.1099943146109581,0.25,-2.258253335952759,0.0,0.00014920638932380825,-0.35,-0.34999966621398926,-3.137887318968373,-3.1363072395324707,0.00131889374461025,-2.422357283649035e-07,-0.003481118241325021
4.10013222694397,-23.2979679107666,17.88507843017578,-0.39990234375,-0.24730467796325684,-0.03195800632238388,-0.3711181581020355,-2.9999794057665774,8.691761016845703,-0.011115978428073285,-0.1099943146109581,0.25,-2.258253335952759,0.0,0.00014920638932380825,-0.35,-0.34999966621398926,-3.137887318968373,-3.1363072395324707,0.00131889374461025,-2.422357283649035e-07,-0.003481118241325021
4.104845762252808,-23.2979679107666,17.88507843017578,-0.39990234375,-0.24730467796325684,-0.03195800632238388,-0.3711181581020355,-2.9999794057665774,8.691761016845703,-0.011115978428073285,-0.1099943146109581,0.25,-2.258253335952759,0.0,0.00014920638932380825,-0.35,-0.34999966621398926,-3.137887318968373,-3.1363072395324707,0.00131889374461025,-2.422357283649035e-07,-0.003481118241325021
4.109694480895996,-23.2979679107666,18.034648895263672,-0.39990234375,-0.2492089718580246,-0.03195800632238388,-0.40729978680610657,-2.9999800616402665,8.59776496887207,-0.010937539067966833,-0.10947403311729431,0.25,-1.9691121578216553,0.0,0.00014920638932380825,-0.35,-0.34999966621398926,-3.137946799156872,-3.1363072395324707,0.00131889374461025,-2.422357283649035e-07,-0.003481118241325021
4.1143834590911865,-23.2979679107666,18.034648895263672,-0.39990234375,-0.2492089718580246,-0.03195800632238388,-0.40729978680610657,-2.9999800616402665,8.59776496887207,-0.010937539067966833,-0.10947403311729431,0.25,-1.9691121578216553,0.0,0.00015215224993880838,-0.35,-0.34999966621398926,-3.137946799156872,-3.136383295059204,0.0010444831568747759,-3.879105179294129e-07,-0.0035545476712286472
4.119258642196655,-23.2979679107666,18.093984603881836,-0.39990234375,-0.2499707043170929,-0.03195800632238388,-0.42002928256988525,-2.9999803192457337,8.537925720214844,-0.010866652578705909,-0.1091417670249939,0.25,-1.7926057577133179,0.0,0.00015346893633250147,-0.35,-0.3499997556209564,-3.1379704281426513,-3.136399269104004,0.0009812194621190429,-4.5664558001590194e-07,-0.0035303232725709677
4.123998403549194,-23.2979679107666,18.093984603881836,-0.39990234375,-0.2499707043170929,-0.03195800632238388,-0.42002928256988525,-2.9999803192457337,8.537925720214844,-0.010866652578705909,-0.1091417670249939,0.25,-1.7926057577133179,0.0,0.00015346893633250147,-0.35,-0.3499997556209564,-3.1379704281426513,-3.136399269104004,0.0009812194621190429,-4.5664558001590194e-07,-0.0035303232725709677
4.128544092178345,-23.2979679107666,18.196210861206055,-0.39990234375,-0.2512792944908142,-0.03195800632238388,-0.4413183629512787,-2.9999807564555363,8.530874252319336,-0.010745273215154599,-0.10911296308040619,0.25,-1.7517704963684082,0.0,0.00015720997180324048,-0.35,-0.34999987483024597,-3.138010888192976,-3.136443614959717,0.0009453243110328913,-4.480388042793493e-07,-0.0034791119396686554
4.13336181640625,-23.2979679107666,18.196210861206055,-0.39990234375,-0.2512792944908142,-0.03195800632238388,-0.4413183629512787,-2.9999807564555363,8.530874252319336,-0.010745273215154599,-0.10911296308040619,0.25,-1.7517704963684082,0.0,0.00015720997180324048,-0.35,-0.34999987483024597,-3.138010888192976,-3.136443614959717,0.0009453243110328913,-4.480388042793493e-07,-0.0034791119396686554
4.138133764266968,-23.2979679107666,18.196210861206055,-0.39990234375,-0.2512792944908142,-0.03195800632238388,-0.4413183629512787,-2.9999807564555363,8.530874252319336,-0.010745273215154599,-0.10911296308040619,0.25,-1.7517704963684082,0.0,0.00015720997180324048,-0.35,-0.34999987483024597,-3.138010888192976,-3.136443614959717,0.0009453243110328913,-4.480388042793493e-07,-0.0034791119396686554
4.143054723739624,-23.2979679107666,18.248516082763672,-0.39990234375,-0.251953125,-0.03195800632238388,-0.45151853561401367,-2.9999809785364757,8.463412284851074,-0.010683090345466063,-0.10874643176794052,0.25,-1.5457245111465454,0.0,0.00015720997180324048,-0.35,-0.34999987483024597,-3.138031615948396,-3.136443614959717,0.0009453243110328913,-4.480388042793493e-07,-0.0034791119396686554
4.147799968719482,-23.2979679107666,18.248516082763672,-0.39990234375,-0.251953125,-0.03195800632238388,-0.45151853561401367,-2.9999809785364757,8.463412284851074,-0.010683090345466063,-0.10874643176794052,0.25,-1.5457245111465454,0.0,0.00016408479132223874,-0.35,-0.34999966621398926,-3.138031615948396,-3.1365063190460205,0.0007707978365942836,-5.123950472807337e-07,-0.0032711313106119633
4.152486562728882,-23.2979679107666,18.364023208618164,-0.39990234375,-0.2534472644329071,-0.03195800632238388,-0.4715527296066284,-2.999981463998039,8.403258323669434,-0.010545883944927469,-0.10841891914606094,0.25,-1.366803765296936,0.0,0.00016408479132223874,-0.35,-0.34999966621398926,-3.138077351701521,-3.1365063190460205,0.0007707978365942836,-5.123950472807337e-07,-0.0032711313106119633
4.157227993011475,-23.2979679107666,18.364023208618164,-0.39990234375,-0.2534472644329071,-0.03195800632238388,-0.4715527296066284,-2.999981463998039,8.403258323669434,-0.010545883944927469,-0.10841891914606094,0.25,-1.366803765296936,0.0,0.0001668102340772748,-0.35,-0.34999966621398926,-3.138077351701521,-3.1365292072296143,0.0007731535006314516,-6.266889727157832e-07,-0.003197489771991968
4.162027359008789,-23.2979679107666,18.453319549560547,-0.39990234375,-0.25459960103034973,-0.03195800632238388,-0.48561033606529236,-2.999981832498951,8.38353443145752,-0.010440530457543725,-0.10832003504037857,0.25,-1.29404616355896,0.0,0.0001668102340772748,-0.35,-0.34999966621398926,-3.138112469745471,-3.1365292072296143,0.0007731535006314516,-6.266889727157832e-07,-0.003197489771991968
4.166484117507935,-23.2979679107666,18.453319549560547,-0.39990234375,-0.25459960103034973,-0.03195800632238388,-0.48561033606529236,-2.999981832498951,8.38353443145752,-0.010440530457543725,-0.10832003504037857,0.25,-1.29404616355896,0.0,0.00016918186156544834,-0.35,-0.3499997556209564,-3.138112469745471,-3.136549711227417,0.0007562137907370925,-7.047563030937454e-07,-0.003123692236840725
4.171527147293091,-23.2979679107666,18.600116729736328,-0.39990234375,-0.25648435950279236,-0.03195800632238388,-0.5088720321655273,-2.999982424554941,8.403214454650879,-0.010269000022277316,-0.10844681411981583,0.25,-1.3176047801971436,0.0,0.00017250183736905456,-0.35,-0.3499997556209564,-3.138169646897824,-3.136606454849243,0.0009423180017620325,-8.064180292421952e-07,-0.0029976556543260813
4.176177024841309,-23.2979679107666,18.600116729736328,-0.39990234375,-0.25648435950279236,-0.03195800632238388,-0.5088720321655273,-2.999982424554941,8.403214454650879,-0.010269000022277316,-0.10844681411981583,0.25,-1.3176047801971436,0.0,0.00017250183736905456,-0.35,-0.3499997556209564,-3.138169646897824,-3.136606454849243,0.0009423180017620325,-8.064180292421952e-07,-0.0029976556543260813
4.180964231491089,-23.2979679107666,18.600116729736328,-0.39990234375,-0.25648435950279236,-0.03195800632238388,-0.5088720321655273,-2.999982424554941,8.403214454650879,-0.010269000022277316,-0.10844681411981583,0.25,-1.3176047801971436,0.0,0.00017250183736905456,-0.35,-0.3499997556209564,-3.138169646897824,-3.136606454849243,0.0009423180017620325,-8.064180292421952e-07,-0.0029976556543260813
4.185648202896118,-23.2979679107666,18.6553897857666,-0.39990234375,-0.2571972608566284,-0.03195800632238388,-0.5172411799430847,-2.9999826446680413,8.384124755859375,-0.010204493644650287,-0.1083490177989006,0.25,-1.253941535949707,0.0,0.00017283887427765876,-0.35,-0.34999966621398926,-3.1381911491488808,-3.1366140842437744,0.0009399541886523366,-7.854141585994512e-07,-0.00297387782484293
4.190492630004883,-23.2979679107666,18.6553897857666,-0.39990234375,-0.2571972608566284,-0.03195800632238388,-0.5172411799430847,-2.9999826446680413,8.384124755859375,-0.010204493644650287,-0.1083490177989006,0.25,-1.253941535949707,0.0,0.00017443581600673497,-0.35,-0.34999966621398926,-3.1381911491488808,-3.136646032333374,0.0008778780465945601,-6.731409030180657e-07,-0.0028411822859197855
4.195146322250366,-23.2979679107666,18.757265090942383,-0.39990234375,-0.2585156261920929,-0.03195800632238388,-0.5315234065055847,-2.999983046291385,8.366925239562988,-0.010085730725288657,-0.10826752334833145,0.25,-1.1859405040740967,0.0,0.00017443581600673497,-0.35,-0.34999966621398926,-3.138230737015033,-3.136646032333374,0.0008778780465945601,-6.731409030180657e-07,-0.0028411822859197855
4.200283765792847,-23.2979679107666,18.757265090942383,-0.39990234375,-0.2585156261920929,-0.03195800632238388,-0.5315234065055847,-2.999983046291385,8.366925239562988,-0.010085730725288657,-0.10826752334833145,0.25,-1.1859405040740967,0.0,0.00017468826263211668,-0.35,-0.34999966621398926,-3.138230737015033,-3.1366639137268066,0.0009876553667709231,-5.896117727388628e-07,-0.0028201881796121597
4.204812526702881,-23.2979679107666,18.807811737060547,-0.39990234375,-0.25916990637779236,-0.03195800632238388,-0.5386865139007568,-2.9999832431411133,8.361720085144043,-0.010027007157075897,-0.10825138539075851,0.25,-1.1524133682250977,0.0,0.00017468826263211668,-0.35,-0.34999966621398926,-3.1382503116477487,-3.1366639137268066,0.0009876553667709231,-5.896117727388628e-07,-0.0028201881796121597
4.209729909896851,-23.2979679107666,18.807811737060547,-0.39990234375,-0.25916990637779236,-0.03195800632238388,-0.5386865139007568,-2.9999832431411133,8.361720085144043,-0.010027007157075897,-0.10825138539075851,0.25,-1.1524133682250977,0.0,0.00017470250895712525,-0.35,-0.34999966621398926,-3.1382503116477487,-3.1367123126983643,0.0009755832725204527,-4.1489101931801997e-07,-0.002683048602193594
4.214842081069946,-23.2979679107666,18.807811737060547,-0.39990234375,-0.25916990637779236,-0.03195800632238388,-0.5386865139007568,-2.9999832431411133,8.361720085144043,-0.010027007157075897,-0.10825138539075851,0.25,-1.1524133682250977,0.0,0.00017470250895712525,-0.35,-0.34999966621398926,-3.1382503116477487,-3.1367123126983643,0.0009755832725204527,-4.1489101931801997e-07,-0.002683048602193594
4.219776391983032,-23.2979679107666,18.916210174560547,-0.39990234375,-0.26057615876197815,-0.03195800632238388,-0.5531689524650574,-2.999983660584148,8.341734886169434,-0.009901324564717366,-0.10815157741308212,0.25,-1.0847129821777344,0.0,0.00017459754599258304,-0.35,-0.34999966621398926,-3.138292206076287,-3.1367337703704834,0.0009773600613698363,-3.4627237255335785e-07,-0.002640933496877551
4.224462270736694,-23.2979679107666,18.916210174560547,-0.39990234375,-0.26057615876197815,-0.03195800632238388,-0.5531689524650574,-2.999983660584148,8.341734886169434,-0.009901324564717366,-0.10815157741308212,0.25,-1.0847129821777344,0.0,0.00017459754599258304,-0.35,-0.34999966621398926,-3.138292206076287,-3.1367337703704834,0.0009773600613698363,-3.4627237255335785e-07,-0.002640933496877551
4.229048013687134,-23.2979679107666,19.0098819732666,-0.39990234375,-0.26179686188697815,-0.03195800632238388,-0.5642919540405273,-2.999984016653525,8.29871654510498,-0.00979284552008481,-0.10793247073888779,0.25,-0.9479539394378662,0.0,0.0001746304042171687,-0.35,-0.34999966621398926,-3.138328365952625,-3.1367504596710205,0.0009398166439495981,-3.7581730794045143e-07,-0.002589481882750988
4.2337517738342285,-23.2979679107666,19.0098819732666,-0.39990234375,-0.26179686188697815,-0.03195800632238388,-0.5642919540405273,-2.999984016653525,8.29871654510498,-0.00979284552008481,-0.10793247073888779,0.25,-0.9479539394378662,0.0,0.0001746304042171687,-0.35,-0.34999966621398926,-3.138328365952625,-3.1367504596710205,0.0009398166439495981,-3.7581730794045143e-07,-0.002589481882750988
4.2382872104644775,-23.2979679107666,19.060546875,-0.39990234375,-0.262451171875,-0.03195800632238388,-0.5702245831489563,-2.9999842055948185,8.315519332885742,-0.009734792325722878,-0.10803502798080444,0.25,-0.9739100933074951,0.0,0.0001746304042171687,-0.35,-0.34999966621398926,-3.1383477171199012,-3.1367504596710205,0.0009398166439495981,-3.7581730794045143e-07,-0.002589481882750988
4.243271827697754,-23.2979679107666,19.060546875,-0.39990234375,-0.262451171875,-0.03195800632238388,-0.5702245831489563,-2.9999842055948185,8.315519332885742,-0.009734792325722878,-0.10803502798080444,0.25,-0.9739100933074951,0.0,0.0001746304042171687,-0.35,-0.34999966621398926,-3.1383477171199012,-3.1367504596710205,0.0009398166439495981,-3.7581730794045143e-07,-0.002589481882750988
4.248053073883057,-23.2979679107666,19.060546875,-0.39990234375,-0.262451171875,-0.03195800632238388,-0.5702245831489563,-2.9999842055948185,8.315519332885742,-0.009734792325722878,-0.10803502798080444,0.25,-0.9739100933074951,0.0,0.00017180797294713557,-0.35,-0.34999966621398926,-3.1383477171199012,-3.1368072032928467,0.001076380955055356,-6.033224053680897e-07,-0.0025551056023687124
4.252481937408447,-23.2979679107666,19.212343215942383,-0.39990234375,-0.2644140422344208,-0.03195800632238388,-0.587353527545929,-2.9999847628767573,8.289278984069824,-0.009561511767892439,-0.10790892690420151,0.25,-0.881819486618042,0.0,0.00017130545165855438,-0.35,-0.34999966621398926,-3.1384054776045613,-3.136817693710327,0.00105294119566679,-6.134246177680325e-07,-0.002528747543692589
4.258054971694946,-23.2979679107666,19.2607421875,-0.39990234375,-0.2650488317012787,-0.03195800632238388,-0.5920312404632568,-2.9999847628767573,8.262388229370117,-0.009561511767892439,-0.10777322202920914,0.25,-0.7985484004020691,0.0,0.00017130545165855438,-0.35,-0.34999966621398926,-3.1384054776045613,-3.136817693710327,0.00105294119566679,-6.134246177680325e-07,-0.002528747543692589
4.262622117996216,-23.2979679107666,19.2607421875,-0.39990234375,-0.2650488317012787,-0.03195800632238388,-0.5920312404632568,-2.9999849396314957,8.262388229370117,-0.009505892078694789,-0.10777322202920914,0.25,-0.7985484004020691,0.0,0.00017040509555954486,-0.35,-0.34999966621398926,-3.1384240175945792,-3.136848211288452,0.000937596894800663,-5.142612735653529e-07,-0.002415245631709695
4.267207384109497,-23.2979679107666,19.2607421875,-0.39990234375,-0.2650488317012787,-0.03195800632238388,-0.5920312404632568,-2.9999849396314957,8.262388229370117,-0.009505892078694789,-0.10777322202920914,0.25,-0.7985484004020691,0.0,0.00017040509555954486,-0.35,-0.34999966621398926,-3.1384240175945792,-3.136848211288452,0.000937596894800663,-5.142612735653529e-07,-0.002415245631709695
4.272013425827026,-23.2979679107666,19.31023406982422,-0.39990234375,-0.2656933665275574,-0.03195800632238388,-0.5962255597114563,-2.99998511788195,8.22910213470459,-0.009449470187379998,-0.10760451853275299,0.25,-0.6975389122962952,0.0,0.00017040509555954486,-0.35,-0.34999966621398926,-3.1384428249855403,-3.136848211288452,0.000937596894800663,-5.142612735653529e-07,-0.002415245631709695
4.2766735553741455,-23.2979679107666,19.31023406982422,-0.39990234375,-0.2656933665275574,-0.03195800632238388,-0.5962255597114563,-2.99998511788195,8.22910213470459,-0.009449470187379998,-0.10760451853275299,0.25,-0.6975389122962952,0.0,0.00017040509555954486,-0.35,-0.34999966621398926,-3.1384428249855403,-3.136848211288452,0.000937596894800663,-5.142612735653529e-07,-0.002415245631709695
4.28155255317688,-23.2979679107666,19.472694396972656,-0.39990234375,-0.26781249046325684,-0.03195800632238388,-0.6099853515625,-2.9999856934434046,8.228832244873047,-0.00926494117061033,-0.10762371867895126,0.25,-0.6650086045265198,0.0,0.00016729591879993677,-0.35,-0.34999966621398926,-3.13850433495701,-3.136898994445801,0.0010267185280099511,-9.582981874700636e-07,-0.0023924659471958876
4.286317825317383,-23.2979679107666,19.472694396972656,-0.39990234375,-0.26781249046325684,-0.03195800632238388,-0.6099853515625,-2.9999856934434046,8.228832244873047,-0.00926494117061033,-0.10762371867895126,0.25,-0.6650086045265198,0.0,0.00016729591879993677,-0.35,-0.34999966621398926,-3.13850433495701,-3.136898994445801,0.0010267185280099511,-9.582981874700636e-07,-0.0023924659471958876
4.290939569473267,-23.2979679107666,19.472694396972656,-0.39990234375,-0.26781249046325684,-0.03195800632238388,-0.6099853515625,-2.9999856934434046,8.228832244873047,-0.00926494117061033,-0.10762371867895126,0.25,-0.6650086045265198,0.0,0.00016627727018203586,-0.35,-0.34999966621398926,-3.13850433495701,-3.136911153793335,0.0011014444753527641,-1.143894678534707e-06,-0.002410750137642026
4.295296907424927,-23.2979679107666,19.5595703125,-0.39990234375,-0.2689453065395355,-0.03195800632238388,-0.6173876523971558,-2.999985994730911,8.255059242248535,-0.009166865243080751,-0.10776972770690918,0.25,-0.7201325297355652,0.0,0.00016627727018203586,-0.35,-0.34999966621398926,-3.1385370270871125,-3.136911153793335,0.0011014444753527641,-1.143894678534707e-06,-0.002410750137642026
4.29972505569458,-23.2979679107666,19.5595703125,-0.39990234375,-0.2689453065395355,-0.03195800632238388,-0.6173876523971558,-2.999985994730911,8.255059242248535,-0.009166865243080751,-0.10776972770690918,0.25,-0.7201325297355652,0.0,0.00016402153414674103,-0.35,-0.34999966621398926,-3.1385370270871125,-3.1369271278381348,0.001301898155361414,-1.645561042096233e-06,-0.002524876967072487
4.304555654525757,-23.2979679107666,19.610742568969727,-0.39990234375,-0.26960936188697815,-0.03195800632238388,-0.6219384670257568,-2.9999861694523746,8.267756462097168,-0.009109505720297778,-0.10784588754177094,0.25,-0.7369736433029175,0.0,0.00015702395467087626,-0.35,-0.34999966621398926,-3.1385561470167427,-3.1369731426239014,0.0013739243149757385,-1.9230155885452405e-06,-0.0026542108971625566
4.309247016906738,-23.2979679107666,19.610742568969727,-0.39990234375,-0.26960936188697815,-0.03195800632238388,-0.6219384670257568,-2.9999861694523746,8.267756462097168,-0.009109505720297778,-0.10784588754177094,0.25,-0.7369736433029175,0.0,0.00015702395467087626,-0.35,-0.34999966621398926,-3.1385561470167427,-3.1369731426239014,0.0013739243149757385,-1.9230155885452405e-06,-0.0026542108971625566
4.313728332519531,-23.2979679107666,19.71011734008789,-0.39990234375,-0.2708984315395355,-0.03195800632238388,-0.6306298971176147,-2.9999865043478815,8.259724617004395,-0.008998540469358883,-0.10781142860651016,0.25,-0.7042238712310791,0.0,0.00015636383614037186,-0.35,-0.34999966621398926,-3.1385931356021777,-3.1369776725769043,0.0013655290240421891,-1.9672652342705987e-06,-0.002657465171068907
4.318360328674316,-23.2979679107666,19.71011734008789,-0.39990234375,-0.2708984315395355,-0.03195800632238388,-0.6306298971176147,-2.9999865043478815,8.259724617004395,-0.008998540469358883,-0.10781142860651016,0.25,-0.7042238712310791,0.0,0.00015636383614037186,-0.35,-0.34999966621398926,-3.1385931356021777,-3.1369776725769043,0.0013655290240421891,-1.9672652342705987e-06,-0.002657465171068907
4.32302451133728,-23.2979679107666,19.71011734008789,-0.39990234375,-0.2708984315395355,-0.03195800632238388,-0.6306298971176147,-2.9999865043478815,8.259724617004395,-0.008998540469358883,-0.10781142860651016,0.25,-0.7042238712310791,0.0,0.00015636383614037186,-0.35,-0.34999966621398926,-3.1385931356021777,-3.1369776725769043,0.0013655290240421891,-1.9672652342705987e-06,-0.002657465171068907
4.32766318321228,-23.2979679107666,19.809764862060547,-0.39990234375,-0.27220702171325684,-0.03195800632238388,-0.6377929449081421,-2.999986837814343,8.209030151367188,-0.008886672082233517,-0.107566237449646,0.25,-0.5464143753051758,0.0,0.00015267870912794024,-0.35,-0.3500000238418579,-3.1386304252302253,-3.137011766433716,0.001226198161020875,-2.017935912590474e-06,-0.0026172830257564783
4.332468748092651,-23.2979679107666,19.809764862060547,-0.39990234375,-0.27220702171325684,-0.03195800632238388,-0.6377929449081421,-2.999986837814343,8.209030151367188,-0.008886672082233517,-0.107566237449646,0.25,-0.5464143753051758,0.0,0.00015144718054216355,-0.35,-0.3500000238418579,-3.1386304252302253,-3.137028455734253,0.0011401583906263113,-1.7640327314438764e-06,-0.002572513185441494
4.337112188339233,-23.2979679107666,19.859804153442383,-0.39990234375,-0.2728613317012787,-0.03195800632238388,-0.6404882669448853,-2.9999870025459012,8.173723220825195,-0.008830886459324406,-0.10739435255527496,0.25,-0.4401761293411255,0.0,0.00015144718054216355,-0.35,-0.3500000238418579,-3.1386490205189355,-3.137028455734253,0.0011401583906263113,-1.7640327314438764e-06,-0.002572513185441494
4.342033624649048,-23.2979679107666,19.859804153442383,-0.39990234375,-0.2728613317012787,-0.03195800632238388,-0.6404882669448853,-2.9999870025459012,8.173723220825195,-0.008830886459324406,-0.10739435255527496,0.25,-0.4401761293411255,0.0,0.0001495208707638085,-0.35,-0.3500000238418579,-3.1386490205189355,-3.1370761394500732,0.0010815991554409266,-1.1403249118302483e-06,-0.002723077079281211
4.3466103076934814,-23.2979679107666,20.016132354736328,-0.39990234375,-0.27492186427116394,-0.03195800632238388,-0.6444286704063416,-2.9999875113836274,8.054964065551758,-0.008656300726667449,-0.10681956261396408,0.25,-0.08508321642875671,0.0,0.0001495208707638085,-0.35,-0.3500000238418579,-3.1387072160103338,-3.1370761394500732,0.0010815991554409266,-1.1403249118302483e-06,-0.002723077079281211
4.351798057556152,-23.2979679107666,20.016132354736328,-0.39990234375,-0.27492186427116394,-0.03195800632238388,-0.6444286704063416,-2.9999875113836274,8.054964065551758,-0.008656300726667449,-0.10681956261396408,0.25,-0.08508321642875671,0.0,0.00014934099453967065,-0.35,-0.3500000238418579,-3.1387072160103338,-3.13708233833313,0.001100260647945106,-1.0912244761129841e-06,-0.0027791291940957308
4.356851577758789,-23.2979679107666,20.103906631469727,-0.39990234375,-0.2760937511920929,-0.03195800632238388,-0.6447656154632568,-2.99998779400445,8.043376922607422,-0.008557793191747,-0.10677162557840347,0.25,-0.03677038475871086,0.0,0.00014934099453967065,-0.35,-0.3500000238418579,-3.1387400519904496,-3.13708233833313,0.001100260647945106,-1.0912244761129841e-06,-0.0027791291940957308
4.361701726913452,-23.2979679107666,20.103906631469727,-0.39990234375,-0.2760937511920929,-0.03195800632238388,-0.6447656154632568,-2.99998779400445,8.043376922607422,-0.008557793191747,-0.10677162557840347,0.25,-0.03677038475871086,0.0,0.00014784665836486965,-0.35,-0.3500000238418579,-3.1387400519904496,-3.137118339538574,0.0013441054616123438,-7.942203410493676e-07,-0.0031789527274668217
4.366413354873657,-23.2979679107666,20.103906631469727,-0.39990234375,-0.2760937511920929,-0.03195800632238388,-0.6447656154632568,-2.99998779400445,8.043376922607422,-0.008557793191747,-0.10677162557840347,0.25,-0.03677038475871086,0.0,0.00014784665836486965,-0.35,-0.3500000238418579,-3.1387400519904496,-3.137118339538574,0.0013441054616123438,-7.942203410493676e-07,-0.0031789527274668217
4.371164321899414,-23.2979679107666,20.236913681030273,-0.39990234375,-0.27785155177116394,-0.03195800632238388,-0.6452392339706421,-2.999988210505951,8.046950340270996,-0.008410518729616446,-0.10680309683084488,0.25,-0.021754678338766098,0.0,0.00014784665836486965,-0.35,-0.3500000238418579,-3.1387891436741464,-3.137118339538574,0.0013441054616123438,-7.942203410493676e-07,-0.0031789527274668217
4.375585079193115,-23.2979679107666,20.236913681030273,-0.39990234375,-0.27785155177116394,-0.03195800632238388,-0.6452392339706421,-2.999988210505951,8.046950340270996,-0.008410518729616446,-0.10680309683084488,0.25,-0.021754678338766098,0.0,0.00014784665836486965,-0.35,-0.3500000238418579,-3.1387891436741464,-3.137118339538574,0.0013441054616123438,-7.942203410493676e-07,-0.0031789527274668217
4.380063533782959,-23.2979679107666,20.236913681030273,-0.39990234375,-0.27785155177116394,-0.03195800632238388,-0.6452392339706421,-2.999988210505951,8.046950340270996,-0.008410518729616446,-0.10680309683084488,0.25,-0.021754678338766098,0.0,0.00014455679047387093,-0.35,-0.3500000238418579,-3.1387891436741464,-3.1371891498565674,0.001569691114127636,-1.7177262634504586e-07,-0.003949271515011787
4.384762763977051,-23.2979679107666,20.249414443969727,-0.39990234375,-0.2780175805091858,-0.03195800632238388,-0.6452685594558716,-2.9999882493082333,8.04689884185791,-0.00839666675056534,-0.10680414736270905,0.25,-0.019297774881124496,0.0,0.00014455679047387093,-0.35,-0.3500000238418579,-3.1387937610186123,-3.1371891498565674,0.001569691114127636,-1.7177262634504586e-07,-0.003949271515011787
4.38961935043335,-23.2979679107666,20.249414443969727,-0.39990234375,-0.2780175805091858,-0.03195800632238388,-0.6452685594558716,-2.9999882493082333,8.04689884185791,-0.00839666675056534,-0.10680414736270905,0.25,-0.019297774881124496,0.0,0.00014411505253519863,-0.35,-0.3500000238418579,-3.1387937610186123,-3.137216329574585,0.0015976389404386282,-2.534761733841151e-09,-0.0041798437014222145
4.394312143325806,-23.2979679107666,20.348007202148438,-0.39990234375,-0.2793261706829071,-0.03195800632238388,-0.645556628704071,-2.9999885521649423,8.05447769165039,-0.0082877547798933,-0.10685072839260101,0.25,-0.02192024700343609,0.0,0.00014411505253519863,-0.35,-0.3500000238418579,-3.1388300651491994,-3.137216329574585,0.0015976389404386282,-2.534761733841151e-09,-0.0041798437014222145
4.399055004119873,-23.2979679107666,20.348007202148438,-0.39990234375,-0.2793261706829071,-0.03195800632238388,-0.645556628704071,-2.9999885521649423,8.05447769165039,-0.0082877547798933,-0.10685072839260101,0.25,-0.02192024700343609,0.0,0.00014477185322903097,-0.35,-0.34999966621398926,-3.1388300651491994,-3.1372733116149902,0.0015492694219574332,9.431937542103697e-08,-0.004508576821535826
4.403833389282227,-23.2979679107666,20.39632797241211,-0.39990234375,-0.2799707055091858,-0.03195800632238388,-0.6456640362739563,-2.999988699260944,8.056241035461426,-0.008234337048667176,-0.1068640649318695,0.25,-0.017917614430189133,0.0,0.00014477185322903097,-0.35,-0.34999966621398926,-3.1388478711271177,-3.1372733116149902,0.0015492694219574332,9.431937542103697e-08,-0.004508576821535826
4.408460378646851,-23.2979679107666,20.39632797241211,-0.39990234375,-0.2799707055091858,-0.03195800632238388,-0.6456640362739563,-2.999988699260944,8.056241035461426,-0.008234337048667176,-0.1068640649318695,0.25,-0.017917614430189133,0.0,0.00014477185322903097,-0.35,-0.34999966621398926,-3.1388478711271177,-3.1372733116149902,0.0015492694219574332,9.431937542103697e-08,-0.004508576821535826
4.413267135620117,-23.2979679107666,20.54277229309082,-0.39990234375,-0.2819140553474426,-0.03195800632238388,-0.6457226276397705,-2.999989135469943,8.058223724365234,-0.008073850525207241,-0.10688859969377518,0.25,0.003187637310475111,0.0,0.0001493623567512259,-0.35,-0.34999966621398926,-3.1389013668325494,-3.137373924255371,0.0014279490569606423,-1.2554658042063238e-06,-0.004637567792087793
4.417919158935547,-23.2979679107666,20.54277229309082,-0.39990234375,-0.2819140553474426,-0.03195800632238388,-0.6457226276397705,-2.999989135469943,8.058223724365234,-0.008073850525207241,-0.10688859969377518,0.25,0.003187637310475111,0.0,0.0001493623567512259,-0.35,-0.34999966621398926,-3.1389013668325494,-3.137373924255371,0.0014279490569606423,-1.2554658042063238e-06,-0.004637567792087793
4.422748565673828,-23.2979679107666,20.592304229736328,-0.39990234375,-0.28257811069488525,-0.03195800632238388,-0.6456591486930847,-2.999989281652528,8.057780265808105,-0.008019349720974327,-0.10689181834459305,0.25,0.013282117433845997,0.0,0.0001504127139924094,-0.35,-0.34999966621398926,-3.1389195338326425,-3.1373937129974365,0.001414397731423378,-1.4121594631433254e-06,-0.004613084252923727
4.427626132965088,-23.2979679107666,20.592304229736328,-0.39990234375,-0.28257811069488525,-0.03195800632238388,-0.6456591486930847,-2.999989281652528,8.057780265808105,-0.008019349720974327,-0.10689181834459305,0.25,0.013282117433845997,0.0,0.0001504127139924094,-0.35,-0.34999966621398926,-3.1389195338326425,-3.1373937129974365,0.001414397731423378,-1.4121594631433254e-06,-0.004613084252923727
4.432363986968994,-23.2979679107666,20.592304229736328,-0.39990234375,-0.28257811069488525,-0.03195800632238388,-0.6456591486930847,-2.999989281652528,8.057780265808105,-0.008019349720974327,-0.10689181834459305,0.25,0.013282117433845997,0.0,0.0001504127139924094,-0.35,-0.34999966621398926,-3.1389195338326425,-3.1373937129974365,0.001414397731423378,-1.4121594631433254e-06,-0.004613084252923727
4.437333106994629,-23.2979679107666,20.641094207763672,-0.39990234375,-0.28322264552116394,-0.03195800632238388,-0.6456640362739563,-2.999989422622816,8.06605052947998,-0.007966439055459398,-0.10693536698818207,0.25,-0.0006915759877301753,0.0,0.0001517479249741882,-0.35,-0.34999966621398926,-3.1389371707837457,-3.1374223232269287,0.0014379618223756552,-1.5272278233169345e-06,-0.004544218070805073
4.441957950592041,-23.2979679107666,20.641094207763672,-0.39990234375,-0.28322264552116394,-0.03195800632238388,-0.6456640362739563,-2.999989422622816,8.06605052947998,-0.007966439055459398,-0.10693536698818207,0.25,-0.0006915759877301753,0.0,0.00015433607040904462,-0.35,-0.3500000238418579,-3.1389371707837457,-3.137505531311035,0.0014375176979228854,-1.991672434087377e-06,-0.004236782435327768
4.446761608123779,-23.2979679107666,20.80921745300293,-0.39990234375,-0.28544920682907104,-0.03195800632238388,-0.6456005573272705,-2.999989899897602,8.070764541625977,-0.007784633091923345,-0.10697555541992188,0.25,0.01605568826198578,0.0,0.00015433607040904462,-0.35,-0.3500000238418579,-3.1389977729804226,-3.137505531311035,0.0014375176979228854,-1.991672434087377e-06,-0.004236782435327768
4.451540946960449,-23.2979679107666,20.80921745300293,-0.39990234375,-0.28544920682907104,-0.03195800632238388,-0.6456005573272705,-2.999989899897602,8.070764541625977,-0.007784633091923345,-0.10697555541992188,0.25,0.01605568826198578,0.0,0.0001549168664496392,-0.35,-0.3500000238418579,-3.1389977729804226,-3.13753342628479,0.0014141262508928776,-1.7620875496504596e-06,-0.004121182486414909
4.45629358291626,-23.2979679107666,20.837265014648438,-0.39990234375,-0.2858203053474426,-0.03195800632238388,-0.6454735994338989,-2.9999899780373025,8.064892768859863,-0.007754461666943192,-0.10695210844278336,0.25,0.03704902529716492,0.0,0.0001549168664496392,-0.35,-0.3500000238418579,-3.139007830155811,-3.13753342628479,0.0014141262508928776,-1.7620875496504596e-06,-0.004121182486414909
4.461057662963867,-23.2979679107666,20.837265014648438,-0.39990234375,-0.2858203053474426,-0.03195800632238388,-0.6454735994338989,-2.9999899780373025,8.064892768859863,-0.007754461666943192,-0.10695210844278336,0.25,0.03704902529716492,0.0,0.00015516867279075086,-0.35,-0.3500000238418579,-3.139007830155811,-3.1375598907470703,0.001423271489329636,-1.3570729606726673e-06,-0.00401193555444479
4.4656922817230225,-23.2979679107666,20.93421745300293,-0.39990234375,-0.287109375,-0.03195800632238388,-0.6450878977775574,-2.999990246142592,8.072412490844727,-0.0076500359026042825,-0.10699673742055893,0.25,0.03329107165336609,0.0,0.00015516867279075086,-0.35,-0.3500000238418579,-3.139042638858649,-3.1375598907470703,0.001423271489329636,-1.3570729606726673e-06,-0.00401193555444479
4.470360279083252,-23.2979679107666,20.93421745300293,-0.39990234375,-0.287109375,-0.03195800632238388,-0.6450878977775574,-2.999990246142592,8.072412490844727,-0.0076500359026042825,-0.10699673742055893,0.25,0.03329107165336609,0.0,0.0001552020403323695,-0.35,-0.3500000238418579,-3.139042638858649,-3.137584686279297,0.0014247155049815774,-1.0509943422221113e-06,-0.003918518777936697
4.474837303161621,-23.2979679107666,21.066991806030273,-0.39990234375,-0.28886717557907104,-0.03195800632238388,-0.6449511647224426,-2.9999906042782882,8.090073585510254,-0.00750827823092008,-0.10708983987569809,0.25,0.0076468465849757195,0.0,0.0001552020403323695,-0.35,-0.3500000238418579,-3.13908989156668,-3.137584686279297,0.0014247155049815774,-1.0509943422221113e-06,-0.003918518777936697
4.479723930358887,-23.2979679107666,21.066991806030273,-0.39990234375,-0.28886717557907104,-0.03195800632238388,-0.6449511647224426,-2.9999906042782882,8.090073585510254,-0.00750827823092008,-0.10708983987569809,0.25,0.0076468465849757195,0.0,0.00015375565271824598,-0.35,-0.3500000238418579,-3.13908989156668,-3.137650966644287,0.001463851542212069,1.4200122677721083e-07,-0.003729607444256544
4.484621286392212,-23.2979679107666,21.1309757232666,-0.39990234375,-0.2897070348262787,-0.03195800632238388,-0.6445996165275574,-2.9999906042782882,8.076871871948242,-0.00750827823092008,-0.10703900456428528,0.25,0.054711051285266876,0.0,0.0001535721676191315,-0.35,-0.3500000238418579,-3.13908989156668,-3.137657880783081,0.0014603276504203677,1.3683961697097402e-07,-0.003716282080858946
4.489399194717407,-23.2979679107666,21.1309757232666,-0.39990234375,-0.2897070348262787,-0.03195800632238388,-0.6445996165275574,-2.9999907725118926,8.076871871948242,-0.0074407555729513524,-0.10703900456428528,0.25,0.054711051285266876,0.0,0.0001535721676191315,-0.35,-0.3500000238418579,-3.139112399189196,-3.137657880783081,0.0014603276504203677,1.3683961697097402e-07,-0.003716282080858946
4.494281530380249,-23.2979679107666,21.1309757232666,-0.39990234375,-0.2897070348262787,-0.03195800632238388,-0.6445996165275574,-2.9999907725118926,8.076871871948242,-0.0074407555729513524,-0.10703900456428528,0.25,0.054711051285266876,0.0,0.0001528098073322326,-0.35,-0.3499997556209564,-3.139112399189196,-3.1377055644989014,0.0013666007434949279,1.8525497580412775e-07,-0.0036029412876814604
4.49913763999939,-23.2979679107666,21.181015014648438,-0.39990234375,-0.2903710901737213,-0.03195800632238388,-0.6439452767372131,-2.9999909038899863,8.061576843261719,-0.007387596181583355,-0.10697785019874573,0.25,0.10511527955532074,0.0,0.0001528098073322326,-0.35,-0.3499997556209564,-3.1391301190404333,-3.1377055644989014,0.0013666007434949279,1.8525497580412775e-07,-0.0036029412876814604
4.503962993621826,-23.2979679107666,21.181015014648438,-0.39990234375,-0.2903710901737213,-0.03195800632238388,-0.6439452767372131,-2.9999909038899863,8.061576843261719,-0.007387596181583355,-0.10697785019874573,0.25,0.10511527955532074,0.0,0.0001528098073322326,-0.35,-0.3499997556209564,-3.1391301190404333,-3.1377055644989014,0.0013666007434949279,1.8525497580412775e-07,-0.0036029412876814604
4.508544206619263,-23.2979679107666,21.326444625854492,-0.39990234375,-0.2923046946525574,-0.03195800632238388,-0.6419384479522705,-2.9999912793289125,8.08897590637207,-0.007233529600052711,-0.10711030662059784,0.25,0.05440572276711464,0.0,0.0001528098073322326,-0.35,-0.3499997556209564,-3.1391814747200977,-3.1377055644989014,0.0013666007434949279,1.8525497580412775e-07,-0.0036029412876814604
4.513447523117065,-23.2979679107666,21.326444625854492,-0.39990234375,-0.2923046946525574,-0.03195800632238388,-0.6419384479522705,-2.9999912793289125,8.08897590637207,-0.007233529600052711,-0.10711030662059784,0.25,0.05440572276711464,0.0,0.00014979443221818656,-0.35,-0.34999966621398926,-3.1391814747200977,-3.1377851963043213,0.0015584727516397834,7.847575034247711e-09,-0.0035233895760029554
4.518106698989868,-23.2979679107666,21.375272750854492,-0.39990234375,-0.29294919967651367,-0.03195800632238388,-0.6419824361801147,-2.999991402313841,8.120987892150879,-0.0071823424474903984,-0.10725130140781403,0.25,-0.025298098102211952,0.0,0.00014979443221818656,-0.35,-0.34999966621398926,-3.1391985371535336,-3.1377851963043213,0.0015584727516397834,7.847575034247711e-09,-0.0035233895760029554
4.522892475128174,-23.2979679107666,21.375272750854492,-0.39990234375,-0.29294919967651367,-0.03195800632238388,-0.6419824361801147,-2.999991402313841,8.120987892150879,-0.0071823424474903984,-0.10725130140781403,0.25,-0.025298098102211952,0.0,0.00014889812155161053,-0.35,-0.34999966621398926,-3.1391985371535336,-3.1377956867218018,0.001583352917805314,-6.430991561501287e-08,-0.0035164367873221636
4.527416706085205,-23.2979679107666,21.424335479736328,-0.39990234375,-0.29359373450279236,-0.03195800632238388,-0.6423925757408142,-2.9999915242533843,8.139498710632324,-0.007131227654176099,-0.10733450949192047,0.25,-0.06800401210784912,0.0,0.00014889812155161053,-0.35,-0.34999966621398926,-3.139215575466455,-3.1377956867218018,0.001583352917805314,-6.430991561501287e-08,-0.0035164367873221636
4.532445669174194,-23.2979679107666,21.424335479736328,-0.39990234375,-0.29359373450279236,-0.03195800632238388,-0.6423925757408142,-2.9999915242533843,8.139498710632324,-0.007131227654176099,-0.10733450949192047,0.25,-0.06800401210784912,0.0,0.00014550675405189395,-0.35,-0.3499997556209564,-3.139215575466455,-3.137840747833252,0.001515001873485744,-4.079593054484576e-07,-0.0034601169172674417
4.537403345108032,-23.2979679107666,21.523319244384766,-0.39990234375,-0.29490232467651367,-0.03195800632238388,-0.6437304615974426,-2.999991768109611,8.164592742919922,-0.0070278926123075874,-0.10744940489530563,0.25,-0.12071603536605835,0.0,0.00014444705448113382,-0.35,-0.34999966621398926,-3.139250020576324,-3.1378626823425293,0.0014403034001588821,-3.5783614293904975e-07,-0.0034600896760821342
4.54228401184082,-23.2979679107666,21.523319244384766,-0.39990234375,-0.29490232467651367,-0.03195800632238388,-0.6437304615974426,-2.999991768109611,8.164592742919922,-0.0070278926123075874,-0.10744940489530563,0.25,-0.12071603536605835,0.0,0.00014444705448113382,-0.35,-0.34999966621398926,-3.139250020576324,-3.1378626823425293,0.0014403034001588821,-3.5783614293904975e-07,-0.0034600896760821342
4.547314405441284,-23.2979679107666,21.523319244384766,-0.39990234375,-0.29490232467651367,-0.03195800632238388,-0.6437304615974426,-2.999991768109611,8.164592742919922,-0.0070278926123075874,-0.10744940489530563,0.25,-0.12071603536605835,0.0,0.00014360233035404235,-0.35,-0.34999966621398926,-3.139250020576324,-3.137911081314087,0.0012907126219943166,-1.273915586352814e-07,-0.0034927770029753447
4.552008152008057,-23.2979679107666,21.629375457763672,-0.39990234375,-0.2962988317012787,-0.03195800632238388,-0.6450048685073853,-2.9999920234148623,8.153839111328125,-0.006918052269292461,-0.10741540044546127,0.25,-0.07420264184474945,0.0,0.00014360233035404235,-0.35,-0.34999966621398926,-3.1392866341228998,-3.137911081314087,0.0012907126219943166,-1.273915586352814e-07,-0.0034927770029753447
4.556714057922363,-23.2979679107666,21.629375457763672,-0.39990234375,-0.2962988317012787,-0.03195800632238388,-0.6450048685073853,-2.9999920234148623,8.153839111328125,-0.006918052269292461,-0.10741540044546127,0.25,-0.07420264184474945,0.0,0.00014380167704075575,-0.35,-0.34999966621398926,-3.1392866341228998,-3.1379308700561523,0.001240612007677555,-2.4417897748207906e-07,-0.0035040355287492275
4.561573028564453,-23.2979679107666,21.72136688232422,-0.39990234375,-0.2975097596645355,-0.03195800632238388,-0.6448437571525574,-2.999992240594758,8.114983558654785,-0.006823222936603393,-0.10726553946733475,0.25,0.04699494317173958,0.0,0.00014380167704075575,-0.35,-0.34999966621398926,-3.1393182439833622,-3.1379308700561523,0.001240612007677555,-2.4417897748207906e-07,-0.0035040355287492275
4.566359519958496,-23.2979679107666,21.72136688232422,-0.39990234375,-0.2975097596645355,-0.03195800632238388,-0.6448437571525574,-2.999992240594758,8.114983558654785,-0.006823222936603393,-0.10726553946733475,0.25,0.04699494317173958,0.0,0.00014431517047341913,-0.35,-0.34999966621398926,-3.1393182439833622,-3.137953758239746,0.001200726954266429,-6.370777327902033e-07,-0.003518603276461363
4.571002006530762,-23.2979679107666,21.853515625,-0.39990234375,-0.2992578148841858,-0.03195800632238388,-0.6457666158676147,-2.9999925470890147,8.190974235534668,-0.006687107772738638,-0.10758446156978607,0.25,-0.14048275351524353,0.0,0.00014431517047341913,-0.35,-0.34999966621398926,-3.139363615819678,-3.137953758239746,0.001200726954266429,-6.370777327902033e-07,-0.003518603276461363
4.57573390007019,-23.2979679107666,21.853515625,-0.39990234375,-0.2992578148841858,-0.03195800632238388,-0.6457666158676147,-2.9999925470890147,8.190974235534668,-0.006687107772738638,-0.10758446156978607,0.25,-0.14048275351524353,0.0,0.00014410214498639107,-0.35,-0.34999987483024597,-3.139363615819678,-3.138014078140259,0.0013721634168177843,-1.9719891497516073e-06,-0.0035144169814884663
4.5807836055755615,-23.2979679107666,21.853515625,-0.39990234375,-0.2992578148841858,-0.03195800632238388,-0.6457666158676147,-2.9999925470890147,8.190974235534668,-0.006687107772738638,-0.10758446156978607,0.25,-0.14048275351524353,0.0,0.00014410214498639107,-0.35,-0.34999987483024597,-3.139363615819678,-3.138014078140259,0.0013721634168177843,-1.9719891497516073e-06,-0.0035144169814884663
4.5852673053741455,-23.2979679107666,21.868085861206055,-0.39990234375,-0.29945310950279236,-0.03195800632238388,-0.6460644602775574,-2.9999925807737657,8.201330184936523,-0.0066719788938708145,-0.10762719810009003,0.25,-0.16660282015800476,0.0,0.00014319064212031662,-0.35,-0.3499997556209564,-3.1393686587918004,-3.1380434036254883,0.0013875755248591304,-1.6964154383458663e-06,-0.0034793231170624495
4.590430736541748,-23.2979679107666,21.868085861206055,-0.39990234375,-0.29945310950279236,-0.03195800632238388,-0.6460644602775574,-2.9999925807737657,8.201330184936523,-0.0066719788938708145,-0.10762719810009003,0.25,-0.16660282015800476,0.0,0.00014319064212031662,-0.35,-0.3499997556209564,-3.1393686587918004,-3.1380434036254883,0.0013875755248591304,-1.6964154383458663e-06,-0.0034793231170624495
4.5952088832855225,-23.2979679107666,21.967851638793945,-0.39990234375,-0.30076169967651367,-0.03195800632238388,-0.6490087509155273,-2.9999928046422286,8.241988182067871,-0.006570547530734898,-0.1077982485294342,0.25,-0.2626686096191406,0.0,0.00014261518663261086,-0.35,-0.3499997556209564,-3.1394024693285303,-3.1380655765533447,0.0013593933545053005,-1.346191311313305e-06,-0.003459049155935645
4.600236415863037,-23.2979679107666,21.967851638793945,-0.39990234375,-0.30076169967651367,-0.03195800632238388,-0.6490087509155273,-2.9999928046422286,8.241988182067871,-0.006570547530734898,-0.1077982485294342,0.25,-0.2626686096191406,0.0,0.00014230550732463598,-0.35,-0.3499997556209564,-3.1394024693285303,-3.1380879878997803,0.0012966697104275227,-1.1391261978133116e-06,-0.003414331004023552
4.605362176895142,-23.2979679107666,22.0185546875,-0.39990234375,-0.3014257848262787,-0.03195800632238388,-0.6505517363548279,-2.999992916591357,8.24051284790039,-0.006519233213026152,-0.10779713094234467,0.25,-0.2508772015571594,0.0,0.00014230550732463598,-0.35,-0.3499997556209564,-3.1394195741418054,-3.1380879878997803,0.0012966697104275227,-1.1391261978133116e-06,-0.003414331004023552
4.6105756759643555,-23.2979679107666,22.0185546875,-0.39990234375,-0.3014257848262787,-0.03195800632238388,-0.6505517363548279,-2.999992916591357,8.24051284790039,-0.006519233213026152,-0.10779713094234467,0.25,-0.2508772015571594,0.0,0.00014223206380847842,-0.35,-0.3499997556209564,-3.1394195741418054,-3.1381096839904785,0.001206486253067851,-6.953152933419915e-07,-0.0033634065184742212
4.6154539585113525,-23.2979679107666,22.192968368530273,-0.39990234375,-0.3037206828594208,-0.03195800632238388,-0.6529394388198853,-2.999993294601441,8.162232398986816,-0.006342897318354013,-0.10750933736562729,0.25,-0.009822225198149681,0.0,0.00014223206380847842,-0.35,-0.3499997556209564,-3.1394783529084274,-3.1381096839904785,0.001206486253067851,-6.953152933419915e-07,-0.0033634065184742212
4.62024998664856,-23.2979679107666,22.192968368530273,-0.39990234375,-0.3037206828594208,-0.03195800632238388,-0.6529394388198853,-2.999993294601441,8.162232398986816,-0.006342897318354013,-0.10750933736562729,0.25,-0.009822225198149681,0.0,0.00014282140182331204,-0.35,-0.3500000238418579,-3.1394783529084274,-3.1381640434265137,0.0011706440709531307,-4.3445743358461186e-07,-0.0033566895872354507
4.624799966812134,-23.2979679107666,22.268476486206055,-0.39990234375,-0.3047167956829071,-0.03195800632238388,-0.6530908346176147,-2.999993294601441,8.17478084564209,-0.006342897318354013,-0.10756441205739975,0.25,-0.03281722962856293,0.0,0.0001429321273462847,-0.35,-0.3499997556209564,-3.1394783529084274,-3.138197183609009,0.0012341454857960343,-1.3377029972616583e-07,-0.003355493303388357
4.629846096038818,-23.2979679107666,22.268476486206055,-0.39990234375,-0.3047167956829071,-0.03195800632238388,-0.6530908346176147,-2.999993454518727,8.17478084564209,-0.006266804990934101,-0.10756441205739975,0.25,-0.03281722962856293,0.0,0.0001429321273462847,-0.35,-0.3499997556209564,-3.1395037170735822,-3.138197183609009,0.0012341454857960343,-1.3377029972616583e-07,-0.003355493303388357
4.6346635818481445,-23.2979679107666,22.31785011291504,-0.39990234375,-0.3053613305091858,-0.03195800632238388,-0.6534472703933716,-2.999993556832374,8.18918228149414,-0.0062176333313065804,-0.10762720555067062,0.25,-0.059484731405973434,0.0,0.0001427106180926785,-0.35,-0.3499997556209564,-3.139520107662273,-3.138218641281128,0.0012555986177176237,-2.811577815009514e-08,-0.0033500250428915024
4.639519929885864,-23.2979679107666,22.31785011291504,-0.39990234375,-0.3053613305091858,-0.03195800632238388,-0.6534472703933716,-2.999993556832374,8.18918228149414,-0.0062176333313065804,-0.10762720555067062,0.25,-0.059484731405973434,0.0,0.0001427106180926785,-0.35,-0.3499997556209564,-3.139520107662273,-3.138218641281128,0.0012555986177176237,-2.811577815009514e-08,-0.0033500250428915024
4.64602518081665,-23.2979679107666,22.416053771972656,-0.39990234375,-0.30666014552116394,-0.03195800632238388,-0.653881847858429,-2.9999937595479373,8.17288589477539,-0.0061190418719750655,-0.10757167637348175,0.25,-0.005625565070658922,0.0,0.00014250780805014074,-0.35,-0.34999966621398926,-3.1395529715515194,-3.138261079788208,0.0012042457237839699,-8.981510291050654e-08,-0.0033053066581487656
4.650810480117798,-23.2979679107666,22.416053771972656,-0.39990234375,-0.30666014552116394,-0.03195800632238388,-0.653881847858429,-2.9999937595479373,8.17288589477539,-0.0061190418719750655,-0.10757167637348175,0.25,-0.005625565070658922,0.0,0.00014250780805014074,-0.35,-0.34999966621398926,-3.1395529715515194,-3.138261079788208,0.0012042457237839699,-8.981510291050654e-08,-0.0033053066581487656
4.65589451789856,-23.2979679107666,22.416053771972656,-0.39990234375,-0.30666014552116394,-0.03195800632238388,-0.653881847858429,-2.9999937595479373,8.17288589477539,-0.0061190418719750655,-0.10757167637348175,0.25,-0.005625565070658922,0.0,0.0001426544040441513,-0.35,-0.34999966621398926,-3.1395529715515194,-3.138282299041748,0.0011713498970493674,-1.7813022168411408e-07,-0.0032756072469055653
4.660691499710083,-23.2979679107666,22.5166015625,-0.39990234375,-0.3079785108566284,-0.03195800632238388,-0.6534326076507568,-2.9999939613622537,8.171172142028809,-0.006019284842265743,-0.1075742319226265,0.25,0.013933300971984863,0.0,0.0001426544040441513,-0.35,-0.34999966621398926,-3.1395862239628043,-3.138282299041748,0.0011713498970493674,-1.7813022168411408e-07,-0.0032756072469055653
4.665722131729126,-23.2979679107666,22.5166015625,-0.39990234375,-0.3079785108566284,-0.03195800632238388,-0.6534326076507568,-2.9999939613622537,8.171172142028809,-0.006019284842265743,-0.1075742319226265,0.25,0.013933300971984863,0.0,0.0001422266650479287,-0.35,-0.3499997556209564,-3.1395862239628043,-3.1383254528045654,0.0012251907028257847,-6.312031928246142e-07,-0.003232744988054037
4.670713424682617,-23.2979679107666,22.5673828125,-0.39990234375,-0.30864256620407104,-0.03195800632238388,-0.653491199016571,-2.9999940614646845,8.182415962219238,-0.005969185591542041,-0.10762055218219757,0.25,-0.009445490315556526,0.0,0.0001422266650479287,-0.35,-0.3499997556209564,-3.139602923746381,-3.1383254528045654,0.0012251907028257847,-6.312031928246142e-07,-0.003232744988054037
4.675814151763916,-23.2979679107666,22.5673828125,-0.39990234375,-0.30864256620407104,-0.03195800632238388,-0.653491199016571,-2.9999940614646845,8.182415962219238,-0.005969185591542041,-0.10762055218219757,0.25,-0.009445490315556526,0.0,0.0001422266650479287,-0.35,-0.3499997556209564,-3.139602923746381,-3.1383254528045654,0.0012251907028257847,-6.312031928246142e-07,-0.003232744988054037
4.68027400970459,-23.2979679107666,22.70785140991211,-0.39990234375,-0.3104882836341858,-0.03195800632238388,-0.6534521579742432,-2.9999943340058564,8.176173210144043,-0.005830603121273037,-0.10761097818613052,0.25,0.028052184730768204,0.0,0.0001422266650479287,-0.35,-0.3499997556209564,-3.139649117992473,-3.1383254528045654,0.0012251907028257847,-6.312031928246142e-07,-0.003232744988054037
4.684858083724976,-23.2979679107666,22.70785140991211,-0.39990234375,-0.3104882836341858,-0.03195800632238388,-0.6534521579742432,-2.9999943340058564,8.176173210144043,-0.005830603121273037,-0.10761097818613052,0.25,0.028052184730768204,0.0,0.0001414630824001506,-0.35,-0.34999966621398926,-3.139649117992473,-3.1383934020996094,0.001200687838718295,-1.0592048056423664e-06,-0.0032396737951785326
4.689833641052246,-23.2979679107666,22.763437271118164,-0.39990234375,-0.3112207055091858,-0.03195800632238388,-0.6529492139816284,-2.9999944398936194,8.157069206237793,-0.005775864209799492,-0.1075470894575119,0.25,0.08842036873102188,0.0,0.00014144807937555015,-0.35,-0.34999966621398926,-3.1396673643304362,-3.1384077072143555,0.0011857242789119482,-1.0489764008525526e-06,-0.003238541539758444
4.695291996002197,-23.2979679107666,22.763437271118164,-0.39990234375,-0.3112207055091858,-0.03195800632238388,-0.6529492139816284,-2.9999944398936194,8.157069206237793,-0.005775864209799492,-0.1075470894575119,0.25,0.08842036873102188,0.0,0.00014144807937555015,-0.35,-0.34999966621398926,-3.1396673643304362,-3.1384077072143555,0.0011857242789119482,-1.0489764008525526e-06,-0.003238541539758444
4.700001955032349,-23.2979679107666,22.813827514648438,-0.39990234375,-0.3118847608566284,-0.03195800632238388,-0.6526757478713989,-2.999994534814802,8.175809860229492,-0.005726349737884639,-0.1076190248131752,0.25,0.044272106140851974,0.0,0.0001411632401868701,-0.35,-0.34999966621398926,-3.139683869184736,-3.1384294033050537,0.0012256010668352246,-9.901445991999935e-07,-0.003230864182114601
4.704798221588135,-23.2979679107666,22.813827514648438,-0.39990234375,-0.3118847608566284,-0.03195800632238388,-0.6526757478713989,-2.999994534814802,8.175809860229492,-0.005726349737884639,-0.1076190248131752,0.25,0.044272106140851974,0.0,0.0001411632401868701,-0.35,-0.34999966621398926,-3.139683869184736,-3.1384294033050537,0.0012256010668352246,-9.901445991999935e-07,-0.003230864182114601
4.709728240966797,-23.2979679107666,22.813827514648438,-0.39990234375,-0.3118847608566284,-0.03195800632238388,-0.6526757478713989,-2.999994534814802,8.175809860229492,-0.005726349737884639,-0.1076190248131752,0.25,0.044272106140851974,0.0,0.00014029709564056247,-0.35,-0.34999966621398926,-3.139683869184736,-3.1384847164154053,0.0012262347154319286,-1.6780104488134384e-06,-0.0032355713192373514
4.714526176452637,-23.2979679107666,22.96109390258789,-0.39990234375,-0.31382811069488525,-0.03195800632238388,-0.6524511575698853,-2.999994806707144,8.1956787109375,-0.005582090125357965,-0.10770310461521149,0.25,0.010667596012353897,0.0,0.00014029709564056247,-0.35,-0.34999966621398926,-3.1397319558076573,-3.1384847164154053,0.0012262347154319286,-1.6780104488134384e-06,-0.0032355713192373514
4.719414234161377,-23.2979679107666,22.96109390258789,-0.39990234375,-0.31382811069488525,-0.03195800632238388,-0.6524511575698853,-2.999994806707144,8.1956787109375,-0.005582090125357965,-0.10770310461521149,0.25,0.010667596012353897,0.0,0.00014014224871061742,-0.35,-0.3499997556209564,-3.1397319558076573,-3.13851261138916,0.0011922202538698912,-2.0300385585869662e-06,-0.0032287712674587965
4.7243664264678955,-23.2979679107666,23.06101417541504,-0.39990234375,-0.31513670086860657,-0.03195800632238388,-0.6516748070716858,-2.9999949851019627,8.173518180847168,-0.005485377204365807,-0.10763465613126755,0.25,0.08541236817836761,0.0,0.00014014224871061742,-0.35,-0.3499997556209564,-3.1397641935028333,-3.13851261138916,0.0011922202538698912,-2.0300385585869662e-06,-0.0032287712674587965
4.729369401931763,-23.2979679107666,23.06101417541504,-0.39990234375,-0.31513670086860657,-0.03195800632238388,-0.6516748070716858,-2.9999949851019627,8.173518180847168,-0.005485377204365807,-0.10763465613126755,0.25,0.08541236817836761,0.0,0.0001401700865244493,-0.35,-0.3499997556209564,-3.1397641935028333,-3.138533115386963,0.0011707890080288053,-1.8808227650879417e-06,-0.0032202727161347866
4.734376430511475,-23.2979679107666,23.1104679107666,-0.39990234375,-0.3157910108566284,-0.03195800632238388,-0.6506884694099426,-2.9999950727413838,8.147992134094238,-0.005437235273608624,-0.10755066573619843,0.25,0.1622796654701233,0.0,0.0001401700865244493,-0.35,-0.3499997556209564,-3.139780240839676,-3.138533115386963,0.0011707890080288053,-1.8808227650879417e-06,-0.0032202727161347866
4.739839792251587,-23.2979679107666,23.1104679107666,-0.39990234375,-0.3157910108566284,-0.03195800632238388,-0.6506884694099426,-2.9999950727413838,8.147992134094238,-0.005437235273608624,-0.10755066573619843,0.25,0.1622796654701233,0.0,0.00014044796989765018,-0.35,-0.3499997556209564,-3.139780240839676,-3.1385536193847656,0.0011179264402016997,-1.7009620023600291e-06,-0.0031880512833595276
4.744951486587524,-23.2979679107666,23.262889862060547,-0.39990234375,-0.31779295206069946,-0.03195800632238388,-0.6500878930091858,-2.999995335189883,8.242069244384766,-0.005290447896064252,-0.10788550227880478,0.25,-0.07464602589607239,0.0,0.00013909852714277804,-0.35,-0.3500000238418579,-3.1398291700437366,-3.138615131378174,0.0012868845369666815,-3.46768501913175e-07,-0.0030914531089365482
4.749956846237183,-23.2979679107666,23.262889862060547,-0.39990234375,-0.31779295206069946,-0.03195800632238388,-0.6500878930091858,-2.999995335189883,8.242069244384766,-0.005290447896064252,-0.10788550227880478,0.25,-0.07464602589607239,0.0,0.00013909852714277804,-0.35,-0.3500000238418579,-3.1398291700437366,-3.138615131378174,0.0012868845369666815,-3.46768501913175e-07,-0.0030914531089365482
4.754802703857422,-23.2979679107666,23.31050682067871,-0.39990234375,-0.3184179663658142,-0.03195800632238388,-0.6509032845497131,-2.999995415318348,8.276272773742676,-0.0052448135233162515,-0.10800492018461227,0.25,-0.16198767721652985,0.0,0.00013804239279124886,-0.35,-0.3499997556209564,-3.1398443815247687,-3.138634204864502,0.0013099370989948511,-5.754775429522851e-07,-0.003072827821597457
4.759605646133423,-23.2979679107666,23.31050682067871,-0.39990234375,-0.3184179663658142,-0.03195800632238388,-0.6509032845497131,-2.999995415318348,8.276272773742676,-0.0052448135233162515,-0.10800492018461227,0.25,-0.16198767721652985,0.0,0.00013804239279124886,-0.35,-0.3499997556209564,-3.1398443815247687,-3.138634204864502,0.0013099370989948511,-5.754775429522851e-07,-0.003072827821597457
4.764570236206055,-23.2979679107666,23.31050682067871,-0.39990234375,-0.3184179663658142,-0.03195800632238388,-0.6509032845497131,-2.999995415318348,8.276272773742676,-0.0052448135233162515,-0.10800492018461227,0.25,-0.16198767721652985,0.0,0.00013701818534173071,-0.35,-0.3499997556209564,-3.1398443815247687,-3.1386544704437256,0.001287197694182396,-5.031886303186184e-07,-0.0030674985609948635
4.769275903701782,-23.2979679107666,23.36128807067871,-0.39990234375,-0.31908202171325684,-0.03195800632238388,-0.6522802710533142,-2.9999954995512925,8.30185604095459,-0.005196409528667591,-0.10809506475925446,0.25,-0.22532349824905396,0.0,0.00013701818534173071,-0.35,-0.3499997556209564,-3.1398605162140822,-3.1386544704437256,0.001287197694182396,-5.031886303186184e-07,-0.0030674985609948635
4.773950815200806,-23.2979679107666,23.36128807067871,-0.39990234375,-0.31908202171325684,-0.03195800632238388,-0.6522802710533142,-2.9999954995512925,8.30185604095459,-0.005196409528667591,-0.10809506475925446,0.25,-0.22532349824905396,0.0,0.00013555130863096565,-0.35,-0.34999966621398926,-3.1398605162140822,-3.138707160949707,0.0011522537097334862,-2.787649009405868e-07,-0.0030228139366954565
4.778566837310791,-23.2979679107666,23.517147064208984,-0.39990234375,-0.3211132884025574,-0.03195800632238388,-0.6569579839706421,-2.999995751359988,8.307403564453125,-0.005048942663547184,-0.10812694579362869,0.25,-0.21992595493793488,0.0,0.00013555130863096565,-0.35,-0.34999966621398926,-3.139909671907457,-3.138707160949707,0.0011522537097334862,-2.787649009405868e-07,-0.0030228139366954565
4.783050298690796,-23.2979679107666,23.517147064208984,-0.39990234375,-0.3211132884025574,-0.03195800632238388,-0.6569579839706421,-2.999995751359988,8.307403564453125,-0.005048942663547184,-0.10812694579362869,0.25,-0.21992595493793488,0.0,0.00013545036199502647,-0.35,-0.34999966621398926,-3.139909671907457,-3.138731002807617,0.0011077276431024075,-3.615485866248491e-07,-0.0030238295439630747
4.787739992141724,-23.2979679107666,23.610389709472656,-0.39990234375,-0.3223242163658142,-0.03195800632238388,-0.6584374904632568,-2.9999958973119387,8.269190788269043,-0.00496146264079123,-0.10800997167825699,0.25,-0.10296058654785156,0.0,0.00013545036199502647,-0.35,-0.34999966621398926,-3.139938831955628,-3.138731002807617,0.0011077276431024075,-3.615485866248491e-07,-0.0030238295439630747
4.792223691940308,-23.2979679107666,23.610389709472656,-0.39990234375,-0.3223242163658142,-0.03195800632238388,-0.6584374904632568,-2.9999958973119387,8.269190788269043,-0.00496146264079123,-0.10800997167825699,0.25,-0.10296058654785156,0.0,0.00013558470527641475,-0.35,-0.34999966621398926,-3.139938831955628,-3.1387507915496826,0.001086060656234622,-5.177245157028665e-07,-0.0030355944763869047
4.796938896179199,-23.2979679107666,23.610389709472656,-0.39990234375,-0.3223242163658142,-0.03195800632238388,-0.6584374904632568,-2.9999958973119387,8.269190788269043,-0.00496146264079123,-0.10800997167825699,0.25,-0.10296058654785156,0.0,0.00013558470527641475,-0.35,-0.34999966621398926,-3.139938831955628,-3.1387507915496826,0.001086060656234622,-5.177245157028665e-07,-0.0030355944763869047
4.8015456199646,-23.2979679107666,23.660429000854492,-0.39990234375,-0.32297849655151367,-0.03195800632238388,-0.6585644483566284,-2.999995974814928,8.241711616516113,-0.004914376280711704,-0.10792525112628937,0.25,-0.02109626680612564,0.0,0.0001358461013296619,-0.35,-0.34999966621398926,-3.139954527430249,-3.138770818710327,0.0010708445915952325,-7.264417263286305e-07,-0.003051609033718705
4.806353807449341,-23.2979679107666,23.660429000854492,-0.39990234375,-0.32297849655151367,-0.03195800632238388,-0.6585644483566284,-2.999995974814928,8.241711616516113,-0.004914376280711704,-0.10792525112628937,0.25,-0.02109626680612564,0.0,0.0001358461013296619,-0.35,-0.34999966621398926,-3.139954527430249,-3.138770818710327,0.0010708445915952325,-7.264417263286305e-07,-0.003051609033718705
4.811377763748169,-23.2979679107666,23.795156478881836,-0.39990234375,-0.3247363269329071,-0.03195800632238388,-0.6579687595367432,-2.999996178635246,8.244685173034668,-0.004788337281441656,-0.10794499516487122,0.25,-0.01170257106423378,0.0,0.0001361769245704636,-0.35,-0.34999966621398926,-3.1399965404849426,-3.138824224472046,0.0011594886891543865,-1.5589030226692557e-06,-0.003084333147853613
4.816276550292969,-23.2979679107666,23.795156478881836,-0.39990234375,-0.3247363269329071,-0.03195800632238388,-0.6579687595367432,-2.999996178635246,8.244685173034668,-0.004788337281441656,-0.10794499516487122,0.25,-0.01170257106423378,0.0,0.0001361769245704636,-0.35,-0.34999966621398926,-3.1399965404849426,-3.138824224472046,0.0011594886891543865,-1.5589030226692557e-06,-0.003084333147853613
4.821022033691406,-23.2979679107666,23.86015510559082,-0.39990234375,-0.3255859315395355,-0.03195800632238388,-0.6585839986801147,-2.9999962748231273,8.277410507202148,-0.004727689431410942,-0.10805356502532959,0.25,-0.0930728018283844,0.0,0.0001354923442704603,-0.35,-0.34999966621398926,-3.140016756460379,-3.138850450515747,0.0012227908009663224,-2.0677871361840516e-06,-0.003080082358792424
4.826025485992432,-23.2979679107666,23.86015510559082,-0.39990234375,-0.3255859315395355,-0.03195800632238388,-0.6585839986801147,-2.9999962748231273,8.277410507202148,-0.004727689431410942,-0.10805356502532959,0.25,-0.0930728018283844,0.0,0.0001354923442704603,-0.35,-0.34999966621398926,-3.140016756460379,-3.138850450515747,0.0012227908009663224,-2.0677871361840516e-06,-0.003080082358792424
4.830589771270752,-23.2979679107666,23.910390853881836,-0.39990234375,-0.3262402415275574,-0.03195800632238388,-0.659472644329071,-2.9999962748231273,8.299269676208496,-0.004727689431410942,-0.10812612622976303,0.25,-0.14660106599330902,0.0,0.00013483657676260918,-0.35,-0.3499997556209564,-3.140016756460379,-3.1388697624206543,0.0012314755003899336,-1.8105210983776487e-06,-0.0030769649893045425
4.8353729248046875,-23.2979679107666,23.910390853881836,-0.39990234375,-0.3262402415275574,-0.03195800632238388,-0.659472644329071,-2.999996347914977,8.299269676208496,-0.004681078593491296,-0.10812612622976303,0.25,-0.14660106599330902,0.0,0.00013483657676260918,-0.35,-0.3499997556209564,-3.140032293425455,-3.1388697624206543,0.0012314755003899336,-1.8105210983776487e-06,-0.0030769649893045425
4.840615510940552,-23.2979679107666,23.910390853881836,-0.39990234375,-0.3262402415275574,-0.03195800632238388,-0.659472644329071,-2.999996347914977,8.299269676208496,-0.004681078593491296,-0.10812612622976303,0.25,-0.14660106599330902,0.0,0.00013431452680379152,-0.35,-0.34999987483024597,-3.140032293425455,-3.1388895511627197,0.0011609577341005206,-1.3979672530695098e-06,-0.0030289527494460344
4.845385551452637,-23.2979679107666,24.08492088317871,-0.39990234375,-0.3285156190395355,-0.03195800632238388,-0.6623584032058716,-2.9999965952724637,8.284218788146973,-0.004519773625672684,-0.10809439420700073,0.25,-0.08340854197740555,0.0,0.00013431452680379152,-0.35,-0.34999987483024597,-3.1400860618112874,-3.1388895511627197,0.0011609577341005206,-1.3979672530695098e-06,-0.0030289527494460344
4.849948167800903,-23.2979679107666,24.08492088317871,-0.39990234375,-0.3285156190395355,-0.03195800632238388,-0.6623584032058716,-2.9999965952724637,8.284218788146973,-0.004519773625672684,-0.10809439420700073,0.25,-0.08340854197740555,0.0,0.00013383400801103562,-0.35,-0.34999966621398926,-3.1400860618112874,-3.138937473297119,0.0010987154673784971,-6.312324103419087e-07,-0.003000617027282715
4.8547704219818115,-23.2979679107666,24.11195182800293,-0.39990234375,-0.3288671672344208,-0.03195800632238388,-0.6624902486801147,-2.9999966325665968,8.269721031188965,-0.004494951510458949,-0.10805243998765945,0.25,-0.04029658064246178,0.0,0.00013383400801103562,-0.35,-0.34999966621398926,-3.1400943358590307,-3.138937473297119,0.0010987154673784971,-6.312324103419087e-07,-0.003000617027282715
4.859705686569214,-23.2979679107666,24.11195182800293,-0.39990234375,-0.3288671672344208,-0.03195800632238388,-0.6624902486801147,-2.9999966325665968,8.269721031188965,-0.004494951510458949,-0.10805243998765945,0.25,-0.04029658064246178,0.0,0.00013396925351116806,-0.35,-0.3499997556209564,-3.1400943358590307,-3.1389667987823486,0.0010643487330526114,-3.783027295867214e-07,-0.0029458054341375828
4.864513635635376,-23.2979679107666,24.213476181030273,-0.39990234375,-0.3301953077316284,-0.03195800632238388,-0.6636816263198853,-2.999996771154016,8.299046516418457,-0.0044014844629384825,-0.1081492006778717,0.25,-0.10806884616613388,0.0,0.00013397786824498326,-0.35,-0.34999966621398926,-3.140125491575787,-3.138986110687256,0.0010651401244103909,-2.5530346192681463e-07,-0.0029217079281806946
4.8696067333221436,-23.2979679107666,24.213476181030273,-0.39990234375,-0.3301953077316284,-0.03195800632238388,-0.6636816263198853,-2.999996771154016,8.299046516418457,-0.0044014844629384825,-0.1081492006778717,0.25,-0.10806884616613388,0.0,0.00013397786824498326,-0.35,-0.34999966621398926,-3.140125491575787,-3.138986110687256,0.0010651401244103909,-2.5530346192681463e-07,-0.0029217079281806946
4.874434471130371,-23.2979679107666,24.213476181030273,-0.39990234375,-0.3301953077316284,-0.03195800632238388,-0.6636816263198853,-2.999996771154016,8.299046516418457,-0.0044014844629384825,-0.1081492006778717,0.25,-0.10806884616613388,0.0,0.00013309736095834523,-0.35,-0.34999966621398926,-3.140125491575787,-3.139035224914551,0.0010830328101292253,-7.489061317755841e-07,-0.002821765374392271
4.878941297531128,-23.2979679107666,24.347070693969727,-0.39990234375,-0.33192381262779236,-0.03195800632238388,-0.6669970750808716,-2.99999694649397,8.349411010742188,-0.004280306864385551,-0.1083097904920578,0.25,-0.2298187017440796,0.0,0.00013309736095834523,-0.35,-0.34999966621398926,-3.140165884150926,-3.139035224914551,0.0010830328101292253,-7.489061317755841e-07,-0.002821765374392271
4.883596420288086,-23.2979679107666,24.347070693969727,-0.39990234375,-0.33192381262779236,-0.03195800632238388,-0.6669970750808716,-2.99999694649397,8.349411010742188,-0.004280306864385551,-0.1083097904920578,0.25,-0.2298187017440796,0.0,0.00013299009879119694,-0.35,-0.34999966621398926,-3.140165884150926,-3.1390416622161865,0.0010775125119835138,-8.395957138418453e-07,-0.002807233016937971
4.887993097305298,-23.2979679107666,24.413436889648438,-0.39990234375,-0.3327929675579071,-0.03195800632238388,-0.6686913967132568,-2.9999970323504725,8.34354019165039,-0.004219702401582145,-0.1082976907491684,0.25,-0.2057156264781952,0.0,0.00013299009879119694,-0.35,-0.34999966621398926,-3.140186085658799,-3.1390416622161865,0.0010775125119835138,-8.395957138418453e-07,-0.002807233016937971
4.8925299644470215,-23.2979679107666,24.413436889648438,-0.39990234375,-0.3327929675579071,-0.03195800632238388,-0.6686913967132568,-2.9999970323504725,8.34354019165039,-0.004219702401582145,-0.1082976907491684,0.25,-0.2057156264781952,0.0,0.00013270718045532703,-0.35,-0.34999966621398926,-3.140186085658799,-3.1390585899353027,0.0010615845676511526,-6.128990435172454e-07,-0.0027774013578891754
4.897222518920898,-23.2979679107666,24.46468734741211,-0.39990234375,-0.33345702290534973,-0.03195800632238388,-0.6695116758346558,-2.9999970970302554,8.319334983825684,-0.004173464992004734,-0.10823103040456772,0.25,-0.13320966064929962,0.0,0.00013270718045532703,-0.35,-0.34999966621398926,-3.140201498143738,-3.1390585899353027,0.0010615845676511526,-6.128990435172454e-07,-0.0027774013578891754
4.9018168449401855,-23.2979679107666,24.46468734741211,-0.39990234375,-0.33345702290534973,-0.03195800632238388,-0.6695116758346558,-2.9999970970302554,8.319334983825684,-0.004173464992004734,-0.10823103040456772,0.25,-0.13320966064929962,0.0,0.00013260377454571426,-0.35,-0.34999966621398926,-3.140201498143738,-3.1390764713287354,0.001013315049931407,-5.353024334908696e-07,-0.0027299784123897552
4.906165599822998,-23.2979679107666,24.46468734741211,-0.39990234375,-0.33345702290534973,-0.03195800632238388,-0.6695116758346558,-2.9999970970302554,8.319334983825684,-0.004173464992004734,-0.10823103040456772,0.25,-0.13320966064929962,0.0,0.00013260377454571426,-0.35,-0.34999966621398926,-3.140201498143738,-3.1390764713287354,0.001013315049931407,-5.353024334908696e-07,-0.0027299784123897552
4.910818099975586,-23.2979679107666,24.59765625,-0.39990234375,-0.3351757824420929,-0.03195800632238388,-0.6729785203933716,-2.9999972605456993,8.382760047912598,-0.0040542222804423236,-0.10842356085777283,0.25,-0.2912372946739197,0.0,0.00013138717622496188,-0.35,-0.34999966621398926,-3.1402412457516324,-3.139122247695923,0.0011066508013755083,-4.382964107207954e-07,-0.002677690936252475
4.915730953216553,-23.2979679107666,24.59765625,-0.39990234375,-0.3351757824420929,-0.03195800632238388,-0.6729785203933716,-2.9999972605456993,8.382760047912598,-0.0040542222804423236,-0.10842356085777283,0.25,-0.2912372946739197,0.0,0.00013138717622496188,-0.35,-0.34999966621398926,-3.1402412457516324,-3.139122247695923,0.0011066508013755083,-4.382964107207954e-07,-0.002677690936252475
4.9202516078948975,-23.2979679107666,24.667694091796875,-0.39990234375,-0.3360839784145355,-0.03195800632238388,-0.6761816143989563,-2.9999973446538197,8.42691707611084,-0.0039914997219527674,-0.10855425894260406,0.25,-0.4040985703468323,0.0,0.0001299499999731779,-0.35,-0.3499997556209564,-3.140262153289927,-3.139146327972412,0.0011584777384996414,-3.659285994217498e-07,-0.002678745659068227
4.92512845993042,-23.2979679107666,24.667694091796875,-0.39990234375,-0.3360839784145355,-0.03195800632238388,-0.6761816143989563,-2.9999973446538197,8.42691707611084,-0.0039914997219527674,-0.10855425894260406,0.25,-0.4040985703468323,0.0,0.0001299499999731779,-0.35,-0.3499997556209564,-3.140262153289927,-3.139146327972412,0.0011584777384996414,-3.659285994217498e-07,-0.002678745659068227
4.930043458938599,-23.2979679107666,24.77035140991211,-0.39990234375,-0.33740234375,-0.03195800632238388,-0.6816112995147705,-2.999997464095654,8.445906639099121,-0.0039006947643647812,-0.10861514508724213,0.25,-0.444288045167923,0.0,0.00012891314690932631,-0.35,-0.34999966621398926,-3.140292421635309,-3.13916277885437,0.0011436792556196451,-4.6527406993845943e-07,-0.002661897335201502
4.934967517852783,-23.2979679107666,24.77035140991211,-0.39990234375,-0.33740234375,-0.03195800632238388,-0.6816112995147705,-2.999997464095654,8.445906639099121,-0.0039006947643647812,-0.10861514508724213,0.25,-0.444288045167923,0.0,0.0001280480355489999,-0.35,-0.34999966621398926,-3.140292421635309,-3.1391804218292236,0.0011141286231577396,-9.217164915753528e-07,-0.002665373496711254
4.939401149749756,-23.2979679107666,24.77035140991211,-0.39990234375,-0.33740234375,-0.03195800632238388,-0.6816112995147705,-2.999997464095654,8.445906639099121,-0.0039006947643647812,-0.10861514508724213,0.25,-0.444288045167923,0.0,0.0001280480355489999,-0.35,-0.34999966621398926,-3.140292421635309,-3.1391804218292236,0.0011141286231577396,-9.217164915753528e-07,-0.002665373496711254
4.94387674331665,-23.2979679107666,24.822538375854492,-0.39990234375,-0.3380761742591858,-0.03195800632238388,-0.6840283274650574,-2.999997523860971,8.403287887573242,-0.0038544556093713257,-0.10850385576486588,0.25,-0.3163222372531891,0.0,0.00012708701251540333,-0.35,-0.34999966621398926,-3.1403078346998483,-3.1392292976379395,0.0010178639786317945,-1.5904035990388365e-06,-0.0027527750935405493
4.948624610900879,-23.2979679107666,24.822538375854492,-0.39990234375,-0.3380761742591858,-0.03195800632238388,-0.6840283274650574,-2.999997523860971,8.403287887573242,-0.0038544556093713257,-0.10850385576486588,0.25,-0.3163222372531891,0.0,0.00012708701251540333,-0.35,-0.34999966621398926,-3.1403078346998483,-3.1392292976379395,0.0010178639786317945,-1.5904035990388365e-06,-0.0027527750935405493
4.953555583953857,-23.2979679107666,24.927928924560547,-0.39990234375,-0.3394433557987213,-0.03195800632238388,-0.6872656345367432,-2.999997642499097,8.359338760375977,-0.003760983895043547,-0.1083875373005867,0.25,-0.18898047506809235,0.0,0.0001272722438443452,-0.35,-0.34999966621398926,-3.1403389919630555,-3.1392509937286377,0.0009876127587631345,-1.4392796856554924e-06,-0.002800791757181287
4.958442687988281,-23.2979679107666,24.927928924560547,-0.39990234375,-0.3394433557987213,-0.03195800632238388,-0.6872656345367432,-2.999997642499097,8.359338760375977,-0.003760983895043547,-0.1083875373005867,0.25,-0.18898047506809235,0.0,0.0001272722438443452,-0.35,-0.34999966621398926,-3.1403389919630555,-3.1392509937286377,0.0009876127587631345,-1.4392796856554924e-06,-0.002800791757181287
4.962961673736572,-23.2979679107666,25.02390480041504,-0.39990234375,-0.3407031297683716,-0.03195800632238388,-0.6873437166213989,-2.999997748690847,8.274336814880371,-0.0036753026880944097,-0.10816343128681183,0.25,0.05500117689371109,0.0,0.00012768262240570039,-0.35,-0.34999966621398926,-3.1403675523873082,-3.1392693519592285,0.0009693336905911565,-1.5534565136476886e-06,-0.002837197622284293
4.967577934265137,-23.2979679107666,25.02390480041504,-0.39990234375,-0.3407031297683716,-0.03195800632238388,-0.6873437166213989,-2.999997748690847,8.274336814880371,-0.0036753026880944097,-0.10816343128681183,0.25,0.05500117689371109,0.0,0.00012768262240570039,-0.35,-0.34999966621398926,-3.1403675523873082,-3.1392693519592285,0.0009693336905911565,-1.5534565136476886e-06,-0.002837197622284293
4.9722490310668945,-23.2979679107666,25.15476417541504,-0.39990234375,-0.3424121141433716,-0.03195800632238388,-0.6877245903015137,-2.9999978882507636,8.333611488342285,-0.0035595633102420074,-0.10833095014095306,0.25,-0.09259740263223648,0.0,0.00012748493463732302,-0.35,-0.34999966621398926,-3.1404061322079753,-3.139317750930786,0.0011220830492675304,-1.6112926459754817e-06,-0.0028745748568326235
4.976872444152832,-23.2979679107666,25.15476417541504,-0.39990234375,-0.3424121141433716,-0.03195800632238388,-0.6877245903015137,-2.9999978882507636,8.333611488342285,-0.0035595633102420074,-0.10833095014095306,0.25,-0.09259740263223648,0.0,0.00012748493463732302,-0.35,-0.34999966621398926,-3.1404061322079753,-3.139317750930786,0.0011220830492675304,-1.6112926459754817e-06,-0.0028745748568326235
4.981630086898804,-23.2979679107666,25.15476417541504,-0.39990234375,-0.3424121141433716,-0.03195800632238388,-0.6877245903015137,-2.9999978882507636,8.333611488342285,-0.0035595633102420074,-0.10833095014095306,0.25,-0.09259740263223648,0.0,0.00012726635031867772,-0.35,-0.34999966621398926,-3.1404061322079753,-3.139324426651001,0.0011464243289083242,-1.6991975826385897e-06,-0.00287549733184278
4.986143112182617,-23.2979679107666,25.22523307800293,-0.39990234375,-0.3433203101158142,-0.03195800632238388,-0.6892187595367432,-2.9999979603810627,8.373438835144043,-0.003498243768709403,-0.1084408164024353,0.25,-0.19390666484832764,0.0,0.00012726635031867772,-0.35,-0.34999966621398926,-3.1404265720692943,-3.139324426651001,0.0011464243289083242,-1.6991975826385897e-06,-0.00287549733184278
4.990713596343994,-23.2979679107666,25.22523307800293,-0.39990234375,-0.3433203101158142,-0.03195800632238388,-0.6892187595367432,-2.9999979603810627,8.373438835144043,-0.003498243768709403,-0.1084408164024353,0.25,-0.19390666484832764,0.0,0.00012589343532454222,-0.35,-0.34999966621398926,-3.1404265720692943,-3.139361619949341,0.0011397848138585687,-1.942402832355583e-06,-0.002838787855580449
4.995035648345947,-23.2979679107666,25.276796340942383,-0.39990234375,-0.34398436546325684,-0.03195800632238388,-0.6906836032867432,-2.9999980122015546,8.39178466796875,-0.0034535180209474417,-0.10849228501319885,0.25,-0.2384842038154602,0.0,0.00012589343532454222,-0.35,-0.34999966621398926,-3.1404414806618886,-3.139361619949341,0.0011397848138585687,-1.942402832355583e-06,-0.002838787855580449
4.999912261962891,-23.2979679107666,25.276796340942383,-0.39990234375,-0.34398436546325684,-0.03195800632238388,-0.6906836032867432,-2.9999980122015546,8.39178466796875,-0.0034535180209474417,-0.10849228501319885,0.25,-0.2384842038154602,0.0,0.00012546703510452062,-0.35,-0.34999966621398926,-3.1404414806618886,-3.1393797397613525,0.0011031480971723795,-1.9906460693164263e-06,-0.002825522795319557
5.004501581192017,-23.2979679107666,25.378944396972656,-0.39990234375,-0.3453027307987213,-0.03195800632238388,-0.6936278939247131,-2.999998112773904,8.377360343933105,-0.0033650190212661897,-0.10846534371376038,0.25,-0.1829604059457779,0.0,0.00012546703510452062,-0.35,-0.34999966621398926,-3.140470980347499,-3.1393797397613525,0.0011031480971723795,-1.9906460693164263e-06,-0.002825522795319557
5.009582281112671,-23.2979679107666,25.378944396972656,-0.39990234375,-0.3453027307987213,-0.03195800632238388,-0.6936278939247131,-2.999998112773904,8.377360343933105,-0.0033650190212661897,-0.10846534371376038,0.25,-0.1829604059457779,0.0,0.00012538439477793872,-0.35,-0.34999966621398926,-3.140470980347499,-3.1394293308258057,0.0009987956145778298,-1.9956551113864407e-06,-0.0028020364698022604
5.014690160751343,-23.2979679107666,25.482851028442383,-0.39990234375,-0.3466503918170929,-0.03195800632238388,-0.6954296827316284,-2.999998112773904,8.354422569274902,-0.0033650190212661897,-0.10841111838817596,0.25,-0.11354310810565948,0.0,0.00012543899356387556,-0.35,-0.34999966621398926,-3.140470980347499,-3.139435291290283,0.0009942944161593914,-1.9620783859863877e-06,-0.002799462294206023
5.019404888153076,-23.2979679107666,25.482851028442383,-0.39990234375,-0.3466503918170929,-0.03195800632238388,-0.6954296827316284,-2.9999982124271107,8.354422569274902,-0.0032749708611092693,-0.10841111838817596,0.25,-0.11354310810565948,0.0,0.00012543899356387556,-0.35,-0.34999966621398926,-3.140500996419266,-3.139435291290283,0.0009942944161593914,-1.9620783859863877e-06,-0.002799462294206023
5.024020433425903,-23.2979679107666,25.482851028442383,-0.39990234375,-0.3466503918170929,-0.03195800632238388,-0.6954296827316284,-2.9999982124271107,8.354422569274902,-0.0032749708611092693,-0.10841111838817596,0.25,-0.11354310810565948,0.0,0.00012543899356387556,-0.35,-0.34999966621398926,-3.140500996419266,-3.139435291290283,0.0009942944161593914,-1.9620783859863877e-06,-0.002799462294206023
5.029710292816162,-23.2979679107666,25.580429077148438,-0.39990234375,-0.3479101359844208,-0.03195800632238388,-0.6975781321525574,-2.999998302798134,8.389816284179688,-0.00319111396173679,-0.10850654542446136,0.25,-0.20000982284545898,0.0,0.000125388236483559,-0.35,-0.34999966621398926,-3.1405289487352896,-3.139469623565674,0.00102360884193331,-1.8613550309964921e-06,-0.002774767344817519
5.034581899642944,-23.2979679107666,25.580429077148438,-0.39990234375,-0.3479101359844208,-0.03195800632238388,-0.6975781321525574,-2.999998302798134,8.389816284179688,-0.00319111396173679,-0.10850654542446136,0.25,-0.20000982284545898,0.0,0.000125388236483559,-0.35,-0.34999966621398926,-3.1405289487352896,-3.139469623565674,0.00102360884193331,-1.8613550309964921e-06,-0.002774767344817519
5.039198637008667,-23.2979679107666,25.632734298706055,-0.39990234375,-0.34858396649360657,-0.03195800632238388,-0.69935542345047,-2.9999983500384104,8.441068649291992,-0.0031463894884797457,-0.10863996297121048,0.25,-0.3299281895160675,0.0,0.000125388236483559,-0.35,-0.34999966621398926,-3.1405438569013584,-3.139469623565674,0.00102360884193331,-1.8613550309964921e-06,-0.002774767344817519
5.043936491012573,-23.2979679107666,25.632734298706055,-0.39990234375,-0.34858396649360657,-0.03195800632238388,-0.69935542345047,-2.9999983500384104,8.441068649291992,-0.0031463894884797457,-0.10863996297121048,0.25,-0.3299281895160675,0.0,0.0001242578582605347,-0.35,-0.3499997556209564,-3.1405438569013584,-3.1395277976989746,0.001017880393192172,-1.0559876955085201e-06,-0.0026603396981954575
5.0486321449279785,-23.2979679107666,25.632734298706055,-0.39990234375,-0.34858396649360657,-0.03195800632238388,-0.69935542345047,-2.9999983500384104,8.441068649291992,-0.0031463894884797457,-0.10863996297121048,0.25,-0.3299281895160675,0.0,0.0001242578582605347,-0.35,-0.3499997556209564,-3.1405438569013584,-3.1395277976989746,0.001017880393192172,-1.0559876955085201e-06,-0.0026603396981954575
5.053436517715454,-23.2979679107666,25.786054611206055,-0.39990234375,-0.3505566418170929,-0.03195800632238388,-0.70533686876297,-2.9999984839647524,8.436958312988281,-0.003015992239075598,-0.10863699018955231,0.25,-0.3075020909309387,0.0,0.0001241363788722083,-0.35,-0.34999966621398926,-3.1405873226740884,-3.139540195465088,0.0009869136847555637,-9.893321930576349e-07,-0.0026253992691636086
5.058157205581665,-23.2979679107666,25.786054611206055,-0.39990234375,-0.3505566418170929,-0.03195800632238388,-0.70533686876297,-2.9999984839647524,8.436958312988281,-0.003015992239075598,-0.10863699018955231,0.25,-0.3075020909309387,0.0,0.0001241363788722083,-0.35,-0.34999966621398926,-3.1405873226740884,-3.139540195465088,0.0009869136847555637,-9.893321930576349e-07,-0.0026253992691636086
5.0629072189331055,-23.2979679107666,25.835390090942383,-0.39990234375,-0.3511914014816284,-0.03195800632238388,-0.7067285180091858,-2.999998525682208,8.413089752197266,-0.002974206545879681,-0.10858260840177536,0.25,-0.23692373931407928,0.0,0.00012405695451889187,-0.35,-0.34999966621398926,-3.1406012512454287,-3.139572858810425,0.0009376975940540433,-1.3004287211515475e-06,-0.002565653994679451
5.067457675933838,-23.2979679107666,25.835390090942383,-0.39990234375,-0.3511914014816284,-0.03195800632238388,-0.7067285180091858,-2.999998525682208,8.413089752197266,-0.002974206545879681,-0.10858260840177536,0.25,-0.23692373931407928,0.0,0.00012405695451889187,-0.35,-0.34999966621398926,-3.1406012512454287,-3.139572858810425,0.0009376975940540433,-1.3004287211515475e-06,-0.002565653994679451
5.072201728820801,-23.2979679107666,25.88734245300293,-0.39990234375,-0.3518652319908142,-0.03195800632238388,-0.707592785358429,-2.999998569216606,8.379476547241211,-0.0029299655828344305,-0.10850546509027481,0.25,-0.13936486840248108,0.0,0.00012405695451889187,-0.35,-0.34999966621398926,-3.1406159982402504,-3.139572858810425,0.0009376975940540433,-1.3004287211515475e-06,-0.002565653994679451
5.076975107192993,-23.2979679107666,25.88734245300293,-0.39990234375,-0.3518652319908142,-0.03195800632238388,-0.707592785358429,-2.999998569216606,8.379476547241211,-0.0029299655828344305,-0.10850546509027481,0.25,-0.13936486840248108,0.0,0.00012405695451889187,-0.35,-0.34999966621398926,-3.1406159982402504,-3.139572858810425,0.0009376975940540433,-1.3004287211515475e-06,-0.002565653994679451
5.081670522689819,-23.2979679107666,26.060585021972656,-0.39990234375,-0.3541308641433716,-0.03195800632238388,-0.7055370807647705,-2.9999987100999945,8.259342193603516,-0.0027819774207395475,-0.10823331773281097,0.25,0.20802274346351624,0.0,0.00012431737559381872,-0.35,-0.34999966621398926,-3.1406653276499736,-3.13962984085083,0.000934959331061691,-2.0075190150237177e-06,-0.002585227135568857
5.0863938331604,-23.2979679107666,26.060585021972656,-0.39990234375,-0.3541308641433716,-0.03195800632238388,-0.7055370807647705,-2.9999987100999945,8.259342193603516,-0.0027819774207395475,-0.10823331773281097,0.25,0.20802274346351624,0.0,0.00012431737559381872,-0.35,-0.34999966621398926,-3.1406653276499736,-3.13962984085083,0.000934959331061691,-2.0075190150237177e-06,-0.002585227135568857
5.090790748596191,-23.2979679107666,26.060585021972656,-0.39990234375,-0.3541308641433716,-0.03195800632238388,-0.7055370807647705,-2.9999987100999945,8.259342193603516,-0.0027819774207395475,-0.10823331773281097,0.25,0.20802274346351624,0.0,0.00012431461072992533,-0.35,-0.34999966621398926,-3.1406653276499736,-3.139639139175415,0.000947268505115062,-2.120912540704012e-06,-0.002592801582068205
5.095510244369507,-23.2979679107666,26.13816261291504,-0.39990234375,-0.35514646768569946,-0.03195800632238388,-0.7035888433456421,-2.999998770574613,8.267888069152832,-0.002715980634944628,-0.10825811326503754,0.25,0.1926693320274353,0.0,0.00012431461072992533,-0.35,-0.34999966621398926,-3.140687326587808,-3.139639139175415,0.000947268505115062,-2.120912540704012e-06,-0.002592801582068205
5.100126266479492,-23.2979679107666,26.13816261291504,-0.39990234375,-0.35514646768569946,-0.03195800632238388,-0.7035888433456421,-2.999998770574613,8.267888069152832,-0.002715980634944628,-0.10825811326503754,0.25,0.1926693320274353,0.0,0.000123890713439323,-0.35,-0.34999966621398926,-3.140687326587808,-3.1396560668945312,0.0010202673729509115,-2.29258375838981e-06,-0.0026025252882391214
5.104884147644043,-23.2979679107666,26.188241958618164,-0.39990234375,-0.3558007776737213,-0.03195800632238388,-0.7025683522224426,-2.999998808673949,8.278669357299805,-0.0026735659497607845,-0.10828610509634018,0.25,0.16829177737236023,0.0,0.000123890713439323,-0.35,-0.34999966621398926,-3.1407014648219067,-3.1396560668945312,0.0010202673729509115,-2.29258375838981e-06,-0.0026025252882391214
5.1095130443573,-23.2979679107666,26.188241958618164,-0.39990234375,-0.3558007776737213,-0.03195800632238388,-0.7025683522224426,-2.999998808673949,8.278669357299805,-0.0026735659497607845,-0.10828610509634018,0.25,0.16829177737236023,0.0,0.00012224752572365105,-0.35,-0.3499997556209564,-3.1407014648219067,-3.139704465866089,0.001038219896145165,-2.2528245153807802e-06,-0.0026137791574001312
5.114198684692383,-23.2979679107666,26.298240661621094,-0.39990234375,-0.3572363257408142,-0.03195800632238388,-0.7002929449081421,-2.9999988899097527,8.278998374938965,-0.0025808022497857156,-0.10829398781061172,0.25,0.1786642074584961,0.0,0.00012182944919914007,-0.35,-0.3499997556209564,-3.1407323860670897,-3.139723539352417,0.0010034171864390373,-2.0266027149773436e-06,-0.002602207940071821
5.1188881397247314,-23.2979679107666,26.298240661621094,-0.39990234375,-0.3572363257408142,-0.03195800632238388,-0.7002929449081421,-2.9999988899097527,8.278998374938965,-0.0025808022497857156,-0.10829398781061172,0.25,0.1786642074584961,0.0,0.00012182944919914007,-0.35,-0.3499997556209564,-3.1407323860670897,-3.139723539352417,0.0010034171864390373,-2.0266027149773436e-06,-0.002602207940071821
5.1238391399383545,-23.2979679107666,26.38933563232422,-0.39990234375,-0.3584277331829071,-0.03195800632238388,-0.6975927352905273,-2.9999989548832504,8.250317573547363,-0.0025041364590768236,-0.1082359030842781,0.25,0.2665378451347351,0.0,0.00012164813961135224,-0.35,-0.3499997556209564,-3.1407579413398374,-3.139740467071533,0.0009762376430444419,-1.5388704923680052e-06,-0.002592259319499135
5.128566026687622,-23.2979679107666,26.38933563232422,-0.39990234375,-0.3584277331829071,-0.03195800632238388,-0.6975927352905273,-2.9999989548832504,8.250317573547363,-0.0025041364590768236,-0.1082359030842781,0.25,0.2665378451347351,0.0,0.00012164813961135224,-0.35,-0.3499997556209564,-3.1407579413398374,-3.139740467071533,0.0009762376430444419,-1.5388704923680052e-06,-0.002592259319499135
5.133601427078247,-23.2979679107666,26.439334869384766,-0.39990234375,-0.35908201336860657,-0.03195800632238388,-0.6959521174430847,-2.9999989896319366,8.250751495361328,-0.0024621550236030554,-0.1082400307059288,0.25,0.2704181373119354,0.0,0.00012150614929851145,-0.35,-0.34999966621398926,-3.140771935156456,-3.139756917953491,0.0009689159924164414,-1.0925646165560465e-06,-0.0025901896879076958
5.138082027435303,-23.2979679107666,26.439334869384766,-0.39990234375,-0.35908201336860657,-0.03195800632238388,-0.6959521174430847,-2.9999989896319366,8.250751495361328,-0.0024621550236030554,-0.1082400307059288,0.25,0.2704181373119354,0.0,0.00012150614929851145,-0.35,-0.34999966621398926,-3.140771935156456,-3.139756917953491,0.0009689159924164414,-1.0925646165560465e-06,-0.0025901896879076958
5.142975568771362,-23.2979679107666,26.439334869384766,-0.39990234375,-0.35908201336860657,-0.03195800632238388,-0.6959521174430847,-2.9999989896319366,8.250751495361328,-0.0024621550236030554,-0.1082400307059288,0.25,0.2704181373119354,0.0,0.00012037901615258306,-0.35,-0.34999966621398926,-3.140771935156456,-3.1398003101348877,0.001027454505674541,2.1938092231721384e-08,-0.0025929035618901253
5.14756965637207,-23.2979679107666,26.570194244384766,-0.39990234375,-0.36079099774360657,-0.03195800632238388,-0.6929247975349426,-2.999999077322655,8.295984268188477,-0.0023528840218125153,-0.10834623873233795,0.25,0.15949895977973938,0.0,0.00012037901615258306,-0.35,-0.34999966621398926,-3.14080835883545,-3.1398003101348877,0.001027454505674541,2.1938092231721384e-08,-0.0025929035618901253
5.152020215988159,-23.2979679107666,26.570194244384766,-0.39990234375,-0.36079099774360657,-0.03195800632238388,-0.6929247975349426,-2.999999077322655,8.295984268188477,-0.0023528840218125153,-0.10834623873233795,0.25,0.15949895977973938,0.0,0.00012018962297588587,-0.35,-0.34999966621398926,-3.14080835883545,-3.1398067474365234,0.0010290708160027862,1.32855859646952e-07,-0.002596598584204912
5.1567018032073975,-23.2979679107666,26.64011573791504,-0.39990234375,-0.36170896887779236,-0.03195800632238388,-0.6918505430221558,-2.999999122588354,8.312925338745117,-0.002294443092998934,-0.1083865836262703,0.25,0.11996161937713623,0.0,0.00012018962297588587,-0.35,-0.34999966621398926,-3.1408278391508984,-3.1398067474365234,0.0010290708160027862,1.32855859646952e-07,-0.002596598584204912
5.161328315734863,-23.2979679107666,26.64011573791504,-0.39990234375,-0.36170896887779236,-0.03195800632238388,-0.6918505430221558,-2.999999122588354,8.312925338745117,-0.002294443092998934,-0.1083865836262703,0.25,0.11996161937713623,0.0,0.00011953539797104895,-0.35,-0.34999966621398926,-3.1408278391508984,-3.139840602874756,0.0009832679061219096,5.731689043386723e-07,-0.0025894157588481903
5.166007995605469,-23.2979679107666,26.689647674560547,-0.39990234375,-0.36235350370407104,-0.03195800632238388,-0.6910790801048279,-2.999999122588354,8.311110496520996,-0.002294443092998934,-0.10838569700717926,0.25,0.12979185581207275,0.0,0.00011953539797104895,-0.35,-0.34999966621398926,-3.1408278391508984,-3.139840602874756,0.0009832679061219096,5.731689043386723e-07,-0.0025894157588481903
5.171099901199341,-23.2979679107666,26.689647674560547,-0.39990234375,-0.36235350370407104,-0.03195800632238388,-0.6910790801048279,-2.9999991536319057,8.311110496520996,-0.0022534879297319167,-0.10838569700717926,0.25,0.12979185581207275,0.0,0.00011944106518058106,-0.35,-0.34999966621398926,-3.1408414908759092,-3.139857053756714,0.0009392537176609039,2.7914353495361865e-08,-0.0025745583698153496
5.175741195678711,-23.2979679107666,26.861328125,-0.39990234375,-0.3645898401737213,-0.03195800632238388,-0.6869677305221558,-2.9999991536319057,8.27255916595459,-0.0022534879297319167,-0.10831603407859802,0.25,0.25214481353759766,0.0,0.00011944106518058106,-0.35,-0.34999966621398926,-3.1408414908759092,-3.139857053756714,0.0009392537176609039,2.7914353495361865e-08,-0.0025745583698153496
5.180466651916504,-23.2979679107666,26.861328125,-0.39990234375,-0.3645898401737213,-0.03195800632238388,-0.6869677305221558,-2.999999256561153,8.27255916595459,-0.00211202095820137,-0.10831603407859802,0.25,0.25214481353759766,0.0,0.00011954745423281565,-0.35,-0.3499997556209564,-3.140888646545572,-3.139897346496582,0.0009254473261535168,-3.252315536883543e-07,-0.0025740517303347588
5.185345411300659,-23.2979679107666,26.861328125,-0.39990234375,-0.3645898401737213,-0.03195800632238388,-0.6869677305221558,-2.999999256561153,8.27255916595459,-0.00211202095820137,-0.10831603407859802,0.25,0.25214481353759766,0.0,0.00011954745423281565,-0.35,-0.3499997556209564,-3.140888646545572,-3.139897346496582,0.0009254473261535168,-3.252315536883543e-07,-0.0025740517303347588
5.190377473831177,-23.2979679107666,26.892303466796875,-0.39990234375,-0.3649999797344208,-0.03195800632238388,-0.6859667897224426,-2.999999274626474,8.268281936645508,-0.0020862024423387742,-0.10830916464328766,0.25,0.26686105132102966,0.0,0.00011963250290136784,-0.35,-0.34999966621398926,-3.140897252719633,-3.139923572540283,0.000930958311073482,-7.6917740443605e-07,-0.0025680060498416424
5.195033311843872,-23.2979679107666,26.892303466796875,-0.39990234375,-0.3649999797344208,-0.03195800632238388,-0.6859667897224426,-2.999999274626474,8.268281936645508,-0.0020862024423387742,-0.10830916464328766,0.25,0.26686105132102966,0.0,0.00011963250290136784,-0.35,-0.34999966621398926,-3.140897252719633,-3.139923572540283,0.000930958311073482,-7.6917740443605e-07,-0.0025680060498416424
5.199622869491577,-23.2979679107666,26.99234390258789,-0.39990234375,-0.3663085997104645,-0.03195800632238388,-0.6826025247573853,-2.9999993306715664,8.276126861572266,-0.0020039885616016345,-0.10833068937063217,0.25,0.2549671530723572,0.0,0.00011934000212932006,-0.35,-0.34999966621398926,-3.140924657352914,-3.1399407386779785,0.0009811221389099956,-1.1873312359966803e-06,-0.002557000145316124
5.204512119293213,-23.2979679107666,26.99234390258789,-0.39990234375,-0.3663085997104645,-0.03195800632238388,-0.6826025247573853,-2.9999993306715664,8.276126861572266,-0.0020039885616016345,-0.10833068937063217,0.25,0.2549671530723572,0.0,0.00011934000212932006,-0.35,-0.34999966621398926,-3.140924657352914,-3.1399407386779785,0.0009811221389099956,-1.1873312359966803e-06,-0.002557000145316124
5.209308385848999,-23.2979679107666,26.99234390258789,-0.39990234375,-0.3663085997104645,-0.03195800632238388,-0.6826025247573853,-2.9999993306715664,8.276126861572266,-0.0020039885616016345,-0.10833068937063217,0.25,0.2549671530723572,0.0,0.00011787583935074508,-0.35,-0.3499997556209564,-3.140924657352914,-3.139983892440796,0.000996792921796441,-1.230678208230529e-06,-0.002499007387086749
5.214018106460571,-23.2979679107666,27.127187728881836,-0.39990234375,-0.36805662512779236,-0.03195800632238388,-0.6795409917831421,-2.999999401727912,8.309965133666992,-0.0018946324627523202,-0.10840562731027603,0.25,0.17495784163475037,0.0,0.00011787583935074508,-0.35,-0.3499997556209564,-3.1409611093935608,-3.139983892440796,0.000996792921796441,-1.230678208230529e-06,-0.002499007387086749
5.218713998794556,-23.2979679107666,27.127187728881836,-0.39990234375,-0.36805662512779236,-0.03195800632238388,-0.6795409917831421,-2.999999401727912,8.309965133666992,-0.0018946324627523202,-0.10840562731027603,0.25,0.17495784163475037,0.0,0.00011772699508583173,-0.35,-0.34999966621398926,-3.1409611093935608,-3.139988899230957,0.0009869079804047942,-1.2282857824175153e-06,-0.0024868901818990707
5.223425626754761,-23.2979679107666,27.192771911621094,-0.39990234375,-0.36891600489616394,-0.03195800632238388,-0.6780468821525574,-2.999999435052359,8.305713653564453,-0.0018411098625784094,-0.10840106755495071,0.25,0.19275033473968506,0.0,0.00011772699508583173,-0.35,-0.34999966621398926,-3.1409789502637437,-3.139988899230957,0.0009869079804047942,-1.2282857824175153e-06,-0.0024868901818990707
5.228252172470093,-23.2979679107666,27.192771911621094,-0.39990234375,-0.36891600489616394,-0.03195800632238388,-0.6780468821525574,-2.999999435052359,8.305713653564453,-0.0018411098625784094,-0.10840106755495071,0.25,0.19275033473968506,0.0,0.00011735816224245355,-0.35,-0.34999966621398926,-3.1409789502637437,-3.1400046348571777,0.000957478245254606,-1.0042031135526486e-06,-0.002455091569572687
5.232806205749512,-23.2979679107666,27.24285125732422,-0.39990234375,-0.3695703148841858,-0.03195800632238388,-0.6765283346176147,-2.999999459731671,8.286149024963379,-0.0018004470783781873,-0.10836619138717651,0.25,0.25103995203971863,0.0,0.00011719416943378747,-0.35,-0.34999966621398926,-3.1409925045276403,-3.1400203704833984,0.0009069512016139925,-9.475452316110022e-07,-0.002410243498161435
5.237410545349121,-23.2979679107666,27.24285125732422,-0.39990234375,-0.3695703148841858,-0.03195800632238388,-0.6765283346176147,-2.999999459731671,8.286149024963379,-0.0018004470783781873,-0.10836619138717651,0.25,0.25103995203971863,0.0,0.00011719416943378747,-0.35,-0.34999966621398926,-3.1409925045276403,-3.1400203704833984,0.0009069512016139925,-9.475452316110022e-07,-0.002410243498161435
5.242372751235962,-23.2979679107666,27.37495994567871,-0.39990234375,-0.3713085949420929,-0.03195800632238388,-0.6709033250808716,-2.999999522381265,8.236335754394531,-0.0016928414519456708,-0.10827913880348206,0.25,0.3998384475708008,0.0,0.00011703387281158939,-0.35,-0.34999966621398926,-3.1410283730758657,-3.140061140060425,0.0008729624678380787,-7.810767783666961e-07,-0.0023700008168816566
5.247308969497681,-23.2979679107666,27.37495994567871,-0.39990234375,-0.3713085949420929,-0.03195800632238388,-0.6709033250808716,-2.999999522381265,8.236335754394531,-0.0016928414519456708,-0.10827913880348206,0.25,0.3998384475708008,0.0,0.00011703387281158939,-0.35,-0.34999966621398926,-3.1410283730758657,-3.140061140060425,0.0008729624678380787,-7.810767783666961e-07,-0.0023700008168816566
5.252307415008545,-23.2979679107666,27.443397521972656,-0.39990234375,-0.37220701575279236,-0.03195800632238388,-0.6676611304283142,-2.9999995531313495,8.242359161376953,-0.001637440595199666,-0.10829423367977142,0.25,0.38964447379112244,0.0,0.00011678347073029727,-0.35,-0.3499997556209564,-3.1410468400309592,-3.1400818824768066,0.0009032692178152502,-5.916244845138863e-07,-0.002373563125729561
5.256887197494507,-23.2979679107666,27.443397521972656,-0.39990234375,-0.37220701575279236,-0.03195800632238388,-0.6676611304283142,-2.9999995531313495,8.242359161376953,-0.001637440595199666,-0.10829423367977142,0.25,0.38964447379112244,0.0,0.00011678347073029727,-0.35,-0.3499997556209564,-3.1410468400309592,-3.1400818824768066,0.0009032692178152502,-5.916244845138863e-07,-0.002373563125729561
5.261582851409912,-23.2979679107666,27.54378890991211,-0.39990234375,-0.37351560592651367,-0.03195800632238388,-0.6638281345367432,-2.9999995959626844,8.279479026794434,-0.0015569918853991771,-0.108367919921875,0.25,0.29703715443611145,0.0,0.0001161608233815059,-0.35,-0.34999966621398926,-3.141073656271361,-3.1400976181030273,0.0009691291488707066,-9.597890766599448e-07,-0.002377493539825082
5.266233682632446,-23.2979679107666,27.54378890991211,-0.39990234375,-0.37351560592651367,-0.03195800632238388,-0.6638281345367432,-2.9999995959626844,8.279479026794434,-0.0015569918853991771,-0.108367919921875,0.25,0.29703715443611145,0.0,0.0001153927732957527,-0.35,-0.34999966621398926,-3.141073656271361,-3.1401124000549316,0.0010005872463807464,-1.2730620255752e-06,-0.0023897322826087475
5.2709760665893555,-23.2979679107666,27.54378890991211,-0.39990234375,-0.37351560592651367,-0.03195800632238388,-0.6638281345367432,-2.9999995959626844,8.279479026794434,-0.0015569918853991771,-0.108367919921875,0.25,0.29703715443611145,0.0,0.0001153927732957527,-0.35,-0.34999966621398926,-3.141073656271361,-3.1401124000549316,0.0010005872463807464,-1.2730620255752e-06,-0.0023897322826087475
5.275846481323242,-23.2979679107666,27.59370994567871,-0.39990234375,-0.3741699159145355,-0.03195800632238388,-0.6622216701507568,-2.9999996165054785,8.301921844482422,-0.0015168938594622389,-0.10841342061758041,0.25,0.24410611391067505,0.0,0.00011352947331033647,-0.35,-0.34999966621398926,-3.1410870222817606,-3.1401567459106445,0.0009826879249885678,-2.0475024484767346e-06,-0.0024560890160501003
5.2806501388549805,-23.2979679107666,27.59370994567871,-0.39990234375,-0.3741699159145355,-0.03195800632238388,-0.6622216701507568,-2.9999996165054785,8.301921844482422,-0.0015168938594622389,-0.10841342061758041,0.25,0.24410611391067505,0.0,0.00011352947331033647,-0.35,-0.34999966621398926,-3.1410870222817606,-3.1401567459106445,0.0009826879249885678,-2.0475024484767346e-06,-0.0024560890160501003
5.285366535186768,-23.2979679107666,27.700389862060547,-0.39990234375,-0.37556639313697815,-0.03195800632238388,-0.659228503704071,-2.9999996584333717,8.312405586242676,-0.0014315724410568246,-0.10843516141176224,0.25,0.2208269238471985,0.0,0.00011338258627802134,-0.35,-0.34999966621398926,-3.1411154627579974,-3.1401615142822266,0.0009776372462511063,-2.126451363437809e-06,-0.0024643116630613804
5.289793491363525,-23.2979679107666,27.700389862060547,-0.39990234375,-0.37556639313697815,-0.03195800632238388,-0.659228503704071,-2.9999996584333717,8.312405586242676,-0.0014315724410568246,-0.10843516141176224,0.25,0.2208269238471985,0.0,0.00011311681009829044,-0.35,-0.34999966621398926,-3.1411154627579974,-3.1401913166046143,0.0009115166030824184,-2.2268982320383657e-06,-0.0024740654043853283
5.294637203216553,-23.2979679107666,27.7950382232666,-0.39990234375,-0.3767968714237213,-0.03195800632238388,-0.6562255620956421,-2.999999693240527,8.29439640045166,-0.0013566711989734968,-0.10840842872858047,0.25,0.27856799960136414,0.0,0.00011311681009829044,-0.35,-0.34999966621398926,-3.1411404298413883,-3.1401913166046143,0.0009115166030824184,-2.2268982320383657e-06,-0.0024740654043853283
5.299506902694702,-23.2979679107666,27.7950382232666,-0.39990234375,-0.3767968714237213,-0.03195800632238388,-0.6562255620956421,-2.999999693240527,8.29439640045166,-0.0013566711989734968,-0.10840842872858047,0.25,0.27856799960136414,0.0,0.00011311681009829044,-0.35,-0.34999966621398926,-3.1411404298413883,-3.1401913166046143,0.0009115166030824184,-2.2268982320383657e-06,-0.0024740654043853283
5.304304122924805,-23.2979679107666,27.933982849121094,-0.39990234375,-0.3786035180091858,-0.03195800632238388,-0.6510351300239563,-2.9999997407488226,8.307032585144043,-0.0012471996625727701,-0.10843626409769058,0.25,0.2561044991016388,0.0,0.00011311681009829044,-0.35,-0.34999966621398926,-3.14117692035696,-3.1401913166046143,0.0009115166030824184,-2.2268982320383657e-06,-0.0024740654043853283
5.309215307235718,-23.2979679107666,27.933982849121094,-0.39990234375,-0.3786035180091858,-0.03195800632238388,-0.6510351300239563,-2.9999997407488226,8.307032585144043,-0.0012471996625727701,-0.10843626409769058,0.25,0.2561044991016388,0.0,0.00011346681276336312,-0.35,-0.34999966621398926,-3.14117692035696,-3.14023494720459,0.0008903700509108603,-2.073795030810288e-06,-0.002426472259685397
5.313888788223267,-23.2979679107666,27.933982849121094,-0.39990234375,-0.3786035180091858,-0.03195800632238388,-0.6510351300239563,-2.9999997407488226,8.307032585144043,-0.0012471996625727701,-0.10843626409769058,0.25,0.2561044991016388,0.0,0.00011346681276336312,-0.35,-0.34999966621398926,-3.14117692035696,-3.14023494720459,0.0008903700509108603,-2.073795030810288e-06,-0.002426472259685397
5.319000720977783,-23.2979679107666,27.956289291381836,-0.39990234375,-0.37889647483825684,-0.03195800632238388,-0.6504150032997131,-2.999999748051012,8.31669807434082,-0.0012295096033543068,-0.10845362395048141,0.25,0.23153989017009735,0.0,0.00011331585119478405,-0.35,-0.34999966621398926,-3.1411828170438687,-3.140254497528076,0.0008966493769548833,-2.0259358279872686e-06,-0.002397809410467744
5.32374119758606,-23.2979679107666,27.956289291381836,-0.39990234375,-0.37889647483825684,-0.03195800632238388,-0.6504150032997131,-2.999999748051012,8.31669807434082,-0.0012295096033543068,-0.10845362395048141,0.25,0.23153989017009735,0.0,0.00011312543210806325,-0.35,-0.34999966621398926,-3.1411828170438687,-3.1402692794799805,0.0009007422486320138,-2.0644863525376422e-06,-0.002381010679528117
5.328643560409546,-23.2979679107666,28.04656219482422,-0.39990234375,-0.3800683617591858,-0.03195800632238388,-0.648388683795929,-2.999999776167744,8.34034252166748,-0.0011588759583662776,-0.10849755257368088,0.25,0.17449824512004852,0.0,0.00011312543210806325,-0.35,-0.34999966621398926,-3.141206361594064,-3.1402692794799805,0.0009007422486320138,-2.0644863525376422e-06,-0.002381010679528117
5.333623886108398,-23.2979679107666,28.04656219482422,-0.39990234375,-0.3800683617591858,-0.03195800632238388,-0.648388683795929,-2.999999776167744,8.34034252166748,-0.0011588759583662776,-0.10849755257368088,0.25,0.17449824512004852,0.0,0.00011312543210806325,-0.35,-0.34999966621398926,-3.141206361594064,-3.1402692794799805,0.0009007422486320138,-2.0644863525376422e-06,-0.002381010679528117
5.338351488113403,-23.2979679107666,28.09683609008789,-0.39990234375,-0.38072264194488525,-0.03195800632238388,-0.6474560499191284,-2.9999997911009397,8.349096298217773,-0.0011195509454181667,-0.1085144430398941,0.25,0.1548011153936386,0.0,0.00011289059330010787,-0.35,-0.34999966621398926,-3.1412194699326585,-3.140284776687622,0.0009049042128026485,-1.8091302536049625e-06,-0.002372080460190773
5.343227863311768,-23.2979679107666,28.09683609008789,-0.39990234375,-0.38072264194488525,-0.03195800632238388,-0.6474560499191284,-2.9999997911009397,8.349096298217773,-0.0011195509454181667,-0.1085144430398941,0.25,0.1548011153936386,0.0,0.00011289059330010787,-0.35,-0.34999966621398926,-3.1412194699326585,-3.140284776687622,0.0009049042128026485,-1.8091302536049625e-06,-0.002372080460190773
5.347843647003174,-23.2979679107666,28.09683609008789,-0.39990234375,-0.38072264194488525,-0.03195800632238388,-0.6474560499191284,-2.9999997911009397,8.349096298217773,-0.0011195509454181667,-0.1085144430398941,0.25,0.1548011153936386,0.0,0.00011216433631489053,-0.35,-0.34999966621398926,-3.1412194699326585,-3.1403298377990723,0.0009050718508660793,-1.1150824548167293e-06,-0.002377858618274331
5.352288484573364,-23.2979679107666,28.263944625854492,-0.39990234375,-0.3829101622104645,-0.03195800632238388,-0.6437939405441284,-2.9999998370961056,8.330061912536621,-0.0009886472270452798,-0.10849204659461975,0.25,0.22108863294124603,0.0,0.00011199130676686764,-0.35,-0.34999966621398926,-3.1412631045081465,-3.140345811843872,0.0008930853800848126,-9.61919113251497e-07,-0.00237738573923707
5.356910228729248,-23.2979679107666,28.263944625854492,-0.39990234375,-0.3829101622104645,-0.03195800632238388,-0.6437939405441284,-2.9999998370961056,8.330061912536621,-0.0009886472270452798,-0.10849204659461975,0.25,0.22108863294124603,0.0,0.00011199130676686764,-0.35,-0.34999966621398926,-3.1412631045081465,-3.140345811843872,0.0008930853800848126,-9.61919113251497e-07,-0.00237738573923707
5.361782073974609,-23.2979679107666,28.3507022857666,-0.39990234375,-0.3840429484844208,-0.03195800632238388,-0.6407861113548279,-2.9999998585684873,8.30030345916748,-0.000921188936185529,-0.10844936221837997,0.25,0.30991947650909424,0.0,0.00011187476047780365,-0.35,-0.34999966621398926,-3.1412855906062394,-3.140361785888672,0.0008854775805957615,-8.898333589968388e-07,-0.0023747989907860756
5.366879224777222,-23.2979679107666,28.3507022857666,-0.39990234375,-0.3840429484844208,-0.03195800632238388,-0.6407861113548279,-2.9999998585684873,8.30030345916748,-0.000921188936185529,-0.10844936221837997,0.25,0.30991947650909424,0.0,0.00011187476047780365,-0.35,-0.34999966621398926,-3.1412855906062394,-3.140361785888672,0.0008854775805957615,-8.898333589968388e-07,-0.0023747989907860756
5.3716349601745605,-23.2979679107666,28.3994140625,-0.39990234375,-0.3846777379512787,-0.03195800632238388,-0.6392187476158142,-2.9999998699093022,8.32781982421875,-0.0008834841083287589,-0.10849636793136597,0.25,0.24241825938224792,0.0,0.00011187476047780365,-0.35,-0.34999966621398926,-3.14129815888276,-3.140361785888672,0.0008854775805957615,-8.898333589968388e-07,-0.0023747989907860756
5.376025676727295,-23.2979679107666,28.3994140625,-0.39990234375,-0.3846777379512787,-0.03195800632238388,-0.6392187476158142,-2.9999998699093022,8.32781982421875,-0.0008834841083287589,-0.10849636793136597,0.25,0.24241825938224792,0.0,0.00011077366798417643,-0.35,-0.34999966621398926,-3.14129815888276,-3.1404049396514893,0.0009376519592478871,-1.00084889709251e-06,-0.0023732392583042383
5.380746841430664,-23.2979679107666,28.509218215942383,-0.39990234375,-0.3861035108566284,-0.03195800632238388,-0.6361962556838989,-2.9999998935866934,8.339639663696289,-0.0007990493270659605,-0.10851722210645676,0.25,0.2152218371629715,0.0,0.00011063341662520543,-0.35,-0.34999966621398926,-3.1413263038109553,-3.140409469604492,0.0009378758259117603,-1.0790274700411828e-06,-0.002375449053943157
5.38547158241272,-23.2979679107666,28.509218215942383,-0.39990234375,-0.3861035108566284,-0.03195800632238388,-0.6361962556838989,-2.9999998935866934,8.339639663696289,-0.0007990493270659605,-0.10851722210645676,0.25,0.2152218371629715,0.0,0.00011063341662520543,-0.35,-0.34999966621398926,-3.1413263038109553,-3.140409469604492,0.0009378758259117603,-1.0790274700411828e-06,-0.002375449053943157
5.390380620956421,-23.2979679107666,28.509218215942383,-0.39990234375,-0.3861035108566284,-0.03195800632238388,-0.6361962556838989,-2.9999998935866934,8.339639663696289,-0.0007990493270659605,-0.10851722210645676,0.25,0.2152218371629715,0.0,0.00011063341662520543,-0.35,-0.34999966621398926,-3.1413263038109553,-3.140409469604492,0.0009378758259117603,-1.0790274700411828e-06,-0.002375449053943157
5.39517879486084,-23.2979679107666,28.60042953491211,-0.39990234375,-0.3872949182987213,-0.03195800632238388,-0.6335400342941284,-2.9999999114810683,8.32828426361084,-0.0007287753976880402,-0.10850441455841064,0.25,0.25379854440689087,0.0,0.00011015174823114648,-0.35,-0.34999966621398926,-3.1413497284548413,-3.140437126159668,0.0008979276171885431,-1.3828791907144478e-06,-0.0023594636004418135
5.399853229522705,-23.2979679107666,28.60042953491211,-0.39990234375,-0.3872949182987213,-0.03195800632238388,-0.6335400342941284,-2.9999999114810683,8.32828426361084,-0.0007287753976880402,-0.10850441455841064,0.25,0.25379854440689087,0.0,0.0001100138615584001,-0.35,-0.34999966621398926,-3.1413497284548413,-3.1404528617858887,0.0008821028168313205,-1.672622829573811e-06,-0.002355758333578706
5.404558420181274,-23.2979679107666,28.652109146118164,-0.39990234375,-0.3879687488079071,-0.03195800632238388,-0.6317529082298279,-2.9999999208480834,8.317549705505371,-0.000689138224809434,-0.1084909439086914,0.25,0.28742358088493347,0.0,0.0001100138615584001,-0.35,-0.34999966621398926,-3.14136294084617,-3.1404528617858887,0.0008821028168313205,-1.672622829573811e-06,-0.002355758333578706
5.409435510635376,-23.2979679107666,28.652109146118164,-0.39990234375,-0.3879687488079071,-0.03195800632238388,-0.6317529082298279,-2.9999999208480834,8.317549705505371,-0.000689138224809434,-0.1084909439086914,0.25,0.28742358088493347,0.0,0.00010987462883349508,-0.35,-0.34999966621398926,-3.14136294084617,-3.1404948234558105,0.0008638306753709912,-2.1951086637272965e-06,-0.0023543951101601124
5.414698839187622,-23.2979679107666,28.806522369384766,-0.39990234375,-0.3899902403354645,-0.03195800632238388,-0.6249755620956421,-2.9999999457159063,8.27818489074707,-0.0005707053182109408,-0.10844124853610992,0.25,0.40778765082359314,0.0,0.00010987462883349508,-0.35,-0.34999966621398926,-3.1414024184825755,-3.1404948234558105,0.0008638306753709912,-2.1951086637272965e-06,-0.0023543951101601124
5.419337272644043,-23.2979679107666,28.806522369384766,-0.39990234375,-0.3899902403354645,-0.03195800632238388,-0.6249755620956421,-2.9999999457159063,8.27818489074707,-0.0005707053182109408,-0.10844124853610992,0.25,0.40778765082359314,0.0,0.00010986799316015095,-0.35,-0.3499995172023773,-3.1414024184825755,-3.1404993534088135,0.0008634129771962762,-2.247832526336424e-06,-0.0023549862671643496
5.424577474594116,-23.2979679107666,28.853397369384766,-0.39990234375,-0.39060544967651367,-0.03195800632238388,-0.6224609017372131,-2.9999999523310428,8.266412734985352,-0.0005348025239115192,-0.1084267720580101,0.25,0.4438173472881317,0.0,0.00010986799316015095,-0.35,-0.3499995172023773,-3.1414143860808785,-3.1404993534088135,0.0008634129771962762,-2.247832526336424e-06,-0.0023549862671643496
5.429495811462402,-23.2979679107666,28.853397369384766,-0.39990234375,-0.39060544967651367,-0.03195800632238388,-0.6224609017372131,-2.9999999523310428,8.266412734985352,-0.0005348025239115192,-0.1084267720580101,0.25,0.4438173472881317,0.0,0.00010951690637739375,-0.35,-0.34999966621398926,-3.1414143860808785,-3.140528917312622,0.0009088921942748129,-2.6246759716741508e-06,-0.002346938708797097
5.434432744979858,-23.2979679107666,28.95472526550293,-0.39990234375,-0.3919335901737213,-0.03195800632238388,-0.617749035358429,-2.999999965113718,8.305212020874023,-0.00045751250313870527,-0.10848668217658997,0.25,0.3490025997161865,0.0,0.0001090649384423159,-0.35,-0.34999987483024597,-3.141440149421489,-3.1405439376831055,0.0009353077039122581,-2.370785978200729e-06,-0.002339774277061224
5.438888788223267,-23.2979679107666,28.95472526550293,-0.39990234375,-0.3919335901737213,-0.03195800632238388,-0.617749035358429,-2.999999965113718,8.305212020874023,-0.00045751250313870527,-0.10848668217658997,0.25,0.3490025997161865,0.0,0.0001090649384423159,-0.35,-0.34999987483024597,-3.141440149421489,-3.1405439376831055,0.0009353077039122581,-2.370785978200729e-06,-0.002339774277061224
5.443317174911499,-23.2979679107666,28.95472526550293,-0.39990234375,-0.3919335901737213,-0.03195800632238388,-0.617749035358429,-2.999999965113718,8.305212020874023,-0.00045751250313870527,-0.10848668217658997,0.25,0.3490025997161865,0.0,0.0001090649384423159,-0.35,-0.34999987483024597,-3.141440149421489,-3.1405439376831055,0.0009353077039122581,-2.370785978200729e-06,-0.002339774277061224
5.448061943054199,-23.2979679107666,29.059295654296875,-0.39990234375,-0.39330077171325684,-0.03195800632238388,-0.6135058403015137,-2.99999997615309,8.316201210021973,-0.00037826109701419146,-0.10850399732589722,0.25,0.3236134350299835,0.0,0.0001080711735994555,-0.35,-0.3499997556209564,-3.141466566557121,-3.140575647354126,0.0009294016053900123,-2.103063025060692e-06,-0.002337696962058544
5.452911615371704,-23.2979679107666,29.059295654296875,-0.39990234375,-0.39330077171325684,-0.03195800632238388,-0.6135058403015137,-2.99999997615309,8.316201210021973,-0.00037826109701419146,-0.10850399732589722,0.25,0.3236134350299835,0.0,0.00010771639063023031,-0.35,-0.34999987483024597,-3.141466566557121,-3.140589475631714,0.0009163220529444516,-1.7303188997175312e-06,-0.002334984252229333
5.45738410949707,-23.2979679107666,29.15523338317871,-0.39990234375,-0.39455077052116394,-0.03195800632238388,-0.6100000143051147,-2.9999999843861427,8.327287673950195,-0.00030607702117185147,-0.10852265357971191,0.25,0.30068543553352356,0.0,0.00010771639063023031,-0.35,-0.34999987483024597,-3.1414906279158923,-3.140589475631714,0.0009163220529444516,-1.7303188997175312e-06,-0.002334984252229333
5.4620397090911865,-23.2979679107666,29.15523338317871,-0.39990234375,-0.39455077052116394,-0.03195800632238388,-0.6100000143051147,-2.9999999843861427,8.327287673950195,-0.00030607702117185147,-0.10852265357971191,0.25,0.30068543553352356,0.0,0.00010771639063023031,-0.35,-0.34999987483024597,-3.1414906279158923,-3.140589475631714,0.0009163220529444516,-1.7303188997175312e-06,-0.002334984252229333
5.466551303863525,-23.2979679107666,29.204999923706055,-0.39990234375,-0.3951953053474426,-0.03195800632238388,-0.6079638600349426,-2.9999999879435615,8.314299583435059,-0.00026895841765451175,-0.10850783437490463,0.25,0.3401193618774414,0.0,0.00010732391092460603,-0.35,-0.34999987483024597,-3.1415030007837883,-3.1406188011169434,0.0008594783721491694,-1.142108885687776e-06,-0.0023082438856363297
5.471253156661987,-23.2979679107666,29.204999923706055,-0.39990234375,-0.3951953053474426,-0.03195800632238388,-0.6079638600349426,-2.9999999879435615,8.314299583435059,-0.00026895841765451175,-0.10850783437490463,0.25,0.3401193618774414,0.0,0.00010732391092460603,-0.35,-0.34999987483024597,-3.1415030007837883,-3.1406188011169434,0.0008594783721491694,-1.142108885687776e-06,-0.0023082438856363297
5.475839853286743,-23.2979679107666,29.204999923706055,-0.39990234375,-0.3951953053474426,-0.03195800632238388,-0.6079638600349426,-2.9999999879435615,8.314299583435059,-0.00026895841765451175,-0.10850783437490463,0.25,0.3401193618774414,0.0,0.00010732391092460603,-0.35,-0.34999987483024597,-3.1415030007837883,-3.1406188011169434,0.0008594783721491694,-1.142108885687776e-06,-0.0023082438856363297
5.480681657791138,-23.2979679107666,29.349178314208984,-0.39990234375,-0.39708006381988525,-0.03195800632238388,-0.6014550924301147,-2.9999999956893597,8.325862884521484,-0.00016082238801668007,-0.10852755606174469,0.25,0.3194473683834076,0.0,0.00010731193469837308,-0.35,-0.34999966621398926,-3.1415390461270953,-3.1406660079956055,0.0008426912245340645,-8.765407528699143e-07,-0.0022038198076188564
5.485468626022339,-23.2979679107666,29.349178314208984,-0.39990234375,-0.39708006381988525,-0.03195800632238388,-0.6014550924301147,-2.9999999956893597,8.325862884521484,-0.00016082238801668007,-0.10852755606174469,0.25,0.3194473683834076,0.0,0.00010731193469837308,-0.35,-0.34999966621398926,-3.1415390461270953,-3.1406660079956055,0.0008426912245340645,-8.765407528699143e-07,-0.0022038198076188564
5.490489721298218,-23.2979679107666,29.406484603881836,-0.39990234375,-0.3978222608566284,-0.03195800632238388,-0.5995800495147705,-2.9999999976635423,8.348845481872559,-0.00011840078736274345,-0.10855818539857864,0.25,0.2607579827308655,0.0,0.00010667246533557773,-0.35,-0.34999966621398926,-3.141553186660662,-3.1406900882720947,0.0008487929590046406,-1.3384783414949197e-06,-0.002157534472644329
5.496502876281738,-23.2979679107666,29.406484603881836,-0.39990234375,-0.3978222608566284,-0.03195800632238388,-0.5995800495147705,-2.9999999976635423,8.348845481872559,-0.00011840078736274345,-0.10855818539857864,0.25,0.2607579827308655,0.0,0.00010667246533557773,-0.35,-0.34999966621398926,-3.141553186660662,-3.1406900882720947,0.0008487929590046406,-1.3384783414949197e-06,-0.002157534472644329
5.501136541366577,-23.2979679107666,29.45652198791504,-0.39990234375,-0.3984765410423279,-0.03195800632238388,-0.5981737971305847,-2.9999999989043014,8.359646797180176,-8.108140424916113e-05,-0.10857335478067398,0.25,0.23490144312381744,0.0,0.00010667246533557773,-0.35,-0.34999966621398926,-3.1415656264550402,-3.1406900882720947,0.0008487929590046406,-1.3384783414949197e-06,-0.002157534472644329
5.505764007568359,-23.2979679107666,29.45652198791504,-0.39990234375,-0.3984765410423279,-0.03195800632238388,-0.5981737971305847,-2.9999999989043014,8.359646797180176,-8.108140424916113e-05,-0.10857335478067398,0.25,0.23490144312381744,0.0,0.00010667246533557773,-0.35,-0.34999966621398926,-3.1415656264550402,-3.1406900882720947,0.0008487929590046406,-1.3384783414949197e-06,-0.002157534472644329
5.510205268859863,-23.2979679107666,29.45652198791504,-0.39990234375,-0.3984765410423279,-0.03195800632238388,-0.5981737971305847,-2.9999999989043014,8.359646797180176,-8.108140424916113e-05,-0.10857335478067398,0.25,0.23490144312381744,0.0,0.00010667246533557773,-0.35,-0.34999966621398926,-3.1415656264550402,-3.1406900882720947,0.0008487929590046406,-1.3384783414949197e-06,-0.002157534472644329
5.515301942825317,-23.2979679107666,29.611873626708984,-0.39990234375,-0.4004785120487213,-0.03195800632238388,-0.5942040681838989,-2.9999999998221245,8.36881160736084,3.266887304514893e-05,-0.10859041661024094,0.25,0.2212875485420227,0.0,0.0001054213716997765,-0.35,-0.34999966621398926,3.1415817639654446,-3.140732765197754,0.0008486881270073354,-1.115832787945692e-06,-0.0021429432090371847
5.520810604095459,-23.2979679107666,29.71089744567871,-0.39990234375,-0.4017675817012787,-0.03195800632238388,-0.5911181569099426,-2.9999999998221245,8.351420402526855,3.266887304514893e-05,-0.10857399553060532,0.25,0.2762071490287781,0.0,0.00010506645776331425,-0.35,-0.34999966621398926,3.1415817639654446,-3.1407456398010254,0.0008481470867991447,-8.632558774479548e-07,-0.002154373796656728
5.525387525558472,-23.2979679107666,29.71089744567871,-0.39990234375,-0.4017675817012787,-0.03195800632238388,-0.5911181569099426,-2.9999999981427825,8.351420402526855,0.00010556184918842927,-0.10857399553060532,0.25,0.2762071490287781,0.0,0.0001047305777319707,-0.35,-0.34999966621398926,3.141557466306723,-3.1407599449157715,0.0008465231512673199,-1.1213722928005154e-06,-0.0021682584192603827
5.530125617980957,-23.2979679107666,29.71089744567871,-0.39990234375,-0.4017675817012787,-0.03195800632238388,-0.5911181569099426,-2.9999999981427825,8.351420402526855,0.00010556184918842927,-0.10857399553060532,0.25,0.2762071490287781,0.0,0.0001047305777319707,-0.35,-0.34999966621398926,3.141557466306723,-3.1407599449157715,0.0008465231512673199,-1.1213722928005154e-06,-0.0021682584192603827
5.535046100616455,-23.2979679107666,29.760623931884766,-0.39990234375,-0.402412086725235,-0.03195800632238388,-0.5890576243400574,-2.9999999966438735,8.327507972717285,0.00014190404712562723,-0.10854868590831757,0.25,0.34537145495414734,0.0,0.00010455970914335921,-0.35,-0.34999966621398926,3.1415453522407337,-3.1407737731933594,0.0008181197918020189,-1.180960225610761e-06,-0.002162863500416279
5.53987979888916,-23.2979679107666,29.760623931884766,-0.39990234375,-0.402412086725235,-0.03195800632238388,-0.5890576243400574,-2.9999999966438735,8.327507972717285,0.00014190404712562723,-0.10854868590831757,0.25,0.34537145495414734,0.0,0.00010455970914335921,-0.35,-0.34999966621398926,3.1415453522407337,-3.1407737731933594,0.0008181197918020189,-1.180960225610761e-06,-0.002162863500416279
5.544633150100708,-23.2979679107666,29.904375076293945,-0.39990234375,-0.40428709983825684,-0.03195800632238388,-0.5827441215515137,-2.999999989811257,8.345157623291016,0.00024724979167413446,-0.10857261717319489,0.25,0.30739349126815796,0.0,0.00010372843098593876,-0.35,-0.34999966621398926,3.1415102369924752,-3.140813112258911,0.0008783657685853541,-1.6608881878710235e-06,-0.002162826480343938
5.549154281616211,-23.2979679107666,29.904375076293945,-0.39990234375,-0.40428709983825684,-0.03195800632238388,-0.5827441215515137,-2.999999989811257,8.345157623291016,0.00024724979167413446,-0.10857261717319489,0.25,0.30739349126815796,0.0,0.00010372843098593876,-0.35,-0.34999966621398926,3.1415102369924752,-3.140813112258911,0.0008783657685853541,-1.6608881878710235e-06,-0.002162826480343938
5.554049015045166,-23.2979679107666,29.96222496032715,-0.39990234375,-0.4050390422344208,-0.03195800632238388,-0.5810693502426147,-2.999999986047439,8.375526428222656,0.0002893360791777045,-0.10860710591077805,0.25,0.22826378047466278,0.0,0.00010290773934684694,-0.35,-0.34999966621398926,3.141496208229918,-3.140828847885132,0.0009142510825768113,-1.5312959931179648e-06,-0.002163303317502141
5.558898448944092,-23.2979679107666,29.96222496032715,-0.39990234375,-0.4050390422344208,-0.03195800632238388,-0.5810693502426147,-2.999999986047439,8.375526428222656,0.0002893360791777045,-0.10860710591077805,0.25,0.22826378047466278,0.0,0.00010290773934684694,-0.35,-0.34999966621398926,3.141496208229918,-3.140828847885132,0.0009142510825768113,-1.5312959931179648e-06,-0.002163303317502141
5.563693284988403,-23.2979679107666,29.96222496032715,-0.39990234375,-0.4050390422344208,-0.03195800632238388,-0.5810693502426147,-2.999999986047439,8.375526428222656,0.0002893360791777045,-0.10860710591077805,0.25,0.22826378047466278,0.0,0.00010217202361673117,-0.35,-0.34999966621398926,3.141496208229918,-3.140843152999878,0.0009036877891048789,-1.1176858834005543e-06,-0.0021468368358910084
5.568290948867798,-23.2979679107666,30.013671875,-0.39990234375,-0.4057031273841858,-0.03195800632238388,-0.5799023509025574,-2.9999999822409182,8.390546798706055,0.0003264268529250137,-0.10862469673156738,0.25,0.19072917103767395,0.0,0.00010217202361673117,-0.35,-0.34999966621398926,3.1414838446386035,-3.140843152999878,0.0009036877891048789,-1.1176858834005543e-06,-0.0021468368358910084
5.573168039321899,-23.2979679107666,30.013671875,-0.39990234375,-0.4057031273841858,-0.03195800632238388,-0.5799023509025574,-2.9999999822409182,8.390546798706055,0.0003264268529250137,-0.10862469673156738,0.25,0.19072917103767395,0.0,0.00010086262773256749,-0.35,-0.34999966621398926,3.1414838446386035,-3.140880584716797,0.0008253002306446433,-7.992019845914911e-07,-0.002097821794450283
5.577945709228516,-23.2979679107666,30.171287536621094,-0.39990234375,-0.40773436427116394,-0.03195800632238388,-0.576000988483429,-2.999999967816697,8.378925323486328,0.0004394312416515386,-0.10861790180206299,0.25,0.2336091250181198,0.0,0.00010086262773256749,-0.35,-0.34999966621398926,3.141446176508719,-3.140880584716797,0.0008253002306446433,-7.992019845914911e-07,-0.002097821794450283
5.5827484130859375,-23.2979679107666,30.171287536621094,-0.39990234375,-0.40773436427116394,-0.03195800632238388,-0.576000988483429,-2.999999967816697,8.378925323486328,0.0004394312416515386,-0.10861790180206299,0.25,0.2336091250181198,0.0,0.00010074434976559132,-0.35,-0.34999966621398926,3.141446176508719,-3.1408851146698,0.000818757398519665,-8.094160648397519e-07,-0.0020974313374608755
5.587813377380371,-23.2979679107666,30.218671798706055,-0.39990234375,-0.4083496034145355,-0.03195800632238388,-0.5744775533676147,-2.9999999626280927,8.367122650146484,0.0004735308273367436,-0.10860759764909744,0.25,0.2692491114139557,0.0,0.00010054107406176627,-0.35,-0.34999966621398926,3.1414348099800256,-3.140897750854492,0.0008030364406295121,-9.192568768412457e-07,-0.0021016323007643223
5.592331171035767,-23.2979679107666,30.218671798706055,-0.39990234375,-0.4083496034145355,-0.03195800632238388,-0.5744775533676147,-2.9999999626280927,8.367122650146484,0.0004735308273367436,-0.10860759764909744,0.25,0.2692491114139557,0.0,0.00010054107406176627,-0.35,-0.34999966621398926,3.1414348099800256,-3.140897750854492,0.0008030364406295121,-9.192568768412457e-07,-0.0021016323007643223
5.597016334533691,-23.2979679107666,30.318944931030273,-0.39990234375,-0.40964841842651367,-0.03195800632238388,-0.572094738483429,-2.9999999504381956,8.401305198669434,0.0005453171769279383,-0.10864397138357162,0.25,0.1824599802494049,0.0,9.989083628170192e-05,-0.35,-0.34999966621398926,3.141410881196483,-3.1409244537353516,0.0008290865225717425,-1.3283035968925105e-06,-0.002117448952049017
5.601728916168213,-23.2979679107666,30.318944931030273,-0.39990234375,-0.40964841842651367,-0.03195800632238388,-0.572094738483429,-2.9999999504381956,8.401305198669434,0.0005453171769279383,-0.10864397138357162,0.25,0.1824599802494049,0.0,9.989083628170192e-05,-0.35,-0.34999966621398926,3.141410881196483,-3.1409244537353516,0.0008290865225717425,-1.3283035968925105e-06,-0.002117448952049017
5.606625556945801,-23.2979679107666,30.318944931030273,-0.39990234375,-0.40964841842651367,-0.03195800632238388,-0.572094738483429,-2.9999999504381956,8.401305198669434,0.0005453171769279383,-0.10864397138357162,0.25,0.1824599802494049,0.0,9.936939022736624e-05,-0.35,-0.34999966621398926,3.141410881196483,-3.1409389972686768,0.0008651779498904943,-1.8086952877638396e-06,-0.0021381652913987637
5.611081123352051,-23.2979679107666,30.45882797241211,-0.39990234375,-0.411445289850235,-0.03195800632238388,-0.5712451338768005,-2.999999930839547,8.470061302185059,0.0006441759954891788,-0.1087125837802887,0.25,0.0034304047003388405,0.0,9.936939022736624e-05,-0.35,-0.34999966621398926,3.1413779282563135,-3.1409389972686768,0.0008651779498904943,-1.8086952877638396e-06,-0.0021381652913987637
5.615740060806274,-23.2979679107666,30.45882797241211,-0.39990234375,-0.411445289850235,-0.03195800632238388,-0.5712451338768005,-2.999999930839547,8.470061302185059,0.0006441759954891788,-0.1087125837802887,0.25,0.0034304047003388405,0.0,9.842189319897443e-05,-0.35,-0.34999966621398926,3.1413779282563135,-3.1409671306610107,0.0008565661264583468,-2.109735532940249e-06,-0.002160767326131463
5.620633363723755,-23.2979679107666,30.4757022857666,-0.39990234375,-0.4116601347923279,-0.03195800632238388,-0.5712695121765137,-2.9999999282860967,8.475833892822266,0.0006559599178342072,-0.10871829837560654,0.25,-0.01126524992287159,0.0,9.842189319897443e-05,-0.35,-0.34999966621398926,3.1413740002821062,-3.1409671306610107,0.0008565661264583468,-2.109735532940249e-06,-0.002160767326131463
5.625435829162598,-23.2979679107666,30.4757022857666,-0.39990234375,-0.4116601347923279,-0.03195800632238388,-0.5712695121765137,-2.9999999282860967,8.475833892822266,0.0006559599178342072,-0.10871829837560654,0.25,-0.01126524992287159,0.0,9.816871170187369e-05,-0.35,-0.34999966621398926,3.1413740002821062,-3.1409807205200195,0.0008381274528801441,-2.2065009943617042e-06,-0.002176453825086355
5.630425930023193,-23.2979679107666,30.57535171508789,-0.39990234375,-0.4129394292831421,-0.03195800632238388,-0.5717187523841858,-2.9999999121574783,8.4869966506958,0.0007259856219343651,-0.10873106122016907,0.25,-0.0352497361600399,0.0,9.807661263039336e-05,-0.35,-0.34999966621398926,3.14135065838012,-3.1409945487976074,0.0008161058067344129,-2.2937956600799225e-06,-0.002193259308114648
5.635350942611694,-23.2979679107666,30.57535171508789,-0.39990234375,-0.4129394292831421,-0.03195800632238388,-0.5717187523841858,-2.9999999121574783,8.4869966506958,0.0007259856219343651,-0.10873106122016907,0.25,-0.0352497361600399,0.0,9.807661263039336e-05,-0.35,-0.34999966621398926,3.14135065838012,-3.1409945487976074,0.0008161058067344129,-2.2937956600799225e-06,-0.002193259308114648
5.6401402950286865,-23.2979679107666,30.57535171508789,-0.39990234375,-0.4129394292831421,-0.03195800632238388,-0.5717187523841858,-2.9999999121574783,8.4869966506958,0.0007259856219343651,-0.10873106122016907,0.25,-0.0352497361600399,0.0,9.807661263039336e-05,-0.35,-0.34999966621398926,3.14135065838012,-3.1409945487976074,0.0008161058067344129,-2.2937956600799225e-06,-0.002193259308114648
5.644874095916748,-23.2979679107666,30.71855354309082,-0.39990234375,-0.414794921875,-0.03195800632238388,-0.5699120759963989,-2.9999998859808548,8.403267860412598,0.0008271123625604145,-0.10866239666938782,0.25,0.2036450207233429,0.0,9.912319364957511e-05,-0.35,-0.34999966621398926,3.141316949465447,-3.14103364944458,0.0006823217263445258,-2.1802761693834327e-06,-0.0021466840989887714
5.649893283843994,-23.2979679107666,30.71855354309082,-0.39990234375,-0.414794921875,-0.03195800632238388,-0.5699120759963989,-2.9999998859808548,8.403267860412598,0.0008271123625604145,-0.10866239666938782,0.25,0.2036450207233429,0.0,9.993100684368983e-05,-0.35,-0.34999966621398926,3.141316949465447,-3.141050338745117,0.0006628081318922341,-2.1056180230516475e-06,-0.002118127653375268
5.654620170593262,-23.2979679107666,30.780195236206055,-0.39990234375,-0.415595680475235,-0.03195800632238388,-0.5676562190055847,-2.999999873678302,8.35659122467041,0.000870591851748503,-0.10862486809492111,0.25,0.33562663197517395,0.0,9.993100684368983e-05,-0.35,-0.34999966621398926,3.141302456301804,-3.141050338745117,0.0006628081318922341,-2.1056180230516475e-06,-0.002118127653375268
5.659416675567627,-23.2979679107666,30.780195236206055,-0.39990234375,-0.415595680475235,-0.03195800632238388,-0.5676562190055847,-2.999999873678302,8.35659122467041,0.000870591851748503,-0.10862486809492111,0.25,0.33562663197517395,0.0,0.0001003307625069283,-0.35,-0.34999966621398926,3.141302456301804,-3.141063928604126,0.0007010760600678623,-2.2102817638369743e-06,-0.0020961053669452667
5.6642560958862305,-23.2979679107666,30.88081932067871,-0.39990234375,-0.4168945252895355,-0.03195800632238388,-0.564160168170929,-2.9999998524528086,8.378616333007812,0.0009408948541744636,-0.10864594578742981,0.25,0.28186219930648804,0.0,0.0001003307625069283,-0.35,-0.34999966621398926,3.1412790219665934,-3.141063928604126,0.0007010760600678623,-2.2102817638369743e-06,-0.0020961053669452667
5.669088840484619,-23.2979679107666,30.88081932067871,-0.39990234375,-0.4168945252895355,-0.03195800632238388,-0.564160168170929,-2.9999998524528086,8.378616333007812,0.0009408948541744636,-0.10864594578742981,0.25,0.28186219930648804,0.0,0.00010045310045825318,-0.35,-0.34999966621398926,3.1412790219665934,-3.1410770416259766,0.0007396615692414343,-2.017272208831855e-06,-0.002084321342408657
5.673776626586914,-23.2979679107666,30.933475494384766,-0.39990234375,-0.4175781011581421,-0.03195800632238388,-0.5628466606140137,-2.999999840652607,8.423236846923828,0.0009777956491349698,-0.10868421196937561,0.25,0.16589252650737762,0.0,0.00010045310045825318,-0.35,-0.34999966621398926,3.1412667217009775,-3.1410770416259766,0.0007396615692414343,-2.017272208831855e-06,-0.002084321342408657
5.678301811218262,-23.2979679107666,30.933475494384766,-0.39990234375,-0.4175781011581421,-0.03195800632238388,-0.5628466606140137,-2.999999840652607,8.423236846923828,0.0009777956491349698,-0.10868421196937561,0.25,0.16589252650737762,0.0,9.893873357214034e-05,-0.35,-0.3499995172023773,3.1412667217009775,-3.1411149501800537,0.0008695684373378754,-1.9985241124231834e-06,-0.0020744227804243565
5.682839393615723,-23.2979679107666,31.042421340942383,-0.39990234375,-0.4189746081829071,-0.03195800632238388,-0.5609960556030273,-2.999999815222006,8.442286491394043,0.0010529330128568964,-0.10870058089494705,0.25,0.11770906299352646,0.0,9.893873357214034e-05,-0.35,-0.3499995172023773,3.141241675911635,-3.1411149501800537,0.0008695684373378754,-1.9985241124231834e-06,-0.0020744227804243565
5.687520265579224,-23.2979679107666,31.042421340942383,-0.39990234375,-0.4189746081829071,-0.03195800632238388,-0.5609960556030273,-2.999999815222006,8.442286491394043,0.0010529330128568964,-0.10870058089494705,0.25,0.11770906299352646,0.0,9.819418482948095e-05,-0.35,-0.3499995172023773,3.141241675911635,-3.141129970550537,0.000859360268805176,-2.1276212009979645e-06,-0.0020725843496620655
5.691918849945068,-23.2979679107666,31.042421340942383,-0.39990234375,-0.4189746081829071,-0.03195800632238388,-0.5609960556030273,-2.999999815222006,8.442286491394043,0.0010529330128568964,-0.10870058089494705,0.25,0.11770906299352646,0.0,9.819418482948095e-05,-0.35,-0.3499995172023773,3.141241675911635,-3.141129970550537,0.000859360268805176,-2.1276212009979645e-06,-0.0020725843496620655
5.697005271911621,-23.2979679107666,31.135976791381836,-0.39990234375,-0.4201757609844208,-0.03195800632238388,-0.5595068335533142,-2.9999997919318933,8.431191444396973,0.0011173220647118511,-0.10869476199150085,0.25,0.15403907001018524,0.0,9.77472445811145e-05,-0.35,-0.3499995172023773,3.1412202128929456,-3.141143560409546,0.0008216656278818846,-2.1908610960963415e-06,-0.0020512426272034645
5.702331066131592,-23.2979679107666,31.135976791381836,-0.39990234375,-0.4201757609844208,-0.03195800632238388,-0.5595068335533142,-2.9999997919318933,8.431191444396973,0.0011173220647118511,-0.10869476199150085,0.25,0.15403907001018524,0.0,9.77472445811145e-05,-0.35,-0.3499995172023773,3.1412202128929456,-3.141143560409546,0.0008216656278818846,-2.1908610960963415e-06,-0.0020512426272034645
5.707204103469849,-23.2979679107666,31.188358306884766,-0.39990234375,-0.42084959149360657,-0.03195800632238388,-0.5580273270606995,-2.9999997782977523,8.402037620544434,0.0011533487931581756,-0.1086747944355011,0.25,0.23724204301834106,0.0,9.753180347615853e-05,-0.35,-0.34999966621398926,3.1412082039826035,-3.1411569118499756,0.0007707724580541253,-2.1347784695535665e-06,-0.002016864949837327
5.712041616439819,-23.2979679107666,31.188358306884766,-0.39990234375,-0.42084959149360657,-0.03195800632238388,-0.5580273270606995,-2.9999997782977523,8.402037620544434,0.0011533487931581756,-0.1086747944355011,0.25,0.23724204301834106,0.0,9.663076343713328e-05,-0.35,-0.34999966621398926,3.1412082039826035,-3.141188621520996,0.0007972302264533937,-2.415049266346614e-06,-0.001967610092833638
5.716783046722412,-23.2979679107666,31.315858840942383,-0.39990234375,-0.4224902391433716,-0.03195800632238388,-0.5559130907058716,-2.999999743411302,8.461386680603027,0.0012407788359601662,-0.10871943831443787,0.25,0.08251398801803589,0.0,9.663076343713328e-05,-0.35,-0.34999966621398926,3.1411790606326817,-3.141188621520996,0.0007972302264533937,-2.415049266346614e-06,-0.001967610092833638
5.721484184265137,-23.2979679107666,31.315858840942383,-0.39990234375,-0.4224902391433716,-0.03195800632238388,-0.5559130907058716,-2.999999743411302,8.461386680603027,0.0012407788359601662,-0.10871943831443787,0.25,0.08251398801803589,0.0,9.584110375726596e-05,-0.35,-0.34999966621398926,3.1411790606326817,-3.1412081718444824,0.0008070181356742978,-2.178321210521972e-06,-0.0019719903357326984
5.726318120956421,-23.2979679107666,31.393320083618164,-0.39990234375,-0.4234863221645355,-0.03195800632238388,-0.5556933283805847,-2.9999997210739777,8.489724159240723,0.00129365994585298,-0.10874030739068985,0.25,0.009592766873538494,0.0,9.584110375726596e-05,-0.35,-0.34999966621398926,3.141161433594478,-3.1412081718444824,0.0008070181356742978,-2.178321210521972e-06,-0.0019719903357326984
5.73101019859314,-23.2979679107666,31.393320083618164,-0.39990234375,-0.4234863221645355,-0.03195800632238388,-0.5556933283805847,-2.9999997210739777,8.489724159240723,0.00129365994585298,-0.10874030739068985,0.25,0.009592766873538494,0.0,9.54350471147336e-05,-0.35,-0.34999966621398926,3.141161433594478,-3.1412203311920166,0.0007833206909708679,-1.944413725141203e-06,-0.0019615839701145887
5.735862970352173,-23.2979679107666,31.444570541381836,-0.39990234375,-0.424140602350235,-0.03195800632238388,-0.5556640625,-2.9999997210739777,8.492491722106934,0.00129365994585298,-0.10874324291944504,0.25,0.005132689140737057,0.0,9.54350471147336e-05,-0.35,-0.34999966621398926,3.141161433594478,-3.1412203311920166,0.0007833206909708679,-1.944413725141203e-06,-0.0019615839701145887
5.7412543296813965,-23.2979679107666,31.444570541381836,-0.39990234375,-0.424140602350235,-0.03195800632238388,-0.5556640625,-2.9999997059344428,8.492491722106934,0.0013283046553753887,-0.10874324291944504,0.25,0.005132689140737057,0.0,9.481413871981204e-05,-0.35,-0.34999966621398926,3.141149885356868,-3.14125394821167,0.0007512886659242213,-2.0082161427126266e-06,-0.001987993251532316
5.746138334274292,-23.2979679107666,31.598711013793945,-0.39990234375,-0.4261230230331421,-0.03195800632238388,-0.5544775128364563,-2.999999657794553,8.454315185546875,0.0014329105224139284,-0.10872253775596619,0.25,0.11907289177179337,0.0,9.481413871981204e-05,-0.35,-0.34999966621398926,3.1411150167308275,-3.14125394821167,0.0007512886659242213,-2.0082161427126266e-06,-0.001987993251532316
5.750984191894531,-23.2979679107666,31.598711013793945,-0.39990234375,-0.4261230230331421,-0.03195800632238388,-0.5544775128364563,-2.999999657794553,8.454315185546875,0.0014329105224139284,-0.10872253775596619,0.25,0.11907289177179337,0.0,9.47656953940168e-05,-0.35,-0.34999966621398926,3.1411150167308275,-3.141258955001831,0.000748413905967027,-2.0431100438145222e-06,-0.0019960140343755484
5.756026744842529,-23.2979679107666,31.598711013793945,-0.39990234375,-0.4261230230331421,-0.03195800632238388,-0.5544775128364563,-2.999999657794553,8.454315185546875,0.0014329105224139284,-0.10872253775596619,0.25,0.11907289177179337,0.0,9.47656953940168e-05,-0.35,-0.34999966621398926,3.1411150167308275,-3.141258955001831,0.000748413905967027,-2.0431100438145222e-06,-0.0019960140343755484
5.760790824890137,-23.2979679107666,31.64906120300293,-0.39990234375,-0.42677733302116394,-0.03195800632238388,-0.553271472454071,-2.999999641161239,8.425298690795898,0.0014673215180167915,-0.10870600491762161,0.25,0.201629638671875,0.0,9.459252032684162e-05,-0.35,-0.34999966621398926,3.14110354639762,-3.141284942626953,0.000768462079577148,-2.26393581215234e-06,-0.002035218756645918
5.765692234039307,-23.2979679107666,31.64906120300293,-0.39990234375,-0.42677733302116394,-0.03195800632238388,-0.553271472454071,-2.999999641161239,8.425298690795898,0.0014673215180167915,-0.10870600491762161,0.25,0.201629638671875,0.0,9.459252032684162e-05,-0.35,-0.34999966621398926,3.14110354639762,-3.141284942626953,0.000768462079577148,-2.26393581215234e-06,-0.002035218756645918
5.77048921585083,-23.2979679107666,31.700897216796875,-0.39990234375,-0.42744138836860657,-0.03195800632238388,-0.5522997975349426,-2.9999996239189417,8.442267417907715,0.0015021605138080556,-0.10871712118387222,0.25,0.15823030471801758,0.0,9.459252032684162e-05,-0.35,-0.34999966621398926,3.1410919333976004,-3.141284942626953,0.000768462079577148,-2.26393581215234e-06,-0.002035218756645918
5.775338172912598,-23.2979679107666,31.700897216796875,-0.39990234375,-0.42744138836860657,-0.03195800632238388,-0.5522997975349426,-2.9999996239189417,8.442267417907715,0.0015021605138080556,-0.10871712118387222,0.25,0.15823030471801758,0.0,9.459252032684162e-05,-0.35,-0.34999966621398926,3.1410919333976004,-3.141284942626953,0.000768462079577148,-2.26393581215234e-06,-0.002035218756645918
5.779892921447754,-23.2979679107666,31.87078094482422,-0.39990234375,-0.4296289086341858,-0.03195800632238388,-0.5496679544448853,-2.9999995644937947,8.453557014465332,0.0016164891094395777,-0.1087271198630333,0.25,0.13735917210578918,0.0,9.410714847035706e-05,-0.35,-0.34999966621398926,3.141053823860573,-3.1413233280181885,0.0007846906082704663,-2.2308092866296647e-06,-0.0020915050990879536
5.78455114364624,-23.2979679107666,31.87078094482422,-0.39990234375,-0.4296289086341858,-0.03195800632238388,-0.5496679544448853,-2.9999995644937947,8.453557014465332,0.0016164891094395777,-0.1087271198630333,0.25,0.13735917210578918,0.0,9.410714847035706e-05,-0.35,-0.34999966621398926,3.141053823860573,-3.1413233280181885,0.0007846906082704663,-2.2308092866296647e-06,-0.0020915050990879536
5.78939962387085,-23.2979679107666,31.87078094482422,-0.39990234375,-0.4296289086341858,-0.03195800632238388,-0.5496679544448853,-2.9999995644937947,8.453557014465332,0.0016164891094395777,-0.1087271198630333,0.25,0.13735917210578918,0.0,9.405939636053517e-05,-0.35,-0.3499997556209564,3.141053823860573,-3.141338348388672,0.000768196361605078,-2.1717839899793034e-06,-0.002102829981595278
5.794290781021118,-23.2979679107666,31.956483840942383,-0.39990234375,-0.430732399225235,-0.03195800632238388,-0.5474853515625,-2.9999995330125366,8.415716171264648,0.001673895027392234,-0.10870887339115143,0.25,0.2460971623659134,0.0,9.405939636053517e-05,-0.35,-0.3499997556209564,3.141034688551711,-3.141338348388672,0.000768196361605078,-2.1717839899793034e-06,-0.002102829981595278
5.799083471298218,-23.2979679107666,31.956483840942383,-0.39990234375,-0.430732399225235,-0.03195800632238388,-0.5474853515625,-2.9999995330125366,8.415716171264648,0.001673895027392234,-0.10870887339115143,0.25,0.2460971623659134,0.0,9.453733946429566e-05,-0.35,-0.34999966621398926,3.141034688551711,-3.1413655281066895,0.0007130360463634133,-2.0176016732875723e-06,-0.002081412822008133
5.803973436355591,-23.2979679107666,32.00714874267578,-0.39990234375,-0.43138670921325684,-0.03195800632238388,-0.5455517172813416,-2.999999513872244,8.389850616455078,0.0017078542963066836,-0.10869667679071426,0.25,0.3199582099914551,0.0,9.453733946429566e-05,-0.35,-0.34999966621398926,3.141023368793608,-3.1413655281066895,0.0007130360463634133,-2.0176016732875723e-06,-0.002081412822008133
5.808818101882935,-23.2979679107666,32.00714874267578,-0.39990234375,-0.43138670921325684,-0.03195800632238388,-0.5455517172813416,-2.999999513872244,8.389850616455078,0.0017078542963066836,-0.10869667679071426,0.25,0.3199582099914551,0.0,9.453733946429566e-05,-0.35,-0.34999966621398926,3.141023368793608,-3.1413655281066895,0.0007130360463634133,-2.0176016732875723e-06,-0.002081412822008133
5.813707590103149,-23.2979679107666,32.15730285644531,-0.39990234375,-0.43333983421325684,-0.03195800632238388,-0.5394433736801147,-2.9999994546531217,8.40758228302002,0.0018088894304708544,-0.10870756953954697,0.25,0.2800794243812561,0.0,9.446057811146602e-05,-0.35,-0.34999966621398926,3.140989690409767,-3.1414103507995605,0.000816082232631743,-1.6650074030621909e-06,-0.002044246532022953
5.818356275558472,-23.2979679107666,32.15730285644531,-0.39990234375,-0.43333983421325684,-0.03195800632238388,-0.5394433736801147,-2.9999994546531217,8.40758228302002,0.0018088894304708544,-0.10870756953954697,0.25,0.2800794243812561,0.0,9.446057811146602e-05,-0.35,-0.34999966621398926,3.140989690409767,-3.1414103507995605,0.000816082232631743,-1.6650074030621909e-06,-0.002044246532022953
5.822892189025879,-23.2979679107666,32.21167755126953,-0.39990234375,-0.43404296040534973,-0.03195800632238388,-0.5380663871765137,-2.999999432590045,8.43968391418457,0.0018451177221869399,-0.10872311145067215,0.25,0.19518055021762848,0.0,9.409584163222462e-05,-0.35,-0.34999966621398926,3.1409776143102888,-3.14141845703125,0.0008372002630494535,-1.718576754683454e-06,-0.0020359214395284653
5.828084945678711,-23.2979679107666,32.21167755126953,-0.39990234375,-0.43404296040534973,-0.03195800632238388,-0.5380663871765137,-2.999999432590045,8.43968391418457,0.0018451177221869399,-0.10872311145067215,0.25,0.19518055021762848,0.0,9.409584163222462e-05,-0.35,-0.34999966621398926,3.1409776143102888,-3.14141845703125,0.0008372002630494535,-1.718576754683454e-06,-0.0020359214395284653
5.832799673080444,-23.2979679107666,32.26156234741211,-0.39990234375,-0.4346874952316284,-0.03195800632238388,-0.5371679663658142,-2.999999412021022,8.456464767456055,0.0018782634321601764,-0.10873141884803772,0.25,0.15200969576835632,0.0,9.34942509047687e-05,-0.35,-0.34999966621398926,3.1409665657381702,-3.1414313316345215,0.0008358060731552541,-1.5102305042091757e-06,-0.002010353608056903
5.837469816207886,-23.2979679107666,32.26156234741211,-0.39990234375,-0.4346874952316284,-0.03195800632238388,-0.5371679663658142,-2.999999412021022,8.456464767456055,0.0018782634321601764,-0.10873141884803772,0.25,0.15200969576835632,0.0,9.34942509047687e-05,-0.35,-0.34999966621398926,3.1409665657381702,-3.1414313316345215,0.0008358060731552541,-1.5102305042091757e-06,-0.002010353608056903
5.842151403427124,-23.2979679107666,32.26156234741211,-0.39990234375,-0.4346874952316284,-0.03195800632238388,-0.5371679663658142,-2.999999412021022,8.456464767456055,0.0018782634321601764,-0.10873141884803772,0.25,0.15200969576835632,0.0,9.221088112099096e-05,-0.35,-0.34999966621398926,3.1409665657381702,-3.1414668560028076,0.000780977017711848,-2.0690183646365767e-06,-0.001980698201805353
5.847139835357666,-23.2979679107666,32.42691421508789,-0.39990234375,-0.43681639432907104,-0.03195800632238388,-0.5352734327316284,-2.9999993417722237,8.48095703125,0.0019873012416469155,-0.1087445542216301,0.25,0.09413301199674606,0.0,9.221088112099096e-05,-0.35,-0.34999966621398926,3.1409302197941296,-3.1414668560028076,0.000780977017711848,-2.0690183646365767e-06,-0.001980698201805353
5.851771831512451,-23.2979679107666,32.42691421508789,-0.39990234375,-0.43681639432907104,-0.03195800632238388,-0.5352734327316284,-2.9999993417722237,8.48095703125,0.0019873012416469155,-0.1087445542216301,0.25,0.09413301199674606,0.0,9.195534221362323e-05,-0.35,-0.34999966621398926,3.1409302197941296,-3.1414825916290283,0.0007454706938005984,-2.331291852897266e-06,-0.0019697947427630424
5.8568274974823,-23.2979679107666,32.46851348876953,-0.39990234375,-0.4373534917831421,-0.03195800632238388,-0.5346874594688416,-2.9999993234889484,8.472760200500488,0.0020147123494906605,-0.10874205082654953,0.25,0.11889989674091339,0.0,9.195534221362323e-05,-0.35,-0.34999966621398926,3.140921082756149,-3.1414825916290283,0.0007454706938005984,-2.331291852897266e-06,-0.0019697947427630424
5.861739873886108,-23.2979679107666,32.46851348876953,-0.39990234375,-0.4373534917831421,-0.03195800632238388,-0.5346874594688416,-2.9999993234889484,8.472760200500488,0.0020147123494906605,-0.10874205082654953,0.25,0.11889989674091339,0.0,9.190162381855771e-05,-0.35,-0.34999966621398926,3.140921082756149,-3.1414952278137207,0.00072618352714926,-2.3765101104800124e-06,-0.001964559778571129
5.866397380828857,-23.2979679107666,32.57011795043945,-0.39990234375,-0.4386621117591858,-0.03195800632238388,-0.5324364900588989,-2.999999278018854,8.440293312072754,0.002081318417326782,-0.10873173177242279,0.25,0.21349185705184937,0.0,9.192575816996396e-05,-0.35,-0.34999966621398926,3.140898880728363,-3.141507863998413,0.000713785644620657,-2.2640551833319478e-06,-0.001966268289834261
5.871011018753052,-23.2979679107666,32.57011795043945,-0.39990234375,-0.4386621117591858,-0.03195800632238388,-0.5324364900588989,-2.999999278018854,8.440293312072754,0.002081318417326782,-0.10873173177242279,0.25,0.21349185705184937,0.0,9.192575816996396e-05,-0.35,-0.34999966621398926,3.140898880728363,-3.141507863998413,0.000713785644620657,-2.2640551833319478e-06,-0.001966268289834261
5.875916957855225,-23.2979679107666,32.71742248535156,-0.39990234375,-0.4405566453933716,-0.03195800632238388,-0.5305615067481995,-2.999999209886716,8.51482105255127,0.0021773100561498964,-0.10875839740037918,0.25,0.017220325767993927,0.0,9.119234891841188e-05,-0.35,-0.34999966621398926,3.140866883507361,-3.1415443420410156,0.0007989587029442191,-2.692811904125847e-06,-0.001968541881069541
5.880636215209961,-23.2979679107666,32.71742248535156,-0.39990234375,-0.4405566453933716,-0.03195800632238388,-0.5305615067481995,-2.999999209886716,8.51482105255127,0.0021773100561498964,-0.10875839740037918,0.25,0.017220325767993927,0.0,9.119234891841188e-05,-0.35,-0.34999966621398926,3.140866883507361,-3.1415443420410156,0.0007989587029442191,-2.692811904125847e-06,-0.001968541881069541
5.885446548461914,-23.2979679107666,32.71742248535156,-0.39990234375,-0.4405566453933716,-0.03195800632238388,-0.5305615067481995,-2.999999209886716,8.51482105255127,0.0021773100561498964,-0.10875839740037918,0.25,0.017220325767993927,0.0,9.119234891841188e-05,-0.35,-0.34999966621398926,3.140866883507361,-3.1415443420410156,0.0007989587029442191,-2.692811904125847e-06,-0.001968541881069541
5.889852285385132,-23.2979679107666,32.774375915527344,-0.39990234375,-0.4412792921066284,-0.03195800632238388,-0.5308837890625,-2.999999183209691,8.546174049377441,0.0022137617727932607,-0.10876864194869995,0.25,-0.06568899750709534,0.0,9.058542491402477e-05,-0.35,-0.34999966621398926,3.1408547329318925,-3.1415586471557617,0.0008084713481366634,-2.75070192401472e-06,-0.00196189247071743
5.894681215286255,-23.2979679107666,32.774375915527344,-0.39990234375,-0.4412792921066284,-0.03195800632238388,-0.5308837890625,-2.999999183209691,8.546174049377441,0.0022137617727932607,-0.10876864194869995,0.25,-0.06568899750709534,0.0,9.011348447529599e-05,-0.35,-0.34999966621398926,3.1408547329318925,-3.141571044921875,0.000793098472058773,-2.6266252461937256e-06,-0.0019591161981225014
5.899477243423462,-23.2979679107666,32.826210021972656,-0.39990234375,-0.4419335722923279,-0.03195800632238388,-0.5315819978713989,-2.9999991587302763,8.565414428710938,0.0022466903732383924,-0.10877490788698196,0.25,-0.11567769944667816,0.0,9.011348447529599e-05,-0.35,-0.34999966621398926,3.140843756728711,-3.141571044921875,0.000793098472058773,-2.6266252461937256e-06,-0.0019591161981225014
5.904356241226196,-23.2979679107666,32.826210021972656,-0.39990234375,-0.4419335722923279,-0.03195800632238388,-0.5315819978713989,-2.9999991587302763,8.565414428710938,0.0022466903732383924,-0.10877490788698196,0.25,-0.11567769944667816,0.0,8.978546975413337e-05,-0.35,-0.34999966621398926,3.140843756728711,-3.1415839195251465,0.0007471354329027236,-2.268369598823483e-06,-0.00196558004245162
5.908911466598511,-23.2979679107666,32.972537994384766,-0.39990234375,-0.4437792897224426,-0.03195800632238388,-0.5336962938308716,-2.9999990879845324,8.557897567749023,0.002339250301441445,-0.10877490043640137,0.25,-0.08741365373134613,0.0,8.978546975413337e-05,-0.35,-0.34999966621398926,3.1408129034102967,-3.1415839195251465,0.0007471354329027236,-2.268369598823483e-06,-0.00196558004245162
5.913715600967407,-23.2979679107666,32.972537994384766,-0.39990234375,-0.4437792897224426,-0.03195800632238388,-0.5336962938308716,-2.9999990879845324,8.557897567749023,0.002339250301441445,-0.10877490043640137,0.25,-0.08741365373134613,0.0,8.968341717263684e-05,-0.35,-0.34999966621398926,3.1408129034102967,3.1415727138519287,0.000694442365784198,-2.0018269424326718e-06,-0.0019503661897033453
5.918086528778076,-23.2979679107666,33.03409957885742,-0.39990234375,-0.44457030296325684,-0.03195800632238388,-0.5338232517242432,-2.999999056869273,8.52524185180664,0.0023788197643679755,-0.10876775532960892,0.25,0.005285720806568861,0.0,8.968341717263684e-05,-0.35,-0.34999966621398926,3.1407997135852432,3.1415727138519287,0.000694442365784198,-2.0018269424326718e-06,-0.0019503661897033453
5.923100471496582,-23.2979679107666,33.03409957885742,-0.39990234375,-0.44457030296325684,-0.03195800632238388,-0.5338232517242432,-2.999999056869273,8.52524185180664,0.0023788197643679755,-0.10876775532960892,0.25,0.005285720806568861,0.0,8.984070882434025e-05,-0.35,-0.34999966621398926,3.1407997135852432,3.1415634155273438,0.0006737678777426481,-1.978572754524066e-06,-0.0019404888153076172
5.927425384521484,-23.2979679107666,33.03409957885742,-0.39990234375,-0.44457030296325684,-0.03195800632238388,-0.5338232517242432,-2.999999056869273,8.52524185180664,0.0023788197643679755,-0.10876775532960892,0.25,0.005285720806568861,0.0,8.984070882434025e-05,-0.35,-0.34999966621398926,3.1407997135852432,3.1415634155273438,0.0006737678777426481,-1.978572754524066e-06,-0.0019404888153076172
5.931980609893799,-23.2979679107666,33.13800811767578,-0.39990234375,-0.4458984136581421,-0.03195800632238388,-0.5341650247573853,-2.9999990036305277,8.53822135925293,0.0024450390266270734,-0.10877195000648499,0.25,-0.024897141382098198,0.0,9.011806105263531e-05,-0.35,-0.34999966621398926,3.1407776404906893,3.141538381576538,0.000684525934047997,-1.788730173757358e-06,-0.00192581070587039
5.936806917190552,-23.2979679107666,33.13800811767578,-0.39990234375,-0.4458984136581421,-0.03195800632238388,-0.5341650247573853,-2.9999990036305277,8.53822135925293,0.0024450390266270734,-0.10877195000648499,0.25,-0.024897141382098198,0.0,9.011806105263531e-05,-0.35,-0.34999966621398926,3.1407776404906893,3.141538381576538,0.000684525934047997,-1.788730173757358e-06,-0.00192581070587039
5.9415602684021,-23.2979679107666,33.190311431884766,-0.39990234375,-0.4465624988079071,-0.03195800632238388,-0.5341259837150574,-2.9999989765498363,8.505749702453613,0.002478043570247407,-0.10876673460006714,0.25,0.0691903606057167,0.0,9.011806105263531e-05,-0.35,-0.34999966621398926,3.140766638972446,3.141538381576538,0.000684525934047997,-1.788730173757358e-06,-0.00192581070587039
5.946157932281494,-23.2979679107666,33.190311431884766,-0.39990234375,-0.4465624988079071,-0.03195800632238388,-0.5341259837150574,-2.9999989765498363,8.505749702453613,0.002478043570247407,-0.10876673460006714,0.25,0.0691903606057167,0.0,9.053684334503487e-05,-0.35,-0.34999966621398926,3.140766638972446,3.1415035724639893,0.0006501678726635873,-1.6089369410110521e-06,-0.0018945460906252265
5.950937271118164,-23.2979679107666,33.30289077758789,-0.39990234375,-0.447998046875,-0.03195800632238388,-0.5324560403823853,-2.9999989169274714,8.462614059448242,0.00254920262037606,-0.10875984281301498,0.25,0.19078326225280762,0.0,9.053684334503487e-05,-0.35,-0.34999966621398926,3.140742919280743,3.1415035724639893,0.0006501678726635873,-1.6089369410110521e-06,-0.0018945460906252265
5.955357074737549,-23.2979679107666,33.30289077758789,-0.39990234375,-0.447998046875,-0.03195800632238388,-0.5324560403823853,-2.9999989169274714,8.462614059448242,0.00254920262037606,-0.10875984281301498,0.25,0.19078326225280762,0.0,9.075955313164741e-05,-0.35,-0.34999966621398926,3.140742919280743,3.141489267349243,0.0006578926113434136,-1.8043950831270195e-06,-0.001872325548902154
5.960191965103149,-23.2979679107666,33.30289077758789,-0.39990234375,-0.447998046875,-0.03195800632238388,-0.5324560403823853,-2.9999989169274714,8.462614059448242,0.00254920262037606,-0.10875984281301498,0.25,0.19078326225280762,0.0,9.075955313164741e-05,-0.35,-0.34999966621398926,3.140742919280743,3.141489267349243,0.0006578926113434136,-1.8043950831270195e-06,-0.001872325548902154
5.964903831481934,-23.2979679107666,33.39531326293945,-0.39990234375,-0.44917967915534973,-0.03195800632238388,-0.5306298732757568,-2.999998866759051,8.473134994506836,0.0026075744305576994,-0.10876275599002838,0.25,0.1666770577430725,0.0,9.076330024981871e-05,-0.35,-0.34999966621398926,3.140723462003496,3.141477346420288,0.0006790086627006531,-1.7616902141526225e-06,-0.0018618569010868669
5.96983528137207,-23.2979679107666,33.39531326293945,-0.39990234375,-0.44917967915534973,-0.03195800632238388,-0.5306298732757568,-2.999998866759051,8.473134994506836,0.0026075744305576994,-0.10876275599002838,0.25,0.1666770577430725,0.0,9.076330024981871e-05,-0.35,-0.34999966621398926,3.140723462003496,3.141477346420288,0.0006790086627006531,-1.7616902141526225e-06,-0.0018618569010868669
5.974363088607788,-23.2979679107666,33.448123931884766,-0.39990234375,-0.4498535096645355,-0.03195800632238388,-0.5299901962280273,-2.999998837721103,8.508586883544922,0.002640771105469576,-0.10876885056495667,0.25,0.07462210208177567,0.0,9.040936129167676e-05,-0.35,-0.34999966621398926,3.1407123964409585,3.1414647102355957,0.000743681623134762,-2.2266276573645882e-06,-0.0018322165124118328
5.9789204597473145,-23.2979679107666,33.448123931884766,-0.39990234375,-0.4498535096645355,-0.03195800632238388,-0.5299901962280273,-2.999998837721103,8.508586883544922,0.002640771105469576,-0.10876885056495667,0.25,0.07462210208177567,0.0,9.040936129167676e-05,-0.35,-0.34999966621398926,3.1407123964409585,3.1414647102355957,0.000743681623134762,-2.2266276573645882e-06,-0.0018322165124118328
5.984018564224243,-23.2979679107666,33.601951599121094,-0.39990234375,-0.4518164098262787,-0.03195800632238388,-0.5285205245018005,-2.999998751358472,8.50096607208252,0.002737123966927848,-0.10876919329166412,0.25,0.1007421538233757,0.0,8.938446990214288e-05,-0.35,-0.3499997556209564,3.1406802788075696,3.1414382457733154,0.0007215472869575024,-2.3101324586605188e-06,-0.001788415713235736
5.989012718200684,-23.2979679107666,33.601951599121094,-0.39990234375,-0.4518164098262787,-0.03195800632238388,-0.5285205245018005,-2.999998751358472,8.50096607208252,0.002737123966927848,-0.10876919329166412,0.25,0.1007421538233757,0.0,8.886094292392954e-05,-0.35,-0.3499997556209564,3.1406802788075696,3.1414191722869873,0.0006787666934542358,-2.150441332560149e-06,-0.001739125931635499
5.993921995162964,-23.2979679107666,33.65285110473633,-0.39990234375,-0.45247069001197815,-0.03195800632238388,-0.527514636516571,-2.9999987219740767,8.47754192352295,0.0027691431717479244,-0.10876751691102982,0.25,0.16746503114700317,0.0,8.886094292392954e-05,-0.35,-0.3499997556209564,3.140669605734802,3.1414191722869873,0.0006787666934542358,-2.150441332560149e-06,-0.001739125931635499
5.99884295463562,-23.2979679107666,33.65285110473633,-0.39990234375,-0.45247069001197815,-0.03195800632238388,-0.527514636516571,-2.9999987219740767,8.47754192352295,0.0027691431717479244,-0.10876751691102982,0.25,0.16746503114700317,0.0,8.854290354065597e-05,-0.35,-0.34999966621398926,3.140669605734802,3.141408681869507,0.0006817681714892387,-2.1735975224146387e-06,-0.001723305438645184
6.003611087799072,-23.2979679107666,33.65285110473633,-0.39990234375,-0.45247069001197815,-0.03195800632238388,-0.527514636516571,-2.9999987219740767,8.47754192352295,0.0027691431717479244,-0.10876751691102982,0.25,0.16746503114700317,0.0,8.854290354065597e-05,-0.35,-0.34999966621398926,3.140669605734802,3.141408681869507,0.0006817681714892387,-2.1735975224146387e-06,-0.001723305438645184
6.008172035217285,-23.2979679107666,33.704063415527344,-0.39990234375,-0.453125,-0.03195800632238388,-0.526660144329071,-2.9999986923142195,8.48792552947998,0.0028010913898401085,-0.10876887291669846,0.25,0.14154267311096191,0.0,8.854290354065597e-05,-0.35,-0.34999966621398926,3.140658956324182,3.141408681869507,0.0006817681714892387,-2.1735975224146387e-06,-0.001723305438645184
6.012903213500977,-23.2979679107666,33.704063415527344,-0.39990234375,-0.453125,-0.03195800632238388,-0.526660144329071,-2.9999986923142195,8.48792552947998,0.0028010913898401085,-0.10876887291669846,0.25,0.14154267311096191,0.0,8.744849765207618e-05,-0.35,-0.34999966621398926,3.140658956324182,3.1413707733154297,0.0007008119719102979,-1.932534814841347e-06,-0.0017836918123066425
6.017705202102661,-23.2979679107666,33.873046875,-0.39990234375,-0.45528319478034973,-0.03195800632238388,-0.5235790610313416,-2.9999985924675965,8.476736068725586,0.0029060613278119145,-0.1087699607014656,0.25,0.18048503994941711,0.0,8.744849765207618e-05,-0.35,-0.34999966621398926,3.140623966329027,3.1413707733154297,0.0007008119719102979,-1.932534814841347e-06,-0.0017836918123066425
6.022197961807251,-23.2979679107666,33.873046875,-0.39990234375,-0.45528319478034973,-0.03195800632238388,-0.5235790610313416,-2.9999985924675965,8.476736068725586,0.0029060613278119145,-0.1087699607014656,0.25,0.18048503994941711,0.0,8.729641558602452e-05,-0.35,-0.34999966621398926,3.140623966329027,3.141362428665161,0.0006897981511428952,-1.9029023405892076e-06,-0.001795656979084015
6.027156114578247,-23.2979679107666,33.961795806884766,-0.39990234375,-0.4564257562160492,-0.03195800632238388,-0.5209130644798279,-2.9999985383325174,8.442999839782715,0.002961419044895887,-0.10876987874507904,0.25,0.2772532105445862,0.0,8.729641558602452e-05,-0.35,-0.34999966621398926,3.1406055137478424,3.141362428665161,0.0006897981511428952,-1.9029023405892076e-06,-0.001795656979084015
6.031803369522095,-23.2979679107666,33.961795806884766,-0.39990234375,-0.4564257562160492,-0.03195800632238388,-0.5209130644798279,-2.9999985383325174,8.442999839782715,0.002961419044895887,-0.10876987874507904,0.25,0.2772532105445862,0.0,8.716809679754078e-05,-0.35,-0.34999966621398926,3.1406055137478424,3.141350746154785,0.0006839273264631629,-1.831838062571478e-06,-0.0018157153390347958
6.036356449127197,-23.2979679107666,34.013240814208984,-0.39990234375,-0.4570898413658142,-0.03195800632238388,-0.5194726586341858,-2.999998506469881,8.467525482177734,0.0029935227550243644,-0.10877062380313873,0.25,0.2146638035774231,0.0,8.716809679754078e-05,-0.35,-0.34999966621398926,3.1405948125058623,3.141350746154785,0.0006839273264631629,-1.831838062571478e-06,-0.0018157153390347958
6.041198492050171,-23.2979679107666,34.013240814208984,-0.39990234375,-0.4570898413658142,-0.03195800632238388,-0.5194726586341858,-2.999998506469881,8.467525482177734,0.0029935227550243644,-0.10877062380313873,0.25,0.2146638035774231,0.0,8.635432459414005e-05,-0.35,-0.34999966621398926,3.1405948125058623,3.14131760597229,0.0007342037279158831,-2.0860006770817563e-06,-0.0018752088071778417
6.045886278152466,-23.2979679107666,34.013240814208984,-0.39990234375,-0.4570898413658142,-0.03195800632238388,-0.5194726586341858,-2.999998506469881,8.467525482177734,0.0029935227550243644,-0.10877062380313873,0.25,0.2146638035774231,0.0,8.635432459414005e-05,-0.35,-0.34999966621398926,3.1405948125058623,3.14131760597229,0.0007342037279158831,-2.0860006770817563e-06,-0.0018752088071778417
6.050568580627441,-23.2979679107666,34.11996078491211,-0.39990234375,-0.45845702290534973,-0.03195800632238388,-0.5169140696525574,-2.999998440019792,8.477174758911133,0.0030593919027090766,-0.10877084732055664,0.25,0.19116082787513733,0.0,8.626023918623105e-05,-0.35,-0.34999966621398926,3.1405728561121276,3.1413137912750244,0.0007352148531936109,-2.0962183953088243e-06,-0.0018838252872228622
6.055251359939575,-23.2979679107666,34.11996078491211,-0.39990234375,-0.45845702290534973,-0.03195800632238388,-0.5169140696525574,-2.999998440019792,8.477174758911133,0.0030593919027090766,-0.10877084732055664,0.25,0.19116082787513733,0.0,8.626023918623105e-05,-0.35,-0.34999966621398926,3.1405728561121276,3.1413137912750244,0.0007352148531936109,-2.0962183953088243e-06,-0.0018838252872228622
6.059850215911865,-23.2979679107666,34.21828079223633,-0.39990234375,-0.459716796875,-0.03195800632238388,-0.5143798589706421,-2.9999983777339723,8.464812278747559,0.0031198707562901974,-0.10877195000648499,0.25,0.22970066964626312,0.0,8.605681068729609e-05,-0.35,-0.34999966621398926,3.1405526964835757,3.1412904262542725,0.0007031119894236326,-2.148271278201719e-06,-0.0019009789684787393
6.06459641456604,-23.2979679107666,34.21828079223633,-0.39990234375,-0.459716796875,-0.03195800632238388,-0.5143798589706421,-2.9999983777339723,8.464812278747559,0.0031198707562901974,-0.10877195000648499,0.25,0.22970066964626312,0.0,8.605681068729609e-05,-0.35,-0.34999966621398926,3.1405526964835757,3.1412904262542725,0.0007031119894236326,-2.148271278201719e-06,-0.0019009789684787393
6.0693535804748535,-23.2979679107666,34.26886749267578,-0.39990234375,-0.46037107706069946,-0.03195800632238388,-0.5126367211341858,-2.99999834496215,8.443318367004395,0.003151225850487129,-0.10877344757318497,0.25,0.29099103808403015,0.0,8.617557614343241e-05,-0.35,-0.34999966621398926,3.1405422447798013,3.1412782669067383,0.0006713596521876752,-2.153571585949976e-06,-0.0018935059197247028
6.07411527633667,-23.2979679107666,34.26886749267578,-0.39990234375,-0.46037107706069946,-0.03195800632238388,-0.5126367211341858,-2.99999834496215,8.443318367004395,0.003151225850487129,-0.10877344757318497,0.25,0.29099103808403015,0.0,8.637002611067146e-05,-0.35,-0.34999966621398926,3.1405422447798013,3.141265869140625,0.0006766995065845549,-2.285967184434412e-06,-0.0018814816139638424
6.078688859939575,-23.2979679107666,34.26886749267578,-0.39990234375,-0.46037107706069946,-0.03195800632238388,-0.5126367211341858,-2.99999834496215,8.443318367004395,0.003151225850487129,-0.10877344757318497,0.25,0.29099103808403015,0.0,8.637002611067146e-05,-0.35,-0.34999966621398926,3.1405422447798013,3.141265869140625,0.0006766995065845549,-2.285967184434412e-06,-0.0018814816139638424
6.083483695983887,-23.2979679107666,34.438438415527344,-0.39990234375,-0.4625585973262787,-0.03195800632238388,-0.5067920088768005,-2.9999982334732227,8.476943016052246,0.0032556347373366495,-0.10877072811126709,0.25,0.2067134827375412,0.0,8.610191434854642e-05,-0.35,-0.34999966621398926,3.140507441797675,3.14123797416687,0.0007344085606746376,-2.175284862460103e-06,-0.0018698523053899407
6.088077068328857,-23.2979679107666,34.438438415527344,-0.39990234375,-0.4625585973262787,-0.03195800632238388,-0.5067920088768005,-2.9999982334732227,8.476943016052246,0.0032556347373366495,-0.10877072811126709,0.25,0.2067134827375412,0.0,8.610191434854642e-05,-0.35,-0.34999966621398926,3.140507441797675,3.14123797416687,0.0007344085606746376,-2.175284862460103e-06,-0.0018698523053899407
6.092460870742798,-23.2979679107666,34.473358154296875,-0.39990234375,-0.4630078077316284,-0.03195800632238388,-0.5061376690864563,-2.9999982102180405,8.49485969543457,0.0032769938288528112,-0.10876888036727905,0.25,0.15919196605682373,0.0,8.529438491677865e-05,-0.35,-0.34999966621398926,3.140500322096283,3.1412179470062256,0.0007609500316902995,-2.2335793801175896e-06,-0.0018567511579021811
6.097424507141113,-23.2979679107666,34.473358154296875,-0.39990234375,-0.4630078077316284,-0.03195800632238388,-0.5061376690864563,-2.9999982102180405,8.49485969543457,0.0032769938288528112,-0.10876888036727905,0.25,0.15919196605682373,0.0,8.529438491677865e-05,-0.35,-0.34999966621398926,3.140500322096283,3.1412179470062256,0.0007609500316902995,-2.2335793801175896e-06,-0.0018567511579021811
6.101985454559326,-23.2979679107666,34.525390625,-0.39990234375,-0.46367186307907104,-0.03195800632238388,-0.5055078268051147,-2.999998175640075,8.516152381896973,0.0033084975776750663,-0.10876652598381042,0.25,0.10318955034017563,0.0,8.529438491677865e-05,-0.35,-0.34999966621398926,3.14048982084035,3.1412179470062256,0.0007609500316902995,-2.2335793801175896e-06,-0.0018567511579021811
6.106754779815674,-23.2979679107666,34.525390625,-0.39990234375,-0.46367186307907104,-0.03195800632238388,-0.5055078268051147,-2.999998175640075,8.516152381896973,0.0033084975776750663,-0.10876652598381042,0.25,0.10318955034017563,0.0,8.529438491677865e-05,-0.35,-0.34999966621398926,3.14048982084035,3.1412179470062256,0.0007609500316902995,-2.2335793801175896e-06,-0.0018567511579021811
6.111623525619507,-23.2979679107666,34.525390625,-0.39990234375,-0.46367186307907104,-0.03195800632238388,-0.5055078268051147,-2.999998175640075,8.516152381896973,0.0033084975776750663,-0.10876652598381042,0.25,0.10318955034017563,0.0,8.423400140600279e-05,-0.35,-0.34999966621398926,3.14048982084035,3.141178607940674,0.0007059673080220819,-2.3788263661117526e-06,-0.0018607012461870909
6.116170167922974,-23.2979679107666,34.696014404296875,-0.39990234375,-0.4658496081829071,-0.03195800632238388,-0.5047900080680847,-2.9999980603715537,8.547388076782227,0.003411417141707997,-0.10876263678073883,0.25,0.025220992043614388,0.0,8.423400140600279e-05,-0.35,-0.34999966621398926,3.1404555142974875,3.141178607940674,0.0007059673080220819,-2.3788263661117526e-06,-0.0018607012461870909
6.120920419692993,-23.2979679107666,34.696014404296875,-0.39990234375,-0.4658496081829071,-0.03195800632238388,-0.5047900080680847,-2.9999980603715537,8.547388076782227,0.003411417141707997,-0.10876263678073883,0.25,0.025220992043614388,0.0,8.421667735092342e-05,-0.35,-0.34999966621398926,3.1404555142974875,3.141169786453247,0.0006801622221246362,-2.310247054992942e-06,-0.001852327724918723
6.125532150268555,-23.2979679107666,34.784061431884766,-0.39990234375,-0.4669726490974426,-0.03195800632238388,-0.503857433795929,-2.999997999825768,8.516778945922852,0.0034642519238271908,-0.10876823216676712,0.25,0.11300954222679138,0.0,8.430889283772558e-05,-0.35,-0.34999966621398926,3.140437902691884,3.14115834236145,0.000656779040582478,-2.257296046082047e-06,-0.0018413468496873975
6.130287170410156,-23.2979679107666,34.784061431884766,-0.39990234375,-0.4669726490974426,-0.03195800632238388,-0.503857433795929,-2.999997999825768,8.516778945922852,0.0034642519238271908,-0.10876823216676712,0.25,0.11300954222679138,0.0,8.430889283772558e-05,-0.35,-0.34999966621398926,3.140437902691884,3.14115834236145,0.000656779040582478,-2.257296046082047e-06,-0.0018413468496873975
6.134982109069824,-23.2979679107666,34.835819244384766,-0.39990234375,-0.46763670444488525,-0.03195800632238388,-0.5026171803474426,-2.9999979636536027,8.484563827514648,0.0034954362015274477,-0.10877454280853271,0.25,0.20358790457248688,0.0,8.458436059299856e-05,-0.35,-0.34999966621398926,3.1404275079256574,3.1411468982696533,0.0006183765945024788,-2.1575060600298457e-06,-0.0018177961464971304
6.1398537158966064,-23.2979679107666,34.835819244384766,-0.39990234375,-0.46763670444488525,-0.03195800632238388,-0.5026171803474426,-2.9999979636536027,8.484563827514648,0.0034954362015274477,-0.10877454280853271,0.25,0.20358790457248688,0.0,8.458436059299856e-05,-0.35,-0.34999966621398926,3.1404275079256574,3.1411468982696533,0.0006183765945024788,-2.1575060600298457e-06,-0.0018177961464971304
6.144554853439331,-23.2979679107666,35.00960922241211,-0.39990234375,-0.46986326575279236,-0.03195800632238388,-0.49788573384284973,-2.999997840506765,8.509658813476562,0.0035995770232207652,-0.10876843333244324,0.25,0.14241904020309448,0.0,8.487956074532121e-05,-0.35,-0.34999966621398926,3.1403927942941543,3.141112804412842,0.0006763367564417422,-1.6973525589492056e-06,-0.0017776419408619404
6.149596691131592,-23.2979679107666,35.00960922241211,-0.39990234375,-0.46986326575279236,-0.03195800632238388,-0.49788573384284973,-2.999997840506765,8.509658813476562,0.0035995770232207652,-0.10876843333244324,0.25,0.14241904020309448,0.0,8.487956074532121e-05,-0.35,-0.34999966621398926,3.1403927942941543,3.141112804412842,0.0006763367564417422,-1.6973525589492056e-06,-0.0017776419408619404
6.154420852661133,-23.2979679107666,35.040977478027344,-0.39990234375,-0.47026365995407104,-0.03195800632238388,-0.4975244104862213,-2.9999978180663147,8.52613353729248,0.0036182312464131654,-0.1087644100189209,0.25,0.0986068919301033,0.0,8.47431510919705e-05,-0.35,-0.34999966621398926,3.1403865762152576,3.1411070823669434,0.0006971810362301767,-1.8642008399183396e-06,-0.0017729129176586866
6.159000396728516,-23.2979679107666,35.040977478027344,-0.39990234375,-0.47026365995407104,-0.03195800632238388,-0.4975244104862213,-2.9999978180663147,8.52613353729248,0.0036182312464131654,-0.1087644100189209,0.25,0.0986068919301033,0.0,8.396064367843792e-05,-0.35,-0.34999966621398926,3.1403865762152576,3.1410889625549316,0.0007217377424240112,-1.955001380338217e-06,-0.001748319249600172
6.1637351512908936,-23.2979679107666,35.040977478027344,-0.39990234375,-0.47026365995407104,-0.03195800632238388,-0.4975244104862213,-2.9999978180663147,8.52613353729248,0.0036182312464131654,-0.1087644100189209,0.25,0.0986068919301033,0.0,8.396064367843792e-05,-0.35,-0.34999966621398926,3.1403865762152576,3.1410889625549316,0.0007217377424240112,-1.955001380338217e-06,-0.001748319249600172
6.1687963008880615,-23.2979679107666,35.09328079223633,-0.39990234375,-0.47092771530151367,-0.03195800632238388,-0.4971874952316284,-2.9999977806679743,8.542986869812012,0.003649107730329012,-0.10876019299030304,0.25,0.054654836654663086,0.0,8.351096039405093e-05,-0.35,-0.34999966621398926,3.1403762840464027,3.141077995300293,0.0007017832249403,-2.0024579043820268e-06,-0.00171864521689713
6.1735148429870605,-23.2979679107666,35.09328079223633,-0.39990234375,-0.47092771530151367,-0.03195800632238388,-0.4971874952316284,-2.9999977806679743,8.542986869812012,0.003649107730329012,-0.10876019299030304,0.25,0.054654836654663086,0.0,8.351096039405093e-05,-0.35,-0.34999966621398926,3.1403762840464027,3.141077995300293,0.0007017832249403,-2.0024579043820268e-06,-0.00171864521689713
6.178057432174683,-23.2979679107666,35.263397216796875,-0.39990234375,-0.4730859398841858,-0.03195800632238388,-0.4958154261112213,-2.999997657412299,8.527318954467773,0.0037490693136214676,-0.10876473039388657,0.25,0.10481270402669907,0.0,8.271472324850038e-05,-0.35,-0.34999966621398926,3.1403429634933073,3.141052484512329,0.0006705925916321576,-2.0737466002174187e-06,-0.0017039271770045161
6.182608366012573,-23.2979679107666,35.263397216796875,-0.39990234375,-0.4730859398841858,-0.03195800632238388,-0.4958154261112213,-2.999997657412299,8.527318954467773,0.0037490693136214676,-0.10876473039388657,0.25,0.10481270402669907,0.0,8.271472324850038e-05,-0.35,-0.34999966621398926,3.1403429634933073,3.141052484512329,0.0006705925916321576,-2.0737466002174187e-06,-0.0017039271770045161
6.187225818634033,-23.2979679107666,35.29925537109375,-0.39990234375,-0.4735449254512787,-0.03195800632238388,-0.4951757788658142,-2.9999976308384184,8.510924339294434,0.0037702737136537583,-0.10876965522766113,0.25,0.15125268697738647,0.0,8.25759707367979e-05,-0.35,-0.34999966621398926,3.1403358953544127,3.141044855117798,0.0006532315746881068,-2.0712775494757807e-06,-0.0016993120079860091
6.192053318023682,-23.2979679107666,35.29925537109375,-0.39990234375,-0.4735449254512787,-0.03195800632238388,-0.4951757788658142,-2.9999976308384184,8.510924339294434,0.0037702737136537583,-0.10876965522766113,0.25,0.15125268697738647,0.0,8.25759707367979e-05,-0.35,-0.34999966621398926,3.1403358953544127,3.141044855117798,0.0006532315746881068,-2.0712775494757807e-06,-0.0016993120079860091
6.196503400802612,-23.2979679107666,35.29925537109375,-0.39990234375,-0.4735449254512787,-0.03195800632238388,-0.4951757788658142,-2.9999976308384184,8.510924339294434,0.0037702737136537583,-0.10876965522766113,0.25,0.15125268697738647,0.0,8.200640877475962e-05,-0.35,-0.34999966621398926,3.1403358953544127,3.1410224437713623,0.0006698475335724652,-2.542976289987564e-06,-0.0017054849304258823
6.201453685760498,-23.2979679107666,35.40460968017578,-0.39990234375,-0.4748828113079071,-0.03195800632238388,-0.4941357374191284,-2.999997552781914,8.542512893676758,0.0038318797642522113,-0.10875948518514633,0.25,0.06909003853797913,0.0,8.200640877475962e-05,-0.35,-0.34999966621398926,3.1403153599877296,3.1410224437713623,0.0006698475335724652,-2.542976289987564e-06,-0.0017054849304258823
6.206133127212524,-23.2979679107666,35.40460968017578,-0.39990234375,-0.4748828113079071,-0.03195800632238388,-0.4941357374191284,-2.999997552781914,8.542512893676758,0.0038318797642522113,-0.10875948518514633,0.25,0.06909003853797913,0.0,8.200640877475962e-05,-0.35,-0.34999966621398926,3.1403153599877296,3.1410224437713623,0.0006698475335724652,-2.542976289987564e-06,-0.0017054849304258823
6.2109997272491455,-23.2979679107666,35.54867172241211,-0.39990234375,-0.47672849893569946,-0.03195800632238388,-0.4924902319908142,-2.999997443383625,8.514573097229004,0.003916591849233796,-0.10876911878585815,0.25,0.15161824226379395,0.0,8.200640877475962e-05,-0.35,-0.34999966621398926,3.1402871226025217,3.1410224437713623,0.0006698475335724652,-2.542976289987564e-06,-0.0017054849304258823
6.215904235839844,-23.2979679107666,35.54867172241211,-0.39990234375,-0.47672849893569946,-0.03195800632238388,-0.4924902319908142,-2.999997443383625,8.514573097229004,0.003916591849233796,-0.10876911878585815,0.25,0.15161824226379395,0.0,8.163723396137357e-05,-0.35,-0.34999966621398926,3.1402871226025217,3.14098858833313,0.000616441247984767,-2.2190456547832582e-06,-0.001711720833554864
6.220643520355225,-23.2979679107666,35.60995864868164,-0.39990234375,-0.47751951217651367,-0.03195800632238388,-0.4908495843410492,-2.9999973958930877,8.481318473815918,0.003952800866640262,-0.10878125578165054,0.25,0.24528034031391144,0.0,8.175088441930711e-05,-0.35,-0.34999966621398926,3.1402750529196717,3.1409785747528076,0.0006017024861648679,-2.183720425819047e-06,-0.0017063106643036008
6.22531795501709,-23.2979679107666,35.60995864868164,-0.39990234375,-0.47751951217651367,-0.03195800632238388,-0.4908495843410492,-2.9999973958930877,8.481318473815918,0.003952800866640262,-0.10878125578165054,0.25,0.24528034031391144,0.0,8.175088441930711e-05,-0.35,-0.34999966621398926,3.1402750529196717,3.1409785747528076,0.0006017024861648679,-2.183720425819047e-06,-0.0017063106643036008
6.230522155761719,-23.2979679107666,35.66246032714844,-0.39990234375,-0.47819334268569946,-0.03195800632238388,-0.4895947277545929,-2.9999973958930877,8.497419357299805,0.003952800866640262,-0.10877498984336853,0.25,0.20330649614334106,0.0,8.174690447049215e-05,-0.35,-0.34999966621398926,3.1402750529196717,3.14096736907959,0.0006220581708475947,-2.2032404558558483e-06,-0.001702375360764563
6.235227108001709,-23.2979679107666,35.66246032714844,-0.39990234375,-0.47819334268569946,-0.03195800632238388,-0.4895947277545929,-2.9999973551984236,8.497419357299805,0.0039835665506902955,-0.10877498984336853,0.25,0.20330649614334106,0.0,8.174690447049215e-05,-0.35,-0.34999966621398926,3.1402647976826836,3.14096736907959,0.0006220581708475947,-2.2032404558558483e-06,-0.001702375360764563
6.240070104598999,-23.2979679107666,35.66246032714844,-0.39990234375,-0.47819334268569946,-0.03195800632238388,-0.4895947277545929,-2.9999973551984236,8.497419357299805,0.0039835665506902955,-0.10877498984336853,0.25,0.20330649614334106,0.0,8.0869096564129e-05,-0.35,-0.34999966621398926,3.1402647976826836,3.140939712524414,0.0006964735803194344,-2.4842679522407707e-06,-0.0017147467005997896
6.24501371383667,-23.2979679107666,35.81675720214844,-0.39990234375,-0.4801562428474426,-0.03195800632238388,-0.4882470667362213,-2.999997235404524,8.566534996032715,0.0040727834725251145,-0.10874643176794052,0.25,0.0200594961643219,0.0,8.067197632044554e-05,-0.35,-0.34999966621398926,3.140235058681929,3.140935182571411,0.0006998558528721333,-2.4096893866953906e-06,-0.0017214484978467226
6.2499237060546875,-23.2979679107666,35.81675720214844,-0.39990234375,-0.4801562428474426,-0.03195800632238388,-0.4882470667362213,-2.999997235404524,8.566534996032715,0.0040727834725251145,-0.10874643176794052,0.25,0.0200594961643219,0.0,8.067197632044554e-05,-0.35,-0.34999966621398926,3.140235058681929,3.140935182571411,0.0006998558528721333,-2.4096893866953906e-06,-0.0017214484978467226
6.254358291625977,-23.2979679107666,35.921756744384766,-0.39990234375,-0.48149412870407104,-0.03195800632238388,-0.487861305475235,-2.999997152585178,8.555947303771973,0.004133337734377431,-0.10875061899423599,0.25,0.05323967710137367,0.0,8.016813080757856e-05,-0.35,-0.34999966621398926,3.1402148739090996,3.1409125328063965,0.0006499985465779901,-2.261459030705737e-06,-0.0017052751500159502
6.259075880050659,-23.2979679107666,35.921756744384766,-0.39990234375,-0.48149412870407104,-0.03195800632238388,-0.487861305475235,-2.999997152585178,8.555947303771973,0.004133337734377431,-0.10875061899423599,0.25,0.05323967710137367,0.0,8.016813080757856e-05,-0.35,-0.34999966621398926,3.1402148739090996,3.1409125328063965,0.0006499985465779901,-2.261459030705737e-06,-0.0017052751500159502
6.263632535934448,-23.2979679107666,35.921756744384766,-0.39990234375,-0.48149412870407104,-0.03195800632238388,-0.487861305475235,-2.999997152585178,8.555947303771973,0.004133337734377431,-0.10875061899423599,0.25,0.05323967710137367,0.0,8.010710007511079e-05,-0.35,-0.34999966621398926,3.1402148739090996,3.1409013271331787,0.0006313978810794652,-2.081028014799813e-06,-0.0017019698861986399
6.268283843994141,-23.2979679107666,35.97316360473633,-0.39990234375,-0.4821484386920929,-0.03195800632238388,-0.48720213770866394,-2.999997111750087,8.536141395568848,0.004162870540348081,-0.10875926911830902,0.25,0.10955045372247696,0.0,8.010710007511079e-05,-0.35,-0.34999966621398926,3.140205029631032,3.1409013271331787,0.0006313978810794652,-2.081028014799813e-06,-0.0017019698861986399
6.272899627685547,-23.2979679107666,35.97316360473633,-0.39990234375,-0.4821484386920929,-0.03195800632238388,-0.48720213770866394,-2.999997111750087,8.536141395568848,0.004162870540348081,-0.10875926911830902,0.25,0.10955045372247696,0.0,8.010710007511079e-05,-0.35,-0.34999966621398926,3.140205029631032,3.1409013271331787,0.0006313978810794652,-2.081028014799813e-06,-0.0017019698861986399
6.277717590332031,-23.2979679107666,36.02370834350586,-0.39990234375,-0.4827929437160492,-0.03195800632238388,-0.48683592677116394,-2.999997071303552,8.586714744567871,0.004191917235630275,-0.10873482376337051,0.25,-0.025108598172664642,0.0,8.010710007511079e-05,-0.35,-0.34999966621398926,3.1401953473898847,3.1409013271331787,0.0006313978810794652,-2.081028014799813e-06,-0.0017019698861986399
6.282567977905273,-23.2979679107666,36.02370834350586,-0.39990234375,-0.4827929437160492,-0.03195800632238388,-0.48683592677116394,-2.999997071303552,8.586714744567871,0.004191917235630275,-0.10873482376337051,0.25,-0.025108598172664642,0.0,7.893580914242193e-05,-0.35,-0.34999966621398926,3.1401953473898847,3.140864372253418,0.0007135504856705666,-1.7743427633831743e-06,-0.0017011708114296198
6.287420988082886,-23.2979679107666,36.18288803100586,-0.39990234375,-0.4847949147224426,-0.03195800632238388,-0.4895605444908142,-2.9999969445474095,8.684171676635742,0.004281670959500436,-0.10868563503026962,0.25,-0.2881299555301666,0.0,7.893580914242193e-05,-0.35,-0.34999966621398926,3.1401654294520913,3.140864372253418,0.0007135504856705666,-1.7743427633831743e-06,-0.0017011708114296198
6.292261600494385,-23.2979679107666,36.18288803100586,-0.39990234375,-0.4847949147224426,-0.03195800632238388,-0.4895605444908142,-2.9999969445474095,8.684171676635742,0.004281670959500436,-0.10868563503026962,0.25,-0.2881299555301666,0.0,7.857062882976606e-05,-0.35,-0.34999966621398926,3.1401654294520913,3.1408579349517822,0.0007202675915323198,-1.6391838926210767e-06,-0.0017032907344400883
6.297302961349487,-23.2979679107666,36.18288803100586,-0.39990234375,-0.4847949147224426,-0.03195800632238388,-0.4895605444908142,-2.9999969445474095,8.684171676635742,0.004281670959500436,-0.10868563503026962,0.25,-0.2881299555301666,0.0,7.857062882976606e-05,-0.35,-0.34999966621398926,3.1401654294520913,3.1408579349517822,0.0007202675915323198,-1.6391838926210767e-06,-0.0017032907344400883
6.301944732666016,-23.2979679107666,36.23554611206055,-0.39990234375,-0.4854491949081421,-0.03195800632238388,-0.4918261468410492,-2.9999969027546642,8.716673851013184,0.004310854024447526,-0.10866847634315491,0.25,-0.37524348497390747,0.0,7.804306369507685e-05,-0.35,-0.34999966621398926,3.1401557017538004,3.1408464908599854,0.0007119574584066868,-1.2906949677926605e-06,-0.0017111572669818997
6.306707382202148,-23.2979679107666,36.23554611206055,-0.39990234375,-0.4854491949081421,-0.03195800632238388,-0.4918261468410492,-2.9999969027546642,8.716673851013184,0.004310854024447526,-0.10866847634315491,0.25,-0.37524348497390747,0.0,7.734805694781244e-05,-0.35,-0.34999966621398926,3.1401557017538004,3.140815019607544,0.0006394486408680677,-8.145896117639495e-07,-0.0017116121016442776
6.311341047286987,-23.2979679107666,36.38624954223633,-0.39990234375,-0.48732420802116394,-0.03195800632238388,-0.4990282952785492,-2.9999967818100117,8.7237548828125,0.004394215467092738,-0.10866350680589676,0.25,-0.3890758156776428,0.0,7.734805694781244e-05,-0.35,-0.34999966621398926,3.140127914577006,3.140815019607544,0.0006394486408680677,-8.145896117639495e-07,-0.0017116121016442776
6.31613564491272,-23.2979679107666,36.38624954223633,-0.39990234375,-0.48732420802116394,-0.03195800632238388,-0.4990282952785492,-2.9999967818100117,8.7237548828125,0.004394215467092738,-0.10866350680589676,0.25,-0.3890758156776428,0.0,7.734805694781244e-05,-0.35,-0.34999966621398926,3.140127914577006,3.140815019607544,0.0006394486408680677,-8.145896117639495e-07,-0.0017116121016442776
6.320895195007324,-23.2979679107666,36.44507598876953,-0.39990234375,-0.4880664050579071,-0.03195800632238388,-0.5012011528015137,-2.9999967333768662,8.692486763000488,0.004427158019764556,-0.10868033766746521,0.25,-0.301221638917923,0.0,7.741058652754873e-05,-0.35,-0.34999966621398926,3.140116933714247,3.1408023834228516,0.0006112311966717243,-9.454420251131523e-07,-0.0017157363472506404
6.325607538223267,-23.2979679107666,36.44507598876953,-0.39990234375,-0.4880664050579071,-0.03195800632238388,-0.5012011528015137,-2.9999967333768662,8.692486763000488,0.004427158019764556,-0.10868033766746521,0.25,-0.301221638917923,0.0,7.771008677082136e-05,-0.35,-0.34999966621398926,3.140116933714247,3.140791654586792,0.0005737477331422269,-8.999392093755887e-07,-0.0017055554781109095
6.330714702606201,-23.2979679107666,36.54999923706055,-0.39990234375,-0.4893847405910492,-0.03195800632238388,-0.5025878548622131,-2.9999966467422183,8.601128578186035,0.004485480514359331,-0.10873167961835861,0.25,-0.04698275029659271,0.0,7.771008677082136e-05,-0.35,-0.34999966621398926,3.140097492861267,3.140791654586792,0.0005737477331422269,-8.999392093755887e-07,-0.0017055554781109095
6.335149049758911,-23.2979679107666,36.54999923706055,-0.39990234375,-0.4893847405910492,-0.03195800632238388,-0.5025878548622131,-2.9999966467422183,8.601128578186035,0.004485480514359331,-0.10873167961835861,0.25,-0.04698275029659271,0.0,7.80939226388e-05,-0.35,-0.34999966621398926,3.140097492861267,3.1407806873321533,0.0005581188015639782,-9.332426884611777e-07,-0.0017033407930284739
6.340111255645752,-23.2979679107666,36.54999923706055,-0.39990234375,-0.4893847405910492,-0.03195800632238388,-0.5025878548622131,-2.9999966467422183,8.601128578186035,0.004485480514359331,-0.10873167961835861,0.25,-0.04698275029659271,0.0,7.80939226388e-05,-0.35,-0.34999966621398926,3.140097492861267,3.1407806873321533,0.0005581188015639782,-9.332426884611777e-07,-0.0017033407930284739
6.344650745391846,-23.2979679107666,36.60206985473633,-0.39990234375,-0.49003905057907104,-0.03195800632238388,-0.5030907988548279,-2.999996603436776,8.612357139587402,0.004514351316283898,-0.10872416943311691,0.25,-0.07392249256372452,0.0,7.862143684178591e-05,-0.35,-0.34999966621398926,3.140087869249799,3.1407477855682373,0.0006100718164816499,-1.0568635389063274e-06,-0.001716074999421835
6.349607467651367,-23.2979679107666,36.60206985473633,-0.39990234375,-0.49003905057907104,-0.03195800632238388,-0.5030907988548279,-2.999996603436776,8.612357139587402,0.004514351316283898,-0.10872416943311691,0.25,-0.07392249256372452,0.0,7.862143684178591e-05,-0.35,-0.34999966621398926,3.140087869249799,3.1407477855682373,0.0006100718164816499,-1.0568635389063274e-06,-0.001716074999421835
6.355093717575073,-23.2979679107666,36.75870895385742,-0.39990234375,-0.4920312464237213,-0.03195800632238388,-0.5037695169448853,-2.9999964701220105,8.582242012023926,0.004602092510719312,-0.10874183475971222,0.25,0.01244861539453268,0.0,7.865398220019415e-05,-0.35,-0.34999966621398926,3.1400586221512263,3.1407439708709717,0.0006140930345281959,-1.0690953331504716e-06,-0.0017209427896887064
6.359682559967041,-23.2979679107666,36.75870895385742,-0.39990234375,-0.4920312464237213,-0.03195800632238388,-0.5037695169448853,-2.9999964701220105,8.582242012023926,0.004602092510719312,-0.10874183475971222,0.25,0.01244861539453268,0.0,7.883716898504645e-05,-0.35,-0.34999966621398926,3.1400586221512263,3.140725612640381,0.0006061282474547625,-1.2297500688873697e-06,-0.0017247670330107212
6.364462852478027,-23.2979679107666,36.81007766723633,-0.39990234375,-0.4926855266094208,-0.03195800632238388,-0.5031689405441284,-2.999996425923845,8.55111026763916,0.00463081463200953,-0.10876104235649109,0.25,0.09964534640312195,0.0,7.883716898504645e-05,-0.35,-0.34999966621398926,3.1400490480994607,3.140725612640381,0.0006061282474547625,-1.2297500688873697e-06,-0.0017247670330107212
6.369028329849243,-23.2979679107666,36.81007766723633,-0.39990234375,-0.4926855266094208,-0.03195800632238388,-0.5031689405441284,-2.999996425923845,8.55111026763916,0.00463081463200953,-0.10876104235649109,0.25,0.09964534640312195,0.0,7.883716898504645e-05,-0.35,-0.34999966621398926,3.1400490480994607,3.140725612640381,0.0006061282474547625,-1.2297500688873697e-06,-0.0017247670330107212
6.373797416687012,-23.2979679107666,36.96371078491211,-0.39990234375,-0.49464842677116394,-0.03195800632238388,-0.5005224347114563,-2.999996292078495,8.55785083770752,0.004716727178939291,-0.10875459760427475,0.25,0.08673785626888275,0.0,7.883716898504645e-05,-0.35,-0.34999966621398926,3.140020410549063,3.140725612640381,0.0006061282474547625,-1.2297500688873697e-06,-0.0017247670330107212
6.378557443618774,-23.2979679107666,36.96371078491211,-0.39990234375,-0.49464842677116394,-0.03195800632238388,-0.5005224347114563,-2.999996292078495,8.55785083770752,0.004716727178939291,-0.10875459760427475,0.25,0.08673785626888275,0.0,7.850443216739222e-05,-0.35,-0.34999966621398926,3.140020410549063,3.1406872272491455,0.0006868897471576929,-1.731076508804108e-06,-0.0017097452655434608
6.383236408233643,-23.2979679107666,36.96371078491211,-0.39990234375,-0.49464842677116394,-0.03195800632238388,-0.5005224347114563,-2.999996292078495,8.55785083770752,0.004716727178939291,-0.10875459760427475,0.25,0.08673785626888275,0.0,7.850443216739222e-05,-0.35,-0.34999966621398926,3.140020410549063,3.1406872272491455,0.0006868897471576929,-1.731076508804108e-06,-0.0017097452655434608
6.387928009033203,-23.2979679107666,37.01831817626953,-0.39990234375,-0.49534177780151367,-0.03195800632238388,-0.5002245903015137,-2.9999962444204176,8.577277183532715,0.004746942530761953,-0.10874084383249283,0.25,0.03543725237250328,0.0,7.826393994037062e-05,-0.35,-0.34999966621398926,3.1400103387525937,3.1406807899475098,0.0006916728452779353,-1.8982377696374897e-06,-0.001703751739114523
6.392801523208618,-23.2979679107666,37.01831817626953,-0.39990234375,-0.49534177780151367,-0.03195800632238388,-0.5002245903015137,-2.9999962444204176,8.577277183532715,0.004746942530761953,-0.10874084383249283,0.25,0.03543725237250328,0.0,7.78699031798169e-05,-0.35,-0.34999966621398926,3.1400103387525937,3.140669822692871,0.0006860790308564901,-1.8803341390594142e-06,-0.0016996328486129642
6.397725343704224,-23.2979679107666,37.12273406982422,-0.39990234375,-0.49666014313697815,-0.03195800632238388,-0.5002782940864563,-2.9999961532775226,8.596129417419434,0.004804198171245879,-0.10872672498226166,0.25,-0.012528939172625542,0.0,7.78699031798169e-05,-0.35,-0.34999966621398926,3.1399912535149177,3.140669822692871,0.0006860790308564901,-1.8803341390594142e-06,-0.0016996328486129642
6.402534008026123,-23.2979679107666,37.12273406982422,-0.39990234375,-0.49666014313697815,-0.03195800632238388,-0.5002782940864563,-2.9999961532775226,8.596129417419434,0.004804198171245879,-0.10872672498226166,0.25,-0.012528939172625542,0.0,7.756106060696766e-05,-0.35,-0.34999966621398926,3.1399912535149177,3.1406586170196533,0.0006707848515361547,-1.790392730072199e-06,-0.0017000810476019979
6.407175540924072,-23.2979679107666,37.12273406982422,-0.39990234375,-0.49666014313697815,-0.03195800632238388,-0.5002782940864563,-2.9999961532775226,8.596129417419434,0.004804198171245879,-0.10872672498226166,0.25,-0.012528939172625542,0.0,7.756106060696766e-05,-0.35,-0.34999966621398926,3.1399912535149177,3.1406586170196533,0.0006707848515361547,-1.790392730072199e-06,-0.0017000810476019979
6.411714792251587,-23.2979679107666,37.12273406982422,-0.39990234375,-0.49666014313697815,-0.03195800632238388,-0.5002782940864563,-2.9999961532775226,8.596129417419434,0.004804198171245879,-0.10872672498226166,0.25,-0.012528939172625542,0.0,7.745718176010996e-05,-0.35,-0.34999966621398926,3.1399912535149177,3.1406264305114746,0.000603692140430212,-1.9081487607763847e-06,-0.0016860996838659048
6.416316509246826,-23.2979679107666,37.29804611206055,-0.39990234375,-0.49888670444488525,-0.03195800632238388,-0.4984423816204071,-2.9999959974622192,8.533390045166016,0.0049005316716734405,-0.10877050459384918,0.25,0.1655651032924652,0.0,7.745718176010996e-05,-0.35,-0.34999966621398926,3.139959142306103,3.1406264305114746,0.000603692140430212,-1.9081487607763847e-06,-0.0016860996838659048
6.4212260246276855,-23.2979679107666,37.29804611206055,-0.39990234375,-0.49888670444488525,-0.03195800632238388,-0.4984423816204071,-2.9999959974622192,8.533390045166016,0.0049005316716734405,-0.10877050459384918,0.25,0.1655651032924652,0.0,7.758072024444118e-05,-0.35,-0.34999966621398926,3.139959142306103,3.140615463256836,0.0005944818258285522,-1.9627195797511376e-06,-0.0016906496603041887
6.426046848297119,-23.2979679107666,37.29804611206055,-0.39990234375,-0.49888670444488525,-0.03195800632238388,-0.4984423816204071,-2.9999959974622192,8.533390045166016,0.0049005316716734405,-0.10877050459384918,0.25,0.1655651032924652,0.0,7.758072024444118e-05,-0.35,-0.34999966621398926,3.139959142306103,3.140615463256836,0.0005944818258285522,-1.9627195797511376e-06,-0.0016906496603041887
6.430785894393921,-23.2979679107666,37.38113021850586,-0.39990234375,-0.4999414086341858,-0.03195800632238388,-0.4959472417831421,-2.999995922899788,8.491426467895508,0.004945966503059648,-0.1088012307882309,0.25,0.28347986936569214,0.0,7.775105768814683e-05,-0.35,-0.34999966621398926,3.1399439973419137,3.140604257583618,0.0005903634591959417,-2.046912186415284e-06,-0.0016932410653680563
6.435539960861206,-23.2979679107666,37.38113021850586,-0.39990234375,-0.4999414086341858,-0.03195800632238388,-0.4959472417831421,-2.999995922899788,8.491426467895508,0.004945966503059648,-0.1088012307882309,0.25,0.28347986936569214,0.0,7.775105768814683e-05,-0.35,-0.34999966621398926,3.1399439973419137,3.140604257583618,0.0005903634591959417,-2.046912186415284e-06,-0.0016932410653680563
6.440479755401611,-23.2979679107666,37.518943786621094,-0.39990234375,-0.501708984375,-0.03195800632238388,-0.4907568395137787,-2.9999957966666377,8.496603965759277,0.005021950069866033,-0.10879525542259216,0.25,0.2740696966648102,0.0,7.792310498189181e-05,-0.35,-0.34999966621398926,3.1399186694513586,3.1405937671661377,0.0006150827975943685,-2.2168264877109323e-06,-0.00170035008341074
6.445325136184692,-23.2979679107666,37.518943786621094,-0.39990234375,-0.501708984375,-0.03195800632238388,-0.4907568395137787,-2.9999957966666377,8.496603965759277,0.005021950069866033,-0.10879525542259216,0.25,0.2740696966648102,0.0,7.792310498189181e-05,-0.35,-0.34999966621398926,3.1399186694513586,3.1405937671661377,0.0006150827975943685,-2.2168264877109323e-06,-0.00170035008341074
6.449913263320923,-23.2979679107666,37.53968811035156,-0.39990234375,-0.5019726157188416,-0.03195800632238388,-0.4901660084724426,-2.9999957777500414,8.50831127166748,0.00503323771767362,-0.10878566652536392,0.25,0.24268729984760284,0.0,7.765550253679976e-05,-0.35,-0.34999966621398926,3.1399149068968057,3.140570878982544,0.0006710307206958532,-2.8206791284901556e-06,-0.0016987964045256376
6.454607009887695,-23.2979679107666,37.53968811035156,-0.39990234375,-0.5019726157188416,-0.03195800632238388,-0.4901660084724426,-2.9999957777500414,8.50831127166748,0.00503323771767362,-0.10878566652536392,0.25,0.24268729984760284,0.0,7.723957969574258e-05,-0.35,-0.34999966621398926,3.1399149068968057,3.1405603885650635,0.0006935553974471986,-2.7652099561237264e-06,-0.0016960864886641502
6.459584474563599,-23.2979679107666,37.638553619384766,-0.39990234375,-0.5032324194908142,-0.03195800632238388,-0.4882226586341858,-2.999995686910215,8.544598579406738,0.005087093482964177,-0.10875511914491653,0.25,0.1465708464384079,0.0,7.723957969574258e-05,-0.35,-0.34999966621398926,3.139896954949505,3.1405603885650635,0.0006935553974471986,-2.7652099561237264e-06,-0.0016960864886641502
6.464390277862549,-23.2979679107666,37.638553619384766,-0.39990234375,-0.5032324194908142,-0.03195800632238388,-0.4882226586341858,-2.999995686910215,8.544598579406738,0.005087093482964177,-0.10875511914491653,0.25,0.1465708464384079,0.0,7.723957969574258e-05,-0.35,-0.34999966621398926,3.139896954949505,3.1405603885650635,0.0006935553974471986,-2.7652099561237264e-06,-0.0016960864886641502
6.469035863876343,-23.2979679107666,37.638553619384766,-0.39990234375,-0.5032324194908142,-0.03195800632238388,-0.4882226586341858,-2.999995686910215,8.544598579406738,0.005087093482964177,-0.10875511914491653,0.25,0.1465708464384079,0.0,7.643343269592151e-05,-0.35,-0.34999966621398926,3.139896954949505,3.1405391693115234,0.0006738333031535149,-2.450244664942147e-06,-0.0016833007102832198
6.473442554473877,-23.2979679107666,37.689842224121094,-0.39990234375,-0.5038866996765137,-0.03195800632238388,-0.4874804615974426,-2.999995639460295,8.553439140319824,0.005114999434504633,-0.10874718427658081,0.25,0.12407094985246658,0.0,7.643343269592151e-05,-0.35,-0.34999966621398926,3.1398876529522113,3.1405391693115234,0.0006738333031535149,-2.450244664942147e-06,-0.0016833007102832198
6.478085041046143,-23.2979679107666,37.689842224121094,-0.39990234375,-0.5038866996765137,-0.03195800632238388,-0.4874804615974426,-2.999995639460295,8.553439140319824,0.005114999434504633,-0.10874718427658081,0.25,0.12407094985246658,0.0,7.618687232024968e-05,-0.35,-0.34999966621398926,3.1398876529522113,3.1405279636383057,0.0006291906465776265,-2.083042090816889e-06,-0.0016668107127770782
6.482984304428101,-23.2979679107666,37.869022369384766,-0.39990234375,-0.5061621069908142,-0.03195800632238388,-0.4842919707298279,-2.9999954731746343,8.529207229614258,0.00521161507608903,-0.10876557230949402,0.25,0.1964522898197174,0.0,7.604808342875913e-05,-0.35,-0.34999966621398926,3.1398554476906493,3.1405017375946045,0.0006015182589180768,-1.8746713976725005e-06,-0.0016615905333310366
6.487581968307495,-23.2979679107666,37.869022369384766,-0.39990234375,-0.5061621069908142,-0.03195800632238388,-0.4842919707298279,-2.9999954731746343,8.529207229614258,0.00521161507608903,-0.10876557230949402,0.25,0.1964522898197174,0.0,7.604808342875913e-05,-0.35,-0.34999966621398926,3.1398554476906493,3.1405017375946045,0.0006015182589180768,-1.8746713976725005e-06,-0.0016615905333310366
6.492502689361572,-23.2979679107666,37.950897216796875,-0.39990234375,-0.5072070360183716,-0.03195800632238388,-0.4823388457298279,-2.999995396039447,8.533622741699219,0.005255829346520953,-0.10876043885946274,0.25,0.18704728782176971,0.0,7.617098890477791e-05,-0.35,-0.34999966621398926,3.139840709578077,3.1404848098754883,0.000588749535381794,-1.5039979643916013e-06,-0.0016396630089730024
6.49784255027771,-23.2979679107666,37.950897216796875,-0.39990234375,-0.5072070360183716,-0.03195800632238388,-0.4823388457298279,-2.999995396039447,8.533622741699219,0.005255829346520953,-0.10876043885946274,0.25,0.18704728782176971,0.0,7.617098890477791e-05,-0.35,-0.34999966621398926,3.139840709578077,3.1404848098754883,0.000588749535381794,-1.5039979643916013e-06,-0.0016396630089730024
6.502532243728638,-23.2979679107666,37.99968719482422,-0.39990234375,-0.5078319907188416,-0.03195800632238388,-0.4814208745956421,-2.99999534966714,8.551519393920898,0.005282232059936994,-0.10874306410551071,0.25,0.1411648392677307,0.0,7.617098890477791e-05,-0.35,-0.34999966621398926,3.139831908660031,3.1404848098754883,0.000588749535381794,-1.5039979643916013e-06,-0.0016396630089730024
6.507081985473633,-23.2979679107666,37.99968719482422,-0.39990234375,-0.5078319907188416,-0.03195800632238388,-0.4814208745956421,-2.99999534966714,8.551519393920898,0.005282232059936994,-0.10874306410551071,0.25,0.1411648392677307,0.0,7.617098890477791e-05,-0.35,-0.34999966621398926,3.139831908660031,3.1404848098754883,0.000588749535381794,-1.5039979643916013e-06,-0.0016396630089730024
6.512009859085083,-23.2979679107666,37.99968719482422,-0.39990234375,-0.5078319907188416,-0.03195800632238388,-0.4814208745956421,-2.99999534966714,8.551519393920898,0.005282232059936994,-0.10874306410551071,0.25,0.1411648392677307,0.0,7.609574822708964e-05,-0.35,-0.34999966621398926,3.139831908660031,3.140451431274414,0.0006057589198462665,-1.8582798020361224e-06,-0.0016377923311665654
6.516944646835327,-23.2979679107666,38.114959716796875,-0.39990234375,-0.5093066096305847,-0.03195800632238388,-0.47953611612319946,-2.999995239647254,8.552711486816406,0.005344351580651911,-0.10874103009700775,0.25,0.1400773972272873,0.0,7.609574822708964e-05,-0.35,-0.34999966621398926,3.1398112021206495,3.140451431274414,0.0006057589198462665,-1.8582798020361224e-06,-0.0016377923311665654
6.521298408508301,-23.2979679107666,38.114959716796875,-0.39990234375,-0.5093066096305847,-0.03195800632238388,-0.47953611612319946,-2.999995239647254,8.552711486816406,0.005344351580651911,-0.10874103009700775,0.25,0.1400773972272873,0.0,7.610293687321246e-05,-0.35,-0.34999966621398926,3.1398112021206495,3.1404435634613037,0.000594896380789578,-1.9047006389882881e-06,-0.001633897190913558
6.525965929031372,-23.2979679107666,38.20671844482422,-0.39990234375,-0.5104784965515137,-0.03195800632238388,-0.47740721702575684,-2.9999951516189904,8.525146484375,0.005393538963378655,-0.10876531153917313,0.25,0.2185806930065155,0.0,7.61374321882613e-05,-0.35,-0.34999966621398926,3.1397948063001504,3.1404330730438232,0.0005895407521165907,-1.8496205029805424e-06,-0.0016307032201439142
6.5306785106658936,-23.2979679107666,38.20671844482422,-0.39990234375,-0.5104784965515137,-0.03195800632238388,-0.47740721702575684,-2.9999951516189904,8.525146484375,0.005393538963378655,-0.10876531153917313,0.25,0.2185806930065155,0.0,7.61374321882613e-05,-0.35,-0.34999966621398926,3.1397948063001504,3.1404330730438232,0.0005895407521165907,-1.8496205029805424e-06,-0.0016307032201439142
6.535370111465454,-23.2979679107666,38.258827209472656,-0.39990234375,-0.5111425518989563,-0.03195800632238388,-0.4757177531719208,-2.9999951015150335,8.504876136779785,0.005421336164213184,-0.10878366976976395,0.25,0.27581125497817993,0.0,7.618933159392327e-05,-0.35,-0.34999966621398926,3.139785540551487,3.1404221057891846,0.0005871000466868281,-1.9891799638571683e-06,-0.0016315823886543512
6.539995193481445,-23.2979679107666,38.258827209472656,-0.39990234375,-0.5111425518989563,-0.03195800632238388,-0.4757177531719208,-2.9999951015150335,8.504876136779785,0.005421336164213184,-0.10878366976976395,0.25,0.27581125497817993,0.0,7.618933159392327e-05,-0.35,-0.34999966621398926,3.139785540551487,3.1404221057891846,0.0005871000466868281,-1.9891799638571683e-06,-0.0016315823886543512
6.544622421264648,-23.2979679107666,38.418514251708984,-0.39990234375,-0.5131738185882568,-0.03195800632238388,-0.4703906178474426,-2.9999949472367957,8.53054141998291,0.005506047011659744,-0.10875582695007324,0.23562023905516655,0.21053242683410645,0.0,7.57259113015607e-05,-0.35,-0.34999966621398926,3.1397573035555078,3.1403894424438477,0.0006616329192183912,-1.8068096778733889e-06,-0.0016294155502691865
6.549487829208374,-23.2979679107666,38.418514251708984,-0.39990234375,-0.5131738185882568,-0.03195800632238388,-0.4703906178474426,-2.9999949472367957,8.53054141998291,0.005506047011659744,-0.10875582695007324,0.25,0.21053242683410645,0.0,7.57259113015607e-05,-0.35,-0.34999966621398926,3.1397573035555078,3.1403894424438477,0.0006616329192183912,-1.8068096778733889e-06,-0.0016294155502691865
6.554105997085571,-23.2979679107666,38.418514251708984,-0.39990234375,-0.5131738185882568,-0.03195800632238388,-0.4703906178474426,-2.9999949472367957,8.53054141998291,0.005506047011659744,-0.10875582695007324,0.25,0.21053242683410645,0.0,7.526310218963772e-05,-0.35,-0.34999966621398926,3.1397573035555078,3.1403801441192627,0.0006789325270801783,-1.8659148963706684e-06,-0.0016260866541415453
6.558932065963745,-23.2979679107666,38.464881896972656,-0.39990234375,-0.5137597322463989,-0.03195800632238388,-0.4695459008216858,-2.9999949024917703,8.551060676574707,0.005530372807658853,-0.10873474925756454,0.25,0.15573088824748993,0.0,7.526310218963772e-05,-0.35,-0.34999966621398926,3.139749194943124,3.1403801441192627,0.0006789325270801783,-1.8659148963706684e-06,-0.0016260866541415453
6.563816785812378,-23.2979679107666,38.464881896972656,-0.39990234375,-0.5137597322463989,-0.03195800632238388,-0.4695459008216858,-2.9999949024917703,8.551060676574707,0.005530372807658853,-0.10873474925756454,0.25,0.15573088824748993,0.0,7.475745951524004e-05,-0.35,-0.34999966621398926,3.139749194943124,3.1403698921203613,0.000671227986458689,-1.5606783563271165e-06,-0.001610350445844233
6.5685954093933105,-23.2979679107666,38.51679611206055,-0.39990234375,-0.5144140720367432,-0.03195800632238388,-0.468818336725235,-2.999994852389848,8.56457805633545,0.00555748453996596,-0.10872037708759308,0.25,0.12029188126325607,0.0,7.475745951524004e-05,-0.35,-0.34999966621398926,3.1397401576835904,3.1403698921203613,0.000671227986458689,-1.5606783563271165e-06,-0.001610350445844233
6.573237895965576,-23.2979679107666,38.51679611206055,-0.39990234375,-0.5144140720367432,-0.03195800632238388,-0.468818336725235,-2.999994852389848,8.56457805633545,0.00555748453996596,-0.10872037708759308,0.25,0.12029188126325607,0.0,7.386793731711805e-05,-0.35,-0.34999966621398926,3.1397401576835904,3.14034104347229,0.0006155941518954933,-9.816861847866676e-07,-0.0015955404378473759
6.577862024307251,-23.2979679107666,38.685585021972656,-0.39990234375,-0.5165624618530273,-0.03195800632238388,-0.46693846583366394,-2.9999946864839653,8.568842887878418,0.00564633225871192,-0.108713299036026,0.25,0.11378350853919983,0.0,7.386793731711805e-05,-0.35,-0.34999966621398926,3.139710541725708,3.14034104347229,0.0006155941518954933,-9.816861847866676e-07,-0.0015955404378473759
6.582556247711182,-23.2979679107666,38.685585021972656,-0.39990234375,-0.5165624618530273,-0.03195800632238388,-0.46693846583366394,-2.9999946864839653,8.568842887878418,0.00564633225871192,-0.108713299036026,0.25,0.11378350853919983,0.0,7.380925671895966e-05,-0.35,-0.34999966621398926,3.139710541725708,3.140336751937866,0.0006048436625860631,-9.308792527917831e-07,-0.0015931425150483847
6.587691307067871,-23.2979679107666,38.685585021972656,-0.39990234375,-0.5165624618530273,-0.03195800632238388,-0.46693846583366394,-2.9999946864839653,8.568842887878418,0.00564633225871192,-0.108713299036026,0.25,0.11378350853919983,0.0,7.380925671895966e-05,-0.35,-0.34999966621398926,3.139710541725708,3.140336751937866,0.0006048436625860631,-9.308792527917831e-07,-0.0015931425150483847
6.5920445919036865,-23.2979679107666,38.77718734741211,-0.39990234375,-0.5177343487739563,-0.03195800632238388,-0.4648730456829071,-2.9999945951830256,8.528457641601562,0.005694635426060154,-0.10875406116247177,0.25,0.22725093364715576,0.0,7.388989615719765e-05,-0.35,-0.34999966621398926,3.1396944406411627,3.1403183937072754,0.0005544506711885333,-8.186432296497514e-07,-0.0015726868296042085
6.596688508987427,-23.2979679107666,38.77718734741211,-0.39990234375,-0.5177343487739563,-0.03195800632238388,-0.4648730456829071,-2.9999945951830256,8.528457641601562,0.005694635426060154,-0.10875406116247177,0.25,0.22725093364715576,0.0,7.388989615719765e-05,-0.35,-0.34999966621398926,3.1396944406411627,3.1403183937072754,0.0005544506711885333,-8.186432296497514e-07,-0.0015726868296042085
6.601072788238525,-23.2979679107666,38.77718734741211,-0.39990234375,-0.5177343487739563,-0.03195800632238388,-0.4648730456829071,-2.9999945951830256,8.528457641601562,0.005694635426060154,-0.10875406116247177,0.25,0.22725093364715576,0.0,7.388989615719765e-05,-0.35,-0.34999966621398926,3.1396944406411627,3.1403183937072754,0.0005544506711885333,-8.186432296497514e-07,-0.0015726868296042085
6.605689287185669,-23.2979679107666,38.82749938964844,-0.39990234375,-0.5183789134025574,-0.03195800632238388,-0.463081032037735,-2.9999945447371625,8.501328468322754,0.005721149120989942,-0.10878199338912964,0.25,0.3031315803527832,0.0,7.407009979942814e-05,-0.35,-0.34999966621398926,3.139685602726856,3.140308380126953,0.0005404666299000382,-7.368668093477027e-07,-0.0015640497440472245
6.610610246658325,-23.2979679107666,38.969295501708984,-0.39990234375,-0.5201953053474426,-0.03195800632238388,-0.45905759930610657,-2.9999945447371625,8.532491683959961,0.005721149120989942,-0.1087457463145256,0.25,0.22199372947216034,0.0,7.40183240850456e-05,-0.35,-0.34999966621398926,3.139685602726856,3.1402807235717773,0.0005838905926793814,-1.0346809631300857e-06,-0.001555894734337926
6.615268707275391,-23.2979679107666,38.969295501708984,-0.39990234375,-0.5201953053474426,-0.03195800632238388,-0.45905759930610657,-2.999994401767652,8.532491683959961,0.005795633075663104,-0.1087457463145256,0.25,0.22199372947216034,0.0,7.40183240850456e-05,-0.35,-0.34999966621398926,3.139660774696227,3.1402807235717773,0.0005838905926793814,-1.0346809631300857e-06,-0.001555894734337926
6.62006139755249,-23.2979679107666,38.969295501708984,-0.39990234375,-0.5201953053474426,-0.03195800632238388,-0.45905759930610657,-2.999994401767652,8.532491683959961,0.005795633075663104,-0.1087457463145256,0.25,0.22199372947216034,0.0,7.366960926447064e-05,-0.35,-0.34999966621398926,3.139660774696227,3.140268325805664,0.000620504142716527,-1.2187572338007158e-06,-0.0015563300112262368
6.624822378158569,-23.2979679107666,39.0353889465332,-0.39990234375,-0.5210351347923279,-0.03195800632238388,-0.4577929675579071,-2.9999943353582936,8.559746742248535,0.005829907216212022,-0.10871435701847076,0.25,0.1492457538843155,0.0,7.366960926447064e-05,-0.35,-0.34999966621398926,3.1396493499612648,3.140268325805664,0.000620504142716527,-1.2187572338007158e-06,-0.0015563300112262368
6.629804849624634,-23.2979679107666,39.0353889465332,-0.39990234375,-0.5210351347923279,-0.03195800632238388,-0.4577929675579071,-2.9999943353582936,8.559746742248535,0.005829907216212022,-0.10871435701847076,0.25,0.1492457538843155,0.0,7.327045750571415e-05,-0.35,-0.34999966621398926,3.1396493499612648,3.1402580738067627,0.0006345040164887905,-1.3575241837315843e-06,-0.001557119656354189
6.634604454040527,-23.2979679107666,39.08718490600586,-0.39990234375,-0.5216894149780273,-0.03195800632238388,-0.45717284083366394,-2.9999942835039946,8.577210426330566,0.005856529975358712,-0.10869383811950684,0.25,0.10289731621742249,0.0,7.288272172445431e-05,-0.35,-0.34999966621398926,3.1396404756913827,3.1402478218078613,0.000624634325504303,-1.1094190313087893e-06,-0.0015684948302805424
6.63930606842041,-23.2979679107666,39.08718490600586,-0.39990234375,-0.5216894149780273,-0.03195800632238388,-0.45717284083366394,-2.9999942835039946,8.577210426330566,0.005856529975358712,-0.10869383811950684,0.25,0.10289731621742249,0.0,7.288272172445431e-05,-0.35,-0.34999966621398926,3.1396404756913827,3.1402478218078613,0.000624634325504303,-1.1094190313087893e-06,-0.0015684948302805424
6.643905878067017,-23.2979679107666,39.25171661376953,-0.39990234375,-0.5237792730331421,-0.03195800632238388,-0.45622068643569946,-2.9999942835039946,8.60120677947998,0.005856529975358712,-0.10866332054138184,0.25,0.041904229670763016,0.0,7.232917414512485e-05,-0.35,-0.34999966621398926,3.1396404756913827,3.140226125717163,0.0006086516077630222,-1.2378391147649381e-06,-0.0015795889776200056
6.649195909500122,-23.2979679107666,39.25171661376953,-0.39990234375,-0.5237792730331421,-0.03195800632238388,-0.45622068643569946,-2.9999941167053845,8.60120677947998,0.005941357848082732,-0.10866332054138184,0.25,0.041904229670763016,0.0,7.232917414512485e-05,-0.35,-0.34999966621398926,3.139612199679144,3.140226125717163,0.0006086516077630222,-1.2378391147649381e-06,-0.0015795889776200056
6.654048681259155,-23.2979679107666,39.25171661376953,-0.39990234375,-0.5237792730331421,-0.03195800632238388,-0.45622068643569946,-2.9999941167053845,8.60120677947998,0.005941357848082732,-0.10866332054138184,0.25,0.041904229670763016,0.0,7.224034197861329e-05,-0.35,-0.34999966621398926,3.139612199679144,3.1402170658111572,0.0005957388784736395,-1.3563278571382398e-06,-0.0015856411773711443
6.658941745758057,-23.2979679107666,39.348594665527344,-0.39990234375,-0.5249999761581421,-0.03195800632238388,-0.4552978277206421,-2.999994018726678,8.581168174743652,0.00599062635757961,-0.10868462175130844,0.25,0.09960208088159561,0.0,7.224034197861329e-05,-0.35,-0.34999966621398926,3.1395957768101703,3.1402170658111572,0.0005957388784736395,-1.3563278571382398e-06,-0.0015856411773711443
6.663654327392578,-23.2979679107666,39.348594665527344,-0.39990234375,-0.5249999761581421,-0.03195800632238388,-0.4552978277206421,-2.999994018726678,8.581168174743652,0.00599062635757961,-0.10868462175130844,0.25,0.09960208088159561,0.0,7.236668898258358e-05,-0.35,-0.34999966621398926,3.1395957768101703,3.1401968002319336,0.0005538859986700118,-1.6212146647376358e-06,-0.0015800218097865582
6.668198108673096,-23.2979679107666,39.400352478027344,-0.39990234375,-0.5256542563438416,-0.03195800632238388,-0.4542333781719208,-2.9999939659718295,8.553767204284668,0.006016987004620796,-0.10871582478284836,0.25,0.17617610096931458,0.0,7.236668898258358e-05,-0.35,-0.34999966621398926,3.139586989910227,3.1401968002319336,0.0005538859986700118,-1.6212146647376358e-06,-0.0015800218097865582
6.672781705856323,-23.2979679107666,39.400352478027344,-0.39990234375,-0.5256542563438416,-0.03195800632238388,-0.4542333781719208,-2.9999939659718295,8.553767204284668,0.006016987004620796,-0.10871582478284836,0.25,0.17617610096931458,0.0,7.236668898258358e-05,-0.35,-0.34999966621398926,3.139586989910227,3.1401968002319336,0.0005538859986700118,-1.6212146647376358e-06,-0.0015800218097865582
6.6773903369903564,-23.2979679107666,39.5461311340332,-0.39990234375,-0.5275195240974426,-0.03195800632238388,-0.4506542980670929,-2.999993814437539,8.56362247467041,0.006092071610181943,-0.10870034247636795,0.25,0.15329709649085999,0.0,7.236668898258358e-05,-0.35,-0.34999966621398926,3.139561961657402,3.1401968002319336,0.0005538859986700118,-1.6212146647376358e-06,-0.0015800218097865582
6.681995391845703,-23.2979679107666,39.5461311340332,-0.39990234375,-0.5275195240974426,-0.03195800632238388,-0.4506542980670929,-2.999993814437539,8.56362247467041,0.006092071610181943,-0.10870034247636795,0.25,0.15329709649085999,0.0,7.252686191350222e-05,-0.35,-0.34999966621398926,3.139561961657402,3.1401660442352295,0.000592579017393291,-1.9344845441082725e-06,-0.0015528270741924644
6.686635255813599,-23.2979679107666,39.5461311340332,-0.39990234375,-0.5275195240974426,-0.03195800632238388,-0.4506542980670929,-2.999993814437539,8.56362247467041,0.006092071610181943,-0.10870034247636795,0.25,0.15329709649085999,0.0,7.227360765682533e-05,-0.35,-0.34999966621398926,3.139561961657402,3.1401569843292236,0.000612046045716852,-1.9782237359322608e-06,-0.001545384875498712
6.691770315170288,-23.2979679107666,39.60757827758789,-0.39990234375,-0.5283007621765137,-0.03195800632238388,-0.450019508600235,-2.999993750699974,8.592925071716309,0.006123378242768906,-0.1086631491780281,0.25,0.07468633353710175,0.0,7.227360765682533e-05,-0.35,-0.34999966621398926,3.139551526091579,3.1401569843292236,0.000612046045716852,-1.9782237359322608e-06,-0.001545384875498712
6.696398973464966,-23.2979679107666,39.60757827758789,-0.39990234375,-0.5283007621765137,-0.03195800632238388,-0.450019508600235,-2.999993750699974,8.592925071716309,0.006123378242768906,-0.1086631491780281,0.25,0.07468633353710175,0.0,7.193857163656503e-05,-0.35,-0.34999966621398926,3.139551526091579,3.1401469707489014,0.0006191854481585324,-2.022281933022896e-06,-0.0015425070887431502
6.701076984405518,-23.2979679107666,39.65898513793945,-0.39990234375,-0.5289453268051147,-0.03195800632238388,-0.44984373450279236,-2.9999936981033537,8.610050201416016,0.006149092629217695,-0.1086408868432045,0.25,0.02916940674185753,0.0,7.193857163656503e-05,-0.35,-0.34999966621398926,3.1395429546114992,3.1401469707489014,0.0006191854481585324,-2.022281933022896e-06,-0.0015425070887431502
6.705774784088135,-23.2979679107666,39.65898513793945,-0.39990234375,-0.5289453268051147,-0.03195800632238388,-0.44984373450279236,-2.9999936981033537,8.610050201416016,0.006149092629217695,-0.1086408868432045,0.25,0.02916940674185753,0.0,7.125944830477238e-05,-0.35,-0.34999966621398926,3.1395429546114992,3.1401209831237793,0.0005970090860500932,-2.1590849428321235e-06,-0.001548116677440703
6.710314989089966,-23.2979679107666,39.81660079956055,-0.39990234375,-0.5309277176856995,-0.03195800632238388,-0.4500390589237213,-2.999993535403344,8.624096870422363,0.006227964205617366,-0.10861983150243759,0.25,-0.005017855204641819,0.0,7.125944830477238e-05,-0.35,-0.34999966621398926,3.1395166640300944,3.1401209831237793,0.0005970090860500932,-2.1590849428321235e-06,-0.001548116677440703
6.715321779251099,-23.2979679107666,39.81660079956055,-0.39990234375,-0.5309277176856995,-0.03195800632238388,-0.4500390589237213,-2.999993535403344,8.624096870422363,0.006227964205617366,-0.10861983150243759,0.25,-0.005017855204641819,0.0,7.112756429705769e-05,-0.35,-0.34999966621398926,3.1395166640300944,3.1401069164276123,0.0005781201180070639,-2.1886808099225163e-06,-0.0015529891243204474
6.7199320793151855,-23.2979679107666,39.86765670776367,-0.39990234375,-0.5315722823143005,-0.03195800632238388,-0.44984862208366394,-2.999993482192653,8.61097240447998,0.006253543123797379,-0.1086353063583374,0.25,0.032334454357624054,0.0,7.112756429705769e-05,-0.35,-0.34999966621398926,3.139508137705586,3.1401069164276123,0.0005781201180070639,-2.1886808099225163e-06,-0.0015529891243204474
6.724512100219727,-23.2979679107666,39.86765670776367,-0.39990234375,-0.5315722823143005,-0.03195800632238388,-0.44984862208366394,-2.999993482192653,8.61097240447998,0.006253543123797379,-0.1086353063583374,0.25,0.032334454357624054,0.0,7.120888767531142e-05,-0.35,-0.34999966621398926,3.139508137705586,3.1400973796844482,0.000549924501683563,-1.9174276530975476e-06,-0.0015434520319104195
6.729185581207275,-23.2979679107666,39.86765670776367,-0.39990234375,-0.5315722823143005,-0.03195800632238388,-0.44984862208366394,-2.999993482192653,8.61097240447998,0.006253543123797379,-0.1086353063583374,0.25,0.032334454357624054,0.0,7.120888767531142e-05,-0.35,-0.34999966621398926,3.139508137705586,3.1400973796844482,0.000549924501683563,-1.9174276530975476e-06,-0.0015434520319104195
6.734098672866821,-23.2979679107666,39.971561431884766,-0.39990234375,-0.5328906178474426,-0.03195800632238388,-0.4480077922344208,-2.9999933728421944,8.553511619567871,0.006305783290995105,-0.10870680212974548,0.25,0.19262294471263885,0.0,7.13661647750996e-05,-0.35,-0.34999966621398926,3.1394907242783705,3.140087127685547,0.000535405648406595,-1.9700423763424624e-06,-0.0015374108916148543
6.739250183105469,-23.2979679107666,39.971561431884766,-0.39990234375,-0.5328906178474426,-0.03195800632238388,-0.4480077922344208,-2.9999933728421944,8.553511619567871,0.006305783290995105,-0.10870680212974548,0.25,0.19262294471263885,0.0,7.13661647750996e-05,-0.35,-0.34999966621398926,3.1394907242783705,3.140087127685547,0.000535405648406595,-1.9700423763424624e-06,-0.0015374108916148543
6.744252920150757,-23.2979679107666,40.02449035644531,-0.39990234375,-0.5335644483566284,-0.03195800632238388,-0.4470849633216858,-2.999993316701401,8.598616600036621,0.006332436097537477,-0.10864521563053131,0.25,0.07175327837467194,0.0,7.141226524254307e-05,-0.35,-0.34999966621398926,3.139481839989814,3.1400771141052246,0.0005808034911751747,-2.194574790337356e-06,-0.0015196463791653514
6.74950909614563,-23.2979679107666,40.02449035644531,-0.39990234375,-0.5335644483566284,-0.03195800632238388,-0.4470849633216858,-2.999993316701401,8.598616600036621,0.006332436097537477,-0.10864521563053131,0.25,0.07175327837467194,0.0,7.141226524254307e-05,-0.35,-0.34999966621398926,3.139481839989814,3.1400771141052246,0.0005808034911751747,-2.194574790337356e-06,-0.0015196463791653514
6.754060506820679,-23.2979679107666,40.151329040527344,-0.39990234375,-0.5351660251617432,-0.03195800632238388,-0.44725584983825684,-2.9999931829173923,8.666243553161621,0.006395502261326356,-0.10855337232351303,0.25,-0.11161334812641144,0.0,7.066212128847837e-05,-0.35,-0.34999966621398926,3.1394608178879175,3.1400535106658936,0.0006267684511840343,-2.2934257231099764e-06,-0.0015056408010423183
6.75879693031311,-23.2979679107666,40.151329040527344,-0.39990234375,-0.5351660251617432,-0.03195800632238388,-0.44725584983825684,-2.9999931829173923,8.666243553161621,0.006395502261326356,-0.10855337232351303,0.25,-0.11161334812641144,0.0,6.982800550758839e-05,-0.35,-0.34999966621398926,3.1394608178879175,3.14003849029541,0.0006284730043262243,-2.5930362426151987e-06,-0.0014822831144556403
6.763682126998901,-23.2979679107666,40.2346076965332,-0.39990234375,-0.5362011790275574,-0.03195800632238388,-0.4493945240974426,-2.9999930963124877,8.717768669128418,0.006435998556008904,-0.10848189145326614,0.25,-0.2507064640522003,0.0,6.982800550758839e-05,-0.35,-0.34999966621398926,3.1394473190921546,3.14003849029541,0.0006284730043262243,-2.5930362426151987e-06,-0.0014822831144556403
6.768321752548218,-23.2979679107666,40.2346076965332,-0.39990234375,-0.5362011790275574,-0.03195800632238388,-0.4493945240974426,-2.9999930963124877,8.717768669128418,0.006435998556008904,-0.10848189145326614,0.25,-0.2507064640522003,0.0,6.982800550758839e-05,-0.35,-0.34999966621398926,3.1394473190921546,3.14003849029541,0.0006284730043262243,-2.5930362426151987e-06,-0.0014822831144556403
6.77324914932251,-23.2979679107666,40.2346076965332,-0.39990234375,-0.5362011790275574,-0.03195800632238388,-0.4493945240974426,-2.9999930963124877,8.717768669128418,0.006435998556008904,-0.10848189145326614,0.25,-0.2507064640522003,0.0,6.982800550758839e-05,-0.35,-0.34999966621398926,3.1394473190921546,3.14003849029541,0.0006284730043262243,-2.5930362426151987e-06,-0.0014822831144556403
6.777935028076172,-23.2979679107666,40.387107849121094,-0.39990234375,-0.5380957126617432,-0.03195800632238388,-0.45394042134284973,-2.9999929370066987,8.704055786132812,0.006509831789153247,-0.10849674791097641,0.25,-0.20925885438919067,0.0,6.982800550758839e-05,-0.35,-0.34999966621398926,3.1394227079571517,3.14003849029541,0.0006284730043262243,-2.5930362426151987e-06,-0.0014822831144556403
6.782480001449585,-23.2979679107666,40.387107849121094,-0.39990234375,-0.5380957126617432,-0.03195800632238388,-0.45394042134284973,-2.9999929370066987,8.704055786132812,0.006509831789153247,-0.10849674791097641,0.25,-0.20925885438919067,0.0,6.882115849293768e-05,-0.35,-0.34999966621398926,3.1394227079571517,3.140007734298706,0.0005282827187329531,-2.544892822697875e-06,-0.0013780421577394009
6.787479400634766,-23.2979679107666,40.44378662109375,-0.39990234375,-0.5388085842132568,-0.03195800632238388,-0.45484861731529236,-2.999992876634977,8.670432090759277,0.006537594312714001,-0.10854176431894302,0.25,-0.1156838983297348,0.0,6.875363760627806e-05,-0.35,-0.34999966621398926,3.139413453760751,3.1400022506713867,0.0005154880345799029,-2.315278834430501e-06,-0.0013652496272698045
6.792171478271484,-23.2979679107666,40.44378662109375,-0.39990234375,-0.5388085842132568,-0.03195800632238388,-0.45484861731529236,-2.999992876634977,8.670432090759277,0.006537594312714001,-0.10854176431894302,0.25,-0.1156838983297348,0.0,6.875363760627806e-05,-0.35,-0.34999966621398926,3.139413453760751,3.1400022506713867,0.0005154880345799029,-2.315278834430501e-06,-0.0013652496272698045
6.796948194503784,-23.2979679107666,40.55144500732422,-0.39990234375,-0.5401562452316284,-0.03195800632238388,-0.4569726586341858,-2.9999927622134255,8.692768096923828,0.006589891278356141,-0.10850753635168076,0.25,-0.17417745292186737,0.0,6.837698310846463e-05,-0.35,-0.34999966621398926,3.139396021397146,3.139984130859375,0.0005279758479446173,-1.6283051991194952e-06,-0.0013555907644331455
6.801616907119751,-23.2979679107666,40.55144500732422,-0.39990234375,-0.5401562452316284,-0.03195800632238388,-0.4569726586341858,-2.9999927622134255,8.692768096923828,0.006589891278356141,-0.10850753635168076,0.25,-0.17417745292186737,0.0,6.837698310846463e-05,-0.35,-0.34999966621398926,3.139396021397146,3.139984130859375,0.0005279758479446173,-1.6283051991194952e-06,-0.0013555907644331455
6.8063952922821045,-23.2979679107666,40.55144500732422,-0.39990234375,-0.5401562452316284,-0.03195800632238388,-0.4569726586341858,-2.9999927622134255,8.692768096923828,0.006589891278356141,-0.10850753635168076,0.25,-0.17417745292186737,0.0,6.837698310846463e-05,-0.35,-0.34999966621398926,3.139396021397146,3.139984130859375,0.0005279758479446173,-1.6283051991194952e-06,-0.0013555907644331455
6.8113181591033936,-23.2979679107666,40.55144500732422,-0.39990234375,-0.5401562452316284,-0.03195800632238388,-0.4569726586341858,-2.9999927622134255,8.692768096923828,0.006589891278356141,-0.10850753635168076,0.25,-0.17417745292186737,0.0,6.837698310846463e-05,-0.35,-0.34999966621398926,3.139396021397146,3.139984130859375,0.0005279758479446173,-1.6283051991194952e-06,-0.0013555907644331455
6.816064357757568,-23.2979679107666,40.73609161376953,-0.39990234375,-0.5424413681030273,-0.03195800632238388,-0.46296384930610657,-2.9999925674962324,8.738566398620605,0.006677946343123881,-0.10843711346387863,0.25,-0.2951415479183197,0.0,6.724725244566798e-05,-0.35,-0.34999966621398926,3.1393666696371256,3.1399528980255127,0.0005621604504995048,-9.08473850813607e-07,-0.001421440509147942
6.820660829544067,-23.2979679107666,40.73609161376953,-0.39990234375,-0.5424413681030273,-0.03195800632238388,-0.46296384930610657,-2.9999925674962324,8.738566398620605,0.006677946343123881,-0.10843711346387863,0.25,-0.2951415479183197,0.0,6.724725244566798e-05,-0.35,-0.34999966621398926,3.1393666696371256,3.1399528980255127,0.0005621604504995048,-9.08473850813607e-07,-0.001421440509147942
6.825319766998291,-23.2979679107666,40.73609161376953,-0.39990234375,-0.5424413681030273,-0.03195800632238388,-0.46296384930610657,-2.9999925674962324,8.738566398620605,0.006677946343123881,-0.10843711346387863,0.25,-0.2951415479183197,0.0,6.714458140777424e-05,-0.35,-0.3499997556209564,3.1393666696371256,3.139948606491089,0.0005592481466010213,-8.36379001611931e-07,-0.0014358125627040863
6.830031156539917,-23.2979679107666,40.81519317626953,-0.39990234375,-0.5434179306030273,-0.03195800632238388,-0.46503904461860657,-2.9999924838854746,8.705870628356934,0.006715402494270567,-0.10848216712474823,0.25,-0.20360314846038818,0.0,6.714458140777424e-05,-0.35,-0.3499997556209564,3.1393541842223036,3.139948606491089,0.0005592481466010213,-8.36379001611931e-07,-0.0014358125627040863
6.835097312927246,-23.2979679107666,40.81519317626953,-0.39990234375,-0.5434179306030273,-0.03195800632238388,-0.46503904461860657,-2.9999924838854746,8.705870628356934,0.006715402494270567,-0.10848216712474823,0.25,-0.20360314846038818,0.0,6.710073648719117e-05,-0.35,-0.3499997556209564,3.1393541842223036,3.139939069747925,0.0005361804505810142,-8.784242027104483e-07,-0.0014493706403300166
6.839648008346558,-23.2979679107666,40.86765670776367,-0.39990234375,-0.5440722703933716,-0.03195800632238388,-0.46568846702575684,-2.9999924275900547,8.685314178466797,0.006740504604881887,-0.10850906372070312,0.25,-0.14480742812156677,0.0,6.722049874952063e-05,-0.35,-0.34999966621398926,3.139345816831058,3.1399121284484863,0.0005492261843755841,-1.1588160759856692e-06,-0.0014876850182190537
6.8444719314575195,-23.2979679107666,40.86765670776367,-0.39990234375,-0.5440722703933716,-0.03195800632238388,-0.46568846702575684,-2.9999924275900547,8.685314178466797,0.006740504604881887,-0.10850906372070312,0.25,-0.14480742812156677,0.0,6.722049874952063e-05,-0.35,-0.34999966621398926,3.139345816831058,3.1399121284484863,0.0005492261843755841,-1.1588160759856692e-06,-0.0014876850182190537
6.849262952804565,-23.2979679107666,40.98699188232422,-0.39990234375,-0.5455468893051147,-0.03195800632238388,-0.4683593511581421,-2.9999923005574383,8.726570129394531,0.006796807786608452,-0.10844555497169495,0.25,-0.25617358088493347,0.0,6.722049874952063e-05,-0.35,-0.34999966621398926,3.1393270490560465,3.1399121284484863,0.0005492261843755841,-1.1588160759856692e-06,-0.0014876850182190537
6.854247331619263,-23.2979679107666,40.98699188232422,-0.39990234375,-0.5455468893051147,-0.03195800632238388,-0.4683593511581421,-2.9999923005574383,8.726570129394531,0.006796807786608452,-0.10844555497169495,0.25,-0.25617358088493347,0.0,6.707631837343797e-05,-0.35,-0.34999966621398926,3.1393270490560465,3.1399011611938477,0.0005696647567674518,-1.1602019185374957e-06,-0.0014957619132474065
6.858825922012329,-23.2979679107666,41.07890701293945,-0.39990234375,-0.5466894507408142,-0.03195800632238388,-0.4718359410762787,-2.9999923005574383,8.761763572692871,0.006796807786608452,-0.10838993638753891,0.25,-0.3504476845264435,0.0,6.693600153084844e-05,-0.35,-0.34999966621398926,3.1393270490560465,3.1398913860321045,0.0005709180259145796,-1.3805746448269929e-06,-0.001500899437814951
6.864121913909912,-23.2979679107666,41.07890701293945,-0.39990234375,-0.5466894507408142,-0.03195800632238388,-0.4718359410762787,-2.999992201598223,8.761763572692871,0.006840347202150701,-0.10838993638753891,0.25,-0.3504476845264435,0.0,6.693600153084844e-05,-0.35,-0.34999966621398926,3.1393125358800456,3.1398913860321045,0.0005709180259145796,-1.3805746448269929e-06,-0.001500899437814951
6.868834733963013,-23.2979679107666,41.07890701293945,-0.39990234375,-0.5466894507408142,-0.03195800632238388,-0.4718359410762787,-2.999992201598223,8.761763572692871,0.006840347202150701,-0.10838993638753891,0.25,-0.3504476845264435,0.0,6.68884240440093e-05,-0.35,-0.34999966621398926,3.1393125358800456,3.1398813724517822,0.0005526117165572941,-1.614054781384766e-06,-0.0014928546734154224
6.8732523918151855,-23.2979679107666,41.133201599121094,-0.39990234375,-0.54736328125,-0.03195800632238388,-0.47395506501197815,-2.999992143094939,8.759191513061523,0.006865957226580232,-0.10839211195707321,0.25,-0.3421192169189453,0.0,6.68884240440093e-05,-0.35,-0.34999966621398926,3.1393039991829617,3.1398813724517822,0.0005526117165572941,-1.614054781384766e-06,-0.0014928546734154224
6.877991676330566,-23.2979679107666,41.133201599121094,-0.39990234375,-0.54736328125,-0.03195800632238388,-0.47395506501197815,-2.999992143094939,8.759191513061523,0.006865957226580232,-0.10839211195707321,0.25,-0.3421192169189453,0.0,6.68884240440093e-05,-0.35,-0.34999966621398926,3.1393039991829617,3.1398813724517822,0.0005526117165572941,-1.614054781384766e-06,-0.0014928546734154224
6.882490158081055,-23.2979679107666,41.30640411376953,-0.39990234375,-0.5495214462280273,-0.03195800632238388,-0.4777783155441284,-2.999991954745559,8.659628868103027,0.00694776668581908,-0.10853943228721619,0.25,-0.0651950091123581,0.0,6.733491318300366e-05,-0.35,-0.34999966621398926,3.139276729290942,3.1398541927337646,0.0004809763631783426,-1.7457130070397398e-06,-0.0014493223279714584
6.8870532512664795,-23.2979679107666,41.30640411376953,-0.39990234375,-0.5495214462280273,-0.03195800632238388,-0.4777783155441284,-2.999991954745559,8.659628868103027,0.00694776668581908,-0.10853943228721619,0.25,-0.0651950091123581,0.0,6.768595631001517e-05,-0.35,-0.34999966621398926,3.139276729290942,3.1398441791534424,0.00046831040526740253,-1.8095120140060317e-06,-0.0014295068103820086
6.891732454299927,-23.2979679107666,41.39402389526367,-0.39990234375,-0.5506249666213989,-0.03195800632238388,-0.4771093726158142,-2.999991857733153,8.596549034118652,0.006989530369480277,-0.10863476246595383,0.25,0.1097504198551178,0.0,6.768595631001517e-05,-0.35,-0.34999966621398926,3.1392628080254967,3.1398441791534424,0.00046831040526740253,-1.8095120140060317e-06,-0.0014295068103820086
6.896311521530151,-23.2979679107666,41.39402389526367,-0.39990234375,-0.5506249666213989,-0.03195800632238388,-0.4771093726158142,-2.999991857733153,8.596549034118652,0.006989530369480277,-0.10863476246595383,0.25,0.1097504198551178,0.0,6.79825316183269e-05,-0.35,-0.34999966621398926,3.1392628080254967,3.1398348808288574,0.0004688316257670522,-1.8391589264865615e-06,-0.0014171191724017262
6.900877237319946,-23.2979679107666,41.39402389526367,-0.39990234375,-0.5506249666213989,-0.03195800632238388,-0.4771093726158142,-2.999991857733153,8.596549034118652,0.006989530369480277,-0.10863476246595383,0.25,0.1097504198551178,0.0,6.79825316183269e-05,-0.35,-0.34999966621398926,3.1392628080254967,3.1398348808288574,0.0004688316257670522,-1.8391589264865615e-06,-0.0014171191724017262
6.905478477478027,-23.2979679107666,41.39402389526367,-0.39990234375,-0.5506249666213989,-0.03195800632238388,-0.4771093726158142,-2.999991857733153,8.596549034118652,0.006989530369480277,-0.10863476246595383,0.25,0.1097504198551178,0.0,6.849225610494614e-05,-0.35,-0.34999966621398926,3.1392628080254967,3.1398093700408936,0.0004996611969545484,-2.1723319605371216e-06,-0.0014246864011511207
6.910145998001099,-23.2979679107666,41.39402389526367,-0.39990234375,-0.5506249666213989,-0.03195800632238388,-0.4771093726158142,-2.999991857733153,8.596549034118652,0.006989530369480277,-0.10863476246595383,0.25,0.1097504198551178,0.0,6.849225610494614e-05,-0.35,-0.34999966621398926,3.1392628080254967,3.1398093700408936,0.0004996611969545484,-2.1723319605371216e-06,-0.0014246864011511207
6.915271282196045,-23.2979679107666,41.55585861206055,-0.39990234375,-0.5526952743530273,-0.03195800632238388,-0.4712255895137787,-2.999991674223243,8.487789154052734,0.007067856197010519,-0.10880109667778015,0.23661490853106626,0.41166701912879944,0.0,6.852961087133735e-05,-0.35,-0.34999966621398926,3.1392366993446617,3.1398062705993652,0.0005038334638811648,-2.1411606212495826e-06,-0.0014282186748459935
6.919956684112549,-23.2979679107666,41.55585861206055,-0.39990234375,-0.5526952743530273,-0.03195800632238388,-0.4712255895137787,-2.999991674223243,8.487789154052734,0.007067856197010519,-0.10880109667778015,0.25,0.41166701912879944,0.0,6.852961087133735e-05,-0.35,-0.34999966621398926,3.1392366993446617,3.1398062705993652,0.0005038334638811648,-2.1411606212495826e-06,-0.0014282186748459935
6.924471616744995,-23.2979679107666,41.65171813964844,-0.39990234375,-0.5539257526397705,-0.03195800632238388,-0.46534666419029236,-2.999991564539868,8.437613487243652,0.007114259598612212,-0.10887840390205383,0.21650022766201968,0.5514710545539856,0.0,6.856601976323873e-05,-0.35,-0.34999966621398926,3.139221231500918,3.139788866043091,0.0005289969849400222,-2.243751168862218e-06,-0.0014457073993980885
6.929312705993652,-23.2979679107666,41.65171813964844,-0.39990234375,-0.5539257526397705,-0.03195800632238388,-0.46534666419029236,-2.999991564539868,8.437613487243652,0.007114259598612212,-0.10887840390205383,0.25,0.5514710545539856,0.0,6.856601976323873e-05,-0.35,-0.34999966621398926,3.139221231500918,3.139788866043091,0.0005289969849400222,-2.243751168862218e-06,-0.0014457073993980885
6.934614181518555,-23.2979679107666,41.703163146972656,-0.39990234375,-0.5545898079872131,-0.03195800632238388,-0.462158203125,-2.9999915051086723,8.448415756225586,0.0071392769803683784,-0.10885948687791824,0.25,0.5230823159217834,0.0,6.830712663941085e-05,-0.35,-0.34999966621398926,3.1392128923501352,3.1397793292999268,0.0005718355532735586,-2.2554825136467116e-06,-0.001450100913643837
6.939454555511475,-23.2979679107666,41.703163146972656,-0.39990234375,-0.5545898079872131,-0.03195800632238388,-0.462158203125,-2.9999915051086723,8.448415756225586,0.0071392769803683784,-0.10885948687791824,0.25,0.5230823159217834,0.0,6.830712663941085e-05,-0.35,-0.34999966621398926,3.1392128923501352,3.1397793292999268,0.0005718355532735586,-2.2554825136467116e-06,-0.001450100913643837
6.943976879119873,-23.2979679107666,41.703163146972656,-0.39990234375,-0.5545898079872131,-0.03195800632238388,-0.462158203125,-2.9999915051086723,8.448415756225586,0.0071392769803683784,-0.10885948687791824,0.25,0.5230823159217834,0.0,6.79821168887429e-05,-0.35,-0.34999966621398926,3.1392128923501352,3.139770030975342,0.000570288160815835,-1.9817723568849033e-06,-0.001425791415385902
6.948765277862549,-23.2979679107666,41.87386703491211,-0.39990234375,-0.5567968487739563,-0.03195800632238388,-0.4508447051048279,-2.999991306694533,8.414949417114258,0.00722217122676299,-0.10890928655862808,0.09884043849219701,0.6188181638717651,0.0,6.79821168887429e-05,-0.35,-0.34999966621398926,3.139185260855516,3.139770030975342,0.000570288160815835,-1.9817723568849033e-06,-0.001425791415385902
6.953327178955078,-23.2979679107666,41.87386703491211,-0.39990234375,-0.5567968487739563,-0.03195800632238388,-0.4508447051048279,-2.999991306694533,8.414949417114258,0.00722217122676299,-0.10890928655862808,0.25,0.6188181638717651,0.0,6.739723903592676e-05,-0.35,-0.3499997556209564,3.139185260855516,3.139749526977539,0.0005385567201301455,-1.784178721209173e-06,-0.0013910490088164806
6.958091497421265,-23.2979679107666,41.907188415527344,-0.39990234375,-0.5572265386581421,-0.03195800632238388,-0.4482665956020355,-2.9999912679438854,8.403778076171875,0.007238249818755478,-0.10892673581838608,0.25,0.6502145528793335,0.0,6.72967653372325e-05,-0.35,-0.34999966621398926,3.1391799013092867,3.139742851257324,0.0005279508768580854,-1.692355453997152e-06,-0.0013769541401416063
6.963070392608643,-23.2979679107666,41.907188415527344,-0.39990234375,-0.5572265386581421,-0.03195800632238388,-0.4482665956020355,-2.9999912679438854,8.403778076171875,0.007238249818755478,-0.10892673581838608,0.25,0.6502145528793335,0.0,6.72967653372325e-05,-0.35,-0.34999966621398926,3.1391799013092867,3.139742851257324,0.0005279508768580854,-1.692355453997152e-06,-0.0013769541401416063
6.967843294143677,-23.2979679107666,41.958946228027344,-0.39990234375,-0.5579003691673279,-0.03195800632238388,-0.44447264075279236,-2.9999912069487933,8.41648006439209,0.007263486072282679,-0.10890399664640427,0.25,0.6165964007377625,0.0,6.703202234348282e-05,-0.35,-0.34999966621398926,3.139171489200207,3.1397340297698975,0.000539362255949527,-1.5523446563747711e-06,-0.0013596657663583755
6.972537040710449,-23.2979679107666,41.958946228027344,-0.39990234375,-0.5579003691673279,-0.03195800632238388,-0.44447264075279236,-2.9999912069487933,8.41648006439209,0.007263486072282679,-0.10890399664640427,0.25,0.6165964007377625,0.0,6.703202234348282e-05,-0.35,-0.34999966621398926,3.139171489200207,3.1397340297698975,0.000539362255949527,-1.5523446563747711e-06,-0.0013596657663583755
6.977348327636719,-23.2979679107666,42.12804412841797,-0.39990234375,-0.5600878596305847,-0.03195800632238388,-0.43250975012779236,-2.999991008443107,8.42966079711914,0.007345016031800879,-0.10887640714645386,0.07179917502450517,0.5843478441238403,0.0,6.626105459872633e-05,-0.35,-0.34999966621398926,3.1391443124664815,3.139708995819092,0.0005306741804815829,-1.163570914286538e-06,-0.0013262317515909672
6.981778383255005,-23.2979679107666,42.12804412841797,-0.39990234375,-0.5600878596305847,-0.03195800632238388,-0.43250975012779236,-2.999991008443107,8.42966079711914,0.007345016031800879,-0.10887640714645386,0.25,0.5843478441238403,0.0,6.626105459872633e-05,-0.35,-0.34999966621398926,3.1391443124664815,3.139708995819092,0.0005306741804815829,-1.163570914286538e-06,-0.0013262317515909672
6.986297607421875,-23.2979679107666,42.16218566894531,-0.39990234375,-0.5605273246765137,-0.03195800632238388,-0.43016600608825684,-2.9999909684677655,8.431924819946289,0.007361325413070851,-0.10887143760919571,0.25,0.5789194107055664,0.0,6.597748142667115e-05,-0.35,-0.34999966621398926,3.139138875989728,3.139699935913086,0.0005275998264551163,-1.1023189472325612e-06,-0.0013261256972327828
6.9915931224823,-23.2979679107666,42.16218566894531,-0.39990234375,-0.5605273246765137,-0.03195800632238388,-0.43016600608825684,-2.9999909684677655,8.431924819946289,0.007361325413070851,-0.10887143760919571,0.25,0.5789194107055664,0.0,6.557362212333828e-05,-0.35,-0.34999966621398926,3.139138875989728,3.1396913528442383,0.000551205244846642,-1.110719040298136e-06,-0.0013304436579346657
6.996068000793457,-23.2979679107666,42.265586853027344,-0.39990234375,-0.5618652105331421,-0.03195800632238388,-0.42393064498901367,-2.9999909684677655,8.462445259094238,0.007361325413070851,-0.10881564021110535,0.25,0.4975624084472656,0.0,6.557362212333828e-05,-0.35,-0.34999966621398926,3.139138875989728,3.1396913528442383,0.000551205244846642,-1.110719040298136e-06,-0.0013304436579346657
7.000767707824707,-23.2979679107666,42.265586853027344,-0.39990234375,-0.5618652105331421,-0.03195800632238388,-0.42393064498901367,-2.9999908463311464,8.462445259094238,0.007410933094544974,-0.10881564021110535,0.18090258333590123,0.4975624084472656,0.0,6.518296868307516e-05,-0.35,-0.34999966621398926,3.1391223400457853,3.139683246612549,0.0005474708159454167,-8.993977189675206e-07,-0.001323420088738203
7.005238056182861,-23.2979679107666,42.265586853027344,-0.39990234375,-0.5618652105331421,-0.03195800632238388,-0.42393064498901367,-2.9999908463311464,8.462445259094238,0.007410933094544974,-0.10881564021110535,0.25,0.4975624084472656,0.0,6.518296868307516e-05,-0.35,-0.34999966621398926,3.1391223400457853,3.139683246612549,0.0005474708159454167,-8.993977189675206e-07,-0.001323420088738203
7.009925603866577,-23.2979679107666,42.40707015991211,-0.39990234375,-0.563671886920929,-0.03195800632238388,-0.4155322313308716,-2.999990681239114,8.449542999267578,0.007477464709099404,-0.10883321613073349,0.12769504452029407,0.536043107509613,0.0,6.518296868307516e-05,-0.35,-0.34999966621398926,3.1391001627726567,3.139683246612549,0.0005474708159454167,-8.993977189675206e-07,-0.001323420088738203
7.014689922332764,-23.2979679107666,42.40707015991211,-0.39990234375,-0.563671886920929,-0.03195800632238388,-0.4155322313308716,-2.999990681239114,8.449542999267578,0.007477464709099404,-0.10883321613073349,0.25,0.536043107509613,0.0,6.449154170695692e-05,-0.35,-0.34999966621398926,3.1391001627726567,3.1396591663360596,0.0005006582941859961,-8.431266564912221e-07,-0.0013105603866279125
7.019518852233887,-23.2979679107666,42.46957015991211,-0.39990234375,-0.5644823908805847,-0.03195800632238388,-0.4115234315395355,-2.999990606651954,8.451147079467773,0.00750732975443661,-0.1088281199336052,0.2206360224093291,0.5330159068107605,0.0,6.449154170695692e-05,-0.35,-0.34999966621398926,3.1390902077264977,3.1396591663360596,0.0005006582941859961,-8.431266564912221e-07,-0.0013105603866279125
7.024313926696777,-23.2979679107666,42.46957015991211,-0.39990234375,-0.5644823908805847,-0.03195800632238388,-0.4115234315395355,-2.999990606651954,8.451147079467773,0.00750732975443661,-0.1088281199336052,0.25,0.5330159068107605,0.0,6.438892160076648e-05,-0.35,-0.34999966621398926,3.1390902077264977,3.1396493911743164,0.0004865825758315623,-6.991834879954695e-07,-0.0012947262730449438
7.029074192047119,-23.2979679107666,42.46957015991211,-0.39990234375,-0.5644823908805847,-0.03195800632238388,-0.4115234315395355,-2.999990606651954,8.451147079467773,0.00750732975443661,-0.1088281199336052,0.25,0.5330159068107605,0.0,6.438892160076648e-05,-0.35,-0.34999966621398926,3.1390902077264977,3.1396493911743164,0.0004865825758315623,-6.991834879954695e-07,-0.0012947262730449438
7.033867359161377,-23.2979679107666,42.52159881591797,-0.39990234375,-0.5651562213897705,-0.03195800632238388,-0.40825194120407104,-2.99999054454384,8.45228099822998,0.007532107776205263,-0.10882426053285599,0.23278193958859683,0.531044602394104,0.0,6.438462878577411e-05,-0.35,-0.34999966621398926,3.1390819483599617,3.1396408081054688,0.0004660880076698959,-6.476852831838187e-07,-0.0012749324087053537
7.038532018661499,-23.2979679107666,42.52159881591797,-0.39990234375,-0.5651562213897705,-0.03195800632238388,-0.40825194120407104,-2.99999054454384,8.45228099822998,0.007532107776205263,-0.10882426053285599,0.25,0.531044602394104,0.0,6.438462878577411e-05,-0.35,-0.34999966621398926,3.1390819483599617,3.1396408081054688,0.0004660880076698959,-6.476852831838187e-07,-0.0012749324087053537
7.042916297912598,-23.2979679107666,42.660545349121094,-0.39990234375,-0.5669335722923279,-0.03195800632238388,-0.40077635645866394,-2.9999903807147072,8.491626739501953,0.007597079651136453,-0.108749158680439,0.12454581611424459,0.4261646866798401,0.0,6.392781506292522e-05,-0.35,-0.34999966621398926,3.1390602909994674,3.139618396759033,0.000508263532537967,-8.279959047285956e-07,-0.0012829178012907505
7.047558784484863,-23.2979679107666,42.660545349121094,-0.39990234375,-0.5669335722923279,-0.03195800632238388,-0.40077635645866394,-2.9999903807147072,8.491626739501953,0.007597079651136453,-0.108749158680439,0.25,0.4261646866798401,0.0,6.361529813148081e-05,-0.35,-0.34999966621398926,3.1390602909994674,3.1396074295043945,0.000509951263666153,-1.0611764764689724e-06,-0.0012931915698572993
7.0523059368133545,-23.2979679107666,42.72796630859375,-0.39990234375,-0.5677929520606995,-0.03195800632238388,-0.3976074159145355,-2.9999903013151266,8.503483772277832,0.00762836910327697,-0.10872535407543182,0.2257649698915908,0.39509302377700806,0.0,6.361529813148081e-05,-0.35,-0.34999966621398926,3.1390498611485067,3.1396074295043945,0.000509951263666153,-1.0611764764689724e-06,-0.0012931915698572993
7.056861400604248,-23.2979679107666,42.72796630859375,-0.39990234375,-0.5677929520606995,-0.03195800632238388,-0.3976074159145355,-2.9999903013151266,8.503483772277832,0.00762836910327697,-0.10872535407543182,0.25,0.39509302377700806,0.0,6.331217446131632e-05,-0.35,-0.34999966621398926,3.1390498611485067,3.139599323272705,0.0005262189661152661,-1.4370980352396145e-06,-0.001304065459407866
7.0616090297698975,-23.2979679107666,42.83034896850586,-0.39990234375,-0.569091796875,-0.03195800632238388,-0.3936425745487213,-2.9999901811469103,8.532336235046387,0.00767548188252379,-0.1086692288517952,0.20583562726223303,0.318144291639328,0.0,6.331217446131632e-05,-0.35,-0.34999966621398926,3.139034156837673,3.139599323272705,0.0005262189661152661,-1.4370980352396145e-06,-0.001304065459407866
7.066178560256958,-23.2979679107666,42.83034896850586,-0.39990234375,-0.569091796875,-0.03195800632238388,-0.3936425745487213,-2.9999901811469103,8.532336235046387,0.00767548188252379,-0.1086692288517952,0.25,0.318144291639328,0.0,6.305298302322626e-05,-0.35,-0.34999966621398926,3.139034156837673,3.1395909786224365,0.000519018096383661,-1.6191333997994661e-06,-0.0013028630055487156
7.070965766906738,-23.2979679107666,42.83034896850586,-0.39990234375,-0.569091796875,-0.03195800632238388,-0.3936425745487213,-2.9999901811469103,8.532336235046387,0.00767548188252379,-0.1086692288517952,0.25,0.318144291639328,0.0,6.305298302322626e-05,-0.35,-0.34999966621398926,3.139034156837673,3.1395909786224365,0.000519018096383661,-1.6191333997994661e-06,-0.0013028630055487156
7.076141357421875,-23.2979679107666,42.882225036621094,-0.39990234375,-0.5697558522224426,-0.03195800632238388,-0.3915673792362213,-2.999990119427719,8.503366470336914,0.007699567264371323,-0.10871829092502594,0.24759168112082486,0.3996184766292572,0.0,6.293518526945263e-05,-0.35,-0.34999987483024597,3.139026128350698,3.1395673751831055,0.00044149553286843,-1.6482060800626641e-06,-0.001250562840141356
7.080846309661865,-23.2979679107666,42.882225036621094,-0.39990234375,-0.5697558522224426,-0.03195800632238388,-0.3915673792362213,-2.999990119427719,8.503366470336914,0.007699567264371323,-0.10871829092502594,0.25,0.3996184766292572,0.0,6.293518526945263e-05,-0.35,-0.34999987483024597,3.139026128350698,3.1395673751831055,0.00044149553286843,-1.6482060800626641e-06,-0.001250562840141356
7.085307836532593,-23.2979679107666,42.99687576293945,-0.39990234375,-0.5712206959724426,-0.03195800632238388,-0.3854394555091858,-2.999989983007252,8.461005210876465,0.007752538690675203,-0.1087937131524086,0.1454347879498797,0.5170658230781555,0.0,6.297929940046743e-05,-0.35,-0.34999987483024597,3.1390084711500412,3.139564275741577,0.000431461347034201,-1.6404628695454448e-06,-0.0012420816347002983
7.089709520339966,-23.2979679107666,42.99687576293945,-0.39990234375,-0.5712206959724426,-0.03195800632238388,-0.3854394555091858,-2.999989983007252,8.461005210876465,0.007752538690675203,-0.1087937131524086,0.25,0.5170658230781555,0.0,6.297929940046743e-05,-0.35,-0.34999987483024597,3.1390084711500412,3.139564275741577,0.000431461347034201,-1.6404628695454448e-06,-0.0012420816347002983
7.094434499740601,-23.2979679107666,43.086639404296875,-0.39990234375,-0.5723828077316284,-0.03195800632238388,-0.3787939250469208,-2.999989874089078,8.410860061645508,0.00779457266301631,-0.10888314247131348,0.1368219744588908,0.6563520431518555,0.0,6.323883280856535e-05,-0.35,-0.34999966621398926,3.1389944597788895,3.1395504474639893,0.0004280544526409358,-1.4216196859706542e-06,-0.0012346908915787935
7.0988006591796875,-23.2979679107666,43.086639404296875,-0.39990234375,-0.5723828077316284,-0.03195800632238388,-0.3787939250469208,-2.999989874089078,8.410860061645508,0.00779457266301631,-0.10888314247131348,0.25,0.6563520431518555,0.0,6.323883280856535e-05,-0.35,-0.34999966621398926,3.1389944597788895,3.1395504474639893,0.0004280544526409358,-1.4216196859706542e-06,-0.0012346908915787935
7.103626728057861,-23.2979679107666,43.086639404296875,-0.39990234375,-0.5723828077316284,-0.03195800632238388,-0.3787939250469208,-2.999989874089078,8.410860061645508,0.00779457266301631,-0.10888314247131348,0.25,0.6563520431518555,0.0,6.317498628050089e-05,-0.35,-0.34999966621398926,3.1389944597788895,3.139542579650879,0.0004640007682610303,-1.3901615147915436e-06,-0.0012422780273482203
7.108522891998291,-23.2979679107666,43.22925567626953,-0.39990234375,-0.5742285251617432,-0.03195800632238388,-0.3682568371295929,-2.999989700516211,8.420215606689453,0.007861093858536818,-0.10886026173830032,0.0538279719305354,0.6336378455162048,0.0,6.317498628050089e-05,-0.35,-0.34999966621398926,3.1389722859715654,3.139542579650879,0.0004640007682610303,-1.3901615147915436e-06,-0.0012422780273482203
7.113220453262329,-23.2979679107666,43.22925567626953,-0.39990234375,-0.5742285251617432,-0.03195800632238388,-0.3682568371295929,-2.999989700516211,8.420215606689453,0.007861093858536818,-0.10886026173830032,0.25,0.6336378455162048,0.0,6.295253115240484e-05,-0.35,-0.34999966621398926,3.1389722859715654,3.1395246982574463,0.0004601807158906013,-1.3008464065933367e-06,-0.0012246700935065746
7.117924213409424,-23.2979679107666,43.2902717590332,-0.39990234375,-0.5750195384025574,-0.03195800632238388,-0.36345213651657104,-2.999989625873942,8.407973289489746,0.007889527788614115,-0.10888100415468216,0.16304935149682676,0.6684342622756958,0.0,6.295253115240484e-05,-0.35,-0.34999966621398926,3.1389628079622156,3.1395246982574463,0.0004601807158906013,-1.3008464065933367e-06,-0.0012246700935065746
7.122522830963135,-23.2979679107666,43.2902717590332,-0.39990234375,-0.5750195384025574,-0.03195800632238388,-0.36345213651657104,-2.999989625873942,8.407973289489746,0.007889527788614115,-0.10888100415468216,0.25,0.6684342622756958,0.0,6.287451833486557e-05,-0.35,-0.34999966621398926,3.1389628079622156,3.1395184993743896,0.0004633550124708563,-1.148375076809316e-06,-0.0012234506430104375
7.127389907836914,-23.2979679107666,43.3408203125,-0.39990234375,-0.5756738185882568,-0.03195800632238388,-0.3597168028354645,-2.999989625873942,8.425125122070312,0.007889527788614115,-0.10884643346071243,0.25,0.6224361658096313,0.0,6.20260470896028e-05,-0.35,-0.34999966621398926,3.1389628079622156,3.139502763748169,0.0005443335976451635,-7.961646701915015e-07,-0.0012386483140289783
7.132047176361084,-23.2979679107666,43.3408203125,-0.39990234375,-0.5756738185882568,-0.03195800632238388,-0.3597168028354645,-2.9999895640592644,8.425125122070312,0.007912997883565979,-0.10884643346071243,0.18200264998818538,0.6224361658096313,0.0,6.20260470896028e-05,-0.35,-0.34999966621398926,3.1389549845700975,3.139502763748169,0.0005443335976451635,-7.961646701915015e-07,-0.0012386483140289783
7.13704514503479,-23.2979679107666,43.44417953491211,-0.39990234375,-0.5770019292831421,-0.03195800632238388,-0.35349607467651367,-2.999989438546212,8.476042747497559,0.007960440388927006,-0.10874483734369278,0.13276532564642934,0.48489755392074585,0.0,6.20260470896028e-05,-0.35,-0.34999966621398926,3.138939170346301,3.139502763748169,0.0005443335976451635,-7.961646701915015e-07,-0.0012386483140289783
7.141862869262695,-23.2979679107666,43.44417953491211,-0.39990234375,-0.5770019292831421,-0.03195800632238388,-0.35349607467651367,-2.999989438546212,8.476042747497559,0.007960440388927006,-0.10874483734369278,0.25,0.48489755392074585,0.0,6.20260470896028e-05,-0.35,-0.34999966621398926,3.138939170346301,3.139502763748169,0.0005443335976451635,-7.961646701915015e-07,-0.0012386483140289783
7.146868944168091,-23.2979679107666,43.44417953491211,-0.39990234375,-0.5770019292831421,-0.03195800632238388,-0.35349607467651367,-2.999989438546212,8.476042747497559,0.007960440388927006,-0.10874483734369278,0.25,0.48489755392074585,0.0,5.973887164145708e-05,-0.35,-0.3499997556209564,3.138939170346301,3.139477252960205,0.0005869019660167396,-7.30953729544126e-07,-0.001257355441339314
7.151331186294556,-23.2979679107666,43.556209564208984,-0.39990234375,-0.5784277319908142,-0.03195800632238388,-0.3489111363887787,-2.999989303743499,8.550612449645996,0.008011081362410813,-0.10859571397304535,0.15081285134954675,0.28264620900154114,0.0,5.973887164145708e-05,-0.35,-0.3499997556209564,3.1389222899620006,3.139477252960205,0.0005869019660167396,-7.30953729544126e-07,-0.001257355441339314
7.155974864959717,-23.2979679107666,43.556209564208984,-0.39990234375,-0.5784277319908142,-0.03195800632238388,-0.3489111363887787,-2.999989303743499,8.550612449645996,0.008011081362410813,-0.10859571397304535,0.25,0.28264620900154114,0.0,5.91371936025098e-05,-0.35,-0.34999966621398926,3.1389222899620006,3.139470338821411,0.000577797181904316,-5.94659297803446e-07,-0.0012560689356178045
7.160867929458618,-23.2979679107666,43.65144348144531,-0.39990234375,-0.5796288847923279,-0.03195800632238388,-0.3466503918170929,-2.9999891901462648,8.588892936706543,0.008053508897198237,-0.10851667076349258,0.20555086790461097,0.17952245473861694,0.0,5.91371936025098e-05,-0.35,-0.34999966621398926,3.138908147399713,3.139470338821411,0.000577797181904316,-5.94659297803446e-07,-0.0012560689356178045
7.165876865386963,-23.2979679107666,43.65144348144531,-0.39990234375,-0.5796288847923279,-0.03195800632238388,-0.3466503918170929,-2.9999891901462648,8.588892936706543,0.008053508897198237,-0.10851667076349258,0.25,0.17952245473861694,0.0,5.857846554135904e-05,-0.35,-0.34999966621398926,3.138908147399713,3.13946270942688,0.0005546154570765793,-3.751810595531424e-07,-0.001266653649508953
7.170510530471802,-23.2979679107666,43.79460906982422,-0.39990234375,-0.5814355611801147,-0.03195800632238388,-0.3428662121295929,-2.9999890187409135,8.549696922302246,0.00811710748544613,-0.10858753323554993,0.16705946919940756,0.2896127700805664,0.0,5.857846554135904e-05,-0.35,-0.34999966621398926,3.138886947793304,3.13946270942688,0.0005546154570765793,-3.751810595531424e-07,-0.001266653649508953
7.17516827583313,-23.2979679107666,43.79460906982422,-0.39990234375,-0.5814355611801147,-0.03195800632238388,-0.3428662121295929,-2.9999890187409135,8.549696922302246,0.00811710748544613,-0.10858753323554993,0.24872656464576723,0.2896127700805664,0.0,5.801245060865767e-05,-0.35,-0.34999966621398926,3.138886947793304,3.1394400596618652,0.0004578737716656178,-3.3794265164033277e-07,-0.001242001773789525
7.1801981925964355,-23.2979679107666,43.79460906982422,-0.39990234375,-0.5814355611801147,-0.03195800632238388,-0.3428662121295929,-2.9999890187409135,8.549696922302246,0.00811710748544613,-0.10858753323554993,0.24872656464576723,0.2896127700805664,0.0,5.801245060865767e-05,-0.35,-0.34999966621398926,3.138886947793304,3.1394400596618652,0.0004578737716656178,-3.3794265164033277e-07,-0.001242001773789525
7.185080051422119,-23.2979679107666,43.81226348876953,-0.39990234375,-0.5816601514816284,-0.03195800632238388,-0.3422021269798279,-2.999988997343644,8.538456916809082,0.008125011820178902,-0.10860904306173325,0.23459217579925076,0.3207429051399231,0.0,5.8094181440537795e-05,-0.35,-0.34999966621398926,3.138884313005406,3.139430522918701,0.0004347343638073653,-4.410814824495901e-07,-0.0012261318042874336
7.189885377883911,-23.2979679107666,43.81226348876953,-0.39990234375,-0.5816601514816284,-0.03195800632238388,-0.3422021269798279,-2.999988997343644,8.538456916809082,0.008125011820178902,-0.10860904306173325,0.2481952965259552,0.3207429051399231,0.0,5.8094181440537795e-05,-0.35,-0.34999966621398926,3.138884313005406,3.139430522918701,0.0004347343638073653,-4.410814824495901e-07,-0.0012261318042874336
7.1944334506988525,-23.2979679107666,43.910858154296875,-0.39990234375,-0.5829101204872131,-0.03195800632238388,-0.3388769328594208,-2.9999888781940145,8.54807186126709,0.0081688868408917,-0.10858535766601562,0.17242298459301808,0.2962302267551422,0.0,5.827622953802347e-05,-0.35,-0.34999966621398926,3.1388696879445734,3.1394224166870117,0.0004108385764993727,-3.864115001306345e-07,-0.0012081433087587357
7.199045419692993,-23.2979679107666,43.910858154296875,-0.39990234375,-0.5829101204872131,-0.03195800632238388,-0.3388769328594208,-2.9999888781940145,8.54807186126709,0.0081688868408917,-0.10858535766601562,0.24553514122962952,0.2962302267551422,0.0,5.8448898926144466e-05,-0.35,-0.34999966621398926,3.1388696879445734,3.1394147872924805,0.0004133870534133166,-2.8273692009861406e-07,-0.0012098484439775348
7.203639507293701,-23.2979679107666,43.9631233215332,-0.39990234375,-0.5835742354393005,-0.03195800632238388,-0.3369140625,-2.999988814731591,8.539328575134277,0.008192159992550137,-0.10860045999288559,0.20123883425134612,0.3211602568626404,0.0,5.8448898926144466e-05,-0.35,-0.34999966621398926,3.138861930198512,3.1394147872924805,0.0004133870534133166,-2.8273692009861406e-07,-0.0012098484439775348
7.208277940750122,-23.2979679107666,43.9631233215332,-0.39990234375,-0.5835742354393005,-0.03195800632238388,-0.3369140625,-2.999988814731591,8.539328575134277,0.008192159992550137,-0.10860045999288559,0.24396484494209292,0.3211602568626404,0.0,5.8699541114037856e-05,-0.35,-0.34999966621398926,3.138861930198512,3.139406442642212,0.00041776159196160734,-2.8754251957252563e-07,-0.001201780280098319
7.2130467891693115,-23.2979679107666,43.9631233215332,-0.39990234375,-0.5835742354393005,-0.03195800632238388,-0.3369140625,-2.999988814731591,8.539328575134277,0.008192159992550137,-0.10860045999288559,0.24396484494209292,0.3211602568626404,0.0,5.8699541114037856e-05,-0.35,-0.34999966621398926,3.138861930198512,3.139406442642212,0.00041776159196160734,-2.8754251957252563e-07,-0.001201780280098319
7.217789173126221,-23.2979679107666,44.13796615600586,-0.39990234375,-0.5858007669448853,-0.03195800632238388,-0.33037108182907104,-2.999988601244422,8.578410148620605,0.008269969983981367,-0.10851260274648666,0.10076228384308539,0.21722963452339172,0.0,5.864752529305406e-05,-0.35,-0.34999966621398926,3.138835993437077,3.139388084411621,0.0004736458067782223,-4.867940788244596e-07,-0.0012126725632697344
7.2225940227508545,-23.2979679107666,44.13796615600586,-0.39990234375,-0.5858007669448853,-0.03195800632238388,-0.33037108182907104,-2.999988601244422,8.578410148620605,0.008269969983981367,-0.10851260274648666,0.23873046040534973,0.21722963452339172,0.0,5.864752529305406e-05,-0.35,-0.34999966621398926,3.138835993437077,3.139388084411621,0.0004736458067782223,-4.867940788244596e-07,-0.0012126725632697344
7.227663040161133,-23.2979679107666,44.170780181884766,-0.39990234375,-0.5862109065055847,-0.03195800632238388,-0.3297168016433716,-2.9999885620260534,8.595296859741211,0.008284184501344228,-0.10847657918930054,0.22529960010609174,0.17152614891529083,0.0,5.848136788699776e-05,-0.35,-0.34999966621398926,3.1388312552465885,3.139383316040039,0.000486732751596719,-4.485992519676074e-07,-0.00121416081674397
7.232387542724609,-23.2979679107666,44.170780181884766,-0.39990234375,-0.5862109065055847,-0.03195800632238388,-0.3297168016433716,-2.9999885620260534,8.595296859741211,0.008284184501344228,-0.10847657918930054,0.23820703625679018,0.17152614891529083,0.0,5.8131208788836375e-05,-0.35,-0.34999966621398926,3.1388312552465885,3.1393754482269287,0.0005058268434368074,-9.061777745955624e-07,-0.0012288409052416682
7.2369396686553955,-23.2979679107666,44.22347640991211,-0.39990234375,-0.5868749618530273,-0.03195800632238388,-0.3290429711341858,-2.9999884983186056,8.617897987365723,0.008307223126709982,-0.10842785239219666,0.22286542641394164,0.1105170026421547,0.0,5.8131208788836375e-05,-0.35,-0.34999966621398926,3.138823575675439,3.1393754482269287,0.0005058268434368074,-9.061777745955624e-07,-0.0012288409052416682
7.24167537689209,-23.2979679107666,44.22347640991211,-0.39990234375,-0.5868749618530273,-0.03195800632238388,-0.3290429711341858,-2.9999884983186056,8.617897987365723,0.008307223126709982,-0.10842785239219666,0.23766797184944155,0.1105170026421547,0.0,5.682397386408411e-05,-0.35,-0.34999966621398926,3.138823575675439,3.1393511295318604,0.000518272107001394,-1.7142092474387027e-06,-0.0012438606936484575
7.246259450912476,-23.2979679107666,44.40398406982422,-0.39990234375,-0.5891308188438416,-0.03195800632238388,-0.3301367163658142,-2.999988281842988,8.688420295715332,0.008385034570868082,-0.10827382653951645,0.25,-0.07964389771223068,0.0,5.682397386408411e-05,-0.35,-0.34999966621398926,3.138797638427011,3.1393511295318604,0.000518272107001394,-1.7142092474387027e-06,-0.0012438606936484575
7.250677585601807,-23.2979679107666,44.40398406982422,-0.39990234375,-0.5891308188438416,-0.03195800632238388,-0.3301367163658142,-2.999988281842988,8.688420295715332,0.008385034570868082,-0.10827382653951645,0.23854296803474428,-0.07964389771223068,0.0,5.651220271829516e-05,-0.35,-0.34999966621398926,3.138797638427011,3.139343500137329,0.0004974272451363504,-1.757657628331799e-06,-0.0012318837689235806
7.255513906478882,-23.2979679107666,44.40398406982422,-0.39990234375,-0.5891308188438416,-0.03195800632238388,-0.3301367163658142,-2.999988281842988,8.688420295715332,0.008385034570868082,-0.10827382653951645,0.23854296803474428,-0.07964389771223068,0.0,5.651220271829516e-05,-0.35,-0.34999966621398926,3.138797638427011,3.139343500137329,0.0004974272451363504,-1.757657628331799e-06,-0.0012318837689235806
7.26015830039978,-23.2979679107666,44.4853515625,-0.39990234375,-0.5901464819908142,-0.03195800632238388,-0.3301757872104645,-2.9999881841329596,8.650534629821777,0.00841992058308812,-0.10834886133670807,0.23941547214372938,0.025576654821634293,0.0,5.636881178361364e-05,-0.35,-0.34999966621398926,3.1387860097106595,3.1393353939056396,0.00046500927419401705,-1.6277015220111934e-06,-0.0012101317988708615
7.264806270599365,-23.2979679107666,44.4853515625,-0.39990234375,-0.5901464819908142,-0.03195800632238388,-0.3301757872104645,-2.9999881841329596,8.650534629821777,0.00841992058308812,-0.10834886133670807,0.2385742247104645,0.025576654821634293,0.0,5.636881178361364e-05,-0.35,-0.34999966621398926,3.1387860097106595,3.1393353939056396,0.00046500927419401705,-1.6277015220111934e-06,-0.0012101317988708615
7.269765138626099,-23.2979679107666,44.53718566894531,-0.39990234375,-0.5908007621765137,-0.03195800632238388,-0.32979002594947815,-2.9999881208951664,8.636690139770508,0.008442421920727179,-0.10837531834840775,0.2304863955468603,0.06440964341163635,0.0,5.6309545470867306e-05,-0.35,-0.34999966621398926,3.138778509235159,3.1393282413482666,0.0004511944716796279,-1.5891212115093367e-06,-0.0012090171221643686
7.274699926376343,-23.2979679107666,44.53718566894531,-0.39990234375,-0.5908007621765137,-0.03195800632238388,-0.32979002594947815,-2.9999881208951664,8.636690139770508,0.008442421920727179,-0.10837531834840775,0.23826561570167543,0.06440964341163635,0.0,5.642715404974297e-05,-0.35,-0.34999966621398926,3.138778509235159,3.1393043994903564,0.0004613014170899987,-1.322584012086736e-06,-0.001272517372854054
7.279744386672974,-23.2979679107666,44.69034957885742,-0.39990234375,-0.592724621295929,-0.03195800632238388,-0.3270263671875,-2.999987934801593,8.60822868347168,0.008508292712009643,-0.1084275022149086,0.1812686739458976,0.14504453539848328,0.0,5.642715404974297e-05,-0.35,-0.34999966621398926,3.1387565522171084,3.1393043994903564,0.0004613014170899987,-1.322584012086736e-06,-0.001272517372854054
7.28437614440918,-23.2979679107666,44.69034957885742,-0.39990234375,-0.592724621295929,-0.03195800632238388,-0.3270263671875,-2.999987934801593,8.60822868347168,0.008508292712009643,-0.1084275022149086,0.2360546886920929,0.14504453539848328,0.0,5.640574818244204e-05,-0.35,-0.34999966621398926,3.1387565522171084,3.1392951011657715,0.0004751807719003409,-1.205979287988157e-06,-0.0012915626866742969
7.2890424728393555,-23.2979679107666,44.74683380126953,-0.39990234375,-0.5934374928474426,-0.03195800632238388,-0.32636716961860657,-2.9999878655968093,8.628549575805664,0.008532659134137147,-0.10838135331869125,0.22140064455481998,0.09030736982822418,0.0,5.640574818244204e-05,-0.35,-0.34999966621398926,3.1387484300436403,3.1392951011657715,0.0004751807719003409,-1.205979287988157e-06,-0.0012915626866742969
7.293704271316528,-23.2979679107666,44.74683380126953,-0.39990234375,-0.5934374928474426,-0.03195800632238388,-0.32636716961860657,-2.9999878655968093,8.628549575805664,0.008532659134137147,-0.10838135331869125,0.23552733063697817,0.09030736982822418,0.0,5.627667997032404e-05,-0.35,-0.34999966621398926,3.1387484300436403,3.1392874717712402,0.0004977855132892728,-1.2013357491014176e-06,-0.0013053411385044456
7.298025369644165,-23.2979679107666,44.79929733276367,-0.39990234375,-0.5940917730331421,-0.03195800632238388,-0.3263818323612213,-2.9999878022300392,8.662568092346191,0.008554909174224447,-0.1083059012889862,0.2358783898975012,-0.0020585632883012295,0.0,5.627667997032404e-05,-0.35,-0.34999966621398926,3.138741013333534,3.1392874717712402,0.0004977855132892728,-1.2013357491014176e-06,-0.0013053411385044456
7.302895784378052,-23.2979679107666,44.79929733276367,-0.39990234375,-0.5940917730331421,-0.03195800632238388,-0.3263818323612213,-2.9999878022300392,8.662568092346191,0.008554909174224447,-0.1083059012889862,0.23553906083106996,-0.0020585632883012295,0.0,5.627667997032404e-05,-0.35,-0.34999966621398926,3.138741013333534,3.1392874717712402,0.0004977855132892728,-1.2013357491014176e-06,-0.0013053411385044456
7.3076136112213135,-23.2979679107666,44.93781280517578,-0.39990234375,-0.5958300828933716,-0.03195800632238388,-0.32731932401657104,-2.9999876332352877,8.681182861328125,0.008613967456234887,-0.10825896263122559,0.25,-0.05078156664967537,0.0,5.61047563678585e-05,-0.35,-0.34999966621398926,3.138721327158934,3.1392645835876465,0.00046884911716915667,-1.1030991799998446e-06,-0.0012884022435173392
7.312422752380371,-23.2979679107666,44.93781280517578,-0.39990234375,-0.5958300828933716,-0.03195800632238388,-0.32731932401657104,-2.9999876332352877,8.681182861328125,0.008613967456234887,-0.10825896263122559,0.23628905415534973,-0.05078156664967537,0.0,5.612473614746705e-05,-0.35,-0.34999966621398926,3.138721327158934,3.139261245727539,0.0004595837672241032,-1.1283348158031004e-06,-0.0012815207010135055
7.317116022109985,-23.2979679107666,44.93781280517578,-0.39990234375,-0.5958300828933716,-0.03195800632238388,-0.32731932401657104,-2.9999876332352877,8.681182861328125,0.008613967456234887,-0.10825896263122559,0.23628905415534973,-0.05078156664967537,0.0,5.612473614746705e-05,-0.35,-0.34999966621398926,3.138721327158934,3.139261245727539,0.0004595837672241032,-1.1283348158031004e-06,-0.0012815207010135055
7.32170295715332,-23.2979679107666,45.00831985473633,-0.39990234375,-0.5967089533805847,-0.03195800632238388,-0.3272705078125,-2.9999875477867963,8.655043601989746,0.008643675385211748,-0.10831213742494583,0.23518575668874034,0.02201324887573719,0.0,5.63904395676218e-05,-0.35,-0.34999966621398926,3.1387114244749794,3.1392452716827393,0.00044288995559327304,-1.2559751212393166e-06,-0.0012796440860256553
7.326473951339722,-23.2979679107666,45.00831985473633,-0.39990234375,-0.5967089533805847,-0.03195800632238388,-0.3272705078125,-2.9999875477867963,8.655043601989746,0.008643675385211748,-0.10831213742494583,0.2362500011920929,0.02201324887573719,0.0,5.63904395676218e-05,-0.35,-0.34999966621398926,3.1387114244749794,3.1392452716827393,0.00044288995559327304,-1.2559751212393166e-06,-0.0012796440860256553
7.3312695026397705,-23.2979679107666,45.00831985473633,-0.39990234375,-0.5967089533805847,-0.03195800632238388,-0.3272705078125,-2.9999875477867963,8.655043601989746,0.008643675385211748,-0.10831213742494583,0.2362500011920929,0.02201324887573719,0.0,5.63904395676218e-05,-0.35,-0.34999966621398926,3.1387114244749794,3.1392452716827393,0.00044288995559327304,-1.2559751212393166e-06,-0.0012796440860256553
7.335942506790161,-23.2979679107666,45.11378860473633,-0.39990234375,-0.5980273485183716,-0.03195800632238388,-0.3266259729862213,-2.9999874192762976,8.637236595153809,0.008688163438903822,-0.10834576189517975,0.2219416437392332,0.07255057990550995,0.0,5.656205030390993e-05,-0.35,-0.34999966621398926,3.1386965950618784,3.139237403869629,0.00044374505523592234,-1.1264876320637995e-06,-0.0012929938966408372
7.340729475021362,-23.2979679107666,45.2726936340332,-0.39990234375,-0.5999999642372131,-0.03195800632238388,-0.32847654819488525,-2.9999874192762976,8.747712135314941,0.008688163438903822,-0.10809364169836044,0.23573437333106995,-0.22771726548671722,0.0,5.627407517749816e-05,-0.35,-0.34999966621398926,3.1386965950618784,3.1392111778259277,0.0005239145830273628,-3.5014349464290717e-07,-0.0013257559621706605
7.345972537994385,-23.2979679107666,45.2726936340332,-0.39990234375,-0.5999999642372131,-0.03195800632238388,-0.32847654819488525,-2.999987226919334,8.747712135314941,0.00875433154755835,-0.10809364169836044,0.25,-0.22771726548671722,0.0,5.627407517749816e-05,-0.35,-0.34999966621398926,3.13867453893246,3.1392111778259277,0.0005239145830273628,-3.5014349464290717e-07,-0.0013257559621706605
7.350885391235352,-23.2979679107666,45.2726936340332,-0.39990234375,-0.5999999642372131,-0.03195800632238388,-0.32847654819488525,-2.999987226919334,8.747712135314941,0.00875433154755835,-0.10809364169836044,0.2372148334980011,-0.22771726548671722,0.0,5.5979369790293276e-05,-0.35,-0.34999966621398926,3.13867453893246,3.1392033100128174,0.0005360753275454044,-8.260190043074545e-08,-0.0013306268956512213
7.355775356292725,-23.2979679107666,45.326053619384766,-0.39990234375,-0.6006640195846558,-0.03195800632238388,-0.33048826456069946,-2.9999871619883485,8.796337127685547,0.008776554283671373,-0.10798255354166031,0.25,-0.36017534136772156,0.0,5.5979369790293276e-05,-0.35,-0.34999966621398926,3.138667131322136,3.1392033100128174,0.0005360753275454044,-8.260190043074545e-08,-0.0013306268956512213
7.360652923583984,-23.2979679107666,45.326053619384766,-0.39990234375,-0.6006640195846558,-0.03195800632238388,-0.33048826456069946,-2.9999871619883485,8.796337127685547,0.008776554283671373,-0.10798255354166031,0.23882420659065248,-0.36017534136772156,0.0,5.570071516558528e-05,-0.35,-0.34999966621398926,3.138667131322136,3.1391942501068115,0.0005287301610223949,-7.236866395032848e-08,-0.0013219655957072973
7.365226745605469,-23.2979679107666,45.379295349121094,-0.39990234375,-0.601318359375,-0.03195800632238388,-0.33314451575279236,-2.9999870981942873,8.825819969177246,0.008798333241062793,-0.10791393369436264,0.25,-0.44016388058662415,0.0,5.570071516558528e-05,-0.35,-0.34999966621398926,3.1386598716385286,3.1391942501068115,0.0005287301610223949,-7.236866395032848e-08,-0.0013219655957072973
7.369887590408325,-23.2979679107666,45.379295349121094,-0.39990234375,-0.601318359375,-0.03195800632238388,-0.33314451575279236,-2.9999870981942873,8.825819969177246,0.008798333241062793,-0.10791393369436264,0.2409492075443268,-0.44016388058662415,0.0,5.552309812628664e-05,-0.35,-0.34999966621398926,3.1386598716385286,3.139185905456543,0.00048765234532766044,-3.09312156332453e-07,-0.001310220337472856
7.37507176399231,-23.2979679107666,45.533203125,-0.39990234375,-0.6031933426856995,-0.03195800632238388,-0.3421972692012787,-2.9999870981942873,8.849514961242676,0.008798333241062793,-0.10785280913114548,0.2409492075443268,-0.5027779936790466,0.0,5.552309812628664e-05,-0.35,-0.34999966621398926,3.1386598716385286,3.139185905456543,0.00048765234532766044,-3.09312156332453e-07,-0.001310220337472856
7.380148410797119,-23.2979679107666,45.533203125,-0.39990234375,-0.6031933426856995,-0.03195800632238388,-0.3421972692012787,-2.999986915582267,8.849514961242676,0.008860380081952213,-0.10785280913114548,0.25,-0.5027779936790466,0.0,5.5628992413403466e-05,-0.35,-0.3499997556209564,3.1386391892686567,3.1391656398773193,0.000441970449173823,-2.5528254354867386e-07,-0.0012815605150535703
7.385016202926636,-23.2979679107666,45.533203125,-0.39990234375,-0.6031933426856995,-0.03195800632238388,-0.3421972692012787,-2.999986915582267,8.849514961242676,0.008860380081952213,-0.10785280913114548,0.24819141030311587,-0.5027779936790466,0.0,5.5628992413403466e-05,-0.35,-0.3499997556209564,3.1386391892686567,3.1391656398773193,0.000441970449173823,-2.5528254354867386e-07,-0.0012815605150535703
7.3898632526397705,-23.2979679107666,45.593162536621094,-0.39990234375,-0.6039257645606995,-0.03195800632238388,-0.3452490270137787,-2.9999868440616457,8.824043273925781,0.008884562850655399,-0.10790737718343735,0.25,-0.4320716857910156,0.0,5.575462637352757e-05,-0.35,-0.3499997556209564,3.138631128310502,3.1391611099243164,0.0004296682309359312,-2.3626687095656962e-07,-0.001271970453672111
7.394526720046997,-23.2979679107666,45.593162536621094,-0.39990234375,-0.6039257645606995,-0.03195800632238388,-0.3452490270137787,-2.9999868440616457,8.824043273925781,0.008884562850655399,-0.10790737718343735,0.25,-0.4320716857910156,0.0,5.575462637352757e-05,-0.35,-0.3499997556209564,3.138631128310502,3.1391611099243164,0.0004296682309359312,-2.3626687095656962e-07,-0.001271970453672111
7.399118185043335,-23.2979679107666,45.6984748840332,-0.39990234375,-0.605224609375,-0.03195800632238388,-0.3485156297683716,-2.9999867166667307,8.743163108825684,0.008927475744551444,-0.10808607935905457,0.25,-0.20882689952850342,0.0,5.638635411742143e-05,-0.35,-0.34999966621398926,3.138616823949504,3.1391448974609375,0.0003947147342842072,-5.876599971088581e-07,-0.0012484011240303516
7.403672933578491,-23.2979679107666,45.6984748840332,-0.39990234375,-0.605224609375,-0.03195800632238388,-0.3485156297683716,-2.9999867166667307,8.743163108825684,0.008927475744551444,-0.10808607935905457,0.25,-0.20882689952850342,0.0,5.638635411742143e-05,-0.35,-0.34999966621398926,3.138616823949504,3.1391448974609375,0.0003947147342842072,-5.876599971088581e-07,-0.0012484011240303516
7.408171653747559,-23.2979679107666,45.845703125,-0.39990234375,-0.6070214509963989,-0.03195800632238388,-0.35405272245407104,-2.9999865406588926,8.822630882263184,0.0089864267364548,-0.10789582878351212,0.25,-0.4244149625301361,0.0,5.638635411742143e-05,-0.35,-0.34999966621398926,3.138597173531286,3.1391448974609375,0.0003947147342842072,-5.876599971088581e-07,-0.0012484011240303516
7.412965536117554,-23.2979679107666,45.845703125,-0.39990234375,-0.6070214509963989,-0.03195800632238388,-0.35405272245407104,-2.9999865406588926,8.822630882263184,0.0089864267364548,-0.10789582878351212,0.25,-0.4244149625301361,0.0,5.677589069819078e-05,-0.35,-0.34999966621398926,3.138597173531286,3.139122724533081,0.0004548881552182138,-1.5451487342943437e-06,-0.00122890155762434
7.417536497116089,-23.2979679107666,45.845703125,-0.39990234375,-0.6070214509963989,-0.03195800632238388,-0.35405272245407104,-2.9999865406588926,8.822630882263184,0.0089864267364548,-0.10789582878351212,0.25,-0.4244149625301361,0.0,5.677589069819078e-05,-0.35,-0.34999966621398926,3.138597173531286,3.139122724533081,0.0004548881552182138,-1.5451487342943437e-06,-0.00122890155762434
7.422227382659912,-23.2979679107666,45.91273498535156,-0.39990234375,-0.6078320145606995,-0.03195800632238388,-0.35783201456069946,-2.9999864613696294,8.856734275817871,0.009012857423012204,-0.10781344771385193,0.25,-0.5169055461883545,0.0,5.661642717313953e-05,-0.35,-0.34999966621398926,3.1385883632627904,3.139112710952759,0.00047059942153282464,-1.724209596432047e-06,-0.0012246700935065746
7.426990032196045,-23.2979679107666,45.91273498535156,-0.39990234375,-0.6078320145606995,-0.03195800632238388,-0.35783201456069946,-2.9999864613696294,8.856734275817871,0.009012857423012204,-0.10781344771385193,0.25,-0.5169055461883545,0.0,5.661642717313953e-05,-0.35,-0.34999966621398926,3.1385883632627904,3.139112710952759,0.00047059942153282464,-1.724209596432047e-06,-0.0012246700935065746
7.431461572647095,-23.2979679107666,45.96656036376953,-0.39990234375,-0.6084862947463989,-0.03195800632238388,-0.3611181676387787,-2.9999863971996836,8.865877151489258,0.00903419154438174,-0.10778944939374924,0.25,-0.54117351770401,0.0,5.6471613788744435e-05,-0.35,-0.34999966621398926,3.1385812518568317,3.1391053199768066,0.0004731279332190752,-1.7278052837355062e-06,-0.0012308232253417373
7.436018228530884,-23.2979679107666,45.96656036376953,-0.39990234375,-0.6084862947463989,-0.03195800632238388,-0.3611181676387787,-2.9999863971996836,8.865877151489258,0.00903419154438174,-0.10778944939374924,0.25,-0.54117351770401,0.0,5.64861147722695e-05,-0.35,-0.34999966621398926,3.1385812518568317,3.139082908630371,0.00043447312782518566,-1.4101449323788984e-06,-0.0012428901391103864
7.440764904022217,-23.2979679107666,46.11238098144531,-0.39990234375,-0.6102636456489563,-0.03195800632238388,-0.3683496117591858,-2.9999862224653358,8.797576904296875,0.009092030475408932,-0.10794147104024887,0.25,-0.3518812954425812,0.0,5.64861147722695e-05,-0.35,-0.34999966621398926,3.1385619721251756,3.139082908630371,0.00043447312782518566,-1.4101449323788984e-06,-0.0012428901391103864
7.445698261260986,-23.2979679107666,46.11238098144531,-0.39990234375,-0.6102636456489563,-0.03195800632238388,-0.3683496117591858,-2.9999862224653358,8.797576904296875,0.009092030475408932,-0.10794147104024887,0.25,-0.3518812954425812,0.0,5.654612687067129e-05,-0.35,-0.34999966621398926,3.1385619721251756,3.139080286026001,0.0004256645916029811,-1.3990670595376287e-06,-0.0012397002428770065
7.450574636459351,-23.2979679107666,46.11238098144531,-0.39990234375,-0.6102636456489563,-0.03195800632238388,-0.3683496117591858,-2.9999862224653358,8.797576904296875,0.009092030475408932,-0.10794147104024887,0.25,-0.3518812954425812,0.0,5.654612687067129e-05,-0.35,-0.34999966621398926,3.1385619721251756,3.139080286026001,0.0004256645916029811,-1.3990670595376287e-06,-0.0012397002428770065
7.455213785171509,-23.2979679107666,46.1796875,-0.39990234375,-0.6110937595367432,-0.03195800632238388,-0.37007811665534973,-2.9999861404074135,8.738666534423828,0.009119065929721809,-0.10807648301124573,0.25,-0.18945516645908356,0.0,5.705101284547709e-05,-0.35,-0.34999966621398926,3.138552960265561,3.1390647888183594,0.00040685461135581136,-6.838250214968866e-07,-0.0012464210158213973
7.459949016571045,-23.2979679107666,46.1796875,-0.39990234375,-0.6110937595367432,-0.03195800632238388,-0.37007811665534973,-2.9999861404074135,8.738666534423828,0.009119065929721809,-0.10807648301124573,0.25,-0.18945516645908356,0.0,5.705101284547709e-05,-0.35,-0.34999966621398926,3.138552960265561,3.1390647888183594,0.00040685461135581136,-6.838250214968866e-07,-0.0012464210158213973
7.464552402496338,-23.2979679107666,46.28523254394531,-0.39990234375,-0.6124120950698853,-0.03195800632238388,-0.36979979276657104,-2.9999860093740036,8.635790824890137,0.009162071831262584,-0.10831411182880402,0.25,0.09404312074184418,0.0,5.737874380429275e-05,-0.35,-0.34999966621398926,3.138538624898507,3.139056444168091,0.0004071325820405036,-5.972898406980676e-07,-0.001261108205653727
7.469147443771362,-23.2979679107666,46.28523254394531,-0.39990234375,-0.6124120950698853,-0.03195800632238388,-0.36979979276657104,-2.9999860093740036,8.635790824890137,0.009162071831262584,-0.10831411182880402,0.25,0.09404312074184418,0.0,5.737874380429275e-05,-0.35,-0.34999966621398926,3.138538624898507,3.139056444168091,0.0004071325820405036,-5.972898406980676e-07,-0.001261108205653727
7.473744869232178,-23.2979679107666,46.336952209472656,-0.39990234375,-0.6130566000938416,-0.03195800632238388,-0.369384765625,-2.9999859452843975,8.644187927246094,0.009183033054463559,-0.10828907787799835,0.25,0.07256089895963669,0.0,5.7564262533560395e-05,-0.35,-0.34999966621398926,3.1385316377914476,3.1390485763549805,0.00045358462375588715,-1.8774530019527447e-07,-0.0012886009644716978
7.478399038314819,-23.2979679107666,46.336952209472656,-0.39990234375,-0.6130566000938416,-0.03195800632238388,-0.369384765625,-2.9999859452843975,8.644187927246094,0.009183033054463559,-0.10828907787799835,0.25,0.07256089895963669,0.0,5.7564262533560395e-05,-0.35,-0.34999966621398926,3.1385316377914476,3.1390485763549805,0.00045358462375588715,-1.8774530019527447e-07,-0.0012886009644716978
7.483426809310913,-23.2979679107666,46.46023178100586,-0.39990234375,-0.6146093606948853,-0.03195800632238388,-0.36815428733825684,-2.9999857901294433,8.633485794067383,0.009233581180732212,-0.10831101983785629,0.24448339051831297,0.1029718667268753,0.0,5.7741264754440635e-05,-0.35,-0.34999966621398926,3.1385147883366513,3.139028787612915,0.00047146592987701297,7.369106924670632e-08,-0.0013151648454368114
7.488011360168457,-23.2979679107666,46.46023178100586,-0.39990234375,-0.6146093606948853,-0.03195800632238388,-0.36815428733825684,-2.9999857901294433,8.633485794067383,0.009233581180732212,-0.10831101983785629,0.25,0.1029718667268753,0.0,5.7741264754440635e-05,-0.35,-0.34999966621398926,3.1385147883366513,3.139028787612915,0.00047146592987701297,7.369106924670632e-08,-0.0013151648454368114
7.492896318435669,-23.2979679107666,46.46023178100586,-0.39990234375,-0.6146093606948853,-0.03195800632238388,-0.36815428733825684,-2.9999857901294433,8.633485794067383,0.009233581180732212,-0.10831101983785629,0.25,0.1029718667268753,0.0,5.779027924290858e-05,-0.35,-0.34999966621398926,3.1385147883366513,3.139023542404175,0.0004697162949014455,1.4144336546451086e-07,-0.0013217697851359844
7.497274160385132,-23.2979679107666,46.545467376708984,-0.39990234375,-0.6156835556030273,-0.03195800632238388,-0.3664892613887787,-2.9999856825979307,8.602311134338379,0.009268452267106818,-0.10838168859481812,0.2295919738821105,0.18966658413410187,0.0,5.779027924290858e-05,-0.35,-0.34999966621398926,3.1385031645859276,3.139023542404175,0.0004697162949014455,1.4144336546451086e-07,-0.0013217697851359844
7.501698970794678,-23.2979679107666,46.545467376708984,-0.39990234375,-0.6156835556030273,-0.03195800632238388,-0.3664892613887787,-2.9999856825979307,8.602311134338379,0.009268452267106818,-0.10838168859481812,0.25,0.18966658413410187,0.0,5.78936051169876e-05,-0.35,-0.34999966621398926,3.1385031645859276,3.139014720916748,0.00046851570368744433,1.7382160422130255e-07,-0.0013302636798471212
7.506535053253174,-23.2979679107666,46.68492126464844,-0.39990234375,-0.617431640625,-0.03195800632238388,-0.3625537157058716,-2.99998550761415,8.598918914794922,0.009324918502161323,-0.1083824411034584,0.18309777141134548,0.20099925994873047,0.0,5.805471300845966e-05,-0.35,-0.34999966621398926,3.1384843424171995,3.138991594314575,0.0005015797796659172,-7.584458217024803e-08,-0.0013426612131297588
7.511411190032959,-23.2979679107666,46.68492126464844,-0.39990234375,-0.617431640625,-0.03195800632238388,-0.3625537157058716,-2.99998550761415,8.598918914794922,0.009324918502161323,-0.1083824411034584,0.25,0.20099925994873047,0.0,5.805471300845966e-05,-0.35,-0.34999966621398926,3.1384843424171995,3.138991594314575,0.0005015797796659172,-7.584458217024803e-08,-0.0013426612131297588
7.515928268432617,-23.2979679107666,46.68492126464844,-0.39990234375,-0.617431640625,-0.03195800632238388,-0.3625537157058716,-2.99998550761415,8.598918914794922,0.009324918502161323,-0.1083824411034584,0.25,0.20099925994873047,0.0,5.805471300845966e-05,-0.35,-0.34999966621398926,3.1384843424171995,3.138991594314575,0.0005015797796659172,-7.584458217024803e-08,-0.0013426612131297588
7.52047324180603,-23.2979679107666,46.75351333618164,-0.39990234375,-0.6182910203933716,-0.03195800632238388,-0.3613378703594208,-2.9999854214718162,8.620067596435547,0.009352590901468637,-0.10832726955413818,0.2367524617589271,0.14400909841060638,0.0,5.7848490541800857e-05,-0.35,-0.34999966621398926,3.1384751182394046,3.1389803886413574,0.0005138529813848436,-2.4924977992668573e-07,-0.0013315498363226652
7.525118112564087,-23.2979679107666,46.75351333618164,-0.39990234375,-0.6182910203933716,-0.03195800632238388,-0.3613378703594208,-2.9999854214718162,8.620067596435547,0.009352590901468637,-0.10832726955413818,0.25,0.14400909841060638,0.0,5.771536234533414e-05,-0.35,-0.34999966621398926,3.1384751182394046,3.1389718055725098,0.000501048460137099,-4.361118044471368e-07,-0.00131232850253582
7.529987573623657,-23.2979679107666,46.805702209472656,-0.39990234375,-0.618945300579071,-0.03195800632238388,-0.3605712950229645,-2.9999853558167238,8.626708984375,0.0093736271104625,-0.108308345079422,0.2471481221473035,0.12655450403690338,0.0,5.771536234533414e-05,-0.35,-0.34999966621398926,3.138468106135588,3.1389718055725098,0.000501048460137099,-4.361118044471368e-07,-0.00131232850253582
7.534544944763184,-23.2979679107666,46.805702209472656,-0.39990234375,-0.618945300579071,-0.03195800632238388,-0.3605712950229645,-2.9999853558167238,8.626708984375,0.0093736271104625,-0.108308345079422,0.25,0.12655450403690338,0.0,5.762743603554554e-05,-0.35,-0.34999966621398926,3.138468106135588,3.138963222503662,0.00048766747931949794,-7.144901701394701e-07,-0.001296953298151493
7.5391316413879395,-23.2979679107666,46.85898208618164,-0.39990234375,-0.6196093559265137,-0.03195800632238388,-0.359809547662735,-2.9999852892606578,8.628106117248535,0.009394903919078598,-0.10830216854810715,0.24567347758834288,0.12348445504903793,0.0,5.762743603554554e-05,-0.35,-0.34999966621398926,3.1384610138313502,3.138963222503662,0.00048766747931949794,-7.144901701394701e-07,-0.001296953298151493
7.5435779094696045,-23.2979679107666,46.85898208618164,-0.39990234375,-0.6196093559265137,-0.03195800632238388,-0.359809547662735,-2.9999852892606578,8.628106117248535,0.009394903919078598,-0.10830216854810715,0.25,0.12348445504903793,0.0,5.787613190477714e-05,-0.35,-0.34999966621398926,3.1384610138313502,3.1389412879943848,0.0004245892632752657,-1.0935575573967071e-06,-0.001232659094966948
7.5482378005981445,-23.2979679107666,47.02515411376953,-0.39990234375,-0.6217089891433716,-0.03195800632238388,-0.35499998927116394,-2.999985077525703,8.548830032348633,0.009462273674994493,-0.10848996788263321,0.15522176747951524,0.343097448348999,0.0,5.79435181862209e-05,-0.35,-0.34999966621398926,3.138438557135135,3.138937473297119,0.0004206592566333711,-1.2027535376546439e-06,-0.0012260114308446646
7.552971839904785,-23.2979679107666,47.02515411376953,-0.39990234375,-0.6217089891433716,-0.03195800632238388,-0.35499998927116394,-2.999985077525703,8.548830032348633,0.009462273674994493,-0.10848996788263321,0.25,0.343097448348999,0.0,5.79435181862209e-05,-0.35,-0.34999966621398926,3.138438557135135,3.138937473297119,0.0004206592566333711,-1.2027535376546439e-06,-0.0012260114308446646
7.557544946670532,-23.2979679107666,47.11890411376953,-0.39990234375,-0.6229003667831421,-0.03195800632238388,-0.35078123211860657,-2.9999849569271277,8.539820671081543,0.009500432144881568,-0.10850749909877777,0.16280713389280424,0.3691139221191406,0.0,5.806995613966137e-05,-0.35,-0.34999966621398926,3.1384258375816483,3.1389310359954834,0.00041835143929347396,-1.2579607755469624e-06,-0.001217054552398622
7.562217473983765,-23.2979679107666,47.11890411376953,-0.39990234375,-0.6229003667831421,-0.03195800632238388,-0.35078123211860657,-2.9999849569271277,8.539820671081543,0.009500432144881568,-0.10850749909877777,0.25,0.3691139221191406,0.0,5.806995613966137e-05,-0.35,-0.34999966621398926,3.1384258375816483,3.1389310359954834,0.00041835143929347396,-1.2579607755469624e-06,-0.001217054552398622
7.566974401473999,-23.2979679107666,47.11890411376953,-0.39990234375,-0.6229003667831421,-0.03195800632238388,-0.35078123211860657,-2.9999849569271277,8.539820671081543,0.009500432144881568,-0.10850749909877777,0.25,0.3691139221191406,0.0,5.806431363453157e-05,-0.35,-0.34999966621398926,3.1384258375816483,3.138923406600952,0.00044208750477992,-1.393261754856212e-06,-0.0012085726484656334
7.5713512897491455,-23.2979679107666,47.17039108276367,-0.39990234375,-0.6235546469688416,-0.03195800632238388,-0.3486035168170929,-2.999984890628072,8.536417961120605,0.009521344614712535,-0.10851125419139862,0.20356153313702446,0.37976276874542236,0.0,5.806431363453157e-05,-0.35,-0.34999966621398926,3.13841886672334,3.138923406600952,0.00044208750477992,-1.393261754856212e-06,-0.0012085726484656334
7.575973987579346,-23.2979679107666,47.17039108276367,-0.39990234375,-0.6235546469688416,-0.03195800632238388,-0.3486035168170929,-2.999984890628072,8.536417961120605,0.009521344614712535,-0.10851125419139862,0.25,0.37976276874542236,0.0,5.802868690807372e-05,-0.35,-0.34999966621398926,3.13841886672334,3.1389033794403076,0.000417367642512545,-1.3855571978638181e-06,-0.0011543497676029801
7.581099271774292,-23.2979679107666,47.27363204956055,-0.39990234375,-0.6248632669448853,-0.03195800632238388,-0.3436669707298279,-2.9999847579917196,8.515143394470215,0.009563044356480883,-0.10856173932552338,0.15304966210603616,0.4389193654060364,0.0,5.802868690807372e-05,-0.35,-0.34999966621398926,3.1384049667391034,3.1389033794403076,0.000417367642512545,-1.3855571978638181e-06,-0.0011543497676029801
7.5859198570251465,-23.2979679107666,47.27363204956055,-0.39990234375,-0.6248632669448853,-0.03195800632238388,-0.3436669707298279,-2.9999847579917196,8.515143394470215,0.009563044356480883,-0.10856173932552338,0.24936717152595522,0.4389193654060364,0.0,5.791792500531301e-05,-0.35,-0.34999966621398926,3.1384049667391034,3.1388936042785645,0.00043336316593922675,-1.2985141211174778e-06,-0.0011333879083395004
7.590702295303345,-23.2979679107666,47.37738037109375,-0.39990234375,-0.6261816024780273,-0.03195800632238388,-0.33888182044029236,-2.999984624066209,8.534582138061523,0.009604965711974714,-0.10850710421800613,0.14548234358207793,0.3870701491832733,0.0,5.791792500531301e-05,-0.35,-0.34999966621398926,3.1383909928826306,3.1388936042785645,0.00043336316593922675,-1.2985141211174778e-06,-0.0011333879083395004
7.595395565032959,-23.2979679107666,47.37738037109375,-0.39990234375,-0.6261816024780273,-0.03195800632238388,-0.33888182044029236,-2.999984624066209,8.534582138061523,0.009604965711974714,-0.10850710421800613,0.2455390512943268,0.3870701491832733,0.0,5.777704791398719e-05,-0.35,-0.34999966621398926,3.1383909928826306,3.1388866901397705,0.00042944520828314126,-1.1360932603565743e-06,-0.0011131049832329154
7.600128412246704,-23.2979679107666,47.42890548706055,-0.39990234375,-0.6268359422683716,-0.03195800632238388,-0.3369238078594208,-2.999984624066209,8.557539939880371,0.009604965711974714,-0.1084458976984024,0.2455390512943268,0.3248366415500641,0.0,5.777704791398719e-05,-0.35,-0.34999966621398926,3.1383909928826306,3.1388866901397705,0.00042944520828314126,-1.1360932603565743e-06,-0.0011131049832329154
7.605360984802246,-23.2979679107666,47.42890548706055,-0.39990234375,-0.6268359422683716,-0.03195800632238388,-0.3369238078594208,-2.9999845575364144,8.557539939880371,0.009625722988090578,-0.1084458976984024,0.20655294833310608,0.3248366415500641,0.0,5.746468377765268e-05,-0.35,-0.3499997556209564,3.1383840737550526,3.1388790607452393,0.0004537465574685484,-1.284753579966491e-06,-0.001100927242077887
7.610215425491333,-23.2979679107666,47.42890548706055,-0.39990234375,-0.6268359422683716,-0.03195800632238388,-0.3369238078594208,-2.9999845575364144,8.557539939880371,0.009625722988090578,-0.1084458976984024,0.24397264122962953,0.3248366415500641,0.0,5.746468377765268e-05,-0.35,-0.3499997556209564,3.1383840737550526,3.1388790607452393,0.0004537465574685484,-1.284753579966491e-06,-0.001100927242077887
7.614723205566406,-23.2979679107666,47.57941436767578,-0.39990234375,-0.6287207007408142,-0.03195800632238388,-0.3342334032058716,-2.9999843665707933,8.644553184509277,0.009685057090005455,-0.10821470618247986,0.18213673470676903,0.0882861316204071,0.0,5.577600313699804e-05,-0.35,-0.3499997556209564,3.1383642956186444,3.1388585567474365,0.000510026584379375,-4.893537948191806e-07,-0.0011240419698879123
7.619460582733154,-23.2979679107666,47.57941436767578,-0.39990234375,-0.6287207007408142,-0.03195800632238388,-0.3342334032058716,-2.9999843665707933,8.644553184509277,0.009685057090005455,-0.10821470618247986,0.24182031750679017,0.0882861316204071,0.0,5.517662066267803e-05,-0.35,-0.34999966621398926,3.1383642956186444,3.138850450515747,0.0005007655126973987,-3.9169933074845176e-07,-0.0011418390786275268
7.6238319873809814,-23.2979679107666,47.63835906982422,-0.39990234375,-0.6294531226158142,-0.03195800632238388,-0.3339208960533142,-2.999984292466492,8.663789749145508,0.009707984050391168,-0.10816175490617752,0.23442141622979473,0.03632359579205513,0.0,5.517662066267803e-05,-0.35,-0.34999966621398926,3.138356653258596,3.138850450515747,0.0005007655126973987,-3.9169933074845176e-07,-0.0011418390786275268
7.628772497177124,-23.2979679107666,47.63835906982422,-0.39990234375,-0.6294531226158142,-0.03195800632238388,-0.3339208960533142,-2.999984292466492,8.663789749145508,0.009707984050391168,-0.10816175490617752,0.24157031178474428,0.03632359579205513,0.0,5.481010157382116e-05,-0.35,-0.34999966621398926,3.138356653258596,3.1388425827026367,0.0004764436453115195,-3.418380742914451e-07,-0.0011431671446189284
7.633606195449829,-23.2979679107666,47.69203186035156,-0.39990234375,-0.630126953125,-0.03195800632238388,-0.3336279094219208,-2.999984223997249,8.659979820251465,0.009729119570752343,-0.10816854983568192,0.23527458776521698,0.047452449798583984,0.0,5.481010157382116e-05,-0.35,-0.34999966621398926,3.1383496080481743,3.1388425827026367,0.0004764436453115195,-3.418380742914451e-07,-0.0011431671446189284
7.6383233070373535,-23.2979679107666,47.69203186035156,-0.39990234375,-0.630126953125,-0.03195800632238388,-0.3336279094219208,-2.999984223997249,8.659979820251465,0.009729119570752343,-0.10816854983568192,0.24133592247962954,0.047452449798583984,0.0,5.481010157382116e-05,-0.35,-0.34999966621398926,3.1383496080481743,3.1388425827026367,0.0004764436453115195,-3.418380742914451e-07,-0.0011431671446189284
7.643136262893677,-23.2979679107666,47.69203186035156,-0.39990234375,-0.630126953125,-0.03195800632238388,-0.3336279094219208,-2.999984223997249,8.659979820251465,0.009729119570752343,-0.10816854983568192,0.24133592247962954,0.047452449798583984,0.0,5.481010157382116e-05,-0.35,-0.34999966621398926,3.1383496080481743,3.1388425827026367,0.0004764436453115195,-3.418380742914451e-07,-0.0011431671446189284
7.647833585739136,-23.2979679107666,47.85464859008789,-0.39990234375,-0.6321777105331421,-0.03195800632238388,-0.3297753930091858,-2.9999840150108104,8.562727928161621,0.009793348743849439,-0.10841251164674759,0.1562387586033244,0.316062331199646,0.0,5.4706466471543536e-05,-0.35,-0.34999987483024597,3.1383281982104765,3.1388206481933594,0.000381075224140659,-1.1487085771477723e-07,-0.001099850283935666
7.652513742446899,-23.2979679107666,47.85464859008789,-0.39990234375,-0.6321777105331421,-0.03195800632238388,-0.3297753930091858,-2.9999840150108104,8.562727928161621,0.009793348743849439,-0.10841251164674759,0.23825390934944154,0.316062331199646,0.0,5.4706466471543536e-05,-0.35,-0.34999987483024597,3.1383281982104765,3.1388206481933594,0.000381075224140659,-1.1487085771477723e-07,-0.001099850283935666
7.656953573226929,-23.2979679107666,47.95015335083008,-0.39990234375,-0.6333984136581421,-0.03195800632238388,-0.32457518577575684,-2.999983889831711,8.49255657196045,0.009831619917267583,-0.10859093070030212,0.11696749503944631,0.509610652923584,0.0,5.490289186127484e-05,-0.35,-0.34999987483024597,3.1383154410844303,3.1388142108917236,0.00035771215334534645,-1.0250907678255317e-07,-0.0010827182559296489
7.661741256713867,-23.2979679107666,47.95015335083008,-0.39990234375,-0.6333984136581421,-0.03195800632238388,-0.32457518577575684,-2.999983889831711,8.49255657196045,0.009831619917267583,-0.10859093070030212,0.23409374356269838,0.509610652923584,0.0,5.490289186127484e-05,-0.35,-0.34999987483024597,3.1383154410844303,3.1388142108917236,0.00035771215334534645,-1.0250907678255317e-07,-0.0010827182559296489
7.666536569595337,-23.2979679107666,47.95015335083008,-0.39990234375,-0.6333984136581421,-0.03195800632238388,-0.32457518577575684,-2.999983889831711,8.49255657196045,0.009831619917267583,-0.10859093070030212,0.23409374356269838,0.509610652923584,0.0,5.520088234334253e-05,-0.35,-0.3499997556209564,3.1383154410844303,3.1388003826141357,0.00038246315671131015,-2.894809654208075e-07,-0.001079630572348833
7.6713643074035645,-23.2979679107666,48.002655029296875,-0.39990234375,-0.6340722441673279,-0.03195800632238388,-0.32163572311401367,-2.999983820569165,8.505030632019043,0.009852731765146554,-0.1085551455616951,0.17085521605269244,0.4761083126068115,0.0,5.500092083821073e-05,-0.35,-0.3499997556209564,3.138308403763932,3.138793468475342,0.00046083927736617625,-3.5502966966305394e-07,-0.0011026804568246007
7.6758527755737305,-23.2979679107666,48.002655029296875,-0.39990234375,-0.6340722441673279,-0.03195800632238388,-0.32163572311401367,-2.999983820569165,8.505030632019043,0.009852731765146554,-0.1085551455616951,0.23174217343330383,0.4761083126068115,0.0,5.500092083821073e-05,-0.35,-0.3499997556209564,3.138308403763932,3.138793468475342,0.00046083927736617625,-3.5502966966305394e-07,-0.0011026804568246007
7.6805572509765625,-23.2979679107666,48.14519500732422,-0.39990234375,-0.6358789205551147,-0.03195800632238388,-0.31565427780151367,-2.999983635446796,8.565603256225586,0.009908937956396356,-0.10838659852743149,0.09981329125587632,0.31186750531196594,0.0,5.417034844867885e-05,-0.35,-0.3499997556209564,3.138289668265228,3.1387782096862793,0.00048594537656754255,-6.215142320797895e-07,-0.0011349136475473642
7.685169219970703,-23.2979679107666,48.14519500732422,-0.39990234375,-0.6358789205551147,-0.03195800632238388,-0.31565427780151367,-2.999983635446796,8.565603256225586,0.009908937956396356,-0.10838659852743149,0.22695701718330386,0.31186750531196594,0.0,5.417034844867885e-05,-0.35,-0.3499997556209564,3.138289668265228,3.1387782096862793,0.00048594537656754255,-6.215142320797895e-07,-0.0011349136475473642
7.6901679039001465,-23.2979679107666,48.20890426635742,-0.39990234375,-0.6366894245147705,-0.03195800632238388,-0.3135742247104645,-2.9999835521881,8.57996940612793,0.009934112988543837,-0.10834462940692902,0.1836809600200133,0.2732886075973511,0.0,5.417034844867885e-05,-0.35,-0.3499997556209564,3.1382812765419534,3.1387782096862793,0.00048594537656754255,-6.215142320797895e-07,-0.0011349136475473642
7.694869041442871,-23.2979679107666,48.20890426635742,-0.39990234375,-0.6366894245147705,-0.03195800632238388,-0.3135742247104645,-2.9999835521881,8.57996940612793,0.009934112988543837,-0.10834462940692902,0.2252929747104645,0.2732886075973511,0.0,5.354125823942013e-05,-0.35,-0.3499997556209564,3.1382812765419534,3.1387641429901123,0.00046714331256225705,-7.796467684784147e-07,-0.0011524898000061512
7.699636697769165,-23.2979679107666,48.26124954223633,-0.39990234375,-0.6373534798622131,-0.03195800632238388,-0.3117431700229645,-2.999983483994794,8.57056713104248,0.009954685251558609,-0.10836662352085114,0.1854223700963349,0.29970452189445496,0.0,5.354125823942013e-05,-0.35,-0.3499997556209564,3.138274419083274,3.1387641429901123,0.00046714331256225705,-7.796467684784147e-07,-0.0011524898000061512
7.704292297363281,-23.2979679107666,48.26124954223633,-0.39990234375,-0.6373534798622131,-0.03195800632238388,-0.3117431700229645,-2.999983483994794,8.57056713104248,0.009954685251558609,-0.10836662352085114,0.2238281309604645,0.29970452189445496,0.0,5.354125823942013e-05,-0.35,-0.3499997556209564,3.138274419083274,3.1387641429901123,0.00046714331256225705,-7.796467684784147e-07,-0.0011524898000061512
7.709117412567139,-23.2979679107666,48.40968704223633,-0.39990234375,-0.6392577886581421,-0.03195800632238388,-0.30373045802116394,-2.9999832874310295,8.475491523742676,0.010013747276363458,-0.10861310362815857,0.05135535635852992,0.562105119228363,0.0,5.3563970141112804e-05,-0.35,-0.3500000238418579,3.138254731632642,3.138740301132202,0.00038077993667684495,-7.420368319799309e-07,-0.001110197277739644
7.713815927505493,-23.2979679107666,48.40968704223633,-0.39990234375,-0.6392577886581421,-0.03195800632238388,-0.30373045802116394,-2.9999832874310295,8.475491523742676,0.010013747276363458,-0.10861310362815857,0.21741796135902405,0.562105119228363,0.0,5.3563970141112804e-05,-0.35,-0.3500000238418579,3.138254731632642,3.138740301132202,0.00038077993667684495,-7.420368319799309e-07,-0.001110197277739644
7.718607425689697,-23.2979679107666,48.40968704223633,-0.39990234375,-0.6392577886581421,-0.03195800632238388,-0.30373045802116394,-2.9999832874310295,8.475491523742676,0.010013747276363458,-0.10861310362815857,0.21741796135902405,0.562105119228363,0.0,5.373071689973585e-05,-0.35,-0.3500000238418579,3.138254731632642,3.138735055923462,0.000363061495590955,-6.862392751827429e-07,-0.0010947968112304807
7.7233805656433105,-23.2979679107666,48.467185974121094,-0.39990234375,-0.6399999856948853,-0.03195800632238388,-0.2995263636112213,-2.999983210561889,8.448235511779785,0.010036749811551539,-0.10868328809738159,0.1259765140028981,0.6375221014022827,0.0,5.373071689973585e-05,-0.35,-0.3500000238418579,3.1382470640780995,3.138735055923462,0.000363061495590955,-6.862392751827429e-07,-0.0010947968112304807
7.728060245513916,-23.2979679107666,48.467185974121094,-0.39990234375,-0.6399999856948853,-0.03195800632238388,-0.2995263636112213,-2.999983210561889,8.448235511779785,0.010036749811551539,-0.10868328809738159,0.21405468583106996,0.6375221014022827,0.0,5.387942655943334e-05,-0.35,-0.34999966621398926,3.1382470640780995,3.138721227645874,0.0003943535848520696,-5.762840373790823e-07,-0.0010857119923457503
7.732485771179199,-23.2979679107666,48.569374084472656,-0.39990234375,-0.641308605670929,-0.03195800632238388,-0.29244139790534973,-2.9999830752804613,8.471844673156738,0.010077104285802854,-0.10861320048570633,0.048293512102704994,0.5740814805030823,0.0,5.387942655943334e-05,-0.35,-0.34999966621398926,3.138233612511098,3.138721227645874,0.0003943535848520696,-5.762840373790823e-07,-0.0010857119923457503
7.737256288528442,-23.2979679107666,48.569374084472656,-0.39990234375,-0.641308605670929,-0.03195800632238388,-0.29244139790534973,-2.9999830752804613,8.471844673156738,0.010077104285802854,-0.10861320048570633,0.2083867132663727,0.5740814805030823,0.0,5.387942655943334e-05,-0.35,-0.34999966621398926,3.138233612511098,3.138721227645874,0.0003943535848520696,-5.762840373790823e-07,-0.0010857119923457503
7.741952419281006,-23.2979679107666,48.71964645385742,-0.39990234375,-0.6432226300239563,-0.03195800632238388,-0.28571775555610657,-2.999982877518071,8.590737342834473,0.010135807732798457,-0.10827910155057907,0.05983371196249729,0.24995145201683044,0.0,5.387942655943334e-05,-0.35,-0.34999966621398926,3.1382140445843945,3.138721227645874,0.0003943535848520696,-5.762840373790823e-07,-0.0010857119923457503
7.746694803237915,-23.2979679107666,48.71964645385742,-0.39990234375,-0.6432226300239563,-0.03195800632238388,-0.28571775555610657,-2.999982877518071,8.590737342834473,0.010135807732798457,-0.10827910155057907,0.20300779938697816,0.24995145201683044,0.0,5.234236959950067e-05,-0.35,-0.34999987483024597,3.1382140445843945,3.138697862625122,0.0005215734126977623,-1.2622808753803838e-07,-0.001117882551625371
7.7515869140625,-23.2979679107666,48.71964645385742,-0.39990234375,-0.6432226300239563,-0.03195800632238388,-0.28571775555610657,-2.999982877518071,8.590737342834473,0.010135807732798457,-0.10827910155057907,0.20300779938697816,0.24995145201683044,0.0,5.234236959950067e-05,-0.35,-0.34999987483024597,3.1382140445843945,3.138697862625122,0.0005215734126977623,-1.2622808753803838e-07,-0.001117882551625371
7.7565367221832275,-23.2979679107666,48.77718734741211,-0.39990234375,-0.6439452767372131,-0.03195800632238388,-0.28465330600738525,-2.9999828031531606,8.632625579833984,0.01015779431303557,-0.10816029459238052,0.18065137485709992,0.1357857882976532,0.0,5.182279710425064e-05,-0.35,-0.3499997556209564,3.138206715682395,3.138693332672119,0.0005290847620926797,9.156167379842373e-08,-0.0011185568291693926
7.761427640914917,-23.2979679107666,48.77718734741211,-0.39990234375,-0.6439452767372131,-0.03195800632238388,-0.28465330600738525,-2.9999828031531606,8.632625579833984,0.01015779431303557,-0.10816029459238052,0.20215623974800112,0.1357857882976532,0.0,5.182279710425064e-05,-0.35,-0.3499997556209564,3.138206715682395,3.138693332672119,0.0005290847620926797,9.156167379842373e-08,-0.0011185568291693926
7.766055583953857,-23.2979679107666,48.83058547973633,-0.39990234375,-0.6446093320846558,-0.03195800632238388,-0.2842040956020355,-2.9999827350307156,8.655730247497559,0.010177893575250369,-0.10809323936700821,0.19209039056235405,0.07306625694036484,0.0,5.110549682285637e-05,-0.35,-0.3499997556209564,3.138200015889842,3.1386852264404297,0.0005215746932663023,3.761248308364884e-07,-0.001110245124436915
7.771352529525757,-23.2979679107666,48.83058547973633,-0.39990234375,-0.6446093320846558,-0.03195800632238388,-0.2842040956020355,-2.9999827350307156,8.655730247497559,0.010177893575250369,-0.10809323936700821,0.20179687142372132,0.07306625694036484,0.0,4.9985243094852194e-05,-0.35,-0.3499997556209564,3.138200015889842,3.1386640071868896,0.0004331804229877889,1.7116235540015623e-07,-0.0010967570124194026
7.776216268539429,-23.2979679107666,48.9873046875,-0.39990234375,-0.6465624570846558,-0.03195800632238388,-0.28312012553215027,-2.9999825343129767,8.641395568847656,0.01023688512635327,-0.10812315344810486,0.17864293066193077,0.11410795152187347,0.0,4.9985243094852194e-05,-0.35,-0.3499997556209564,3.1381803519256515,3.1386640071868896,0.0004331804229877889,1.7116235540015623e-07,-0.0010967570124194026
7.780669927597046,-23.2979679107666,48.9873046875,-0.39990234375,-0.6465624570846558,-0.03195800632238388,-0.28312012553215027,-2.9999825343129767,8.641395568847656,0.01023688512635327,-0.10812315344810486,0.20092969536781313,0.11410795152187347,0.0,4.990930756321177e-05,-0.35,-0.3499997556209564,3.1381803519256515,3.1386570930480957,0.00040000161970965564,1.9832305042655207e-07,-0.0010799034498631954
7.785252332687378,-23.2979679107666,49.03956985473633,-0.39990234375,-0.6472265720367432,-0.03195800632238388,-0.28200194239616394,-2.999982465502174,8.606404304504395,0.010257030734987266,-0.10821732133626938,0.17563348392666195,0.21058596670627594,0.0,4.990930756321177e-05,-0.35,-0.3499997556209564,3.138173636683601,3.1386570930480957,0.00040000161970965564,1.9832305042655207e-07,-0.0010799034498631954
7.789857864379883,-23.2979679107666,49.03956985473633,-0.39990234375,-0.6472265720367432,-0.03195800632238388,-0.28200194239616394,-2.999982465502174,8.606404304504395,0.010257030734987266,-0.10821732133626938,0.20003514885902407,0.21058596670627594,0.0,4.992597678210586e-05,-0.35,-0.3499997556209564,3.138173636683601,3.1386501789093018,0.0003876092960126698,3.9056214973243186e-07,-0.0010694217635318637
7.794542074203491,-23.2979679107666,49.03956985473633,-0.39990234375,-0.6472265720367432,-0.03195800632238388,-0.28200194239616394,-2.999982465502174,8.606404304504395,0.010257030734987266,-0.10821732133626938,0.20003514885902407,0.21058596670627594,0.0,4.992597678210586e-05,-0.35,-0.3499997556209564,3.138173636683601,3.1386501789093018,0.0003876092960126698,3.9056214973243186e-07,-0.0010694217635318637
7.7993481159210205,-23.2979679107666,49.14324188232422,-0.39990234375,-0.6485253572463989,-0.03195800632238388,-0.2799658179283142,-2.999982331540494,8.61894702911377,0.01029613737586495,-0.10817554593086243,0.1560403151642958,0.177381232380867,0.0,5.003705155104399e-05,-0.35,-0.3500000238418579,3.13816060106016,3.138643264770508,0.000365819432772696,5.225873564995709e-07,-0.0010528148850426078
7.8039515018463135,-23.2979679107666,49.14324188232422,-0.39990234375,-0.6485253572463989,-0.03195800632238388,-0.2799658179283142,-2.999982331540494,8.61894702911377,0.01029613737586495,-0.10817554593086243,0.19840624928474426,0.177381232380867,0.0,5.003705155104399e-05,-0.35,-0.3500000238418579,3.13816060106016,3.138643264770508,0.000365819432772696,5.225873564995709e-07,-0.0010528148850426078
7.808732748031616,-23.2979679107666,49.19687271118164,-0.39990234375,-0.6491991877555847,-0.03195800632238388,-0.2784423828125,-2.9999822619134533,8.559414863586426,0.010316404637233535,-0.10833604633808136,0.16532478053785934,0.3417110741138458,0.0,5.003705155104399e-05,-0.35,-0.3500000238418579,3.138153845266504,3.138643264770508,0.000365819432772696,5.225873564995709e-07,-0.0010528148850426078
7.813616991043091,-23.2979679107666,49.19687271118164,-0.39990234375,-0.6491991877555847,-0.03195800632238388,-0.2784423828125,-2.9999822619134533,8.559414863586426,0.010316404637233535,-0.10833604633808136,0.1971875011920929,0.3417110741138458,0.0,5.102612703922205e-05,-0.35,-0.3500000238418579,3.138153845266504,3.1386239528656006,0.0002850873861461878,5.933640068178647e-07,-0.0009760463144630194
7.8183677196502686,-23.2979679107666,49.32331848144531,-0.39990234375,-0.6508105397224426,-0.03195800632238388,-0.27216795086860657,-2.9999820943870947,8.494959831237793,0.010365006358975547,-0.10851306468248367,0.06009491036948844,0.5191959738731384,0.0,5.102612703922205e-05,-0.35,-0.3500000238418579,3.1381376445963483,3.1386239528656006,0.0002850873861461878,5.933640068178647e-07,-0.0009760463144630194
7.822829008102417,-23.2979679107666,49.32331848144531,-0.39990234375,-0.6508105397224426,-0.03195800632238388,-0.27216795086860657,-2.9999820943870947,8.494959831237793,0.010365006358975547,-0.10851306468248367,0.19216795563697817,0.5191959738731384,0.0,5.148317359271459e-05,-0.35,-0.3500000238418579,3.1381376445963483,3.138618230819702,0.0002710748522076756,6.518316695292015e-07,-0.0009517561411485076
7.827650547027588,-23.2979679107666,49.40183639526367,-0.39990234375,-0.6518163681030273,-0.03195800632238388,-0.26671385765075684,-2.999981989508854,8.460088729858398,0.010395317335140566,-0.1086067259311676,0.07468533675176528,0.6156591773033142,0.0,5.1988434279337525e-05,-0.35,-0.3500000238418579,3.1381275408771456,3.1386117935180664,0.0002552432124502957,6.068137281545205e-07,-0.000926422537304461
7.832249164581299,-23.2979679107666,49.40183639526367,-0.39990234375,-0.6518163681030273,-0.03195800632238388,-0.26671385765075684,-2.999981989508854,8.460088729858398,0.010395317335140566,-0.1086067259311676,0.18780468106269838,0.6156591773033142,0.0,5.1988434279337525e-05,-0.35,-0.3500000238418579,3.1381275408771456,3.1386117935180664,0.0002552432124502957,6.068137281545205e-07,-0.000926422537304461
7.836796760559082,-23.2979679107666,49.40183639526367,-0.39990234375,-0.6518163681030273,-0.03195800632238388,-0.26671385765075684,-2.999981989508854,8.460088729858398,0.010395317335140566,-0.1086067259311676,0.18780468106269838,0.6156591773033142,0.0,5.20962530572433e-05,-0.35,-0.3500000238418579,3.1381275408771456,3.1385955810546875,0.00038574941572733223,-1.3154118505553924e-07,-0.0009315463830716908
7.841276407241821,-23.2979679107666,49.542030334472656,-0.39990234375,-0.6536034941673279,-0.03195800632238388,-0.25837889313697815,-2.9999818033128918,8.532655715942383,0.010448913413878644,-0.1083914265036583,-0.004926279531240113,0.4183065593242645,0.0,5.20962530572433e-05,-0.35,-0.3500000238418579,3.138109675409757,3.1385955810546875,0.00038574941572733223,-1.3154118505553924e-07,-0.0009315463830716908
7.845877408981323,-23.2979679107666,49.542030334472656,-0.39990234375,-0.6536034941673279,-0.03195800632238388,-0.25837889313697815,-2.9999818033128918,8.532655715942383,0.010448913413878644,-0.1083914265036583,0.18113670945167543,0.4183065593242645,0.0,5.20962530572433e-05,-0.35,-0.3500000238418579,3.138109675409757,3.1385955810546875,0.00039944431046023965,-1.677194632065948e-07,-0.000934341864194721
7.851065158843994,-23.2979679107666,49.60866928100586,-0.39990234375,-0.6544433236122131,-0.03195800632238388,-0.2558007836341858,-2.9999817161109137,8.570937156677246,0.010473920002359041,-0.1082778126001358,0.12937811908736607,0.3140910863876343,0.0,5.20962530572433e-05,-0.35,-0.3500000238418579,3.1381013398295825,3.1385955810546875,0.00039944431046023965,-1.677194632065948e-07,-0.000934341864194721
7.8556060791015625,-23.2979679107666,49.60866928100586,-0.39990234375,-0.6544433236122131,-0.03195800632238388,-0.2558007836341858,-2.9999817161109137,8.570937156677246,0.010473920002359041,-0.1082778126001358,0.17907422184944155,0.3140910863876343,0.0,5.1373528549447656e-05,-0.35,-0.3500000238418579,3.1381013398295825,3.138587474822998,0.0004544076509773731,-6.904201654833741e-10,-0.0009640404023230076
7.860170841217041,-23.2979679107666,49.71273422241211,-0.39990234375,-0.6557519435882568,-0.03195800632238388,-0.2529003918170929,-2.9999817161109137,8.603536605834961,0.010473920002359041,-0.10817762464284897,0.17907422184944155,0.2258514016866684,0.0,5.1373528549447656e-05,-0.35,-0.3500000238418579,3.1381013398295825,3.138587474822998,0.0004544076509773731,-6.904201654833741e-10,-0.0009640404023230076
7.864713907241821,-23.2979679107666,49.71273422241211,-0.39990234375,-0.6557519435882568,-0.03195800632238388,-0.2529003918170929,-2.9999815802516183,8.603536605834961,0.010512761340514794,-0.10817762464284897,0.11291174098563864,0.2258514016866684,0.0,5.004349441151135e-05,-0.35,-0.3500000238418579,3.1380883926376626,3.1385748386383057,0.00048612835234962404,-6.818767133154324e-07,-0.0010400284081697464
7.8702781200408936,-23.2979679107666,49.71273422241211,-0.39990234375,-0.6557519435882568,-0.03195800632238388,-0.2529003918170929,-2.9999815802516183,8.603536605834961,0.010512761340514794,-0.10817762464284897,0.1767539083957672,0.2258514016866684,0.0,5.004349441151135e-05,-0.35,-0.3500000238418579,3.1380883926376626,3.1385748386383057,0.00048612835234962404,-6.818767133154324e-07,-0.0010400284081697464
7.8750104904174805,-23.2979679107666,49.76538848876953,-0.39990234375,-0.6564159989356995,-0.03195800632238388,-0.2513085901737213,-2.999981511188932,8.563146591186523,0.010532451023965266,-0.1082870289683342,0.1418440118440303,0.33764350414276123,0.0,5.004349441151135e-05,-0.35,-0.3500000238418579,3.1380818293694723,3.1385748386383057,0.00048612835234962404,-6.818767133154324e-07,-0.0010400284081697464
7.879501581192017,-23.2979679107666,49.76538848876953,-0.39990234375,-0.6564159989356995,-0.03195800632238388,-0.2513085901737213,-2.999981511188932,8.563146591186523,0.010532451023965266,-0.1082870289683342,0.17548046708106996,0.33764350414276123,0.0,5.004349441151135e-05,-0.35,-0.3500000238418579,3.1380818293694723,3.1385748386383057,0.00048612835234962404,-6.818767133154324e-07,-0.0010400284081697464
7.884316682815552,-23.2979679107666,49.92152404785156,-0.39990234375,-0.658398449420929,-0.03195800632238388,-0.24341796338558197,-2.999981304297596,8.499149322509766,0.01059121640293221,-0.10846534371376038,0.005295478524394853,0.514133870601654,0.0,4.880891356151551e-05,-0.35,-0.34999966621398926,3.1380622407884187,3.1385505199432373,0.00040981938946060836,-1.0970916264341213e-06,-0.0010519989300519228
7.889005661010742,-23.2979679107666,49.92152404785156,-0.39990234375,-0.658398449420929,-0.03195800632238388,-0.24341796338558197,-2.999981304297596,8.499149322509766,0.01059121640293221,-0.10846534371376038,0.16916796565055847,0.514133870601654,0.0,4.880891356151551e-05,-0.35,-0.34999966621398926,3.1380622407884187,3.1385505199432373,0.00040981938946060836,-1.0970916264341213e-06,-0.0010519989300519228
7.89336895942688,-23.2979679107666,49.92152404785156,-0.39990234375,-0.658398449420929,-0.03195800632238388,-0.24341796338558197,-2.999981304297596,8.499149322509766,0.01059121640293221,-0.10846534371376038,0.16916796565055847,0.514133870601654,0.0,4.874679143540561e-05,-0.35,-0.3499997556209564,3.1380622407884187,3.138547420501709,0.0004021880740765482,-1.0431278951728018e-06,-0.0010495869209989905
7.897892951965332,-23.2979679107666,49.97195053100586,-0.39990234375,-0.6590429544448853,-0.03195800632238388,-0.23993651568889618,-2.9999812368079315,8.473501205444336,0.010610315751851814,-0.10853651165962219,0.08942760327713607,0.5849624276161194,0.0,4.874790829489939e-05,-0.35,-0.34999966621398926,3.138055874299032,3.1385409832000732,0.0003786969173233956,-9.334417541140283e-07,-0.0010379613377153873
7.902531147003174,-23.2979679107666,49.97195053100586,-0.39990234375,-0.6590429544448853,-0.03195800632238388,-0.23993651568889618,-2.9999812368079315,8.473501205444336,0.010610315751851814,-0.10853651165962219,0.16638280749320986,0.5849624276161194,0.0,4.874790829489939e-05,-0.35,-0.34999966621398926,3.138055874299032,3.1385409832000732,0.0003786969173233956,-9.334417541140283e-07,-0.0010379613377153873
7.907508134841919,-23.2979679107666,50.10132598876953,-0.39990234375,-0.660693347454071,-0.03195800632238388,-0.2322411984205246,-2.9999810639847486,8.520862579345703,0.010659068108211659,-0.10838920623064041,0.005608589606656278,0.45651906728744507,0.0,4.857918247580528e-05,-0.35,-0.3500000238418579,3.1380396234114714,3.138523578643799,0.00040597617044113576,-5.710741106668138e-07,-0.0010531846201047301
7.911816358566284,-23.2979679107666,50.10132598876953,-0.39990234375,-0.660693347454071,-0.03195800632238388,-0.2322411984205246,-2.9999810639847486,8.520862579345703,0.010659068108211659,-0.10838920623064041,0.16022655367851257,0.45651906728744507,0.0,4.857918247580528e-05,-0.35,-0.3500000238418579,3.1380396234114714,3.138523578643799,0.00040597617044113576,-5.710741106668138e-07,-0.0010531846201047301
7.916423797607422,-23.2979679107666,50.17718505859375,-0.39990234375,-0.6616503596305847,-0.03195800632238388,-0.22890135645866394,-2.999980964121498,8.556636810302734,0.010687137532952976,-0.10827886313199997,0.0850666464738365,0.359237402677536,0.0,4.828739110962488e-05,-0.35,-0.3500000238418579,3.1380302668773434,3.1385135650634766,0.00042230746475979686,-1.2505711310950574e-07,-0.0010643219575285912
7.92108941078186,-23.2979679107666,50.17718505859375,-0.39990234375,-0.6616503596305847,-0.03195800632238388,-0.22890135645866394,-2.999980964121498,8.556636810302734,0.010687137532952976,-0.10827886313199997,0.15755468010902407,0.359237402677536,0.0,4.828739110962488e-05,-0.35,-0.3500000238418579,3.1380302668773434,3.1385135650634766,0.00042230746475979686,-1.2505711310950574e-07,-0.0010643219575285912
7.925731182098389,-23.2979679107666,50.17718505859375,-0.39990234375,-0.6616503596305847,-0.03195800632238388,-0.22890135645866394,-2.999980964121498,8.556636810302734,0.010687137532952976,-0.10827886313199997,0.15755468010902407,0.359237402677536,0.0,4.8130379582289606e-05,-0.35,-0.3500000238418579,3.1380302668773434,3.1385068893432617,0.00041234807576984167,3.745634558072197e-08,-0.0010592566104605794
7.930452823638916,-23.2979679107666,50.281288146972656,-0.39990234375,-0.6629687547683716,-0.03195800632238388,-0.2246386706829071,-2.999980826247804,8.55401611328125,0.010725770160895418,-0.10827944427728653,0.06386479002204815,0.367477685213089,0.0,4.8130379582289606e-05,-0.35,-0.3500000238418579,3.138017389252688,3.1385068893432617,0.00041234807576984167,3.745634558072197e-08,-0.0010592566104605794
7.934982061386108,-23.2979679107666,50.281288146972656,-0.39990234375,-0.6629687547683716,-0.03195800632238388,-0.2246386706829071,-2.999980826247804,8.55401611328125,0.010725770160895418,-0.10827944427728653,0.15414453148841858,0.367477685213089,0.0,4.8061905545182526e-05,-0.35,-0.3500000238418579,3.138017389252688,3.1384999752044678,0.00039350296719931066,2.5054737307073083e-07,-0.0010469707194715738
7.9397523403167725,-23.2979679107666,50.281288146972656,-0.39990234375,-0.6629687547683716,-0.03195800632238388,-0.2246386706829071,-2.999980826247804,8.55401611328125,0.010725770160895418,-0.10827944427728653,0.15414453148841858,0.367477685213089,0.0,4.8061905545182526e-05,-0.35,-0.3500000238418579,3.138017389252688,3.1384999752044678,0.00039350296719931066,2.5054737307073083e-07,-0.0010469707194715738
7.944331884384155,-23.2979679107666,50.281288146972656,-0.39990234375,-0.6629687547683716,-0.03195800632238388,-0.2246386706829071,-2.999980826247804,8.55401611328125,0.010725770160895418,-0.10827944427728653,0.15414453148841858,0.367477685213089,0.0,4.842962880502455e-05,-0.35,-0.3499997556209564,3.138017389252688,3.138481855392456,0.0003216169134248048,2.587988205959846e-07,-0.0009871340589597821
7.949018478393555,-23.2979679107666,50.43855285644531,-0.39990234375,-0.6649804711341858,-0.03195800632238388,-0.2145068347454071,-2.9999806148326766,8.44271469116211,0.010784740523345998,-0.10859855264425278,-0.0701485549041515,0.6741039156913757,0.0,4.842962880502455e-05,-0.35,-0.3499997556209564,3.13799773233888,3.138481855392456,0.0003216169134248048,2.587988205959846e-07,-0.0009871340589597821
7.953500747680664,-23.2979679107666,50.43855285644531,-0.39990234375,-0.6649804711341858,-0.03195800632238388,-0.2145068347454071,-2.9999806148326766,8.44271469116211,0.010784740523345998,-0.10859855264425278,0.14603906273841857,0.6741039156913757,0.0,4.8760208301246166e-05,-0.35,-0.3499997556209564,3.13799773233888,3.1384739875793457,0.0003113983548246324,1.8590532135931426e-07,-0.0009749979944899678
7.958127021789551,-23.2979679107666,50.536834716796875,-0.39990234375,-0.666259765625,-0.03195800632238388,-0.20511718094348907,-2.9999806148326766,8.383368492126465,0.010784740523345998,-0.10876855254173279,0.14603906273841857,0.8377678990364075,0.0,4.8760208301246166e-05,-0.35,-0.3499997556209564,3.13799773233888,3.1384739875793457,0.0003113983548246324,1.8590532135931426e-07,-0.0009749979944899678
7.962635278701782,-23.2979679107666,50.536834716796875,-0.39990234375,-0.666259765625,-0.03195800632238388,-0.20511718094348907,-2.99998047934487,8.383368492126465,0.010822363407461014,-0.10876855254173279,-0.06974947293202272,0.8377678990364075,0.0,4.897823237115517e-05,-0.35,-0.3500000238418579,3.1379851912961887,3.138468027114868,0.00032426253892481327,9.374900855618762e-10,-0.00098789285402745
7.967489719390869,-23.2979679107666,50.536834716796875,-0.39990234375,-0.666259765625,-0.03195800632238388,-0.20511718094348907,-2.99998047934487,8.383368492126465,0.010822363407461014,-0.10876855254173279,0.13852733969688416,0.8377678990364075,0.0,4.897823237115517e-05,-0.35,-0.3500000238418579,3.1379851912961887,3.138468027114868,0.00032426253892481327,9.374900855618762e-10,-0.00098789285402745
7.972159385681152,-23.2979679107666,50.671600341796875,-0.39990234375,-0.668017566204071,-0.03195800632238388,-0.19039061665534973,-2.999980292852993,8.36994457244873,0.010873936438695848,-0.10879915952682495,-0.18862043629198538,0.8759496212005615,0.0,4.9321050028083846e-05,-0.35,-0.3500000238418579,3.1379680001733825,3.1384506225585938,0.0003765021392609924,-2.3858922304498265e-07,-0.0010109595023095608
7.97701358795166,-23.2979679107666,50.671600341796875,-0.39990234375,-0.668017566204071,-0.03195800632238388,-0.19039061665534973,-2.999980292852993,8.36994457244873,0.010873936438695848,-0.10879915952682495,0.12674608826637268,0.8759496212005615,0.0,4.9321050028083846e-05,-0.35,-0.3500000238418579,3.1379680001733825,3.1384506225585938,0.0003765021392609924,-2.3858922304498265e-07,-0.0010109595023095608
7.981753587722778,-23.2979679107666,50.6896858215332,-0.39990234375,-0.6682519316673279,-0.03195800632238388,-0.18855468928813934,-2.9999802680353387,8.378679275512695,0.010880781158437616,-0.10877163708209991,0.08654469962445288,0.8521892428398132,0.0,4.927631380269304e-05,-0.35,-0.3500000238418579,3.137965718585138,3.138448476791382,0.00039192658732645214,-2.2801597765464976e-07,-0.001016837079077959
7.98631477355957,-23.2979679107666,50.6896858215332,-0.39990234375,-0.6682519316673279,-0.03195800632238388,-0.18855468928813934,-2.9999802680353387,8.378679275512695,0.010880781158437616,-0.10877163708209991,0.12527734637260438,0.8521892428398132,0.0,4.927631380269304e-05,-0.35,-0.3500000238418579,3.137965718585138,3.138448476791382,0.00039192658732645214,-2.2801597765464976e-07,-0.001016837079077959
7.990765333175659,-23.2979679107666,50.791561126708984,-0.39990234375,-0.6695605516433716,-0.03195800632238388,-0.17997069656848907,-2.9999802680353387,8.442611694335938,0.010880781158437616,-0.1085718497633934,0.12527734637260438,0.67793869972229,0.0,4.8267040256178007e-05,-0.35,-0.3500000238418579,3.137965718585138,3.138434648513794,0.0004773059918079525,-2.893983719332027e-07,-0.0010479299817234278
7.995446443557739,-23.2979679107666,50.791561126708984,-0.39990234375,-0.6695605516433716,-0.03195800632238388,-0.17997069656848907,-2.999980129876614,8.442611694335938,0.010918806962979977,-0.1085718497633934,-0.06496498786627158,0.67793869972229,0.0,4.763729521073401e-05,-0.35,-0.3500000238418579,3.1379530432332956,3.138427972793579,0.0004941855440847576,-1.1031738722522277e-07,-0.0010652124183252454
8.001365423202515,-23.2979679107666,50.791561126708984,-0.39990234375,-0.6695605516433716,-0.03195800632238388,-0.17997069656848907,-2.999980129876614,8.442611694335938,0.010918806962979977,-0.1085718497633934,0.11841015219688417,0.67793869972229,0.0,4.763729521073401e-05,-0.35,-0.3500000238418579,3.1379530432332956,3.138427972793579,0.0004941855440847576,-1.1031738722522277e-07,-0.0010652124183252454
8.011038064956665,-23.2979679107666,50.84222412109375,-0.39990234375,-0.6702050566673279,-0.03195800632238388,-0.17648924887180328,-2.999980062058126,8.477590560913086,0.010937424455600238,-0.10846240073442459,0.07963226542233068,0.582546055316925,0.0,4.7089655708987266e-05,-0.35,-0.3500000238418579,3.1379468373612482,3.138420820236206,0.000486888166051358,5.3195208238321356e-08,-0.0010926771210506558
8.015940189361572,-23.2979679107666,50.89515686035156,-0.39990234375,-0.6708788871765137,-0.03195800632238388,-0.17340819537639618,-2.999979991110475,8.54703426361084,0.010956867106590367,-0.10824400931596756,0.05030875782849266,0.39315265417099,0.0,4.7089655708987266e-05,-0.35,-0.3500000238418579,3.137940356434436,3.138420820236206,0.00047778617590665817,1.8364096376899397e-07,-0.0011198216816410422
8.022572994232178,-23.2979679107666,51.10761642456055,-0.39990234375,-0.6735546588897705,-0.03195800632238388,-0.16737791895866394,-2.999979991110475,8.64070987701416,0.010956867106590367,-0.10794565826654434,0.11316015124320984,0.1378888487815857,0.0,4.629055911209434e-05,-0.35,-0.3500000238418579,3.137940356434436,3.138395071029663,0.000428715196903795,-3.184582340054476e-07,-0.001166874310001731
8.028430223464966,-23.2979679107666,51.10761642456055,-0.39990234375,-0.6735546588897705,-0.03195800632238388,-0.16737791895866394,-2.9999797103739336,8.64070987701416,0.011033464765445259,-0.10794565826654434,0.005381509544852586,0.1378888487815857,0.0,4.629055911209434e-05,-0.35,-0.3500000238418579,3.1379148237099974,3.138395071029663,0.000428715196903795,-3.184582340054476e-07,-0.001166874310001731
8.03307294845581,-23.2979679107666,51.13984298706055,-0.39990234375,-0.6739550828933716,-0.03195800632238388,-0.16682617366313934,-2.9999797103739336,8.637290954589844,0.011033464765445259,-0.10795377194881439,0.10833593010902405,0.14754608273506165,0.0,4.6432207454927266e-05,-0.35,-0.3500000238418579,3.1379148237099974,3.1383862495422363,0.00039714615559205413,-5.083081759948982e-07,-0.0011645625345408916
8.038223028182983,-23.2979679107666,51.13984298706055,-0.39990234375,-0.6739550828933716,-0.03195800632238388,-0.16682617366313934,-2.999979668568713,8.637290954589844,0.011044825682396347,-0.10795377194881439,0.09718119884181876,0.14754608273506165,0.0,4.6432207454927266e-05,-0.35,-0.3500000238418579,3.1379110367120417,3.1383862495422363,0.00039714615559205413,-5.083081759948982e-07,-0.0011645625345408916
8.043097734451294,-23.2979679107666,51.13984298706055,-0.39990234375,-0.6739550828933716,-0.03195800632238388,-0.16682617366313934,-2.999979668568713,8.637290954589844,0.011044825682396347,-0.10795377194881439,0.10789453387260438,0.14754608273506165,0.0,4.739240830531344e-05,-0.35,-0.3500000238418579,3.1379110367120417,3.138368844985962,0.0003244458348490298,-6.209739353835175e-07,-0.001126901712268591
8.047809362411499,-23.2979679107666,51.28921890258789,-0.39990234375,-0.6758398413658142,-0.03195800632238388,-0.1615869104862213,-2.9999794704329994,8.536952018737793,0.011098512537301444,-0.10825220495462418,-0.00749545221796355,0.4238647222518921,0.0,4.772614920511842e-05,-0.35,-0.3500000238418579,3.1378931409718676,3.138364791870117,0.00030784326372668147,-4.967110953657539e-07,-0.0011139491107314825
8.05244493484497,-23.2979679107666,51.28921890258789,-0.39990234375,-0.6758398413658142,-0.03195800632238388,-0.1615869104862213,-2.9999794704329994,8.536952018737793,0.011098512537301444,-0.10825220495462418,0.10370312333106996,0.4238647222518921,0.0,4.772614920511842e-05,-0.35,-0.3500000238418579,3.1378931409718676,3.138364791870117,0.00030784326372668147,-4.967110953657539e-07,-0.0011139491107314825
8.057652235031128,-23.2979679107666,51.36499786376953,-0.39990234375,-0.676806628704071,-0.03195800632238388,-0.1567724645137787,-2.9999793682694453,8.481557846069336,0.011126093548923872,-0.10841818898916245,0.007395863975395045,0.5763658285140991,0.0,4.870995689998381e-05,-0.35,-0.3500000238418579,3.137883947238256,3.138354539871216,0.0002800730580929667,-4.6003256670701376e-07,-0.0010805283673107624
8.06234335899353,-23.2979679107666,51.36499786376953,-0.39990234375,-0.676806628704071,-0.03195800632238388,-0.1567724645137787,-2.9999793682694453,8.481557846069336,0.011126093548923872,-0.10841818898916245,0.09985156655311585,0.5763658285140991,0.0,4.870995689998381e-05,-0.35,-0.3500000238418579,3.137883947238256,3.138354539871216,0.0002800730580929667,-4.6003256670701376e-07,-0.0010805283673107624
8.066979885101318,-23.2979679107666,51.41636657714844,-0.39990234375,-0.6774706840515137,-0.03195800632238388,-0.15244139730930328,-2.9999792976924535,8.432465553283691,0.011145107298440596,-0.10856674611568451,0.002974811210885872,0.7113800048828125,0.0,4.9481415771879256e-05,-0.35,-0.3500000238418579,3.137877609278088,3.138347625732422,0.0002573837118688971,-3.2932777571659244e-07,-0.0010522158117964864
8.071624279022217,-23.2979679107666,51.41636657714844,-0.39990234375,-0.6774706840515137,-0.03195800632238388,-0.15244139730930328,-2.9999792976924535,8.432465553283691,0.011145107298440596,-0.10856674611568451,0.09638671278953553,0.7113800048828125,0.0,4.9481415771879256e-05,-0.35,-0.3500000238418579,3.137877609278088,3.138347625732422,0.0002573837118688971,-3.2932777571659244e-07,-0.0010522158117964864
8.076338052749634,-23.2979679107666,51.55741882324219,-0.39990234375,-0.6792968511581421,-0.03195800632238388,-0.1384326070547104,-2.9999791033661687,8.402448654174805,0.011197292812047382,-0.10864994674921036,-0.21200875196686753,0.7949660420417786,0.0,5.0305046897847205e-05,-0.35,-0.3500000238418579,3.137860213986282,3.138341188430786,0.00024916016263887286,-1.9281819163552427e-07,-0.0010037686442956328
8.081074953079224,-23.2979679107666,51.55741882324219,-0.39990234375,-0.6792968511581421,-0.03195800632238388,-0.1384326070547104,-2.9999791033661687,8.402448654174805,0.011197292812047382,-0.10864994674921036,0.08517968058586121,0.7949660420417786,0.0,5.0305046897847205e-05,-0.35,-0.3500000238418579,3.137860213986282,3.138341188430786,0.00024916016263887286,-1.9281819163552427e-07,-0.0010037686442956328
8.085747957229614,-23.2979679107666,51.55741882324219,-0.39990234375,-0.6792968511581421,-0.03195800632238388,-0.1384326070547104,-2.9999791033661687,8.402448654174805,0.011197292812047382,-0.10864994674921036,0.08517968058586121,0.7949660420417786,0.0,5.148832133272663e-05,-0.35,-0.3500000238418579,3.137860213986282,3.13832688331604,0.00030337920179590583,-2.8435619014999247e-07,-0.0009886634070426226
8.090640306472778,-23.2979679107666,51.61800765991211,-0.39990234375,-0.6800780892372131,-0.03195800632238388,-0.1329052746295929,-2.9999790203181984,8.414816856384277,0.011219520964131752,-0.10860719531774521,-0.03222129110472012,0.7616286873817444,0.0,5.148832133272663e-05,-0.35,-0.3500000238418579,3.1378528045505405,3.13832688331604,0.00030337920179590583,-2.8435619014999247e-07,-0.0009886634070426226
8.095364093780518,-23.2979679107666,51.61800765991211,-0.39990234375,-0.6800780892372131,-0.03195800632238388,-0.1329052746295929,-2.9999790203181984,8.414816856384277,0.011219520964131752,-0.10860719531774521,0.08075781464576721,0.7616286873817444,0.0,5.189548755879514e-05,-0.35,-0.3500000238418579,3.1378528045505405,3.1383156776428223,0.0003134918515570462,-5.055488827565568e-07,-0.0009541668114252388
8.100114345550537,-23.2979679107666,51.67042922973633,-0.39990234375,-0.6807519197463989,-0.03195800632238388,-0.1280175745487213,-2.9999789487551864,8.406874656677246,0.011238639852163059,-0.10862844437360764,-0.026045840701001924,0.7838810682296753,0.0,5.189548755879514e-05,-0.35,-0.3500000238418579,3.1378464315432195,3.1383156776428223,0.0003134918515570462,-5.055488827565568e-07,-0.0009541668114252388
8.104546546936035,-23.2979679107666,51.67042922973633,-0.39990234375,-0.6807519197463989,-0.03195800632238388,-0.1280175745487213,-2.9999789487551864,8.406874656677246,0.011238639852163059,-0.10862844437360764,0.07684765458106996,0.7838810682296753,0.0,5.189548755879514e-05,-0.35,-0.3500000238418579,3.1378464315432195,3.1383156776428223,0.0003134918515570462,-5.055488827565568e-07,-0.0009541668114252388
8.109348773956299,-23.2979679107666,51.82081985473633,-0.39990234375,-0.6826855540275574,-0.03195800632238388,-0.11324706673622131,-2.9999787432559923,8.374239921569824,0.011293361421521094,-0.10872075706720352,-0.24254496058562158,0.8747077584266663,0.0,5.185923509998247e-05,-0.35,-0.3500000238418579,3.13782819089148,3.1382997035980225,0.0003522804472595453,-3.4228514778078534e-07,-0.000938203651458025
8.11404824256897,-23.2979679107666,51.82081985473633,-0.39990234375,-0.6826855540275574,-0.03195800632238388,-0.11324706673622131,-2.9999787432559923,8.374239921569824,0.011293361421521094,-0.10872075706720352,0.06503124833106995,0.8747077584266663,0.0,5.185923509998247e-05,-0.35,-0.3500000238418579,3.13782819089148,3.1382997035980225,0.0003522804472595453,-3.4228514778078534e-07,-0.000938203651458025
8.118913412094116,-23.2979679107666,51.82081985473633,-0.39990234375,-0.6826855540275574,-0.03195800632238388,-0.11324706673622131,-2.9999787432559923,8.374239921569824,0.011293361421521094,-0.10872075706720352,0.06503124833106995,0.8747077584266663,0.0,5.1790706493193284e-05,-0.35,-0.3500000238418579,3.13782819089148,3.138292074203491,0.0003460170410107821,-2.997952037731011e-07,-0.0009244912653230131
8.12331247329712,-23.2979679107666,51.87128829956055,-0.39990234375,-0.6833398342132568,-0.03195800632238388,-0.10758300870656967,-2.999978673444839,8.351349830627441,0.011311890918080289,-0.10878940671682358,-0.06825606144965099,0.9379048943519592,0.0,5.1790706493193284e-05,-0.35,-0.3500000238418579,3.1378220143487905,3.138292074203491,0.0003460170410107821,-2.997952037731011e-07,-0.0009244912653230131
8.1276695728302,-23.2979679107666,51.87128829956055,-0.39990234375,-0.6833398342132568,-0.03195800632238388,-0.10758300870656967,-2.999978673444839,8.351349830627441,0.011311890918080289,-0.10878940671682358,0.06050000190734864,0.9379048943519592,0.0,5.153646270628087e-05,-0.35,-0.3500000238418579,3.1378220143487905,3.1382861137390137,0.00037919916212558746,-2.6245425033266656e-07,-0.0009239362552762032
8.13235855102539,-23.2979679107666,51.97300720214844,-0.39990234375,-0.6846679449081421,-0.03195800632238388,-0.09693847596645355,-2.999978531259528,8.381109237670898,0.011349536639243835,-0.1086883544921875,-0.17502740162750116,0.8572604656219482,0.0,5.153646270628087e-05,-0.35,-0.3500000238418579,3.1378094656855655,3.1382861137390137,0.00037919916212558746,-2.6245425033266656e-07,-0.0009239362552762032
8.137001037597656,-23.2979679107666,51.97300720214844,-0.39990234375,-0.6846679449081421,-0.03195800632238388,-0.09693847596645355,-2.999978531259528,8.381109237670898,0.011349536639243835,-0.1086883544921875,0.05198437571525574,0.8572604656219482,0.0,5.108102413942106e-05,-0.35,-0.3500000238418579,3.1378094656855655,3.138279676437378,0.00041968340519815683,-1.0451003618072718e-08,-0.0009446440963074565
8.141693830490112,-23.2979679107666,52.116912841796875,-0.39990234375,-0.6865136623382568,-0.03195800632238388,-0.08579101413488388,-2.999978531259528,8.504186630249023,0.011349536639243835,-0.10828635841608047,0.05198437571525574,0.5211160182952881,0.0,5.108102413942106e-05,-0.35,-0.3500000238418579,3.1378094656855655,3.138279676437378,0.00041968340519815683,-1.0451003618072718e-08,-0.0009446440963074565
8.146425485610962,-23.2979679107666,52.116912841796875,-0.39990234375,-0.6865136623382568,-0.03195800632238388,-0.08579101413488388,-2.9999783349781435,8.504186630249023,0.011401300880464465,-0.10828635841608047,-0.19252688081036481,0.5211160182952881,0.0,4.853478094446473e-05,-0.35,-0.3499997556209564,3.137792210814448,3.1382617950439453,0.0005498704267665744,6.57298869555234e-07,-0.0010234132641926408
8.15114688873291,-23.2979679107666,52.116912841796875,-0.39990234375,-0.6865136623382568,-0.03195800632238388,-0.08579101413488388,-2.9999783349781435,8.504186630249023,0.011401300880464465,-0.10828635841608047,0.04306640625,0.5211160182952881,0.0,4.853478094446473e-05,-0.35,-0.3499997556209564,3.137792210814448,3.1382617950439453,0.0005498704267665744,6.57298869555234e-07,-0.0010234132641926408
8.155556917190552,-23.2979679107666,52.179725646972656,-0.39990234375,-0.687304675579071,-0.03195800632238388,-0.08286620676517487,-2.9999782514718927,8.559794425964355,0.011423252410992023,-0.10810372233390808,-0.025595174251378944,0.3692028224468231,0.0,4.728979547508061e-05,-0.35,-0.3499997556209564,3.137784893584661,3.138253927230835,0.0005521021084859967,5.609863364952616e-07,-0.0010598021326586604
8.160507440567017,-23.2979679107666,52.179725646972656,-0.39990234375,-0.687304675579071,-0.03195800632238388,-0.08286620676517487,-2.9999782514718927,8.559794425964355,0.011423252410992023,-0.10810372233390808,0.04072656035423279,0.3692028224468231,0.0,4.728979547508061e-05,-0.35,-0.3499997556209564,3.137784893584661,3.138253927230835,0.0005521021084859967,5.609863364952616e-07,-0.0010598021326586604
8.165099620819092,-23.2979679107666,52.23081970214844,-0.39990234375,-0.6879491806030273,-0.03195800632238388,-0.08115234225988388,-2.9999781833675225,8.589577674865723,0.011441124022482757,-0.10800431668758392,0.002034100440981783,0.2879835069179535,0.0,4.643871579901315e-05,-0.35,-0.3500000238418579,3.137778936337576,3.13824725151062,0.0005363330128602684,4.924270342598902e-07,-0.0010773144895210862
8.17010235786438,-23.2979679107666,52.23081970214844,-0.39990234375,-0.6879491806030273,-0.03195800632238388,-0.08115234225988388,-2.9999781833675225,8.589577674865723,0.011441124022482757,-0.10800431668758392,0.039355468750000004,0.2879835069179535,0.0,4.643871579901315e-05,-0.35,-0.3500000238418579,3.137778936337576,3.13824725151062,0.0005363330128602684,4.924270342598902e-07,-0.0010773144895210862
8.17477560043335,-23.2979679107666,52.23081970214844,-0.39990234375,-0.6879491806030273,-0.03195800632238388,-0.08115234225988388,-2.9999781833675225,8.589577674865723,0.011441124022482757,-0.10800431668758392,0.039355468750000004,0.2879835069179535,0.0,4.4927899580216035e-05,-0.35,-0.3500000238418579,3.137778936337576,3.1382267475128174,0.00044465597602538764,9.783288987819105e-07,-0.0010698129190132022
8.179508686065674,-23.2979679107666,52.40488052368164,-0.39990234375,-0.6901464462280273,-0.03195800632238388,-0.07513183355331421,-2.999977951003042,8.556598663330078,0.011501890957204362,-0.10809777677059174,-0.0926614406835209,0.3797561824321747,0.0,4.4927899580216035e-05,-0.35,-0.3500000238418579,3.1377586805445805,3.1382267475128174,0.00044465597602538764,9.783288987819105e-07,-0.0010698129190132022
8.184335708618164,-23.2979679107666,52.40488052368164,-0.39990234375,-0.6901464462280273,-0.03195800632238388,-0.07513183355331421,-2.999977951003042,8.556598663330078,0.011501890957204362,-0.10809777677059174,0.034539061784744265,0.3797561824321747,0.0,4.482268923311494e-05,-0.35,-0.3500000238418579,3.1377586805445805,3.13822340965271,0.0004306628543417901,1.0480921446287539e-06,-0.001064435695298016
8.188928842544556,-23.2979679107666,52.43890380859375,-0.39990234375,-0.6905761361122131,-0.03195800632238388,-0.07332519441843033,-2.9999779055350313,8.52993392944336,0.011513744032575896,-0.10818159580230713,-0.006239723439591602,0.4531031847000122,0.0,4.467576582101174e-05,-0.35,-0.34999987483024597,3.137754729490388,3.138212203979492,0.00039002724224701524,1.1248840792177361e-06,-0.001043323427438736
8.193599700927734,-23.2979679107666,52.43890380859375,-0.39990234375,-0.6905761361122131,-0.03195800632238388,-0.07332519441843033,-2.9999779055350313,8.52993392944336,0.011513744032575896,-0.10818159580230713,0.03309375047683716,0.4531031847000122,0.0,4.467576582101174e-05,-0.35,-0.34999987483024597,3.137754729490388,3.138212203979492,0.00039002724224701524,1.1248840792177361e-06,-0.001043323427438736
8.198491334915161,-23.2979679107666,52.54179382324219,-0.39990234375,-0.6918749809265137,-0.03195800632238388,-0.06841308623552322,-2.999977768087898,8.5433349609375,0.011549501216678967,-0.10813013464212418,-0.0712544914138371,0.4172157943248749,0.0,4.472732325666584e-05,-0.35,-0.3500000238418579,3.137742810340965,3.1382060050964355,0.00036645139334723353,1.2715970569843194e-06,-0.0010278893169015646
8.202955484390259,-23.2979679107666,52.54179382324219,-0.39990234375,-0.6918749809265137,-0.03195800632238388,-0.06841308623552322,-2.999977768087898,8.5433349609375,0.011549501216678967,-0.10813013464212418,0.029164063930511477,0.4172157943248749,0.0,4.472732325666584e-05,-0.35,-0.3500000238418579,3.137742810340965,3.1382060050964355,0.00036645139334723353,1.2715970569843194e-06,-0.0010278893169015646
8.207593441009521,-23.2979679107666,52.593631744384766,-0.39990234375,-0.6925292611122131,-0.03195800632238388,-0.06633789092302322,-2.9999776988352056,8.61153793334961,0.011567475585631554,-0.10789923369884491,-0.01723983364473399,0.23109813034534454,0.0,4.472732325666584e-05,-0.35,-0.3500000238418579,3.1377368188401773,3.1382060050964355,0.00036645139334723353,1.2715970569843194e-06,-0.0010278893169015646
8.212239503860474,-23.2979679107666,52.593631744384766,-0.39990234375,-0.6925292611122131,-0.03195800632238388,-0.06633789092302322,-2.9999776988352056,8.61153793334961,0.011567475585631554,-0.10789923369884491,0.027503907680511475,0.23109813034534454,0.0,4.472732325666584e-05,-0.35,-0.3500000238418579,3.1377368188401773,3.1382060050964355,0.00036645139334723353,1.2715970569843194e-06,-0.0010278893169015646
8.216880559921265,-23.2979679107666,52.72050476074219,-0.39990234375,-0.6941210627555847,-0.03195800632238388,-0.06438476592302322,-2.9999775307435494,8.68545150756836,0.011610987633953816,-0.10765086859464645,-0.016142225320618705,0.02907389961183071,0.0,4.447234096005559e-05,-0.35,-0.3500000238418579,3.137722314715844,3.13818359375,0.0004035050515085459,6.82795757711574e-08,-0.0010222558630630374
8.221871614456177,-23.2979679107666,52.72050476074219,-0.39990234375,-0.6941210627555847,-0.03195800632238388,-0.06438476592302322,-2.9999775307435494,8.68545150756836,0.011610987633953816,-0.10765086859464645,0.025941407680511477,0.02907389961183071,0.0,4.43543576693628e-05,-0.35,-0.3500000238418579,3.137722314715844,3.138179302215576,0.00040478556184098125,-2.8415405495252344e-07,-0.0010195114882662892
8.226488828659058,-23.2979679107666,52.72050476074219,-0.39990234375,-0.6941210627555847,-0.03195800632238388,-0.06438476592302322,-2.9999775307435494,8.68545150756836,0.011610987633953816,-0.10765086859464645,0.025941407680511477,0.02907389961183071,0.0,4.43543576693628e-05,-0.35,-0.3500000238418579,3.137722314715844,3.138179302215576,0.00040478556184098125,-2.8415405495252344e-07,-0.0010195114882662892
8.231032133102417,-23.2979679107666,52.8056640625,-0.39990234375,-0.6951757669448853,-0.03195800632238388,-0.0650634765625,-2.9999774199808082,8.73046588897705,0.011639570666170357,-0.10749616473913193,0.0414230766014128,-0.09365606307983398,0.0,4.4185628212289885e-05,-0.35,-0.3500000238418579,3.1377127869669024,3.1381726264953613,0.0003951354301534593,-3.959219441185269e-07,-0.0010073963785544038
8.235536098480225,-23.2979679107666,52.8056640625,-0.39990234375,-0.6951757669448853,-0.03195800632238388,-0.0650634765625,-2.9999774199808082,8.73046588897705,0.011639570666170357,-0.10749616473913193,0.026484376192092898,-0.09365606307983398,0.0,4.4185628212289885e-05,-0.35,-0.3500000238418579,3.1377127869669024,3.1381726264953613,0.0003951354301534593,-3.959219441185269e-07,-0.0010073963785544038
8.24014949798584,-23.2979679107666,52.95246124267578,-0.39990234375,-0.6969823837280273,-0.03195800632238388,-0.06529784947633743,-2.999977230752521,8.671608924865723,0.011688240519298378,-0.10767907649278641,0.03175213938104398,0.06872701644897461,0.0,4.414398790686391e-05,-0.35,-0.3500000238418579,3.137696563559907,3.138155221939087,0.00033408423769287765,-7.533858479291666e-07,-0.0009491944801993668
8.244897365570068,-23.2979679107666,52.95246124267578,-0.39990234375,-0.6969823837280273,-0.03195800632238388,-0.06529784947633743,-2.999977230752521,8.671608924865723,0.011688240519298378,-0.10767907649278641,0.026671874523162845,0.06872701644897461,0.0,4.414398790686391e-05,-0.35,-0.3500000238418579,3.137696563559907,3.138155221939087,0.00033408423769287765,-7.533858479291666e-07,-0.0009491944801993668
8.249730348587036,-23.2979679107666,53.015350341796875,-0.39990234375,-0.6977733969688416,-0.03195800632238388,-0.06431151926517487,-2.999977147052459,8.64297866821289,0.011709703795967679,-0.10776901990175247,0.0054744992201002825,0.14766229689121246,0.0,4.428415195434354e-05,-0.35,-0.3500000238418579,3.13768940907995,3.1381478309631348,0.0003206845431122929,-6.827417564636562e-07,-0.0009330326574854553
8.254493951797485,-23.2979679107666,53.015350341796875,-0.39990234375,-0.6977733969688416,-0.03195800632238388,-0.06431151926517487,-2.999977147052459,8.64297866821289,0.011709703795967679,-0.10776901990175247,0.025882810354232788,0.14766229689121246,0.0,4.428415195434354e-05,-0.35,-0.3500000238418579,3.13768940907995,3.1381478309631348,0.0003206845431122929,-6.827417564636562e-07,-0.0009330326574854553
8.259693622589111,-23.2979679107666,53.015350341796875,-0.39990234375,-0.6977733969688416,-0.03195800632238388,-0.06431151926517487,-2.999977147052459,8.64297866821289,0.011709703795967679,-0.10776901990175247,0.025882810354232788,0.14766229689121246,0.0,4.4375425204634666e-05,-0.35,-0.3500000238418579,3.13768940907995,3.1381423473358154,0.0003296939830761403,-5.802878604299622e-07,-0.000944758765399456
8.264688730239868,-23.2979679107666,53.12027359008789,-0.39990234375,-0.6990722417831421,-0.03195800632238388,-0.06260742247104645,-2.9999770105821284,8.658868789672852,0.011744614881612561,-0.10770785063505173,-0.00959578377239733,0.10490544885396957,0.0,4.4375425204634666e-05,-0.35,-0.3500000238418579,3.1376777719624895,3.1381423473358154,0.0003296939830761403,-5.802878604299622e-07,-0.000944758765399456
8.269737482070923,-23.2979679107666,53.12027359008789,-0.39990234375,-0.6990722417831421,-0.03195800632238388,-0.06260742247104645,-2.9999770105821284,8.658868789672852,0.011744614881612561,-0.10770785063505173,0.024519532918930054,0.10490544885396957,0.0,4.43340941274073e-05,-0.35,-0.3500000238418579,3.1376777719624895,3.1381359100341797,0.00035816896706819534,-5.073728175375436e-07,-0.000962714955676347
8.27437973022461,-23.2979679107666,53.17218780517578,-0.39990234375,-0.6997168064117432,-0.03195800632238388,-0.0621337890625,-2.9999769427525322,8.668391227722168,0.011761928123044304,-0.1076720580458641,0.01393795298578608,0.07920292019844055,0.0,4.424622966325842e-05,-0.35,-0.3500000238418579,3.137672000837722,3.1381168365478516,0.0003621205687522888,-2.3454123265764792e-07,-0.001002132659777999
8.279139518737793,-23.2979679107666,53.17218780517578,-0.39990234375,-0.6997168064117432,-0.03195800632238388,-0.0621337890625,-2.9999769427525322,8.668391227722168,0.011761928123044304,-0.1076720580458641,0.024140626192092896,0.07920292019844055,0.0,4.424622966325842e-05,-0.35,-0.3500000238418579,3.137672000837722,3.1381168365478516,0.0003621205687522888,-2.3454123265764792e-07,-0.001002132659777999
8.283858299255371,-23.2979679107666,53.29761505126953,-0.39990234375,-0.7012792825698853,-0.03195800632238388,-0.06000976264476776,-2.9999767780439237,8.623414993286133,0.01180386365550248,-0.10781269520521164,-0.02257078421048416,0.20339858531951904,0.0,4.424622966325842e-05,-0.35,-0.3500000238418579,3.137658022219083,3.1381168365478516,0.0003621205687522888,-2.3454123265764792e-07,-0.001002132659777999
8.28863525390625,-23.2979679107666,53.29761505126953,-0.39990234375,-0.7012792825698853,-0.03195800632238388,-0.06000976264476776,-2.9999767780439237,8.623414993286133,0.01180386365550248,-0.10781269520521164,0.022441405057907107,0.20339858531951904,0.0,4.434388392837718e-05,-0.35,-0.3500000238418579,3.137658022219083,3.1381099224090576,0.00034740037517622113,-1.6630590948807367e-07,-0.001005031750537455
8.293602228164673,-23.2979679107666,53.38066101074219,-0.39990234375,-0.7023242115974426,-0.03195800632238388,-0.056708984076976776,-2.9999767780439237,8.55633544921875,0.01180386365550248,-0.10803136229515076,0.022441405057907107,0.3878590762615204,0.0,4.456398164620623e-05,-0.35,-0.3500000238418579,3.137658022219083,3.13810396194458,0.0003269413427915424,-1.4618876775784884e-07,-0.0009980574250221252
8.298572540283203,-23.2979679107666,53.38066101074219,-0.39990234375,-0.7023242115974426,-0.03195800632238388,-0.056708984076976776,-2.9999766673590647,8.55633544921875,0.01183196100402564,-0.10803136229515076,-0.04660910291169,0.3878590762615204,0.0,4.456398164620623e-05,-0.35,-0.3500000238418579,3.1376486563635715,3.13810396194458,0.0003269413427915424,-1.4618876775784884e-07,-0.0009980574250221252
8.302975416183472,-23.2979679107666,53.38066101074219,-0.39990234375,-0.7023242115974426,-0.03195800632238388,-0.056708984076976776,-2.9999766673590647,8.55633544921875,0.01183196100402564,-0.10803136229515076,0.019800782203674316,0.3878590762615204,0.0,4.4943699322175235e-05,-0.35,-0.3500000238418579,3.1376486563635715,3.1380865573883057,0.00035627844044938684,6.681631248284248e-08,-0.0010206487495452166
8.308068752288818,-23.2979679107666,53.51734161376953,-0.39990234375,-0.704052746295929,-0.03195800632238388,-0.051372069865465164,-2.9999764837876057,8.582755088806152,0.011878414092451819,-0.10793182253837585,-0.08925103922311114,0.3165108859539032,0.0,4.4943699322175235e-05,-0.35,-0.3500000238418579,3.137633171879858,3.1380865573883057,0.00035627844044938684,6.681631248284248e-08,-0.0010206487495452166
8.312743186950684,-23.2979679107666,53.51734161376953,-0.39990234375,-0.704052746295929,-0.03195800632238388,-0.051372069865465164,-2.9999764837876057,8.582755088806152,0.011878414092451819,-0.10793182253837585,0.015531250834465028,0.3165108859539032,0.0,4.496941983234137e-05,-0.35,-0.3500000238418579,3.137633171879858,3.1380844116210938,0.0003636640904005617,-1.7967522580875084e-08,-0.0010274085216224194
8.317608833312988,-23.2979679107666,53.58808517456055,-0.39990234375,-0.7049413919448853,-0.03195800632238388,-0.048906248062849045,-2.9999763896800626,8.589119911193848,0.011902157879005809,-0.1079048290848732,-0.03711960265819628,0.29960256814956665,0.0,4.496941983234137e-05,-0.35,-0.3500000238418579,3.137625257222175,3.1380844116210938,0.0003636640904005617,-1.7967522580875084e-08,-0.0010274085216224194
8.322153091430664,-23.2979679107666,53.58808517456055,-0.39990234375,-0.7049413919448853,-0.03195800632238388,-0.048906248062849045,-2.9999763896800626,8.589119911193848,0.011902157879005809,-0.1079048290848732,0.013558593392372132,0.29960256814956665,0.0,4.504352909862064e-05,-0.35,-0.3500000238418579,3.137625257222175,3.1380774974823,0.0003652167215477675,-1.5906297790024837e-07,-0.0010345691116526723
8.32684850692749,-23.2979679107666,53.64120864868164,-0.39990234375,-0.7056054472923279,-0.03195800632238388,-0.047490231692790985,-2.999976319506736,8.614729881286621,0.011919832164022311,-0.10781384259462357,-0.017731643919171425,0.2297985553741455,0.0,4.504352909862064e-05,-0.35,-0.3500000238418579,3.1376193657474007,3.1380774974823,0.0003652167215477675,-1.5906297790024837e-07,-0.0010345691116526723
8.331663846969604,-23.2979679107666,53.64120864868164,-0.39990234375,-0.7056054472923279,-0.03195800632238388,-0.047490231692790985,-2.999976319506736,8.614729881286621,0.011919832164022311,-0.10781384259462357,0.012425780296325684,0.2297985553741455,0.0,4.480217467062175e-05,-0.35,-0.3500000238418579,3.1376193657474007,3.138063907623291,0.00041706228512339294,4.296305178286275e-07,-0.001055162283591926
8.336337566375732,-23.2979679107666,53.64120864868164,-0.39990234375,-0.7056054472923279,-0.03195800632238388,-0.047490231692790985,-2.999976319506736,8.614729881286621,0.011919832164022311,-0.10781384259462357,0.012425780296325684,0.2297985553741455,0.0,4.480217467062175e-05,-0.35,-0.3500000238418579,3.1376193657474007,3.138063907623291,0.00041706228512339294,4.296305178286275e-07,-0.001055162283591926
8.34093976020813,-23.2979679107666,53.69382858276367,-0.39990234375,-0.7062597274780273,-0.03195800632238388,-0.046757809817790985,-2.999976250531261,8.654824256896973,0.011937179247872368,-0.10767341405153275,-0.004074781873414772,0.12027458101511002,0.0,4.480217467062175e-05,-0.35,-0.3500000238418579,3.1376135833404075,3.138063907623291,0.00041706228512339294,4.296305178286275e-07,-0.001055162283591926
8.345876216888428,-23.2979679107666,53.69382858276367,-0.39990234375,-0.7062597274780273,-0.03195800632238388,-0.046757809817790985,-2.999976250531261,8.654824256896973,0.011937179247872368,-0.10767341405153275,0.011839842796325684,0.12027458101511002,0.0,4.480217467062175e-05,-0.35,-0.3500000238418579,3.1376135833404075,3.138063907623291,0.00041706228512339294,4.296305178286275e-07,-0.001055162283591926
8.350573062896729,-23.2979679107666,53.87331771850586,-0.39990234375,-0.7084667682647705,-0.03195800632238388,-0.04693847522139549,-2.9999760190553135,8.725629806518555,0.011995211254155683,-0.10741759091615677,0.015830901134437716,-0.07252074778079987,0.0,4.4244246964808553e-05,-0.35,-0.3500000238418579,3.1375942391844296,3.13804030418396,0.00040822732262313366,-1.5757427718199324e-07,-0.00108638359233737
8.355244398117065,-23.2979679107666,53.87331771850586,-0.39990234375,-0.7084667682647705,-0.03195800632238388,-0.04693847522139549,-2.9999760190553135,8.725629806518555,0.011995211254155683,-0.10741759091615677,0.01198437511920929,-0.07252074778079987,0.0,4.424263534019701e-05,-0.35,-0.3500000238418579,3.1375942391844296,3.138036012649536,0.00039907541940920055,-1.456268137189909e-07,-0.0010921602370217443
8.36010479927063,-23.2979679107666,53.957733154296875,-0.39990234375,-0.7095116972923279,-0.03195800632238388,-0.047416992485523224,-2.9999759090959963,8.710967063903809,0.012022680385432347,-0.10746124386787415,0.02221241052866707,-0.031751636415719986,0.0,4.424263534019701e-05,-0.35,-0.3500000238418579,3.137585082733976,3.138036012649536,0.00039907541940920055,-1.456268137189909e-07,-0.0010921602370217443
8.364836931228638,-23.2979679107666,53.957733154296875,-0.39990234375,-0.7095116972923279,-0.03195800632238388,-0.047416992485523224,-2.9999759090959963,8.710967063903809,0.012022680385432347,-0.10746124386787415,0.012367188930511475,-0.031751636415719986,0.0,4.4372449337970465e-05,-0.35,-0.3500000238418579,3.137585082733976,3.138029098510742,0.0003768026363104582,-1.9066865775130282e-07,-0.0010915874736383557
8.369495630264282,-23.2979679107666,54.0107421875,-0.39990234375,-0.7101659774780273,-0.03195800632238388,-0.04739746078848839,-2.999975840335018,8.698802947998047,0.01203982583767798,-0.10749489814043045,0.011932311397858018,0.0023132609203457832,0.0,4.4372449337970465e-05,-0.35,-0.3500000238418579,3.1375793675372674,3.138029098510742,0.0003768026363104582,-1.9066865775130282e-07,-0.0010915874736383557
8.374229907989502,-23.2979679107666,54.0107421875,-0.39990234375,-0.7101659774780273,-0.03195800632238388,-0.04739746078848839,-2.999975840335018,8.698802947998047,0.01203982583767798,-0.10749489814043045,0.012351563572883606,0.0023132609203457832,0.0,4.4372449337970465e-05,-0.35,-0.3500000238418579,3.1375793675372674,3.138029098510742,0.0003768026363104582,-1.9066865775130282e-07,-0.0010915874736383557
8.379253625869751,-23.2979679107666,54.136444091796875,-0.39990234375,-0.7117089629173279,-0.03195800632238388,-0.047636717557907104,-2.999975840335018,8.714696884155273,0.01203982583767798,-0.10743415355682373,0.012351563572883606,-0.04071864113211632,0.0,4.506050026975572e-05,-0.35,-0.3499997556209564,3.1375793675372674,3.1380083560943604,0.00036796554923057556,-4.55091253570572e-08,-0.001118605025112629
8.383929252624512,-23.2979679107666,54.136444091796875,-0.39990234375,-0.7117089629173279,-0.03195800632238388,-0.047636717557907104,-2.999975678596739,8.714696884155273,0.01208005910726783,-0.10743415355682373,0.017660074821879392,-0.04071864113211632,0.0,4.529299258138053e-05,-0.35,-0.3499997556209564,3.1375659563390395,3.13800048828125,0.0003797281242441386,1.3861762226952123e-07,-0.0011307293316349387
8.389224529266357,-23.2979679107666,54.136444091796875,-0.39990234375,-0.7117089629173279,-0.03195800632238388,-0.047636717557907104,-2.999975678596739,8.714696884155273,0.01208005910726783,-0.10743415355682373,0.01254296898841858,-0.04071864113211632,0.0,4.544635521597229e-05,-0.35,-0.3500000238418579,3.1375659563390395,3.137993097305298,0.00039007747545838356,2.651539716680418e-07,-0.001138923573307693
8.394261598587036,-23.2979679107666,54.22117233276367,-0.39990234375,-0.7127538919448853,-0.03195800632238388,-0.048701170831918716,-2.9999755688069096,8.746496200561523,0.012107293738031974,-0.10731736570596695,0.034526924398842904,-0.1272912323474884,0.0,4.544635521597229e-05,-0.35,-0.3500000238418579,3.13755687805502,3.137993097305298,0.00039007747545838356,2.651539716680418e-07,-0.001138923573307693
8.399028539657593,-23.2979679107666,54.22117233276367,-0.39990234375,-0.7127538919448853,-0.03195800632238388,-0.048701170831918716,-2.9999755688069096,8.746496200561523,0.012107293738031974,-0.10731736570596695,0.01339453160762787,-0.1272912323474884,0.0,4.5638073061127216e-05,-0.35,-0.3500000238418579,3.13755687805502,3.137985944747925,0.0003836607211269438,4.7367279876198154e-08,-0.0011366046965122223
8.4041166305542,-23.2979679107666,54.27488327026367,-0.39990234375,-0.7134081721305847,-0.03195800632238388,-0.04944824054837227,-2.99997550047473,8.744512557983398,0.012124213433936043,-0.10732007026672363,0.028674899062530085,-0.12149100750684738,0.0,4.5638073061127216e-05,-0.35,-0.3500000238418579,3.1375512381103907,3.137985944747925,0.0003836607211269438,4.7367279876198154e-08,-0.0011366046965122223
8.408917427062988,-23.2979679107666,54.27488327026367,-0.39990234375,-0.7134081721305847,-0.03195800632238388,-0.04944824054837227,-2.99997550047473,8.744512557983398,0.012124213433936043,-0.10732007026672363,0.013992187380790711,-0.12149100750684738,0.0,4.602553599397652e-05,-0.35,-0.3500000238418579,3.1375512381103907,3.1379637718200684,0.00040233327308669686,-3.078004908729781e-07,-0.0011291259434074163
8.413654804229736,-23.2979679107666,54.43464660644531,-0.39990234375,-0.7153710722923279,-0.03195800632238388,-0.052753906697034836,-2.9999752945951856,8.790289878845215,0.012175049015427146,-0.10714787244796753,0.08641512367163824,-0.24588434398174286,0.0,4.602553599397652e-05,-0.35,-0.3500000238418579,3.137534292777595,3.1379637718200684,0.00040233327308669686,-3.078004908729781e-07,-0.0011291259434074163
8.418463230133057,-23.2979679107666,54.43464660644531,-0.39990234375,-0.7153710722923279,-0.03195800632238388,-0.052753906697034836,-2.9999752945951856,8.790289878845215,0.012175049015427146,-0.10714787244796753,0.016636720299720766,-0.24588434398174286,0.0,4.607387018040754e-05,-0.35,-0.3500000238418579,3.137534292777595,3.1379566192626953,0.0004006973176728934,-3.33198187263406e-07,-0.001120317610912025
8.42348337173462,-23.2979679107666,54.48777389526367,-0.39990234375,-0.7160253524780273,-0.03195800632238388,-0.05445312336087227,-2.9999752258879573,8.806793212890625,0.012191966965900972,-0.10708595812320709,0.05184407639104907,-0.2907634377479553,0.0,4.607387018040754e-05,-0.35,-0.3500000238418579,3.137528653414265,3.1379566192626953,0.0004006973176728934,-3.33198187263406e-07,-0.001120317610912025
8.42806625366211,-23.2979679107666,54.48777389526367,-0.39990234375,-0.7160253524780273,-0.03195800632238388,-0.05445312336087227,-2.9999752258879573,8.806793212890625,0.012191966965900972,-0.10708595812320709,0.017996093630790713,-0.2907634377479553,0.0,4.617945523932576e-05,-0.35,-0.34999987483024597,3.137528653414265,3.1379494667053223,0.00038503683754242957,-3.64256607099378e-07,-0.0011028575245290995
8.432812452316284,-23.2979679107666,54.48777389526367,-0.39990234375,-0.7160253524780273,-0.03195800632238388,-0.05445312336087227,-2.9999752258879573,8.806793212890625,0.012191966965900972,-0.10708595812320709,0.017996093630790713,-0.2907634377479553,0.0,4.617945523932576e-05,-0.35,-0.34999987483024597,3.137528653414265,3.1379494667053223,0.00038503683754242957,-3.64256607099378e-07,-0.0011028575245290995
8.43774127960205,-23.2979679107666,54.540740966796875,-0.39990234375,-0.7166699171066284,-0.03195800632238388,-0.05607910081744194,-2.999975158600865,8.799481391906738,0.012208512510336365,-0.1071074903011322,0.05228600997422088,-0.2703797221183777,0.0,4.622865890269168e-05,-0.35,-0.3500000238418579,3.1375231381871798,3.1379427909851074,0.0003888363135047257,-4.180429300504329e-07,-0.00107505451887846
8.442498445510864,-23.2979679107666,54.540740966796875,-0.39990234375,-0.7166699171066284,-0.03195800632238388,-0.05607910081744194,-2.999975158600865,8.799481391906738,0.012208512510336365,-0.1071074903011322,0.01929687559604645,-0.2703797221183777,0.0,4.622865890269168e-05,-0.35,-0.3500000238418579,3.1375231381871798,3.1379427909851074,0.0003888363135047257,-4.180429300504329e-07,-0.00107505451887846
8.447093486785889,-23.2979679107666,54.716365814208984,-0.39990234375,-0.7187890410423279,-0.03195800632238388,-0.06365722417831421,-2.999974938341116,8.850689888000488,0.012262517083333433,-0.106913723051548,0.19027896710890244,-0.40959057211875916,0.0,4.6269429731182754e-05,-0.35,-0.3500000238418579,3.137505136513125,3.1379268169403076,0.00038690498331561685,-3.508762915771513e-07,-0.0010668106842786074
8.451900005340576,-23.2979679107666,54.716365814208984,-0.39990234375,-0.7187890410423279,-0.03195800632238388,-0.06365722417831421,-2.999974938341116,8.850689888000488,0.012262517083333433,-0.106913723051548,0.025359374284744263,-0.40959057211875916,0.0,4.6269429731182754e-05,-0.35,-0.3500000238418579,3.137505136513125,3.1379268169403076,0.00038690498331561685,-3.508762915771513e-07,-0.0010668106842786074
8.456512212753296,-23.2979679107666,54.80949020385742,-0.39990234375,-0.7199121117591858,-0.03195800632238388,-0.068115234375,-2.9999748216508086,8.865744590759277,0.01229103173862154,-0.10685315728187561,0.12558254129450955,-0.4502596855163574,0.0,4.629043905879371e-05,-0.35,-0.3500000238418579,3.1374956315484406,3.1379151344299316,0.0003849641070701182,-4.731926708245737e-07,-0.0010489833075553179
8.461211442947388,-23.2979679107666,54.80949020385742,-0.39990234375,-0.7199121117591858,-0.03195800632238388,-0.068115234375,-2.9999748216508086,8.865744590759277,0.01229103173862154,-0.10685315728187561,0.028925782442092898,-0.4502596855163574,0.0,4.629043905879371e-05,-0.35,-0.3500000238418579,3.1374956315484406,3.1379151344299316,0.0003849641070701182,-4.731926708245737e-07,-0.0010489833075553179
8.466043949127197,-23.2979679107666,54.86394500732422,-0.39990234375,-0.7205663919448853,-0.03195800632238388,-0.07151366770267487,-2.999974753803422,8.904350280761719,0.012307580676092104,-0.10671184957027435,0.1019689777696825,-0.5557416677474976,0.0,4.6164026571204886e-05,-0.35,-0.34999987483024597,3.1374901151895904,3.1379082202911377,0.00040018142317421734,-2.6685685838856443e-07,-0.0010396807920187712
8.470686912536621,-23.2979679107666,54.86394500732422,-0.39990234375,-0.7205663919448853,-0.03195800632238388,-0.07151366770267487,-2.999974753803422,8.904350280761719,0.012307580676092104,-0.10671184957027435,0.03164452910423279,-0.5557416677474976,0.0,4.6164026571204886e-05,-0.35,-0.34999987483024597,3.1374901151895904,3.1379082202911377,0.00040018142317421734,-2.6685685838856443e-07,-0.0010396807920187712
8.475545167922974,-23.2979679107666,54.86394500732422,-0.39990234375,-0.7205663919448853,-0.03195800632238388,-0.07151366770267487,-2.999974753803422,8.904350280761719,0.012307580676092104,-0.10671184957027435,0.03164452910423279,-0.5557416677474976,0.0,4.585612623486668e-05,-0.35,-0.3500000238418579,3.1374901151895904,3.137889862060547,0.0003673320752568543,1.4774252576899016e-07,-0.0009820765117183328
8.480325937271118,-23.2979679107666,55.02046585083008,-0.39990234375,-0.7224316000938416,-0.03195800632238388,-0.08234374970197678,-2.9999745612376523,8.920683860778809,0.012354429446734677,-0.10664168000221252,0.25,-0.5995509028434753,0.0,4.585612623486668e-05,-0.35,-0.3500000238418579,3.1374744988007905,3.137889862060547,0.0003673320752568543,1.4774252576899016e-07,-0.0009820765117183328
8.485097169876099,-23.2979679107666,55.02046585083008,-0.39990234375,-0.7224316000938416,-0.03195800632238388,-0.08234374970197678,-2.9999745612376523,8.920683860778809,0.012354429446734677,-0.10664168000221252,0.040308594703674316,-0.5995509028434753,0.0,4.5837292418582365e-05,-0.35,-0.3500000238418579,3.1374744988007905,3.137887716293335,0.00036425850703381,1.9419576346990652e-07,-0.0009744014823809266
8.489715576171875,-23.2979679107666,55.07796859741211,-0.39990234375,-0.7231152057647705,-0.03195800632238388,-0.08620605617761612,-2.9999744907609838,8.918848991394043,0.012371531165423446,-0.10664375871419907,0.1270269954569492,-0.594173014163971,0.0,4.5837292418582365e-05,-0.35,-0.3500000238418579,3.1374687981794884,3.137887716293335,0.00036425850703381,1.9419576346990652e-07,-0.0009744014823809266
8.494298458099365,-23.2979679107666,55.07796859741211,-0.39990234375,-0.7231152057647705,-0.03195800632238388,-0.08620605617761612,-2.9999744907609838,8.918848991394043,0.012371531165423446,-0.10664375871419907,0.04339843988418579,-0.594173014163971,0.0,4.5821241656085476e-05,-0.35,-0.3500000238418579,3.1374687981794884,3.137876510620117,0.0003419679414946586,2.8217220915394137e-07,-0.0009443237213417888
8.498661756515503,-23.2979679107666,55.13339614868164,-0.39990234375,-0.7237792611122131,-0.03195800632238388,-0.08945312350988388,-2.999974422024769,8.89213752746582,0.012388187807550835,-0.10673507302999496,0.1204138168252418,-0.5206332206726074,0.0,4.5821241656085476e-05,-0.35,-0.3500000238418579,3.137463245918171,3.137876510620117,0.0003419679414946586,2.8217220915394137e-07,-0.0009443237213417888
8.503220796585083,-23.2979679107666,55.13339614868164,-0.39990234375,-0.7237792611122131,-0.03195800632238388,-0.08945312350988388,-2.999974422024769,8.89213752746582,0.012388187807550835,-0.10673507302999496,0.04599609375,-0.5206332206726074,0.0,4.5772107114316896e-05,-0.35,-0.3500000238418579,3.137463245918171,3.1378705501556396,0.00036138587165623903,2.8786212169507053e-07,-0.000925069150980562
8.50774097442627,-23.2979679107666,55.29539108276367,-0.39990234375,-0.7257031202316284,-0.03195800632238388,-0.10156738013029099,-2.999974223841655,8.987793922424316,0.01243608803681364,-0.10637819021940231,0.25,-0.7818470597267151,0.0,4.5772107114316896e-05,-0.35,-0.3500000238418579,3.137447279038423,3.1378705501556396,0.00036138587165623903,2.8786212169507053e-07,-0.000925069150980562
8.512287139892578,-23.2979679107666,55.29539108276367,-0.39990234375,-0.7257031202316284,-0.03195800632238388,-0.10156738013029099,-2.999974223841655,8.987793922424316,0.01243608803681364,-0.10637819021940231,0.05568749904632569,-0.7818470597267151,0.0,4.5336368202697486e-05,-0.35,-0.3500000238418579,3.137447279038423,3.1378586292266846,0.00038319380837492645,2.459173629176803e-07,-0.0009188560652546585
8.517035484313965,-23.2979679107666,55.29539108276367,-0.39990234375,-0.7257031202316284,-0.03195800632238388,-0.10156738013029099,-2.999974223841655,8.987793922424316,0.01243608803681364,-0.10637819021940231,0.05568749904632569,-0.7818470597267151,0.0,4.5336368202697486e-05,-0.35,-0.3500000238418579,3.137447279038423,3.1378586292266846,0.00038319380837492645,2.459173629176803e-07,-0.0009188560652546585
8.522015571594238,-23.2979679107666,55.34980392456055,-0.39990234375,-0.7263378500938416,-0.03195800632238388,-0.1071191355586052,-2.9999741591031177,9.039057731628418,0.012451695207534886,-0.1061888188123703,0.17160798228595142,-0.9220541715621948,0.0,4.493651431403123e-05,-0.35,-0.3500000238418579,3.1374420766034268,3.1378533840179443,0.00040084420470520854,5.0458220357541e-07,-0.0009161525522358716
8.526719808578491,-23.2979679107666,55.34980392456055,-0.39990234375,-0.7263378500938416,-0.03195800632238388,-0.1071191355586052,-2.9999741591031177,9.039057731628418,0.012451695207534886,-0.1061888188123703,0.060128903388977056,-0.9220541715621948,0.0,4.449879634194076e-05,-0.35,-0.3500000238418579,3.1374420766034268,3.1378469467163086,0.00040246365824714303,1.4731176634086296e-07,-0.0009065549820661545
8.53148889541626,-23.2979679107666,55.4601936340332,-0.39990234375,-0.7276269197463989,-0.03195800632238388,-0.11973144114017487,-2.999974027575048,9.090479850769043,0.012483343908783192,-0.10599398612976074,0.25,-1.0623712539672852,0.0,4.449879634194076e-05,-0.35,-0.3500000238418579,3.137431526945242,3.1378469467163086,0.00040246365824714303,1.4731176634086296e-07,-0.0009065549820661545
8.536304950714111,-23.2979679107666,55.4601936340332,-0.39990234375,-0.7276269197463989,-0.03195800632238388,-0.11973144114017487,-2.999974027575048,9.090479850769043,0.012483343908783192,-0.10599398612976074,0.0702187478542328,-1.0623712539672852,0.0,4.411777626955882e-05,-0.35,-0.3500000238418579,3.137431526945242,3.137840986251831,0.0003955222782678902,-8.851901611706126e-08,-0.0009106906363740563
8.540902376174927,-23.2979679107666,55.6103515625,-0.39990234375,-0.72938472032547,-0.03195800632238388,-0.1357470601797104,-2.9999738480322757,9.023494720458984,0.012526416982544112,-0.1062254011631012,0.25,-0.8779724836349487,0.0,4.411777626955882e-05,-0.35,-0.3500000238418579,3.1374171691292565,3.137840986251831,0.0003955222782678902,-8.851901611706126e-08,-0.0009106906363740563
8.545564889907837,-23.2979679107666,55.6103515625,-0.39990234375,-0.72938472032547,-0.03195800632238388,-0.1357470601797104,-2.9999738480322757,9.023494720458984,0.012526416982544112,-0.1062254011631012,0.08303124308586121,-0.8779724836349487,0.0,4.357930811238475e-05,-0.35,-0.3500000238418579,3.1374171691292565,3.1378254890441895,0.00033875307417474687,-2.1162443886169058e-07,-0.0008868889417499304
8.550044536590576,-23.2979679107666,55.6103515625,-0.39990234375,-0.72938472032547,-0.03195800632238388,-0.1357470601797104,-2.9999738480322757,9.023494720458984,0.012526416982544112,-0.1062254011631012,0.08303124308586121,-0.8779724836349487,0.0,4.357930811238475e-05,-0.35,-0.3500000238418579,3.1374171691292565,3.1378254890441895,0.00033875307417474687,-2.1162443886169058e-07,-0.0008868889417499304
8.554569482803345,-23.2979679107666,55.67918014526367,-0.39990234375,-0.7301952838897705,-0.03195800632238388,-0.14144042134284973,-2.9999737649890195,8.964224815368652,0.012546289395984074,-0.10643593221902847,0.21340756381994508,-0.7151573300361633,0.0,4.358984369901009e-05,-0.35,-0.3500000238418579,3.1374105449336063,3.1378183364868164,0.00031855361885391176,-1.9584737742661673e-07,-0.0008847622666507959
8.55955195426941,-23.2979679107666,55.67918014526367,-0.39990234375,-0.7301952838897705,-0.03195800632238388,-0.14144042134284973,-2.9999737649890195,8.964224815368652,0.012546289395984074,-0.10643593221902847,0.08758593201637269,-0.7151573300361633,0.0,4.358984369901009e-05,-0.35,-0.3500000238418579,3.1374105449336063,3.1378183364868164,0.00031855361885391176,-1.9584737742661673e-07,-0.0008847622666507959
8.563998937606812,-23.2979679107666,55.73308563232422,-0.39990234375,-0.7308300733566284,-0.03195800632238388,-0.14594237506389618,-2.999973699965108,8.97697639465332,0.012561827799343627,-0.10638505965471268,0.19242362248624006,-0.7497823238372803,0.0,4.3595853639999405e-05,-0.35,-0.3500000238418579,3.1374053654204688,3.137812614440918,0.0003243826504331082,-2.7526141366251977e-08,-0.0008914109203033149
8.568615674972534,-23.2979679107666,55.73308563232422,-0.39990234375,-0.7308300733566284,-0.03195800632238388,-0.14594237506389618,-2.999973699965108,8.97697639465332,0.012561827799343627,-0.10638505965471268,0.09118749499320984,-0.7497823238372803,0.0,4.3515734432730824e-05,-0.35,-0.3500000238418579,3.1374053654204688,3.1378064155578613,0.00034528839751146734,1.086887095880229e-07,-0.0009097681613638997
8.573454141616821,-23.2979679107666,55.73308563232422,-0.39990234375,-0.7308300733566284,-0.03195800632238388,-0.14594237506389618,-2.999973699965108,8.97697639465332,0.012561827799343627,-0.10638505965471268,0.09118749499320984,-0.7497823238372803,0.0,4.3515734432730824e-05,-0.35,-0.3500000238418579,3.1374053654204688,3.1378064155578613,0.00034528839751146734,1.086887095880229e-07,-0.0009097681613638997
8.578712224960327,-23.2979679107666,55.88484191894531,-0.39990234375,-0.7326269149780273,-0.03195800632238388,-0.15999510884284973,-2.999973515398754,9.00766372680664,0.012605828256828214,-0.1062605157494545,0.25,-0.83302241563797,0.0,4.340915256761946e-05,-0.35,-0.3500000238418579,3.137390698472276,3.137796401977539,0.0003353651554789394,7.340440788539127e-08,-0.000906869419850409
8.583372354507446,-23.2979679107666,55.88484191894531,-0.39990234375,-0.7326269149780273,-0.03195800632238388,-0.15999510884284973,-2.999973515398754,9.00766372680664,0.012605828256828214,-0.1062605157494545,0.10242968201637269,-0.83302241563797,0.0,4.340915256761946e-05,-0.35,-0.3500000238418579,3.137390698472276,3.137796401977539,0.0003353651554789394,7.340440788539127e-08,-0.000906869419850409
8.588154315948486,-23.2979679107666,55.95249938964844,-0.39990234375,-0.7334179282188416,-0.03195800632238388,-0.16654784977436066,-2.999973434738717,9.02766227722168,0.012625009385561083,-0.10618149489164352,0.24470227561913738,-0.8874489665031433,0.0,4.340915256761946e-05,-0.35,-0.3500000238418579,3.137384304706167,3.137796401977539,0.0003353651554789394,7.340440788539127e-08,-0.000906869419850409
8.592629671096802,-23.2979679107666,55.95249938964844,-0.39990234375,-0.7334179282188416,-0.03195800632238388,-0.16654784977436066,-2.999973434738717,9.02766227722168,0.012625009385561083,-0.10618149489164352,0.10767187476158142,-0.8874489665031433,0.0,4.327766873757355e-05,-0.35,-0.3500000238418579,3.137384304706167,3.1377830505371094,0.00033679098123684525,-6.633297289226903e-08,-0.0008987988694570959
8.597601413726807,-23.2979679107666,56.06210708618164,-0.39990234375,-0.7346972227096558,-0.03195800632238388,-0.1780712902545929,-2.999973304446135,9.066720962524414,0.01265593183200632,-0.10602854192256927,0.25,-0.9938902854919434,0.0,4.314351099310443e-05,-0.35,-0.3500000238418579,3.1373739971325203,3.137777328491211,0.00034894223790615797,-3.548963150024065e-07,-0.0008964677108451724
8.601928949356079,-23.2979679107666,56.06210708618164,-0.39990234375,-0.7346972227096558,-0.03195800632238388,-0.1780712902545929,-2.999973304446135,9.066720962524414,0.01265593183200632,-0.10602854192256927,0.11689062714576721,-0.9938902854919434,0.0,4.314351099310443e-05,-0.35,-0.3500000238418579,3.1373739971325203,3.137777328491211,0.00034894223790615797,-3.548963150024065e-07,-0.0008964677108451724
8.606539726257324,-23.2979679107666,56.117069244384766,-0.39990234375,-0.7353417873382568,-0.03195800632238388,-0.1843603402376175,-2.9999732386376134,9.114302635192871,0.012671521540464551,-0.10584396868944168,0.25,-1.123729944229126,0.0,4.301611261325888e-05,-0.35,-0.3500000238418579,3.137368800516735,3.1377716064453125,0.0003542511840350926,-2.7580861683418334e-07,-0.0008849940495565534
8.611658334732056,-23.2979679107666,56.117069244384766,-0.39990234375,-0.7353417873382568,-0.03195800632238388,-0.1843603402376175,-2.9999732386376134,9.114302635192871,0.012671521540464551,-0.10584396868944168,0.12192186713218689,-1.123729944229126,0.0,4.301611261325888e-05,-0.35,-0.3500000238418579,3.137368800516735,3.1377716064453125,0.0003542511840350926,-2.7580861683418334e-07,-0.0008849940495565534
8.616078853607178,-23.2979679107666,56.117069244384766,-0.39990234375,-0.7353417873382568,-0.03195800632238388,-0.1843603402376175,-2.9999732386376134,9.114302635192871,0.012671521540464551,-0.10584396868944168,0.12192186713218689,-1.123729944229126,0.0,4.247621473041363e-05,-0.35,-0.3500000238418579,3.137368800516735,3.137758731842041,0.00037331346538849175,-1.0722021670517279e-07,-0.0008884955896064639
8.621411323547363,-23.2979679107666,56.24105453491211,-0.39990234375,-0.736767590045929,-0.03195800632238388,-0.20068359375,-2.9999730947312506,9.178542137145996,0.012705545584596228,-0.10559947043657303,0.25,-1.2994251251220703,0.0,4.223753421683796e-05,-0.35,-0.3500000238418579,3.1373574590672484,3.1377546787261963,0.00037590766442008317,-3.171689684222656e-07,-0.0008870653691701591
8.625832557678223,-23.2979679107666,56.24105453491211,-0.39990234375,-0.736767590045929,-0.03195800632238388,-0.20068359375,-2.9999730947312506,9.178542137145996,0.012705545584596228,-0.10559947043657303,0.1349804699420929,-1.2994251251220703,0.0,4.223753421683796e-05,-0.35,-0.3500000238418579,3.1373574590672484,3.1377546787261963,0.00037590766442008317,-3.171689684222656e-07,-0.0008870653691701591
8.630484819412231,-23.2979679107666,56.34019470214844,-0.39990234375,-0.7378906011581421,-0.03195800632238388,-0.21636229753494263,-2.9999729824382246,9.261030197143555,0.012732032072791478,-0.10528433322906494,0.25,-1.5250216722488403,0.0,4.188210004940629e-05,-0.35,-0.3500000238418579,3.1373486301585034,3.137748956680298,0.00038231161306612194,-1.2939204907524982e-07,-0.0008890227181836963
8.635165929794312,-23.2979679107666,56.34019470214844,-0.39990234375,-0.7378906011581421,-0.03195800632238388,-0.21636229753494263,-2.9999729824382246,9.261030197143555,0.012732032072791478,-0.10528433322906494,0.147523432970047,-1.5250216722488403,0.0,4.188210004940629e-05,-0.35,-0.3500000238418579,3.1373486301585034,3.137748956680298,0.00038231161306612194,-1.2939204907524982e-07,-0.0008890227181836963
8.639695882797241,-23.2979679107666,56.49995803833008,-0.39990234375,-0.739697277545929,-0.03195800632238388,-0.24449218809604645,-2.999972802064177,9.301223754882812,0.012774461836479425,-0.1051211804151535,0.25,-1.6344051361083984,0.0,4.1099741793004796e-05,-0.35,-0.3500000238418579,3.1373344867761426,3.137732982635498,0.00034847037750296295,-5.305512331688078e-07,-0.000859841937199235
8.644537687301636,-23.2979679107666,56.49995803833008,-0.39990234375,-0.739697277545929,-0.03195800632238388,-0.24449218809604645,-2.999972802064177,9.301223754882812,0.012774461836479425,-0.1051211804151535,0.17002734541893005,-1.6344051361083984,0.0,4.1099741793004796e-05,-0.35,-0.3500000238418579,3.1373344867761426,3.137732982635498,0.00034847037750296295,-5.305512331688078e-07,-0.000859841937199235
8.649302005767822,-23.2979679107666,56.56472396850586,-0.39990234375,-0.740429699420929,-0.03195800632238388,-0.2560449242591858,-2.9999727289751,9.317306518554688,0.01279161466316574,-0.10505550354719162,0.25,-1.678161859512329,0.0,4.103783794562332e-05,-0.35,-0.3500000238418579,3.1373287691153413,3.137730836868286,0.00034209442674182355,-5.759735586252646e-07,-0.0008544442825950682
8.654000520706177,-23.2979679107666,56.56472396850586,-0.39990234375,-0.740429699420929,-0.03195800632238388,-0.2560449242591858,-2.9999727289751,9.317306518554688,0.01279161466316574,-0.10505550354719162,0.17926953434944154,-1.678161859512329,0.0,4.103783794562332e-05,-0.35,-0.3500000238418579,3.1373287691153413,3.137730836868286,0.00034209442674182355,-5.759735586252646e-07,-0.0008544442825950682
8.658824682235718,-23.2979679107666,56.62202835083008,-0.39990234375,-0.7410742044448853,-0.03195800632238388,-0.26704099774360657,-2.99997266489027,9.36037540435791,0.012806635435319551,-0.10488905012607574,0.25,-1.795926570892334,0.0,4.071859802934341e-05,-0.35,-0.3500000238418579,3.1373237621457215,3.137721300125122,0.0003383738221600652,-4.086484182153072e-07,-0.0008433428010903299
8.663822174072266,-23.2979679107666,56.62202835083008,-0.39990234375,-0.7410742044448853,-0.03195800632238388,-0.26704099774360657,-2.99997266489027,9.36037540435791,0.012806635435319551,-0.10488905012607574,0.18806639313697815,-1.795926570892334,0.0,4.071859802934341e-05,-0.35,-0.3500000238418579,3.1373237621457215,3.137721300125122,0.0003383738221600652,-4.086484182153072e-07,-0.0008433428010903299
8.668650150299072,-23.2979679107666,56.62202835083008,-0.39990234375,-0.7410742044448853,-0.03195800632238388,-0.26704099774360657,-2.99997266489027,9.36037540435791,0.012806635435319551,-0.10488905012607574,0.18806639313697815,-1.795926570892334,0.0,4.056511170347221e-05,-0.35,-0.3500000238418579,3.1373237621457215,3.1377153396606445,0.00032989191822707653,-3.575451614779013e-07,-0.0008346321410499513
8.673357963562012,-23.2979679107666,56.67913818359375,-0.39990234375,-0.7417089939117432,-0.03195800632238388,-0.2783740162849426,-2.9999726022464466,9.384587287902832,0.01282130144270378,-0.10479328781366348,0.25,-1.8620047569274902,0.0,4.0121136407833546e-05,-0.35,-0.3500000238418579,3.137318873431998,3.137700080871582,0.0003164905938319862,2.2870619886816712e-07,-0.0008166192565113306
8.677956819534302,-23.2979679107666,56.67913818359375,-0.39990234375,-0.7417089939117432,-0.03195800632238388,-0.2783740162849426,-2.9999726022464466,9.384587287902832,0.01282130144270378,-0.10479328781366348,0.197132807970047,-1.8620047569274902,0.0,4.0121136407833546e-05,-0.35,-0.3500000238418579,3.137318873431998,3.137700080871582,0.0003164905938319862,2.2870619886816712e-07,-0.0008166192565113306
8.682688236236572,-23.2979679107666,56.86437225341797,-0.39990234375,-0.7437499761581421,-0.03195800632238388,-0.3182324171066284,-2.99997240206618,9.450956344604492,0.012868055069593352,-0.1045277863740921,0.25,-2.0430405139923096,0.0,4.008947507827543e-05,-0.35,-0.3500000238418579,3.1373032887468533,3.1376986503601074,0.0003117578162346035,2.999701109729358e-07,-0.0008122968138195574
8.687477588653564,-23.2979679107666,56.86437225341797,-0.39990234375,-0.7437499761581421,-0.03195800632238388,-0.3182324171066284,-2.99997240206618,9.450956344604492,0.012868055069593352,-0.1045277863740921,0.22901952862739564,-2.0430405139923096,0.0,4.008947507827543e-05,-0.35,-0.3500000238418579,3.1373032887468533,3.1376986503601074,0.0003117578162346035,2.999701109729358e-07,-0.0008122968138195574
8.692066669464111,-23.2979679107666,56.96398162841797,-0.39990234375,-0.7448437213897705,-0.03195800632238388,-0.3396630883216858,-2.9999722951105703,9.459394454956055,0.012892965873590328,-0.10448742657899857,0.25,-2.065700054168701,0.0,3.9998449210543185e-05,-0.35,-0.3500000238418579,3.137294985068985,3.1376895904541016,0.0003001348813995719,-3.5965967981610447e-09,-0.0007936610491015017
8.696619272232056,-23.2979679107666,56.96398162841797,-0.39990234375,-0.7448437213897705,-0.03195800632238388,-0.3396630883216858,-2.9999722951105703,9.459394454956055,0.012892965873590328,-0.10448742657899857,0.24616406559944154,-2.065700054168701,0.0,3.9998449210543185e-05,-0.35,-0.3500000238418579,3.137294985068985,3.1376895904541016,0.0003001348813995719,-3.5965967981610447e-09,-0.0007936610491015017
8.701770067214966,-23.2979679107666,57.02257537841797,-0.39990234375,-0.7454882860183716,-0.03195800632238388,-0.3525683581829071,-2.999972232032624,9.451398849487305,0.012907634686350257,-0.10450857132673264,0.25,-2.043273687362671,0.0,3.9998449210543185e-05,-0.35,-0.3500000238418579,3.1372900954195244,3.1376895904541016,0.0003001348813995719,-3.5965967981610447e-09,-0.0007936610491015017
8.706672191619873,-23.2979679107666,57.02257537841797,-0.39990234375,-0.7454882860183716,-0.03195800632238388,-0.3525683581829071,-2.999972232032624,9.451398849487305,0.012907634686350257,-0.10450857132673264,0.25,-2.043273687362671,0.0,3.9998449210543185e-05,-0.35,-0.3500000238418579,3.1372900954195244,3.1376895904541016,0.0003001348813995719,-3.5965967981610447e-09,-0.0007936610491015017
8.7116117477417,-23.2979679107666,57.02257537841797,-0.39990234375,-0.7454882860183716,-0.03195800632238388,-0.3525683581829071,-2.999972232032624,9.451398849487305,0.012907634686350257,-0.10450857132673264,0.25,-2.043273687362671,0.0,3.986665251431987e-05,-0.35,-0.3500000238418579,3.1372900954195244,3.1376726627349854,0.0002896141668315977,-1.7336928692657239e-07,-0.0008050496689975262
8.71611475944519,-23.2979679107666,57.14601516723633,-0.39990234375,-0.7468652129173279,-0.03195800632238388,-0.378608375787735,-2.9999720961538445,9.408177375793457,0.012939176879073595,-0.10466694831848145,0.25,-1.9244953393936157,0.0,3.986665251431987e-05,-0.35,-0.3500000238418579,3.1372795812577263,3.1376726627349854,0.0002896141668315977,-1.7336928692657239e-07,-0.0008050496689975262
8.720911264419556,-23.2979679107666,57.14601516723633,-0.39990234375,-0.7468652129173279,-0.03195800632238388,-0.378608375787735,-2.9999720961538445,9.408177375793457,0.012939176879073595,-0.10466694831848145,0.25,-1.9244953393936157,0.0,3.9914550143294036e-05,-0.35,-0.3500000238418579,3.1372795812577263,3.1376683712005615,0.0002870690368581563,-3.2890795864659594e-08,-0.0008122401777654886
8.725611448287964,-23.2979679107666,57.14601516723633,-0.39990234375,-0.7468652129173279,-0.03195800632238388,-0.378608375787735,-2.9999720961538445,9.408177375793457,0.012939176879073595,-0.10466694831848145,0.25,-1.9244953393936157,0.0,3.9914550143294036e-05,-0.35,-0.3500000238418579,3.1372795812577263,3.1376683712005615,0.0002870690368581563,-3.2890795864659594e-08,-0.0008122401777654886
8.730286598205566,-23.2979679107666,57.251678466796875,-0.39990234375,-0.7480566501617432,-0.03195800632238388,-0.39830565452575684,-2.9999719778508265,9.316850662231445,0.012966576641536857,-0.1050061360001564,0.25,-1.6737098693847656,0.0,4.0142080251825973e-05,-0.35,-0.3500000238418579,3.13727044791844,3.137657880783081,0.0002849311276804656,4.660932972910814e-08,-0.0008193909307010472
8.735067367553711,-23.2979679107666,57.251678466796875,-0.39990234375,-0.7480566501617432,-0.03195800632238388,-0.39830565452575684,-2.9999719778508265,9.316850662231445,0.012966576641536857,-0.1050061360001564,0.25,-1.6737098693847656,0.0,4.0142080251825973e-05,-0.35,-0.3500000238418579,3.13727044791844,3.137657880783081,0.0002849311276804656,4.660932972910814e-08,-0.0008193909307010472
8.740004539489746,-23.2979679107666,57.30741882324219,-0.39990234375,-0.7486816048622131,-0.03195800632238388,-0.4084423780441284,-2.9999719160406833,9.324883460998535,0.012980869277221006,-0.10497086495161057,0.25,-1.6954416036605835,0.0,4.02446930820588e-05,-0.35,-0.3500000238418579,3.1372656836619948,3.137653112411499,0.0002723163925111294,9.368505970996921e-09,-0.0008129505440592766
8.744680404663086,-23.2979679107666,57.30741882324219,-0.39990234375,-0.7486816048622131,-0.03195800632238388,-0.4084423780441284,-2.9999719160406833,9.324883460998535,0.012980869277221006,-0.10497086495161057,0.25,-1.6954416036605835,0.0,4.02446930820588e-05,-0.35,-0.3500000238418579,3.1372656836619948,3.137653112411499,0.0002723163925111294,9.368505970996921e-09,-0.0008129505440592766
8.74950122833252,-23.2979679107666,57.48710632324219,-0.39990234375,-0.7507226467132568,-0.03195800632238388,-0.4385400414466858,-2.99997171264777,9.228279113769531,0.013027790035367904,-0.10532593727111816,0.25,-1.4298065900802612,0.0,4.065973189426586e-05,-0.35,-0.3500000238418579,3.1372500432623345,3.137641191482544,0.0002533174119889736,-8.497673320562171e-08,-0.0007978020003065467
8.754572629928589,-23.2979679107666,57.48710632324219,-0.39990234375,-0.7507226467132568,-0.03195800632238388,-0.4385400414466858,-2.99997171264777,9.228279113769531,0.013027790035367904,-0.10532593727111816,0.25,-1.4298065900802612,0.0,4.088081914233044e-05,-0.35,-0.3500000238418579,3.1372500432623345,3.1376373767852783,0.00024009140906855464,-7.67103145449255e-08,-0.00078559760004282
8.759268283843994,-23.2979679107666,57.530662536621094,-0.39990234375,-0.751220703125,-0.03195800632238388,-0.44482421875,-2.999971662837726,9.190804481506348,0.01303925498831313,-0.10546616464853287,0.25,-1.3268864154815674,0.0,4.088081914233044e-05,-0.35,-0.3500000238418579,3.137246221575286,3.1376373767852783,0.00024009140906855464,-7.67103145449255e-08,-0.00078559760004282
8.763935804367065,-23.2979679107666,57.530662536621094,-0.39990234375,-0.751220703125,-0.03195800632238388,-0.44482421875,-2.999971662837726,9.190804481506348,0.01303925498831313,-0.10546616464853287,0.25,-1.3268864154815674,0.0,4.088081914233044e-05,-0.35,-0.3500000238418579,3.137246221575286,3.1376373767852783,0.00024009140906855464,-7.67103145449255e-08,-0.00078559760004282
8.769022703170776,-23.2979679107666,57.586483001708984,-0.39990234375,-0.7518652081489563,-0.03195800632238388,-0.45204100012779236,-2.9999715980148935,9.137943267822266,0.01305416040835051,-0.10566463321447372,0.25,-1.1817281246185303,0.0,4.123742473893799e-05,-0.35,-0.3500000238418579,3.137241253054955,3.1376326084136963,0.00022139798966236413,-6.708904720653663e-08,-0.000766486395150423
8.773615598678589,-23.2979679107666,57.586483001708984,-0.39990234375,-0.7518652081489563,-0.03195800632238388,-0.45204100012779236,-2.9999715980148935,9.137943267822266,0.01305416040835051,-0.10566463321447372,0.25,-1.1817281246185303,0.0,4.200423427391797e-05,-0.35,-0.3500000238418579,3.137241253054955,3.137617826461792,0.00022343519958667457,-6.094811766388375e-08,-0.0007337744464166462
8.778217077255249,-23.2979679107666,57.586483001708984,-0.39990234375,-0.7518652081489563,-0.03195800632238388,-0.45204100012779236,-2.9999715980148935,9.137943267822266,0.01305416040835051,-0.10566463321447372,0.25,-1.1817281246185303,0.0,4.200423427391797e-05,-0.35,-0.3500000238418579,3.137241253054955,3.137617826461792,0.00022343519958667457,-6.094811766388375e-08,-0.0007337744464166462
8.782702922821045,-23.2979679107666,57.78191375732422,-0.39990234375,-0.7541308403015137,-0.03195800632238388,-0.476752907037735,-2.9999713697051016,9.116018295288086,0.013106523173508838,-0.1057332456111908,0.25,-1.1206035614013672,0.0,4.219458787702024e-05,-0.35,-0.3500000238418579,3.137223798633992,3.1376125812530518,0.00024502191809006035,-9.359114017115644e-08,-0.0007287136395461857
8.787603616714478,-23.2979679107666,57.78191375732422,-0.39990234375,-0.7541308403015137,-0.03195800632238388,-0.476752907037735,-2.9999713697051016,9.116018295288086,0.013106523173508838,-0.1057332456111908,0.25,-1.1206035614013672,0.0,4.219458787702024e-05,-0.35,-0.3500000238418579,3.137223798633992,3.1376125812530518,0.00024502191809006035,-9.359114017115644e-08,-0.0007287136395461857
8.792185068130493,-23.2979679107666,57.862030029296875,-0.39990234375,-0.7550585865974426,-0.03195800632238388,-0.4868212640285492,-2.9999712763336706,9.127253532409668,0.013127877700782376,-0.105683334171772,0.25,-1.1509840488433838,0.0,4.2256677261320874e-05,-0.35,-0.3500000238418579,3.137216680390191,3.137608289718628,0.0002528576005715877,-1.5096934191660694e-07,-0.0007225624867714942
8.796966552734375,-23.2979679107666,57.862030029296875,-0.39990234375,-0.7550585865974426,-0.03195800632238388,-0.4868212640285492,-2.9999712763336706,9.127253532409668,0.013127877700782376,-0.105683334171772,0.25,-1.1509840488433838,0.0,4.2256677261320874e-05,-0.35,-0.3500000238418579,3.137216680390191,3.137608289718628,0.0002528576005715877,-1.5096934191660694e-07,-0.0007225624867714942
8.8016357421875,-23.2979679107666,57.91808319091797,-0.39990234375,-0.7557030916213989,-0.03195800632238388,-0.4942626953125,-2.9999712117687736,9.150428771972656,0.013142623733374928,-0.10558904707431793,0.25,-1.2142317295074463,0.0,4.20797077822499e-05,-0.35,-0.3500000238418579,3.1372117649988778,3.137603759765625,0.0002945885935332626,-2.790905568872404e-07,-0.0007279483834281564
8.806381702423096,-23.2979679107666,57.91808319091797,-0.39990234375,-0.7557030916213989,-0.03195800632238388,-0.4942626953125,-2.9999712117687736,9.150428771972656,0.013142623733374928,-0.10558904707431793,0.25,-1.2142317295074463,0.0,4.20797077822499e-05,-0.35,-0.3500000238418579,3.1372117649988778,3.137603759765625,0.0002945885935332626,-2.790905568872404e-07,-0.0007279483834281564
8.811025142669678,-23.2979679107666,57.91808319091797,-0.39990234375,-0.7557030916213989,-0.03195800632238388,-0.4942626953125,-2.9999712117687736,9.150428771972656,0.013142623733374928,-0.10558904707431793,0.25,-1.2142317295074463,0.0,4.1303916077595204e-05,-0.35,-0.3500000238418579,3.1372117649988778,3.1375904083251953,0.000303133885608986,-3.37028609465051e-08,-0.000711055297870189
8.816019058227539,-23.2979679107666,58.09659957885742,-0.39990234375,-0.7577539086341858,-0.03195800632238388,-0.5182714462280273,-2.999971006545401,9.144120216369629,0.013189385390324694,-0.10559899359941483,0.25,-1.196058988571167,0.0,4.1303916077595204e-05,-0.35,-0.3500000238418579,3.137196177629784,3.1375904083251953,0.000303133885608986,-3.37028609465051e-08,-0.000711055297870189
8.821048259735107,-23.2979679107666,58.09659957885742,-0.39990234375,-0.7577539086341858,-0.03195800632238388,-0.5182714462280273,-2.999971006545401,9.144120216369629,0.013189385390324694,-0.10559899359941483,0.25,-1.196058988571167,0.0,4.104911567992531e-05,-0.35,-0.3500000238418579,3.137196177629784,3.137585163116455,0.0002881658438127488,-2.2894653284311062e-08,-0.0006957140867598355
8.825522899627686,-23.2979679107666,58.13949203491211,-0.39990234375,-0.758251965045929,-0.03195800632238388,-0.5236132740974426,-2.9999709564022594,9.122345924377441,0.013200785693003978,-0.10568012297153473,0.25,-1.1361727714538574,0.0,4.104911567992531e-05,-0.35,-0.3500000238418579,3.137192377492133,3.137585163116455,0.0002881658438127488,-2.2894653284311062e-08,-0.0006957140867598355
8.830420732498169,-23.2979679107666,58.13949203491211,-0.39990234375,-0.758251965045929,-0.03195800632238388,-0.5236132740974426,-2.9999709564022594,9.122345924377441,0.013200785693003978,-0.10568012297153473,0.25,-1.1361727714538574,0.0,4.0914223063737154e-05,-0.35,-0.3500000238418579,3.137192377492133,3.1375811100006104,0.00026977297966368496,8.984073929241276e-08,-0.000678452430292964
8.835258960723877,-23.2979679107666,58.25105285644531,-0.39990234375,-0.7595507502555847,-0.03195800632238388,-0.535571277141571,-2.9999708254810518,9.002237319946289,0.013230504999286338,-0.10613526403903961,0.25,-0.8062127232551575,0.0,4.0914223063737154e-05,-0.35,-0.3500000238418579,3.1371824709605822,3.1375811100006104,0.00026977297966368496,8.984073929241276e-08,-0.000678452430292964
8.839653968811035,-23.2979679107666,58.25105285644531,-0.39990234375,-0.7595507502555847,-0.03195800632238388,-0.535571277141571,-2.9999708254810518,9.002237319946289,0.013230504999286338,-0.10613526403903961,0.25,-0.8062127232551575,0.0,4.0859318687580526e-05,-0.35,-0.3500000238418579,3.1371824709605822,3.1375765800476074,0.00023328635143116117,1.9709835896719596e-07,-0.0006421345169655979
8.844735860824585,-23.2979679107666,58.365779876708984,-0.39990234375,-0.7609081864356995,-0.03195800632238388,-0.5448535084724426,-2.9999706873730285,8.939723014831543,0.013261783537609758,-0.10637369006872177,0.25,-0.6345216035842896,0.0,4.096285920240916e-05,-0.35,-0.3500000238418579,3.1371720446795073,3.1375677585601807,0.00020879597286693752,2.0055142613273347e-07,-0.0006149520049802959
8.849600315093994,-23.2979679107666,58.365779876708984,-0.39990234375,-0.7609081864356995,-0.03195800632238388,-0.5448535084724426,-2.9999706873730285,8.939723014831543,0.013261783537609758,-0.10637369006872177,0.25,-0.6345216035842896,0.0,4.096285920240916e-05,-0.35,-0.3500000238418579,3.1371720446795073,3.1375677585601807,0.00020879597286693752,2.0055142613273347e-07,-0.0006149520049802959
8.854207992553711,-23.2979679107666,58.365779876708984,-0.39990234375,-0.7609081864356995,-0.03195800632238388,-0.5448535084724426,-2.9999706873730285,8.939723014831543,0.013261783537609758,-0.10637369006872177,0.25,-0.6345216035842896,0.0,4.096285920240916e-05,-0.35,-0.3500000238418579,3.1371720446795073,3.1375677585601807,0.00020879597286693752,2.0055142613273347e-07,-0.0006149520049802959
8.858666181564331,-23.2979679107666,58.46574020385742,-0.39990234375,-0.7621093392372131,-0.03195800632238388,-0.5506933331489563,-2.9999705640961043,8.899435043334961,0.013289640962076507,-0.10652294754981995,0.25,-0.5235694646835327,0.0,4.114292823942378e-05,-0.35,-0.3500000238418579,3.1371627587804296,3.1375608444213867,0.00020859633514191955,2.12488600936922e-07,-0.0005942131392657757
8.863142967224121,-23.2979679107666,58.46574020385742,-0.39990234375,-0.7621093392372131,-0.03195800632238388,-0.5506933331489563,-2.9999705640961043,8.899435043334961,0.013289640962076507,-0.10652294754981995,0.25,-0.5235694646835327,0.0,4.114292823942378e-05,-0.35,-0.3500000238418579,3.1371627587804296,3.1375608444213867,0.00020859633514191955,2.12488600936922e-07,-0.0005942131392657757
8.868117094039917,-23.2979679107666,58.520896911621094,-0.39990234375,-0.7627733945846558,-0.03195800632238388,-0.5538232326507568,-2.9999704958846234,8.892730712890625,0.013305029942394386,-0.10654465109109879,0.25,-0.5048987865447998,0.0,4.1183389839716256e-05,-0.35,-0.3500000238418579,3.137157629069933,3.137556791305542,0.00020815203606616706,1.8540913515607826e-07,-0.0005880771204829216
8.87268352508545,-23.2979679107666,58.520896911621094,-0.39990234375,-0.7627733945846558,-0.03195800632238388,-0.5538232326507568,-2.9999704958846234,8.892730712890625,0.013305029942394386,-0.10654465109109879,0.25,-0.5048987865447998,0.0,4.1183389839716256e-05,-0.35,-0.3500000238418579,3.137157629069933,3.137556791305542,0.00020815203606616706,1.8540913515607826e-07,-0.0005880771204829216
8.87732195854187,-23.2979679107666,58.66355514526367,-0.39990234375,-0.7644823789596558,-0.03195800632238388,-0.5602880716323853,-2.9999703209128445,8.831268310546875,0.013344423632521453,-0.10677409917116165,0.25,-0.33568274974823,0.0,4.1166666051140055e-05,-0.35,-0.3500000238418579,3.1371444977103646,3.1375467777252197,0.00024183097411878407,4.725222879642388e-08,-0.0006296562496572733
8.881661415100098,-23.2979679107666,58.66355514526367,-0.39990234375,-0.7644823789596558,-0.03195800632238388,-0.5602880716323853,-2.9999703209128445,8.831268310546875,0.013344423632521453,-0.10677409917116165,0.25,-0.33568274974823,0.0,4.1166666051140055e-05,-0.35,-0.3500000238418579,3.1371444977103646,3.1375467777252197,0.00025002172333188355,5.517722456716001e-08,-0.0006439749849960208
8.886204242706299,-23.2979679107666,58.66355514526367,-0.39990234375,-0.7644823789596558,-0.03195800632238388,-0.5602880716323853,-2.9999703209128445,8.831268310546875,0.013344423632521453,-0.10677409917116165,0.25,-0.33568274974823,0.0,4.1166666051140055e-05,-0.35,-0.3500000238418579,3.1371444977103646,3.1375467777252197,0.00025002172333188355,5.517722456716001e-08,-0.0006439749849960208
8.89085054397583,-23.2979679107666,58.73398208618164,-0.39990234375,-0.765332043170929,-0.03195800632238388,-0.5623583793640137,-2.999970233593662,8.796585083007812,0.013364039508686951,-0.10690464824438095,0.25,-0.24024759232997894,0.0,4.1166666051140055e-05,-0.35,-0.3500000238418579,3.1371379590201935,3.1375467777252197,0.00025002172333188355,5.517722456716001e-08,-0.0006439749849960208
8.895859003067017,-23.2979679107666,58.73398208618164,-0.39990234375,-0.765332043170929,-0.03195800632238388,-0.5623583793640137,-2.999970233593662,8.796585083007812,0.013364039508686951,-0.10690464824438095,0.25,-0.24024759232997894,0.0,4.058438207721338e-05,-0.35,-0.3500000238418579,3.1371379590201935,3.137535572052002,0.0003488808870315552,-7.100493348843884e-08,-0.0007769197109155357
8.900639057159424,-23.2979679107666,58.78702926635742,-0.39990234375,-0.7659765481948853,-0.03195800632238388,-0.5639013648033142,-2.9999701671008365,8.80236530303955,0.013378957544581474,-0.10687737166881561,0.25,-0.2558155059814453,0.0,4.010682096122764e-05,-0.35,-0.3500000238418579,3.137132986292167,3.1375303268432617,0.0004056832112837583,-1.2227724255353678e-07,-0.0009056087001226842
8.9052894115448,-23.2979679107666,58.78702926635742,-0.39990234375,-0.7659765481948853,-0.03195800632238388,-0.5639013648033142,-2.9999701671008365,8.80236530303955,0.013378957544581474,-0.10687737166881561,0.25,-0.2558155059814453,0.0,4.010682096122764e-05,-0.35,-0.3500000238418579,3.137132986292167,3.1375303268432617,0.0004056832112837583,-1.2227724255353678e-07,-0.0009056087001226842
8.909686803817749,-23.2979679107666,58.94738006591797,-0.39990234375,-0.7679296731948853,-0.03195800632238388,-0.5683349370956421,-2.999969965376461,8.792777061462402,0.01342411409196499,-0.10690165311098099,0.25,-0.2286907583475113,0.0,4.010682096122764e-05,-0.35,-0.3500000238418579,3.137117933959515,3.1375303268432617,0.0004056832112837583,-1.2227724255353678e-07,-0.0009056087001226842
8.914348602294922,-23.2979679107666,58.94738006591797,-0.39990234375,-0.7679296731948853,-0.03195800632238388,-0.5683349370956421,-2.999969965376461,8.792777061462402,0.01342411409196499,-0.10690165311098099,0.25,-0.2286907583475113,0.0,3.930246384697966e-05,-0.35,-0.3500000238418579,3.137117933959515,3.1375179290771484,0.0004160272656008601,-7.199389528977918e-08,-0.0009880117140710354
8.919002532958984,-23.2979679107666,59.0002326965332,-0.39990234375,-0.7685741782188416,-0.03195800632238388,-0.5694921612739563,-2.9999698987893493,8.779441833496094,0.013438986487875771,-0.10695000737905502,0.25,-0.19186264276504517,0.0,3.912171086994931e-05,-0.35,-0.3500000238418579,3.137112976444524,3.1375112533569336,0.00041136829531751573,-6.307817557171802e-08,-0.0010446843225508928
8.923888444900513,-23.2979679107666,59.0002326965332,-0.39990234375,-0.7685741782188416,-0.03195800632238388,-0.5694921612739563,-2.9999698987893493,8.779441833496094,0.013438986487875771,-0.10695000737905502,0.25,-0.19186264276504517,0.0,3.912171086994931e-05,-0.35,-0.3500000238418579,3.137112976444524,3.1375112533569336,0.00041136829531751573,-6.307817557171802e-08,-0.0010446843225508928
8.928721904754639,-23.2979679107666,59.0002326965332,-0.39990234375,-0.7685741782188416,-0.03195800632238388,-0.5694921612739563,-2.9999698987893493,8.779441833496094,0.013438986487875771,-0.10695000737905502,0.25,-0.19186264276504517,0.0,3.8971571484580636e-05,-0.35,-0.3500000238418579,3.137112976444524,3.1374969482421875,0.00041297427378594875,8.873212209437042e-08,-0.0011237708386033773
8.933586597442627,-23.2979679107666,59.107147216796875,-0.39990234375,-0.7698730230331421,-0.03195800632238388,-0.5719970464706421,-2.9999697649308272,8.784626007080078,0.013468834429055273,-0.1069200336933136,0.25,-0.20553435385227203,0.0,3.8971571484580636e-05,-0.35,-0.3500000238418579,3.137103027030746,3.1374969482421875,0.00041297427378594875,8.873212209437042e-08,-0.0011237708386033773
8.938374996185303,-23.2979679107666,59.107147216796875,-0.39990234375,-0.7698730230331421,-0.03195800632238388,-0.5719970464706421,-2.9999697649308272,8.784626007080078,0.013468834429055273,-0.1069200336933136,0.25,-0.20553435385227203,0.0,3.9084967283997685e-05,-0.35,-0.3500000238418579,3.137103027030746,3.1374893188476562,0.0003799880505539477,2.0283579260649276e-07,-0.0011535012163221836
8.942973375320435,-23.2979679107666,59.16089630126953,-0.39990234375,-0.7705273032188416,-0.03195800632238388,-0.5732128620147705,-2.9999696974408065,8.770086288452148,0.013483858383771061,-0.10696899145841599,0.25,-0.16514800488948822,0.0,3.9084967283997685e-05,-0.35,-0.3500000238418579,3.1370980189953115,3.1374893188476562,0.0003799880505539477,2.0283579260649276e-07,-0.0011535012163221836
8.947504043579102,-23.2979679107666,59.16089630126953,-0.39990234375,-0.7705273032188416,-0.03195800632238388,-0.5732128620147705,-2.9999696974408065,8.770086288452148,0.013483858383771061,-0.10696899145841599,0.25,-0.16514800488948822,0.0,3.9866030419943854e-05,-0.35,-0.3500000238418579,3.1370980189953115,3.137472152709961,0.00035076317726634443,2.0855804905295372e-07,-0.0011500214459374547
8.95204496383667,-23.2979679107666,59.3193359375,-0.39990234375,-0.7724804282188416,-0.03195800632238388,-0.5751610994338989,-2.9999696974408065,8.724225044250488,0.013483858383771061,-0.10714337229728699,0.25,-0.03891073539853096,0.0,3.9866030419943854e-05,-0.35,-0.3500000238418579,3.1370980189953115,3.137472152709961,0.00035076317726634443,2.0855804905295372e-07,-0.0011500214459374547
8.956916809082031,-23.2979679107666,59.3193359375,-0.39990234375,-0.7724804282188416,-0.03195800632238388,-0.5751610994338989,-2.9999694945658706,8.724225044250488,0.013528919919767634,-0.10714337229728699,0.25,-0.03891073539853096,0.0,4.0165130485547706e-05,-0.35,-0.3500000238418579,3.1370829983310835,3.1374671459198,0.00034206482814624906,1.736959234222013e-07,-0.001143593923188746
8.961768388748169,-23.2979679107666,59.37140655517578,-0.39990234375,-0.7731249928474426,-0.03195800632238388,-0.5749951004981995,-2.9999694945658706,8.70005989074707,0.013528919919767634,-0.1072358712553978,0.25,0.02758302167057991,0.0,4.0165130485547706e-05,-0.35,-0.3500000238418579,3.1370829983310835,3.1374671459198,0.00034206482814624906,1.736959234222013e-07,-0.001143593923188746
8.967028856277466,-23.2979679107666,59.37140655517578,-0.39990234375,-0.7731249928474426,-0.03195800632238388,-0.5749951004981995,-2.9999694274756474,8.70005989074707,0.013543788666201682,-0.1072358712553978,0.25,0.02758302167057991,0.0,4.062565494677983e-05,-0.35,-0.3500000238418579,3.1370780420318187,3.1374599933624268,0.0003339967515785247,1.7029330479090277e-07,-0.0011256635189056396
8.972152948379517,-23.2979679107666,59.522850036621094,-0.39990234375,-0.7750097513198853,-0.03195800632238388,-0.5723095536231995,-2.999969230755831,8.633110046386719,0.013587292528952343,-0.10749240964651108,0.25,0.21185992658138275,0.0,4.062565494677983e-05,-0.35,-0.3500000238418579,3.137063540595978,3.1374599933624268,0.0003339967515785247,1.7029330479090277e-07,-0.0011256635189056396
8.976781129837036,-23.2979679107666,59.522850036621094,-0.39990234375,-0.7750097513198853,-0.03195800632238388,-0.5723095536231995,-2.999969230755831,8.633110046386719,0.013587292528952343,-0.10749240964651108,0.25,0.21185992658138275,0.0,4.166634607827291e-05,-0.35,-0.3500000238418579,3.137063540595978,3.1374399662017822,0.00033676516613923013,-1.4058258557270165e-08,-0.0010511069558560848
8.98140263557434,-23.2979679107666,59.522850036621094,-0.39990234375,-0.7750097513198853,-0.03195800632238388,-0.5723095536231995,-2.999969230755831,8.633110046386719,0.013587292528952343,-0.10749240964651108,0.25,0.21185992658138275,0.0,4.166634607827291e-05,-0.35,-0.3500000238418579,3.137063540595978,3.1374399662017822,0.00033676516613923013,-1.4058258557270165e-08,-0.0010511069558560848
8.98605465888977,-23.2979679107666,59.58280944824219,-0.39990234375,-0.7757617235183716,-0.03195800632238388,-0.5708984136581421,-2.999969151950122,8.638448715209961,0.01360468109380833,-0.10746563971042633,0.25,0.19752341508865356,0.0,4.1793806303758174e-05,-0.35,-0.3500000238418579,3.137057744348168,3.13743257522583,0.00036479407572187483,-2.4916232632676838e-08,-0.0010212566703557968
8.9910409450531,-23.2979679107666,59.58280944824219,-0.39990234375,-0.7757617235183716,-0.03195800632238388,-0.5708984136581421,-2.999969151950122,8.638448715209961,0.01360468109380833,-0.10746563971042633,0.25,0.19752341508865356,0.0,4.1793806303758174e-05,-0.35,-0.3500000238418579,3.137057744348168,3.13743257522583,0.00036479407572187483,-2.4916232632676838e-08,-0.0010212566703557968
8.995433568954468,-23.2979679107666,59.58280944824219,-0.39990234375,-0.7757617235183716,-0.03195800632238388,-0.5708984136581421,-2.999969151950122,8.638448715209961,0.01360468109380833,-0.10746563971042633,0.25,0.19752341508865356,0.0,4.166243888903409e-05,-0.35,-0.3500000238418579,3.137057744348168,3.1374261379241943,0.00038615806261077523,-2.3855989184085047e-07,-0.0009980415925383568
9.000259637832642,-23.2979679107666,59.687068939208984,-0.39990234375,-0.7770605087280273,-0.03195800632238388,-0.5686425566673279,-2.9999690163929,8.643253326416016,0.013634540058820227,-0.10743706673383713,0.25,0.184854194521904,0.0,4.141855242778547e-05,-0.35,-0.3500000238418579,3.1370477912572614,3.1374197006225586,0.0003973146085627377,-2.8152783215773525e-07,-0.0009779795072972775
9.005025386810303,-23.2979679107666,59.687068939208984,-0.39990234375,-0.7770605087280273,-0.03195800632238388,-0.5686425566673279,-2.9999690163929,8.643253326416016,0.013634540058820227,-0.10743706673383713,0.25,0.184854194521904,0.0,4.141855242778547e-05,-0.35,-0.3500000238418579,3.1370477912572614,3.1374197006225586,0.0003973146085627377,-2.8152783215773525e-07,-0.0009779795072972775
9.010024547576904,-23.2979679107666,59.73941421508789,-0.39990234375,-0.7777148485183716,-0.03195800632238388,-0.5675341486930847,-2.999968947978779,8.640263557434082,0.013649584722520862,-0.10744031518697739,0.25,0.19354388117790222,0.0,4.141855242778547e-05,-0.35,-0.3500000238418579,3.1370427763175104,3.1374197006225586,0.0003973146085627377,-2.8152783215773525e-07,-0.0009779795072972775
9.014555215835571,-23.2979679107666,59.73941421508789,-0.39990234375,-0.7777148485183716,-0.03195800632238388,-0.5675341486930847,-2.999968947978779,8.640263557434082,0.013649584722520862,-0.10744031518697739,0.25,0.19354388117790222,0.0,4.063587402924895e-05,-0.35,-0.3500000238418579,3.1370427763175104,3.137402057647705,0.0003742754051927477,-2.3345762656390434e-07,-0.0009201295324601233
9.019267320632935,-23.2979679107666,59.857460021972656,-0.39990234375,-0.7791796922683716,-0.03195800632238388,-0.5645360946655273,-2.9999687955099406,8.62063980102539,0.013683053995214436,-0.10751424729824066,0.25,0.2476581335067749,0.0,4.040871135657653e-05,-0.35,-0.3500000238418579,3.137031619777518,3.1373960971832275,0.00036183875636197627,-2.1155085505597526e-07,-0.0009022736339829862
9.023941278457642,-23.2979679107666,59.857460021972656,-0.39990234375,-0.7791796922683716,-0.03195800632238388,-0.5645360946655273,-2.9999687955099406,8.62063980102539,0.013683053995214436,-0.10751424729824066,0.25,0.2476581335067749,0.0,4.040871135657653e-05,-0.35,-0.3500000238418579,3.137031619777518,3.1373960971832275,0.00036183875636197627,-2.1155085505597526e-07,-0.0009022736339829862
9.028555870056152,-23.2979679107666,59.94937515258789,-0.39990234375,-0.7803320288658142,-0.03195800632238388,-0.5613867044448853,-2.9999686748982968,8.598366737365723,0.01370947223481114,-0.10759708285331726,0.25,0.30915266275405884,0.0,4.024146983283572e-05,-0.35,-0.3500000238418579,3.137022813605878,3.137389898300171,0.00035335985012352467,-1.1065372973462217e-07,-0.0008937774691730738
9.03335690498352,-23.2979679107666,59.94937515258789,-0.39990234375,-0.7803320288658142,-0.03195800632238388,-0.5613867044448853,-2.9999686748982968,8.598366737365723,0.01370947223481114,-0.10759708285331726,0.25,0.30915266275405884,0.0,4.024146983283572e-05,-0.35,-0.3500000238418579,3.137022813605878,3.137389898300171,0.00035335985012352467,-1.1065372973462217e-07,-0.0008937774691730738
9.038275718688965,-23.2979679107666,60.10702896118164,-0.39990234375,-0.7823046445846558,-0.03195800632238388,-0.5565478205680847,-2.9999686748982968,8.619874000549316,0.01370947223481114,-0.10749462991952896,0.25,0.25091493129730225,0.0,3.999070395366289e-05,-0.35,-0.3500000238418579,3.137022813605878,3.1373846530914307,0.0003710096934810281,2.405612349321018e-07,-0.0008882631082087755
9.042853593826294,-23.2979679107666,60.10702896118164,-0.39990234375,-0.7823046445846558,-0.03195800632238388,-0.5565478205680847,-2.9999684687444317,8.619874000549316,0.013754509776441756,-0.10749462991952896,0.25,0.25091493129730225,0.0,3.999070395366289e-05,-0.35,-0.3500000238418579,3.137007800934728,3.1373846530914307,0.0003710096934810281,2.405612349321018e-07,-0.0008882631082087755
9.04781174659729,-23.2979679107666,60.10702896118164,-0.39990234375,-0.7823046445846558,-0.03195800632238388,-0.5565478205680847,-2.9999684687444317,8.619874000549316,0.013754509776441756,-0.10749462991952896,0.25,0.25091493129730225,0.0,3.932471008738503e-05,-0.35,-0.3500000238418579,3.137007800934728,3.1373701095581055,0.000370614230632782,1.9945150597777683e-07,-0.0008985457825474441
9.052550554275513,-23.2979679107666,60.15656280517578,-0.39990234375,-0.7829198837280273,-0.03195800632238388,-0.5551464557647705,-2.999968404743556,8.623427391052246,0.013768461802364273,-0.10747548937797546,0.25,0.24140039086341858,0.0,3.932471008738503e-05,-0.35,-0.3500000238418579,3.13700315021049,3.1373701095581055,0.000370614230632782,1.9945150597777683e-07,-0.0008985457825474441
9.057234525680542,-23.2979679107666,60.15656280517578,-0.39990234375,-0.7829198837280273,-0.03195800632238388,-0.5551464557647705,-2.999968404743556,8.623427391052246,0.013768461802364273,-0.10747548937797546,0.25,0.24140039086341858,0.0,3.919594382750802e-05,-0.35,-0.3500000238418579,3.13700315021049,3.137367010116577,0.00036903563886880875,1.0756411938928068e-07,-0.0009031634544953704
9.061952352523804,-23.2979679107666,60.26163864135742,-0.39990234375,-0.784228503704071,-0.03195800632238388,-0.5519872903823853,-2.999968268435218,8.614541053771973,0.013798129648595375,-0.1075025424361229,0.25,0.2662369906902313,0.0,3.895081681548618e-05,-0.35,-0.3500000238418579,3.1369932608240356,3.1373555660247803,0.0003458277496974915,1.90660216503602e-08,-0.0009071017266251147
9.066715002059937,-23.2979679107666,60.26163864135742,-0.39990234375,-0.784228503704071,-0.03195800632238388,-0.5519872903823853,-2.999968268435218,8.614541053771973,0.013798129648595375,-0.1075025424361229,0.25,0.2662369906902313,0.0,3.895081681548618e-05,-0.35,-0.3500000238418579,3.1369932608240356,3.1373555660247803,0.0003458277496974915,1.90660216503602e-08,-0.0009071017266251147
9.071278095245361,-23.2979679107666,60.314022064208984,-0.39990234375,-0.7848827838897705,-0.03195800632238388,-0.5502587556838989,-2.9999682001871895,8.601398468017578,0.013812960060620478,-0.10754752159118652,0.25,0.30272501707077026,0.0,3.891481173923239e-05,-0.35,-0.3500000238418579,3.136988317301016,3.1373493671417236,0.00033525199978612363,8.442759735771688e-08,-0.0009209971176460385
9.075931787490845,-23.2979679107666,60.314022064208984,-0.39990234375,-0.7848827838897705,-0.03195800632238388,-0.5502587556838989,-2.9999682001871895,8.601398468017578,0.013812960060620478,-0.10754752159118652,0.25,0.30272501707077026,0.0,3.891481173923239e-05,-0.35,-0.3500000238418579,3.136988317301016,3.1373493671417236,0.00033525199978612363,8.442759735771688e-08,-0.0009209971176460385
9.080460548400879,-23.2979679107666,60.314022064208984,-0.39990234375,-0.7848827838897705,-0.03195800632238388,-0.5502587556838989,-2.9999682001871895,8.601398468017578,0.013812960060620478,-0.10754752159118652,0.25,0.30272501707077026,0.0,3.896853741025552e-05,-0.35,-0.3500000238418579,3.136988317301016,3.1373355388641357,0.00033526113838888705,1.0399355687695788e-07,-0.0009330071043223143
9.084957122802734,-23.2979679107666,60.43394470214844,-0.39990234375,-0.7863867282867432,-0.03195800632238388,-0.5458935499191284,-2.999968042985519,8.596503257751465,0.013847059819153929,-0.1075613796710968,0.25,0.31645870208740234,0.0,3.896853741025552e-05,-0.35,-0.3500000238418579,3.136976950594054,3.1373355388641357,0.00033526113838888705,1.0399355687695788e-07,-0.0009330071043223143
9.090021133422852,-23.2979679107666,60.43394470214844,-0.39990234375,-0.7863867282867432,-0.03195800632238388,-0.5458935499191284,-2.999968042985519,8.596503257751465,0.013847059819153929,-0.1075613796710968,0.25,0.31645870208740234,0.0,3.895026020472869e-05,-0.35,-0.3500000238418579,3.136976950594054,3.137331485748291,0.0003464678884483874,4.616282467395649e-08,-0.0009368121391162276
9.09476113319397,-23.2979679107666,60.52183532714844,-0.39990234375,-0.7874804735183716,-0.03195800632238388,-0.5431005954742432,-2.999968042985519,8.615832328796387,0.013847059819153929,-0.10747287422418594,0.25,0.2638470530509949,0.0,3.895026020472869e-05,-0.35,-0.3500000238418579,3.136976950594054,3.137331485748291,0.0003464678884483874,4.616282467395649e-08,-0.0009368121391162276
9.099668264389038,-23.2979679107666,60.52183532714844,-0.39990234375,-0.7874804735183716,-0.03195800632238388,-0.5431005954742432,-2.9999679292182475,8.615832328796387,0.013871685621490385,-0.10747287422418594,0.25,0.2638470530509949,0.0,3.8870322896400467e-05,-0.35,-0.3500000238418579,3.1369687419056778,3.1373255252838135,0.0003563858335837722,4.036303380416939e-08,-0.0009405285236425698
9.104825258255005,-23.2979679107666,60.679256439208984,-0.39990234375,-0.7894335985183716,-0.03195800632238388,-0.5395556688308716,-2.9999679292182475,8.650769233703613,0.013871685621490385,-0.10731249302625656,0.25,0.16872867941856384,0.0,3.8870322896400467e-05,-0.35,-0.3500000238418579,3.1369687419056778,3.1373255252838135,0.0003563858335837722,4.036303380416939e-08,-0.0009405285236425698
9.109932899475098,-23.2979679107666,60.679256439208984,-0.39990234375,-0.7894335985183716,-0.03195800632238388,-0.5395556688308716,-2.999967726516936,8.650769233703613,0.013915453884313258,-0.10731249302625656,0.25,0.16872867941856384,0.0,3.850609573419206e-05,-0.35,-0.3500000238418579,3.136954152328278,3.1373074054718018,0.0003613205917645246,-1.5666398667235626e-07,-0.0009438180131837726
9.114434003829956,-23.2979679107666,60.679256439208984,-0.39990234375,-0.7894335985183716,-0.03195800632238388,-0.5395556688308716,-2.999967726516936,8.650769233703613,0.013915453884313258,-0.10731249302625656,0.25,0.16872867941856384,0.0,3.843942249659449e-05,-0.35,-0.3500000238418579,3.136954152328278,3.137301206588745,0.0003524591156747192,-9.898019470711006e-08,-0.0009398542460985482
9.119237184524536,-23.2979679107666,60.731170654296875,-0.39990234375,-0.7900781035423279,-0.03195800632238388,-0.5386132597923279,-2.99996765963008,8.656423568725586,0.013929866245650794,-0.10728400200605392,0.25,0.15344490110874176,0.0,3.843942249659449e-05,-0.35,-0.3500000238418579,3.136949348156096,3.137301206588745,0.0003524591156747192,-9.898019470711006e-08,-0.0009398542460985482
9.123972415924072,-23.2979679107666,60.731170654296875,-0.39990234375,-0.7900781035423279,-0.03195800632238388,-0.5386132597923279,-2.99996765963008,8.656423568725586,0.013929866245650794,-0.10728400200605392,0.25,0.15344490110874176,0.0,3.843942249659449e-05,-0.35,-0.3500000238418579,3.136949348156096,3.137301206588745,0.0003524591156747192,-9.898019470711006e-08,-0.0009398542460985482
9.12855076789856,-23.2979679107666,60.836639404296875,-0.39990234375,-0.7913867235183716,-0.03195800632238388,-0.5360985994338989,-2.9999675239097554,8.630471229553223,0.01395906468101896,-0.10738280415534973,0.25,0.22500552237033844,0.0,3.846662730211392e-05,-0.35,-0.3500000238418579,3.1369396152391644,3.1372952461242676,0.0003345096483826637,-8.650181371194776e-08,-0.0009285399573855102
9.133312940597534,-23.2979679107666,60.836639404296875,-0.39990234375,-0.7913867235183716,-0.03195800632238388,-0.5360985994338989,-2.9999675239097554,8.630471229553223,0.01395906468101896,-0.10738280415534973,0.25,0.22500552237033844,0.0,3.8537385989911854e-05,-0.35,-0.3500000238418579,3.1369396152391644,3.137289047241211,0.00032382941571995616,7.01650719747704e-08,-0.0009190239361487329
9.13778305053711,-23.2979679107666,60.836639404296875,-0.39990234375,-0.7913867235183716,-0.03195800632238388,-0.5360985994338989,-2.9999675239097554,8.630471229553223,0.01395906468101896,-0.10738280415534973,0.25,0.22500552237033844,0.0,3.8537385989911854e-05,-0.35,-0.3500000238418579,3.1369396152391644,3.137289047241211,0.00032382941571995616,7.01650719747704e-08,-0.0009190239361487329
9.14250659942627,-23.2979679107666,60.836639404296875,-0.39990234375,-0.7913867235183716,-0.03195800632238388,-0.5360985994338989,-2.9999675239097554,8.630471229553223,0.01395906468101896,-0.10738280415534973,0.25,0.22500552237033844,0.0,3.862909579765983e-05,-0.35,-0.3500000238418579,3.1369396152391644,3.1372830867767334,0.00031518182368017733,9.941015832737321e-08,-0.0009064385085366666
9.147605419158936,-23.2979679107666,60.836639404296875,-0.39990234375,-0.7913867235183716,-0.03195800632238388,-0.5360985994338989,-2.9999675239097554,8.630471229553223,0.01395906468101896,-0.10738280415534973,0.25,0.22500552237033844,0.0,3.862909579765983e-05,-0.35,-0.3500000238418579,3.1369396152391644,3.1372830867767334,0.00031518182368017733,9.941015832737321e-08,-0.0009064385085366666
9.15216612815857,-23.2979679107666,61.01507568359375,-0.39990234375,-0.7936230301856995,-0.03195800632238388,-0.5294628739356995,-2.9999672907121018,8.576614379882812,0.014009091958136512,-0.10759249329566956,0.25,0.37334707379341125,0.0,3.8846221286803484e-05,-0.35,-0.3500000238418579,3.1369229392989544,3.1372690200805664,0.0003161185886710882,8.648879656902864e-08,-0.0009031107183545828
9.157012939453125,-23.2979679107666,61.01507568359375,-0.39990234375,-0.7936230301856995,-0.03195800632238388,-0.5294628739356995,-2.9999672907121018,8.576614379882812,0.014009091958136512,-0.10759249329566956,0.25,0.37334707379341125,0.0,3.8846221286803484e-05,-0.35,-0.3500000238418579,3.1369229392989544,3.1372690200805664,0.0003161185886710882,8.648879656902864e-08,-0.0009031107183545828
9.161750078201294,-23.2979679107666,61.096405029296875,-0.39990234375,-0.7946484088897705,-0.03195800632238388,-0.5254345536231995,-2.999967183461403,8.553082466125488,0.014032040288525985,-0.10768414288759232,0.25,0.43818193674087524,0.0,3.8929931179154664e-05,-0.35,-0.3500000238418579,3.136915289771951,3.1372599601745605,0.00032059691147878766,2.3407574190059677e-07,-0.0008976812823675573
9.166406869888306,-23.2979679107666,61.096405029296875,-0.39990234375,-0.7946484088897705,-0.03195800632238388,-0.5254345536231995,-2.999967183461403,8.553082466125488,0.014032040288525985,-0.10768414288759232,0.25,0.43818193674087524,0.0,3.8929931179154664e-05,-0.35,-0.3500000238418579,3.136915289771951,3.1372599601745605,0.00032059691147878766,2.3407574190059677e-07,-0.0008976812823675573
9.171385288238525,-23.2979679107666,61.14875030517578,-0.39990234375,-0.79530268907547,-0.03195800632238388,-0.522998034954071,-2.9999671153931877,8.594389915466309,0.01404658533157319,-0.1074996069073677,0.25,0.32534751296043396,0.0,3.8929931179154664e-05,-0.35,-0.3500000238418579,3.1369104413711777,3.1372599601745605,0.00032059691147878766,2.3407574190059677e-07,-0.0008976812823675573
9.175947427749634,-23.2979679107666,61.14875030517578,-0.39990234375,-0.79530268907547,-0.03195800632238388,-0.522998034954071,-2.9999671153931877,8.594389915466309,0.01404658533157319,-0.1074996069073677,0.25,0.32534751296043396,0.0,3.7929949030512944e-05,-0.35,-0.3500000238418579,3.1369104413711777,3.137240409851074,0.00039674434810876846,2.6565862754068803e-07,-0.0008778711780905724
9.18066930770874,-23.2979679107666,61.306053161621094,-0.39990234375,-0.79725581407547,-0.03195800632238388,-0.5189257860183716,-2.9999671153931877,8.668651580810547,0.01404658533157319,-0.10717390477657318,0.25,0.12216036766767502,0.0,3.7929949030512944e-05,-0.35,-0.3500000238418579,3.1369104413711777,3.137240409851074,0.00039674434810876846,2.6565862754068803e-07,-0.0008778711780905724
9.185506105422974,-23.2979679107666,61.306053161621094,-0.39990234375,-0.79725581407547,-0.03195800632238388,-0.5189257860183716,-2.9999669130994984,8.668651580810547,0.014089723498623466,-0.10717390477657318,0.25,0.12216036766767502,0.0,3.7929949030512944e-05,-0.35,-0.3500000238418579,3.1368960618240544,3.137240409851074,0.00039674434810876846,2.6565862754068803e-07,-0.0008778711780905724
9.190217971801758,-23.2979679107666,61.306053161621094,-0.39990234375,-0.79725581407547,-0.03195800632238388,-0.5189257860183716,-2.9999669130994984,8.668651580810547,0.014089723498623466,-0.10717390477657318,0.25,0.12216036766767502,0.0,3.763382483157329e-05,-0.35,-0.3500000238418579,3.1368960618240544,3.137237071990967,0.00039751233998686075,4.252343615007703e-07,-0.0008724959334358573
9.194973707199097,-23.2979679107666,61.35718536376953,-0.39990234375,-0.7978808283805847,-0.03195800632238388,-0.5185644626617432,-2.999966849014178,8.690747261047363,0.01410336186671082,-0.10707493871450424,0.25,0.061776693910360336,0.0,3.696603380376473e-05,-0.35,-0.3500000238418579,3.1368915156511705,3.137225866317749,0.0003590715932659805,2.385359039180912e-07,-0.0008603357127867639
9.199891805648804,-23.2979679107666,61.35718536376953,-0.39990234375,-0.7978808283805847,-0.03195800632238388,-0.5185644626617432,-2.999966849014178,8.690747261047363,0.01410336186671082,-0.10707493871450424,0.25,0.061776693910360336,0.0,3.696603380376473e-05,-0.35,-0.3500000238418579,3.1368915156511705,3.137225866317749,0.0003590715932659805,2.385359039180912e-07,-0.0008603357127867639
9.204582214355469,-23.2979679107666,61.41128921508789,-0.39990234375,-0.7985448837280273,-0.03195800632238388,-0.5184960961341858,-2.9999667807684447,8.709371566772461,0.014117871150237942,-0.10699032247066498,0.25,0.010921330191195011,0.0,3.696603380376473e-05,-0.35,-0.3500000238418579,3.1368866791698284,3.137225866317749,0.0003590715932659805,2.385359039180912e-07,-0.0008603357127867639
9.209072589874268,-23.2979679107666,61.41128921508789,-0.39990234375,-0.7985448837280273,-0.03195800632238388,-0.5184960961341858,-2.9999667807684447,8.709371566772461,0.014117871150237942,-0.10699032247066498,0.25,0.010921330191195011,0.0,3.696603380376473e-05,-0.35,-0.3500000238418579,3.1368866791698284,3.137225866317749,0.0003590715932659805,2.385359039180912e-07,-0.0008603357127867639
9.213942766189575,-23.2979679107666,61.58726501464844,-0.39990234375,-0.8007031083106995,-0.03195800632238388,-0.5188525319099426,-2.9999665591898212,8.71169376373291,0.014164877083347687,-0.1069633811712265,0.25,0.005172735545784235,0.0,3.6857287341263145e-05,-0.35,-0.3500000238418579,3.136871010351378,3.137207508087158,0.0003029623185284436,-1.9179131527380378e-07,-0.0008618462015874684
9.218282222747803,-23.2979679107666,61.58726501464844,-0.39990234375,-0.8007031083106995,-0.03195800632238388,-0.5188525319099426,-2.9999665591898212,8.71169376373291,0.014164877083347687,-0.1069633811712265,0.25,0.005172735545784235,0.0,3.6857287341263145e-05,-0.35,-0.3500000238418579,3.136871010351378,3.137207508087158,0.0003029623185284436,-1.9179131527380378e-07,-0.0008618462015874684
9.222728252410889,-23.2979679107666,61.58726501464844,-0.39990234375,-0.8007031083106995,-0.03195800632238388,-0.5188525319099426,-2.9999665591898212,8.71169376373291,0.014164877083347687,-0.1069633811712265,0.25,0.005172735545784235,0.0,3.692619429784827e-05,-0.35,-0.3500000238418579,3.136871010351378,3.1372036933898926,0.00029780599288642406,-3.0733124845028215e-07,-0.0008633440011180937
9.227846622467041,-23.2979679107666,61.673866271972656,-0.39990234375,-0.8017773032188416,-0.03195800632238388,-0.518017590045929,-2.999966448195669,8.671273231506348,0.014188364960837668,-0.10712812095880508,0.25,0.11625206470489502,0.0,3.692619429784827e-05,-0.35,-0.3500000238418579,3.136863180971463,3.1372036933898926,0.00029780599288642406,-3.0733124845028215e-07,-0.0008633440011180937
9.232520580291748,-23.2979679107666,61.673866271972656,-0.39990234375,-0.8017773032188416,-0.03195800632238388,-0.518017590045929,-2.999966448195669,8.671273231506348,0.014188364960837668,-0.10712812095880508,0.25,0.11625206470489502,0.0,3.7113259168108925e-05,-0.35,-0.3500000238418579,3.136863180971463,3.1371984481811523,0.0002822689129970968,-2.3340821542205958e-07,-0.0008586248150095344
9.237287044525146,-23.2979679107666,61.72703170776367,-0.39990234375,-0.8024413585662842,-0.03195800632238388,-0.5167626738548279,-2.999966379308644,8.650527000427246,0.014202922860650728,-0.10720756649971008,0.25,0.1734628826379776,0.0,3.7113259168108925e-05,-0.35,-0.3500000238418579,3.1368583282838642,3.1371984481811523,0.0002822689129970968,-2.3340821542205958e-07,-0.0008586248150095344
9.242525339126587,-23.2979679107666,61.72703170776367,-0.39990234375,-0.8024413585662842,-0.03195800632238388,-0.5167626738548279,-2.999966379308644,8.650527000427246,0.014202922860650728,-0.10720756649971008,0.25,0.1734628826379776,0.0,3.7501966289710253e-05,-0.35,-0.3500000238418579,3.1368583282838642,3.137183666229248,0.0003033473331015557,-1.924371986206097e-07,-0.0008514352957718074
9.24704623222351,-23.2979679107666,61.835662841796875,-0.39990234375,-0.8037890195846558,-0.03195800632238388,-0.5150732398033142,-2.9999662401374754,8.6796236038208,0.014232288481469173,-0.10707604140043259,0.25,0.09392743557691574,0.0,3.7501966289710253e-05,-0.35,-0.3500000238418579,3.136848539633664,3.137183666229248,0.0003033473331015557,-1.924371986206097e-07,-0.0008514352957718074
9.251888513565063,-23.2979679107666,61.835662841796875,-0.39990234375,-0.8037890195846558,-0.03195800632238388,-0.5150732398033142,-2.9999662401374754,8.6796236038208,0.014232288481469173,-0.10707604140043259,0.25,0.09392743557691574,0.0,3.738900340977125e-05,-0.35,-0.3500000238418579,3.136848539633664,3.137176275253296,0.00033020746195688844,-2.9317050120880594e-08,-0.0008469611057080328
9.25660228729248,-23.2979679107666,61.93761444091797,-0.39990234375,-0.8050390481948853,-0.03195800632238388,-0.5155029296875,-2.999966112056294,8.73995590209961,0.014259260634485895,-0.10680580139160156,0.25,-0.07111179828643799,0.0,3.738900340977125e-05,-0.35,-0.3500000238418579,3.1368395488146237,3.137176275253296,0.00033020746195688844,-2.9317050120880594e-08,-0.0008469611057080328
9.261403560638428,-23.2979679107666,61.93761444091797,-0.39990234375,-0.8050390481948853,-0.03195800632238388,-0.5155029296875,-2.999966112056294,8.73995590209961,0.014259260634485895,-0.10680580139160156,0.25,-0.07111179828643799,0.0,3.7193753087194636e-05,-0.35,-0.3500000238418579,3.1368395488146237,3.1371707916259766,0.0003401378053240478,-3.200251512680552e-07,-0.0008445596322417259
9.266032695770264,-23.2979679107666,61.93761444091797,-0.39990234375,-0.8050390481948853,-0.03195800632238388,-0.5155029296875,-2.999966112056294,8.73995590209961,0.014259260634485895,-0.10680580139160156,0.25,-0.07111179828643799,0.0,3.7193753087194636e-05,-0.35,-0.3500000238418579,3.1368395488146237,3.1371707916259766,0.0003401378053240478,-3.200251512680552e-07,-0.0008445596322417259
9.270546436309814,-23.2979679107666,61.990272521972656,-0.39990234375,-0.8056835532188416,-0.03195800632238388,-0.5161914229393005,-2.999966046117512,8.755752563476562,0.01427312656917878,-0.10673239827156067,0.25,-0.11423110961914062,0.0,3.7004141631769016e-05,-0.35,-0.3500000238418579,3.1368349267841316,3.1371660232543945,0.00033673783764243126,-2.082223318211618e-07,-0.0008361627697013319
9.275212049484253,-23.2979679107666,61.990272521972656,-0.39990234375,-0.8056835532188416,-0.03195800632238388,-0.5161914229393005,-2.999966046117512,8.755752563476562,0.01427312656917878,-0.10673239827156067,0.25,-0.11423110961914062,0.0,3.7004141631769016e-05,-0.35,-0.3500000238418579,3.1368349267841316,3.1371660232543945,0.00033673783764243126,-2.082223318211618e-07,-0.0008361627697013319
9.279923439025879,-23.2979679107666,62.1379280090332,-0.39990234375,-0.8074902296066284,-0.03195800632238388,-0.5172558426856995,-2.999965861406437,8.719764709472656,0.014311897006856152,-0.10687372833490372,0.25,-0.015127248130738735,0.0,3.671334343380295e-05,-0.35,-0.3500000238418579,3.136822003158239,3.137151002883911,0.0003061960160266608,-1.4127152780929464e-07,-0.0008120544953271747
9.284263610839844,-23.2979679107666,62.1379280090332,-0.39990234375,-0.8074902296066284,-0.03195800632238388,-0.5172558426856995,-2.999965861406437,8.719764709472656,0.014311897006856152,-0.10687372833490372,0.25,-0.015127248130738735,0.0,3.671334343380295e-05,-0.35,-0.3500000238418579,3.136822003158239,3.137151002883911,0.0003061960160266608,-1.4127152780929464e-07,-0.0008120544953271747
9.28909420967102,-23.2979679107666,62.1379280090332,-0.39990234375,-0.8074902296066284,-0.03195800632238388,-0.5172558426856995,-2.999965861406437,8.719764709472656,0.014311897006856152,-0.10687372833490372,0.25,-0.015127248130738735,0.0,3.6691904824692756e-05,-0.35,-0.3500000238418579,3.136822003158239,3.1371443271636963,0.0002973568916786462,-1.6089180121525715e-07,-0.0008113231742754579
9.293697357177734,-23.2979679107666,62.202030181884766,-0.39990234375,-0.8082812428474426,-0.03195800632238388,-0.5168359279632568,-2.999965780141747,8.686864852905273,0.014328921052100114,-0.10701021552085876,0.25,0.07524926215410233,0.0,3.6691904824692756e-05,-0.35,-0.3500000238418579,3.136816328411838,3.1371443271636963,0.0002973568916786462,-1.6089180121525715e-07,-0.0008113231742754579
9.298133134841919,-23.2979679107666,62.202030181884766,-0.39990234375,-0.8082812428474426,-0.03195800632238388,-0.5168359279632568,-2.999965780141747,8.686864852905273,0.014328921052100114,-0.10701021552085876,0.25,0.07524926215410233,0.0,3.663885945570655e-05,-0.35,-0.3500000238418579,3.136816328411838,3.137139320373535,0.000304891902487725,7.8392076829914e-08,-0.0008113766671158373
9.302951335906982,-23.2979679107666,62.25499725341797,-0.39990234375,-0.8089355230331421,-0.03195800632238388,-0.5166797041893005,-2.9999657128997876,8.70499038696289,0.014342992214622862,-0.10692618787288666,0.25,0.025752024725079536,0.0,3.663885945570655e-05,-0.35,-0.3500000238418579,3.136811637970776,3.137139320373535,0.000304891902487725,7.8392076829914e-08,-0.0008113766671158373
9.307590007781982,-23.2979679107666,62.25499725341797,-0.39990234375,-0.8089355230331421,-0.03195800632238388,-0.5166797041893005,-2.9999657128997876,8.70499038696289,0.014342992214622862,-0.10692618787288666,0.25,0.025752024725079536,0.0,3.657516208477318e-05,-0.35,-0.3500000238418579,3.136811637970776,3.137134313583374,0.00030793066252954304,1.4067245501792058e-07,-0.0008144579478539526
9.312399864196777,-23.2979679107666,62.453125,-0.39990234375,-0.8113671541213989,-0.03195800632238388,-0.516162097454071,-2.9999654641754017,8.687965393066406,0.014394921148377055,-0.10698110610246658,0.25,0.07307357341051102,0.0,3.657516208477318e-05,-0.35,-0.3500000238418579,3.1367943281276394,3.137134313583374,0.00030793066252954304,1.4067245501792058e-07,-0.0008144579478539526
9.316858768463135,-23.2979679107666,62.453125,-0.39990234375,-0.8113671541213989,-0.03195800632238388,-0.516162097454071,-2.9999654641754017,8.687965393066406,0.014394921148377055,-0.10698110610246658,0.25,0.07307357341051102,0.0,3.651598672149703e-05,-0.35,-0.3500000238418579,3.1367943281276394,3.1371195316314697,0.00029887506389059126,3.1418812795891427e-07,-0.0008282209164462984
9.321645259857178,-23.2979679107666,62.51753616333008,-0.39990234375,-0.8121581673622131,-0.03195800632238388,-0.5150927901268005,-2.9999653832871958,8.65466022491455,0.014411768750170788,-0.10712039470672607,0.25,0.1645650863647461,0.0,3.6602177715394646e-05,-0.35,-0.3500000238418579,3.136788712195649,3.137112617492676,0.0002879914827644825,3.6157263139102724e-07,-0.000825929397251457
9.326686382293701,-23.2979679107666,62.51753616333008,-0.39990234375,-0.8121581673622131,-0.03195800632238388,-0.5150927901268005,-2.9999653832871958,8.65466022491455,0.014411768750170788,-0.10712039470672607,0.25,0.1645650863647461,0.0,3.6602177715394646e-05,-0.35,-0.3500000238418579,3.136788712195649,3.137112617492676,0.0002879914827644825,3.6157263139102724e-07,-0.000825929397251457
9.331449270248413,-23.2979679107666,62.569881439208984,-0.39990234375,-0.8128125071525574,-0.03195800632238388,-0.5136279463768005,-2.9999653156386974,8.626691818237305,0.014425843642987936,-0.10723768919706345,0.25,0.2413942664861679,0.0,3.670981095638126e-05,-0.35,-0.3500000238418579,3.13678402051052,3.1371073722839355,0.0002839611261151731,3.893416078426526e-07,-0.0008265148499049246
9.336216688156128,-23.2979679107666,62.569881439208984,-0.39990234375,-0.8128125071525574,-0.03195800632238388,-0.5136279463768005,-2.9999653156386974,8.626691818237305,0.014425843642987936,-0.10723768919706345,0.25,0.2413942664861679,0.0,3.670981095638126e-05,-0.35,-0.3500000238418579,3.13678402051052,3.1371073722839355,0.0002839611261151731,3.893416078426526e-07,-0.0008265148499049246
9.340858936309814,-23.2979679107666,62.569881439208984,-0.39990234375,-0.8128125071525574,-0.03195800632238388,-0.5136279463768005,-2.9999653156386974,8.626691818237305,0.014425843642987936,-0.10723768919706345,0.25,0.2413942664861679,0.0,3.6739427741849795e-05,-0.35,-0.3500000238418579,3.13678402051052,3.1371026039123535,0.00030417932430282235,3.647136281870189e-08,-0.0008272793493233621
9.346020936965942,-23.2979679107666,62.7228889465332,-0.39990234375,-0.8147070407867432,-0.03195800632238388,-0.5104638338088989,-2.9999651210431617,8.65701961517334,0.014466254680762099,-0.10708948224782944,0.25,0.15879559516906738,0.0,3.6739427741849795e-05,-0.35,-0.3500000238418579,3.13677055000842,3.1371026039123535,0.00030417932430282235,3.647136281870189e-08,-0.0008272793493233621
9.350523948669434,-23.2979679107666,62.7228889465332,-0.39990234375,-0.8147070407867432,-0.03195800632238388,-0.5104638338088989,-2.9999651210431617,8.65701961517334,0.014466254680762099,-0.10708948224782944,0.25,0.15879559516906738,0.0,3.6680070479633287e-05,-0.35,-0.3500000238418579,3.13677055000842,3.137089252471924,0.00030954513931646943,3.023842509719543e-08,-0.0008324292139150202
9.355201005935669,-23.2979679107666,62.7822265625,-0.39990234375,-0.8154394626617432,-0.03195800632238388,-0.5094335675239563,-2.9999650460034935,8.660475730895996,0.01448180780352883,-0.10706843435764313,0.25,0.1495307832956314,0.0,3.6680070479633287e-05,-0.35,-0.3500000238418579,3.1367653655738237,3.137089252471924,0.00030954513931646943,3.023842509719543e-08,-0.0008324292139150202
9.360047101974487,-23.2979679107666,62.7822265625,-0.39990234375,-0.8154394626617432,-0.03195800632238388,-0.5094335675239563,-2.9999650460034935,8.660475730895996,0.01448180780352883,-0.10706843435764313,0.25,0.1495307832956314,0.0,3.6658442695625126e-05,-0.35,-0.3500000238418579,3.1367653655738237,3.1370856761932373,0.0003100303583778441,2.7795579171652207e-08,-0.0008342872024513781
9.364834308624268,-23.2979679107666,62.83359146118164,-0.39990234375,-0.8160741925239563,-0.03195800632238388,-0.5082910060882568,-2.9999649809440374,8.644969940185547,0.014495278867355871,-0.10713165998458862,0.25,0.19219790399074554,0.0,3.667195051093586e-05,-0.35,-0.3500000238418579,3.1367608751668468,3.137080430984497,0.00030082324519753456,6.899495019752067e-08,-0.000830360222607851
9.369623184204102,-23.2979679107666,62.83359146118164,-0.39990234375,-0.8160741925239563,-0.03195800632238388,-0.5082910060882568,-2.9999649809440374,8.644969940185547,0.014495278867355871,-0.10713165998458862,0.25,0.19219790399074554,0.0,3.667195051093586e-05,-0.35,-0.3500000238418579,3.1367608751668468,3.137080430984497,0.00030082324519753456,6.899495019752067e-08,-0.000830360222607851
9.374331951141357,-23.2979679107666,62.83359146118164,-0.39990234375,-0.8160741925239563,-0.03195800632238388,-0.5082910060882568,-2.9999649809440374,8.644969940185547,0.014495278867355871,-0.10713165998458862,0.25,0.19219790399074554,0.0,3.667195051093586e-05,-0.35,-0.3500000238418579,3.1367608751668468,3.137080430984497,0.00030082324519753456,6.899495019752067e-08,-0.000830360222607851
9.379075765609741,-23.2979679107666,62.9807014465332,-0.39990234375,-0.8178905844688416,-0.03195800632238388,-0.5044189095497131,-2.9999647949581343,8.652166366577148,0.01453371981978692,-0.10708490759134293,0.25,0.17294982075691223,0.0,3.676817868836224e-05,-0.35,-0.3500000238418579,3.1367480613660637,3.137066125869751,0.0002998380805365741,4.932257979817223e-08,-0.0008045655558817089
9.383524179458618,-23.2979679107666,62.9807014465332,-0.39990234375,-0.8178905844688416,-0.03195800632238388,-0.5044189095497131,-2.9999647949581343,8.652166366577148,0.01453371981978692,-0.10708490759134293,0.25,0.17294982075691223,0.0,3.676817868836224e-05,-0.35,-0.3500000238418579,3.1367480613660637,3.137066125869751,0.0002998380805365741,4.932257979817223e-08,-0.0008045655558817089
9.388367891311646,-23.2979679107666,63.043006896972656,-0.39990234375,-0.8186621069908142,-0.03195800632238388,-0.5036572217941284,-2.999964715855411,8.682818412780762,0.014550038576004365,-0.10694285482168198,0.25,0.08911630511283875,0.0,3.6627770896302536e-05,-0.35,-0.3500000238418579,3.1367426217167518,3.137059450149536,0.0003137078892905265,-1.816457597669796e-07,-0.0007964062388055027
9.393072605133057,-23.2979679107666,63.043006896972656,-0.39990234375,-0.8186621069908142,-0.03195800632238388,-0.5036572217941284,-2.999964715855411,8.682818412780762,0.014550038576004365,-0.10694285482168198,0.25,0.08911630511283875,0.0,3.6627770896302536e-05,-0.35,-0.3500000238418579,3.1367426217167518,3.137059450149536,0.0003137078892905265,-1.816457597669796e-07,-0.0007964062388055027
9.397812604904175,-23.2979679107666,63.14875030517578,-0.39990234375,-0.81996089220047,-0.03195800632238388,-0.5032079815864563,-2.9999645834542346,8.707318305969238,0.0145773118324839,-0.1068236231803894,0.25,0.02229893207550049,0.0,3.63352955901064e-05,-0.35,-0.3500000238418579,3.136733530524133,3.137049913406372,0.00030807306757196784,-2.1345073264456005e-07,-0.0007790042436681688
9.402667760848999,-23.2979679107666,63.14875030517578,-0.39990234375,-0.81996089220047,-0.03195800632238388,-0.5032079815864563,-2.9999645834542346,8.707318305969238,0.0145773118324839,-0.1068236231803894,0.25,0.02229893207550049,0.0,3.63352955901064e-05,-0.35,-0.3500000238418579,3.136733530524133,3.137049913406372,0.00030807306757196784,-2.1345073264456005e-07,-0.0007790042436681688
9.407729387283325,-23.2979679107666,63.201560974121094,-0.39990234375,-0.820605456829071,-0.03195800632238388,-0.5029052495956421,-2.9999645180465873,8.674581527709961,0.014590766309820744,-0.10695889592170715,0.25,0.11232857406139374,0.0,3.63352955901064e-05,-0.35,-0.3500000238418579,3.136729045645359,3.137049913406372,0.00030807306757196784,-2.1345073264456005e-07,-0.0007790042436681688
9.412508726119995,-23.2979679107666,63.201560974121094,-0.39990234375,-0.820605456829071,-0.03195800632238388,-0.5029052495956421,-2.9999645180465873,8.674581527709961,0.014590766309820744,-0.10695889592170715,0.25,0.11232857406139374,0.0,3.6221528716851026e-05,-0.35,-0.3500000238418579,3.136729045645359,3.137032985687256,0.0002710463013499975,-3.662950120997266e-07,-0.000746818957850337
9.417243957519531,-23.2979679107666,63.324920654296875,-0.39990234375,-0.8221386671066284,-0.03195800632238388,-0.5006250143051147,-2.9999643606824766,8.63705825805664,0.014623085685996861,-0.10711859166622162,0.25,0.2153928577899933,0.0,3.6221528716851026e-05,-0.35,-0.3500000238418579,3.1367182723922657,3.137032985687256,0.0002710463013499975,-3.662950120997266e-07,-0.000746818957850337
9.421979665756226,-23.2979679107666,63.324920654296875,-0.39990234375,-0.8221386671066284,-0.03195800632238388,-0.5006250143051147,-2.9999643606824766,8.63705825805664,0.014623085685996861,-0.10711859166622162,0.25,0.2153928577899933,0.0,3.6208457458997145e-05,-0.35,-0.3500000238418579,3.1367182723922657,3.1370298862457275,0.0002752106520347297,-3.3490874784547486e-07,-0.0007453425205312669
9.426714420318604,-23.2979679107666,63.324920654296875,-0.39990234375,-0.8221386671066284,-0.03195800632238388,-0.5006250143051147,-2.9999643606824766,8.63705825805664,0.014623085685996861,-0.10711859166622162,0.25,0.2153928577899933,0.0,3.6208457458997145e-05,-0.35,-0.3500000238418579,3.1367182723922657,3.1370298862457275,0.0002752106520347297,-3.3490874784547486e-07,-0.0007453425205312669
9.431565046310425,-23.2979679107666,63.41124725341797,-0.39990234375,-0.8232128620147705,-0.03195800632238388,-0.4986962676048279,-2.999964250406731,8.645666122436523,0.01464569157050801,-0.10707157105207443,0.25,0.19208519160747528,0.0,3.61528764187824e-05,-0.35,-0.3500000238418579,3.1367107370077716,3.1370251178741455,0.00028243885026313365,-8.546243179807789e-08,-0.0007475250167772174
9.43617558479309,-23.2979679107666,63.41124725341797,-0.39990234375,-0.8232128620147705,-0.03195800632238388,-0.4986962676048279,-2.999964250406731,8.645666122436523,0.01464569157050801,-0.10707157105207443,0.25,0.19208519160747528,0.0,3.61528764187824e-05,-0.35,-0.3500000238418579,3.1367107370077716,3.1370251178741455,0.00028243885026313365,-8.546243179807789e-08,-0.0007475250167772174
9.440847158432007,-23.2979679107666,63.46413803100586,-0.39990234375,-0.82386714220047,-0.03195800632238388,-0.4974413812160492,-2.999964183519359,8.621298789978027,0.014659386106625826,-0.10717008262872696,0.25,0.259193480014801,0.0,3.602795914048329e-05,-0.35,-0.3500000238418579,3.1367061721079503,3.1370112895965576,0.00027269666315987706,7.791948064550525e-08,-0.0007499211933463812
9.445744514465332,-23.2979679107666,63.46413803100586,-0.39990234375,-0.82386714220047,-0.03195800632238388,-0.4974413812160492,-2.999964183519359,8.621298789978027,0.014659386106625826,-0.10717008262872696,0.25,0.259193480014801,0.0,3.602795914048329e-05,-0.35,-0.3500000238418579,3.1367061721079503,3.1370112895965576,0.00027269666315987706,7.791948064550525e-08,-0.0007499211933463812
9.450169324874878,-23.2979679107666,63.61832046508789,-0.39990234375,-0.8258007764816284,-0.03195800632238388,-0.49137693643569946,-2.9999639841907317,8.558798789978027,0.014700121035922314,-0.10743968933820724,0.23047967235187342,0.43081024289131165,0.0,3.603978984756395e-05,-0.35,-0.3500000238418579,3.136692593635623,3.1370091438293457,0.0002678136806935072,1.0316051657355274e-07,-0.0007470191922038794
9.454745054244995,-23.2979679107666,63.61832046508789,-0.39990234375,-0.8258007764816284,-0.03195800632238388,-0.49137693643569946,-2.9999639841907317,8.558798789978027,0.014700121035922314,-0.10743968933820724,0.25,0.43081024289131165,0.0,3.603978984756395e-05,-0.35,-0.3500000238418579,3.136692593635623,3.1370091438293457,0.0002678136806935072,1.0316051657355274e-07,-0.0007470191922038794
9.459162950515747,-23.2979679107666,63.72370910644531,-0.39990234375,-0.8271191120147705,-0.03195800632238388,-0.4869628846645355,-2.9999639841907317,8.598663330078125,0.014700121035922314,-0.10724981874227524,0.25,0.3218673765659332,0.0,3.604183439165354e-05,-0.35,-0.3500000238418579,3.136692593635623,3.1370012760162354,0.00027469193446449935,1.0500627922738204e-08,-0.0007409492391161621
9.463833808898926,-23.2979679107666,63.72370910644531,-0.39990234375,-0.8271191120147705,-0.03195800632238388,-0.4869628846645355,-2.999963848602303,8.598663330078125,0.014727765589457814,-0.10724981874227524,0.25,0.3218673765659332,0.0,3.58676552423276e-05,-0.35,-0.3500000238418579,3.136683378673608,3.136996269226074,0.00029807299142703414,4.5603280796058243e-07,-0.0007396051660180092
9.46912407875061,-23.2979679107666,63.72370910644531,-0.39990234375,-0.8271191120147705,-0.03195800632238388,-0.4869628846645355,-2.999963848602303,8.598663330078125,0.014727765589457814,-0.10724981874227524,0.25,0.3218673765659332,0.0,3.58676552423276e-05,-0.35,-0.3500000238418579,3.136683378673608,3.136996269226074,0.00029807299142703414,4.5603280796058243e-07,-0.0007396051660180092
9.473944664001465,-23.2979679107666,63.72370910644531,-0.39990234375,-0.8271191120147705,-0.03195800632238388,-0.4869628846645355,-2.999963848602303,8.598663330078125,0.014727765589457814,-0.10724981874227524,0.25,0.3218673765659332,0.0,3.565523729776032e-05,-0.35,-0.3500000238418579,3.136683378673608,3.136991500854492,0.00030607814551331103,5.488457190949703e-07,-0.0007343057077378035
9.478705644607544,-23.2979679107666,63.72370910644531,-0.39990234375,-0.8271191120147705,-0.03195800632238388,-0.4869628846645355,-2.999963848602303,8.598663330078125,0.014727765589457814,-0.10724981874227524,0.25,0.3218673765659332,0.0,3.565523729776032e-05,-0.35,-0.3500000238418579,3.136683378673608,3.136991500854492,0.00030607814551331103,5.488457190949703e-07,-0.0007343057077378035
9.483593702316284,-23.2979679107666,63.90831756591797,-0.39990234375,-0.8294140696525574,-0.03195800632238388,-0.48167967796325684,-2.9999636137054435,8.638768196105957,0.014775535299139022,-0.10705026239156723,0.25,0.21249890327453613,0.0,3.5108216252410784e-05,-0.35,-0.3500000238418579,3.13666745524454,3.136979579925537,0.0003048169310204685,3.488396487227874e-07,-0.0007473725127056241
9.488131046295166,-23.2979679107666,63.90831756591797,-0.39990234375,-0.8294140696525574,-0.03195800632238388,-0.48167967796325684,-2.9999636137054435,8.638768196105957,0.014775535299139022,-0.10705026239156723,0.25,0.21249890327453613,0.0,3.5108216252410784e-05,-0.35,-0.3500000238418579,3.13666745524454,3.136979579925537,0.0003048169310204685,3.488396487227874e-07,-0.0007473725127056241
9.492857456207275,-23.2979679107666,63.90831756591797,-0.39990234375,-0.8294140696525574,-0.03195800632238388,-0.48167967796325684,-2.9999636137054435,8.638768196105957,0.014775535299139022,-0.10705026239156723,0.25,0.21249890327453613,0.0,3.5108216252410784e-05,-0.35,-0.3500000238418579,3.13666745524454,3.136979579925537,0.0003048169310204685,3.488396487227874e-07,-0.0007473725127056241
9.49758768081665,-23.2979679107666,63.985389709472656,-0.39990234375,-0.830371081829071,-0.03195800632238388,-0.47987303137779236,-2.999963515896238,8.642762184143066,0.014795380748181835,-0.10702432692050934,0.25,0.2017848938703537,0.0,3.489921073196456e-05,-0.35,-0.3500000238418579,3.1366608400145166,3.136972665786743,0.00029947387520223856,1.8464118056726875e-07,-0.000763464835472405
9.502226829528809,-23.2979679107666,63.985389709472656,-0.39990234375,-0.830371081829071,-0.03195800632238388,-0.47987303137779236,-2.999963515896238,8.642762184143066,0.014795380748181835,-0.10702432692050934,0.25,0.2017848938703537,0.0,3.489921073196456e-05,-0.35,-0.3500000238418579,3.1366608400145166,3.136972665786743,0.00029947387520223856,1.8464118056726875e-07,-0.000763464835472405
9.50683045387268,-23.2979679107666,64.03784942626953,-0.39990234375,-0.8310253620147705,-0.03195800632238388,-0.47855955362319946,-2.9999634488566826,8.618474006652832,0.014808967685776336,-0.10712386667728424,0.25,0.2686508893966675,0.0,3.483006003079936e-05,-0.35,-0.3500000238418579,3.1366563109801886,3.136967182159424,0.0002832553582265973,1.8541811641625827e-08,-0.0007812250405550003
9.511641502380371,-23.2979679107666,64.03784942626953,-0.39990234375,-0.8310253620147705,-0.03195800632238388,-0.47855955362319946,-2.9999634488566826,8.618474006652832,0.014808967685776336,-0.10712386667728424,0.25,0.2686508893966675,0.0,3.498838123050518e-05,-0.35,-0.3500000238418579,3.1366563109801886,3.136955499649048,0.0002643995685502887,3.131111725451774e-08,-0.0007795480778440833
9.5162935256958,-23.2979679107666,64.1919937133789,-0.39990234375,-0.8329394459724426,-0.03195800632238388,-0.4723535180091858,-2.999963253410037,8.559235572814941,0.014848507987824087,-0.10738179087638855,0.21891132529860102,0.4313134551048279,0.0,3.498838123050518e-05,-0.35,-0.3500000238418579,3.1366431307184923,3.136955499649048,0.0002643995685502887,3.131111725451774e-08,-0.0007795480778440833
9.521049737930298,-23.2979679107666,64.1919937133789,-0.39990234375,-0.8329394459724426,-0.03195800632238388,-0.4723535180091858,-2.999963253410037,8.559235572814941,0.014848507987824087,-0.10738179087638855,0.25,0.4313134551048279,0.0,3.508268855512142e-05,-0.35,-0.3500000238418579,3.1366431307184923,3.1369526386260986,0.0002608386566862464,1.6980038708425127e-08,-0.000780312402639538
9.525419235229492,-23.2979679107666,64.24378967285156,-0.39990234375,-0.8335839509963989,-0.03195800632238388,-0.469970703125,-2.9999631875476993,8.572684288024902,0.014861808727257902,-0.1073153167963028,0.25,0.39460960030555725,0.0,3.508268855512142e-05,-0.35,-0.3500000238418579,3.1366386970843254,3.1369526386260986,0.0002608386566862464,1.6980038708425127e-08,-0.000780312402639538
9.530238389968872,-23.2979679107666,64.24378967285156,-0.39990234375,-0.8335839509963989,-0.03195800632238388,-0.469970703125,-2.9999631875476993,8.572684288024902,0.014861808727257902,-0.1073153167963028,0.25,0.39460960030555725,0.0,3.511143950163387e-05,-0.35,-0.3500000238418579,3.1366386970843254,3.136942148208618,0.0002925901208072901,-1.3451966651700786e-07,-0.0007780784508213401
9.534722805023193,-23.2979679107666,64.24378967285156,-0.39990234375,-0.8335839509963989,-0.03195800632238388,-0.469970703125,-2.9999631875476993,8.572684288024902,0.014861808727257902,-0.1073153167963028,0.25,0.39460960030555725,0.0,3.511143950163387e-05,-0.35,-0.3500000238418579,3.1366386970843254,3.136942148208618,0.0002925901208072901,-1.3451966651700786e-07,-0.0007780784508213401
9.539585590362549,-23.2979679107666,64.29663848876953,-0.39990234375,-0.8342382907867432,-0.03195800632238388,-0.46803221106529236,-2.999963120920824,8.601520538330078,0.0148752517621601,-0.10717853903770447,0.25,0.3157130479812622,0.0,3.511143950163387e-05,-0.35,-0.3500000238418579,3.1366342160176552,3.136942148208618,0.0002925901208072901,-1.3451966651700786e-07,-0.0007780784508213401
9.544294357299805,-23.2979679107666,64.29663848876953,-0.39990234375,-0.8342382907867432,-0.03195800632238388,-0.46803221106529236,-2.999963120920824,8.601520538330078,0.0148752517621601,-0.10717853903770447,0.25,0.3157130479812622,0.0,3.479207225609571e-05,-0.35,-0.3500000238418579,3.1366342160176552,3.136927604675293,0.00029962402186356485,-1.8674978718991042e-07,-0.0007675294182263315
9.549048900604248,-23.2979679107666,64.46894073486328,-0.39990234375,-0.8363769054412842,-0.03195800632238388,-0.4632910192012787,-2.9999629029414914,8.643796920776367,0.014919147926679772,-0.10696782916784286,0.24534722466476463,0.2003229260444641,0.0,3.479207225609571e-05,-0.35,-0.3500000238418579,3.1366195837824096,3.136927604675293,0.00029962402186356485,-1.8674978718991042e-07,-0.0007675294182263315
9.553537368774414,-23.2979679107666,64.46894073486328,-0.39990234375,-0.8363769054412842,-0.03195800632238388,-0.4632910192012787,-2.9999629029414914,8.643796920776367,0.014919147926679772,-0.10696782916784286,0.25,0.2003229260444641,0.0,3.468716749921441e-05,-0.35,-0.3500000238418579,3.1366195837824096,3.136922597885132,0.0002939326805062592,-2.1291717189342307e-07,-0.0007654527435079217
9.558221817016602,-23.2979679107666,64.50550842285156,-0.39990234375,-0.8368261456489563,-0.03195800632238388,-0.4624267518520355,-2.999962857495915,8.642545700073242,0.014928283389059077,-0.10696975141763687,0.25,0.20385362207889557,0.0,3.468716749921441e-05,-0.35,-0.3500000238418579,3.136616538590604,3.136922597885132,0.0002939326805062592,-2.1291717189342307e-07,-0.0007654527435079217
9.562830924987793,-23.2979679107666,64.50550842285156,-0.39990234375,-0.8368261456489563,-0.03195800632238388,-0.4624267518520355,-2.999962857495915,8.642545700073242,0.014928283389059077,-0.10696975141763687,0.25,0.20385362207889557,0.0,3.462898530415259e-05,-0.35,-0.3500000238418579,3.136616538590604,3.13691782951355,0.0002882207918446511,-1.8623461528477492e-07,-0.0007635312504135072
9.567644834518433,-23.2979679107666,64.5582046508789,-0.39990234375,-0.8374804258346558,-0.03195800632238388,-0.4610937535762787,-2.9999627908506814,8.637234687805176,0.014941670301249273,-0.1069885790348053,0.25,0.21855728328227997,0.0,3.462898530415259e-05,-0.35,-0.3500000238418579,3.1366120762312435,3.13691782951355,0.0002882207918446511,-1.8623461528477492e-07,-0.0007635312504135072
9.572563409805298,-23.2979679107666,64.5582046508789,-0.39990234375,-0.8374804258346558,-0.03195800632238388,-0.4610937535762787,-2.9999627908506814,8.637234687805176,0.014941670301249273,-0.1069885790348053,0.25,0.21855728328227997,0.0,3.464515975792892e-05,-0.35,-0.3500000238418579,3.1366120762312435,3.1369030475616455,0.0002771437866613269,-1.1746877248697274e-07,-0.0007727822521701455
9.577321529388428,-23.2979679107666,64.72976684570312,-0.39990234375,-0.8396191000938416,-0.03195800632238388,-0.45460936427116394,-2.999962572561045,8.575543403625488,0.01498543402495692,-0.10725359618663788,0.20184058327739854,0.38811078667640686,0.0,3.464515975792892e-05,-0.35,-0.3500000238418579,3.1365974881418737,3.1369030475616455,0.0002771437866613269,-1.1746877248697274e-07,-0.0007727822521701455
9.58190393447876,-23.2979679107666,64.72976684570312,-0.39990234375,-0.8396191000938416,-0.03195800632238388,-0.45460936427116394,-2.999962572561045,8.575543403625488,0.01498543402495692,-0.10725359618663788,0.25,0.38811078667640686,0.0,3.4660155506571755e-05,-0.35,-0.3500000238418579,3.1365974881418737,3.1369011402130127,0.0002767043770290911,-4.521126584222657e-08,-0.0007748277857899666
9.586609601974487,-23.2979679107666,64.72976684570312,-0.39990234375,-0.8396191000938416,-0.03195800632238388,-0.45460936427116394,-2.999962572561045,8.575543403625488,0.01498543402495692,-0.10725359618663788,0.25,0.38811078667640686,0.0,3.4660155506571755e-05,-0.35,-0.3500000238418579,3.1365974881418737,3.1369011402130127,0.0002767043770290911,-4.521126584222657e-08,-0.0007748277857899666
9.591657161712646,-23.2979679107666,64.81863403320312,-0.39990234375,-0.8407323956489563,-0.03195800632238388,-0.4504736363887787,-2.9999624586391582,8.578299522399902,0.015008222935987726,-0.10723156481981277,0.25,0.38080695271492004,0.0,3.466052294243127e-05,-0.35,-0.3500000238418579,3.1365898917432813,3.1368930339813232,0.00029011876904405653,1.109665390686132e-07,-0.0007803657790645957
9.596068143844604,-23.2979679107666,64.81863403320312,-0.39990234375,-0.8407323956489563,-0.03195800632238388,-0.4504736363887787,-2.9999624586391582,8.578299522399902,0.015008222935987726,-0.10723156481981277,0.25,0.38080695271492004,0.0,3.462626409600489e-05,-0.35,-0.3500000238418579,3.1365898917432813,3.136887550354004,0.0002889093884732574,9.702404213385307e-08,-0.0007761460146866739
9.600736141204834,-23.2979679107666,64.87113189697266,-0.39990234375,-0.8413866758346558,-0.03195800632238388,-0.4482421875,-2.999962391945296,8.584038734436035,0.015021548317665799,-0.10719966888427734,0.25,0.3652275800704956,0.0,3.462626409600489e-05,-0.35,-0.3500000238418579,3.136585449893755,3.136887550354004,0.0002889093884732574,9.702404213385307e-08,-0.0007761460146866739
9.605371713638306,-23.2979679107666,64.87113189697266,-0.39990234375,-0.8413866758346558,-0.03195800632238388,-0.4482421875,-2.999962391945296,8.584038734436035,0.015021548317665799,-0.10719966888427734,0.25,0.3652275800704956,0.0,3.459589424892329e-05,-0.35,-0.3500000238418579,3.136585449893755,3.1368751525878906,0.00027327684802003205,4.152735755269532e-07,-0.0007598644588142633
9.610199213027954,-23.2979679107666,64.87113189697266,-0.39990234375,-0.8413866758346558,-0.03195800632238388,-0.4482421875,-2.999962391945296,8.584038734436035,0.015021548317665799,-0.10719966888427734,0.25,0.3652275800704956,0.0,3.459589424892329e-05,-0.35,-0.3500000238418579,3.136585449893755,3.1368751525878906,0.00027327684802003205,4.152735755269532e-07,-0.0007598644588142633
9.61478853225708,-23.2979679107666,65.0033187866211,-0.39990234375,-0.8430370688438416,-0.03195800632238388,-0.442451149225235,-2.9999622236007824,8.566763877868652,0.015055130960924049,-0.10726568847894669,0.20220938782220296,0.4129500985145569,0.0,3.459589424892329e-05,-0.35,-0.3500000238418579,3.136574255538689,3.1368751525878906,0.00027327684802003205,4.152735755269532e-07,-0.0007598644588142633
9.619155406951904,-23.2979679107666,65.0033187866211,-0.39990234375,-0.8430370688438416,-0.03195800632238388,-0.442451149225235,-2.9999622236007824,8.566763877868652,0.015055130960924049,-0.10726568847894669,0.25,0.4129500985145569,0.0,3.461745654931292e-05,-0.35,-0.3500000238418579,3.136574255538689,3.1368730068206787,0.00026737834559753537,4.849295009989874e-07,-0.0007545195403508842
9.623735904693604,-23.2979679107666,65.07785034179688,-0.39990234375,-0.8439648151397705,-0.03195800632238388,-0.4382617175579071,-2.9999621292171317,8.536206245422363,0.015073926595720658,-0.10739920288324356,0.23358060171796263,0.49691030383110046,0.0,3.46766973962076e-05,-0.35,-0.3500000238418579,3.136567990248098,3.1368634700775146,0.0002704546204768121,2.2693200207868358e-07,-0.0007379467133432627
9.628528833389282,-23.2979679107666,65.07785034179688,-0.39990234375,-0.8439648151397705,-0.03195800632238388,-0.4382617175579071,-2.9999621292171317,8.536206245422363,0.015073926595720658,-0.10739920288324356,0.25,0.49691030383110046,0.0,3.46766973962076e-05,-0.35,-0.3500000238418579,3.136567990248098,3.1368634700775146,0.0002704546204768121,2.2693200207868358e-07,-0.0007379467133432627
9.63324522972107,-23.2979679107666,65.1294937133789,-0.39990234375,-0.8446093797683716,-0.03195800632238388,-0.43549802899360657,-2.999962063548461,8.550747871398926,0.015086990092723442,-0.10732642561197281,0.25,0.45719629526138306,0.0,3.46766973962076e-05,-0.35,-0.3500000238418579,3.1365636356940794,3.1368634700775146,0.0002704546204768121,2.2693200207868358e-07,-0.0007379467133432627
9.637969255447388,-23.2979679107666,65.1294937133789,-0.39990234375,-0.8446093797683716,-0.03195800632238388,-0.43549802899360657,-2.999962063548461,8.550747871398926,0.015086990092723442,-0.10732642561197281,0.25,0.45719629526138306,0.0,3.46766973962076e-05,-0.35,-0.3500000238418579,3.1365636356940794,3.1368634700775146,0.0002704546204768121,2.2693200207868358e-07,-0.0007379467133432627
9.6426842212677,-23.2979679107666,65.1294937133789,-0.39990234375,-0.8446093797683716,-0.03195800632238388,-0.43549802899360657,-2.999962063548461,8.550747871398926,0.015086990092723442,-0.10732642561197281,0.25,0.45719629526138306,0.0,3.4710839827312157e-05,-0.35,-0.3500000238418579,3.1365636356940794,3.1368508338928223,0.0002436688810121268,2.38696884480305e-07,-0.0006935306009836495
9.64779281616211,-23.2979679107666,65.28620910644531,-0.39990234375,-0.84657222032547,-0.03195800632238388,-0.426826149225235,-2.9999618632221123,8.527626991271973,0.015126771397517091,-0.10741741210222244,0.14614373259828778,0.5210069417953491,0.0,3.4710839827312157e-05,-0.35,-0.3500000238418579,3.136550375091019,3.1368508338928223,0.0002436688810121268,2.38696884480305e-07,-0.0006935306009836495
9.652857542037964,-23.2979679107666,65.28620910644531,-0.39990234375,-0.84657222032547,-0.03195800632238388,-0.426826149225235,-2.9999618632221123,8.527626991271973,0.015126771397517091,-0.10741741210222244,0.25,0.5210069417953491,0.0,3.477441714494489e-05,-0.35,-0.3500000238418579,3.136550375091019,3.136845350265503,0.00024219286569859833,1.7323480960840243e-07,-0.0006838220288045704
9.657615423202515,-23.2979679107666,65.38933563232422,-0.39990234375,-0.8478710651397705,-0.03195800632238388,-0.41978025436401367,-2.9999617302672212,8.499702453613281,0.015153116250434768,-0.10753646492958069,0.16216887780792805,0.5978376269340515,0.0,3.477441714494489e-05,-0.35,-0.3500000238418579,3.1365415933615495,3.136845350265503,0.00024219286569859833,1.7323480960840243e-07,-0.0006838220288045704
9.662516355514526,-23.2979679107666,65.38933563232422,-0.39990234375,-0.8478710651397705,-0.03195800632238388,-0.41978025436401367,-2.9999617302672212,8.499702453613281,0.015153116250434768,-0.10753646492958069,0.25,0.5978376269340515,0.0,3.4652348404051736e-05,-0.35,-0.3500000238418579,3.1365415933615495,3.136836290359497,0.0002696359297260642,-1.888400902316789e-08,-0.0006814493099227548
9.667171955108643,-23.2979679107666,65.4398422241211,-0.39990234375,-0.8485058546066284,-0.03195800632238388,-0.4164746105670929,-2.999961665406977,8.51444149017334,0.015165951621875812,-0.10746245831251144,0.2366096730101473,0.5575761198997498,0.0,3.4652348404051736e-05,-0.35,-0.3500000238418579,3.136537314849777,3.136836290359497,0.0002696359297260642,-1.888400902316789e-08,-0.0006814493099227548
9.671739339828491,-23.2979679107666,65.4398422241211,-0.39990234375,-0.8485058546066284,-0.03195800632238388,-0.4164746105670929,-2.999961665406977,8.51444149017334,0.015165951621875812,-0.10746245831251144,0.25,0.5575761198997498,0.0,3.433607707847841e-05,-0.35,-0.3500000238418579,3.136537314849777,3.136831760406494,0.00031111229327507317,3.130077175228507e-07,-0.0006824767915531993
9.676366329193115,-23.2979679107666,65.57796478271484,-0.39990234375,-0.8502246141433716,-0.03195800632238388,-0.40938475728034973,-2.999961491074167,8.570136070251465,0.0152003971020192,-0.10718769580125809,0.14871318414350468,0.40525057911872864,0.0,3.433607707847841e-05,-0.35,-0.3500000238418579,3.13652583287601,3.136831760406494,0.00031111229327507317,3.130077175228507e-07,-0.0006824767915531993
9.681257724761963,-23.2979679107666,65.57796478271484,-0.39990234375,-0.8502246141433716,-0.03195800632238388,-0.40938475728034973,-2.999961491074167,8.570136070251465,0.0152003971020192,-0.10718769580125809,0.25,0.40525057911872864,0.0,3.370620834175497e-05,-0.35,-0.3500000238418579,3.13652583287601,3.1368248462677,0.0003114660794381052,1.2892508038930828e-07,-0.0006748161977156997
9.68578290939331,-23.2979679107666,65.64878845214844,-0.39990234375,-0.8511132597923279,-0.03195800632238388,-0.40605467557907104,-2.9999614004854678,8.569992065429688,0.015218265251649649,-0.10718080401420593,0.225687372286277,0.40582752227783203,0.0,3.370620834175497e-05,-0.35,-0.3500000238418579,3.1365198767495888,3.1368248462677,0.0003114660794381052,1.2892508038930828e-07,-0.0006748161977156997
9.690544605255127,-23.2979679107666,65.64878845214844,-0.39990234375,-0.8511132597923279,-0.03195800632238388,-0.40605467557907104,-2.9999614004854678,8.569992065429688,0.015218265251649649,-0.10718080401420593,0.25,0.40582752227783203,0.0,3.320987889310345e-05,-0.35,-0.3500000238418579,3.1365198767495888,3.1368186473846436,0.00030040080309845507,-3.380228008609265e-08,-0.0006631854921579361
9.695401668548584,-23.2979679107666,65.64878845214844,-0.39990234375,-0.8511132597923279,-0.03195800632238388,-0.40605467557907104,-2.9999614004854678,8.569992065429688,0.015218265251649649,-0.10718080401420593,0.25,0.40582752227783203,0.0,3.320987889310345e-05,-0.35,-0.3500000238418579,3.1365198767495888,3.1368186473846436,0.00030040080309845507,-3.380228008609265e-08,-0.0006631854921579361
9.700180053710938,-23.2979679107666,65.69972229003906,-0.39990234375,-0.8517480492591858,-0.03195800632238388,-0.4033300578594208,-2.999961336095407,8.551218032836914,0.015230953110691711,-0.1072632372379303,0.24007800746054458,0.4574109613895416,0.0,3.29278118442744e-05,-0.35,-0.3500000238418579,3.136515647408779,3.136814594268799,0.0002842983230948448,-1.2854440001319745e-07,-0.0006490823579952121
9.705101490020752,-23.2979679107666,65.69972229003906,-0.39990234375,-0.8517480492591858,-0.03195800632238388,-0.4033300578594208,-2.999961336095407,8.551218032836914,0.015230953110691711,-0.1072632372379303,0.25,0.4574109613895416,0.0,3.223654130124487e-05,-0.35,-0.3500000238418579,3.136515647408779,3.136802911758423,0.00027437860262580216,-2.756598576070246e-07,-0.0006565091316588223
9.70966386795044,-23.2979679107666,65.84468841552734,-0.39990234375,-0.8535546660423279,-0.03195800632238388,-0.3966161906719208,-2.9999611529577725,8.581470489501953,0.015266982159971541,-0.10710562765598297,0.14456935684417802,0.3748699426651001,0.0,3.223654130124487e-05,-0.35,-0.3500000238418579,3.136503637570537,3.136802911758423,0.00027437860262580216,-2.756598576070246e-07,-0.0006565091316588223
9.71430492401123,-23.2979679107666,65.84468841552734,-0.39990234375,-0.8535546660423279,-0.03195800632238388,-0.3966161906719208,-2.9999611529577725,8.581470489501953,0.015266982159971541,-0.10710562765598297,0.25,0.3748699426651001,0.0,3.215226752217859e-05,-0.35,-0.3500000238418579,3.136503637570537,3.136801242828369,0.00027490471256896853,-2.614439722492534e-07,-0.0006612526485696435
9.719123363494873,-23.2979679107666,65.9076156616211,-0.39990234375,-0.8543456792831421,-0.03195800632238388,-0.39409178495407104,-2.999961072348259,8.594857215881348,0.015282813716265609,-0.1070358157157898,0.2373164984125244,0.3383348882198334,0.0,3.215226752217859e-05,-0.35,-0.3500000238418579,3.1364983603166996,3.136801242828369,0.00027490471256896853,-2.614439722492534e-07,-0.0006612526485696435
9.724251985549927,-23.2979679107666,65.9076156616211,-0.39990234375,-0.8543456792831421,-0.03195800632238388,-0.39409178495407104,-2.999961072348259,8.594857215881348,0.015282813716265609,-0.1070358157157898,0.25,0.3383348882198334,0.0,3.18572529067751e-05,-0.35,-0.3500000238418579,3.1364983603166996,3.1367931365966797,0.0002788119891192764,1.1588940651563462e-07,-0.0006911667296662927
9.729068994522095,-23.2979679107666,65.9076156616211,-0.39990234375,-0.8543456792831421,-0.03195800632238388,-0.39409178495407104,-2.999961072348259,8.594857215881348,0.015282813716265609,-0.1070358157157898,0.25,0.3383348882198334,0.0,3.18572529067751e-05,-0.35,-0.3500000238418579,3.1364983603166996,3.1367931365966797,0.0002788119891192764,1.1588940651563462e-07,-0.0006911667296662927
9.734076738357544,-23.2979679107666,66.01332092285156,-0.39990234375,-0.8556542992591858,-0.03195800632238388,-0.39084959030151367,-2.999960940458088,8.62712574005127,0.015308681387546251,-0.10687225311994553,0.2223696469204967,0.250142902135849,0.0,3.1750183552503586e-05,-0.35,-0.3500000238418579,3.13648973764753,3.1367886066436768,0.0002729142433963716,1.7490026493760524e-07,-0.0006997889722697437
9.739153385162354,-23.2979679107666,66.01332092285156,-0.39990234375,-0.8556542992591858,-0.03195800632238388,-0.39084959030151367,-2.999960940458088,8.62712574005127,0.015308681387546251,-0.10687225311994553,0.25,0.250142902135849,0.0,3.171988282701932e-05,-0.35,-0.3500000238418579,3.13648973764753,3.136784076690674,0.00024628223036415875,4.1918042370525654e-08,-0.0006977228913456202
9.744025707244873,-23.2979679107666,66.16323852539062,-0.39990234375,-0.8575195074081421,-0.03195800632238388,-0.3850634694099426,-2.9999607519715927,8.569931030273438,0.01534557363009251,-0.10712596774101257,0.16372947714454295,0.4072425067424774,0.0,3.171988282701932e-05,-0.35,-0.3500000238418579,3.136477440072849,3.136784076690674,0.00024628223036415875,4.1918042370525654e-08,-0.0006977228913456202
9.748878717422485,-23.2979679107666,66.16323852539062,-0.39990234375,-0.8575195074081421,-0.03195800632238388,-0.3850634694099426,-2.9999607519715927,8.569931030273438,0.01534557363009251,-0.10712596774101257,0.25,0.4072425067424774,0.0,3.1896292057354e-05,-0.35,-0.3500000238418579,3.136477440072849,3.136775493621826,0.00022269510373007506,6.291733711805136e-08,-0.000685804639942944
9.753443479537964,-23.2979679107666,66.2201156616211,-0.39990234375,-0.8582323789596558,-0.03195800632238388,-0.3817675709724426,-2.999960679611062,8.527521133422852,0.015359713133289224,-0.10732035338878632,0.20764458058247257,0.5236092805862427,0.0,3.1896292057354e-05,-0.35,-0.3500000238418579,3.1364727268433983,3.136775493621826,0.00022269510373007506,6.291733711805136e-08,-0.000685804639942944
9.758080959320068,-23.2979679107666,66.2201156616211,-0.39990234375,-0.8582323789596558,-0.03195800632238388,-0.3817675709724426,-2.999960679611062,8.527521133422852,0.015359713133289224,-0.10732035338878632,0.25,0.5236092805862427,0.0,3.2417039619758725e-05,-0.35,-0.3500000238418579,3.1364727268433983,3.1367664337158203,0.00019233892089687288,-3.643745571935142e-08,-0.0006622304790653288
9.76297664642334,-23.2979679107666,66.2201156616211,-0.39990234375,-0.8582323789596558,-0.03195800632238388,-0.3817675709724426,-2.999960679611062,8.527521133422852,0.015359713133289224,-0.10732035338878632,0.25,0.5236092805862427,0.0,3.2417039619758725e-05,-0.35,-0.3500000238418579,3.1364727268433983,3.1367664337158203,0.00019233892089687288,-3.643745571935142e-08,-0.0006622304790653288
9.76771354675293,-23.2979679107666,66.27152252197266,-0.39990234375,-0.85888671875,-0.03195800632238388,-0.3778369128704071,-2.999960612510381,8.481900215148926,0.015372813221391795,-0.10753068327903748,0.19372358527465777,0.6487680673599243,0.0,3.2417039619758725e-05,-0.35,-0.3500000238418579,3.136468360090081,3.1367664337158203,0.00019233892089687288,-3.643745571935142e-08,-0.0006622304790653288
9.77238130569458,-23.2979679107666,66.27152252197266,-0.39990234375,-0.85888671875,-0.03195800632238388,-0.3778369128704071,-2.999960612510381,8.481900215148926,0.015372813221391795,-0.10753068327903748,0.25,0.6487680673599243,0.0,3.2417039619758725e-05,-0.35,-0.3500000238418579,3.136468360090081,3.1367664337158203,0.00019233892089687288,-3.643745571935142e-08,-0.0006622304790653288
9.776960849761963,-23.2979679107666,66.41351318359375,-0.39990234375,-0.8606737852096558,-0.03195800632238388,-0.3676123023033142,-2.99996043075893,8.500367164611816,0.015408240674889984,-0.10742773115634918,0.04525643865896334,0.5985267162322998,0.0,3.2899624784477055e-05,-0.35,-0.3500000238418579,3.136456550783511,3.1367547512054443,0.00022728957992512733,-2.0392093347254558e-07,-0.0006600336055271327
9.781378746032715,-23.2979679107666,66.41351318359375,-0.39990234375,-0.8606737852096558,-0.03195800632238388,-0.3676123023033142,-2.99996043075893,8.500367164611816,0.015408240674889984,-0.10742773115634918,0.25,0.5985267162322998,0.0,3.2899624784477055e-05,-0.35,-0.3500000238418579,3.136456550783511,3.1367547512054443,0.00022728957992512733,-2.0392093347254558e-07,-0.0006600336055271327
9.786044359207153,-23.2979679107666,66.4783935546875,-0.39990234375,-0.8614941239356995,-0.03195800632238388,-0.3629394471645355,-2.9999603471158154,8.49356746673584,0.01542451726164671,-0.10745298862457275,0.16462993268291953,0.6173306703567505,0.0,3.2958490919554606e-05,-0.35,-0.3500000238418579,3.1364511251829543,3.136749744415283,0.00023589996271766722,-3.043027163585066e-08,-0.0006656079785898328
9.790430545806885,-23.2979679107666,66.4783935546875,-0.39990234375,-0.8614941239356995,-0.03195800632238388,-0.3629394471645355,-2.9999603471158154,8.49356746673584,0.01542451726164671,-0.10745298862457275,0.25,0.6173306703567505,0.0,3.2958490919554606e-05,-0.35,-0.3500000238418579,3.1364511251829543,3.136749744415283,0.00023589996271766722,-3.043027163585066e-08,-0.0006656079785898328
9.795415878295898,-23.2979679107666,66.57976531982422,-0.39990234375,-0.8627734184265137,-0.03195800632238388,-0.3562548756599426,-2.9999602169126867,8.517415046691895,0.015449820102011453,-0.10732849687337875,0.12535272741648412,0.552210807800293,0.0,3.287849176558666e-05,-0.35,-0.3500000238418579,3.136442690791167,3.1367452144622803,0.00025840976741164923,-2.673766630323371e-08,-0.0006709042354486883
9.799930334091187,-23.2979679107666,66.57976531982422,-0.39990234375,-0.8627734184265137,-0.03195800632238388,-0.3562548756599426,-2.9999602169126867,8.517415046691895,0.015449820102011453,-0.10732849687337875,0.25,0.552210807800293,0.0,3.287849176558666e-05,-0.35,-0.3500000238418579,3.136442690791167,3.1367452144622803,0.00025840976741164923,-2.673766630323371e-08,-0.0006709042354486883
9.804713487625122,-23.2979679107666,66.57976531982422,-0.39990234375,-0.8627734184265137,-0.03195800632238388,-0.3562548756599426,-2.9999602169126867,8.517415046691895,0.015449820102011453,-0.10732849687337875,0.25,0.552210807800293,0.0,3.2762061891844496e-05,-0.35,-0.3500000238418579,3.136442690791167,3.1367409229278564,0.0002640846942085773,4.8580830025457544e-08,-0.0006701660458929837
9.80951738357544,-23.2979679107666,66.6326904296875,-0.39990234375,-0.8634374737739563,-0.03195800632238388,-0.352729469537735,-2.9999601496291266,8.494586944580078,0.015462879330434588,-0.10742620378732681,0.18323077422506762,0.6150240898132324,0.0,3.2762061891844496e-05,-0.35,-0.3500000238418579,3.13643833765725,3.1367409229278564,0.0002640846942085773,4.8580830025457544e-08,-0.0006701660458929837
9.814300298690796,-23.2979679107666,66.6326904296875,-0.39990234375,-0.8634374737739563,-0.03195800632238388,-0.352729469537735,-2.9999601496291266,8.494586944580078,0.015462879330434588,-0.10742620378732681,0.25,0.6150240898132324,0.0,3.257536081946455e-05,-0.35,-0.3500000238418579,3.13643833765725,3.1367290019989014,0.00023728043015580624,2.503566634004528e-07,-0.0006426196778193116
9.81886601448059,-23.2979679107666,66.7523422241211,-0.39990234375,-0.8649511337280273,-0.03195800632238388,-0.3433496057987213,-2.999959995468951,8.456862449645996,0.015492759145254872,-0.1075984388589859,0.04367202631736236,0.7185865640640259,0.0,3.2546420698054135e-05,-0.35,-0.3500000238418579,3.136428377586417,3.1367244720458984,0.00023846389376558363,9.940168865796295e-08,-0.0006367516471073031
9.823614120483398,-23.2979679107666,66.7523422241211,-0.39990234375,-0.8649511337280273,-0.03195800632238388,-0.3433496057987213,-2.999959995468951,8.456862449645996,0.015492759145254872,-0.1075984388589859,0.24911327958106996,0.7185865640640259,0.0,3.2546420698054135e-05,-0.35,-0.3500000238418579,3.136428377586417,3.1367244720458984,0.00023846389376558363,9.940168865796295e-08,-0.0006367516471073031
9.828227758407593,-23.2979679107666,66.83695220947266,-0.39990234375,-0.8660253882408142,-0.03195800632238388,-0.3361913859844208,-2.999959885854934,8.455121040344238,0.015513969874047386,-0.10759752243757248,0.08823322328934222,0.7235758900642395,0.0,3.2525167625863105e-05,-0.35,-0.3500000238418579,3.136421307249075,3.1367201805114746,0.00023297115694731474,1.4920942703611217e-08,-0.0006285015842877328
9.832608699798584,-23.2979679107666,66.83695220947266,-0.39990234375,-0.8660253882408142,-0.03195800632238388,-0.3361913859844208,-2.999959885854934,8.455121040344238,0.015513969874047386,-0.10759752243757248,0.24338670372962953,0.7235758900642395,0.0,3.2525167625863105e-05,-0.35,-0.3500000238418579,3.136421307249075,3.1367201805114746,0.00023297115694731474,1.4920942703611217e-08,-0.0006285015842877328
9.837384462356567,-23.2979679107666,66.83695220947266,-0.39990234375,-0.8660253882408142,-0.03195800632238388,-0.3361913859844208,-2.999959885854934,8.455121040344238,0.015513969874047386,-0.10759752243757248,0.24338670372962953,0.7235758900642395,0.0,3.239888610551134e-05,-0.35,-0.3500000238418579,3.136421307249075,3.13671612739563,0.0002678796590771526,-1.6099306776595768e-07,-0.0006283263792283833
9.842189073562622,-23.2979679107666,66.97453308105469,-0.39990234375,-0.8677636384963989,-0.03195800632238388,-0.32646483182907104,-2.999959709208672,8.53349494934082,0.015548090706654642,-0.10720659047365189,0.033163395101657805,0.509037435054779,0.0,3.239888610551134e-05,-0.35,-0.3500000238418579,3.1364099334857882,3.13671612739563,0.0002678796590771526,-1.6099306776595768e-07,-0.0006283263792283833
9.846769571304321,-23.2979679107666,66.97453308105469,-0.39990234375,-0.8677636384963989,-0.03195800632238388,-0.32646483182907104,-2.999959709208672,8.53349494934082,0.015548090706654642,-0.10720659047365189,0.23560546040534974,0.509037435054779,0.0,3.1743304134579375e-05,-0.35,-0.3500000238418579,3.1364099334857882,3.136707305908203,0.0002962452417705208,-2.0140646483923774e-07,-0.0006346474401652813
9.851208686828613,-23.2979679107666,67.04386901855469,-0.39990234375,-0.8686327934265137,-0.03195800632238388,-0.3230615258216858,-2.9999596214247095,8.574758529663086,0.015565019155653607,-0.1070006713271141,0.1562165069899566,0.3960617780685425,0.0,3.1743304134579375e-05,-0.35,-0.3500000238418579,3.136404290593587,3.136707305908203,0.0002962452417705208,-2.0140646483923774e-07,-0.0006346474401652813
9.856078863143921,-23.2979679107666,67.04386901855469,-0.39990234375,-0.8686327934265137,-0.03195800632238388,-0.3230615258216858,-2.9999596214247095,8.574758529663086,0.015565019155653607,-0.1070006713271141,0.23288281559944154,0.3960617780685425,0.0,3.136736631859094e-05,-0.35,-0.3500000238418579,3.136404290593587,3.136704206466675,0.000304853223497048,-4.378892981549143e-07,-0.0006440695142373443
9.860723733901978,-23.2979679107666,67.14859008789062,-0.39990234375,-0.8699316382408142,-0.03195800632238388,-0.3192724585533142,-2.99995949130742,8.61277961730957,0.015590077438006743,-0.10680612176656723,0.14827626150756534,0.29205557703971863,0.0,3.070161983487196e-05,-0.35,-0.3500000238418579,3.136395937720196,3.136695146560669,0.00029349542455747724,-4.163988762684312e-07,-0.0006728774169459939
9.865410566329956,-23.2979679107666,67.14859008789062,-0.39990234375,-0.8699316382408142,-0.03195800632238388,-0.3192724585533142,-2.99995949130742,8.61277961730957,0.015590077438006743,-0.10680612176656723,0.22985156178474428,0.29205557703971863,0.0,3.070161983487196e-05,-0.35,-0.3500000238418579,3.136395937720196,3.136695146560669,0.00029349542455747724,-4.163988762684312e-07,-0.0006728774169459939
9.86994457244873,-23.2979679107666,67.19984436035156,-0.39990234375,-0.8705663681030273,-0.03195800632238388,-0.3174072206020355,-2.99995949130742,8.583908081054688,0.015590077438006743,-0.1069340705871582,0.22985156178474428,0.37136679887771606,0.0,3.0512814191752113e-05,-0.35,-0.3500000238418579,3.136395937720196,3.136690855026245,0.0002618419530335814,-4.135876565669605e-07,-0.0006736263749189675
9.875134229660034,-23.2979679107666,67.19984436035156,-0.39990234375,-0.8705663681030273,-0.03195800632238388,-0.3174072206020355,-2.999959427824489,8.583908081054688,0.015602288516827819,-0.1069340705871582,0.19241792336013883,0.37136679887771606,0.0,3.0512814191752113e-05,-0.35,-0.3500000238418579,3.1363918673055835,3.136690855026245,0.0002618419530335814,-4.135876565669605e-07,-0.0006736263749189675
9.879685878753662,-23.2979679107666,67.19984436035156,-0.39990234375,-0.8705663681030273,-0.03195800632238388,-0.3174072206020355,-2.999959427824489,8.583908081054688,0.015602288516827819,-0.1069340705871582,0.2283593714237213,0.37136679887771606,0.0,3.0433127903961577e-05,-0.35,-0.3500000238418579,3.1363918673055835,3.136681318283081,0.00023936553043313324,-3.494957923066977e-07,-0.0006664806860499084
9.88407015800476,-23.2979679107666,67.31526947021484,-0.39990234375,-0.8720117211341858,-0.03195800632238388,-0.3116162121295929,-2.999959282193238,8.539287567138672,0.015630264957197965,-0.10714152455329895,0.09164080685578407,0.4937879145145416,0.0,3.0433127903961577e-05,-0.35,-0.3500000238418579,3.136382541699114,3.136681318283081,0.00023936553043313324,-3.494957923066977e-07,-0.0006664806860499084
9.888850688934326,-23.2979679107666,67.31526947021484,-0.39990234375,-0.8720117211341858,-0.03195800632238388,-0.3116162121295929,-2.999959282193238,8.539287567138672,0.015630264957197965,-0.10714152455329895,0.22372656464576723,0.4937879145145416,0.0,3.0458904802799225e-05,-0.35,-0.3500000238418579,3.136382541699114,3.1366779804229736,0.0002377290220465511,-2.5811846171563957e-07,-0.0006661436054855585
9.893653869628906,-23.2979679107666,67.31526947021484,-0.39990234375,-0.8720117211341858,-0.03195800632238388,-0.3116162121295929,-2.999959282193238,8.539287567138672,0.015630264957197965,-0.10714152455329895,0.22372656464576723,0.4937879145145416,0.0,3.0458904802799225e-05,-0.35,-0.3500000238418579,3.136382541699114,3.1366779804229736,0.0002377290220465511,-2.5811846171563957e-07,-0.0006661436054855585
9.897950887680054,-23.2979679107666,67.40855407714844,-0.39990234375,-0.87318354845047,-0.03195800632238388,-0.3063623011112213,-2.99995916393585,8.539349555969238,0.015652945962904213,-0.10713071376085281,0.09725466814533505,0.49381718039512634,0.0,3.0543178581865504e-05,-0.35,-0.3500000238418579,3.1363749812611146,3.1366734504699707,0.0002274086873512715,-1.884832556697802e-07,-0.0006604241207242012
9.902440547943115,-23.2979679107666,67.40855407714844,-0.39990234375,-0.87318354845047,-0.03195800632238388,-0.3063623011112213,-2.99995916393585,8.539349555969238,0.015652945962904213,-0.10713071376085281,0.21952343583106995,0.49381718039512634,0.0,3.0543178581865504e-05,-0.35,-0.3500000238418579,3.1363749812611146,3.1366734504699707,0.0002274086873512715,-1.884832556697802e-07,-0.0006604241207242012
9.907126903533936,-23.2979679107666,67.53968811035156,-0.39990234375,-0.8748242259025574,-0.03195800632238388,-0.30025389790534973,-2.999958998959512,8.587542533874512,0.015684532566924324,-0.10688255727291107,0.08429228917194856,0.3619883358478546,0.0,3.054119588341564e-05,-0.35,-0.3500000238418579,3.1363644522494973,3.1366631984710693,0.00025039343745447695,1.7287231912632706e-07,-0.0006698560318909585
9.912124156951904,-23.2979679107666,67.53968811035156,-0.39990234375,-0.8748242259025574,-0.03195800632238388,-0.30025389790534973,-2.999958998959512,8.587542533874512,0.015684532566924324,-0.10688255727291107,0.21463671326637268,0.3619883358478546,0.0,3.054119588341564e-05,-0.35,-0.3500000238418579,3.1363644522494973,3.1366631984710693,0.00025039343745447695,1.7287231912632706e-07,-0.0006698560318909585
9.91683578491211,-23.2979679107666,67.61624908447266,-0.39990234375,-0.8757714629173279,-0.03195800632238388,-0.29752928018569946,-2.999958904546682,8.611790657043457,0.01570258039531399,-0.10675632208585739,0.1546294965726887,0.295678973197937,0.0,3.051318708457984e-05,-0.35,-0.3500000238418579,3.136358436224385,3.1366610527038574,0.0002563482557889074,3.2892057788558304e-07,-0.000674353213980794
9.922059535980225,-23.2979679107666,67.61624908447266,-0.39990234375,-0.8757714629173279,-0.03195800632238388,-0.29752928018569946,-2.999958904546682,8.611790657043457,0.01570258039531399,-0.10675632208585739,0.21245701909065248,0.295678973197937,0.0,3.0390558094950393e-05,-0.35,-0.3500000238418579,3.136358436224385,3.1366519927978516,0.0002610271330922842,9.363009212393081e-08,-0.0006875046528875828
9.926938772201538,-23.2979679107666,67.66937255859375,-0.39990234375,-0.8764257431030273,-0.03195800632238388,-0.29594725370407104,-2.9999588395809202,8.626075744628906,0.015714987123733863,-0.1066809892654419,0.17876774777097398,0.25663357973098755,0.0,3.0390558094950393e-05,-0.35,-0.3500000238418579,3.1363543005915484,3.1366519927978516,0.0002610271330922842,9.363009212393081e-08,-0.0006875046528875828
9.931660175323486,-23.2979679107666,67.66937255859375,-0.39990234375,-0.8764257431030273,-0.03195800632238388,-0.29594725370407104,-2.9999588395809202,8.626075744628906,0.015714987123733863,-0.1066809892654419,0.21119139790534974,0.25663357973098755,0.0,3.0360753953573294e-05,-0.35,-0.3500000238418579,3.1363543005915484,3.1366472244262695,0.00026140845147892833,4.622864935299731e-08,-0.0007025133236311376
9.936230897903442,-23.2979679107666,67.72093963623047,-0.39990234375,-0.8770605325698853,-0.03195800632238388,-0.2943701148033142,-2.9999588395809202,8.623366355895996,0.015714987123733863,-0.10668831318616867,0.21119139790534974,0.264157772064209,0.0,3.0360753953573294e-05,-0.35,-0.3500000238418579,3.1363543005915484,3.1366472244262695,0.00026140845147892833,4.622864935299731e-08,-0.0007025133236311376
9.94141697883606,-23.2979679107666,67.72093963623047,-0.39990234375,-0.8770605325698853,-0.03195800632238388,-0.2943701148033142,-2.999958776597654,8.623366355895996,0.01572700590409171,-0.10668831318616867,0.17951869009478472,0.264157772064209,0.0,3.0398181479540654e-05,-0.35,-0.3500000238418579,3.13635029427642,3.1366426944732666,0.0002413721231278032,-8.601571721555956e-08,-0.0007098508649505675
9.945935726165771,-23.2979679107666,67.72093963623047,-0.39990234375,-0.8770605325698853,-0.03195800632238388,-0.2943701148033142,-2.999958776597654,8.623366355895996,0.01572700590409171,-0.10668831318616867,0.20992968678474427,0.264157772064209,0.0,3.0398181479540654e-05,-0.35,-0.3500000238418579,3.13635029427642,3.1366426944732666,0.0002413721231278032,-8.601571721555956e-08,-0.0007098508649505675
9.950436353683472,-23.2979679107666,67.89070129394531,-0.39990234375,-0.8791698813438416,-0.03195800632238388,-0.2859179675579071,-2.9999585660312853,8.519251823425293,0.01576712071099213,-0.10717589408159256,0.015368662954620832,0.5498125553131104,0.0,3.074995402130298e-05,-0.35,-0.3500000238418579,3.136336922489907,3.1366326808929443,0.00022467317467089742,-1.9671296058731969e-07,-0.0007047483813948929
9.95504641532898,-23.2979679107666,67.89070129394531,-0.39990234375,-0.8791698813438416,-0.03195800632238388,-0.2859179675579071,-2.9999585660312853,8.519251823425293,0.01576712071099213,-0.10717589408159256,0.2031679689884186,0.5498125553131104,0.0,3.074995402130298e-05,-0.35,-0.3500000238418579,3.136336922489907,3.1366326808929443,0.00022467317467089742,-1.9671296058731969e-07,-0.0007047483813948929
9.959413290023804,-23.2979679107666,67.97886657714844,-0.39990234375,-0.8802831768989563,-0.03195800632238388,-0.2801611125469208,-2.9999584536917485,8.51107120513916,0.015788480718921673,-0.10720587521791458,0.06673239107266293,0.5724210739135742,0.0,3.088218727498315e-05,-0.35,-0.3500000238418579,3.1363298023887927,3.136629104614258,0.0002268837415613234,-2.852651164175768e-07,-0.0007032837602309883
9.963905334472656,-23.2979679107666,67.97886657714844,-0.39990234375,-0.8802831768989563,-0.03195800632238388,-0.2801611125469208,-2.9999584536917485,8.51107120513916,0.015788480718921673,-0.10720587521791458,0.19856248497962953,0.5724210739135742,0.0,3.088218727498315e-05,-0.35,-0.3500000238418579,3.1363298023887927,3.136629104614258,0.0002268837415613234,-2.852651164175768e-07,-0.0007032837602309883
9.969122409820557,-23.2979679107666,68.03125,-0.39990234375,-0.8809374570846558,-0.03195800632238388,-0.2769775390625,-2.999958388219026,8.530684471130371,0.015800916248797457,-0.10710413008928299,0.13499343900627808,0.5187711119651794,0.0,3.107941665803082e-05,-0.35,-0.3500000238418579,3.136325657154716,3.136624574661255,0.00022088110563345253,-1.3516749675090978e-07,-0.0006965080392546952
9.974111557006836,-23.2979679107666,68.03125,-0.39990234375,-0.8809374570846558,-0.03195800632238388,-0.2769775390625,-2.999958388219026,8.530684471130371,0.015800916248797457,-0.10710413008928299,0.1960156261920929,0.5187711119651794,0.0,3.138062311336398e-05,-0.35,-0.3500000238418579,3.136325657154716,3.1366117000579834,0.00022780442668590695,-4.2496776586631313e-07,-0.0006714146584272385
9.978621244430542,-23.2979679107666,68.03125,-0.39990234375,-0.8809374570846558,-0.03195800632238388,-0.2769775390625,-2.999958388219026,8.530684471130371,0.015800916248797457,-0.10710413008928299,0.1960156261920929,0.5187711119651794,0.0,3.138062311336398e-05,-0.35,-0.3500000238418579,3.136325657154716,3.1366117000579834,0.00022780442668590695,-4.2496776586631313e-07,-0.0006714146584272385
9.983400583267212,-23.2979679107666,68.15632629394531,-0.39990234375,-0.8825097680091858,-0.03195800632238388,-0.26948729157447815,-2.9999582302398733,8.525529861450195,0.015830881720441628,-0.10711528360843658,0.03330201245788614,0.5331529378890991,0.0,3.1494513677898794e-05,-0.35,-0.3500000238418579,3.1363156685253566,3.1366071701049805,0.00022474635625258088,-3.514313959840365e-07,-0.000659957411698997
9.988155603408813,-23.2979679107666,68.15632629394531,-0.39990234375,-0.8825097680091858,-0.03195800632238388,-0.26948729157447815,-2.9999582302398733,8.525529861450195,0.015830881720441628,-0.10711528360843658,0.19002342820167542,0.5331529378890991,0.0,3.1494513677898794e-05,-0.35,-0.3500000238418579,3.1363156685253566,3.1366071701049805,0.00022474635625258088,-3.514313959840365e-07,-0.000659957411698997
9.993001222610474,-23.2979679107666,68.23796844482422,-0.39990234375,-0.8835351467132568,-0.03195800632238388,-0.2640429735183716,-2.9999581273536675,8.505882263183594,0.01585036670481145,-0.10720234364271164,0.07331250731317669,0.5871670246124268,0.0,3.161175482091494e-05,-0.35,-0.3500000238418579,3.1363091734400226,3.1366028785705566,0.00021713698515668511,-2.398133176484407e-07,-0.0006480087758973241
9.998170614242554,-23.2979679107666,68.23796844482422,-0.39990234375,-0.8835351467132568,-0.03195800632238388,-0.2640429735183716,-2.9999581273536675,8.505882263183594,0.01585036670481145,-0.10720234364271164,0.18566797375679017,0.5871670246124268,0.0,3.161175482091494e-05,-0.35,-0.3500000238418579,3.1363091734400226,3.1366028785705566,0.00021713698515668511,-2.398133176484407e-07,-0.0006480087758973241
10.002760410308838,-23.2979679107666,68.29007720947266,-0.39990234375,-0.8841894268989563,-0.03195800632238388,-0.2607470750808716,-2.9999580617460793,8.523609161376953,0.015862779223913506,-0.10710950940847397,0.1112219983447986,0.5386831760406494,0.0,3.1630959711037576e-05,-0.35,-0.3500000238418579,3.1363050358758597,3.13659930229187,0.00023097121447790414,1.0581175047263969e-08,-0.0006414214731194079
10.007530689239502,-23.2979679107666,68.29007720947266,-0.39990234375,-0.8841894268989563,-0.03195800632238388,-0.2607470750808716,-2.9999580617460793,8.523609161376953,0.015862779223913506,-0.10710950940847397,0.18303125500679018,0.5386831760406494,0.0,3.1630959711037576e-05,-0.35,-0.3500000238418579,3.1363050358758597,3.13659930229187,0.00023097121447790414,1.0581175047263969e-08,-0.0006414214731194079
10.012550592422485,-23.2979679107666,68.29007720947266,-0.39990234375,-0.8841894268989563,-0.03195800632238388,-0.2607470750808716,-2.9999580617460793,8.523609161376953,0.015862779223913506,-0.10710950940847397,0.18303125500679018,0.5386831760406494,0.0,3.165971429552883e-05,-0.35,-0.3500000238418579,3.1363050358758597,3.1365880966186523,0.0002163180470233783,2.5311248919024365e-07,-0.0006066167261451483
10.01717734336853,-23.2979679107666,68.45648193359375,-0.39990234375,-0.8862695097923279,-0.03195800632238388,-0.24995116889476776,-2.9999578540028655,8.507682800292969,0.01590201894483329,-0.10716909170150757,-0.05894213128394593,0.5826724767684937,0.0,3.165971429552883e-05,-0.35,-0.3500000238418579,3.1362919557855817,3.1365880966186523,0.0002163180470233783,2.5311248919024365e-07,-0.0006066167261451483
10.021627187728882,-23.2979679107666,68.45648193359375,-0.39990234375,-0.8862695097923279,-0.03195800632238388,-0.24995116889476776,-2.9999578540028655,8.507682800292969,0.01590201894483329,-0.10716909170150757,0.17439453005790712,0.5826724767684937,0.0,3.168815601384267e-05,-0.35,-0.3500000238418579,3.1362919557855817,3.1365833282470703,0.00021164696954656392,2.440034450046369e-07,-0.0005917947855778039
10.026430606842041,-23.2979679107666,68.54711151123047,-0.39990234375,-0.8874120712280273,-0.03195800632238388,-0.24336425960063934,-2.9999577392825545,8.492391586303711,0.015923646526599028,-0.10723415017127991,0.031995405163925655,0.6247693300247192,0.0,3.16593395837117e-05,-0.35,-0.3500000238418579,3.136284746490241,3.1365792751312256,0.00022079696645960212,3.572879450075561e-07,-0.0005916271475143731
10.03133773803711,-23.2979679107666,68.54711151123047,-0.39990234375,-0.8874120712280273,-0.03195800632238388,-0.24336425960063934,-2.9999577392825545,8.492391586303711,0.015923646526599028,-0.10723415017127991,0.16912500262260438,0.6247693300247192,0.0,3.16593395837117e-05,-0.35,-0.3500000238418579,3.136284746490241,3.1365792751312256,0.00022079696645960212,3.572879450075561e-07,-0.0005916271475143731
10.036095380783081,-23.2979679107666,68.59906005859375,-0.39990234375,-0.8880664110183716,-0.03195800632238388,-0.23988281190395355,-2.999957673656403,8.520356178283691,0.01593600546138779,-0.10708530247211456,0.09316394869978342,0.5483079552650452,0.0,3.1485280487686396e-05,-0.35,-0.3500000238418579,3.1362806267872325,3.136575222015381,0.0002543808368500322,1.5223099580907729e-07,-0.000597773992922157
10.040886163711548,-23.2979679107666,68.59906005859375,-0.39990234375,-0.8880664110183716,-0.03195800632238388,-0.23988281190395355,-2.999957673656403,8.520356178283691,0.01593600546138779,-0.10708530247211456,0.16633984446525574,0.5483079552650452,0.0,3.1485280487686396e-05,-0.35,-0.3500000238418579,3.1362806267872325,3.136575222015381,0.0002543808368500322,1.5223099580907729e-07,-0.000597773992922157
10.045661687850952,-23.2979679107666,68.59906005859375,-0.39990234375,-0.8880664110183716,-0.03195800632238388,-0.23988281190395355,-2.999957673656403,8.520356178283691,0.01593600546138779,-0.10708530247211456,0.16633984446525574,0.5483079552650452,0.0,3.1100978958420455e-05,-0.35,-0.3500000238418579,3.1362806267872325,3.136568784713745,0.0002528911572881043,1.1113093023595866e-07,-0.0005930385086685419
10.050360679626465,-23.2979679107666,68.70624542236328,-0.39990234375,-0.8894140720367432,-0.03195800632238388,-0.23299315571784973,-2.9999575387466617,8.51970100402832,0.015961382053901303,-0.10708149522542953,0.014208237736475171,0.5502277612686157,0.0,3.1100978958420455e-05,-0.35,-0.3500000238418579,3.1362721678035252,3.136568784713745,0.0002528911572881043,1.1113093023595866e-07,-0.0005930385086685419
10.055181503295898,-23.2979679107666,68.70624542236328,-0.39990234375,-0.8894140720367432,-0.03195800632238388,-0.23299315571784973,-2.9999575387466617,8.51970100402832,0.015961382053901303,-0.10708149522542953,0.1608281195163727,0.5502277612686157,0.0,3.0636307201348245e-05,-0.35,-0.3500000238418579,3.1362721678035252,3.1365599632263184,0.0002494024229235947,8.629120884506847e-08,-0.000600101484451443
10.059584140777588,-23.2979679107666,68.80464935302734,-0.39990234375,-0.8906542658805847,-0.03195800632238388,-0.22633300721645355,-2.999957414467031,8.5020112991333,0.01598472346603251,-0.10715779662132263,0.0042236685371987714,0.5989074110984802,0.0,3.0636307201348245e-05,-0.35,-0.3500000238418579,3.1362643872225293,3.1365599632263184,0.0002494024229235947,8.629120884506847e-08,-0.000600101484451443
10.064347982406616,-23.2979679107666,68.80464935302734,-0.39990234375,-0.8906542658805847,-0.03195800632238388,-0.22633300721645355,-2.999957414467031,8.5020112991333,0.01598472346603251,-0.10715779662132263,0.15550000071525574,0.5989074110984802,0.0,3.0389010134967975e-05,-0.35,-0.3500000238418579,3.1362643872225293,3.1365561485290527,0.0002613611286506057,1.4951660887163598e-07,-0.000606295361649245
10.069146633148193,-23.2979679107666,68.80464935302734,-0.39990234375,-0.8906542658805847,-0.03195800632238388,-0.22633300721645355,-2.999957414467031,8.5020112991333,0.01598472346603251,-0.10715779662132263,0.15550000071525574,0.5989074110984802,0.0,3.0389010134967975e-05,-0.35,-0.3500000238418579,3.1362643872225293,3.1365561485290527,0.0002613611286506057,1.4951660887163598e-07,-0.000606295361649245
10.073742151260376,-23.2979679107666,68.8572998046875,-0.39990234375,-0.8913183212280273,-0.03195800632238388,-0.2229345589876175,-2.9999573479202772,8.519936561584473,0.015997207854385333,-0.10706301778554916,0.07882988026448264,0.549873411655426,0.0,3.0159369998727925e-05,-0.35,-0.3500000238418579,3.1362602257006253,3.136552095413208,0.0002615328412503004,5.095662345411256e-07,-0.0006164663936942816
10.078472137451172,-23.2979679107666,68.8572998046875,-0.39990234375,-0.8913183212280273,-0.03195800632238388,-0.2229345589876175,-2.9999573479202772,8.519936561584473,0.015997207854385333,-0.10706301778554916,0.1527812421321869,0.549873411655426,0.0,3.0159369998727925e-05,-0.35,-0.3500000238418579,3.1362602257006253,3.136552095413208,0.0002615328412503004,5.095662345411256e-07,-0.0006164663936942816
10.08307695388794,-23.2979679107666,69.02616882324219,-0.39990234375,-0.8934277296066284,-0.03195800632238388,-0.21290527284145355,-2.9999571381971775,8.545729637145996,0.016036489010968845,-0.10691574960947037,-0.07304209876569076,0.4795112907886505,0.0,2.969500928884372e-05,-0.35,-0.3500000238418579,3.136247131795146,3.136542797088623,0.0002650684618856758,3.96187147089222e-07,-0.0006427376647479832
10.08781886100769,-23.2979679107666,69.02616882324219,-0.39990234375,-0.8934277296066284,-0.03195800632238388,-0.21290527284145355,-2.9999571381971775,8.545729637145996,0.016036489010968845,-0.10691574960947037,0.14475781321525574,0.4795112907886505,0.0,2.969500928884372e-05,-0.35,-0.3500000238418579,3.136247131795146,3.136542797088623,0.0002650684618856758,3.96187147089222e-07,-0.0006427376647479832
10.092623949050903,-23.2979679107666,69.06398010253906,-0.39990234375,-0.8938964605331421,-0.03195800632238388,-0.2109716683626175,-2.999957091895772,8.561144828796387,0.016045148309180673,-0.10683473199605942,0.10297015856937058,0.43732568621635437,0.0,2.9392807846306823e-05,-0.35,-0.3500000238418579,3.1362442453211465,3.136535882949829,0.0002702406782191247,-1.6887895526451757e-08,-0.0006692055030725896
10.097362041473389,-23.2979679107666,69.06398010253906,-0.39990234375,-0.8938964605331421,-0.03195800632238388,-0.2109716683626175,-2.999957091895772,8.561144828796387,0.016045148309180673,-0.10683473199605942,0.1432109296321869,0.43732568621635437,0.0,2.9392807846306823e-05,-0.35,-0.3500000238418579,3.1362442453211465,3.136535882949829,0.0002702406782191247,-1.6887895526451757e-08,-0.0006692055030725896
10.102194786071777,-23.2979679107666,69.11624908447266,-0.39990234375,-0.8945507407188416,-0.03195800632238388,-0.2084667980670929,-2.99995702681302,8.570866584777832,0.0160573122030013,-0.10678035765886307,0.0893758173128861,0.4107757806777954,0.0,2.9392807846306823e-05,-0.35,-0.3500000238418579,3.136240190631836,3.136535882949829,0.0002702406782191247,-1.6887895526451757e-08,-0.0006692055030725896
10.106836080551147,-23.2979679107666,69.11624908447266,-0.39990234375,-0.8945507407188416,-0.03195800632238388,-0.2084667980670929,-2.99995702681302,8.570866584777832,0.0160573122030013,-0.10678035765886307,0.1412070333957672,0.4107757806777954,0.0,2.9392807846306823e-05,-0.35,-0.3500000238418579,3.136240190631836,3.136535882949829,0.0002702406782191247,-1.6887895526451757e-08,-0.0006692055030725896
10.1116464138031,-23.2979679107666,69.28878784179688,-0.39990234375,-0.8967089653015137,-0.03195800632238388,-0.19846679270267487,-2.999956812417059,8.518598556518555,0.01609731755544419,-0.10702084004878998,-0.07467888733113598,0.5543338060379028,0.0,2.9339395041461103e-05,-0.35,-0.3500000238418579,3.1362268553228585,3.1365232467651367,0.00023382622748613358,6.06737557973247e-08,-0.0006668140995316207
10.116355657577515,-23.2979679107666,69.28878784179688,-0.39990234375,-0.8967089653015137,-0.03195800632238388,-0.19846679270267487,-2.999956812417059,8.518598556518555,0.01609731755544419,-0.10702084004878998,0.1332070291042328,0.5543338060379028,0.0,2.9339395041461103e-05,-0.35,-0.3500000238418579,3.1362268553228585,3.1365232467651367,0.00023382622748613358,6.06737557973247e-08,-0.0006668140995316207
10.121104955673218,-23.2979679107666,69.28878784179688,-0.39990234375,-0.8967089653015137,-0.03195800632238388,-0.19846679270267487,-2.999956812417059,8.518598556518555,0.01609731755544419,-0.10702084004878998,0.1332070291042328,0.5543338060379028,0.0,2.9415487006190233e-05,-0.35,-0.3500000238418579,3.1362268553228585,3.1365184783935547,0.0002328959380974993,4.153037025389494e-09,-0.0006643593078479171
10.126400470733643,-23.2979679107666,69.37519073486328,-0.39990234375,-0.8977929353713989,-0.03195800632238388,-0.19362303614616394,-2.999956704599076,8.55784797668457,0.01611739839582791,-0.10681465268135071,0.037862988246039495,0.44689783453941345,0.0,2.93810990115162e-05,-0.35,-0.3500000238418579,3.1362201616129153,3.1365139484405518,0.0002488828613422811,2.9771035769954324e-07,-0.0006664551328867674
10.131403923034668,-23.2979679107666,69.37519073486328,-0.39990234375,-0.8977929353713989,-0.03195800632238388,-0.19362303614616394,-2.999956704599076,8.55784797668457,0.01611739839582791,-0.10681465268135071,0.12933202385902406,0.44689783453941345,0.0,2.93810990115162e-05,-0.35,-0.3500000238418579,3.1362201616129153,3.1365139484405518,0.0002488828613422811,2.9771035769954324e-07,-0.0006664551328867674
10.136413097381592,-23.2979679107666,69.42777252197266,-0.39990234375,-0.8984472751617432,-0.03195800632238388,-0.19115233421325684,-2.999956639944035,8.573915481567383,0.016129428250659293,-0.10672815144062042,0.07803192590146563,0.40294307470321655,0.0,2.932842653535772e-05,-0.35,-0.3500000238418579,3.13621615160339,3.136509656906128,0.0002505100565031171,1.8653565803106176e-07,-0.0006627973052673042
10.141999006271362,-23.2979679107666,69.58831787109375,-0.39990234375,-0.900439441204071,-0.03195800632238388,-0.18546386063098907,-2.999956443683176,8.629683494567871,0.01616589013297658,-0.10643003135919571,0.020968550876138498,0.250345915555954,0.0,2.932842653535772e-05,-0.35,-0.3500000238418579,3.136203997466552,3.136509656906128,0.0002505100565031171,1.8653565803106176e-07,-0.0006627973052673042
10.14643669128418,-23.2979679107666,69.58831787109375,-0.39990234375,-0.900439441204071,-0.03195800632238388,-0.18546386063098907,-2.999956443683176,8.629683494567871,0.01616589013297658,-0.10643003135919571,0.12280468344688417,0.250345915555954,0.0,2.9097733204253018e-05,-0.35,-0.3500000238418579,3.136203997466552,3.1364963054656982,0.0002660058962646872,4.102635102753993e-07,-0.0006953212432563305
10.150965929031372,-23.2979679107666,69.58831787109375,-0.39990234375,-0.900439441204071,-0.03195800632238388,-0.18546386063098907,-2.999956443683176,8.629683494567871,0.01616589013297658,-0.10643003135919571,0.12280468344688417,0.250345915555954,0.0,2.9097733204253018e-05,-0.35,-0.3500000238418579,3.136203997466552,3.1364963054656982,0.0002660058962646872,4.102635102753993e-07,-0.0006953212432563305
10.155542850494385,-23.2979679107666,69.63585662841797,-0.39990234375,-0.9010253548622131,-0.03195800632238388,-0.18427734076976776,-2.9999563863073027,8.645557403564453,0.016176534054914683,-0.1063448041677475,0.09593149506220465,0.20691053569316864,0.0,2.9047541829640977e-05,-0.35,-0.3500000238418579,3.136200449441026,3.1364924907684326,0.00026623523444868624,6.017223768139957e-07,-0.0007084653479978442
10.160131931304932,-23.2979679107666,69.63585662841797,-0.39990234375,-0.9010253548622131,-0.03195800632238388,-0.18427734076976776,-2.9999563863073027,8.645557403564453,0.016176534054914683,-0.1063448041677475,0.1218554675579071,0.20691053569316864,0.0,2.9047541829640977e-05,-0.35,-0.3500000238418579,3.136200449441026,3.1364924907684326,0.00026623523444868624,6.017223768139957e-07,-0.0007084653479978442
10.164653062820435,-23.2979679107666,69.63585662841797,-0.39990234375,-0.9010253548622131,-0.03195800632238388,-0.18427734076976776,-2.9999563863073027,8.645557403564453,0.016176534054914683,-0.1063448041677475,0.1218554675579071,0.20691053569316864,0.0,2.907288580900058e-05,-0.35,-0.3500000238418579,3.136200449441026,3.1364870071411133,0.0002563316375017166,5.99467966821976e-07,-0.0007132274913601577
10.169421195983887,-23.2979679107666,69.6904296875,-0.39990234375,-0.9016991853713989,-0.03195800632238388,-0.1828954964876175,-2.9999563202551114,8.641288757324219,0.01618877887335742,-0.10635986924171448,0.09176916809098484,0.21869304776191711,0.0,2.9360153348534368e-05,-0.35,-0.3500000238418579,3.1361963677754945,3.136474370956421,0.0002465823490638286,4.5405488435790176e-07,-0.0007361616007983685
10.174196720123291,-23.2979679107666,69.6904296875,-0.39990234375,-0.9016991853713989,-0.03195800632238388,-0.1828954964876175,-2.9999563202551114,8.641288757324219,0.01618877887335742,-0.10635986924171448,0.1207499921321869,0.21869304776191711,0.0,2.9360153348534368e-05,-0.35,-0.3500000238418579,3.1361963677754945,3.136474370956421,0.0002465823490638286,4.5405488435790176e-07,-0.0007361616007983685
10.178702354431152,-23.2979679107666,69.85121154785156,-0.39990234375,-0.9036816358566284,-0.03195800632238388,-0.17811034619808197,-2.999956126297266,8.617383003234863,0.016224681553189,-0.10646143555641174,0.010718173096452219,0.28446099162101746,0.0,2.9360153348534368e-05,-0.35,-0.3500000238418579,3.1361844000409147,3.136474370956421,0.0002465823490638286,4.5405488435790176e-07,-0.0007361616007983685
10.18354082107544,-23.2979679107666,69.85121154785156,-0.39990234375,-0.9036816358566284,-0.03195800632238388,-0.17811034619808197,-2.999956126297266,8.617383003234863,0.016224681553189,-0.10646143555641174,0.11692187190055847,0.28446099162101746,0.0,2.9360153348534368e-05,-0.35,-0.3500000238418579,3.1361844000409147,3.136474370956421,0.00024638083414174616,4.712574082077481e-07,-0.0007390847895294428
10.188238382339478,-23.2979679107666,69.89878845214844,-0.39990234375,-0.9042675495147705,-0.03195800632238388,-0.17683593928813934,-2.9999560690735594,8.636720657348633,0.016235258812779728,-0.10635840892791748,0.08877322897931401,0.23153620958328247,0.0,2.9360153348534368e-05,-0.35,-0.3500000238418579,3.136180874236121,3.136474370956421,0.00024638083414174616,4.712574082077481e-07,-0.0007390847895294428
10.192826509475708,-23.2979679107666,69.89878845214844,-0.39990234375,-0.9042675495147705,-0.03195800632238388,-0.17683593928813934,-2.9999560690735594,8.636720657348633,0.016235258812779728,-0.10635840892791748,0.11590234637260438,0.23153620958328247,0.0,2.949597910628654e-05,-0.35,-0.3500000238418579,3.136180874236121,3.1364681720733643,0.0002553980448283255,5.501776740857167e-07,-0.000744062359444797
10.197489261627197,-23.2979679107666,69.95003509521484,-0.39990234375,-0.9048925638198853,-0.03195800632238388,-0.1760302633047104,-2.9999560085211643,8.671575546264648,0.01624644384980424,-0.10617649555206299,0.09797882619229369,0.13606664538383484,0.0,2.950843372673262e-05,-0.35,-0.3500000238418579,3.136177145835811,3.1364636421203613,0.0002706466184463352,1.996128276005038e-07,-0.0007472012657672167
10.202252388000488,-23.2979679107666,69.95003509521484,-0.39990234375,-0.9048925638198853,-0.03195800632238388,-0.1760302633047104,-2.9999560085211643,8.671575546264648,0.01624644384980424,-0.10617649555206299,0.11525780558586121,0.13606664538383484,0.0,2.950843372673262e-05,-0.35,-0.3500000238418579,3.136177145835811,3.1364636421203613,0.0002706466184463352,1.996128276005038e-07,-0.0007472012657672167
10.20653748512268,-23.2979679107666,69.95003509521484,-0.39990234375,-0.9048925638198853,-0.03195800632238388,-0.1760302633047104,-2.9999560085211643,8.671575546264648,0.01624644384980424,-0.10617649555206299,0.11525780558586121,0.13606664538383484,0.0,2.950843372673262e-05,-0.35,-0.3500000238418579,3.136177145835811,3.1364636421203613,0.0002706466184463352,1.996128276005038e-07,-0.0007472012657672167
10.21127438545227,-23.2979679107666,69.95003509521484,-0.39990234375,-0.9048925638198853,-0.03195800632238388,-0.1760302633047104,-2.9999560085211643,8.671575546264648,0.01624644384980424,-0.10617649555206299,0.11525780558586121,0.13606664538383484,0.0,2.950843372673262e-05,-0.35,-0.3500000238418579,3.136177145835811,3.1364636421203613,0.0002706466184463352,1.996128276005038e-07,-0.0007472012657672167
10.215921401977539,-23.2979679107666,69.95003509521484,-0.39990234375,-0.9048925638198853,-0.03195800632238388,-0.1760302633047104,-2.9999560085211643,8.671575546264648,0.01624644384980424,-0.10617649555206299,0.11525780558586121,0.13606664538383484,0.0,2.950843372673262e-05,-0.35,-0.3500000238418579,3.136177145835811,3.1364636421203613,0.0002706466184463352,1.996128276005038e-07,-0.0007472012657672167
10.220664024353027,-23.2979679107666,69.95003509521484,-0.39990234375,-0.9048925638198853,-0.03195800632238388,-0.1760302633047104,-2.9999560085211643,8.671575546264648,0.01624644384980424,-0.10617649555206299,0.11525780558586121,0.13606664538383484,0.0,2.950843372673262e-05,-0.35,-0.3500000238418579,3.136177145835811,3.1364636421203613,0.0002706466184463352,1.996128276005038e-07,-0.0007472012657672167
10.225427627563477,-23.2979679107666,69.95003509521484,-0.39990234375,-0.9048925638198853,-0.03195800632238388,-0.1760302633047104,-2.9999560085211643,8.671575546264648,0.01624644384980424,-0.10617649555206299,0.11525780558586121,0.13606664538383484,0.0,2.950843372673262e-05,-0.35,-0.3500000238418579,3.136177145835811,3.1364636421203613,0.0002706466184463352,1.996128276005038e-07,-0.0007472012657672167
10.230140924453735,-23.2979679107666,69.95003509521484,-0.39990234375,-0.9048925638198853,-0.03195800632238388,-0.1760302633047104,-2.9999560085211643,8.671575546264648,0.01624644384980424,-0.10617649555206299,0.11525780558586121,0.13606664538383484,0.0,2.950843372673262e-05,-0.35,-0.3500000238418579,3.136177145835811,3.1364636421203613,0.0002706466184463352,1.996128276005038e-07,-0.0007472012657672167
10.234777688980103,-23.2979679107666,69.95003509521484,-0.39990234375,-0.9048925638198853,-0.03195800632238388,-0.1760302633047104,-2.9999560085211643,8.671575546264648,0.01624644384980424,-0.10617649555206299,0.11525780558586121,0.13606664538383484,0.0,2.950843372673262e-05,-0.35,-0.3500000238418579,3.136177145835811,3.1364636421203613,0.0002706466184463352,1.996128276005038e-07,-0.0007472012657672167
10.239458322525024,-23.2979679107666,69.95003509521484,-0.39990234375,-0.9048925638198853,-0.03195800632238388,-0.1760302633047104,-2.9999560085211643,8.671575546264648,0.01624644384980424,-0.10617649555206299,0.11525780558586121,0.13606664538383484,0.0,2.950843372673262e-05,-0.35,-0.3500000238418579,3.136177145835811,3.1364636421203613,0.0002706466184463352,1.996128276005038e-07,-0.0007472012657672167
10.243786096572876,-23.2979679107666,69.95003509521484,-0.39990234375,-0.9048925638198853,-0.03195800632238388,-0.1760302633047104,-2.9999560085211643,8.671575546264648,0.01624644384980424,-0.10617649555206299,0.11525780558586121,0.13606664538383484,0.0,2.950843372673262e-05,-0.35,-0.3500000238418579,3.136177145835811,3.1364636421203613,0.0002706466184463352,1.996128276005038e-07,-0.0007472012657672167
10.248451232910156,-23.2979679107666,69.95003509521484,-0.39990234375,-0.9048925638198853,-0.03195800632238388,-0.1760302633047104,-2.9999560085211643,8.671575546264648,0.01624644384980424,-0.10617649555206299,0.11525780558586121,0.13606664538383484,0.0,2.950843372673262e-05,-0.35,-0.3500000238418579,3.136177145835811,3.1364636421203613,0.0002706466184463352,1.996128276005038e-07,-0.0007472012657672167
10.253161191940308,-23.2979679107666,69.95003509521484,-0.39990234375,-0.9048925638198853,-0.03195800632238388,-0.1760302633047104,-2.9999560085211643,8.671575546264648,0.01624644384980424,-0.10617649555206299,0.11525780558586121,0.13606664538383484,0.0,2.950843372673262e-05,-0.35,-0.3500000238418579,3.136177145835811,3.1364636421203613,0.0002706466184463352,1.996128276005038e-07,-0.0007472012657672167
10.257964372634888,-23.2979679107666,69.95003509521484,-0.39990234375,-0.9048925638198853,-0.03195800632238388,-0.1760302633047104,-2.9999560085211643,8.671575546264648,0.01624644384980424,-0.10617649555206299,0.11525780558586121,0.13606664538383484,0.0,2.950843372673262e-05,-0.35,-0.3500000238418579,3.136177145835811,3.1364636421203613,0.0002706466184463352,1.996128276005038e-07,-0.0007472012657672167
10.262437582015991,-23.2979679107666,69.95003509521484,-0.39990234375,-0.9048925638198853,-0.03195800632238388,-0.1760302633047104,-2.9999560085211643,8.671575546264648,0.01624644384980424,-0.10617649555206299,0.11525780558586121,0.13606664538383484,0.0,2.950843372673262e-05,-0.35,-0.3500000238418579,3.136177145835811,3.1364636421203613,0.0002706466184463352,1.996128276005038e-07,-0.0007472012657672167
10.267019271850586,-23.2979679107666,69.95003509521484,-0.39990234375,-0.9048925638198853,-0.03195800632238388,-0.1760302633047104,-2.9999560085211643,8.671575546264648,0.01624644384980424,-0.10617649555206299,0.11525780558586121,0.13606664538383484,0.0,2.950843372673262e-05,-0.35,-0.3500000238418579,3.136177145835811,3.1364636421203613,0.0002706466184463352,1.996128276005038e-07,-0.0007472012657672167
10.271657705307007,-23.2979679107666,69.95003509521484,-0.39990234375,-0.9048925638198853,-0.03195800632238388,-0.1760302633047104,-2.9999560085211643,8.671575546264648,0.01624644384980424,-0.10617649555206299,0.11525780558586121,0.13606664538383484,0.0,2.950843372673262e-05,-0.35,-0.3500000238418579,3.136177145835811,3.1364636421203613,0.0002706466184463352,1.996128276005038e-07,-0.0007472012657672167
10.276479721069336,-23.2979679107666,69.95003509521484,-0.39990234375,-0.9048925638198853,-0.03195800632238388,-0.1760302633047104,-2.9999560085211643,8.671575546264648,0.01624644384980424,-0.10617649555206299,0.11525780558586121,0.13606664538383484,0.0,2.950843372673262e-05,-0.35,-0.3500000238418579,3.136177145835811,3.1364636421203613,0.0002706466184463352,1.996128276005038e-07,-0.0007472012657672167
10.281074047088623,-23.2979679107666,69.95003509521484,-0.39990234375,-0.9048925638198853,-0.03195800632238388,-0.1760302633047104,-2.9999560085211643,8.671575546264648,0.01624644384980424,-0.10617649555206299,0.11525780558586121,0.13606664538383484,0.0,2.950843372673262e-05,-0.35,-0.3500000238418579,3.136177145835811,3.1364636421203613,0.0002706466184463352,1.996128276005038e-07,-0.0007472012657672167
10.285924434661865,-23.2979679107666,69.95003509521484,-0.39990234375,-0.9048925638198853,-0.03195800632238388,-0.1760302633047104,-2.9999560085211643,8.671575546264648,0.01624644384980424,-0.10617649555206299,0.11525780558586121,0.13606664538383484,0.0,2.950843372673262e-05,-0.35,-0.3500000238418579,3.136177145835811,3.1364636421203613,0.0002706466184463352,1.996128276005038e-07,-0.0007472012657672167
10.290683031082153,-23.2979679107666,69.95003509521484,-0.39990234375,-0.9048925638198853,-0.03195800632238388,-0.1760302633047104,-2.9999560085211643,8.671575546264648,0.01624644384980424,-0.10617649555206299,0.11525780558586121,0.13606664538383484,0.0,2.950843372673262e-05,-0.35,-0.3500000238418579,3.136177145835811,3.1364636421203613,0.0002706466184463352,1.996128276005038e-07,-0.0007472012657672167
10.295456171035767,-23.2979679107666,69.95003509521484,-0.39990234375,-0.9048925638198853,-0.03195800632238388,-0.1760302633047104,-2.9999560085211643,8.671575546264648,0.01624644384980424,-0.10617649555206299,0.11525780558586121,0.13606664538383484,0.0,2.950843372673262e-05,-0.35,-0.3500000238418579,3.136177145835811,3.1364636421203613,0.0002706466184463352,1.996128276005038e-07,-0.0007472012657672167
10.300760746002197,-23.2979679107666,69.95003509521484,-0.39990234375,-0.9048925638198853,-0.03195800632238388,-0.1760302633047104,-2.9999560085211643,8.671575546264648,0.01624644384980424,-0.10617649555206299,0.11525780558586121,0.13606664538383484,0.0,2.950843372673262e-05,-0.35,-0.3500000238418579,3.136177145835811,3.1364636421203613,0.0002706466184463352,1.996128276005038e-07,-0.0007472012657672167
10.305349826812744,-23.2979679107666,69.95003509521484,-0.39990234375,-0.9048925638198853,-0.03195800632238388,-0.1760302633047104,-2.9999560085211643,8.671575546264648,0.01624644384980424,-0.10617649555206299,0.11525780558586121,0.13606664538383484,0.0,2.950843372673262e-05,-0.35,-0.3500000238418579,3.136177145835811,3.1364636421203613,0.0002706466184463352,1.996128276005038e-07,-0.0007472012657672167
10.30990743637085,-23.2979679107666,69.95003509521484,-0.39990234375,-0.9048925638198853,-0.03195800632238388,-0.1760302633047104,-2.9999560085211643,8.671575546264648,0.01624644384980424,-0.10617649555206299,0.11525780558586121,0.13606664538383484,0.0,2.950843372673262e-05,-0.35,-0.3500000238418579,3.136177145835811,3.1364636421203613,0.0002706466184463352,1.996128276005038e-07,-0.0007472012657672167
10.314663648605347,-23.2979679107666,69.95003509521484,-0.39990234375,-0.9048925638198853,-0.03195800632238388,-0.1760302633047104,-2.9999560085211643,8.671575546264648,0.01624644384980424,-0.10617649555206299,0.11525780558586121,0.13606664538383484,0.0,2.950843372673262e-05,-0.35,-0.3500000238418579,3.136177145835811,3.1364636421203613,0.0002706466184463352,1.996128276005038e-07,-0.0007472012657672167
10.319480895996094,-23.2979679107666,69.95003509521484,-0.39990234375,-0.9048925638198853,-0.03195800632238388,-0.1760302633047104,-2.9999560085211643,8.671575546264648,0.01624644384980424,-0.10617649555206299,0.11525780558586121,0.13606664538383484,0.0,2.950843372673262e-05,-0.35,-0.3500000238418579,3.136177145835811,3.1364636421203613,0.0002706466184463352,1.996128276005038e-07,-0.0007472012657672167
10.324106454849243,-23.2979679107666,69.95003509521484,-0.39990234375,-0.9048925638198853,-0.03195800632238388,-0.1760302633047104,-2.9999560085211643,8.671575546264648,0.01624644384980424,-0.10617649555206299,0.11525780558586121,0.13606664538383484,0.0,2.950843372673262e-05,-0.35,-0.3500000238418579,3.136177145835811,3.1364636421203613,0.0002706466184463352,1.996128276005038e-07,-0.0007472012657672167
10.328752040863037,-23.2979679107666,69.95003509521484,-0.39990234375,-0.9048925638198853,-0.03195800632238388,-0.1760302633047104,-2.9999560085211643,8.671575546264648,0.01624644384980424,-0.10617649555206299,0.11525780558586121,0.13606664538383484,0.0,2.950843372673262e-05,-0.35,-0.3500000238418579,3.136177145835811,3.1364636421203613,0.0002706466184463352,1.996128276005038e-07,-0.0007472012657672167
10.333632469177246,-23.2979679107666,69.95003509521484,-0.39990234375,-0.9048925638198853,-0.03195800632238388,-0.1760302633047104,-2.9999560085211643,8.671575546264648,0.01624644384980424,-0.10617649555206299,0.11525780558586121,0.13606664538383484,0.0,2.950843372673262e-05,-0.35,-0.3500000238418579,3.136177145835811,3.1364636421203613,0.0002706466184463352,1.996128276005038e-07,-0.0007472012657672167
10.338414907455444,-23.2979679107666,69.95003509521484,-0.39990234375,-0.9048925638198853,-0.03195800632238388,-0.1760302633047104,-2.9999560085211643,8.671575546264648,0.01624644384980424,-0.10617649555206299,0.11525780558586121,0.13606664538383484,0.0,2.950843372673262e-05,-0.35,-0.3500000238418579,3.136177145835811,3.1364636421203613,0.0002706466184463352,1.996128276005038e-07,-0.0007472012657672167
10.342942953109741,-23.2979679107666,69.95003509521484,-0.39990234375,-0.9048925638198853,-0.03195800632238388,-0.1760302633047104,-2.9999560085211643,8.671575546264648,0.01624644384980424,-0.10617649555206299,0.11525780558586121,0.13606664538383484,0.0,2.950843372673262e-05,-0.35,-0.3500000238418579,3.136177145835811,3.1364636421203613,0.0002706466184463352,1.996128276005038e-07,-0.0007472012657672167
10.347891807556152,-23.2979679107666,69.95003509521484,-0.39990234375,-0.9048925638198853,-0.03195800632238388,-0.1760302633047104,-2.9999560085211643,8.671575546264648,0.01624644384980424,-0.10617649555206299,0.11525780558586121,0.13606664538383484,0.0,2.950843372673262e-05,-0.35,-0.3500000238418579,3.136177145835811,3.1364636421203613,0.0002706466184463352,1.996128276005038e-07,-0.0007472012657672167
10.352616548538208,-23.2979679107666,69.95003509521484,-0.39990234375,-0.9048925638198853,-0.03195800632238388,-0.1760302633047104,-2.9999560085211643,8.671575546264648,0.01624644384980424,-0.10617649555206299,0.11525780558586121,0.13606664538383484,0.0,2.950843372673262e-05,-0.35,-0.3500000238418579,3.136177145835811,3.1364636421203613,0.0002706466184463352,1.996128276005038e-07,-0.0007472012657672167
10.357343673706055,-23.2979679107666,69.95003509521484,-0.39990234375,-0.9048925638198853,-0.03195800632238388,-0.1760302633047104,-2.9999560085211643,8.671575546264648,0.01624644384980424,-0.10617649555206299,0.11525780558586121,0.13606664538383484,0.0,2.950843372673262e-05,-0.35,-0.3500000238418579,3.136177145835811,3.1364636421203613,0.0002706466184463352,1.996128276005038e-07,-0.0007472012657672167
10.361961841583252,-23.2979679107666,69.95003509521484,-0.39990234375,-0.9048925638198853,-0.03195800632238388,-0.1760302633047104,-2.9999560085211643,8.671575546264648,0.01624644384980424,-0.10617649555206299,0.11525780558586121,0.13606664538383484,0.0,2.950843372673262e-05,-0.35,-0.3500000238418579,3.136177145835811,3.1364636421203613,0.0002706466184463352,1.996128276005038e-07,-0.0007472012657672167
10.366602420806885,-23.2979679107666,69.95003509521484,-0.39990234375,-0.9048925638198853,-0.03195800632238388,-0.1760302633047104,-2.9999560085211643,8.671575546264648,0.01624644384980424,-0.10617649555206299,0.11525780558586121,0.13606664538383484,0.0,2.9502300094463862e-05,-0.35,-0.3500000238418579,3.136177145835811,3.1364588737487793,0.0002625309571158141,-2.320892207308134e-07,-0.0007616039947606623
10.371273517608643,-23.2979679107666,70.00214385986328,-0.39990234375,-0.9055273532867432,-0.03195800632238388,-0.17555175721645355,-2.9999559471044637,8.506263732910156,0.016257780677621264,-0.10689228028059006,0.10463102358173186,0.5909254550933838,0.0,2.9502300094463862e-05,-0.35,-0.3500000238418579,3.136173366837752,3.1364588737487793,0.0002625309571158141,-2.320892207308134e-07,-0.0007616039947606623
10.375948667526245,-23.2979679107666,70.00214385986328,-0.39990234375,-0.9055273532867432,-0.03195800632238388,-0.17555175721645355,-2.9999559471044637,8.506263732910156,0.016257780677621264,-0.10689228028059006,0.11487500071525575,0.5909254550933838,0.0,2.9502300094463862e-05,-0.35,-0.3500000238418579,3.136173366837752,3.1364588737487793,0.0002625309571158141,-2.320892207308134e-07,-0.0007616039947606623
10.380680561065674,-23.2979679107666,71.27671813964844,-0.39990234375,-0.9212890267372131,-0.03195800632238388,-0.12736327946186066,-2.999954411908432,8.567988395690918,0.016538635709602026,-0.10655079782009125,-0.25,0.42203718423843384,0.0,2.9502300094463862e-05,-0.35,-0.3500000238418579,3.1360797470951325,3.1364588737487793,0.0002625309571158141,-2.320892207308134e-07,-0.0007616039947606623
10.385573387145996,-23.2979679107666,71.27671813964844,-0.39990234375,-0.9212890267372131,-0.03195800632238388,-0.12736327946186066,-2.999954411908432,8.567988395690918,0.016538635709602026,-0.10655079782009125,0.07632421851158143,0.42203718423843384,0.0,3.1803097954252735e-05,-0.35,-0.3500000238418579,3.1360797470951325,3.1363377571105957,0.00030877746758051217,-6.330469659587834e-08,-0.0007478406769223511
10.390279293060303,-23.2979679107666,71.36941528320312,-0.39990234375,-0.9224316477775574,-0.03195800632238388,-0.12414062023162842,-2.999954301505471,8.646085739135742,0.016558649667839598,-0.10613581538200378,0.00526492535578757,0.20806370675563812,0.0,3.1803097954252735e-05,-0.35,-0.3500000238418579,3.136073075674218,3.1363377571105957,0.00030877746758051217,-6.330469659587834e-08,-0.0007478406769223511
10.394760847091675,-23.2979679107666,71.36941528320312,-0.39990234375,-0.9224316477775574,-0.03195800632238388,-0.12414062023162842,-2.999954301505471,8.646085739135742,0.016558649667839598,-0.10613581538200378,0.07374609112739564,0.20806370675563812,0.0,3.153033321723342e-05,-0.35,-0.3500000238418579,3.136073075674218,3.1363322734832764,0.000314246688503772,5.080210030428134e-08,-0.0007283621234819293
10.399607419967651,-23.2979679107666,71.36941528320312,-0.39990234375,-0.9224316477775574,-0.03195800632238388,-0.12414062023162842,-2.999954301505471,8.646085739135742,0.016558649667839598,-0.10613581538200378,0.07374609112739564,0.20806370675563812,0.0,3.153033321723342e-05,-0.35,-0.3500000238418579,3.136073075674218,3.1363322734832764,0.000314246688503772,5.080210030428134e-08,-0.0007283621234819293
10.404578447341919,-23.2979679107666,71.45218658447266,-0.39990234375,-0.9234374761581421,-0.03195800632238388,-0.12316405773162842,-2.999954205520955,8.696643829345703,0.016576030198291056,-0.10586413741111755,0.05331975719454192,0.06956908851861954,0.0,3.103938797721639e-05,-0.35,-0.3500000238418579,3.136067282075722,3.136324644088745,0.00030380900716409087,1.1251665910094744e-07,-0.0006996957235969603
10.409103155136108,-23.2979679107666,71.45218658447266,-0.39990234375,-0.9234374761581421,-0.03195800632238388,-0.12316405773162842,-2.999954205520955,8.696643829345703,0.016576030198291056,-0.10586413741111755,0.07296484112739564,0.06956908851861954,0.0,3.069430749746971e-05,-0.35,-0.3500000238418579,3.136067282075722,3.136319637298584,0.0002862609690055251,1.8459877537679859e-07,-0.0006740085082128644
10.413741827011108,-23.2979679107666,71.55394744873047,-0.39990234375,-0.9246679544448853,-0.03195800632238388,-0.1230761706829071,-2.999954088676457,8.731284141540527,0.016597163414510393,-0.10567247867584229,0.07099987174335279,-0.02525530941784382,0.0,3.069430749746971e-05,-0.35,-0.3500000238418579,3.136060237562645,3.136319637298584,0.0002862609690055251,1.8459877537679859e-07,-0.0006740085082128644
10.418344974517822,-23.2979679107666,71.55394744873047,-0.39990234375,-0.9246679544448853,-0.03195800632238388,-0.1230761706829071,-2.999954088676457,8.731284141540527,0.016597163414510393,-0.10567247867584229,0.07289453148841858,-0.02525530941784382,0.0,3.069430749746971e-05,-0.35,-0.3500000238418579,3.136060237562645,3.136319637298584,0.0002862609690055251,1.8459877537679859e-07,-0.0006740085082128644
10.42322826385498,-23.2979679107666,71.64659881591797,-0.39990234375,-0.9257909655570984,-0.03195800632238388,-0.12307128310203552,-2.999954088676457,8.708512306213379,0.016597163414510393,-0.1057799756526947,0.07289453148841858,0.03725433722138405,0.0,3.0311739465105347e-05,-0.35,-0.3500000238418579,3.136060237562645,3.1363108158111572,0.00025819652364589274,3.112987769782194e-07,-0.0006424621096812189
10.428378105163574,-23.2979679107666,71.64659881591797,-0.39990234375,-0.9257909655570984,-0.03195800632238388,-0.12307128310203552,-2.9999539819108327,8.708512306213379,0.016616450202709545,-0.1057799756526947,0.0727957140163139,0.03725433722138405,0.0,3.0235523809096776e-05,-0.35,-0.3500000238418579,3.1360538085347427,3.136308193206787,0.00023830185818951577,3.9284509512071963e-07,-0.0006203869124874473
10.433286666870117,-23.2979679107666,71.7425765991211,-0.39990234375,-0.9269628524780273,-0.03195800632238388,-0.12159667909145355,-2.9999539819108327,8.660408020019531,0.016616450202709545,-0.106019027531147,0.07289062142372131,0.16920126974582672,0.0,3.0235523809096776e-05,-0.35,-0.3500000238418579,3.1360538085347427,3.136308193206787,0.00023830185818951577,3.9284509512071963e-07,-0.0006203869124874473
10.438276767730713,-23.2979679107666,71.7425765991211,-0.39990234375,-0.9269628524780273,-0.03195800632238388,-0.12159667909145355,-2.9999538699033996,8.660408020019531,0.0166366598695932,-0.106019027531147,0.04216035293097481,0.16920126974582672,0.0,3.016767186636571e-05,-0.35,-0.3500000238418579,3.136047071875653,3.136301279067993,0.00022259991965256631,4.383632585813757e-07,-0.0006008408963680267
10.443185329437256,-23.2979679107666,71.7425765991211,-0.39990234375,-0.9269628524780273,-0.03195800632238388,-0.12159667909145355,-2.9999538699033996,8.660408020019531,0.0166366598695932,-0.106019027531147,0.07171093821525575,0.16920126974582672,0.0,3.016767186636571e-05,-0.35,-0.3500000238418579,3.136047071875653,3.136301279067993,0.00022259991965256631,4.383632585813757e-07,-0.0006008408963680267
10.447926998138428,-23.2979679107666,71.84269714355469,-0.39990234375,-0.9281835556030273,-0.03195800632238388,-0.11983886361122131,-2.9999537534668423,8.675418853759766,0.016657642696524054,-0.10592901706695557,0.03323302201369264,0.12819814682006836,0.0,3.0087674531387165e-05,-0.35,-0.3500000238418579,3.136040077492323,3.136293649673462,0.00022812541283201426,4.25869529863121e-07,-0.0005931257037445903
10.452605962753296,-23.2979679107666,71.84269714355469,-0.39990234375,-0.9281835556030273,-0.03195800632238388,-0.11983886361122131,-2.9999537534668423,8.675418853759766,0.016657642696524054,-0.10592901706695557,0.07030468583106995,0.12819814682006836,0.0,3.0087674531387165e-05,-0.35,-0.3500000238418579,3.136040077492323,3.136293649673462,0.00022812541283201426,4.25869529863121e-07,-0.0005931257037445903
10.45720887184143,-23.2979679107666,71.95101165771484,-0.39990234375,-0.9295019507408142,-0.03195800632238388,-0.11900390684604645,-2.9999536279992283,8.708044052124023,0.016680223447820074,-0.10574593394994736,0.05149695816885236,0.038913823664188385,0.0,2.9938157240394503e-05,-0.35,-0.3500000238418579,3.136032550459034,3.1362884044647217,0.00023530604084953666,3.2515220027562464e-07,-0.0005880084936507046
10.461958885192871,-23.2979679107666,71.95101165771484,-0.39990234375,-0.9295019507408142,-0.03195800632238388,-0.11900390684604645,-2.9999536279992283,8.708044052124023,0.016680223447820074,-0.10574593394994736,0.06963672041893006,0.038913823664188385,0.0,2.983603917527944e-05,-0.35,-0.3500000238418579,3.136032550459034,3.1362857818603516,0.00023710672394372523,1.1097483820776688e-07,-0.0005864031845703721
10.466992378234863,-23.2979679107666,72.04324340820312,-0.39990234375,-0.9306249618530273,-0.03195800632238388,-0.11800292879343033,-2.999953521186961,8.678709030151367,0.016699422683283217,-0.10588841885328293,0.048949587796844746,0.11942054331302643,0.0,2.983603917527944e-05,-0.35,-0.3500000238418579,3.1360261506148412,3.1362857818603516,0.00023710672394372523,1.1097483820776688e-07,-0.0005864031845703721
10.471661806106567,-23.2979679107666,72.04324340820312,-0.39990234375,-0.9306249618530273,-0.03195800632238388,-0.11800292879343033,-2.999953521186961,8.678709030151367,0.016699422683283217,-0.10588841885328293,0.06883593797683717,0.11942054331302643,0.0,2.983603917527944e-05,-0.35,-0.3500000238418579,3.1360261506148412,3.1362857818603516,0.00023710672394372523,1.1097483820776688e-07,-0.0005864031845703721
10.476447343826294,-23.2979679107666,72.04324340820312,-0.39990234375,-0.9306249618530273,-0.03195800632238388,-0.11800292879343033,-2.999953521186961,8.678709030151367,0.016699422683283217,-0.10588841885328293,0.06883593797683717,0.11942054331302643,0.0,2.964884515677113e-05,-0.35,-0.3500000238418579,3.1360261506148412,3.1362783908843994,0.00021581925102509558,-2.920600081779412e-07,-0.0005688975215889513
10.481128931045532,-23.2979679107666,72.13343811035156,-0.39990234375,-0.9317284822463989,-0.03195800632238388,-0.11623046547174454,-2.999953415884342,8.657204627990723,0.016718328979516184,-0.10599032789468765,0.02955765972119967,0.17847414314746857,0.0,2.964884515677113e-05,-0.35,-0.3500000238418579,3.136019848418347,3.1362783908843994,0.00021581925102509558,-2.920600081779412e-07,-0.0005688975215889513
10.485963106155396,-23.2979679107666,72.13343811035156,-0.39990234375,-0.9317284822463989,-0.03195800632238388,-0.11623046547174454,-2.999953415884342,8.657204627990723,0.016718328979516184,-0.10599032789468765,0.06741796731948853,0.17847414314746857,0.0,2.956444768642541e-05,-0.35,-0.3500000238418579,3.136019848418347,3.136270523071289,0.00020789615518879145,-1.7650626205067965e-07,-0.0005555534735321999
10.491025447845459,-23.2979679107666,72.23890686035156,-0.39990234375,-0.9330273270606995,-0.03195800632238388,-0.1139550730586052,-2.999953291370427,8.664301872253418,0.016740656968593583,-0.10594058781862259,0.020650224857916906,0.1591627448797226,0.0,2.9489039661712013e-05,-0.35,-0.3500000238418579,3.136012405639595,3.136265516281128,0.00021558797743637115,8.812867235974409e-08,-0.0005529171321541071
10.495618104934692,-23.2979679107666,72.23890686035156,-0.39990234375,-0.9330273270606995,-0.03195800632238388,-0.1139550730586052,-2.999953291370427,8.664301872253418,0.016740656968593583,-0.10594058781862259,0.06559765338897705,0.1591627448797226,0.0,2.9489039661712013e-05,-0.35,-0.3500000238418579,3.136012405639595,3.136265516281128,0.00021558797743637115,8.812867235974409e-08,-0.0005529171321541071
10.50053095817566,-23.2979679107666,72.31206512451172,-0.39990234375,-0.9339159727096558,-0.03195800632238388,-0.11327148228883743,-2.99995320722043,8.70042896270752,0.01675573000069823,-0.1057421863079071,0.051136447569241655,0.06022273004055023,0.0,2.9489039661712013e-05,-0.35,-0.3500000238418579,3.1360073812172615,3.136265516281128,0.00021558797743637115,8.812867235974409e-08,-0.0005529171321541071
10.505187273025513,-23.2979679107666,72.31206512451172,-0.39990234375,-0.9339159727096558,-0.03195800632238388,-0.11327148228883743,-2.99995320722043,8.70042896270752,0.01675573000069823,-0.1057421863079071,0.06505078077316284,0.06022273004055023,0.0,2.9244527468108572e-05,-0.35,-0.3500000238418579,3.1360073812172615,3.136260509490967,0.0002406773273833096,5.689862518920563e-07,-0.0005575674585998058
10.509793758392334,-23.2979679107666,72.42515563964844,-0.39990234375,-0.9352831840515137,-0.03195800632238388,-0.11355956643819809,-2.99995320722043,8.745643615722656,0.01675573000069823,-0.10549096763134003,0.06505078077316284,-0.06358227133750916,0.0,2.8710270271403715e-05,-0.35,-0.3500000238418579,3.1360073812172615,3.136253595352173,0.00024522075545974076,9.337941264675464e-07,-0.0005565083702094853
10.515247583389282,-23.2979679107666,72.42515563964844,-0.39990234375,-0.9352831840515137,-0.03195800632238388,-0.11355956643819809,-2.9999530783801376,8.745643615722656,0.016778781765539954,-0.10549096763134003,0.07056348852980984,-0.06358227133750916,0.0,2.8710270271403715e-05,-0.35,-0.3500000238418579,3.13599969717563,3.136253595352173,0.00024522075545974076,9.337941264675464e-07,-0.0005565083702094853
10.519798755645752,-23.2979679107666,72.42515563964844,-0.39990234375,-0.9352831840515137,-0.03195800632238388,-0.11355956643819809,-2.9999530783801376,8.745643615722656,0.016778781765539954,-0.10549096763134003,0.06528124809265137,-0.06358227133750916,0.0,2.8551765353768133e-05,-0.35,-0.3500000238418579,3.13599969717563,3.1362509727478027,0.00024037413822952658,9.772895737114595e-07,-0.0005544942687265575
10.52435040473938,-23.2979679107666,72.51702880859375,-0.39990234375,-0.9363964796066284,-0.03195800632238388,-0.11433593183755875,-2.9999529733515895,8.748053550720215,0.01679754979027743,-0.10546735674142838,0.08295913418931239,-0.07007832080125809,0.0,2.8551765353768133e-05,-0.35,-0.3500000238418579,3.135993441069426,3.1362509727478027,0.00024037413822952658,9.772895737114595e-07,-0.0005544942687265575
10.528985738754272,-23.2979679107666,72.51702880859375,-0.39990234375,-0.9363964796066284,-0.03195800632238388,-0.11433593183755875,-2.9999529733515895,8.748053550720215,0.01679754979027743,-0.10546735674142838,0.0659023404121399,-0.07007832080125809,0.0,2.8249629394849762e-05,-0.35,-0.3500000238418579,3.135993441069426,3.1362457275390625,0.00023343591601587832,1.0158868235521368e-06,-0.0005556625546887517
10.533681392669678,-23.2979679107666,72.61058807373047,-0.39990234375,-0.9375194907188416,-0.03195800632238388,-0.1143212839961052,-2.9999528683608854,8.70943546295166,0.01681629011690996,-0.10565973818302155,0.06557867748297298,0.03586558625102043,0.0,2.8249629394849762e-05,-0.35,-0.3500000238418579,3.1359871941958493,3.1362457275390625,0.00023343591601587832,1.0158868235521368e-06,-0.0005556625546887517
10.538305521011353,-23.2979679107666,72.61058807373047,-0.39990234375,-0.9375194907188416,-0.03195800632238388,-0.1143212839961052,-2.9999528683608854,8.70943546295166,0.01681629011690996,-0.10565973818302155,0.06589062213897705,0.03586558625102043,0.0,2.803330971801188e-05,-0.35,-0.3500000238418579,3.1359871941958493,3.136237859725952,0.00021451376960612833,9.632973387851962e-07,-0.000553662481252104
10.542904376983643,-23.2979679107666,72.7039794921875,-0.39990234375,-0.9386425614356995,-0.03195800632238388,-0.11389648169279099,-2.9999528683608854,8.71912670135498,0.01681629011690996,-0.1055973470211029,0.06589062213897705,0.009419442154467106,0.0,2.803330971801188e-05,-0.35,-0.3500000238418579,3.1359871941958493,3.136237859725952,0.00021451376960612833,9.632973387851962e-07,-0.000553662481252104
10.548479080200195,-23.2979679107666,72.7039794921875,-0.39990234375,-0.9386425614356995,-0.03195800632238388,-0.11389648169279099,-2.9999527632824785,8.71912670135498,0.016835025209997266,-0.1055973470211029,0.057930602381690496,0.009419442154467106,0.0,2.791340921248775e-05,-0.35,-0.3500000238418579,3.1359809490665964,3.13623309135437,0.00022102140064816922,9.717155080579687e-07,-0.0005601310986094177
10.553196430206299,-23.2979679107666,72.79515838623047,-0.39990234375,-0.939746081829071,-0.03195800632238388,-0.11427734047174454,-2.9999527632824785,8.7451753616333,0.016835025209997266,-0.10544868558645248,0.06555078029632569,-0.06186842918395996,0.0,2.775533721433021e-05,-0.35,-0.3500000238418579,3.1359809490665964,3.136227607727051,0.0002282809145981446,7.629114406881854e-07,-0.00057407864369452
10.55782961845398,-23.2979679107666,72.79515838623047,-0.39990234375,-0.939746081829071,-0.03195800632238388,-0.11427734047174454,-2.9999526595404507,8.7451753616333,0.016853501599907665,-0.10544868558645248,0.07407569836976384,-0.06186842918395996,0.0,2.775533721433021e-05,-0.35,-0.3500000238418579,3.135974790172878,3.136227607727051,0.0002282809145981446,7.629114406881854e-07,-0.00057407864369452
10.562621831893921,-23.2979679107666,72.79515838623047,-0.39990234375,-0.939746081829071,-0.03195800632238388,-0.11427734047174454,-2.9999526595404507,8.7451753616333,0.016853501599907665,-0.10544868558645248,0.06585546731948853,-0.06186842918395996,0.0,2.775533721433021e-05,-0.35,-0.3500000238418579,3.135974790172878,3.136227607727051,0.0002282809145981446,7.629114406881854e-07,-0.00057407864369452
10.566978931427002,-23.2979679107666,72.85163879394531,-0.39990234375,-0.9404199123382568,-0.03195800632238388,-0.11467773467302322,-2.999952597028104,8.74314022064209,0.016864625235604384,-0.10545267909765244,0.0753652491647796,-0.05622591823339462,0.0,2.768692866084166e-05,-0.35,-0.3500000238418579,3.135971082235762,3.1362252235412598,0.00022684375289827585,6.627665243286174e-07,-0.0005783116212114692
10.57171630859375,-23.2979679107666,72.85163879394531,-0.39990234375,-0.9404199123382568,-0.03195800632238388,-0.11467773467302322,-2.999952597028104,8.74314022064209,0.016864625235604384,-0.10545267909765244,0.06617578268051148,-0.05622591823339462,0.0,2.768692866084166e-05,-0.35,-0.3500000238418579,3.135971082235762,3.1362252235412598,0.00022684375289827585,6.627665243286174e-07,-0.0005783116212114692
10.57663607597351,-23.2979679107666,72.98214721679688,-0.39990234375,-0.9419921636581421,-0.03195800632238388,-0.11563476175069809,-2.999952450031347,8.746264457702637,0.016890753414822875,-0.10542052984237671,0.08639409394769136,-0.06462486833333969,0.0,2.755513196461834e-05,-0.35,-0.3500000238418579,3.1359623727048564,3.1362171173095703,0.00022760323190595955,3.92092715628678e-07,-0.0006028001080267131
10.5814049243927,-23.2979679107666,72.98214721679688,-0.39990234375,-0.9419921636581421,-0.03195800632238388,-0.11563476175069809,-2.999952450031347,8.746264457702637,0.016890753414822875,-0.10542052984237671,0.06694140434265138,-0.06462486833333969,0.0,2.7522846721694805e-05,-0.35,-0.3500000238418579,3.1359623727048564,3.136211395263672,0.00022966164397075772,3.205894927305053e-07,-0.0006267484277486801
10.58607816696167,-23.2979679107666,72.98214721679688,-0.39990234375,-0.9419921636581421,-0.03195800632238388,-0.11563476175069809,-2.999952450031347,8.746264457702637,0.016890753414822875,-0.10542052984237671,0.06694140434265138,-0.06462486833333969,0.0,2.7522846721694805e-05,-0.35,-0.3500000238418579,3.1359623727048564,3.136211395263672,0.00022966164397075772,3.205894927305053e-07,-0.0006267484277486801
10.590688228607178,-23.2979679107666,73.0785903930664,-0.39990234375,-0.9431542754173279,-0.03195800632238388,-0.11640136688947678,-2.9999523414700553,8.750895500183105,0.016910023900995923,-0.10538442432880402,0.08418364480452248,-0.07719283550977707,0.0,2.7522846721694805e-05,-0.35,-0.3500000238418579,3.1359559491075353,3.136211395263672,0.00022966164397075772,3.205894927305053e-07,-0.0006267484277486801
10.595794916152954,-23.2979679107666,73.0785903930664,-0.39990234375,-0.9431542754173279,-0.03195800632238388,-0.11640136688947678,-2.9999523414700553,8.750895500183105,0.016910023900995923,-0.10538442432880402,0.06755468845367432,-0.07719283550977707,0.0,2.753561238932889e-05,-0.35,-0.3500000238418579,3.1359559491075353,3.1362056732177734,0.00023114198120310903,4.687692580773728e-07,-0.0006423318409360945
10.600826263427734,-23.2979679107666,73.13504028320312,-0.39990234375,-0.9438281059265137,-0.03195800632238388,-0.11703124642372131,-2.999952279089074,8.761899948120117,0.016921087088919446,-0.10531920939683914,0.08057769481527835,-0.10728127509355545,0.0,2.765315912256483e-05,-0.35,-0.3500000238418579,3.1359522613196043,3.136197566986084,0.00022213501506485045,6.827137895015767e-07,-0.000647616689093411
10.605421304702759,-23.2979679107666,73.13504028320312,-0.39990234375,-0.9438281059265137,-0.03195800632238388,-0.11703124642372131,-2.999952279089074,8.761899948120117,0.016921087088919446,-0.10531920939683914,0.06805859208106994,-0.10728127509355545,0.0,2.765315912256483e-05,-0.35,-0.3500000238418579,3.1359522613196043,3.136197566986084,0.00022213501506485045,6.827137895015767e-07,-0.000647616689093411
10.61010479927063,-23.2979679107666,73.25687408447266,-0.39990234375,-0.9452929496765137,-0.03195800632238388,-0.11776366829872131,-2.9999521427148577,8.738943099975586,0.016945247727157275,-0.10542668402194977,0.08428289243995817,-0.04421457648277283,0.0,2.765315912256483e-05,-0.35,-0.3500000238418579,3.1359442076452324,3.136197566986084,0.00022213501506485045,6.827137895015767e-07,-0.000647616689093411
10.614499568939209,-23.2979679107666,73.25687408447266,-0.39990234375,-0.9452929496765137,-0.03195800632238388,-0.11776366829872131,-2.9999521427148577,8.738943099975586,0.016945247727157275,-0.10542668402194977,0.06864452958106995,-0.04421457648277283,0.0,2.7808750019175932e-05,-0.35,-0.3500000238418579,3.1359442076452324,3.1361911296844482,0.00021681787620764226,4.91712057737459e-07,-0.0006477460847236216
10.619369983673096,-23.2979679107666,73.37480163574219,-0.39990234375,-0.9467089772224426,-0.03195800632238388,-0.11830566078424454,-2.999952011180591,8.74765682220459,0.016968518306732988,-0.10536609590053558,0.0802063850243544,-0.06795189529657364,0.0,2.8000342354062013e-05,-0.35,-0.3500000238418579,3.135936450661461,3.136183500289917,0.00022202789841685444,7.453886610164773e-07,-0.0006432869122363627
10.624230861663818,-23.2979679107666,73.37480163574219,-0.39990234375,-0.9467089772224426,-0.03195800632238388,-0.11830566078424454,-2.999952011180591,8.74765682220459,0.016968518306732988,-0.10536609590053558,0.06907812356948853,-0.06795189529657364,0.0,2.8000342354062013e-05,-0.35,-0.3500000238418579,3.135936450661461,3.136183500289917,0.00022202789841685444,7.453886610164773e-07,-0.0006432869122363627
10.628832578659058,-23.2979679107666,73.37480163574219,-0.39990234375,-0.9467089772224426,-0.03195800632238388,-0.11830566078424454,-2.999952011180591,8.74765682220459,0.016968518306732988,-0.10536609590053558,0.06907812356948853,-0.06795189529657364,0.0,2.8039443350280635e-05,-0.35,-0.3500000238418579,3.135936450661461,3.1361806392669678,0.00022532106959261,7.803848802723223e-07,-0.0006408939370885491
10.633358716964722,-23.2979679107666,73.4334716796875,-0.39990234375,-0.9474120736122131,-0.03195800632238388,-0.11894042789936066,-2.9999519460375312,8.761351585388184,0.016980031378926987,-0.10528599470853806,0.08361041181910354,-0.10541728883981705,0.0,2.8039443350280635e-05,-0.35,-0.3500000238418579,3.1359326129092984,3.1361806392669678,0.00022532106959261,7.803848802723223e-07,-0.0006408939370885491
10.638194799423218,-23.2979679107666,73.4334716796875,-0.39990234375,-0.9474120736122131,-0.03195800632238388,-0.11894042789936066,-2.9999519460375312,8.761351585388184,0.016980031378926987,-0.10528599470853806,0.06958593726158142,-0.10541728883981705,0.0,2.8039443350280635e-05,-0.35,-0.3500000238418579,3.1359326129092984,3.1361806392669678,0.00022532106959261,7.803848802723223e-07,-0.0006408939370885491
10.642637014389038,-23.2979679107666,73.55089569091797,-0.39990234375,-0.9488085508346558,-0.03195800632238388,-0.12101562321186066,-2.9999518176451656,8.785332679748535,0.017002700005162356,-0.10514390468597412,0.11796142197873472,-0.17100220918655396,0.0,2.8063301215297543e-05,-0.35,-0.3500000238418579,3.1359250565793544,3.136171579360962,0.0002321138308616355,9.650923402659828e-07,-0.0006318574887700379
10.64769172668457,-23.2979679107666,73.55089569091797,-0.39990234375,-0.9488085508346558,-0.03195800632238388,-0.12101562321186066,-2.9999518176451656,8.785332679748535,0.017002700005162356,-0.10514390468597412,0.07124609351158143,-0.17100220918655396,0.0,2.805635995173361e-05,-0.35,-0.3500000238418579,3.1359250565793544,3.1361653804779053,0.00022767391055822372,7.161283974710386e-07,-0.0006235949113033712
10.65255331993103,-23.2979679107666,73.6322250366211,-0.39990234375,-0.9497851133346558,-0.03195800632238388,-0.12255370616912842,-2.9999517271605685,8.779850006103516,0.017018657594612165,-0.10516355186700821,0.10411398570251457,-0.15587973594665527,0.0,2.805635995173361e-05,-0.35,-0.3500000238418579,3.135919737297359,3.1361653804779053,0.00022767391055822372,7.161283974710386e-07,-0.0006235949113033712
10.65718126296997,-23.2979679107666,73.6322250366211,-0.39990234375,-0.9497851133346558,-0.03195800632238388,-0.12255370616912842,-2.9999517271605685,8.779850006103516,0.017018657594612165,-0.10516355186700821,0.07247655987739564,-0.15587973594665527,0.0,2.8081580239813775e-05,-0.35,-0.3500000238418579,3.135919737297359,3.136160135269165,0.00021975889103487134,3.7099937344464706e-07,-0.0006115378928370774
10.661978483200073,-23.2979679107666,73.6322250366211,-0.39990234375,-0.9497851133346558,-0.03195800632238388,-0.12255370616912842,-2.9999517271605685,8.779850006103516,0.017018657594612165,-0.10516355186700821,0.07247655987739564,-0.15587973594665527,0.0,2.8081580239813775e-05,-0.35,-0.3500000238418579,3.135919737297359,3.136160135269165,0.00021975889103487134,3.7099937344464706e-07,-0.0006115378928370774
10.666797399520874,-23.2979679107666,73.70285034179688,-0.39990234375,-0.9506250023841858,-0.03195800632238388,-0.12375976145267487,-2.9999516500694288,8.783858299255371,0.01703224135902215,-0.10513364523649216,0.0984689248839676,-0.166777566075325,0.0,2.8087591999792494e-05,-0.35,-0.3500000238418579,3.135915209302971,3.136157751083374,0.00021969075896777213,3.1362367280962644e-07,-0.0006047616479918361
10.67142653465271,-23.2979679107666,73.83675384521484,-0.39990234375,-0.9522362947463989,-0.03195800632238388,-0.1266210973262787,-2.9999516500694288,8.78980541229248,0.01703224135902215,-0.1050858348608017,0.07344140410423279,-0.18292072415351868,0.0,2.8087591999792494e-05,-0.35,-0.3500000238418579,3.135915209302971,3.136157751083374,0.00021969075896777213,3.1362367280962644e-07,-0.0006047616479918361
10.676934957504272,-23.2979679107666,73.83675384521484,-0.39990234375,-0.9522362947463989,-0.03195800632238388,-0.1266210973262787,-2.9999515007296083,8.78980541229248,0.01705852485332919,-0.1050858348608017,0.12767521180934854,-0.18292072415351868,0.0,2.8051155823050067e-05,-0.35,-0.3500000238418579,3.1359064479967813,3.136151075363159,0.00022145436378195882,5.58154056307103e-07,-0.0005948441103100777
10.681694269180298,-23.2979679107666,73.89328002929688,-0.39990234375,-0.9529101252555847,-0.03195800632238388,-0.12773437798023224,-2.9999515007296083,8.788677215576172,0.01705852485332919,-0.10508516430854797,0.07573047280311584,-0.17975780367851257,0.0,2.8013480914523825e-05,-0.35,-0.3500000238418579,3.1359064479967813,3.1361448764801025,0.0002206134086009115,5.038483550379169e-07,-0.0005895451176911592
10.689159870147705,-23.2979679107666,73.89328002929688,-0.39990234375,-0.9529101252555847,-0.03195800632238388,-0.12773437798023224,-2.9999514388590693,8.788677215576172,0.0170694020808436,-0.10508516430854797,0.09153323445782151,-0.17975780367851257,0.0,2.8013480914523825e-05,-0.35,-0.3500000238418579,3.135902822195623,3.1361448764801025,0.0002206134086009115,5.038483550379169e-07,-0.0005895451176911592
10.69363522529602,-23.2979679107666,73.9760513305664,-0.39990234375,-0.9538964629173279,-0.03195800632238388,-0.12957030534744263,-2.9999514388590693,8.801849365234375,0.0170694020808436,-0.1050044447183609,0.0766210973262787,-0.215766042470932,0.0,2.793478597595822e-05,-0.35,-0.3500000238418579,3.135902822195623,3.136139392852783,0.00022336181427817792,6.111741868153331e-07,-0.0005796487093903124
10.698081016540527,-23.2979679107666,73.9760513305664,-0.39990234375,-0.9538964629173279,-0.03195800632238388,-0.12957030534744263,-2.999951348382682,8.801849365234375,0.01708529592746485,-0.1050044447183609,0.11938569109970593,-0.215766042470932,0.0,2.793478597595822e-05,-0.35,-0.3500000238418579,3.1358975241609097,3.136139392852783,0.00022336181427817792,6.111741868153331e-07,-0.0005796487093903124
10.70387578010559,-23.2979679107666,73.9760513305664,-0.39990234375,-0.9538964629173279,-0.03195800632238388,-0.12957030534744263,-2.999951348382682,8.801849365234375,0.01708529592746485,-0.1050044447183609,0.078089839220047,-0.215766042470932,0.0,2.793478597595822e-05,-0.35,-0.3500000238418579,3.1358975241609097,3.136139392852783,0.00022336181427817792,6.111741868153331e-07,-0.0005796487093903124
10.709445714950562,-23.2979679107666,74.02347564697266,-0.39990234375,-0.9544628858566284,-0.03195800632238388,-0.13115234673023224,-2.9999512963477386,8.847451210021973,0.017094430131515872,-0.10474775731563568,0.10775870192990852,-0.3406756520271301,0.0,2.793478597595822e-05,-0.35,-0.3500000238418579,3.1358944793768218,3.136139392852783,0.00022336181427817792,6.111741868153331e-07,-0.0005796487093903124
10.71493911743164,-23.2979679107666,74.02347564697266,-0.39990234375,-0.9544628858566284,-0.03195800632238388,-0.13115234673023224,-2.9999512963477386,8.847451210021973,0.017094430131515872,-0.10474775731563568,0.0793554723262787,-0.3406756520271301,0.0,2.7509771825862117e-05,-0.35,-0.3500000238418579,3.1358944793768218,3.136129856109619,0.00023261997557710856,1.5969328615028644e-07,-0.0005606246995739639
10.719440221786499,-23.2979679107666,74.15015411376953,-0.39990234375,-0.95594722032547,-0.03195800632238388,-0.13646972179412842,-2.999951162503513,8.874223709106445,0.017117902728455994,-0.10459376126527786,0.20174427094193825,-0.41397401690483093,0.0,2.7136995413457043e-05,-0.35,-0.3500000238418579,3.135886655050643,3.136121988296509,0.00022360520961228758,7.251423994603101e-08,-0.0005400272202678025
10.725659132003784,-23.2979679107666,74.15015411376953,-0.39990234375,-0.95594722032547,-0.03195800632238388,-0.13646972179412842,-2.999951162503513,8.874223709106445,0.017117902728455994,-0.10459376126527786,0.08360937237739563,-0.41397401690483093,0.0,2.7136995413457043e-05,-0.35,-0.3500000238418579,3.135886655050643,3.136121988296509,0.00022360520961228758,7.251423994603101e-08,-0.0005400272202678025
10.731423139572144,-23.2979679107666,74.22929382324219,-0.39990234375,-0.9568847417831421,-0.03195800632238388,-0.1404394507408142,-2.9999510771763127,8.88669204711914,0.01713284998716521,-0.10451699793338776,0.15565614329119695,-0.4480707049369812,0.0,2.7009102268493734e-05,-0.35,-0.3500000238418579,3.1358816725498913,3.1361193656921387,0.00022208598966244608,1.2244856861798326e-07,-0.0005346722900867462
10.737955808639526,-23.2979679107666,74.22929382324219,-0.39990234375,-0.9568847417831421,-0.03195800632238388,-0.1404394507408142,-2.9999510771763127,8.88669204711914,0.01713284998716521,-0.10451699793338776,0.08678515553474427,-0.4480707049369812,0.0,2.7009102268493734e-05,-0.35,-0.3500000238418579,3.1358816725498913,3.1361193656921387,0.00022208598966244608,1.2244856861798326e-07,-0.0005346722900867462
10.743878602981567,-23.2979679107666,74.27156066894531,-0.39990234375,-0.9573827981948853,-0.03195800632238388,-0.14274902641773224,-2.9999510320973366,8.90073299407959,0.01714074146950256,-0.10443612933158875,0.12762751255804344,-0.48650965094566345,0.0,2.7009102268493734e-05,-0.35,-0.3500000238418579,3.1358790420128613,3.1361193656921387,0.00022208598966244608,1.2244856861798326e-07,-0.0005346722900867462
10.748540163040161,-23.2979679107666,74.27156066894531,-0.39990234375,-0.9573827981948853,-0.03195800632238388,-0.14274902641773224,-2.9999510320973366,8.90073299407959,0.01714074146950256,-0.10443612933158875,0.0886328160762787,-0.48650965094566345,0.0,2.7009102268493734e-05,-0.35,-0.3500000238418579,3.1358790420128613,3.1361193656921387,0.00022208598966244608,1.2244856861798326e-07,-0.0005346722900867462
10.755597114562988,-23.2979679107666,74.27156066894531,-0.39990234375,-0.9573827981948853,-0.03195800632238388,-0.14274902641773224,-2.9999510320973366,8.90073299407959,0.01714074146950256,-0.10443612933158875,0.0886328160762787,-0.48650965094566345,0.0,2.6873089154832996e-05,-0.35,-0.3500000238418579,3.1358790420128613,3.136115550994873,0.00023664273612666875,1.3437067991617369e-06,-0.0005223696352913976
10.760066270828247,-23.2979679107666,74.33109283447266,-0.39990234375,-0.9580858945846558,-0.03195800632238388,-0.1459033191204071,-2.9999509683557024,9.033886909484863,0.017151893822027774,-0.10368662327528,0.1617354046796029,-0.8513072729110718,0.0,2.6873089154832996e-05,-0.35,-0.3500000238418579,3.1358753245013005,3.136115550994873,0.00023664273612666875,1.3437067991617369e-06,-0.0005223696352913976
10.765615463256836,-23.2979679107666,74.33109283447266,-0.39990234375,-0.9580858945846558,-0.03195800632238388,-0.1459033191204071,-2.9999509683557024,9.033886909484863,0.017151893822027774,-0.10368662327528,0.09115625023841858,-0.8513072729110718,0.0,2.58296695392346e-05,-0.35,-0.3500000238418579,3.1358753245013005,3.136101007461548,0.00024206560919992626,1.6890553524717689e-06,-0.0005305709782987833
10.772397756576538,-23.2979679107666,74.56819915771484,-0.39990234375,-0.9608203172683716,-0.03195800632238388,-0.16657225787639618,-2.999950726420487,9.152315139770508,0.01719415741439237,-0.10303113609552383,0.25,-1.175878882408142,0.0,2.58296695392346e-05,-0.35,-0.3500000238418579,3.135861236406357,3.136101007461548,0.00024206560919992626,1.6890553524717689e-06,-0.0005305709782987833
10.778462648391724,-23.2979679107666,74.56819915771484,-0.39990234375,-0.9608203172683716,-0.03195800632238388,-0.16657225787639618,-2.999950726420487,9.152315139770508,0.01719415741439237,-0.10303113609552383,0.10769140124320985,-1.175878882408142,0.0,2.58296695392346e-05,-0.35,-0.3500000238418579,3.135861236406357,3.136101007461548,0.00024206560919992626,1.6890553524717689e-06,-0.0005305709782987833
10.783689260482788,-23.2979679107666,74.66636657714844,-0.39990234375,-0.9619140625,-0.03195800632238388,-0.1796289086341858,-2.999950633163627,9.238397598266602,0.01721042071405534,-0.10255082696676254,0.25,-1.411773443222046,0.0,2.5330115022370592e-05,-0.35,-0.3500000238418579,3.1358558152173446,3.136094808578491,0.00023465027334168553,1.4957429357309593e-06,-0.0005293054273352027
10.788979768753052,-23.2979679107666,74.66636657714844,-0.39990234375,-0.9619140625,-0.03195800632238388,-0.1796289086341858,-2.999950633163627,9.238397598266602,0.01721042071405534,-0.10255082696676254,0.11813672184944153,-1.411773443222046,0.0,2.5330115022370592e-05,-0.35,-0.3500000238418579,3.1358558152173446,3.136094808578491,0.00023465027334168553,1.4957429357309593e-06,-0.0005293054273352027
10.794454336166382,-23.2979679107666,74.8373031616211,-0.39990234375,-0.9637890458106995,-0.03195800632238388,-0.20900878310203552,-2.9999504762003557,9.42038345336914,0.01723775928760848,-0.10154179483652115,0.25,-1.9105504751205444,0.0,2.4672175641171634e-05,-0.35,-0.3500000238418579,3.135846702209295,3.136085033416748,0.00022606091806665063,5.921997399127577e-07,-0.000538269872777164
10.799206495285034,-23.2979679107666,74.8373031616211,-0.39990234375,-0.9637890458106995,-0.03195800632238388,-0.20900878310203552,-2.9999504762003557,9.42038345336914,0.01723775928760848,-0.10154179483652115,0.14164062142372133,-1.9105504751205444,0.0,2.4672175641171634e-05,-0.35,-0.3500000238418579,3.135846702209295,3.136085033416748,0.00022606091806665063,5.921997399127577e-07,-0.000538269872777164
10.804842233657837,-23.2979679107666,74.8373031616211,-0.39990234375,-0.9637890458106995,-0.03195800632238388,-0.20900878310203552,-2.9999504762003557,9.42038345336914,0.01723775928760848,-0.10154179483652115,0.14164062142372133,-1.9105504751205444,0.0,2.4672175641171634e-05,-0.35,-0.3500000238418579,3.135846702209295,3.136085033416748,0.00022162766254041344,5.379733920563012e-07,-0.0005394337931647897
10.81257152557373,-23.2979679107666,74.8373031616211,-0.39990234375,-0.9637890458106995,-0.03195800632238388,-0.20900878310203552,-2.9999504762003557,9.42038345336914,0.01723775928760848,-0.10154179483652115,0.14164062142372133,-1.9105504751205444,0.0,2.4672175641171634e-05,-0.35,-0.3500000238418579,3.135846702209295,3.136085033416748,0.00022162766254041344,5.379733920563012e-07,-0.0005394337931647897
10.818781852722168,-23.2979679107666,74.92140197753906,-0.39990234375,-0.9646874666213989,-0.03195800632238388,-0.2264404296875,-2.9999504033094073,9.4299955368042,0.017250440102273022,-0.10146898776292801,0.25,-1.9368921518325806,0.0,2.447488259349484e-05,-0.35,-0.3500000238418579,3.135842475201243,3.1360793113708496,0.00018838817777577788,-4.241645683578099e-07,-0.0005210511735640466
10.824317932128906,-23.2979679107666,74.92140197753906,-0.39990234375,-0.9646874666213989,-0.03195800632238388,-0.2264404296875,-2.9999504033094073,9.4299955368042,0.017250440102273022,-0.10146898776292801,0.15558593869209292,-1.9368921518325806,0.0,2.447488259349484e-05,-0.35,-0.3500000238418579,3.135842475201243,3.1360793113708496,0.00018838817777577788,-4.241645683578099e-07,-0.0005210511735640466
10.828996658325195,-23.2979679107666,75.20854949951172,-0.39990234375,-0.967822253704071,-0.03195800632238388,-0.28117185831069946,-2.9999501431666813,9.262380599975586,0.017295621243799846,-0.10236407071352005,0.25,-1.4775190353393555,0.0,2.471555126248859e-05,-0.35,-0.3500000238418579,3.1358274145710956,3.1360645294189453,0.00014583241136278957,-6.220385557753616e-07,-0.0004834565916098654
10.8340163230896,-23.2979679107666,75.20854949951172,-0.39990234375,-0.967822253704071,-0.03195800632238388,-0.28117185831069946,-2.9999501431666813,9.262380599975586,0.017295621243799846,-0.10236407071352005,0.19937108159065248,-1.4775190353393555,0.0,2.471555126248859e-05,-0.35,-0.3500000238418579,3.1358274145710956,3.1360645294189453,0.00014583241136278957,-6.220385557753616e-07,-0.0004834565916098654
10.838542938232422,-23.2979679107666,75.20854949951172,-0.39990234375,-0.967822253704071,-0.03195800632238388,-0.28117185831069946,-2.9999501431666813,9.262380599975586,0.017295621243799846,-0.10236407071352005,0.19937108159065248,-1.4775190353393555,0.0,2.471555126248859e-05,-0.35,-0.3500000238418579,3.1358274145710956,3.1360645294189453,0.00014583241136278957,-6.220385557753616e-07,-0.0004834565916098654
10.843041896820068,-23.2979679107666,75.24143981933594,-0.39990234375,-0.9681835770606995,-0.03195800632238388,-0.28603026270866394,-2.99995011302625,9.21738338470459,0.017300848354707014,-0.10259820520877838,0.25,-1.3541520833969116,0.0,2.471555126248859e-05,-0.35,-0.3500000238418579,3.1358256721718276,3.1360645294189453,0.00014583241136278957,-6.220385557753616e-07,-0.0004834565916098654
10.847755193710327,-23.2979679107666,75.24143981933594,-0.39990234375,-0.9681835770606995,-0.03195800632238388,-0.28603026270866394,-2.99995011302625,9.21738338470459,0.017300848354707014,-0.10259820520877838,0.20325780510902405,-1.3541520833969116,0.0,2.5135917894658633e-05,-0.35,-0.3500000238418579,3.1358256721718276,3.136054039001465,0.0001686571049503982,-8.798750172900327e-08,-0.00047093324246816337
10.85232138633728,-23.2979679107666,75.44992065429688,-0.39990234375,-0.9704882502555847,-0.03195800632238388,-0.31847167015075684,-2.9999499197107795,9.276962280273438,0.017334336655529838,-0.10225484520196915,0.25,-1.5173348188400269,0.0,2.5081948479055427e-05,-0.35,-0.3500000238418579,3.1358145092188985,3.136049747467041,0.0001861744385678321,4.066456540385843e-07,-0.0004693284281529486
10.857100009918213,-23.2979679107666,75.44992065429688,-0.39990234375,-0.9704882502555847,-0.03195800632238388,-0.31847167015075684,-2.9999499197107795,9.276962280273438,0.017334336655529838,-0.10225484520196915,0.22921093106269838,-1.5173348188400269,0.0,2.5081948479055427e-05,-0.35,-0.3500000238418579,3.1358145092188985,3.136049747467041,0.0001861744385678321,4.066456540385843e-07,-0.0004693284281529486
10.861840009689331,-23.2979679107666,75.51304626464844,-0.39990234375,-0.9711816310882568,-0.03195800632238388,-0.3292187452316284,-2.99994986204519,9.314696311950684,0.01734431362274312,-0.10204053670167923,0.25,-1.620715856552124,0.0,2.5081948479055427e-05,-0.35,-0.3500000238418579,3.1358111835076112,3.136049747467041,0.0001861744385678321,4.066456540385843e-07,-0.0004693284281529486
10.866483211517334,-23.2979679107666,75.51304626464844,-0.39990234375,-0.9711816310882568,-0.03195800632238388,-0.3292187452316284,-2.99994986204519,9.314696311950684,0.01734431362274312,-0.10204053670167923,0.23780859112739564,-1.620715856552124,0.0,2.4889484848245047e-05,-0.35,-0.3500000238418579,3.1358111835076112,3.136045217514038,0.00020137953106313944,7.40990117265028e-07,-0.00047219355474226177
10.871256589889526,-23.2979679107666,75.51304626464844,-0.39990234375,-0.9711816310882568,-0.03195800632238388,-0.3292187452316284,-2.99994986204519,9.314696311950684,0.01734431362274312,-0.10204053670167923,0.23780859112739564,-1.620715856552124,0.0,2.4889484848245047e-05,-0.35,-0.3500000238418579,3.1358111835076112,3.136045217514038,0.00020137953106313944,7.40990117265028e-07,-0.00047219355474226177
10.876111268997192,-23.2979679107666,75.63886260986328,-0.39990234375,-0.97254878282547,-0.03195800632238388,-0.3524560332298279,-2.9999497498353316,9.368366241455078,0.017363711093315328,-0.10173118114471436,0.25,-1.7677321434020996,0.0,2.4444458176731132e-05,-0.35,-0.3500000238418579,3.1358047175759034,3.1360394954681396,0.0002197350695496425,1.3519622825697297e-06,-0.0004960164078511298
10.880964040756226,-23.2979679107666,75.63886260986328,-0.39990234375,-0.97254878282547,-0.03195800632238388,-0.3524560332298279,-2.9999497498353316,9.368366241455078,0.017363711093315328,-0.10173118114471436,0.25,-1.7677321434020996,0.0,2.410167144262232e-05,-0.35,-0.3500000238418579,3.1358047175759034,3.136033773422241,0.00021465844474732876,1.4261622709454969e-06,-0.0005133812082931399
10.885522365570068,-23.2979679107666,75.76070404052734,-0.39990234375,-0.973876953125,-0.03195800632238388,-0.3750634789466858,-2.9999496405842,9.337368965148926,0.017382576297263332,-0.10188673436641693,0.25,-1.6827166080474854,0.0,2.410167144262232e-05,-0.35,-0.3500000238418579,3.13579842906914,3.136033773422241,0.00021465844474732876,1.4261622709454969e-06,-0.0005133812082931399
10.88994288444519,-23.2979679107666,75.76070404052734,-0.39990234375,-0.973876953125,-0.03195800632238388,-0.3750634789466858,-2.9999496405842,9.337368965148926,0.017382576297263332,-0.10188673436641693,0.25,-1.6827166080474854,0.0,2.4001226847758517e-05,-0.35,-0.3500000238418579,3.13579842906914,3.136030912399292,0.00020323881471995264,1.3130163551977603e-06,-0.0005159802967682481
10.89464807510376,-23.2979679107666,75.82792663574219,-0.39990234375,-0.974609375,-0.03195800632238388,-0.38661131262779236,-2.9999495804352336,9.289477348327637,0.017392953931555648,-0.1021418645977974,0.25,-1.5514259338378906,0.0,2.4001226847758517e-05,-0.35,-0.3500000238418579,3.1357949697996057,3.136030912399292,0.00020323881471995264,1.3130163551977603e-06,-0.0005159802967682481
10.899125576019287,-23.2979679107666,75.82792663574219,-0.39990234375,-0.974609375,-0.03195800632238388,-0.38661131262779236,-2.9999495804352336,9.289477348327637,0.017392953931555648,-0.1021418645977974,0.25,-1.5514259338378906,0.0,2.3954380594659597e-05,-0.35,-0.3500000238418579,3.1357949697996057,3.136023759841919,0.00018169177928939462,7.575349627586547e-07,-0.0005102722789160907
10.904050350189209,-23.2979679107666,75.82792663574219,-0.39990234375,-0.974609375,-0.03195800632238388,-0.38661131262779236,-2.9999495804352336,9.289477348327637,0.017392953931555648,-0.1021418645977974,0.25,-1.5514259338378906,0.0,2.3954380594659597e-05,-0.35,-0.3500000238418579,3.1357949697996057,3.136023759841919,0.00018169177928939462,7.575349627586547e-07,-0.0005102722789160907
10.908499240875244,-23.2979679107666,75.96484375,-0.39990234375,-0.9761328101158142,-0.03195800632238388,-0.40764158964157104,-2.9999494525128556,9.227324485778809,0.0174150041004587,-0.10246727615594864,0.25,-1.380982518196106,0.0,2.4014236259972677e-05,-0.35,-0.3500000238418579,3.135787619619617,3.136019468307495,0.0001750878436723724,6.672264589724364e-07,-0.0005059243412688375
10.913174867630005,-23.2979679107666,75.96484375,-0.39990234375,-0.9761328101158142,-0.03195800632238388,-0.40764158964157104,-2.9999494525128556,9.227324485778809,0.0174150041004587,-0.10246727615594864,0.25,-1.380982518196106,0.0,2.4014236259972677e-05,-0.35,-0.3500000238418579,3.135787619619617,3.136019468307495,0.0001750878436723724,6.672264589724364e-07,-0.0005059243412688375
10.918095350265503,-23.2979679107666,76.05925750732422,-0.39990234375,-0.9771777391433716,-0.03195800632238388,-0.4211718738079071,-2.9999493653924554,9.1914644241333,0.017430005203745824,-0.10265345126390457,0.25,-1.28262460231781,0.0,2.413116453681141e-05,-0.35,-0.3500000238418579,3.1357826191675287,3.136014699935913,0.00016544206300750375,6.080149432818871e-07,-0.0004974494222551584
10.922983407974243,-23.2979679107666,76.05925750732422,-0.39990234375,-0.9771777391433716,-0.03195800632238388,-0.4211718738079071,-2.9999493653924554,9.1914644241333,0.017430005203745824,-0.10265345126390457,0.25,-1.28262460231781,0.0,2.413116453681141e-05,-0.35,-0.3500000238418579,3.1357826191675287,3.136014699935913,0.00016544206300750375,6.080149432818871e-07,-0.0004974494222551584
10.927712440490723,-23.2979679107666,76.12824249267578,-0.39990234375,-0.9779492020606995,-0.03195800632238388,-0.4309179484844208,-2.9999493003960866,9.196590423583984,0.01744118840644594,-0.10261690616607666,0.25,-1.296602725982666,0.0,2.4205026420531794e-05,-0.35,-0.3500000238418579,3.1357788913703364,3.136012315750122,0.0001640606642467901,6.327766186586814e-07,-0.0004912436124868691
10.932347774505615,-23.2979679107666,76.12824249267578,-0.39990234375,-0.9779492020606995,-0.03195800632238388,-0.4309179484844208,-2.9999493003960866,9.196590423583984,0.01744118840644594,-0.10261690616607666,0.25,-1.296602725982666,0.0,2.4205026420531794e-05,-0.35,-0.3500000238418579,3.1357788913703364,3.136012315750122,0.0001640606642467901,6.327766186586814e-07,-0.0004912436124868691
10.936893701553345,-23.2979679107666,76.12824249267578,-0.39990234375,-0.9779492020606995,-0.03195800632238388,-0.4309179484844208,-2.9999493003960866,9.196590423583984,0.01744118840644594,-0.10261690616607666,0.25,-1.296602725982666,0.0,2.437722469039727e-05,-0.35,-0.3500000238418579,3.1357788913703364,3.1360065937042236,0.00015784615243319422,8.493138921039645e-07,-0.0004782760515809059
10.941561222076416,-23.2979679107666,76.24964904785156,-0.39990234375,-0.979296863079071,-0.03195800632238388,-0.4478076100349426,-2.999949187887065,9.178146362304688,0.017460529652357715,-0.10270412266254425,0.25,-1.2459381818771362,0.0,2.45453975367127e-05,-0.35,-0.3500000238418579,3.1357724441792882,3.1360018253326416,0.0001495118922321126,8.208775170714944e-07,-0.00046745577128604054
10.946191310882568,-23.2979679107666,76.24964904785156,-0.39990234375,-0.979296863079071,-0.03195800632238388,-0.4478076100349426,-2.999949187887065,9.178146362304688,0.017460529652357715,-0.10270412266254425,0.25,-1.2459381818771362,0.0,2.45453975367127e-05,-0.35,-0.3500000238418579,3.1357724441792882,3.1360018253326416,0.0001495118922321126,8.208775170714944e-07,-0.00046745577128604054
10.951037883758545,-23.2979679107666,76.35405731201172,-0.39990234375,-0.9804784655570984,-0.03195800632238388,-0.46101561188697815,-2.9999490872817436,9.127026557922363,0.01747780642509813,-0.10297399014234543,0.25,-1.1057322025299072,0.0,2.45453975367127e-05,-0.35,-0.3500000238418579,3.135766685157402,3.1360018253326416,0.0001495118922321126,8.208775170714944e-07,-0.00046745577128604054
10.955599308013916,-23.2979679107666,76.35405731201172,-0.39990234375,-0.9804784655570984,-0.03195800632238388,-0.46101561188697815,-2.9999490872817436,9.127026557922363,0.01747780642509813,-0.10297399014234543,0.25,-1.1057322025299072,0.0,2.4753038815106265e-05,-0.35,-0.3500000238418579,3.135766685157402,3.1359975337982178,0.00014332497084978968,8.369968327315291e-07,-0.00045117398258298635
10.960503101348877,-23.2979679107666,76.45335388183594,-0.39990234375,-0.9816015362739563,-0.03195800632238388,-0.47307127714157104,-2.9999489918249047,9.132709503173828,0.0174941832829634,-0.10293065756559372,0.25,-1.121196985244751,0.0,2.491768100298941e-05,-0.35,-0.3500000238418579,3.1357612261120487,3.135993480682373,0.00014854405890218914,8.357019396498799e-07,-0.0004449006519280374
10.965210199356079,-23.2979679107666,76.45335388183594,-0.39990234375,-0.9816015362739563,-0.03195800632238388,-0.47307127714157104,-2.9999489918249047,9.132709503173828,0.0174941832829634,-0.10293065756559372,0.25,-1.121196985244751,0.0,2.491768100298941e-05,-0.35,-0.3500000238418579,3.1357612261120487,3.135993480682373,0.00014854405890218914,8.357019396498799e-07,-0.0004449006519280374
10.969871044158936,-23.2979679107666,76.45335388183594,-0.39990234375,-0.9816015362739563,-0.03195800632238388,-0.47307127714157104,-2.9999489918249047,9.132709503173828,0.0174941832829634,-0.10293065756559372,0.25,-1.121196985244751,0.0,2.4951386876637116e-05,-0.35,-0.3500000238418579,3.1357612261120487,3.1359894275665283,0.00015834944497328252,9.60629449764383e-07,-0.00043722669943235815
10.974583387374878,-23.2979679107666,76.55382537841797,-0.39990234375,-0.9827343821525574,-0.03195800632238388,-0.48576658964157104,-2.9999488959572345,9.147159576416016,0.01751061520818675,-0.10283862054347992,0.25,-1.1606969833374023,0.0,2.4951386876637116e-05,-0.35,-0.3500000238418579,3.1357557487104226,3.1359894275665283,0.00015834944497328252,9.60629449764383e-07,-0.00043722669943235815
10.979265928268433,-23.2979679107666,76.55382537841797,-0.39990234375,-0.9827343821525574,-0.03195800632238388,-0.48576658964157104,-2.9999488959572345,9.147159576416016,0.01751061520818675,-0.10283862054347992,0.25,-1.1606969833374023,0.0,2.4960310838650912e-05,-0.35,-0.3500000238418579,3.1357557487104226,3.1359851360321045,0.0001539275690447539,8.392606787310797e-07,-0.00042670383118093014
10.98414945602417,-23.2979679107666,76.64910125732422,-0.39990234375,-0.9838085770606995,-0.03195800632238388,-0.4975000023841858,-2.999948805154332,9.11994743347168,0.017526164814264368,-0.10297795385122299,0.25,-1.0860178470611572,0.0,2.4960310838650912e-05,-0.35,-0.3500000238418579,3.1357505654200226,3.1359851360321045,0.0001539275690447539,8.392606787310797e-07,-0.00042670383118093014
10.988811492919922,-23.2979679107666,76.64910125732422,-0.39990234375,-0.9838085770606995,-0.03195800632238388,-0.4975000023841858,-2.999948805154332,9.11994743347168,0.017526164814264368,-0.10297795385122299,0.25,-1.0860178470611572,0.0,2.4960310838650912e-05,-0.35,-0.3500000238418579,3.1357505654200226,3.1359851360321045,0.0001539275690447539,8.392606787310797e-07,-0.00042670383118093014
10.99331545829773,-23.2979679107666,76.73726654052734,-0.39990234375,-0.9848046898841858,-0.03195800632238388,-0.5071679353713989,-2.9999487208447797,9.065485000610352,0.0175405901203616,-0.1032693013548851,0.25,-0.9366642832756042,0.0,2.4991481041070074e-05,-0.35,-0.3500000238418579,3.135745756902532,3.135981321334839,0.00014261364412959665,6.655569677604944e-07,-0.00041149184107780457
10.997942209243774,-23.2979679107666,76.73726654052734,-0.39990234375,-0.9848046898841858,-0.03195800632238388,-0.5071679353713989,-2.9999487208447797,9.065485000610352,0.0175405901203616,-0.1032693013548851,0.25,-0.9366642832756042,0.0,2.4961798771983013e-05,-0.35,-0.3500000238418579,3.135745756902532,3.1359755992889404,0.0001622040435904637,6.878798330944846e-07,-0.00040661118691787124
11.002938985824585,-23.2979679107666,76.86046600341797,-0.39990234375,-0.9862011671066284,-0.03195800632238388,-0.5204101204872131,-2.999948602370105,9.092900276184082,0.01756084102919334,-0.1031021773815155,0.25,-1.0116816759109497,0.0,2.4961798771983013e-05,-0.35,-0.3500000238418579,3.13573900648407,3.1359755992889404,0.0001622040435904637,6.878798330944846e-07,-0.00040661118691787124
11.00754690170288,-23.2979679107666,76.86046600341797,-0.39990234375,-0.9862011671066284,-0.03195800632238388,-0.5204101204872131,-2.999948602370105,9.092900276184082,0.01756084102919334,-0.1031021773815155,0.25,-1.0116816759109497,0.0,2.472967935318593e-05,-0.35,-0.3500000238418579,3.13573900648407,3.1359713077545166,0.00018129234376829118,7.39602000976447e-07,-0.00041015498572960496
11.01219630241394,-23.2979679107666,76.95539093017578,-0.39990234375,-0.9872753620147705,-0.03195800632238388,-0.5312304496765137,-2.999948602370105,9.105944633483887,0.01756084102919334,-0.10301823168992996,0.25,-1.0473355054855347,0.0,2.472967935318593e-05,-0.35,-0.3500000238418579,3.13573900648407,3.1359713077545166,0.00018129234376829118,7.39602000976447e-07,-0.00041015498572960496
11.016865968704224,-23.2979679107666,76.95539093017578,-0.39990234375,-0.9872753620147705,-0.03195800632238388,-0.5312304496765137,-2.9999485115047184,9.105944633483887,0.017576356864382615,-0.10301823168992996,0.25,-1.0473355054855347,0.0,2.45170813286677e-05,-0.35,-0.3500000238418579,3.1357338344503183,3.1359691619873047,0.0001831650733947754,7.689400263188872e-07,-0.0004083411186002195
11.021713733673096,-23.2979679107666,76.95539093017578,-0.39990234375,-0.9872753620147705,-0.03195800632238388,-0.5312304496765137,-2.9999485115047184,9.105944633483887,0.017576356864382615,-0.10301823168992996,0.25,-1.0473355054855347,0.0,2.4242204744950868e-05,-0.35,-0.3500000238418579,3.1357338344503183,3.135964870452881,0.00017639184079598635,8.550615575586562e-07,-0.00040137453470379114
11.026292562484741,-23.2979679107666,77.05304718017578,-0.39990234375,-0.9883984327316284,-0.03195800632238388,-0.5421337485313416,-2.999948414970944,9.080668449401855,0.017592825620718677,-0.1031470075249672,0.25,-0.9779565930366516,0.0,2.4242204744950868e-05,-0.35,-0.3500000238418579,3.135728344770566,3.135964870452881,0.00017639184079598635,8.550615575586562e-07,-0.00040137453470379114
11.031355381011963,-23.2979679107666,77.05304718017578,-0.39990234375,-0.9883984327316284,-0.03195800632238388,-0.5421337485313416,-2.999948414970944,9.080668449401855,0.017592825620718677,-0.1031470075249672,0.25,-0.9779565930366516,0.0,2.4242204744950868e-05,-0.35,-0.3500000238418579,3.135728344770566,3.135964870452881,0.00017639184079598635,8.550615575586562e-07,-0.00040137453470379114
11.035847902297974,-23.2979679107666,77.13273620605469,-0.39990234375,-0.989306628704071,-0.03195800632238388,-0.5507763624191284,-2.9999483377159137,9.087307929992676,0.017605994306620687,-0.10310034453868866,0.25,-0.9960695505142212,0.0,2.3885166228865273e-05,-0.35,-0.3500000238418579,3.1357239551330625,3.135960340499878,0.00018235498282592744,8.57821873978537e-07,-0.00039963514427654445
11.04046630859375,-23.2979679107666,77.13273620605469,-0.39990234375,-0.989306628704071,-0.03195800632238388,-0.5507763624191284,-2.9999483377159137,9.087307929992676,0.017605994306620687,-0.10310034453868866,0.25,-0.9960695505142212,0.0,2.3510778191848658e-05,-0.35,-0.3500000238418579,3.1357239551330625,3.1359565258026123,0.00019113870803266764,9.55249447542883e-07,-0.0004043777589686215
11.04550814628601,-23.2979679107666,77.23222351074219,-0.39990234375,-0.9904394149780273,-0.03195800632238388,-0.5620995759963989,-2.999948241541625,9.107501983642578,0.01762237416785315,-0.10297565162181854,0.25,-1.051321029663086,0.0,2.3510778191848658e-05,-0.35,-0.3500000238418579,3.1357184950852046,3.1359565258026123,0.00019113870803266764,9.55249447542883e-07,-0.0004043777589686215
11.050293207168579,-23.2979679107666,77.23222351074219,-0.39990234375,-0.9904394149780273,-0.03195800632238388,-0.5620995759963989,-2.999948241541625,9.107501983642578,0.01762237416785315,-0.10297565162181854,0.25,-1.051321029663086,0.0,2.3510778191848658e-05,-0.35,-0.3500000238418579,3.1357184950852046,3.1359565258026123,0.00019113870803266764,9.55249447542883e-07,-0.0004043777589686215
11.055126667022705,-23.2979679107666,77.32503509521484,-0.39990234375,-0.991503894329071,-0.03195800632238388,-0.5727196931838989,-2.9999481505613863,9.095823287963867,0.017637855405919133,-0.1030295193195343,0.25,-1.019210696220398,0.0,2.3258211513166316e-05,-0.35,-0.3500000238418579,3.1357133345834045,3.135953903198242,0.0001861711498349905,9.309089818998473e-07,-0.0004022946231998503
11.059908151626587,-23.2979679107666,77.32503509521484,-0.39990234375,-0.991503894329071,-0.03195800632238388,-0.5727196931838989,-2.9999481505613863,9.095823287963867,0.017637855405919133,-0.1030295193195343,0.25,-1.019210696220398,0.0,2.3258211513166316e-05,-0.35,-0.3500000238418579,3.1357133345834045,3.135953903198242,0.0001861711498349905,9.309089818998473e-07,-0.0004022946231998503
11.064525842666626,-23.2979679107666,77.32503509521484,-0.39990234375,-0.991503894329071,-0.03195800632238388,-0.5727196931838989,-2.9999481505613863,9.095823287963867,0.017637855405919133,-0.1030295193195343,0.25,-1.019210696220398,0.0,2.2891195840202272e-05,-0.35,-0.3500000238418579,3.1357133345834045,3.1359496116638184,0.00017441730597056448,8.913727924664272e-07,-0.00039544468745589256
11.069324254989624,-23.2979679107666,77.4399185180664,-0.39990234375,-0.9928027391433716,-0.03195800632238388,-0.5845654010772705,-2.9999480413585995,9.048306465148926,0.01765641947568139,-0.10328071564435959,0.25,-0.8888547420501709,0.0,2.2698610337101854e-05,-0.35,-0.3500000238418579,3.1357071464530875,3.135946273803711,0.00016021147894207388,7.929560297270655e-07,-0.0003896932757925242
11.074052333831787,-23.2979679107666,77.4399185180664,-0.39990234375,-0.9928027391433716,-0.03195800632238388,-0.5845654010772705,-2.9999480413585995,9.048306465148926,0.01765641947568139,-0.10328071564435959,0.25,-0.8888547420501709,0.0,2.2698610337101854e-05,-0.35,-0.3500000238418579,3.1357071464530875,3.135946273803711,0.00016021147894207388,7.929560297270655e-07,-0.0003896932757925242
11.078705072402954,-23.2979679107666,77.5233154296875,-0.39990234375,-0.9937597513198853,-0.03195800632238388,-0.5920702815055847,-2.9999479596903225,9.00724983215332,0.01767029003360658,-0.1034998893737793,0.25,-0.7762347459793091,0.0,2.2570220608031377e-05,-0.35,-0.3500000238418579,3.1357025228536375,3.135942220687866,0.00015233461454045027,8.222143605962628e-07,-0.0003845990286208689
11.083204507827759,-23.2979679107666,77.5233154296875,-0.39990234375,-0.9937597513198853,-0.03195800632238388,-0.5920702815055847,-2.9999479596903225,9.00724983215332,0.01767029003360658,-0.1034998893737793,0.25,-0.7762347459793091,0.0,2.2570220608031377e-05,-0.35,-0.3500000238418579,3.1357025228536375,3.135942220687866,0.00015233461454045027,8.222143605962628e-07,-0.0003845990286208689
11.08783507347107,-23.2979679107666,77.61554718017578,-0.39990234375,-0.9948144555091858,-0.03195800632238388,-0.600024402141571,-2.9999478700999256,9.010183334350586,0.017685493572989677,-0.10347213596105576,0.25,-0.7841589450836182,0.0,2.244976167276036e-05,-0.35,-0.3500000238418579,3.1356974549191885,3.1359381675720215,0.00015470068319700658,8.427310831393697e-07,-0.00038592933560721576
11.092612504959106,-23.2979679107666,77.61554718017578,-0.39990234375,-0.9948144555091858,-0.03195800632238388,-0.600024402141571,-2.9999478700999256,9.010183334350586,0.017685493572989677,-0.10347213596105576,0.25,-0.7841589450836182,0.0,2.244976167276036e-05,-0.35,-0.3500000238418579,3.1356974549191885,3.1359381675720215,0.00015470068319700658,8.427310831393697e-07,-0.00038592933560721576
11.097966194152832,-23.2979679107666,77.73261260986328,-0.39990234375,-0.9961523413658142,-0.03195800632238388,-0.6104882955551147,-2.9999478700999256,9.01828670501709,0.017685493572989677,-0.10341226309537888,0.25,-0.8062393069267273,0.0,2.244976167276036e-05,-0.35,-0.3500000238418579,3.1356974549191885,3.1359381675720215,0.00016231313929893076,9.43879285841831e-07,-0.0003903729375451803
11.103009223937988,-23.2979679107666,77.73261260986328,-0.39990234375,-0.9961523413658142,-0.03195800632238388,-0.6104882955551147,-2.999947756652316,9.01828670501709,0.01770472696023196,-0.10341226309537888,0.25,-0.8062393069267273,0.0,2.244976167276036e-05,-0.35,-0.3500000238418579,3.1356910436785808,3.1359381675720215,0.00016231313929893076,9.43879285841831e-07,-0.0003903729375451803
11.11699104309082,-23.2979679107666,77.73261260986328,-0.39990234375,-0.9961523413658142,-0.03195800632238388,-0.6104882955551147,-2.999947756652316,9.01828670501709,0.01770472696023196,-0.10341226309537888,0.25,-0.8062393069267273,0.0,2.2198804799700156e-05,-0.35,-0.3500000238418579,3.1356910436785808,3.135932683944702,0.0001595238281879574,1.0156672942684963e-06,-0.00039087131153792143
11.121859788894653,-23.2979679107666,77.79273223876953,-0.39990234375,-0.9968456625938416,-0.03195800632238388,-0.6157128810882568,-2.999947697351131,9.00446605682373,0.017714772300179423,-0.10348226130008698,0.25,-0.768290102481842,0.0,2.2087951947469264e-05,-0.35,-0.3500000238418579,3.135687695173586,3.135930299758911,0.00015729015285614878,1.0319431567040738e-06,-0.00038967872387729585
11.12656545639038,-23.2979679107666,77.79273223876953,-0.39990234375,-0.9968456625938416,-0.03195800632238388,-0.6157128810882568,-2.999947697351131,9.00446605682373,0.017714772300179423,-0.10348226130008698,0.25,-0.768290102481842,0.0,2.2057403839426115e-05,-0.35,-0.3500000238418579,3.135687695173586,3.1359236240386963,0.00013082343502901495,7.876079735069652e-07,-0.0003699017979670316
11.131330728530884,-23.2979679107666,77.96507263183594,-0.39990234375,-0.9988476634025574,-0.03195800632238388,-0.6268554329872131,-2.9999475250192016,8.89169979095459,0.017743932235153265,-0.10409316420555115,0.25,-0.45903128385543823,0.0,2.2057403839426115e-05,-0.35,-0.3500000238418579,3.1356779750255193,3.1359236240386963,0.00013082343502901495,7.876079735069652e-07,-0.0003699017979670316
11.135879516601562,-23.2979679107666,77.96507263183594,-0.39990234375,-0.9988476634025574,-0.03195800632238388,-0.6268554329872131,-2.9999475250192016,8.89169979095459,0.017743932235153265,-0.10409316420555115,0.25,-0.45903128385543823,0.0,2.2060377887100913e-05,-0.35,-0.3500000238418579,3.1356779750255193,3.1359195709228516,0.00014042713155504316,9.529167073196732e-07,-0.0003742567205335945
11.140337228775024,-23.2979679107666,78.09441375732422,-0.39990234375,-1.0003613233566284,-0.03195800632238388,-0.6336962580680847,-2.999947393928088,8.899500846862793,0.01776608184358762,-0.10403324663639069,0.25,-0.4802399277687073,0.0,2.2060377887100913e-05,-0.35,-0.3500000238418579,3.1356705916934,3.1359195709228516,0.00014042713155504316,9.529167073196732e-07,-0.0003742567205335945
11.144958734512329,-23.2979679107666,78.09441375732422,-0.39990234375,-1.0003613233566284,-0.03195800632238388,-0.6336962580680847,-2.999947393928088,8.899500846862793,0.01776608184358762,-0.10403324663639069,0.25,-0.4802399277687073,0.0,2.1943078536423855e-05,-0.35,-0.3500000238418579,3.1356705916934,3.1359145641326904,0.00016083757509477437,1.2189077551738592e-06,-0.00039041429408825934
11.149523258209229,-23.2979679107666,78.09441375732422,-0.39990234375,-1.0003613233566284,-0.03195800632238388,-0.6336962580680847,-2.999947393928088,8.899500846862793,0.01776608184358762,-0.10403324663639069,0.25,-0.4802399277687073,0.0,2.1943078536423855e-05,-0.35,-0.3500000238418579,3.1356705916934,3.1359145641326904,0.00016083757509477437,1.2189077551738592e-06,-0.00039041429408825934
11.154292821884155,-23.2979679107666,78.1880874633789,-0.39990234375,-1.0014550685882568,-0.03195800632238388,-0.6388280987739563,-2.999947299532588,8.902301788330078,0.01778201414718486,-0.10400578379631042,0.25,-0.48780032992362976,0.0,2.1762331016361713e-05,-0.35,-0.3500000238418579,3.1356652808323227,3.135910749435425,0.0001721882726997137,1.570275117046549e-06,-0.0004118797951377928
11.158927202224731,-23.2979679107666,78.1880874633789,-0.39990234375,-1.0014550685882568,-0.03195800632238388,-0.6388280987739563,-2.999947299532588,8.902301788330078,0.01778201414718486,-0.10400578379631042,0.25,-0.48780032992362976,0.0,2.1762331016361713e-05,-0.35,-0.3500000238418579,3.1356652808323227,3.135910749435425,0.0001721882726997137,1.570275117046549e-06,-0.0004118797951377928
11.163669347763062,-23.2979679107666,78.24312591552734,-0.39990234375,-1.002099633216858,-0.03195800632238388,-0.6417528986930847,-2.9999472437738834,8.892924308776855,0.017791418534792464,-0.10405167192220688,0.25,-0.46202680468559265,0.0,2.1762331016361713e-05,-0.35,-0.3500000238418579,3.135662145981355,3.135910749435425,0.00017778069013729692,1.6499318462592782e-06,-0.00042720691999420524
11.168259143829346,-23.2979679107666,78.24312591552734,-0.39990234375,-1.002099633216858,-0.03195800632238388,-0.6417528986930847,-2.9999472437738834,8.892924308776855,0.017791418534792464,-0.10405167192220688,0.25,-0.46202680468559265,0.0,2.1762331016361713e-05,-0.35,-0.3500000238418579,3.135662145981355,3.135910749435425,0.00017778069013729692,1.6499318462592782e-06,-0.00042720691999420524
11.172961473464966,-23.2979679107666,78.36624908447266,-0.39990234375,-1.003564476966858,-0.03195800632238388,-0.6469579935073853,-2.999947115134632,8.848541259765625,0.0178130961766498,-0.1042860671877861,0.25,-0.3402230739593506,0.0,2.1489313439815305e-05,-0.35,-0.3500000238418579,3.1356549199735086,3.1359031200408936,0.0001939501817105338,1.8969117263623048e-06,-0.0004998723161406815
11.177912712097168,-23.2979679107666,78.36624908447266,-0.39990234375,-1.003564476966858,-0.03195800632238388,-0.6469579935073853,-2.999947115134632,8.848541259765625,0.0178130961766498,-0.1042860671877861,0.25,-0.3402230739593506,0.0,2.141768163710367e-05,-0.35,-0.3500000238418579,3.1356549199735086,3.1358985900878906,0.00020826951367780566,1.9214642179576913e-06,-0.0005527198081836104
11.182543277740479,-23.2979679107666,78.4594497680664,-0.39990234375,-1.0046679973602295,-0.03195800632238388,-0.6504735946655273,-2.999947115134632,8.844686508178711,0.0178130961766498,-0.10429610311985016,0.25,-0.32952770590782166,0.0,2.141768163710367e-05,-0.35,-0.3500000238418579,3.1356549199735086,3.1358985900878906,0.00020826951367780566,1.9214642179576913e-06,-0.0005527198081836104
11.187480211257935,-23.2979679107666,78.4594497680664,-0.39990234375,-1.0046679973602295,-0.03195800632238388,-0.6504735946655273,-2.9999470187944164,8.844686508178711,0.017829313685449776,-0.10429610311985016,0.25,-0.32952770590782166,0.0,2.1398042008513585e-05,-0.35,-0.3500000238418579,3.135649514041858,3.1358940601348877,0.0002201144816353917,1.9447561498964205e-06,-0.0006055018748156726
11.19220519065857,-23.2979679107666,78.55402374267578,-0.39990234375,-1.0057811737060547,-0.03195800632238388,-0.6539160013198853,-2.9999470187944164,8.837203025817871,0.017829313685449776,-0.10432643443346024,0.25,-0.30889081954956055,0.0,2.1398042008513585e-05,-0.35,-0.3500000238418579,3.135649514041858,3.1358940601348877,0.0002201144816353917,1.9447561498964205e-06,-0.0006055018748156726
11.196813821792603,-23.2979679107666,78.55402374267578,-0.39990234375,-1.0057811737060547,-0.03195800632238388,-0.6539160013198853,-2.999946922282602,8.837203025817871,0.017845545302514358,-0.10432643443346024,0.25,-0.30889081954956055,0.0,2.1441850549308583e-05,-0.35,-0.3500000238418579,3.1356441034071953,3.1358892917633057,0.0002222260955022648,1.9037670426769182e-06,-0.000636639422737062
11.201355457305908,-23.2979679107666,78.55402374267578,-0.39990234375,-1.0057811737060547,-0.03195800632238388,-0.6539160013198853,-2.999946922282602,8.837203025817871,0.017845545302514358,-0.10432643443346024,0.25,-0.30889081954956055,0.0,2.1441850549308583e-05,-0.35,-0.3500000238418579,3.1356441034071953,3.1358892917633057,0.0002222260955022648,1.9037670426769182e-06,-0.000636639422737062
11.20586109161377,-23.2979679107666,78.64261627197266,-0.39990234375,-1.0068261623382568,-0.03195800632238388,-0.6566113233566284,-2.999946831569461,8.814772605895996,0.017860788234389278,-0.10444201529026031,0.25,-0.2472972422838211,0.0,2.161689735658001e-05,-0.35,-0.3500000238418579,3.1356390223399297,3.135883092880249,0.00021803603158332407,1.8237392396258656e-06,-0.0006746648577973247
11.210198879241943,-23.2979679107666,78.64261627197266,-0.39990234375,-1.0068261623382568,-0.03195800632238388,-0.6566113233566284,-2.999946831569461,8.814772605895996,0.017860788234389278,-0.10444201529026031,0.25,-0.2472972422838211,0.0,2.161689735658001e-05,-0.35,-0.3500000238418579,3.1356390223399297,3.135883092880249,0.00021803603158332407,1.8237392396258656e-06,-0.0006746648577973247
11.214896440505981,-23.2979679107666,78.75656127929688,-0.39990234375,-1.0081738233566284,-0.03195800632238388,-0.6594677567481995,-2.999946831569461,8.80280590057373,0.017860788234389278,-0.10449535399675369,0.25,-0.21434572339057922,0.0,2.1895739337196574e-05,-0.35,-0.3500000238418579,3.1356390223399297,3.1358768939971924,0.00021430180640891194,1.6837445855344413e-06,-0.0006942828185856342
11.219789743423462,-23.2979679107666,78.75656127929688,-0.39990234375,-1.0081738233566284,-0.03195800632238388,-0.6594677567481995,-2.999946714379316,8.80280590057373,0.017880460976877136,-0.10449535399675369,0.25,-0.21434572339057922,0.0,2.237856460851617e-05,-0.35,-0.3500000238418579,3.1356324646427516,3.1358675956726074,0.000218166911508888,1.453385721106315e-06,-0.0007008619140833616
11.224824666976929,-23.2979679107666,78.75656127929688,-0.39990234375,-1.0081738233566284,-0.03195800632238388,-0.6594677567481995,-2.999946714379316,8.80280590057373,0.017880460976877136,-0.10449535399675369,0.25,-0.21434572339057922,0.0,2.237856460851617e-05,-0.35,-0.3500000238418579,3.1356324646427516,3.1358675956726074,0.000218166911508888,1.453385721106315e-06,-0.0007008619140833616
11.229197978973389,-23.2979679107666,78.8330078125,-0.39990234375,-1.0090819597244263,-0.03195800632238388,-0.6613476276397705,-2.999946635132625,8.803406715393066,0.017893751882735592,-0.10448229312896729,0.25,-0.21589995920658112,0.0,2.237856460851617e-05,-0.35,-0.3500000238418579,3.1356280342620484,3.1358675956726074,0.000218166911508888,1.453385721106315e-06,-0.0007008619140833616
11.233678579330444,-23.2979679107666,78.8330078125,-0.39990234375,-1.0090819597244263,-0.03195800632238388,-0.6613476276397705,-2.999946635132625,8.803406715393066,0.017893751882735592,-0.10448229312896729,0.25,-0.21589995920658112,0.0,2.2552312657353468e-05,-0.35,-0.3500000238418579,3.1356280342620484,3.1358642578125,0.00021877809194847941,1.2493422900661244e-06,-0.000698147458024323
11.23804759979248,-23.2979679107666,78.94171905517578,-0.39990234375,-1.0103710889816284,-0.03195800632238388,-0.6640527248382568,-2.999946522943828,8.803197860717773,0.01791255083002681,-0.10446981340646744,0.25,-0.21519163250923157,0.0,2.2893054847372696e-05,-0.35,-0.3500000238418579,3.1356217678346985,3.135856866836548,0.00021559874585364014,8.528329544787994e-07,-0.0006781826377846301
11.242787837982178,-23.2979679107666,78.94171905517578,-0.39990234375,-1.0103710889816284,-0.03195800632238388,-0.6640527248382568,-2.999946522943828,8.803197860717773,0.01791255083002681,-0.10446981340646744,0.25,-0.21519163250923157,0.0,2.2893054847372696e-05,-0.35,-0.3500000238418579,3.1356217678346985,3.135856866836548,0.00021559874585364014,8.528329544787994e-07,-0.0006781826377846301
11.247922897338867,-23.2979679107666,79.03609466552734,-0.39990234375,-1.0114843845367432,-0.03195800632238388,-0.6660351157188416,-2.999946426669996,8.782320976257324,0.017928667265660635,-0.10457652807235718,0.25,-0.15785430371761322,0.0,2.3158076146501116e-05,-0.35,-0.3500000238418579,3.135616395593637,3.135850667953491,0.00021136402210686356,6.465323849624838e-07,-0.0006593277212232351
11.252295017242432,-23.2979679107666,79.03609466552734,-0.39990234375,-1.0114843845367432,-0.03195800632238388,-0.6660351157188416,-2.999946426669996,8.782320976257324,0.017928667265660635,-0.10457652807235718,0.25,-0.15785430371761322,0.0,2.3158076146501116e-05,-0.35,-0.3500000238418579,3.135616395593637,3.135850667953491,0.00021136402210686356,6.465323849624838e-07,-0.0006593277212232351
11.256842851638794,-23.2979679107666,79.1317138671875,-0.39990234375,-1.0126268863677979,-0.03195800632238388,-0.6672900319099426,-2.999946326673838,8.763591766357422,0.017945391501594604,-0.10467098653316498,0.25,-0.1063997894525528,0.0,2.341299841646105e-05,-0.35,-0.3500000238418579,3.1356108207486786,3.1358442306518555,0.00020871174638159573,6.173009978738264e-07,-0.0006386883906088769
11.261368989944458,-23.2979679107666,79.1317138671875,-0.39990234375,-1.0126268863677979,-0.03195800632238388,-0.6672900319099426,-2.999946326673838,8.763591766357422,0.017945391501594604,-0.10467098653316498,0.25,-0.1063997894525528,0.0,2.341299841646105e-05,-0.35,-0.3500000238418579,3.1356108207486786,3.1358442306518555,0.00020871174638159573,6.173009978738264e-07,-0.0006386883906088769
11.266183853149414,-23.2979679107666,79.1317138671875,-0.39990234375,-1.0126268863677979,-0.03195800632238388,-0.6672900319099426,-2.999946326673838,8.763591766357422,0.017945391501594604,-0.10467098653316498,0.25,-0.1063997894525528,0.0,2.3504768250859343e-05,-0.35,-0.3500000238418579,3.1356108207486786,3.1358416080474854,0.00021183566423133016,6.44309466224513e-07,-0.0006288463482633233
11.270915031433105,-23.2979679107666,79.22441101074219,-0.39990234375,-1.0137304067611694,-0.03195800632238388,-0.6688769459724426,-2.999946230535363,8.787405014038086,0.017961455861621643,-0.10452357679605484,0.25,-0.1715884506702423,0.0,2.3504768250859343e-05,-0.35,-0.3500000238418579,3.1356054658661123,3.1358416080474854,0.00021183566423133016,6.44309466224513e-07,-0.0006288463482633233
11.275604724884033,-23.2979679107666,79.22441101074219,-0.39990234375,-1.0137304067611694,-0.03195800632238388,-0.6688769459724426,-2.999946230535363,8.787405014038086,0.017961455861621643,-0.10452357679605484,0.25,-0.1715884506702423,0.0,2.347874215047341e-05,-0.35,-0.3500000238418579,3.1356054658661123,3.135833501815796,0.0002344575768802315,8.381898624065798e-07,-0.0006020371802151203
11.280288934707642,-23.2979679107666,79.3158187866211,-0.39990234375,-1.014804720878601,-0.03195800632238388,-0.670947253704071,-2.9999461382477297,8.802330017089844,0.01797686325626298,-0.10442683100700378,0.25,-0.21241559088230133,0.0,2.3340811821981333e-05,-0.35,-0.3500000238418579,3.135600329975768,3.1358282566070557,0.00023189625062514096,9.163142067336594e-07,-0.0005875384667888284
11.284916877746582,-23.2979679107666,79.3158187866211,-0.39990234375,-1.014804720878601,-0.03195800632238388,-0.670947253704071,-2.9999461382477297,8.802330017089844,0.01797686325626298,-0.10442683100700378,0.25,-0.21241559088230133,0.0,2.3340811821981333e-05,-0.35,-0.3500000238418579,3.135600329975768,3.1358282566070557,0.00023189625062514096,9.163142067336594e-07,-0.0005875384667888284
11.289724826812744,-23.2979679107666,79.3158187866211,-0.39990234375,-1.014804720878601,-0.03195800632238388,-0.670947253704071,-2.9999461382477297,8.802330017089844,0.01797686325626298,-0.10442683100700378,0.25,-0.21241559088230133,0.0,2.3340811821981333e-05,-0.35,-0.3500000238418579,3.135600329975768,3.1358282566070557,0.00023189625062514096,9.163142067336594e-07,-0.0005875384667888284
11.29435682296753,-23.2979679107666,79.42589569091797,-0.39990234375,-1.01611328125,-0.03195800632238388,-0.6736279129981995,-2.9999460246269654,8.798849105834961,0.017995814092943745,-0.10443280637264252,0.25,-0.20275290310382843,0.0,2.3159687771112658e-05,-0.35,-0.3500000238418579,3.1355940129166724,3.135820150375366,0.00021839386317878962,1.0738052651504404e-06,-0.0005696307634934783
11.299159526824951,-23.2979679107666,79.42589569091797,-0.39990234375,-1.01611328125,-0.03195800632238388,-0.6736279129981995,-2.9999460246269654,8.798849105834961,0.017995814092943745,-0.10443280637264252,0.25,-0.20275290310382843,0.0,2.3124057406676002e-05,-0.35,-0.3500000238418579,3.1355940129166724,3.135815143585205,0.00020754137949552387,1.4199627003108617e-06,-0.0005613960674963892
