t,x_cmd,x_act,y_cmd,y_act,z_cmd,z_act,vx_cmd,vx_act,vy_cmd,vy_act,vz_cmd,vz_act,roll_cmd,roll_act,pitch_cmd,pitch_act,yaw_cmd,yaw_act,thrust_cmd,roll_rate_act,pitch_rate_act,yaw_rate_act
0.0009481906890869141,-23.2979679107666,-0.00046874998952262104,-0.39990234375,5.859374869032763e-05,-0.03195800632238388,0.020546874031424522,-3.0,0.0,-0.3199687499989523,0.0,-0.04200390428304673,-0.0,0.038396249999874274,0.0002633150143083185,0.1,0.3106907308101654,3.141592653589793,-3.140516519546509,0.0,0.0,0.0,-0.0
0.006006479263305664,-23.2979679107666,-0.00046874998952262104,-0.39990234375,5.859374869032763e-05,-0.03195800632238388,0.020546874031424522,-3.0,0.0,-0.3199687499989523,0.0,-0.04200390428304673,-0.0,0.03842861988531881,0.0002633150143083185,0.1,0.3106907308101654,3.141592653589793,-3.140516519546509,0.0,0.0,0.0,-0.0
0.028260231018066406,-23.2979679107666,-0.00046874998952262104,-0.39990234375,5.859374869032763e-05,-0.03195800632238388,0.020546874031424522,-3.0,0.0,-0.3199687499989523,0.0,-0.04200390428304673,-0.0,0.03857102998795396,0.0002633150143083185,0.1,0.3106907308101654,3.141592653589793,-3.140516519546509,0.0,0.0,0.0,-0.0
0.03274726867675781,-23.2979679107666,-0.00046874998952262104,-0.39990234375,5.859374869032763e-05,-0.03195800632238388,0.020546874031424522,-3.0,0.0,-0.3199687499989523,0.0,-0.04200390428304673,-0.0,0.03859974422457096,0.0002633150143083185,0.1,0.3106907308101654,3.141592653589793,-3.140516519546509,0.0,0.0,0.0,-0.0
0.037419795989990234,-23.2979679107666,-0.00046874998952262104,-0.39990234375,5.859374869032763e-05,-0.03195800632238388,0.020546874031424522,-3.0,0.0,-0.3199687499989523,0.0,-0.04200390428304673,-0.0,0.03862964547904598,0.0002633150143083185,0.1,0.3106907308101654,3.141592653589793,-3.140516519546509,0.0,0.0,0.0,-0.0
0.04178929328918457,-23.2979679107666,-0.00046874998952262104,-0.39990234375,5.859374869032763e-05,-0.03195800632238388,0.020546874031424522,-3.0,0.0,-0.3199687499989523,0.0,-0.04200390428304673,-0.0,0.038657607530824915,0.0002633150143083185,0.1,0.3106907308101654,3.141592653589793,-3.140516519546509,0.0,0.0,0.0,-0.0
0.04654645919799805,-23.2979679107666,-0.00046874998952262104,-0.39990234375,5.859374869032763e-05,-0.03195800632238388,0.020546874031424522,-3.0,0.0,-0.3199687499989523,0.0,-0.04200390428304673,-0.0,0.038688050419412534,0.0002633150143083185,0.1,0.3106907308101654,3.141592653589793,-3.140516519546509,0.0,0.0,0.0,-0.0
0.051203012466430664,-23.2979679107666,-0.00046874998952262104,-0.39990234375,5.859374869032763e-05,-0.03195800632238388,0.020546874031424522,-3.0,0.0,-0.3199687499989523,0.0,-0.04200390428304673,-0.0,0.03871784944998461,0.0002633150143083185,0.1,0.3106907308101654,3.141592653589793,-3.140516519546509,0.0,0.0,0.0,-0.0
0.05578947067260742,-23.2979679107666,-0.00046874998952262104,-0.39990234375,5.859374869032763e-05,-0.03195800632238388,0.020546874031424522,-3.0,0.0,-0.3199687499989523,0.0,-0.04200390428304673,-0.0,0.038747199915967666,0.0002633150143083185,0.1,0.3106907308101654,3.141592653589793,-3.140516519546509,0.0,0.0,0.0,-0.0
0.0605623722076416,-23.2979679107666,-0.00046874998952262104,-0.39990234375,5.859374869032763e-05,-0.03195800632238388,0.020546874031424522,-3.0,0.0,-0.3199687499989523,0.0,-0.04200390428304673,-0.0,0.03877774350272833,0.0002633150143083185,0.1,0.3106907308101654,3.141592653589793,-3.140516519546509,0.0,0.0,0.0,-0.0
0.06536054611206055,-23.2979679107666,-0.00046874998952262104,-0.39990234375,5.859374869032763e-05,-0.03195800632238388,0.020546874031424522,-3.0,0.0,-0.3199687499989523,0.0,-0.04200390428304673,-0.0,0.03880844881685781,0.0002633150143083185,0.1,0.3106907308101654,3.141592653589793,-3.140516519546509,0.0,0.0,0.0,-0.0
0.06975698471069336,-23.2979679107666,-0.00046874998952262104,-0.39990234375,5.859374869032763e-05,-0.03195800632238388,0.020546874031424522,-3.0,0.0,-0.3199687499989523,0.0,-0.04200390428304673,-0.0,0.03883658327611485,0.0002633150143083185,0.1,0.3106907308101654,3.141592653589793,-3.140516519546509,0.0,0.0,0.0,-0.0
0.07453775405883789,-23.2979679107666,-0.00046874998952262104,-0.39990234375,5.859374869032763e-05,-0.03195800632238388,0.020546874031424522,-3.0,0.0,-0.3199687499989523,0.0,-0.04200390428304673,-0.0,0.038867177211962034,0.0002633150143083185,0.1,0.3106907308101654,3.141592653589793,-3.140516519546509,0.0,0.0,0.0,-0.0
0.07942771911621094,-23.2979679107666,-0.00046874998952262104,-0.39990234375,5.859374869032763e-05,-0.03195800632238388,0.020546874031424522,-3.0,0.0,-0.3199687499989523,0.0,-0.04200390428304673,-0.0,0.03889846993210096,0.0002633150143083185,0.1,0.3106907308101654,3.141592653589793,-3.140516519546509,0.0,0.0,0.0,-0.0
0.08397984504699707,-23.2979679107666,-0.00046874998952262104,-0.39990234375,5.859374869032763e-05,-0.03195800632238388,0.020546874031424522,-3.0,0.0,-0.3199687499989523,0.0,-0.04200390428304673,-0.0,0.03892760069297919,0.0002633150143083185,0.1,0.3106907308101654,3.141592653589793,-3.140516519546509,0.0,0.0,0.0,-0.0
0.08875322341918945,-23.2979679107666,-0.00046874998952262104,-0.39990234375,5.859374869032763e-05,-0.03195800632238388,0.020546874031424522,-3.0,0.0,-0.3199687499989523,0.0,-0.04200390428304673,-0.0,0.038958147331199636,0.0002633150143083185,0.1,0.3106907308101654,3.141592653589793,-3.140516519546509,0.0,0.0,0.0,-0.0
0.0936286449432373,-23.2979679107666,-0.00046874998952262104,-0.39990234375,5.859374869032763e-05,-0.03195800632238388,0.020546874031424522,-3.0,0.0,-0.3199687499989523,0.0,-0.04200390428304673,-0.0,0.038989346981814985,0.0002633150143083185,0.1,0.3106907308101654,3.141592653589793,-3.140516519546509,0.0,0.0,0.0,-0.0
0.09844756126403809,-23.2979679107666,-0.00046874998952262104,-0.39990234375,5.859374869032763e-05,-0.03195800632238388,0.020546874031424522,-3.0,0.0,-0.3199687499989523,0.0,-0.04200390428304673,-0.0,0.03902018503444531,0.0002633150143083185,0.1,0.3106907308101654,3.141592653589793,-3.140516519546509,0.0,0.0,0.0,-0.0
0.10313630104064941,-23.2979679107666,-0.00046874998952262104,-0.39990234375,5.859374869032763e-05,-0.03195800632238388,0.020546874031424522,-3.0,0.0,-0.3199687499989523,0.0,-0.04200390428304673,-0.0,0.039050190038553166,0.0002633150143083185,0.1,0.3106907308101654,3.141592653589793,-3.140516519546509,0.0,0.0,0.0,-0.0
0.10789322853088379,-23.2979679107666,-0.00046874998952262104,-0.39990234375,5.859374869032763e-05,-0.03195800632238388,0.020546874031424522,-3.0,0.0,-0.3199687499989523,0.0,-0.04200390428304673,-0.0,0.03908063140141088,0.0002633150143083185,0.1,0.3106907308101654,3.141592653589793,-3.140516519546509,0.0,0.0,0.0,-0.0
0.11256647109985352,-23.2979679107666,-0.00046874998952262104,-0.39990234375,5.859374869032763e-05,-0.03195800632238388,0.020546874031424522,-3.0,0.0,-0.3199687499989523,0.0,-0.04200390428304673,-0.0,0.03911053723307559,0.0002633150143083185,0.1,0.3106907308101654,3.141592653589793,-3.140516519546509,0.0,0.0,0.0,-0.0
0.11718940734863281,-23.2979679107666,-0.00046874998952262104,-0.39990234375,5.859374869032763e-05,-0.03195800632238388,0.020546874031424522,-3.0,0.0,-0.3199687499989523,0.0,-0.04200390428304673,-0.0,0.03914012113573252,0.0002633150143083185,0.1,0.3106907308101654,3.141592653589793,-3.140516519546509,0.0,0.0,0.0,-0.0
0.12157702445983887,-23.2979679107666,-0.00046874998952262104,-0.39990234375,5.859374869032763e-05,-0.03195800632238388,0.020546874031424522,-3.0,0.0,-0.3199687499989523,0.0,-0.04200390428304673,-0.0,0.03916819914298345,0.0002633150143083185,0.1,0.3106907308101654,3.141592653589793,-3.140516519546509,0.0,0.0,0.0,-0.0
0.12615728378295898,-23.2979679107666,-0.00046874998952262104,-0.39990234375,5.859374869032763e-05,-0.03195800632238388,0.020546874031424522,-3.0,0.0,-0.3199687499989523,0.0,-0.04200390428304673,-0.0,0.039197509939989245,0.0002633150143083185,0.1,0.3106907308101654,3.141592653589793,-3.140516519546509,0.0,0.0,0.0,-0.0
0.13063454627990723,-23.2979679107666,-0.00046874998952262104,-0.39990234375,5.859374869032763e-05,-0.03195800632238388,0.020546874031424522,-3.0,0.0,-0.3199687499989523,0.0,-0.04200390428304673,-0.0,0.039226161621680564,0.0002633150143083185,0.1,0.3106907308101654,3.141592653589793,-3.140516519546509,0.0,0.0,0.0,-0.0
0.13552379608154297,-23.2979679107666,-0.00046874998952262104,-0.39990234375,5.859374869032763e-05,-0.03195800632238388,0.020546874031424522,-3.0,0.0,-0.3199687499989523,0.0,-0.04200390428304673,-0.0,0.039257449764629804,0.0002633150143083185,0.1,0.3106907308101654,3.141592653589793,-3.140516519546509,0.0,0.0,0.0,-0.0
0.14035296440124512,-23.2979679107666,-0.00046874998952262104,-0.39990234375,5.859374869032763e-05,-0.03195800632238388,0.020546874031424522,-3.0,0.0,-0.3199687499989523,0.0,-0.04200390428304673,-0.0,0.039288353423645596,0.0002633150143083185,0.1,0.3106907308101654,3.141592653589793,-3.140516519546509,0.0,0.0,0.0,-0.0
0.14503240585327148,-23.2979679107666,-0.00046874998952262104,-0.39990234375,5.859374869032763e-05,-0.03195800632238388,0.020546874031424522,-3.0,0.0,-0.3199687499989523,0.0,-0.04200390428304673,-0.0,0.03931829892428756,0.0002633150143083185,0.1,0.3106907308101654,3.141592653589793,-3.140516519546509,0.0,0.0,0.0,-0.0
0.14954519271850586,-23.2979679107666,-0.00046874998952262104,-0.39990234375,5.859374869032763e-05,-0.03195800632238388,0.020546874031424522,-3.0,0.0,-0.3199687499989523,0.0,-0.04200390428304673,-0.0,0.03934717793973317,0.0002633150143083185,0.1,0.3106907308101654,3.141592653589793,-3.140516519546509,0.0,0.0,0.0,-0.0
0.15423154830932617,-23.2979679107666,-0.00046874998952262104,-0.39990234375,5.859374869032763e-05,-0.03195800632238388,0.020546874031424522,-3.0,0.0,-0.3199687499989523,0.0,-0.04200390428304673,-0.0,0.03937716768654208,0.0002633150143083185,0.1,0.3106907308101654,3.141592653589793,-3.140516519546509,0.0,0.0,0.0,-0.0
0.15865516662597656,-23.2979679107666,-0.00046874998952262104,-0.39990234375,5.859374869032763e-05,-0.03195800632238388,0.020546874031424522,-3.0,0.0,-0.3199687499989523,0.0,-0.04200390428304673,-0.0,0.0394054760790071,0.0002633150143083185,0.1,0.3106907308101654,3.141592653589793,-3.140516519546509,0.0,0.0,0.0,-0.0
0.16341900825500488,-23.2979679107666,-0.00046874998952262104,-0.39990234375,5.859374869032763e-05,-0.03195800632238388,0.020546874031424522,-3.0,0.0,-0.3199687499989523,0.0,-0.04200390428304673,-0.0,0.03943596168803177,0.0002633150143083185,0.1,0.3106907308101654,3.141592653589793,-3.140516519546509,0.0,0.0,0.0,-0.0
0.16822504997253418,-23.2979679107666,-0.00046874998952262104,-0.39990234375,5.859374869032763e-05,-0.03195800632238388,0.020546874031424522,-3.0,0.0,-0.3199687499989523,0.0,-0.04200390428304673,-0.0,0.03946671735124778,0.0002633150143083185,0.1,0.3106907308101654,3.141592653589793,-3.140516519546509,0.0,0.0,0.0,-0.0
0.1730508804321289,-23.2979679107666,-0.00046874998952262104,-0.39990234375,5.859374869032763e-05,-0.03195800632238388,0.020546874031424522,-3.0,0.0,-0.3199687499989523,0.0,-0.04200390428304673,-0.0,0.03949759965004505,0.0002633150143083185,0.1,0.3106907308101654,3.141592653589793,-3.140516519546509,0.0,0.0,0.0,-0.0
0.17783069610595703,-23.2979679107666,-0.00046874998952262104,-0.39990234375,5.859374869032763e-05,-0.03195800632238388,0.020546874031424522,-3.0,0.0,-0.3199687499989523,0.0,-0.04200390428304673,-0.0,0.039528187482972654,0.0002633150143083185,0.1,0.3106907308101654,3.141592653589793,-3.140516519546509,0.0,0.0,0.0,-0.0
0.18232345581054688,-23.2979679107666,-0.00046874998952262104,-0.39990234375,5.859374869032763e-05,-0.03195800632238388,0.020546874031424522,-3.0,0.0,-0.3199687499989523,0.0,-0.04200390428304673,-0.0,0.03955693833710712,0.0002633150143083185,0.1,0.3106907308101654,3.141592653589793,-3.140516519546509,0.0,0.0,0.0,-0.0
0.18713831901550293,-23.2979679107666,-0.00046874998952262104,-0.39990234375,5.859374869032763e-05,-0.03195800632238388,0.020546874031424522,-3.0,0.0,-0.3199687499989523,0.0,-0.04200390428304673,-0.0,0.039587750452329235,0.0002633150143083185,0.1,0.3106907308101654,3.141592653589793,-3.140516519546509,0.0,0.0,0.0,-0.0
0.1917405128479004,-23.2979679107666,-0.00046874998952262104,-0.39990234375,5.859374869032763e-05,-0.03195800632238388,0.020546874031424522,-3.0,0.0,-0.3199687499989523,0.0,-0.04200390428304673,-0.0,0.03961720161648533,0.0002633150143083185,0.1,0.3106907308101654,3.141592653589793,-3.140516519546509,0.0,0.0,0.0,-0.0
0.19646120071411133,-23.2979679107666,-0.00046874998952262104,-0.39990234375,5.859374869032763e-05,-0.03195800632238388,0.020546874031424522,-3.0,0.0,-0.3199687499989523,0.0,-0.04200390428304673,-0.0,0.039647411068399065,0.0002633150143083185,0.1,0.3106907308101654,3.141592653589793,-3.140516519546509,0.0,0.0,0.0,-0.0
0.2016432285308838,-23.2979679107666,-0.00046874998952262104,-0.39990234375,5.859374869032763e-05,-0.03195800632238388,0.020546874031424522,-3.0,0.0,-0.3199687499989523,0.0,-0.04200390428304673,-0.0,0.039680572807658916,0.0002633150143083185,0.1,0.3106907308101654,3.141592653589793,-3.140516519546509,0.0,0.0,0.0,-0.0
0.20607328414916992,-23.2979679107666,-0.00046874998952262104,-0.39990234375,5.859374869032763e-05,-0.03195800632238388,0.020546874031424522,-3.0,0.0,-0.3199687499989523,0.0,-0.04200390428304673,-0.0,0.03970892239483109,0.0002633150143083185,0.1,0.3106907308101654,3.141592653589793,-3.140516519546509,0.0,0.0,0.0,-0.0
0.21051311492919922,-23.2979679107666,-0.00046874998952262104,-0.39990234375,5.859374869032763e-05,-0.03195800632238388,0.020546874031424522,-3.0,0.0,-0.3199687499989523,0.0,-0.04200390428304673,-0.0,0.03973733453692895,0.0002633150143083185,0.1,0.3106907308101654,3.141592653589793,-3.140516519546509,0.0,0.0,0.0,-0.0
0.21520543098449707,-23.2979679107666,-0.00046874998952262104,-0.39990234375,5.859374869032763e-05,-0.03195800632238388,0.020546874031424522,-3.0,0.0,-0.3199687499989523,0.0,-0.04200390428304673,-0.0,0.039767362426985225,0.0002633150143083185,0.1,0.3106907308101654,3.141592653589793,-3.140516519546509,0.0,0.0,0.0,-0.0
0.21975111961364746,-23.2979679107666,-0.00046874998952262104,-0.39990234375,5.859374869032763e-05,-0.03195800632238388,0.020546874031424522,-3.0,0.0,-0.3199687499989523,0.0,-0.04200390428304673,-0.0,0.0397964519931563,0.0002633150143083185,0.1,0.3106907308101654,3.141592653589793,-3.140516519546509,0.0,0.0,0.0,-0.0
0.22438693046569824,-23.2979679107666,-0.00046874998952262104,-0.39990234375,5.859374869032763e-05,-0.03195800632238388,0.020546874031424522,-3.0,0.0,-0.3199687499989523,0.0,-0.04200390428304673,-0.0,0.039826118285227544,0.0002633150143083185,0.1,0.3106907308101654,3.141592653589793,-3.140516519546509,0.0,0.0,0.0,-0.0
0.22880935668945312,-23.2979679107666,-0.00046874998952262104,-0.39990234375,5.859374869032763e-05,-0.03195800632238388,0.020546874031424522,-3.0,0.0,-0.3199687499989523,0.0,-0.04200390428304673,-0.0,0.03985441904904309,0.0002633150143083185,0.1,0.3106907308101654,3.141592653589793,-3.140516519546509,0.0,0.0,0.0,-0.0
0.23352432250976562,-23.2979679107666,-0.00046874998952262104,-0.39990234375,5.859374869032763e-05,-0.03195800632238388,0.020546874031424522,-3.0,0.0,-0.3199687499989523,0.0,-0.04200390428304673,-0.0,0.03988459188343936,0.0002633150143083185,0.1,0.3106907308101654,3.141592653589793,-3.140516519546509,0.0,0.0,0.0,-0.0
0.23819947242736816,-23.2979679107666,-0.00046874998952262104,-0.39990234375,5.859374869032763e-05,-0.03195800632238388,0.020546874031424522,-3.0,0.0,-0.3199687499989523,0.0,-0.04200390428304673,-0.0,0.03991450992094322,0.0002633150143083185,0.1,0.3106907308101654,3.141592653589793,-3.140516519546509,0.0,0.0,0.0,-0.0
0.2429218292236328,-23.2979679107666,-0.00046874998952262104,-0.39990234375,5.859374869032763e-05,-0.03195800632238388,0.020546874031424522,-3.0,0.0,-0.3199687499989523,0.0,-0.04200390428304673,-0.0,0.03994473005296621,0.0002633150143083185,0.1,0.3106907308101654,3.141592653589793,-3.140516519546509,0.0,0.0,0.0,-0.0
0.24769973754882812,-23.2979679107666,-0.00046874998952262104,-0.39990234375,5.859374869032763e-05,-0.03195800632238388,0.020546874031424522,-3.0,0.0,-0.3199687499989523,0.0,-0.04200390428304673,-0.0,0.03997530568005466,0.0002633150143083185,0.1,0.3106907308101654,3.141592653589793,-3.140516519546509,0.0,0.0,0.0,-0.0
0.25241565704345703,-23.2979679107666,-0.00046874998952262104,-0.39990234375,5.859374869032763e-05,-0.03195800632238388,0.020546874031424522,-3.0,0.0,-0.3199687499989523,0.0,-0.04200390428304673,-0.0,0.0400054846173705,0.0002633150143083185,0.1,0.3106907308101654,3.141592653589793,-3.140516519546509,0.0,0.0,0.0,-0.0
0.2570333480834961,-23.2979679107666,-0.00046874998952262104,-0.39990234375,5.859374869032763e-05,-0.03195800632238388,0.020546874031424522,-3.0,0.0,-0.3199687499989523,0.0,-0.04200390428304673,-0.0,0.040035034953969754,0.0002633150143083185,0.1,0.3106907308101654,3.141592653589793,-3.140516519546509,0.0,0.0,0.0,-0.0
0.2617652416229248,-23.2979679107666,-0.00046874998952262104,-0.39990234375,5.859374869032763e-05,-0.03195800632238388,0.020546874031424522,-3.0,0.0,-0.3199687499989523,0.0,-0.04200390428304673,-0.0,0.040065316115188536,0.0002633150143083185,0.1,0.3106907308101654,3.141592653589793,-3.140516519546509,0.0,0.0,0.0,-0.0
0.26695799827575684,-23.2979679107666,-0.00046874998952262104,-0.39990234375,5.859374869032763e-05,-0.03195800632238388,0.020546874031424522,-3.0,0.0,-0.3199687499989523,0.0,-0.04200390428304673,-0.0,0.040098546512293644,0.0002633150143083185,0.1,0.3106907308101654,3.141592653589793,-3.140516519546509,0.0,0.0,0.0,-0.0
0.2715327739715576,-23.2979679107666,-0.00046874998952262104,-0.39990234375,5.859374869032763e-05,-0.03195800632238388,0.020546874031424522,-3.0,0.0,-0.3199687499989523,0.0,-0.04200390428304673,-0.0,0.04012782221751186,0.0002633150143083185,0.1,0.3106907308101654,3.141592653589793,-3.140516519546509,0.0,0.0,0.0,-0.0
0.2763373851776123,-23.2979679107666,-0.00046874998952262104,-0.39990234375,5.859374869032763e-05,-0.03195800632238388,0.020546874031424522,-3.0,0.0,-0.3199687499989523,0.0,-0.04200390428304673,-0.0,0.040158568726348515,0.0002633150143083185,0.1,0.3106907308101654,3.141592653589793,-3.140516519546509,0.0,0.0,0.0,-0.0
0.281299352645874,-23.2979679107666,-0.00046874998952262104,-0.39990234375,5.859374869032763e-05,-0.03195800632238388,0.020546874031424522,-3.0,0.0,-0.3199687499989523,0.0,-0.04200390428304673,-0.0,0.04019032221691562,0.0002633150143083185,0.1,0.3106907308101654,3.141592653589793,-3.140516519546509,0.0,0.0,0.0,-0.0
0.28620457649230957,-23.2979679107666,-0.00046874998952262104,-0.39990234375,5.859374869032763e-05,-0.03195800632238388,0.020546874031424522,-3.0,0.0,-0.3199687499989523,0.0,-0.04200390428304673,-0.0,0.0402217125837678,0.0002633150143083185,0.1,0.3106907308101654,3.141592653589793,-3.140516519546509,0.0,0.0,0.0,-0.0
0.29088616371154785,-23.2979679107666,-0.00046874998952262104,-0.39990234375,5.859374869032763e-05,-0.03195800632238388,0.020546874031424522,-3.0,0.0,-0.3199687499989523,0.0,-0.04200390428304673,-0.0,0.04025167181597881,0.0002633150143083185,0.1,0.3106907308101654,3.141592653589793,-3.140516519546509,0.0,0.0,0.0,-0.0
0.2953059673309326,-23.2979679107666,-0.00046874998952262104,-0.39990234375,5.859374869032763e-05,-0.03195800632238388,0.020546874031424522,-3.0,0.0,-0.3199687499989523,0.0,-0.04200390428304673,-0.0,0.04027995579676552,0.0002633150143083185,0.1,0.3106907308101654,3.141592653589793,-3.140516519546509,0.0,0.0,0.0,-0.0
0.30022525787353516,-23.2979679107666,-0.00046874998952262104,-0.39990234375,5.859374869032763e-05,-0.03195800632238388,0.020546874031424522,-3.0,0.0,-0.3199687499989523,0.0,-0.04200390428304673,-0.0,0.04031143618168148,0.0002633150143083185,0.1,0.3106907308101654,3.141592653589793,-3.140516519546509,0.0,0.0,0.0,-0.0
0.30495333671569824,-23.2979679107666,-0.00046874998952262104,-0.39990234375,5.859374869032763e-05,-0.03195800632238388,0.020546874031424522,-3.0,0.0,-0.3199687499989523,0.0,-0.04200390428304673,-0.0,0.04034169293122195,0.0002633150143083185,0.1,0.3106907308101654,3.141592653589793,-3.140516519546509,0.0,0.0,0.0,-0.0
0.30973005294799805,-23.2979679107666,-0.00046874998952262104,-0.39990234375,5.859374869032763e-05,-0.03195800632238388,0.020546874031424522,-3.0,0.0,-0.3199687499989523,0.0,-0.04200390428304673,-0.0,0.040372260929660925,0.0002633150143083185,0.1,0.3106907308101654,3.141592653589793,-3.140516519546509,0.0,0.0,0.0,-0.0
0.3142099380493164,-23.2979679107666,-0.00046874998952262104,-0.39990234375,5.859374869032763e-05,-0.03195800632238388,0.020546874031424522,-3.0,0.0,-0.3199687499989523,0.0,-0.04200390428304673,-0.0,0.04040092939438108,0.0002633150143083185,0.1,0.3106907308101654,3.141592653589793,-3.140516519546509,0.0,0.0,0.0,-0.0
0.3188362121582031,-23.2979679107666,-0.00046874998952262104,-0.39990234375,5.859374869032763e-05,-0.03195800632238388,0.020546874031424522,-3.0,0.0,-0.3199687499989523,0.0,-0.04200390428304673,-0.0,0.04043053465725654,0.0002633150143083185,0.1,0.3106907308101654,3.141592653589793,-3.140516519546509,0.0,0.0,0.0,-0.0
0.3234877586364746,-23.2979679107666,-0.00046874998952262104,-0.39990234375,5.859374869032763e-05,-0.03195800632238388,0.020546874031424522,-3.0,0.0,-0.3199687499989523,0.0,-0.04200390428304673,-0.0,0.04046030164750083,0.0002633150143083185,0.1,0.3106907308101654,3.141592653589793,-3.140516519546509,0.0,0.0,0.0,-0.0
0.32810473442077637,-23.2979679107666,-0.00046874998952262104,-0.39990234375,5.859374869032763e-05,-0.03195800632238388,0.020546874031424522,-3.0,0.0,-0.3199687499989523,0.0,-0.04200390428304673,-0.0,0.0404898474069104,0.0002633150143083185,0.1,0.3106907308101654,3.141592653589793,-3.140516519546509,0.0,0.0,0.0,-0.0
0.3332841396331787,-23.2979679107666,-0.00046874998952262104,-0.39990234375,5.859374869032763e-05,-0.03195800632238388,0.020546874031424522,-3.0,0.0,-0.3199687499989523,0.0,-0.04200390428304673,-0.0,0.04052299236314141,0.0002633150143083185,0.1,0.3106907308101654,3.141592653589793,-3.140516519546509,0.0,0.0,0.0,-0.0
0.33795857429504395,-23.2979679107666,-0.00046874998952262104,-0.39990234375,5.859374869032763e-05,-0.03195800632238388,0.020546874031424522,-3.0,0.0,-0.3199687499989523,0.0,-0.04200390428304673,-0.0,0.04055290582345558,0.0002633150143083185,0.1,0.3106907308101654,3.141592653589793,-3.140516519546509,0.0,0.0,0.0,-0.0
0.3426229953765869,-23.2979679107666,-0.00046874998952262104,-0.39990234375,5.859374869032763e-05,-0.03195800632238388,0.020546874031424522,-3.0,0.0,-0.3199687499989523,0.0,-0.04200390428304673,-0.0,0.04058275520311418,0.0002633150143083185,0.1,0.3106907308101654,3.141592653589793,-3.140516519546509,0.0,0.0,0.0,-0.0
0.3476228713989258,-23.2979679107666,-0.00046874998952262104,-0.39990234375,5.859374869032763e-05,-0.03195800632238388,0.020546874031424522,-3.0,0.0,-0.3199687499989523,0.0,-0.04200390428304673,-0.0,0.04061475128473453,0.0002633150143083185,0.1,0.3106907308101654,3.141592653589793,-3.140516519546509,0.0,0.0,0.0,-0.0
0.3523263931274414,-23.2979679107666,-0.00046874998952262104,-0.39990234375,5.859374869032763e-05,-0.03195800632238388,0.020546874031424522,-3.0,0.0,-0.3199687499989523,0.0,-0.04200390428304673,-0.0,0.040644850884095855,0.0002633150143083185,0.1,0.3106907308101654,3.141592653589793,-3.140516519546509,0.0,0.0,0.0,-0.0
0.357114315032959,-23.2979679107666,-0.00046874998952262104,-0.39990234375,5.859374869032763e-05,-0.03195800632238388,0.020546874031424522,-3.0,0.0,-0.3199687499989523,0.0,-0.04200390428304673,-0.0,0.04067549059183988,0.0002633150143083185,0.1,0.3106907308101654,3.141592653589793,-3.140516519546509,0.0,0.0,0.0,-0.0
0.36159491539001465,-23.2979679107666,-0.00046874998952262104,-0.39990234375,5.859374869032763e-05,-0.03195800632238388,0.020546874031424522,-3.0,0.0,-0.3199687499989523,0.0,-0.04200390428304673,-0.0,0.040704163633749714,0.0002633150143083185,0.1,0.3106907308101654,3.141592653589793,-3.140516519546509,0.0,0.0,0.0,-0.0
0.366410493850708,-23.2979679107666,-0.00046874998952262104,-0.39990234375,5.859374869032763e-05,-0.03195800632238388,0.020546874031424522,-3.0,0.0,-0.3199687499989523,0.0,-0.04200390428304673,-0.0,0.04073498032616152,0.0002633150143083185,0.1,0.3106907308101654,3.141592653589793,-3.140516519546509,0.0,0.0,0.0,-0.0
0.37142014503479004,-23.2979679107666,-0.00046874998952262104,-0.39990234375,5.859374869032763e-05,-0.03195800632238388,0.020546874031424522,-3.0,0.0,-0.3199687499989523,0.0,-0.04200390428304673,-0.0,0.040767038962707544,0.0002633150143083185,0.1,0.3106907308101654,3.141592653589793,-3.140516519546509,0.0,0.0,0.0,-0.0
0.37601184844970703,-23.2979679107666,-0.00046874998952262104,-0.39990234375,5.859374869032763e-05,-0.03195800632238388,0.020546874031424522,-3.0,0.0,-0.3199687499989523,0.0,-0.04200390428304673,-0.0,0.04079642299474828,0.0002633150143083185,0.1,0.3106907308101654,3.141592653589793,-3.140516519546509,0.0,0.0,0.0,-0.0
0.38038206100463867,-23.2979679107666,-0.00046874998952262104,-0.39990234375,5.859374869032763e-05,-0.03195800632238388,0.020546874031424522,-3.0,0.0,-0.3199687499989523,0.0,-0.04200390428304673,-0.0,0.04082438962371691,0.0002633150143083185,0.1,0.3106907308101654,3.141592653589793,-3.140516519546509,0.0,0.0,0.0,-0.0
0.38506031036376953,-23.2979679107666,-0.00046874998952262104,-0.39990234375,5.859374869032763e-05,-0.03195800632238388,0.020546874031424522,-3.0,0.0,-0.3199687499989523,0.0,-0.04200390428304673,-0.0,0.0408543274957094,0.0002633150143083185,0.1,0.3106907308101654,3.141592653589793,-3.140516519546509,0.0,0.0,0.0,-0.0
0.3894789218902588,-23.2979679107666,-0.00046874998952262104,-0.39990234375,5.859374869032763e-05,-0.03195800632238388,0.020546874031424522,-3.0,0.0,-0.3199687499989523,0.0,-0.04200390428304673,-0.0,0.04088260384784663,0.0002633150143083185,0.1,0.3106907308101654,3.141592653589793,-3.140516519546509,0.0,0.0,0.0,-0.0
0.39412403106689453,-23.2979679107666,-0.00046874998952262104,-0.39990234375,5.859374869032763e-05,-0.03195800632238388,0.020546874031424522,-3.0,0.0,-0.3199687499989523,0.0,-0.04200390428304673,-0.0,0.04091232964338377,0.0002633150143083185,0.1,0.3106907308101654,3.141592653589793,-3.140516519546509,0.0,0.0,0.0,-0.0
0.39856457710266113,-23.2979679107666,-0.00046874998952262104,-0.39990234375,5.859374869032763e-05,-0.03195800632238388,0.020546874031424522,-3.0,0.0,-0.3199687499989523,0.0,-0.04200390428304673,-0.0,0.04094074636267131,0.0002633150143083185,0.1,0.3106907308101654,3.141592653589793,-3.140516519546509,0.0,0.0,0.0,-0.0
0.40314722061157227,-23.2979679107666,-0.00046874998952262104,-0.39990234375,5.859374869032763e-05,-0.03195800632238388,0.020546874031424522,-3.0,0.0,-0.3199687499989523,0.0,-0.04200390428304673,-0.0,0.040970072416976054,0.0002633150143083185,0.1,0.3106907308101654,3.141592653589793,-3.140516519546509,0.0,0.0,0.0,-0.0
0.4080934524536133,-23.2979679107666,-0.00046874998952262104,-0.39990234375,5.859374869032763e-05,-0.03195800632238388,0.020546874031424522,-3.0,0.0,-0.3199687499989523,0.0,-0.04200390428304673,-0.0,0.04100172520937011,0.0002633150143083185,0.1,0.3106907308101654,3.141592653589793,-3.140516519546509,0.0,0.0,0.0,-0.0
0.4128875732421875,-23.2979679107666,-0.00046874998952262104,-0.39990234375,5.859374869032763e-05,-0.03195800632238388,0.020546874031424522,-3.0,0.0,-0.3199687499989523,0.0,-0.04200390428304673,-0.0,0.04103240458609139,0.0002633150143083185,0.1,0.3106907308101654,3.141592653589793,-3.140516519546509,0.0,0.0,0.0,-0.0
0.41747498512268066,-23.2979679107666,-0.00046874998952262104,-0.39990234375,5.859374869032763e-05,-0.03195800632238388,0.020546874031424522,-3.0,0.0,-0.3199687499989523,0.0,-0.04200390428304673,-0.0,0.04106176115499403,0.0002633150143083185,0.1,0.3106907308101654,3.141592653589793,-3.140516519546509,0.0,0.0,0.0,-0.0
0.4221322536468506,-23.2979679107666,-0.00046874998952262104,-0.39990234375,5.859374869032763e-05,-0.03195800632238388,0.020546874031424522,-3.0,0.0,-0.3199687499989523,0.0,-0.04200390428304673,-0.0,0.041091564762755786,0.0002633150143083185,0.1,0.3106907308101654,3.141592653589793,-3.140516519546509,0.0,0.0,0.0,-0.0
0.42705297470092773,-23.2979679107666,-0.00046874998952262104,-0.39990234375,5.859374869032763e-05,-0.03195800632238388,0.020546874031424522,-3.0,0.0,-0.3199687499989523,0.0,-0.04200390428304673,-0.0,0.04112305430205112,0.0002633150143083185,0.1,0.3106907308101654,3.141592653589793,-3.140516519546509,0.0,0.0,0.0,-0.0
0.4316422939300537,-23.2979679107666,-0.00046874998952262104,-0.39990234375,5.859374869032763e-05,-0.03195800632238388,0.020546874031424522,-3.0,0.0,-0.3199687499989523,0.0,-0.04200390428304673,-0.0,0.04115242307679291,0.0002633150143083185,0.1,0.3106907308101654,3.141592653589793,-3.140516519546509,0.0,0.0,0.0,-0.0
0.4362790584564209,-23.2979679107666,-0.00046874998952262104,-0.39990234375,5.859374869032763e-05,-0.03195800632238388,0.020546874031424522,-3.0,0.0,-0.3199687499989523,0.0,-0.04200390428304673,-0.0,0.04118209547178373,0.0002633150143083185,0.1,0.3106907308101654,3.141592653589793,-3.140516519546509,0.0,0.0,0.0,-0.0
0.4407656192779541,-23.2979679107666,-0.00046874998952262104,-0.39990234375,5.859374869032763e-05,-0.03195800632238388,0.020546874031424522,-3.0,0.0,-0.3199687499989523,0.0,-0.04200390428304673,-0.0,0.04121080665694094,0.0002633150143083185,0.1,0.3106907308101654,3.141592653589793,-3.140516519546509,0.0,0.0,0.0,-0.0
0.44515228271484375,-23.2979679107666,-0.00046874998952262104,-0.39990234375,5.859374869032763e-05,-0.03195800632238388,0.020546874031424522,-3.0,0.0,-0.3199687499989523,0.0,-0.04200390428304673,-0.0,0.04123887856127229,0.0002633150143083185,0.1,0.3106907308101654,3.141592653589793,-3.140516519546509,0.0,0.0,0.0,-0.0
0.44981932640075684,-23.2979679107666,-0.00046874998952262104,-0.39990234375,5.859374869032763e-05,-0.03195800632238388,0.020546874031424522,-3.0,0.0,-0.3199687499989523,0.0,-0.04200390428304673,-0.0,0.041268744723959735,0.0002633150143083185,0.1,0.3106907308101654,3.141592653589793,-3.140516519546509,0.0,0.0,0.0,-0.0
0.45427846908569336,-23.2979679107666,-0.00046874998952262104,-0.39990234375,5.859374869032763e-05,-0.03195800632238388,0.020546874031424522,-3.0,0.0,-0.3199687499989523,0.0,-0.04200390428304673,-0.0,0.04129728045017906,0.0002633150143083185,0.1,0.3106907308101654,3.141592653589793,-3.140516519546509,0.0,0.0,0.0,-0.0
0.4590187072753906,-23.2979679107666,-0.00046874998952262104,-0.39990234375,5.859374869032763e-05,-0.03195800632238388,0.020546874031424522,-3.0,0.0,-0.3199687499989523,0.0,-0.04200390428304673,-0.0,0.04132761501194415,0.0002633150143083185,0.1,0.3106907308101654,3.141592653589793,-3.140516519546509,0.0,0.0,0.0,-0.0
0.4639437198638916,-23.2979679107666,-0.00046874998952262104,-0.39990234375,5.859374869032763e-05,-0.03195800632238388,0.020546874031424522,-3.0,0.0,-0.3199687499989523,0.0,-0.04200390428304673,-0.0,0.04135913201437759,0.0002633150143083185,0.1,0.3106907308101654,3.141592653589793,-3.140516519546509,0.0,0.0,0.0,-0.0
0.4685966968536377,-23.2979679107666,-0.00046874998952262104,-0.39990234375,5.859374869032763e-05,-0.03195800632238388,0.020546874031424522,-3.0,0.0,-0.3199687499989523,0.0,-0.04200390428304673,-0.0,0.041388908159001245,0.0002633150143083185,0.1,0.3106907308101654,3.141592653589793,-3.140516519546509,0.0,0.0,0.0,-0.0
0.47322893142700195,-23.2979679107666,-0.00046874998952262104,-0.39990234375,5.859374869032763e-05,-0.03195800632238388,0.020546874031424522,-3.0,0.0,-0.3199687499989523,0.0,-0.04200390428304673,-0.0,0.04141855156512407,0.0002633150143083185,0.1,0.3106907308101654,3.141592653589793,-3.140516519546509,0.0,0.0,0.0,-0.0
0.4779236316680908,-23.2979679107666,-0.00046874998952262104,-0.39990234375,5.859374869032763e-05,-0.03195800632238388,0.020546874031424522,-3.0,0.0,-0.3199687499989523,0.0,-0.04200390428304673,-0.0,0.041448594712479296,0.0002633150143083185,0.1,0.3106907308101654,3.141592653589793,-3.140516519546509,0.0,0.0,0.0,-0.0
0.4826316833496094,-23.2979679107666,-0.00046874998952262104,-0.39990234375,5.859374869032763e-05,-0.03195800632238388,0.020546874031424522,-3.0,0.0,-0.3199687499989523,0.0,-0.04200390428304673,-0.0,0.04147872330070861,0.0002633150143083185,0.1,0.3106907308101654,3.141592653589793,-3.140516519546509,0.0,0.0,0.0,-0.0
0.48726963996887207,-23.2979679107666,-0.00046874998952262104,-0.39990234375,5.859374869032763e-05,-0.03195800632238388,0.020546874031424522,-3.0,0.0,-0.3199687499989523,0.0,-0.04200390428304673,-0.0,0.04150840332434891,0.0002633150143083185,0.1,0.3106907308101654,3.141592653589793,-3.140516519546509,0.0,0.0,0.0,-0.0
0.4919278621673584,-23.2979679107666,-0.00046874998952262104,-0.39990234375,5.859374869032763e-05,-0.03195800632238388,0.020546874031424522,-3.0,0.0,-0.3199687499989523,0.0,-0.04200390428304673,-0.0,0.04153821303503025,0.0002633150143083185,0.1,0.3106907308101654,3.141592653589793,-3.140516519546509,0.0,0.0,0.0,-0.0
0.4967663288116455,-23.2979679107666,-0.00046874998952262104,-0.39990234375,5.859374869032763e-05,-0.03195800632238388,0.020546874031424522,-3.0,0.0,-0.3199687499989523,0.0,-0.04200390428304673,-0.0,0.04156917619751194,0.0002633150143083185,0.1,0.3106907308101654,3.141592653589793,-3.140516519546509,0.0,0.0,0.0,-0.0
0.5014328956604004,-23.2979679107666,-0.00046874998952262104,-0.39990234375,5.859374869032763e-05,-0.03195800632238388,0.020546874031424522,-3.0,0.0,-0.3199687499989523,0.0,-0.04200390428304673,-0.0,0.04159903930873959,0.0002633150143083185,0.1,0.3106907308101654,3.141592653589793,-3.140516519546509,0.0,0.0,0.0,-0.0
0.5060560703277588,-23.2979679107666,-0.00046874998952262104,-0.39990234375,5.859374869032763e-05,-0.03195800632238388,0.020546874031424522,-3.0,0.0,-0.3199687499989523,0.0,-0.04200390428304673,-0.0,0.04162862473712642,0.0002633150143083185,0.1,0.3106907308101654,3.141592653589793,-3.140516519546509,0.0,0.0,0.0,-0.0
0.5106511116027832,-23.2979679107666,-0.00046874998952262104,-0.39990234375,5.859374869032763e-05,-0.03195800632238388,0.020546874031424522,-3.0,0.0,-0.3199687499989523,0.0,-0.04200390428304673,-0.0,0.04165803012938568,0.0002633150143083185,0.1,0.3106907308101654,3.141592653589793,-3.140516519546509,0.0,0.0,0.0,-0.0
0.5151832103729248,-23.2979679107666,-0.00046874998952262104,-0.39990234375,5.859374869032763e-05,-0.03195800632238388,0.020546874031424522,-3.0,0.0,-0.3199687499989523,0.0,-0.04200390428304673,-0.0,0.04168703272895276,0.0002633150143083185,0.1,0.3106907308101654,3.141592653589793,-3.140516519546509,0.0,0.0,0.0,-0.0
0.5200395584106445,-23.2979679107666,-0.00046874998952262104,-0.39990234375,5.859374869032763e-05,-0.03195800632238388,0.020546874031424522,-3.0,0.0,-0.3199687499989523,0.0,-0.04200390428304673,-0.0,0.04171811032117654,0.0002633150143083185,0.1,0.3106907308101654,3.141592653589793,-3.140516519546509,0.0,0.0,0.0,-0.0
0.5249097347259521,-23.2979679107666,-0.00046874998952262104,-0.39990234375,5.859374869032763e-05,-0.03195800632238388,0.020546874031424522,-3.0,0.0,-0.3199687499989523,0.0,-0.04200390428304673,-0.0,0.04174927640573421,0.0002633150143083185,0.1,0.3106907308101654,3.141592653589793,-3.140516519546509,0.0,0.0,0.0,-0.0
0.52944016456604,-23.2979679107666,-0.00046874998952262104,-0.39990234375,5.859374869032763e-05,-0.03195800632238388,0.020546874031424522,-3.0,0.0,-0.3199687499989523,0.0,-0.04200390428304673,-0.0,0.041778268325192026,0.0002633150143083185,0.1,0.3106907308101654,3.141592653589793,-3.140516519546509,0.0,0.0,0.0,-0.0
0.534069299697876,-23.2979679107666,-0.00046874998952262104,-0.39990234375,5.859374869032763e-05,-0.03195800632238388,0.020546874031424522,-3.0,0.0,-0.3199687499989523,0.0,-0.04200390428304673,-0.0,0.041807891896826224,0.0002633150143083185,0.1,0.3106907308101654,3.141592653589793,-3.140516519546509,0.0,0.0,0.0,-0.0
0.5388486385345459,-23.2979679107666,-0.00046874998952262104,-0.39990234375,5.859374869032763e-05,-0.03195800632238388,0.020546874031424522,-3.0,0.0,-0.3199687499989523,0.0,-0.04200390428304673,-0.0,0.04183847667829404,0.0002633150143083185,0.1,0.3106907308101654,3.141592653589793,-3.140516519546509,0.0,0.0,0.0,-0.0
0.5436420440673828,-23.2979679107666,-0.00046874998952262104,-0.39990234375,5.859374869032763e-05,-0.03195800632238388,0.020546874031424522,-3.0,0.0,-0.3199687499989523,0.0,-0.04200390428304673,-0.0,0.041869151477825634,0.0002633150143083185,0.1,0.3106907308101654,3.141592653589793,-3.140516519546509,0.0,0.0,0.0,-0.0
0.5483014583587646,-23.2979679107666,-0.00046874998952262104,-0.39990234375,5.859374869032763e-05,-0.03195800632238388,0.020546874031424522,-3.0,0.0,-0.3199687499989523,0.0,-0.04200390428304673,-0.0,0.04189896881715645,0.0002633150143083185,0.1,0.3106907308101654,3.141592653589793,-3.140516519546509,0.0,0.0,0.0,-0.0
0.553109884262085,-23.2979679107666,-0.00046874998952262104,-0.39990234375,5.859374869032763e-05,-0.03195800632238388,0.020546874031424522,-3.0,0.0,-0.3199687499989523,0.0,-0.04200390428304673,-0.0,0.04192973973767141,0.0002633150143083185,0.1,0.3106907308101654,3.141592653589793,-3.140516519546509,0.0,0.0,0.0,-0.0
0.5579662322998047,-23.2979679107666,-0.00046874998952262104,-0.39990234375,5.859374869032763e-05,-0.03195800632238388,0.020546874031424522,-3.0,0.0,-0.3199687499989523,0.0,-0.04200390428304673,-0.0,0.04196081732989519,0.0002633150143083185,0.1,0.3106907308101654,3.141592653589793,-3.140516519546509,0.0,0.0,0.0,-0.0
0.562725305557251,-23.2979679107666,-0.00046874998952262104,-0.39990234375,5.859374869032763e-05,-0.03195800632238388,0.020546874031424522,-3.0,0.0,-0.3199687499989523,0.0,-0.04200390428304673,-0.0,0.04199127242432196,0.0002633150143083185,0.1,0.3106907308101654,3.141592653589793,-3.140516519546509,0.0,0.0,0.0,-0.0
0.567399263381958,-23.2979679107666,-0.00046874998952262104,-0.39990234375,5.859374869032763e-05,-0.03195800632238388,0.020546874031424522,-3.0,0.0,-0.3199687499989523,0.0,-0.04200390428304673,-0.0,0.042021182833176345,0.0002633150143083185,0.1,0.3106907308101654,3.141592653589793,-3.140516519546509,0.0,0.0,0.0,-0.0
0.5719039440155029,-23.2979679107666,-0.00046874998952262104,-0.39990234375,5.859374869032763e-05,-0.03195800632238388,0.020546874031424522,-3.0,0.0,-0.3199687499989523,0.0,-0.04200390428304673,-0.0,0.04205000997380554,0.0002633150143083185,0.1,0.3106907308101654,3.141592653589793,-3.140516519546509,0.0,0.0,0.0,-0.0
0.5766241550445557,-23.2979679107666,-0.00046874998952262104,-0.39990234375,5.859374869032763e-05,-0.03195800632238388,0.020546874031424522,-3.0,0.0,-0.3199687499989523,0.0,-0.04200390428304673,-0.0,0.04208021637425949,0.0002633150143083185,0.1,0.3106907308101654,3.141592653589793,-3.140516519546509,0.0,0.0,0.0,-0.0
0.5814368724822998,-23.2979679107666,-0.00046874998952262104,-0.39990234375,5.859374869032763e-05,-0.03195800632238388,0.020546874031424522,-3.0,0.0,-0.3199687499989523,0.0,-0.04200390428304673,-0.0,0.042111014757912554,0.0002633150143083185,0.1,0.3106907308101654,3.141592653589793,-3.140516519546509,0.0,0.0,0.0,-0.0
0.5860378742218018,-23.2979679107666,-0.00046874998952262104,-0.39990234375,5.859374869032763e-05,-0.03195800632238388,0.020546874031424522,-3.0,0.0,-0.3199687499989523,0.0,-0.04200390428304673,-0.0,0.042140458293419183,0.0002633150143083185,0.1,0.3106907308101654,3.141592653589793,-3.140516519546509,0.0,0.0,0.0,-0.0
0.590770959854126,-23.2979679107666,-0.00046874998952262104,-0.39990234375,5.859374869032763e-05,-0.03195800632238388,0.020546874031424522,-3.0,0.0,-0.3199687499989523,0.0,-0.04200390428304673,-0.0,0.04217074708328744,0.0002633150143083185,0.1,0.3106907308101654,3.141592653589793,-3.140516519546509,0.0,0.0,0.0,-0.0
0.595496416091919,-23.2979679107666,-0.00046874998952262104,-0.39990234375,5.859374869032763e-05,-0.03195800632238388,0.020546874031424522,-3.0,0.0,-0.3199687499989523,0.0,-0.04200390428304673,-0.0,0.04220098704979906,0.0002633150143083185,0.1,0.3106907308101654,3.141592653589793,-3.140516519546509,0.0,0.0,0.0,-0.0
0.6002664566040039,-23.2979679107666,-0.00046874998952262104,-0.39990234375,5.859374869032763e-05,-0.03195800632238388,0.020546874031424522,-3.0,0.0,-0.3199687499989523,0.0,-0.04200390428304673,-0.0,0.04223151232780099,0.0002633150143083185,0.1,0.3106907308101654,3.141592653589793,-3.140516519546509,0.0,0.0,0.0,-0.0
0.6046473979949951,-23.2979679107666,-0.00046874998952262104,-0.39990234375,5.859374869032763e-05,-0.03195800632238388,0.020546874031424522,-3.0,0.0,-0.3199687499989523,0.0,-0.04200390428304673,-0.0,0.042259547614614874,0.0002633150143083185,0.1,0.3106907308101654,3.141592653589793,-3.140516519546509,0.0,0.0,0.0,-0.0
0.6093616485595703,-23.2979679107666,-0.00046874998952262104,-0.39990234375,5.859374869032763e-05,-0.03195800632238388,0.020546874031424522,-3.0,0.0,-0.3199687499989523,0.0,-0.04200390428304673,-0.0,0.042289715871821454,0.0002633150143083185,0.1,0.3106907308101654,3.141592653589793,-3.140516519546509,0.0,0.0,0.0,-0.0
0.6142220497131348,-23.2979679107666,-0.00046874998952262104,-0.39990234375,5.859374869032763e-05,-0.03195800632238388,0.020546874031424522,-3.0,0.0,-0.3199687499989523,0.0,-0.04200390428304673,-0.0,0.04232081940145344,0.0002633150143083185,0.1,0.3106907308101654,3.141592653589793,-3.140516519546509,0.0,0.0,0.0,-0.0
0.6190049648284912,-23.2979679107666,-0.00046874998952262104,-0.39990234375,5.859374869032763e-05,-0.03195800632238388,0.020546874031424522,-3.0,0.0,-0.3199687499989523,0.0,-0.04200390428304673,-0.0,0.04235142706886968,0.0002633150143083185,0.1,0.3106907308101654,3.141592653589793,-3.140516519546509,0.0,0.0,0.0,-0.0
0.6236567497253418,-23.2979679107666,-0.00046874998952262104,-0.39990234375,5.859374869032763e-05,-0.03195800632238388,0.020546874031424522,-3.0,0.0,-0.3199687499989523,0.0,-0.04200390428304673,-0.0,0.042381195584843864,0.0002633150143083185,0.1,0.3106907308101654,3.141592653589793,-3.140516519546509,0.0,0.0,0.0,-0.0
0.6282632350921631,-23.2979679107666,-0.00046874998952262104,-0.39990234375,5.859374869032763e-05,-0.03195800632238388,0.020546874031424522,-3.0,0.0,-0.3199687499989523,0.0,-0.04200390428304673,-0.0,0.042410674212138066,0.0002633150143083185,0.1,0.3106907308101654,3.141592653589793,-3.140516519546509,0.0,0.0,0.0,-0.0
0.6329998970031738,-23.2979679107666,-0.00046874998952262104,-0.39990234375,5.859374869032763e-05,-0.03195800632238388,0.020546874031424522,-3.0,0.0,-0.3199687499989523,0.0,-0.04200390428304673,-0.0,0.04244098588795474,0.0002633150143083185,0.1,0.3106907308101654,3.141592653589793,-3.140516519546509,0.0,0.0,0.0,-0.0
0.6376595497131348,-23.2979679107666,-0.00046874998952262104,-0.39990234375,5.859374869032763e-05,-0.03195800632238388,0.020546874031424522,-3.0,0.0,-0.3199687499989523,0.0,-0.04200390428304673,-0.0,0.04247080475301545,0.0002633150143083185,0.1,0.3106907308101654,3.141592653589793,-3.140516519546509,0.0,0.0,0.0,-0.0
0.6423251628875732,-23.2979679107666,-0.00046874998952262104,-0.39990234375,5.859374869032763e-05,-0.03195800632238388,0.020546874031424522,-3.0,0.0,-0.3199687499989523,0.0,-0.04200390428304673,-0.0,0.04250066176132353,0.0002633150143083185,0.1,0.3106907308101654,3.141592653589793,-3.140516519546509,0.0,0.0,0.0,-0.0
0.6468167304992676,-23.2979679107666,-0.00046874998952262104,-0.39990234375,5.859374869032763e-05,-0.03195800632238388,0.020546874031424522,-3.0,0.0,-0.3199687499989523,0.0,-0.04200390428304673,-0.0,0.04252940498680852,0.0002633150143083185,0.1,0.3106907308101654,3.141592653589793,-3.140516519546509,0.0,0.0,0.0,-0.0
0.6515014171600342,-23.2979679107666,-0.00046874998952262104,-0.39990234375,5.859374869032763e-05,-0.03195800632238388,0.020546874031424522,-3.0,0.0,-0.3199687499989523,0.0,-0.04200390428304673,-0.0,0.04255938405350816,0.0002633150143083185,0.1,0.3106907308101654,3.141592653589793,-3.140516519546509,0.0,0.0,0.0,-0.0
0.6567325592041016,-23.2979679107666,-0.00046874998952262104,-0.39990234375,5.859374869032763e-05,-0.03195800632238388,0.020546874031424522,-3.0,0.0,-0.3199687499989523,0.0,-0.04200390428304673,-0.0,0.04259286009312631,0.0002633150143083185,0.1,0.3106907308101654,3.141592653589793,-3.140516519546509,0.0,0.0,0.0,-0.0
0.6615984439849854,-23.2979679107666,-0.00046874998952262104,-0.39990234375,5.859374869032763e-05,-0.03195800632238388,0.020546874031424522,-3.0,0.0,-0.3199687499989523,0.0,-0.04200390428304673,-0.0,0.04262399871454587,0.0002633150143083185,0.1,0.3106907308101654,3.141592653589793,-3.140516519546509,0.0,0.0,0.0,-0.0
0.6665909290313721,-23.2979679107666,-0.00046874998952262104,-0.39990234375,5.859374869032763e-05,-0.03195800632238388,0.020546874031424522,-3.0,0.0,-0.3199687499989523,0.0,-0.04200390428304673,-0.0,0.04265594749853949,0.0002633150143083185,0.1,0.3106907308101654,3.141592653589793,-3.140516519546509,0.0,0.0,0.0,-0.0
0.6714694499969482,-23.2979679107666,-0.00046874998952262104,-0.39990234375,5.859374869032763e-05,-0.03195800632238388,0.020546874031424522,-3.0,0.0,-0.3199687499989523,0.0,-0.04200390428304673,-0.0,0.04268716698364347,0.0002633150143083185,0.1,0.3106907308101654,3.141592653589793,-3.140516519546509,0.0,0.0,0.0,-0.0
0.6761305332183838,-23.2979679107666,-0.00046874998952262104,-0.39990234375,5.859374869032763e-05,-0.03195800632238388,0.020546874031424522,-3.0,0.0,-0.3199687499989523,0.0,-0.04200390428304673,-0.0,0.04271699500308355,0.0002633150143083185,0.1,0.3106907308101654,3.141592653589793,-3.140516519546509,0.0,0.0,0.0,-0.0
0.680595874786377,-23.2979679107666,-0.00046874998952262104,-0.39990234375,5.859374869032763e-05,-0.03195800632238388,0.020546874031424522,-3.0,0.0,-0.3199687499989523,0.0,-0.04200390428304673,-0.0,0.04274557039828013,0.0002633150143083185,0.1,0.3106907308101654,3.141592653589793,-3.140516519546509,0.0,0.0,0.0,-0.0
0.6852908134460449,-23.2979679107666,-0.00046874998952262104,-0.39990234375,5.859374869032763e-05,-0.03195800632238388,0.020546874031424522,-3.0,0.0,-0.3199687499989523,0.0,-0.04200390428304673,-0.0,0.04277561507136524,0.0002633150143083185,0.1,0.3106907308101654,3.141592653589793,-3.140516519546509,0.0,0.0,0.0,-0.0
0.6900925636291504,-23.2979679107666,-0.00046874998952262104,-0.39990234375,5.859374869032763e-05,-0.03195800632238388,0.020546874031424522,-3.0,0.0,-0.3199687499989523,0.0,-0.04200390428304673,-0.0,0.042806343271443156,0.0002633150143083185,0.1,0.3106907308101654,3.141592653589793,-3.140516519546509,0.0,0.0,0.0,-0.0
0.6943962574005127,-23.2979679107666,-0.00046874998952262104,-0.39990234375,5.859374869032763e-05,-0.03195800632238388,0.020546874031424522,-3.0,0.0,-0.3199687499989523,0.0,-0.04200390428304673,-0.0,0.042833884221771173,0.0002633150143083185,0.1,0.3106907308101654,3.141592653589793,-3.140516519546509,0.0,0.0,0.0,-0.0
0.6997189521789551,-23.2979679107666,-0.00046874998952262104,-0.39990234375,5.859374869032763e-05,-0.03195800632238388,0.020546874031424522,-3.0,0.0,-0.3199687499989523,0.0,-0.04200390428304673,-0.0,0.04286794614166886,0.0002633150143083185,0.1,0.3106907308101654,3.141592653589793,-3.140516519546509,0.0,0.0,0.0,-0.0
0.7042663097381592,-23.2979679107666,-0.00046874998952262104,-0.39990234375,5.859374869032763e-05,-0.03195800632238388,0.020546874031424522,-3.0,0.0,-0.3199687499989523,0.0,-0.04200390428304673,-0.0,0.042897046387949195,0.0002633150143083185,0.1,0.3106907308101654,3.141592653589793,-3.140516519546509,0.0,0.0,0.0,-0.0
0.7089443206787109,-23.2979679107666,-0.00046874998952262104,-0.39990234375,5.859374869032763e-05,-0.03195800632238388,0.020546874031424522,-3.0,0.0,-0.3199687499989523,0.0,-0.04200390428304673,-0.0,0.04292698273421179,0.0002633150143083185,0.1,0.3106907308101654,3.141592653589793,-3.140516519546509,0.0,0.0,0.0,-0.0
0.7136924266815186,-23.2979679107666,-0.00046874998952262104,-0.39990234375,5.859374869032763e-05,-0.03195800632238388,0.020546874031424522,-3.0,0.0,-0.3199687499989523,0.0,-0.04200390428304673,-0.0,0.04295736764506341,0.0002633150143083185,0.1,0.3106907308101654,3.141592653589793,-3.140516519546509,0.0,0.0,0.0,-0.0
0.7182846069335938,-23.2979679107666,-0.00046874998952262104,-0.39990234375,5.859374869032763e-05,-0.03195800632238388,0.020546874031424522,-3.0,0.0,-0.3199687499989523,0.0,-0.04200390428304673,-0.0,0.04298675472856393,0.0002633150143083185,0.1,0.3106907308101654,3.141592653589793,-3.140516519546509,0.0,0.0,0.0,-0.0
0.7226853370666504,-23.2979679107666,-0.00046874998952262104,-0.39990234375,5.859374869032763e-05,-0.03195800632238388,0.020546874031424522,-3.0,0.0,-0.3199687499989523,0.0,-0.04200390428304673,-0.0,0.04301491665095907,0.0002633150143083185,0.1,0.3106907308101654,3.141592653589793,-3.140516519546509,0.0,0.0,0.0,-0.0
0.7271146774291992,-23.2979679107666,-0.00046874998952262104,-0.39990234375,5.859374869032763e-05,-0.03195800632238388,0.020546874031424522,-3.0,0.0,-0.3199687499989523,0.0,-0.04200390428304673,-0.0,0.043043261660941565,0.0002633150143083185,0.1,0.3106907308101654,3.141592653589793,-3.140516519546509,0.0,0.0,0.0,-0.0
0.731532096862793,-23.2979679107666,-0.00046874998952262104,-0.39990234375,5.859374869032763e-05,-0.03195800632238388,0.020546874031424522,-3.0,0.0,-0.3199687499989523,0.0,-0.04200390428304673,-0.0,0.043071530384429325,0.0002633150143083185,0.1,0.3106907308101654,3.141592653589793,-3.140516519546509,0.0,0.0,0.0,-0.0
0.7368292808532715,-23.2979679107666,-0.00046874998952262104,-0.39990234375,5.859374869032763e-05,-0.03195800632238388,0.020546874031424522,-3.0,0.0,-0.3199687499989523,0.0,-0.04200390428304673,-0.0,0.043105429051228286,0.0002633150143083185,0.1,0.3106907308101654,3.141592653589793,-3.140516519546509,0.0,0.0,0.0,-0.0
0.7416508197784424,-23.2979679107666,-0.00046874998952262104,-0.39990234375,5.859374869032763e-05,-0.03195800632238388,0.020546874031424522,-3.0,0.0,-0.3199687499989523,0.0,-0.04200390428304673,-0.0,0.04313628388688745,0.0002633150143083185,0.1,0.3106907308101654,3.141592653589793,-3.140516519546509,0.0,0.0,0.0,-0.0
0.7467594146728516,-23.2979679107666,-0.00046874998952262104,-0.39990234375,5.859374869032763e-05,-0.03195800632238388,0.020546874031424522,-3.0,0.0,-0.3199687499989523,0.0,-0.04200390428304673,-0.0,0.04316897570133975,0.0002633150143083185,0.1,0.3106907308101654,3.141592653589793,-3.140516519546509,0.0,0.0,0.0,-0.0
0.7515203952789307,-23.2979679107666,-0.00046874998952262104,-0.39990234375,5.859374869032763e-05,-0.03195800632238388,0.020546874031424522,-3.0,0.0,-0.3199687499989523,0.0,-0.04200390428304673,-0.0,0.04319944300160568,0.0002633150143083185,0.1,0.3106907308101654,3.141592653589793,-3.140516519546509,0.0,0.0,0.0,-0.0
0.7558965682983398,-23.2979679107666,-0.00046874998952262104,-0.39990234375,5.859374869032763e-05,-0.03195800632238388,0.020546874031424522,-3.0,0.0,-0.3199687499989523,0.0,-0.04200390428304673,-0.0,0.04322744777382167,0.0002633150143083185,0.1,0.3106907308101654,3.141592653589793,-3.140516519546509,0.0,0.0,0.0,-0.0
0.7604351043701172,-23.2979679107666,-0.00046874998952262104,-0.39990234375,5.859374869032763e-05,-0.03195800632238388,0.020546874031424522,-3.0,0.0,-0.3199687499989523,0.0,-0.04200390428304673,-0.0,0.043256491568095905,0.0002633150143083185,0.1,0.3106907308101654,3.141592653589793,-3.140516519546509,0.0,0.0,0.0,-0.0
0.7650635242462158,-23.2979679107666,-0.00046874998952262104,-0.39990234375,5.859374869032763e-05,-0.03195800632238388,0.020546874031424522,-3.0,0.0,-0.3199687499989523,0.0,-0.04200390428304673,-0.0,0.04328611056254042,0.0002633150143083185,0.1,0.3106907308101654,3.141592653589793,-3.140516519546509,0.0,0.0,0.0,-0.0
0.7697041034698486,-23.2979679107666,-0.00046874998952262104,-0.39990234375,5.859374869032763e-05,-0.03195800632238388,0.020546874031424522,-3.0,0.0,-0.3199687499989523,0.0,-0.04200390428304673,-0.0,0.04331580736920956,0.0002633150143083185,0.1,0.3106907308101654,3.141592653589793,-3.140516519546509,0.0,0.0,0.0,-0.0
0.7743279933929443,-23.2979679107666,-0.00046874998952262104,-0.39990234375,5.859374869032763e-05,-0.03195800632238388,0.020546874031424522,-3.0,0.0,-0.3199687499989523,0.0,-0.04200390428304673,-0.0,0.04334539737478607,0.0002633150143083185,0.1,0.3106907308101654,3.141592653589793,-3.140516519546509,0.0,0.0,0.0,-0.0
0.7790484428405762,-23.2979679107666,-0.00046874998952262104,-0.39990234375,5.859374869032763e-05,-0.03195800632238388,0.020546874031424522,-3.0,0.0,-0.3199687499989523,0.0,-0.04200390428304673,-0.0,0.043375605300969906,0.0002633150143083185,0.1,0.3106907308101654,3.141592653589793,-3.140516519546509,0.0,0.0,0.0,-0.0
0.7839334011077881,-23.2979679107666,-0.00046874998952262104,-0.39990234375,5.859374869032763e-05,-0.03195800632238388,0.020546874031424522,-3.0,0.0,-0.3199687499989523,0.0,-0.04200390428304673,-0.0,0.04340686598078104,0.0002633150143083185,0.1,0.3106907308101654,3.141592653589793,-3.140516519546509,0.0,0.0,0.0,-0.0
0.7885034084320068,-23.2979679107666,-0.00046874998952262104,-0.39990234375,5.859374869032763e-05,-0.03195800632238388,0.020546874031424522,-3.0,0.0,-0.3199687499989523,0.0,-0.04200390428304673,-0.0,0.04343611117140137,0.0002633150143083185,0.1,0.3106907308101654,3.141592653589793,-3.140516519546509,0.0,0.0,0.0,-0.0
0.7935938835144043,-23.2979679107666,-0.00046874998952262104,-0.39990234375,5.859374869032763e-05,-0.03195800632238388,0.020546874031424522,-3.0,0.0,-0.3199687499989523,0.0,-0.04200390428304673,-0.0,0.04346868703038168,0.0002633150143083185,0.1,0.3106907308101654,3.141592653589793,-3.140516519546509,0.0,0.0,0.0,-0.0
0.7980015277862549,-23.2979679107666,-0.00046874998952262104,-0.39990234375,5.859374869032763e-05,-0.03195800632238388,0.020546874031424522,-3.0,0.0,-0.3199687499989523,0.0,-0.04200390428304673,-0.0,0.043496893198943766,0.0002633150143083185,0.1,0.3106907308101654,3.141592653589793,-3.140516519546509,0.0,0.0,0.0,-0.0
0.8029229640960693,-23.2979679107666,-0.00046874998952262104,-0.39990234375,5.859374869032763e-05,-0.03195800632238388,0.020546874031424522,-3.0,0.0,-0.3199687499989523,0.0,-0.04200390428304673,-0.0,0.04352838731542878,0.0002633150143083185,0.1,0.3106907308101654,3.141592653589793,-3.140516519546509,0.0,0.0,0.0,-0.0
0.8076028823852539,-23.2979679107666,-0.00046874998952262104,-0.39990234375,5.859374869032763e-05,-0.03195800632238388,0.020546874031424522,-3.0,0.0,-0.3199687499989523,0.0,-0.04200390428304673,-0.0,0.04355833586753053,0.0002633150143083185,0.1,0.3106907308101654,3.141592653589793,-3.140516519546509,0.0,0.0,0.0,-0.0
0.8122751712799072,-23.2979679107666,-0.00046874998952262104,-0.39990234375,5.859374869032763e-05,-0.03195800632238388,0.020546874031424522,-3.0,0.0,-0.3199687499989523,0.0,-0.04200390428304673,-0.0,0.04358823559627566,0.0002633150143083185,0.1,0.3106907308101654,3.141592653589793,-3.140516519546509,0.0,0.0,0.0,-0.0
0.8175220489501953,-23.2979679107666,-0.00046874998952262104,-0.39990234375,5.859374869032763e-05,-0.03195800632238388,0.020546874031424522,-3.0,0.0,-0.3199687499989523,0.0,-0.04200390428304673,-0.0,0.043621812334066846,0.0002633150143083185,0.1,0.3106907308101654,3.141592653589793,-3.140516519546509,0.0,0.0,0.0,-0.0
0.8218252658843994,-23.2979679107666,-0.00046874998952262104,-0.39990234375,5.859374869032763e-05,-0.03195800632238388,0.020546874031424522,-3.0,0.0,-0.3199687499989523,0.0,-0.04200390428304673,-0.0,0.04364935023293508,0.0002633150143083185,0.1,0.3106907308101654,3.141592653589793,-3.140516519546509,0.0,0.0,0.0,-0.0
0.826422929763794,-23.2979679107666,-0.00046874998952262104,-0.39990234375,5.859374869032763e-05,-0.03195800632238388,0.020546874031424522,-3.0,0.0,-0.3199687499989523,0.0,-0.04200390428304673,-0.0,0.04367877240822318,0.0002633150143083185,0.1,0.3106907308101654,3.141592653589793,-3.140516519546509,0.0,0.0,0.0,-0.0
0.8307576179504395,-23.2979679107666,-0.00046874998952262104,-0.39990234375,5.859374869032763e-05,-0.03195800632238388,0.020546874031424522,-3.0,0.0,-0.3199687499989523,0.0,-0.04200390428304673,-0.0,0.043706511703437506,0.0002633150143083185,0.1,0.3106907308101654,3.141592653589793,-3.140516519546509,0.0,0.0,0.0,-0.0
0.8353290557861328,-23.2979679107666,-0.00046874998952262104,-0.39990234375,5.859374869032763e-05,-0.03195800632238388,0.020546874031424522,-3.0,0.0,-0.3199687499989523,0.0,-0.04200390428304673,-0.0,0.0437357660484372,0.0002633150143083185,0.1,0.3106907308101654,3.141592653589793,-3.140516519546509,0.0,0.0,0.0,-0.0
0.8401322364807129,-23.2979679107666,-0.00046874998952262104,-0.39990234375,5.859374869032763e-05,-0.03195800632238388,0.020546874031424522,-3.0,0.0,-0.3199687499989523,0.0,-0.04200390428304673,-0.0,0.04376650340289448,0.0002633150143083185,0.1,0.3106907308101654,3.141592653589793,-3.140516519546509,0.0,0.0,0.0,-0.0
0.8451361656188965,-23.2979679107666,-0.00046874998952262104,-0.39990234375,5.859374869032763e-05,-0.03195800632238388,0.020546874031424522,-3.0,0.0,-0.3199687499989523,0.0,-0.04200390428304673,-0.0,0.043798525421923036,0.0002633150143083185,0.1,0.3106907308101654,3.141592653589793,-3.140516519546509,0.0,0.0,0.0,-0.0
0.8499021530151367,-23.2979679107666,-0.00046874998952262104,-0.39990234375,5.859374869032763e-05,-0.03195800632238388,0.020546874031424522,-3.0,0.0,-0.3199687499989523,0.0,-0.04200390428304673,-0.0,0.04382902476251675,0.0002633150143083185,0.1,0.3106907308101654,3.141592653589793,-3.140516519546509,0.0,0.0,0.0,-0.0
0.8544001579284668,-23.2979679107666,-0.00046874998952262104,-0.39990234375,5.859374869032763e-05,-0.03195800632238388,0.020546874031424522,-3.0,0.0,-0.3199687499989523,0.0,-0.04200390428304673,-0.0,0.0438578091827089,0.0002633150143083185,0.1,0.3106907308101654,3.141592653589793,-3.140516519546509,0.0,0.0,0.0,-0.0
0.8592402935028076,-23.2979679107666,-0.00046874998952262104,-0.39990234375,5.859374869032763e-05,-0.03195800632238388,0.020546874031424522,-3.0,0.0,-0.3199687499989523,0.0,-0.04200390428304673,-0.0,0.043888783025299846,0.0002633150143083185,0.1,0.3106907308101654,3.141592653589793,-3.140516519546509,0.0,0.0,0.0,-0.0
0.8639993667602539,-23.2979679107666,-0.00046874998952262104,-0.39990234375,5.859374869032763e-05,-0.03195800632238388,0.020546874031424522,-3.0,0.0,-0.3199687499989523,0.0,-0.04200390428304673,-0.0,0.04391923811972662,0.0002633150143083185,0.1,0.3106907308101654,3.141592653589793,-3.140516519546509,0.0,0.0,0.0,-0.0
0.8691389560699463,-23.2979679107666,-0.00046874998952262104,-0.39990234375,5.859374869032763e-05,-0.03195800632238388,0.020546874031424522,-3.0,0.0,-0.3199687499989523,0.0,-0.04200390428304673,-0.0,0.04395212827906522,0.0002633150143083185,0.1,0.3106907308101654,3.141592653589793,-3.140516519546509,0.0,0.0,0.0,-0.0
0.8738360404968262,-23.2979679107666,-0.00046874998952262104,-0.39990234375,5.859374869032763e-05,-0.03195800632238388,0.020546874031424522,-3.0,0.0,-0.3199687499989523,0.0,-0.04200390428304673,-0.0,0.043982186683719386,0.0002633150143083185,0.1,0.3106907308101654,3.141592653589793,-3.140516519546509,0.0,0.0,0.0,-0.0
0.8783290386199951,-23.2979679107666,-0.00046874998952262104,-0.39990234375,5.859374869032763e-05,-0.03195800632238388,0.020546874031424522,-3.0,0.0,-0.3199687499989523,0.0,-0.04200390428304673,-0.0,0.04401093906358375,0.0002633150143083185,0.1,0.3106907308101654,3.141592653589793,-3.140516519546509,0.0,0.0,0.0,-0.0
0.8828821182250977,-23.2979679107666,-0.00046874998952262104,-0.39990234375,5.859374869032763e-05,-0.03195800632238388,0.020546874031424522,-3.0,0.0,-0.3199687499989523,0.0,-0.04200390428304673,-0.0,0.04404007592738155,0.0002633150143083185,0.1,0.3106907308101654,3.141592653589793,-3.140516519546509,0.0,0.0,0.0,-0.0
0.8875119686126709,-23.2979679107666,-0.00046874998952262104,-0.39990234375,5.859374869032763e-05,-0.03195800632238388,0.020546874031424522,-3.0,0.0,-0.3199687499989523,0.0,-0.04200390428304673,-0.0,0.04406970407620543,0.0002633150143083185,0.1,0.3106907308101654,3.141592653589793,-3.140516519546509,0.0,0.0,0.0,-0.0
0.8922500610351562,-23.2979679107666,-0.00046874998952262104,-0.39990234375,5.859374869032763e-05,-0.03195800632238388,0.020546874031424522,-3.0,0.0,-0.3199687499989523,0.0,-0.04200390428304673,-0.0,0.044100024906401476,0.0002633150143083185,0.1,0.3106907308101654,3.141592653589793,-3.140516519546509,0.0,0.0,0.0,-0.0
0.8970706462860107,-23.2979679107666,-0.00046874998952262104,-0.39990234375,5.859374869032763e-05,-0.03195800632238388,0.020546874031424522,-3.0,0.0,-0.3199687499989523,0.0,-0.04200390428304673,-0.0,0.04413087363914106,0.0002633150143083185,0.1,0.3106907308101654,3.141592653589793,-3.140516519546509,0.0,0.0,0.0,-0.0
0.9015007019042969,-23.2979679107666,-0.00046874998952262104,-0.39990234375,5.859374869032763e-05,-0.03195800632238388,0.020546874031424522,-3.0,0.0,-0.3199687499989523,0.0,-0.04200390428304673,-0.0,0.044159223226313236,0.0002633150143083185,0.1,0.3106907308101654,3.141592653589793,-3.140516519546509,0.0,0.0,0.0,-0.0
0.9061005115509033,-23.2979679107666,-0.00046874998952262104,-0.39990234375,5.859374869032763e-05,-0.03195800632238388,0.020546874031424522,-3.0,0.0,-0.3199687499989523,0.0,-0.04200390428304673,-0.0,0.044188659133170397,0.0002633150143083185,0.1,0.3106907308101654,3.141592653589793,-3.140516519546509,0.0,0.0,0.0,-0.0
0.9108481407165527,-23.2979679107666,-0.00046874998952262104,-0.39990234375,5.859374869032763e-05,-0.03195800632238388,0.020546874031424522,-3.0,0.0,-0.3199687499989523,0.0,-0.04200390428304673,-0.0,0.04421904099256222,0.0002633150143083185,0.1,0.3106907308101654,3.141592653589793,-3.140516519546509,0.0,0.0,0.0,-0.0
0.9155590534210205,-23.2979679107666,-0.00046874998952262104,-0.39990234375,5.859374869032763e-05,-0.03195800632238388,0.020546874031424522,-3.0,0.0,-0.3199687499989523,0.0,-0.04200390428304673,-0.0,0.044249187889550276,0.0002633150143083185,0.1,0.3106907308101654,3.141592653589793,-3.140516519546509,0.0,0.0,0.0,-0.0
0.9201626777648926,-23.2979679107666,-0.00046874998952262104,-0.39990234375,5.859374869032763e-05,-0.03195800632238388,0.020546874031424522,-3.0,0.0,-0.3199687499989523,0.0,-0.04200390428304673,-0.0,0.04427864820808575,0.0002633150143083185,0.1,0.3106907308101654,3.141592653589793,-3.140516519546509,0.0,0.0,0.0,-0.0
0.9250102043151855,-23.2979679107666,-0.00046874998952262104,-0.39990234375,5.859374869032763e-05,-0.03195800632238388,0.020546874031424522,-3.0,0.0,-0.3199687499989523,0.0,-0.04200390428304673,-0.0,0.044309669348303424,0.0002633150143083185,0.1,0.3106907308101654,3.141592653589793,-3.140516519546509,0.0,0.0,0.0,-0.0
0.9297201633453369,-23.2979679107666,-0.00046874998952262104,-0.39990234375,5.859374869032763e-05,-0.03195800632238388,0.020546874031424522,-3.0,0.0,-0.3199687499989523,0.0,-0.04200390428304673,-0.0,0.044339810142371906,0.0002633150143083185,0.1,0.3106907308101654,3.141592653589793,-3.140516519546509,0.0,0.0,0.0,-0.0
0.9345450401306152,-23.2979679107666,-0.00046874998952262104,-0.39990234375,5.859374869032763e-05,-0.03195800632238388,0.020546874031424522,-3.0,0.0,-0.3199687499989523,0.0,-0.04200390428304673,-0.0,0.044370686338249594,0.0002633150143083185,0.1,0.3106907308101654,3.141592653589793,-3.140516519546509,0.0,0.0,0.0,-0.0
0.9393255710601807,-23.2979679107666,-0.00046874998952262104,-0.39990234375,5.859374869032763e-05,-0.03195800632238388,0.020546874031424522,-3.0,0.0,-0.3199687499989523,0.0,-0.04200390428304673,-0.0,0.04440127874836688,0.0002633150143083185,0.1,0.3106907308101654,3.141592653589793,-3.140516519546509,0.0,0.0,0.0,-0.0
0.944047212600708,-23.2979679107666,-0.00046874998952262104,-0.39990234375,5.859374869032763e-05,-0.03195800632238388,0.020546874031424522,-3.0,0.0,-0.3199687499989523,0.0,-0.04200390428304673,-0.0,0.04443149430320019,0.0002633150143083185,0.1,0.3106907308101654,3.141592653589793,-3.140516519546509,0.0,0.0,0.0,-0.0
0.9487400054931641,-23.2979679107666,-0.00046874998952262104,-0.39990234375,5.859374869032763e-05,-0.03195800632238388,0.020546874031424522,-3.0,0.0,-0.3199687499989523,0.0,-0.04200390428304673,-0.0,0.044461525244716256,0.0002633150143083185,0.1,0.3106907308101654,3.141592653589793,-3.140516519546509,0.0,0.0,0.0,-0.0
0.9531702995300293,-23.2979679107666,-0.00046874998952262104,-0.39990234375,5.859374869032763e-05,-0.03195800632238388,0.020546874031424522,-3.0,0.0,-0.3199687499989523,0.0,-0.04200390428304673,-0.0,0.04448987635761833,0.0002633150143083185,0.1,0.3106907308101654,3.141592653589793,-3.140516519546509,0.0,0.0,0.0,-0.0
0.957679033279419,-23.2979679107666,-0.00046874998952262104,-0.39990234375,5.859374869032763e-05,-0.03195800632238388,0.020546874031424522,-3.0,0.0,-0.3199687499989523,0.0,-0.04200390428304673,-0.0,0.044518729435655734,0.0002633150143083185,0.1,0.3106907308101654,3.141592653589793,-3.140516519546509,0.0,0.0,0.0,-0.0
0.9621024131774902,-23.2979679107666,-0.00046874998952262104,-0.39990234375,5.859374869032763e-05,-0.03195800632238388,0.020546874031424522,-3.0,0.0,-0.3199687499989523,0.0,-0.04200390428304673,-0.0,0.04454703630239086,0.0002633150143083185,0.1,0.3106907308101654,3.141592653589793,-3.140516519546509,0.0,0.0,0.0,-0.0
0.9668900966644287,-23.2979679107666,-0.00046874998952262104,-0.39990234375,5.859374869032763e-05,-0.03195800632238388,0.020546874031424522,-3.0,0.0,-0.3199687499989523,0.0,-0.04200390428304673,-0.0,0.044577674484404986,0.0002633150143083185,0.1,0.3106907308101654,3.141592653589793,-3.140516519546509,0.0,0.0,0.0,-0.0
0.9716134071350098,-23.2979679107666,-0.00046874998952262104,-0.39990234375,5.859374869032763e-05,-0.03195800632238388,0.020546874031424522,-3.0,0.0,-0.3199687499989523,0.0,-0.04200390428304673,-0.0,0.04460790071934756,0.0002633150143083185,0.1,0.3106907308101654,3.141592653589793,-3.140516519546509,0.0,0.0,0.0,-0.0
0.9763412475585938,-23.2979679107666,-0.00046874998952262104,-0.39990234375,5.859374869032763e-05,-0.03195800632238388,0.020546874031424522,-3.0,0.0,-0.3199687499989523,0.0,-0.04200390428304673,-0.0,0.044638155943158134,0.0002633150143083185,0.1,0.3106907308101654,3.141592653589793,-3.140516519546509,0.0,0.0,0.0,-0.0
0.9809753894805908,-23.2979679107666,-0.00046874998952262104,-0.39990234375,5.859374869032763e-05,-0.03195800632238388,0.020546874031424522,-3.0,0.0,-0.3199687499989523,0.0,-0.04200390428304673,-0.0,0.04466781155512012,0.0002633150143083185,0.1,0.3106907308101654,3.141592653589793,-3.140516519546509,0.0,0.0,0.0,-0.0
0.9854190349578857,-23.2979679107666,-0.00046874998952262104,-0.39990234375,5.859374869032763e-05,-0.03195800632238388,0.020546874031424522,-3.0,0.0,-0.3199687499989523,0.0,-0.04200390428304673,-0.0,0.04469624810889629,0.0002633150143083185,0.1,0.3106907308101654,3.141592653589793,-3.140516519546509,0.0,0.0,0.0,-0.0
0.990086555480957,-23.2979679107666,-0.00046874998952262104,-0.39990234375,5.859374869032763e-05,-0.03195800632238388,0.020546874031424522,-3.0,0.0,-0.3199687499989523,0.0,-0.04200390428304673,-0.0,0.04472611732304352,0.0002633150143083185,0.1,0.3106907308101654,3.141592653589793,-3.140516519546509,0.0,0.0,0.0,-0.0
0.9945089817047119,-23.2979679107666,-0.00046874998952262104,-0.39990234375,5.859374869032763e-05,-0.03195800632238388,0.020546874031424522,-3.0,0.0,-0.3199687499989523,0.0,-0.04200390428304673,-0.0,0.04475441808685907,0.0002633150143083185,0.1,0.3106907308101654,3.141592653589793,-3.140516519546509,0.0,0.0,0.0,-0.0
0.9993481636047363,-23.2979679107666,-0.00046874998952262104,-0.39990234375,5.859374869032763e-05,-0.03195800632238388,0.020546874031424522,-3.0,0.0,-0.3199687499989523,0.0,-0.04200390428304673,-0.0,0.04478538582653044,0.0002633150143083185,0.1,0.3106907308101654,3.141592653589793,-3.140516519546509,0.0,0.0,0.0,-0.0
1.0037894248962402,-23.2979679107666,-0.00046874998952262104,-0.39990234375,5.859374869032763e-05,-0.03195800632238388,0.020546874031424522,-3.0,0.0,-0.3199687499989523,0.0,-0.04200390428304673,-0.0,0.044813807123007664,0.0002633150143083185,0.1,0.3106907308101654,3.141592653589793,-3.140516519546509,0.0,0.0,0.0,-0.0
1.008413314819336,-23.2979679107666,-0.00046874998952262104,-0.39990234375,5.859374869032763e-05,-0.03195800632238388,0.020546874031424522,-3.0,0.0,-0.3199687499989523,0.0,-0.04200390428304673,-0.0,0.04484339712858418,0.0002633150143083185,0.1,0.3106907308101654,3.141592653589793,-3.140516519546509,0.0,0.0,0.0,-0.0
1.0132815837860107,-23.2979679107666,-0.00046874998952262104,-0.39990234375,5.859374869032763e-05,-0.03195800632238388,0.020546874031424522,-3.0,0.0,-0.3199687499989523,0.0,-0.04200390428304673,-0.0,0.044874551007302685,0.0002633150143083185,0.1,0.3106907308101654,3.141592653589793,-3.140516519546509,0.0,0.0,0.0,-0.0
1.0178701877593994,-23.2979679107666,-0.00046874998952262104,-0.39990234375,5.859374869032763e-05,-0.03195800632238388,0.020546874031424522,-3.0,0.0,-0.3199687499989523,0.0,-0.04200390428304673,-0.0,0.044903915204854795,0.0002633150143083185,0.1,0.3106907308101654,3.141592653589793,-3.140516519546509,0.0,0.0,0.0,-0.0
1.022411823272705,-23.2979679107666,-0.00046874998952262104,-0.39990234375,5.859374869032763e-05,-0.03195800632238388,0.020546874031424522,-3.0,0.0,-0.3199687499989523,0.0,-0.04200390428304673,-0.0,0.04493297883361766,0.0002633150143083185,0.1,0.3106907308101654,3.141592653589793,-3.140516519546509,0.0,0.0,0.0,-0.0
1.027158260345459,-23.2979679107666,-0.00046874998952262104,-0.39990234375,5.859374869032763e-05,-0.03195800632238388,0.020546874031424522,-3.0,0.0,-0.3199687499989523,0.0,-0.04200390428304673,-0.0,0.044963353064360015,0.0002633150143083185,0.1,0.3106907308101654,3.141592653589793,-3.140516519546509,0.0,0.0,0.0,-0.0
1.0317931175231934,-23.2979679107666,-0.00046874998952262104,-0.39990234375,5.859374869032763e-05,-0.03195800632238388,0.020546874031424522,-3.0,0.0,-0.3199687499989523,0.0,-0.04200390428304673,-0.0,0.04499301325351168,0.0002633150143083185,0.1,0.3106907308101654,3.141592653589793,-3.140516519546509,0.0,0.0,0.0,-0.0
1.0369412899017334,-23.2979679107666,-0.00046874998952262104,-0.39990234375,5.859374869032763e-05,-0.03195800632238388,0.020546874031424522,-3.0,0.0,-0.3199687499989523,0.0,-0.04200390428304673,-0.0,0.045025958339126496,0.0002633150143083185,0.1,0.3106907308101654,3.141592653589793,-3.140516519546509,0.0,0.0,0.0,-0.0
1.0416083335876465,-23.2979679107666,-0.00046874998952262104,-0.39990234375,5.859374869032763e-05,-0.03195800632238388,0.020546874031424522,-3.0,0.0,-0.3199687499989523,0.0,-0.04200390428304673,-0.0,0.04505582450181394,0.0002633150143083185,0.1,0.3106907308101654,3.141592653589793,-3.140516519546509,0.0,0.0,0.0,-0.0
1.04624605178833,-23.2979679107666,-0.00046874998952262104,-0.39990234375,5.859374869032763e-05,-0.03195800632238388,0.020546874031424522,-3.0,0.0,-0.3199687499989523,0.0,-0.04200390428304673,-0.0,0.04508550299972434,0.0002633150143083185,0.1,0.3106907308101654,3.141592653589793,-3.140516519546509,0.0,0.0,0.0,-0.0
1.0510118007659912,-23.2979679107666,-0.00046874998952262104,-0.39990234375,5.859374869032763e-05,-0.03195800632238388,0.020546874031424522,-3.0,0.0,-0.3199687499989523,0.0,-0.04200390428304673,-0.0,0.04511600081458816,0.0002633150143083185,0.1,0.3106907308101654,3.141592653589793,-3.140516519546509,0.0,0.0,0.0,-0.0
1.0556645393371582,-23.2979679107666,-0.00046874998952262104,-0.39990234375,5.859374869032763e-05,-0.03195800632238388,0.020546874031424522,-3.0,0.0,-0.3199687499989523,0.0,-0.04200390428304673,-0.0,0.04514577543348192,0.0002633150143083185,0.1,0.3106907308101654,3.141592653589793,-3.140516519546509,0.0,0.0,0.0,-0.0
1.0604300498962402,-23.2979679107666,-0.00046874998952262104,-0.39990234375,5.859374869032763e-05,-0.03195800632238388,0.020546874031424522,-3.0,0.0,-0.3199687499989523,0.0,-0.04200390428304673,-0.0,0.045176271722615846,0.0002633150143083185,0.1,0.3106907308101654,3.141592653589793,-3.140516519546509,0.0,0.0,0.0,-0.0
1.0652110576629639,-23.2979679107666,-0.00046874998952262104,-0.39990234375,5.859374869032763e-05,-0.03195800632238388,0.020546874031424522,-3.0,0.0,-0.3199687499989523,0.0,-0.04200390428304673,-0.0,0.04520686718419292,0.0002633150143083185,0.1,0.3106907308101654,3.141592653589793,-3.140516519546509,0.0,0.0,0.0,-0.0
1.0695693492889404,-23.2979679107666,-0.00046874998952262104,-0.39990234375,5.859374869032763e-05,-0.03195800632238388,0.020546874031424522,-3.0,0.0,-0.3199687499989523,0.0,-0.04200390428304673,-0.0,0.04523475752666682,0.0002633150143083185,0.1,0.3106907308101654,3.141592653589793,-3.140516519546509,0.0,0.0,0.0,-0.0
1.0742928981781006,-23.2979679107666,-0.00046874998952262104,-0.39990234375,5.859374869032763e-05,-0.03195800632238388,0.020546874031424522,-3.0,0.0,-0.3199687499989523,0.0,-0.04200390428304673,-0.0,0.045264985287339285,0.0002633150143083185,0.1,0.3106907308101654,3.141592653589793,-3.140516519546509,0.0,0.0,0.0,-0.0
1.0791845321655273,-23.2979679107666,-0.00046874998952262104,-0.39990234375,5.859374869032763e-05,-0.03195800632238388,0.020546874031424522,-3.0,0.0,-0.3199687499989523,0.0,-0.04200390428304673,-0.0,0.04529628868758748,0.0002633150143083185,0.1,0.3106907308101654,3.141592653589793,-3.140516519546509,0.0,0.0,0.0,-0.0
1.0839810371398926,-23.2979679107666,-0.00046874998952262104,-0.39990234375,5.859374869032763e-05,-0.03195800632238388,0.020546874031424522,-3.0,0.0,-0.3199687499989523,0.0,-0.04200390428304673,-0.0,0.04532698332160771,0.0002633150143083185,0.1,0.3106907308101654,3.141592653589793,-3.140516519546509,0.0,0.0,0.0,-0.0
1.0887162685394287,-23.2979679107666,-0.00046874998952262104,-0.39990234375,5.859374869032763e-05,-0.03195800632238388,0.020546874031424522,-3.0,0.0,-0.3199687499989523,0.0,-0.04200390428304673,-0.0,0.04535728584304501,0.0002633150143083185,0.1,0.3106907308101654,3.141592653589793,-3.140516519546509,0.0,0.0,0.0,-0.0
1.0935077667236328,-23.2979679107666,-0.00046874998952262104,-0.39990234375,5.859374869032763e-05,-0.03195800632238388,0.020546874031424522,-3.0,0.0,-0.3199687499989523,0.0,-0.04200390428304673,-0.0,0.04538794843673745,0.0002633150143083185,0.1,0.3106907308101654,3.141592653589793,-3.140516519546509,0.0,0.0,0.0,-0.0
1.0980679988861084,-23.2979679107666,-0.00046874998952262104,-0.39990234375,5.859374869032763e-05,-0.03195800632238388,0.020546874031424522,-3.0,0.0,-0.3199687499989523,0.0,-0.04200390428304673,-0.0,0.04539624999987427,0.0002633150143083185,0.1,0.3106907308101654,3.141592653589793,-3.140516519546509,0.0,0.0,0.0,-0.0
1.102506160736084,-23.2979679107666,-0.00046874998952262104,-0.39990234375,5.859374869032763e-05,-0.03195800632238388,0.020546874031424522,-3.0,0.0,-0.3199687499989523,0.0,-0.04200390428304673,-0.0,0.04539624999987427,0.0002633150143083185,0.1,0.3106907308101654,3.141592653589793,-3.140516519546509,0.0,0.0,0.0,-0.0
1.107240915298462,-23.2979679107666,-0.00046874998952262104,-0.39990234375,5.859374869032763e-05,-0.03195800632238388,0.020546874031424522,-3.0,0.0,-0.3199687499989523,0.0,-0.04200390428304673,-0.0,0.04539624999987427,0.0002633150143083185,0.1,0.3106907308101654,3.141592653589793,-3.140516519546509,0.0,0.0,0.0,-0.0
1.1120080947875977,-23.2979679107666,-0.00046874998952262104,-0.39990234375,5.859374869032763e-05,-0.03195800632238388,0.020546874031424522,-3.0,0.0,-0.3199687499989523,0.0,-0.04200390428304673,-0.0,0.04539624999987427,0.0002633150143083185,0.1,0.3106907308101654,3.141592653589793,-3.140516519546509,0.0,0.0,0.0,-0.0
1.1167666912078857,-23.2979679107666,-0.00046874998952262104,-0.39990234375,5.859374869032763e-05,-0.03195800632238388,0.020546874031424522,-3.0,0.0,-0.3199687499989523,0.0,-0.04200390428304673,-0.0,0.04539624999987427,0.0002633150143083185,0.1,0.3106907308101654,3.141592653589793,-3.140516519546509,0.0,0.0,0.0,-0.0
1.1215276718139648,-23.2979679107666,-0.00046874998952262104,-0.39990234375,5.859374869032763e-05,-0.03195800632238388,0.020546874031424522,-3.0,0.0,-0.3199687499989523,0.0,-0.04200390428304673,-0.0,0.04539624999987427,0.0002633150143083185,0.1,0.3106907308101654,3.141592653589793,-3.140516519546509,0.0,0.0,0.0,-0.0
1.1261324882507324,-23.2979679107666,-0.00046874998952262104,-0.39990234375,5.859374869032763e-05,-0.03195800632238388,0.020546874031424522,-3.0,0.0,-0.3199687499989523,0.0,-0.04200390428304673,-0.0,0.04539624999987427,0.0002633150143083185,0.1,0.3106907308101654,3.141592653589793,-3.140516519546509,0.0,0.0,0.0,-0.0
1.130591630935669,-23.2979679107666,-0.00046874998952262104,-0.39990234375,5.859374869032763e-05,-0.03195800632238388,0.020546874031424522,-3.0,0.0,-0.3199687499989523,0.0,-0.04200390428304673,-0.0,0.04539624999987427,0.0002633150143083185,0.1,0.3106907308101654,3.141592653589793,-3.140516519546509,0.0,0.0,0.0,-0.0
1.1353743076324463,-23.2979679107666,-0.00046874998952262104,-0.39990234375,5.859374869032763e-05,-0.03195800632238388,0.020546874031424522,-3.0,0.0,-0.3199687499989523,0.0,-0.04200390428304673,-0.0,0.04539624999987427,0.0002633150143083185,0.1,0.3106907308101654,3.141592653589793,-3.140516519546509,0.0,0.0,0.0,-0.0
1.1397602558135986,-23.2979679107666,-0.00046874998952262104,-0.39990234375,5.859374869032763e-05,-0.03195800632238388,0.020546874031424522,-3.0,0.0,-0.3199687499989523,0.0,-0.04200390428304673,-0.0,0.04539624999987427,0.0002633150143083185,0.1,0.3106907308101654,3.141592653589793,-3.140516519546509,0.0,0.0,0.0,-0.0
1.1442499160766602,-23.2979679107666,-0.00046874998952262104,-0.39990234375,5.859374869032763e-05,-0.03195800632238388,0.020546874031424522,-3.0,0.0,-0.3199687499989523,0.0,-0.04200390428304673,-0.0,0.04539624999987427,0.0002633150143083185,0.1,0.3106907308101654,3.141592653589793,-3.140516519546509,0.0,0.0,0.0,-0.0
1.1488966941833496,-23.2979679107666,-0.00046874998952262104,-0.39990234375,5.859374869032763e-05,-0.03195800632238388,0.020546874031424522,-3.0,0.0,-0.3199687499989523,0.0,-0.04200390428304673,-0.0,0.04539624999987427,0.0002633150143083185,0.1,0.3106907308101654,3.141592653589793,-3.140516519546509,0.0,0.0,0.0,-0.0
1.1533217430114746,-23.2979679107666,-0.00046874998952262104,-0.39990234375,5.859374869032763e-05,-0.03195800632238388,0.020546874031424522,-3.0,0.0,-0.3199687499989523,0.0,-0.04200390428304673,-0.0,0.04539624999987427,0.0002633150143083185,0.1,0.3106907308101654,3.141592653589793,-3.140516519546509,0.0,0.0,0.0,-0.0
1.1580157279968262,-23.2979679107666,-0.00046874998952262104,-0.39990234375,5.859374869032763e-05,-0.03195800632238388,0.020546874031424522,-3.0,0.0,-0.3199687499989523,0.0,-0.04200390428304673,-0.0,0.04539624999987427,0.0002633150143083185,0.1,0.3106907308101654,3.141592653589793,-3.140516519546509,0.0,0.0,0.0,-0.0
1.1624948978424072,-23.2979679107666,-0.00046874998952262104,-0.39990234375,5.859374869032763e-05,-0.03195800632238388,0.020546874031424522,-3.0,0.0,-0.3199687499989523,0.0,-0.04200390428304673,-0.0,0.04539624999987427,0.0002633150143083185,0.1,0.3106907308101654,3.141592653589793,-3.140516519546509,0.0,0.0,0.0,-0.0
1.1673245429992676,-23.2979679107666,-0.00046874998952262104,-0.39990234375,5.859374869032763e-05,-0.03195800632238388,0.020546874031424522,-3.0,0.0,-0.3199687499989523,0.0,-0.04200390428304673,-0.0,0.04539624999987427,0.0002633150143083185,0.1,0.3106907308101654,3.141592653589793,-3.140516519546509,0.0,0.0,0.0,-0.0
1.172027349472046,-23.2979679107666,-0.00046874998952262104,-0.39990234375,5.859374869032763e-05,-0.03195800632238388,0.020546874031424522,-3.0,0.0,-0.3199687499989523,0.0,-0.04200390428304673,-0.0,0.04539624999987427,0.0002633150143083185,0.1,0.3106907308101654,3.141592653589793,-3.140516519546509,0.0,0.0,0.0,-0.0
1.1764562129974365,-23.2979679107666,-0.00046874998952262104,-0.39990234375,5.859374869032763e-05,-0.03195800632238388,0.020546874031424522,-3.0,0.0,-0.3199687499989523,0.0,-0.04200390428304673,-0.0,0.04539624999987427,0.0002633150143083185,0.1,0.3106907308101654,3.141592653589793,-3.140516519546509,0.0,0.0,0.0,-0.0
1.1811416149139404,-23.2979679107666,-0.00046874998952262104,-0.39990234375,5.859374869032763e-05,-0.03195800632238388,0.020546874031424522,-3.0,0.0,-0.3199687499989523,0.0,-0.04200390428304673,-0.0,0.04539624999987427,0.0002633150143083185,0.1,0.3106907308101654,3.141592653589793,-3.140516519546509,0.0,0.0,0.0,-0.0
1.185730218887329,-23.2979679107666,-0.00046874998952262104,-0.39990234375,5.859374869032763e-05,-0.03195800632238388,0.020546874031424522,-3.0,0.0,-0.3199687499989523,0.0,-0.04200390428304673,-0.0,0.04539624999987427,0.0002633150143083185,0.1,0.3106907308101654,3.141592653589793,-3.140516519546509,0.0,0.0,0.0,-0.0
1.1903769969940186,-23.2979679107666,-0.00046874998952262104,-0.39990234375,5.859374869032763e-05,-0.03195800632238388,0.020546874031424522,-3.0,0.0,-0.3199687499989523,0.0,-0.04200390428304673,-0.0,0.04539624999987427,0.0002633150143083185,0.1,0.3106907308101654,3.141592653589793,-3.140516519546509,0.0,0.0,0.0,-0.0
1.1950435638427734,-23.2979679107666,-0.00046874998952262104,-0.39990234375,5.859374869032763e-05,-0.03195800632238388,0.020546874031424522,-3.0,0.0,-0.3199687499989523,0.0,-0.04200390428304673,-0.0,0.04539624999987427,0.0002633150143083185,0.1,0.3106907308101654,3.141592653589793,-3.140516519546509,0.0,0.0,0.0,-0.0
1.1995460987091064,-23.2979679107666,-0.00046874998952262104,-0.39990234375,5.859374869032763e-05,-0.03195800632238388,0.020546874031424522,-3.0,0.0,-0.3199687499989523,0.0,-0.04200390428304673,-0.0,0.04539624999987427,0.0002633150143083185,0.1,0.3106907308101654,3.141592653589793,-3.140516519546509,0.0,0.0,0.0,-0.0
1.2048306465148926,-23.2979679107666,-0.00046874998952262104,-0.39990234375,5.859374869032763e-05,-0.03195800632238388,0.020546874031424522,-3.0,0.0,-0.3199687499989523,0.0,-0.04200390428304673,-0.0,0.04539624999987427,0.0002633150143083185,0.1,0.3106907308101654,3.141592653589793,-3.140516519546509,0.0,0.0,0.0,-0.0
1.2099580764770508,-23.2979679107666,-0.00046874998952262104,-0.39990234375,5.859374869032763e-05,-0.03195800632238388,0.020546874031424522,-3.0,0.0,-0.3199687499989523,0.0,-0.04200390428304673,-0.0,0.04539624999987427,0.0002633150143083185,0.1,0.3106907308101654,3.141592653589793,-3.140516519546509,0.0,0.0,0.0,-0.0
1.2146928310394287,-23.2979679107666,-0.00046874998952262104,-0.39990234375,5.859374869032763e-05,-0.03195800632238388,0.020546874031424522,-3.0,0.0,-0.3199687499989523,0.0,-0.04200390428304673,-0.0,0.04539624999987427,0.0002633150143083185,0.1,0.3106907308101654,3.141592653589793,-3.140516519546509,0.0,0.0,0.0,-0.0
1.2193834781646729,-23.2979679107666,-0.00046874998952262104,-0.39990234375,5.859374869032763e-05,-0.03195800632238388,0.020546874031424522,-3.0,0.0,-0.3199687499989523,0.0,-0.04200390428304673,-0.0,0.04539624999987427,0.0002633150143083185,0.1,0.3106907308101654,3.141592653589793,-3.140516519546509,0.0,0.0,0.0,-0.0
1.2239627838134766,-23.2979679107666,-0.00046874998952262104,-0.39990234375,5.859374869032763e-05,-0.03195800632238388,0.020546874031424522,-3.0,0.0,-0.3199687499989523,0.0,-0.04200390428304673,-0.0,0.04539624999987427,0.0002633150143083185,0.1,0.3106907308101654,3.141592653589793,-3.140516519546509,0.0,0.0,0.0,-0.0
1.2286772727966309,-23.2979679107666,-0.00046874998952262104,-0.39990234375,5.859374869032763e-05,-0.03195800632238388,0.020546874031424522,-3.0,0.0,-0.3199687499989523,0.0,-0.04200390428304673,-0.0,0.04539624999987427,0.0002633150143083185,0.1,0.3106907308101654,3.141592653589793,-3.140516519546509,0.0,0.0,0.0,-0.0
1.233720064163208,-23.2979679107666,-0.00046874998952262104,-0.39990234375,5.859374869032763e-05,-0.03195800632238388,0.020546874031424522,-3.0,0.0,-0.3199687499989523,0.0,-0.04200390428304673,-0.0,0.04539624999987427,0.0002633150143083185,0.1,0.3106907308101654,3.141592653589793,-3.140516519546509,0.0,0.0,0.0,-0.0
1.2387239933013916,-23.2979679107666,-0.00046874998952262104,-0.39990234375,5.859374869032763e-05,-0.03195800632238388,0.020546874031424522,-3.0,0.0,-0.3199687499989523,0.0,-0.04200390428304673,-0.0,0.04539624999987427,0.0002633150143083185,0.1,0.3106907308101654,3.141592653589793,-3.140516519546509,0.0,0.0,0.0,-0.0
1.2434606552124023,-23.2979679107666,-0.00046874998952262104,-0.39990234375,5.859374869032763e-05,-0.03195800632238388,0.020546874031424522,-3.0,0.0,-0.3199687499989523,0.0,-0.04200390428304673,-0.0,0.04539624999987427,0.0002633150143083185,0.1,0.3106907308101654,3.141592653589793,-3.140516519546509,0.0,0.0,0.0,-0.0
1.2480363845825195,-23.2979679107666,-0.00046874998952262104,-0.39990234375,5.859374869032763e-05,-0.03195800632238388,0.020546874031424522,-3.0,0.0,-0.3199687499989523,0.0,-0.04200390428304673,-0.0,0.04539624999987427,0.0002633150143083185,0.1,0.3106907308101654,3.141592653589793,-3.140516519546509,0.0,0.0,0.0,-0.0
1.2527954578399658,-23.2979679107666,-0.00046874998952262104,-0.39990234375,5.859374869032763e-05,-0.03195800632238388,0.020546874031424522,-3.0,0.0,-0.3199687499989523,0.0,-0.04200390428304673,-0.0,0.04539624999987427,0.0002633150143083185,0.1,0.3106907308101654,3.141592653589793,-3.140516519546509,0.0,0.0,0.0,-0.0
1.2573816776275635,-23.2979679107666,-0.00046874998952262104,-0.39990234375,5.859374869032763e-05,-0.03195800632238388,0.020546874031424522,-3.0,0.0,-0.3199687499989523,0.0,-0.04200390428304673,-0.0,0.04539624999987427,0.0002633150143083185,0.1,0.3106907308101654,3.141592653589793,-3.140516519546509,0.0,0.0,0.0,-0.0
1.2620632648468018,-23.2979679107666,-0.00046874998952262104,-0.39990234375,5.859374869032763e-05,-0.03195800632238388,0.020546874031424522,-3.0,0.0,-0.3199687499989523,0.0,-0.04200390428304673,-0.0,0.04539624999987427,0.0002633150143083185,0.1,0.3106907308101654,3.141592653589793,-3.140516519546509,0.0,0.0,0.0,-0.0
1.2666995525360107,-23.2979679107666,-0.00046874998952262104,-0.39990234375,5.859374869032763e-05,-0.03195800632238388,0.020546874031424522,-3.0,0.0,-0.3199687499989523,0.0,-0.04200390428304673,-0.0,0.04539624999987427,0.0002633150143083185,0.1,0.3106907308101654,3.141592653589793,-3.140516519546509,0.0,0.0,0.0,-0.0
1.2714507579803467,-23.2979679107666,-0.00046874998952262104,-0.39990234375,5.859374869032763e-05,-0.03195800632238388,0.020546874031424522,-3.0,0.0,-0.3199687499989523,0.0,-0.04200390428304673,-0.0,0.04539624999987427,0.0002633150143083185,0.1,0.3106907308101654,3.141592653589793,-3.140516519546509,0.0,0.0,0.0,-0.0
1.2761054039001465,-23.2979679107666,-0.00046874998952262104,-0.39990234375,5.859374869032763e-05,-0.03195800632238388,0.020546874031424522,-3.0,0.0,-0.3199687499989523,0.0,-0.04200390428304673,-0.0,0.04539624999987427,0.0002633150143083185,0.1,0.3106907308101654,3.141592653589793,-3.140516519546509,0.0,0.0,0.0,-0.0
1.280796766281128,-23.2979679107666,-0.00046874998952262104,-0.39990234375,5.859374869032763e-05,-0.03195800632238388,0.020546874031424522,-3.0,0.0,-0.3199687499989523,0.0,-0.04200390428304673,-0.0,0.04539624999987427,0.0002633150143083185,0.1,0.3106907308101654,3.141592653589793,-3.140516519546509,0.0,0.0,0.0,-0.0
1.2854278087615967,-23.2979679107666,-0.00046874998952262104,-0.39990234375,5.859374869032763e-05,-0.03195800632238388,0.020546874031424522,-3.0,0.0,-0.3199687499989523,0.0,-0.04200390428304673,-0.0,0.04539624999987427,0.0002633150143083185,0.1,0.3106907308101654,3.141592653589793,-3.140516519546509,0.0,0.0,0.0,-0.0
1.290154218673706,-23.2979679107666,-0.00046874998952262104,-0.39990234375,5.859374869032763e-05,-0.03195800632238388,0.020546874031424522,-3.0,0.0,-0.3199687499989523,0.0,-0.04200390428304673,-0.0,0.04539624999987427,0.0002633150143083185,0.1,0.3106907308101654,3.141592653589793,-3.140516519546509,0.0,0.0,0.0,-0.0
1.2945222854614258,-23.2979679107666,-0.00046874998952262104,-0.39990234375,5.859374869032763e-05,-0.03195800632238388,0.020546874031424522,-3.0,0.0,-0.3199687499989523,0.0,-0.04200390428304673,-0.0,0.04539624999987427,0.0002633150143083185,0.1,0.3106907308101654,3.141592653589793,-3.140516519546509,0.0,0.0,0.0,-0.0
1.2993135452270508,-23.2979679107666,-0.00046874998952262104,-0.39990234375,5.859374869032763e-05,-0.03195800632238388,0.020546874031424522,-3.0,0.0,-0.3199687499989523,0.0,-0.04200390428304673,-0.0,0.04539624999987427,0.0002633150143083185,0.1,0.3106907308101654,3.141592653589793,-3.140516519546509,0.0,0.0,0.0,-0.0
1.304002285003662,-23.2979679107666,-0.00046874998952262104,-0.39990234375,5.859374869032763e-05,-0.03195800632238388,0.020546874031424522,-3.0,0.0,-0.3199687499989523,0.0,-0.04200390428304673,-0.0,0.04539624999987427,0.0002633150143083185,0.1,0.3106907308101654,3.141592653589793,-3.140516519546509,0.0,0.0,0.0,-0.0
1.3087420463562012,-23.2979679107666,-0.00046874998952262104,-0.39990234375,5.859374869032763e-05,-0.03195800632238388,0.020546874031424522,-3.0,0.0,-0.3199687499989523,0.0,-0.04200390428304673,-0.0,0.04539624999987427,0.0002633150143083185,0.1,0.3106907308101654,3.141592653589793,-3.140516519546509,0.0,0.0,0.0,-0.0
1.3133211135864258,-23.2979679107666,-0.00046874998952262104,-0.39990234375,5.859374869032763e-05,-0.03195800632238388,0.020546874031424522,-3.0,0.0,-0.3199687499989523,0.0,-0.04200390428304673,-0.0,0.04539624999987427,0.0002633150143083185,0.1,0.3106907308101654,3.141592653589793,-3.140516519546509,0.0,0.0,0.0,-0.0
1.3179845809936523,-23.2979679107666,-0.00046874998952262104,-0.39990234375,5.859374869032763e-05,-0.03195800632238388,0.020546874031424522,-3.0,0.0,-0.3199687499989523,0.0,-0.04200390428304673,-0.0,0.04539624999987427,0.0002633150143083185,0.1,0.3106907308101654,3.141592653589793,-3.140516519546509,0.0,0.0,0.0,-0.0
1.3223536014556885,-23.2979679107666,-0.00046874998952262104,-0.39990234375,5.859374869032763e-05,-0.03195800632238388,0.020546874031424522,-3.0,0.0,-0.3199687499989523,0.0,-0.04200390428304673,-0.0,0.04539624999987427,0.0002633150143083185,0.1,0.3106907308101654,3.141592653589793,-3.140516519546509,0.0,0.0,0.0,-0.0
1.3271212577819824,-23.2979679107666,-0.00046874998952262104,-0.39990234375,5.859374869032763e-05,-0.03195800632238388,0.020546874031424522,-3.0,0.0,-0.3199687499989523,0.0,-0.04200390428304673,-0.0,0.04539624999987427,0.0002633150143083185,0.1,0.3106907308101654,3.141592653589793,-3.140516519546509,0.0,0.0,0.0,-0.0
1.331833839416504,-23.2979679107666,-0.00046874998952262104,-0.39990234375,5.859374869032763e-05,-0.03195800632238388,0.020546874031424522,-3.0,0.0,-0.3199687499989523,0.0,-0.04200390428304673,-0.0,0.04539624999987427,0.0002633150143083185,0.1,0.3106907308101654,3.141592653589793,-3.140516519546509,0.0,0.0,0.0,-0.0
1.3367462158203125,-23.2979679107666,-0.00046874998952262104,-0.39990234375,5.859374869032763e-05,-0.03195800632238388,0.020546874031424522,-3.0,0.0,-0.3199687499989523,0.0,-0.04200390428304673,-0.0,0.04539624999987427,0.0002633150143083185,0.1,0.3106907308101654,3.141592653589793,-3.140516519546509,0.0,0.0,0.0,-0.0
1.3414256572723389,-23.2979679107666,-0.00046874998952262104,-0.39990234375,5.859374869032763e-05,-0.03195800632238388,0.020546874031424522,-3.0,0.0,-0.3199687499989523,0.0,-0.04200390428304673,-0.0,0.04539624999987427,0.0002633150143083185,0.1,0.3106907308101654,3.141592653589793,-3.140516519546509,0.0,0.0,0.0,-0.0
1.3461503982543945,-23.2979679107666,-0.00046874998952262104,-0.39990234375,5.859374869032763e-05,-0.03195800632238388,0.020546874031424522,-3.0,0.0,-0.3199687499989523,0.0,-0.04200390428304673,-0.0,0.04539624999987427,0.0002633150143083185,0.1,0.3106907308101654,3.141592653589793,-3.140516519546509,0.0,0.0,0.0,-0.0
1.350935459136963,-23.2979679107666,-0.00046874998952262104,-0.39990234375,5.859374869032763e-05,-0.03195800632238388,0.020546874031424522,-3.0,0.0,-0.3199687499989523,0.0,-0.04200390428304673,-0.0,0.04539624999987427,0.0002633150143083185,0.1,0.3106907308101654,3.141592653589793,-3.140516519546509,0.0,0.0,0.0,-0.0
1.3555412292480469,-23.2979679107666,-0.00046874998952262104,-0.39990234375,5.859374869032763e-05,-0.03195800632238388,0.020546874031424522,-3.0,0.0,-0.3199687499989523,0.0,-0.04200390428304673,-0.0,0.04539624999987427,0.0002633150143083185,0.1,0.3106907308101654,3.141592653589793,-3.140516519546509,0.0,0.0,0.0,-0.0
1.3602850437164307,-23.2979679107666,-0.00046874998952262104,-0.39990234375,5.859374869032763e-05,-0.03195800632238388,0.020546874031424522,-3.0,0.0,-0.3199687499989523,0.0,-0.04200390428304673,-0.0,0.04539624999987427,0.0002633150143083185,0.1,0.3106907308101654,3.141592653589793,-3.140516519546509,0.0,0.0,0.0,-0.0
1.3650503158569336,-23.2979679107666,-0.00046874998952262104,-0.39990234375,5.859374869032763e-05,-0.03195800632238388,0.020546874031424522,-3.0,0.0,-0.3199687499989523,0.0,-0.04200390428304673,-0.0,0.04539624999987427,0.0002633150143083185,0.1,0.3106907308101654,3.141592653589793,-3.140516519546509,0.0,0.0,0.0,-0.0
1.3697810173034668,-23.2979679107666,-0.00046874998952262104,-0.39990234375,5.859374869032763e-05,-0.03195800632238388,0.020546874031424522,-3.0,0.0,-0.3199687499989523,0.0,-0.04200390428304673,-0.0,0.04539624999987427,0.0002633150143083185,0.1,0.3106907308101654,3.141592653589793,-3.140516519546509,0.0,0.0,0.0,-0.0
1.37455153465271,-23.2979679107666,-0.00046874998952262104,-0.39990234375,5.859374869032763e-05,-0.03195800632238388,0.020546874031424522,-3.0,0.0,-0.3199687499989523,0.0,-0.04200390428304673,-0.0,0.04539624999987427,0.0002633150143083185,0.1,0.3106907308101654,3.141592653589793,-3.140516519546509,0.0,0.0,0.0,-0.0
1.3792951107025146,-23.2979679107666,-0.00046874998952262104,-0.39990234375,5.859374869032763e-05,-0.03195800632238388,0.020546874031424522,-3.0,0.0,-0.3199687499989523,0.0,-0.04200390428304673,-0.0,0.04539624999987427,0.0002633150143083185,0.1,0.3106907308101654,3.141592653589793,-3.140516519546509,0.0,0.0,0.0,-0.0
1.3840246200561523,-23.2979679107666,-0.00046874998952262104,-0.39990234375,5.859374869032763e-05,-0.03195800632238388,0.020546874031424522,-3.0,0.0,-0.3199687499989523,0.0,-0.04200390428304673,-0.0,0.04539624999987427,0.0002633150143083185,0.1,0.3106907308101654,3.141592653589793,-3.140516519546509,0.0,0.0,0.0,-0.0
1.388810157775879,-23.2979679107666,-0.00046874998952262104,-0.39990234375,5.859374869032763e-05,-0.03195800632238388,0.020546874031424522,-3.0,0.0,-0.3199687499989523,0.0,-0.04200390428304673,-0.0,0.04539624999987427,0.0002633150143083185,0.1,0.3106907308101654,3.141592653589793,-3.140516519546509,0.0,0.0,0.0,-0.0
1.3935835361480713,-23.2979679107666,-0.00046874998952262104,-0.39990234375,5.859374869032763e-05,-0.03195800632238388,0.020546874031424522,-3.0,0.0,-0.3199687499989523,0.0,-0.04200390428304673,-0.0,0.04539624999987427,0.0002633150143083185,0.1,0.3106907308101654,3.141592653589793,-3.140516519546509,0.0,0.0,0.0,-0.0
1.3982868194580078,-23.2979679107666,-0.00046874998952262104,-0.39990234375,5.859374869032763e-05,-0.03195800632238388,0.020546874031424522,-3.0,0.0,-0.3199687499989523,0.0,-0.04200390428304673,-0.0,0.04539624999987427,0.0002633150143083185,0.1,0.3106907308101654,3.141592653589793,-3.140516519546509,0.0,0.0,0.0,-0.0
1.4028396606445312,-23.2979679107666,-0.00046874998952262104,-0.39990234375,5.859374869032763e-05,-0.03195800632238388,0.020546874031424522,-3.0,0.0,-0.3199687499989523,0.0,-0.04200390428304673,-0.0,0.04539624999987427,0.0002633150143083185,0.1,0.3106907308101654,3.141592653589793,-3.140516519546509,0.0,0.0,0.0,-0.0
1.4075169563293457,-23.2979679107666,-0.00046874998952262104,-0.39990234375,5.859374869032763e-05,-0.03195800632238388,0.020546874031424522,-3.0,0.0,-0.3199687499989523,0.0,-0.04200390428304673,-0.0,0.04539624999987427,0.0002633150143083185,0.1,0.3106907308101654,3.141592653589793,-3.140516519546509,0.0,0.0,0.0,-0.0
1.4123961925506592,-23.2979679107666,-0.00046874998952262104,-0.39990234375,5.859374869032763e-05,-0.03195800632238388,0.020546874031424522,-3.0,0.0,-0.3199687499989523,0.0,-0.04200390428304673,-0.0,0.04539624999987427,0.0002633150143083185,0.1,0.3106907308101654,3.141592653589793,-3.140516519546509,0.0,0.0,0.0,-0.0
1.4170022010803223,-23.2979679107666,-0.00046874998952262104,-0.39990234375,5.859374869032763e-05,-0.03195800632238388,0.020546874031424522,-3.0,0.0,-0.3199687499989523,0.0,-0.04200390428304673,-0.0,0.04539624999987427,0.0002633150143083185,0.1,0.3106907308101654,3.141592653589793,-3.140516519546509,0.0,0.0,0.0,-0.0
1.4215471744537354,-23.2979679107666,-0.00046874998952262104,-0.39990234375,5.859374869032763e-05,-0.03195800632238388,0.020546874031424522,-3.0,0.0,-0.3199687499989523,0.0,-0.04200390428304673,-0.0,0.04539624999987427,0.0002633150143083185,0.1,0.3106907308101654,3.141592653589793,-3.140516519546509,0.0,0.0,0.0,-0.0
1.4260952472686768,-23.2979679107666,-0.00046874998952262104,-0.39990234375,5.859374869032763e-05,-0.03195800632238388,0.020546874031424522,-3.0,0.0,-0.3199687499989523,0.0,-0.04200390428304673,-0.0,0.04539624999987427,0.0002633150143083185,0.1,0.3106907308101654,3.141592653589793,-3.140516519546509,0.0,0.0,0.0,-0.0
1.4304213523864746,-23.2979679107666,-0.00046874998952262104,-0.39990234375,5.859374869032763e-05,-0.03195800632238388,0.020546874031424522,-3.0,0.0,-0.3199687499989523,0.0,-0.04200390428304673,-0.0,0.04539624999987427,0.0002633150143083185,0.1,0.3106907308101654,3.141592653589793,-3.140516519546509,0.0,0.0,0.0,-0.0
1.434887170791626,-23.2979679107666,-0.00046874998952262104,-0.39990234375,5.859374869032763e-05,-0.03195800632238388,0.020546874031424522,-3.0,0.0,-0.3199687499989523,0.0,-0.04200390428304673,-0.0,0.04539624999987427,0.0002633150143083185,0.1,0.3106907308101654,3.141592653589793,-3.140516519546509,0.0,0.0,0.0,-0.0
1.439399242401123,-23.2979679107666,-0.00046874998952262104,-0.39990234375,5.859374869032763e-05,-0.03195800632238388,0.020546874031424522,-3.0,0.0,-0.3199687499989523,0.0,-0.04200390428304673,-0.0,0.04539624999987427,0.0002633150143083185,0.1,0.3106907308101654,3.141592653589793,-3.140516519546509,0.0,0.0,0.0,-0.0
1.4443695545196533,-23.2979679107666,-0.00046874998952262104,-0.39990234375,5.859374869032763e-05,-0.03195800632238388,0.020546874031424522,-3.0,0.0,-0.3199687499989523,0.0,-0.04200390428304673,-0.0,0.04539624999987427,0.0002633150143083185,0.1,0.3106907308101654,3.141592653589793,-3.140516519546509,0.0,0.0,0.0,-0.0
1.4487624168395996,-23.2979679107666,-0.00046874998952262104,-0.39990234375,5.859374869032763e-05,-0.03195800632238388,0.020546874031424522,-3.0,0.0,-0.3199687499989523,0.0,-0.04200390428304673,-0.0,0.04539624999987427,0.0002633150143083185,0.1,0.3106907308101654,3.141592653589793,-3.140516519546509,0.0,0.0,0.0,-0.0
1.453528881072998,-23.2979679107666,-0.00046874998952262104,-0.39990234375,5.859374869032763e-05,-0.03195800632238388,0.020546874031424522,-3.0,0.0,-0.3199687499989523,0.0,-0.04200390428304673,-0.0,0.04539624999987427,0.0002633150143083185,0.1,0.3106907308101654,3.141592653589793,-3.140516519546509,0.0,0.0,0.0,-0.0
1.458106517791748,-23.2979679107666,-0.00046874998952262104,-0.39990234375,5.859374869032763e-05,-0.03195800632238388,0.020546874031424522,-3.0,0.0,-0.3199687499989523,0.0,-0.04200390428304673,-0.0,0.04539624999987427,0.0002633150143083185,0.1,0.3106907308101654,3.141592653589793,-3.140516519546509,0.0,0.0,0.0,-0.0
1.4629309177398682,-23.2979679107666,-0.00046874998952262104,-0.39990234375,5.859374869032763e-05,-0.03195800632238388,0.020546874031424522,-3.0,0.0,-0.3199687499989523,0.0,-0.04200390428304673,-0.0,0.04539624999987427,0.0002633150143083185,0.1,0.3106907308101654,3.141592653589793,-3.140516519546509,0.0,0.0,0.0,-0.0
1.4675254821777344,-23.2979679107666,-0.00046874998952262104,-0.39990234375,5.859374869032763e-05,-0.03195800632238388,0.020546874031424522,-3.0,0.0,-0.3199687499989523,0.0,-0.04200390428304673,-0.0,0.04539624999987427,0.0002633150143083185,0.1,0.3106907308101654,3.141592653589793,-3.140516519546509,0.0,0.0,0.0,-0.0
1.4719548225402832,-23.2979679107666,-0.00046874998952262104,-0.39990234375,5.859374869032763e-05,-0.03195800632238388,0.020546874031424522,-3.0,0.0,-0.3199687499989523,0.0,-0.04200390428304673,-0.0,0.04539624999987427,0.0002633150143083185,0.1,0.3106907308101654,3.141592653589793,-3.140516519546509,0.0,0.0,0.0,-0.0
1.47684907913208,-23.2979679107666,-0.00046874998952262104,-0.39990234375,5.859374869032763e-05,-0.03195800632238388,0.020546874031424522,-3.0,0.0,-0.3199687499989523,0.0,-0.04200390428304673,-0.0,0.04539624999987427,0.0002633150143083185,0.1,0.3106907308101654,3.141592653589793,-3.140516519546509,0.0,0.0,0.0,-0.0
1.481668472290039,-23.2979679107666,-0.00046874998952262104,-0.39990234375,5.859374869032763e-05,-0.03195800632238388,0.020546874031424522,-3.0,0.0,-0.3199687499989523,0.0,-0.04200390428304673,-0.0,0.04539624999987427,0.0002633150143083185,0.1,0.3106907308101654,3.141592653589793,-3.140516519546509,0.0,0.0,0.0,-0.0
1.4862163066864014,-23.2979679107666,-0.00046874998952262104,-0.39990234375,5.859374869032763e-05,-0.03195800632238388,0.020546874031424522,-3.0,0.0,-0.3199687499989523,0.0,-0.04200390428304673,-0.0,0.04539624999987427,0.0002633150143083185,0.1,0.3106907308101654,3.141592653589793,-3.140516519546509,0.0,0.0,0.0,-0.0
1.4910869598388672,-23.2979679107666,-0.00046874998952262104,-0.39990234375,5.859374869032763e-05,-0.03195800632238388,0.020546874031424522,-3.0,0.0,-0.3199687499989523,0.0,-0.04200390428304673,-0.0,0.04539624999987427,0.0002633150143083185,0.1,0.3106907308101654,3.141592653589793,-3.140516519546509,0.0,0.0,0.0,-0.0
1.4956562519073486,-23.2979679107666,-0.00046874998952262104,-0.39990234375,5.859374869032763e-05,-0.03195800632238388,0.020546874031424522,-3.0,0.0,-0.3199687499989523,0.0,-0.04200390428304673,-0.0,0.04539624999987427,0.0002633150143083185,0.1,0.3106907308101654,3.141592653589793,-3.140516519546509,0.0,0.0,0.0,-0.0
1.500312089920044,-23.2979679107666,-0.00046874998952262104,-0.39990234375,5.859374869032763e-05,-0.03195800632238388,0.020546874031424522,-3.0,0.0,-0.3199687499989523,0.0,-0.04200390428304673,-0.0,0.04539624999987427,0.0002633150143083185,0.1,0.3106907308101654,3.141592653589793,-3.140516519546509,0.0,0.0,0.0,-0.0
1.504941701889038,-23.2979679107666,-0.00046874998952262104,-0.39990234375,5.859374869032763e-05,-0.03195800632238388,0.020546874031424522,-3.0,0.0,-0.3199687499989523,0.0,-0.04200390428304673,-0.0,0.04539624999987427,0.0002633150143083185,0.1,0.3106907308101654,3.141592653589793,-3.140516519546509,0.0,0.0,0.0,-0.0
1.509676456451416,-23.2979679107666,-0.00046874998952262104,-0.39990234375,5.859374869032763e-05,-0.03195800632238388,0.020546874031424522,-3.0,0.0,-0.3199687499989523,0.0,-0.04200390428304673,-0.0,0.04539624999987427,0.0002633150143083185,0.1,0.3106907308101654,3.141592653589793,-3.140516519546509,0.0,0.0,0.0,-0.0
1.514420747756958,-23.2979679107666,-0.00046874998952262104,-0.39990234375,5.859374869032763e-05,-0.03195800632238388,0.020546874031424522,-3.0,0.0,-0.3199687499989523,0.0,-0.04200390428304673,-0.0,0.04539624999987427,0.0002633150143083185,0.1,0.3106907308101654,3.141592653589793,-3.140516519546509,0.0,0.0,0.0,-0.0
1.518845558166504,-23.2979679107666,-0.00046874998952262104,-0.39990234375,5.859374869032763e-05,-0.03195800632238388,0.020546874031424522,-3.0,0.0,-0.3199687499989523,0.0,-0.04200390428304673,-0.0,0.04539624999987427,0.0002633150143083185,0.1,0.3106907308101654,3.141592653589793,-3.140516519546509,0.0,0.0,0.0,-0.0
1.5235435962677002,-23.2979679107666,-0.00046874998952262104,-0.39990234375,5.859374869032763e-05,-0.03195800632238388,0.020546874031424522,-3.0,0.0,-0.3199687499989523,0.0,-0.04200390428304673,-0.0,0.04539624999987427,0.0002633150143083185,0.1,0.3106907308101654,3.141592653589793,-3.140516519546509,0.0,0.0,0.0,-0.0
1.5283935070037842,-23.2979679107666,-0.00046874998952262104,-0.39990234375,5.859374869032763e-05,-0.03195800632238388,0.020546874031424522,-3.0,0.0,-0.3199687499989523,0.0,-0.04200390428304673,-0.0,0.04539624999987427,0.0002633150143083185,0.1,0.3106907308101654,3.141592653589793,-3.140516519546509,0.0,0.0,0.0,-0.0
1.5331642627716064,-23.2979679107666,-0.00046874998952262104,-0.39990234375,5.859374869032763e-05,-0.03195800632238388,0.020546874031424522,-3.0,0.0,-0.3199687499989523,0.0,-0.04200390428304673,-0.0,0.04539624999987427,0.0002633150143083185,0.1,0.3106907308101654,3.141592653589793,-3.140516519546509,0.0,0.0,0.0,-0.0
1.5378844738006592,-23.2979679107666,-0.00046874998952262104,-0.39990234375,5.859374869032763e-05,-0.03195800632238388,0.020546874031424522,-3.0,0.0,-0.3199687499989523,0.0,-0.04200390428304673,-0.0,0.04539624999987427,0.0002633150143083185,0.1,0.3106907308101654,3.141592653589793,-3.140516519546509,0.0,0.0,0.0,-0.0
1.5427587032318115,-23.2979679107666,-0.00046874998952262104,-0.39990234375,5.859374869032763e-05,-0.03195800632238388,0.020546874031424522,-3.0,0.0,-0.3199687499989523,0.0,-0.04200390428304673,-0.0,0.04539624999987427,0.0002633150143083185,0.1,0.3106907308101654,3.141592653589793,-3.140516519546509,0.0,0.0,0.0,-0.0
1.5474326610565186,-23.2979679107666,-0.00046874998952262104,-0.39990234375,5.859374869032763e-05,-0.03195800632238388,0.020546874031424522,-3.0,0.0,-0.3199687499989523,0.0,-0.04200390428304673,-0.0,0.04539624999987427,0.0002633150143083185,0.1,0.3106907308101654,3.141592653589793,-3.140516519546509,0.0,0.0,0.0,-0.0
1.551821231842041,-23.2979679107666,-0.00046874998952262104,-0.39990234375,5.859374869032763e-05,-0.03195800632238388,0.020546874031424522,-3.0,0.0,-0.3199687499989523,0.0,-0.04200390428304673,-0.0,0.04539624999987427,0.0002633150143083185,0.1,0.3106907308101654,3.141592653589793,-3.140516519546509,0.0,0.0,0.0,-0.0
1.5564055442810059,-23.2979679107666,-0.00046874998952262104,-0.39990234375,5.859374869032763e-05,-0.03195800632238388,0.020546874031424522,-3.0,0.0,-0.3199687499989523,0.0,-0.04200390428304673,-0.0,0.04539624999987427,0.0002633150143083185,0.1,0.3106907308101654,3.141592653589793,-3.140516519546509,0.0,0.0,0.0,-0.0
1.5609817504882812,-23.2979679107666,-0.00046874998952262104,-0.39990234375,5.859374869032763e-05,-0.03195800632238388,0.020546874031424522,-3.0,0.0,-0.3199687499989523,0.0,-0.04200390428304673,-0.0,0.04539624999987427,0.0002633150143083185,0.1,0.3106907308101654,3.141592653589793,-3.140516519546509,0.0,0.0,0.0,-0.0
1.5656569004058838,-23.2979679107666,-0.00046874998952262104,-0.39990234375,5.859374869032763e-05,-0.03195800632238388,0.020546874031424522,-3.0,0.0,-0.3199687499989523,0.0,-0.04200390428304673,-0.0,0.04539624999987427,0.0002633150143083185,0.1,0.3106907308101654,3.141592653589793,-3.140516519546509,0.0,0.0,0.0,-0.0
1.5701429843902588,-23.2979679107666,-0.00046874998952262104,-0.39990234375,5.859374869032763e-05,-0.03195800632238388,0.020546874031424522,-3.0,0.0,-0.3199687499989523,0.0,-0.04200390428304673,-0.0,0.04539624999987427,0.0002633150143083185,0.1,0.3106907308101654,3.141592653589793,-3.140516519546509,0.0,0.0,0.0,-0.0
1.5746467113494873,-23.2979679107666,-0.00046874998952262104,-0.39990234375,5.859374869032763e-05,-0.03195800632238388,0.020546874031424522,-3.0,0.0,-0.3199687499989523,0.0,-0.04200390428304673,-0.0,0.04539624999987427,0.0002633150143083185,0.1,0.3106907308101654,3.141592653589793,-3.140516519546509,0.0,0.0,0.0,-0.0
1.579399585723877,-23.2979679107666,-0.00046874998952262104,-0.39990234375,5.859374869032763e-05,-0.03195800632238388,0.020546874031424522,-3.0,0.0,-0.3199687499989523,0.0,-0.04200390428304673,-0.0,0.04539624999987427,0.0002633150143083185,0.1,0.3106907308101654,3.141592653589793,-3.140516519546509,0.0,0.0,0.0,-0.0
1.5839252471923828,-23.2979679107666,-0.00046874998952262104,-0.39990234375,5.859374869032763e-05,-0.03195800632238388,0.020546874031424522,-3.0,0.0,-0.3199687499989523,0.0,-0.04200390428304673,-0.0,0.04539624999987427,0.0002633150143083185,0.1,0.3106907308101654,3.141592653589793,-3.140516519546509,0.0,0.0,0.0,-0.0
1.588630199432373,-23.2979679107666,-0.00046874998952262104,-0.39990234375,5.859374869032763e-05,-0.03195800632238388,0.020546874031424522,-3.0,0.0,-0.3199687499989523,0.0,-0.04200390428304673,-0.0,0.04539624999987427,0.0002633150143083185,0.1,0.3106907308101654,3.141592653589793,-3.140516519546509,0.0,0.0,0.0,-0.0
1.5931246280670166,-23.2979679107666,-0.00046874998952262104,-0.39990234375,5.859374869032763e-05,-0.03195800632238388,0.020546874031424522,-3.0,0.0,-0.3199687499989523,0.0,-0.04200390428304673,-0.0,0.04539624999987427,0.0002633150143083185,0.1,0.3106907308101654,3.141592653589793,-3.140516519546509,0.0,0.0,0.0,-0.0
1.5977377891540527,-23.2979679107666,-0.00046874998952262104,-0.39990234375,5.859374869032763e-05,-0.03195800632238388,0.020546874031424522,-3.0,0.0,-0.3199687499989523,0.0,-0.04200390428304673,-0.0,0.04539624999987427,0.0002633150143083185,0.1,0.3106907308101654,3.141592653589793,-3.140516519546509,0.0,0.0,0.0,-0.0
1.6024143695831299,-23.2979679107666,-0.00046874998952262104,-0.39990234375,5.859374869032763e-05,-0.03195800632238388,0.020546874031424522,-3.0,0.0,-0.3199687499989523,0.0,-0.04200390428304673,-0.0,0.04539624999987427,0.0002633150143083185,0.1,0.3106907308101654,3.141592653589793,-3.140516519546509,0.0,0.0,0.0,-0.0
1.607011318206787,-23.2979679107666,-0.00046874998952262104,-0.39990234375,5.859374869032763e-05,-0.03195800632238388,0.020546874031424522,-3.0,0.0,-0.3199687499989523,0.0,-0.04200390428304673,-0.0,0.04539624999987427,0.0002633150143083185,0.1,0.3106907308101654,3.141592653589793,-3.140516519546509,0.0,0.0,0.0,-0.0
1.61185884475708,-23.2979679107666,-0.00046874998952262104,-0.39990234375,5.859374869032763e-05,-0.03195800632238388,0.020546874031424522,-3.0,0.0,-0.3199687499989523,0.0,-0.04200390428304673,-0.0,0.04539624999987427,0.0002633150143083185,0.1,0.3106907308101654,3.141592653589793,-3.140516519546509,0.0,0.0,0.0,-0.0
1.6168358325958252,-23.2979679107666,-0.00046874998952262104,-0.39990234375,5.859374869032763e-05,-0.03195800632238388,0.020546874031424522,-3.0,0.0,-0.3199687499989523,0.0,-0.04200390428304673,-0.0,0.04539624999987427,0.0002633150143083185,0.1,0.3106907308101654,3.141592653589793,-3.140516519546509,0.0,0.0,0.0,-0.0
1.621335744857788,-23.2979679107666,-0.00046874998952262104,-0.39990234375,5.859374869032763e-05,-0.03195800632238388,0.020546874031424522,-3.0,0.0,-0.3199687499989523,0.0,-0.04200390428304673,-0.0,0.04539624999987427,0.0002633150143083185,0.1,0.3106907308101654,3.141592653589793,-3.140516519546509,0.0,0.0,0.0,-0.0
1.6259338855743408,-23.2979679107666,-0.00046874998952262104,-0.39990234375,5.859374869032763e-05,-0.03195800632238388,0.020546874031424522,-3.0,0.0,-0.3199687499989523,0.0,-0.04200390428304673,-0.0,0.04539624999987427,0.0002633150143083185,0.1,0.3106907308101654,3.141592653589793,-3.140516519546509,0.0,0.0,0.0,-0.0
1.630354642868042,-23.2979679107666,-0.00046874998952262104,-0.39990234375,5.859374869032763e-05,-0.03195800632238388,0.020546874031424522,-3.0,0.0,-0.3199687499989523,0.0,-0.04200390428304673,-0.0,0.04539624999987427,0.0002633150143083185,0.1,0.3106907308101654,3.141592653589793,-3.140516519546509,0.0,0.0,0.0,-0.0
1.635155439376831,-23.2979679107666,-0.00046874998952262104,-0.39990234375,5.859374869032763e-05,-0.03195800632238388,0.020546874031424522,-3.0,0.0,-0.3199687499989523,0.0,-0.04200390428304673,-0.0,0.04539624999987427,0.0002633150143083185,0.1,0.3106907308101654,3.141592653589793,-3.140516519546509,0.0,0.0,0.0,-0.0
1.6400196552276611,-23.2979679107666,-0.00046874998952262104,-0.39990234375,5.859374869032763e-05,-0.03195800632238388,0.020546874031424522,-3.0,0.0,-0.3199687499989523,0.0,-0.04200390428304673,-0.0,0.04539624999987427,0.0002633150143083185,0.1,0.3106907308101654,3.141592653589793,-3.140516519546509,0.0,0.0,0.0,-0.0
1.6447241306304932,-23.2979679107666,-0.00046874998952262104,-0.39990234375,5.859374869032763e-05,-0.03195800632238388,0.020546874031424522,-3.0,0.0,-0.3199687499989523,0.0,-0.04200390428304673,-0.0,0.04539624999987427,0.0002633150143083185,0.1,0.3106907308101654,3.141592653589793,-3.140516519546509,0.0,0.0,0.0,-0.0
1.6494793891906738,-23.2979679107666,-0.00046874998952262104,-0.39990234375,5.859374869032763e-05,-0.03195800632238388,0.020546874031424522,-3.0,0.0,-0.3199687499989523,0.0,-0.04200390428304673,-0.0,0.04539624999987427,0.0002633150143083185,0.1,0.3106907308101654,3.141592653589793,-3.140516519546509,0.0,0.0,0.0,-0.0
1.6541688442230225,-23.2979679107666,-0.00046874998952262104,-0.39990234375,5.859374869032763e-05,-0.03195800632238388,0.020546874031424522,-3.0,0.0,-0.3199687499989523,0.0,-0.04200390428304673,-0.0,0.04539624999987427,0.0002633150143083185,0.1,0.3106907308101654,3.141592653589793,-3.140516519546509,0.0,0.0,0.0,-0.0
1.658613920211792,-23.2979679107666,-0.00046874998952262104,-0.39990234375,5.859374869032763e-05,-0.03195800632238388,0.020546874031424522,-3.0,0.0,-0.3199687499989523,0.0,-0.04200390428304673,-0.0,0.04539624999987427,0.0002633150143083185,0.1,0.3106907308101654,3.141592653589793,-3.140516519546509,0.0,0.0,0.0,-0.0
1.6633055210113525,-23.2979679107666,-0.00046874998952262104,-0.39990234375,5.859374869032763e-05,-0.03195800632238388,0.020546874031424522,-3.0,0.0,-0.3199687499989523,0.0,-0.04200390428304673,-0.0,0.04539624999987427,0.0002633150143083185,0.1,0.3106907308101654,3.141592653589793,-3.140516519546509,0.0,0.0,0.0,-0.0
1.6677260398864746,-23.2979679107666,-0.00046874998952262104,-0.39990234375,5.859374869032763e-05,-0.03195800632238388,0.020546874031424522,-3.0,0.0,-0.3199687499989523,0.0,-0.04200390428304673,-0.0,0.04539624999987427,0.0002633150143083185,0.1,0.3106907308101654,3.141592653589793,-3.140516519546509,0.0,0.0,0.0,-0.0
1.6724202632904053,-23.2979679107666,-0.00046874998952262104,-0.39990234375,5.859374869032763e-05,-0.03195800632238388,0.020546874031424522,-3.0,0.0,-0.3199687499989523,0.0,-0.04200390428304673,-0.0,0.04539624999987427,0.0002633150143083185,0.1,0.3106907308101654,3.141592653589793,-3.140516519546509,0.0,0.0,0.0,-0.0
1.6767525672912598,-23.2979679107666,-0.00046874998952262104,-0.39990234375,5.859374869032763e-05,-0.03195800632238388,0.020546874031424522,-3.0,0.0,-0.3199687499989523,0.0,-0.04200390428304673,-0.0,0.04539624999987427,0.0002633150143083185,0.1,0.3106907308101654,3.141592653589793,-3.140516519546509,0.0,0.0,0.0,-0.0
1.6818888187408447,-23.2979679107666,-0.00046874998952262104,-0.39990234375,5.859374869032763e-05,-0.03195800632238388,0.020546874031424522,-3.0,0.0,-0.3199687499989523,0.0,-0.04200390428304673,-0.0,0.04539624999987427,0.0002633150143083185,0.1,0.3106907308101654,3.141592653589793,-3.140516519546509,0.0,0.0,0.0,-0.0
1.6864778995513916,-23.2979679107666,-0.00046874998952262104,-0.39990234375,5.859374869032763e-05,-0.03195800632238388,0.020546874031424522,-3.0,0.0,-0.3199687499989523,0.0,-0.04200390428304673,-0.0,0.04539624999987427,0.0002633150143083185,0.1,0.3106907308101654,3.141592653589793,-3.140516519546509,0.0,0.0,0.0,-0.0
1.6911592483520508,-23.2979679107666,-0.00046874998952262104,-0.39990234375,5.859374869032763e-05,-0.03195800632238388,0.020546874031424522,-3.0,0.0,-0.3199687499989523,0.0,-0.04200390428304673,-0.0,0.04539624999987427,0.0002633150143083185,0.1,0.3106907308101654,3.141592653589793,-3.140516519546509,0.0,0.0,0.0,-0.0
1.6957454681396484,-23.2979679107666,-0.00046874998952262104,-0.39990234375,5.859374869032763e-05,-0.03195800632238388,0.020546874031424522,-3.0,0.0,-0.3199687499989523,0.0,-0.04200390428304673,-0.0,0.04539624999987427,0.0002633150143083185,0.1,0.3106907308101654,3.141592653589793,-3.140516519546509,0.0,0.0,0.0,-0.0
1.7005395889282227,-23.2979679107666,-0.00046874998952262104,-0.39990234375,5.859374869032763e-05,-0.03195800632238388,0.020546874031424522,-3.0,0.0,-0.3199687499989523,0.0,-0.04200390428304673,-0.0,0.04539624999987427,0.0002633150143083185,0.1,0.3106907308101654,3.141592653589793,-3.140516519546509,0.0,0.0,0.0,-0.0
1.7050671577453613,-23.2979679107666,-0.00046874998952262104,-0.39990234375,5.859374869032763e-05,-0.03195800632238388,0.020546874031424522,-3.0,0.0,-0.3199687499989523,0.0,-0.04200390428304673,-0.0,0.04539624999987427,0.0002633150143083185,0.1,0.3106907308101654,3.141592653589793,-3.140516519546509,0.0,0.0,0.0,-0.0
1.709618330001831,-23.2979679107666,-0.00046874998952262104,-0.39990234375,5.859374869032763e-05,-0.03195800632238388,0.020546874031424522,-3.0,0.0,-0.3199687499989523,0.0,-0.04200390428304673,-0.0,0.04539624999987427,0.0002633150143083185,0.1,0.3106907308101654,3.141592653589793,-3.140516519546509,0.0,0.0,0.0,-0.0
1.714148759841919,-23.2979679107666,-0.00046874998952262104,-0.39990234375,5.859374869032763e-05,-0.03195800632238388,0.020546874031424522,-3.0,0.0,-0.3199687499989523,0.0,-0.04200390428304673,-0.0,0.04539624999987427,0.0002633150143083185,0.1,0.3106907308101654,3.141592653589793,-3.140516519546509,0.0,0.0,0.0,-0.0
1.718766689300537,-23.2979679107666,-0.00046874998952262104,-0.39990234375,5.859374869032763e-05,-0.03195800632238388,0.020546874031424522,-3.0,0.0,-0.3199687499989523,0.0,-0.04200390428304673,-0.0,0.04539624999987427,0.0002633150143083185,0.1,0.3106907308101654,3.141592653589793,-3.140516519546509,0.0,0.0,0.0,-0.0
1.723564863204956,-23.2979679107666,-0.00046874998952262104,-0.39990234375,5.859374869032763e-05,-0.03195800632238388,0.020546874031424522,-3.0,0.0,-0.3199687499989523,0.0,-0.04200390428304673,-0.0,0.04539624999987427,0.0002633150143083185,0.1,0.3106907308101654,3.141592653589793,-3.140516519546509,0.0,0.0,0.0,-0.0
1.7284650802612305,-23.2979679107666,-0.00046874998952262104,-0.39990234375,5.859374869032763e-05,-0.03195800632238388,0.020546874031424522,-3.0,0.0,-0.3199687499989523,0.0,-0.04200390428304673,-0.0,0.04539624999987427,0.0002633150143083185,0.1,0.3106907308101654,3.141592653589793,-3.140516519546509,0.0,0.0,0.0,-0.0
1.733100175857544,-23.2979679107666,-0.00046874998952262104,-0.39990234375,5.859374869032763e-05,-0.03195800632238388,0.020546874031424522,-3.0,0.0,-0.3199687499989523,0.0,-0.04200390428304673,-0.0,0.04539624999987427,0.0002633150143083185,0.1,0.3106907308101654,3.141592653589793,-3.140516519546509,0.0,0.0,0.0,-0.0
1.7375380992889404,-23.2979679107666,-0.00046874998952262104,-0.39990234375,5.859374869032763e-05,-0.03195800632238388,0.020546874031424522,-3.0,0.0,-0.3199687499989523,0.0,-0.04200390428304673,-0.0,0.04539624999987427,0.0002633150143083185,0.1,0.3106907308101654,3.141592653589793,-3.140516519546509,0.0,0.0,0.0,-0.0
1.742048978805542,-23.2979679107666,-0.00046874998952262104,-0.39990234375,5.859374869032763e-05,-0.03195800632238388,0.020546874031424522,-3.0,0.0,-0.3199687499989523,0.0,-0.04200390428304673,-0.0,0.04539624999987427,0.0002633150143083185,0.1,0.3106907308101654,3.141592653589793,-3.140516519546509,0.0,0.0,0.0,-0.0
1.7467265129089355,-23.2979679107666,-0.00046874998952262104,-0.39990234375,5.859374869032763e-05,-0.03195800632238388,0.020546874031424522,-3.0,0.0,-0.3199687499989523,0.0,-0.04200390428304673,-0.0,0.04539624999987427,0.0002633150143083185,0.1,0.3106907308101654,3.141592653589793,-3.140516519546509,0.0,0.0,0.0,-0.0
1.7518107891082764,-23.2979679107666,-0.00046874998952262104,-0.39990234375,5.859374869032763e-05,-0.03195800632238388,0.020546874031424522,-3.0,0.0,-0.3199687499989523,0.0,-0.04200390428304673,-0.0,0.04539624999987427,0.0002633150143083185,0.1,0.3106907308101654,3.141592653589793,-3.140516519546509,0.0,0.0,0.0,-0.0
1.7562036514282227,-23.2979679107666,-0.00046874998952262104,-0.39990234375,5.859374869032763e-05,-0.03195800632238388,0.020546874031424522,-3.0,0.0,-0.3199687499989523,0.0,-0.04200390428304673,-0.0,0.04539624999987427,0.0002633150143083185,0.1,0.3106907308101654,3.141592653589793,-3.140516519546509,0.0,0.0,0.0,-0.0
1.761247158050537,-23.2979679107666,-0.00046874998952262104,-0.39990234375,5.859374869032763e-05,-0.03195800632238388,0.020546874031424522,-3.0,0.0,-0.3199687499989523,0.0,-0.04200390428304673,-0.0,0.04539624999987427,0.0002633150143083185,0.1,0.3106907308101654,3.141592653589793,-3.140516519546509,0.0,0.0,0.0,-0.0
1.7663004398345947,-23.2979679107666,-0.00046874998952262104,-0.39990234375,5.859374869032763e-05,-0.03195800632238388,0.020546874031424522,-3.0,0.0,-0.3199687499989523,0.0,-0.04200390428304673,-0.0,0.04539624999987427,0.0002633150143083185,0.1,0.3106907308101654,3.141592653589793,-3.140516519546509,0.0,0.0,0.0,-0.0
1.7708280086517334,-23.2979679107666,-0.00046874998952262104,-0.39990234375,5.859374869032763e-05,-0.03195800632238388,0.020546874031424522,-3.0,0.0,-0.3199687499989523,0.0,-0.04200390428304673,-0.0,0.04539624999987427,0.0002633150143083185,0.1,0.3106907308101654,3.141592653589793,-3.140516519546509,0.0,0.0,0.0,-0.0
1.7754004001617432,-23.2979679107666,-0.00046874998952262104,-0.39990234375,5.859374869032763e-05,-0.03195800632238388,0.020546874031424522,-3.0,0.0,-0.3199687499989523,0.0,-0.04200390428304673,-0.0,0.04539624999987427,0.0002633150143083185,0.1,0.3106907308101654,3.141592653589793,-3.140516519546509,0.0,0.0,0.0,-0.0
1.780102014541626,-23.2979679107666,-0.00046874998952262104,-0.39990234375,5.859374869032763e-05,-0.03195800632238388,0.020546874031424522,-3.0,0.0,-0.3199687499989523,0.0,-0.04200390428304673,-0.0,0.04539624999987427,0.0002633150143083185,0.1,0.3106907308101654,3.141592653589793,-3.140516519546509,0.0,0.0,0.0,-0.0
1.7844531536102295,-23.2979679107666,-0.00046874998952262104,-0.39990234375,5.859374869032763e-05,-0.03195800632238388,0.020546874031424522,-3.0,0.0,-0.3199687499989523,0.0,-0.04200390428304673,-0.0,0.04539624999987427,0.0002633150143083185,0.1,0.3106907308101654,3.141592653589793,-3.140516519546509,0.0,0.0,0.0,-0.0
1.7889409065246582,-23.2979679107666,-0.00046874998952262104,-0.39990234375,5.859374869032763e-05,-0.03195800632238388,0.020546874031424522,-3.0,0.0,-0.3199687499989523,0.0,-0.04200390428304673,-0.0,0.04539624999987427,0.0002633150143083185,0.1,0.3106907308101654,3.141592653589793,-3.140516519546509,0.0,0.0,0.0,-0.0
1.7937164306640625,-23.2979679107666,-0.00046874998952262104,-0.39990234375,5.859374869032763e-05,-0.03195800632238388,0.020546874031424522,-3.0,0.0,-0.3199687499989523,0.0,-0.04200390428304673,-0.0,0.04539624999987427,0.0002633150143083185,0.1,0.3106907308101654,3.141592653589793,-3.140516519546509,0.0,0.0,0.0,-0.0
1.7982826232910156,-23.2979679107666,-0.00046874998952262104,-0.39990234375,5.859374869032763e-05,-0.03195800632238388,0.020546874031424522,-3.0,0.0,-0.3199687499989523,0.0,-0.04200390428304673,-0.0,0.04539624999987427,0.0002633150143083185,0.1,0.3106907308101654,3.141592653589793,-3.140516519546509,0.0,0.0,0.0,-0.0
1.8031105995178223,-23.2979679107666,-0.00046874998952262104,-0.39990234375,5.859374869032763e-05,-0.03195800632238388,0.020546874031424522,-3.0,0.0,-0.3199687499989523,0.0,-0.04200390428304673,-0.0,0.04539624999987427,0.0002633150143083185,0.1,0.3106907308101654,3.141592653589793,-3.140516519546509,0.0,0.0,0.0,-0.0
1.8077888488769531,-23.2979679107666,-0.00046874998952262104,-0.39990234375,5.859374869032763e-05,-0.03195800632238388,0.020546874031424522,-3.0,0.0,-0.3199687499989523,0.0,-0.04200390428304673,-0.0,0.04539624999987427,0.0002633150143083185,0.1,0.3106907308101654,3.141592653589793,-3.140516519546509,0.0,0.0,0.0,-0.0
1.812605381011963,-23.2979679107666,-0.00046874998952262104,-0.39990234375,5.859374869032763e-05,-0.03195800632238388,0.020546874031424522,-3.0,0.0,-0.3199687499989523,0.0,-0.04200390428304673,-0.0,0.04539624999987427,0.0002633150143083185,0.1,0.3106907308101654,3.141592653589793,-3.140516519546509,0.0,0.0,0.0,-0.0
1.8172791004180908,-23.2979679107666,-0.00046874998952262104,-0.39990234375,5.859374869032763e-05,-0.03195800632238388,0.020546874031424522,-3.0,0.0,-0.3199687499989523,0.0,-0.04200390428304673,-0.0,0.04539624999987427,0.0002633150143083185,0.1,0.3106907308101654,3.141592653589793,-3.140516519546509,0.0,0.0,0.0,-0.0
1.821772813796997,-23.2979679107666,-0.00046874998952262104,-0.39990234375,5.859374869032763e-05,-0.03195800632238388,0.020546874031424522,-3.0,0.0,-0.3199687499989523,0.0,-0.04200390428304673,-0.0,0.04539624999987427,0.0002633150143083185,0.1,0.3106907308101654,3.141592653589793,-3.140516519546509,0.0,0.0,0.0,-0.0
1.8263413906097412,-23.2979679107666,-0.00046874998952262104,-0.39990234375,5.859374869032763e-05,-0.03195800632238388,0.020546874031424522,-3.0,0.0,-0.3199687499989523,0.0,-0.04200390428304673,-0.0,0.04539624999987427,0.0002633150143083185,0.1,0.3106907308101654,3.141592653589793,-3.140516519546509,0.0,0.0,0.0,-0.0
1.8310966491699219,-23.2979679107666,-0.00046874998952262104,-0.39990234375,5.859374869032763e-05,-0.03195800632238388,0.020546874031424522,-3.0,0.0,-0.3199687499989523,0.0,-0.04200390428304673,-0.0,0.04539624999987427,0.0002633150143083185,0.1,0.3106907308101654,3.141592653589793,-3.140516519546509,0.0,0.0,0.0,-0.0
1.8355298042297363,-23.2979679107666,-0.00046874998952262104,-0.39990234375,5.859374869032763e-05,-0.03195800632238388,0.020546874031424522,-3.0,0.0,-0.3199687499989523,0.0,-0.04200390428304673,-0.0,0.04539624999987427,0.0002633150143083185,0.1,0.3106907308101654,3.141592653589793,-3.140516519546509,0.0,0.0,0.0,-0.0
1.8399100303649902,-23.2979679107666,-0.00046874998952262104,-0.39990234375,5.859374869032763e-05,-0.03195800632238388,0.020546874031424522,-3.0,0.0,-0.3199687499989523,0.0,-0.04200390428304673,-0.0,0.04539624999987427,0.0002633150143083185,0.1,0.3106907308101654,3.141592653589793,-3.140516519546509,0.0,0.0,0.0,-0.0
1.8443269729614258,-23.2979679107666,-0.00046874998952262104,-0.39990234375,5.859374869032763e-05,-0.03195800632238388,0.020546874031424522,-3.0,0.0,-0.3199687499989523,0.0,-0.04200390428304673,-0.0,0.04539624999987427,0.0002633150143083185,0.1,0.3106907308101654,3.141592653589793,-3.140516519546509,0.0,0.0,0.0,-0.0
1.849130630493164,-23.2979679107666,-0.00046874998952262104,-0.39990234375,5.859374869032763e-05,-0.03195800632238388,0.020546874031424522,-3.0,0.0,-0.3199687499989523,0.0,-0.04200390428304673,-0.0,0.04539624999987427,0.0002633150143083185,0.1,0.3106907308101654,3.141592653589793,-3.140516519546509,0.0,0.0,0.0,-0.0
1.8538563251495361,-23.2979679107666,-0.00046874998952262104,-0.39990234375,5.859374869032763e-05,-0.03195800632238388,0.020546874031424522,-3.0,0.0,-0.3199687499989523,0.0,-0.04200390428304673,-0.0,0.04539624999987427,0.0002633150143083185,0.1,0.3106907308101654,3.141592653589793,-3.140516519546509,0.0,0.0,0.0,-0.0
1.8585147857666016,-23.2979679107666,-0.00046874998952262104,-0.39990234375,5.859374869032763e-05,-0.03195800632238388,0.020546874031424522,-3.0,0.0,-0.3199687499989523,0.0,-0.04200390428304673,-0.0,0.04539624999987427,0.0002633150143083185,0.1,0.3106907308101654,3.141592653589793,-3.140516519546509,0.0,0.0,0.0,-0.0
1.8633887767791748,-23.2979679107666,-0.00046874998952262104,-0.39990234375,5.859374869032763e-05,-0.03195800632238388,0.020546874031424522,-3.0,0.0,-0.3199687499989523,0.0,-0.04200390428304673,-0.0,0.04539624999987427,0.0002633150143083185,0.1,0.3106907308101654,3.141592653589793,-3.140516519546509,0.0,0.0,0.0,-0.0
1.8679132461547852,-23.2979679107666,-0.00046874998952262104,-0.39990234375,5.859374869032763e-05,-0.03195800632238388,0.020546874031424522,-3.0,0.0,-0.3199687499989523,0.0,-0.04200390428304673,-0.0,0.04539624999987427,0.0002633150143083185,0.1,0.3106907308101654,3.141592653589793,-3.140516519546509,0.0,0.0,0.0,-0.0
1.8726599216461182,-23.2979679107666,-0.00046874998952262104,-0.39990234375,5.859374869032763e-05,-0.03195800632238388,0.020546874031424522,-3.0,0.0,-0.3199687499989523,0.0,-0.04200390428304673,-0.0,0.04539624999987427,0.0002633150143083185,0.1,0.3106907308101654,3.141592653589793,-3.140516519546509,0.0,0.0,0.0,-0.0
1.8774261474609375,-23.2979679107666,-0.00046874998952262104,-0.39990234375,5.859374869032763e-05,-0.03195800632238388,0.020546874031424522,-3.0,0.0,-0.3199687499989523,0.0,-0.04200390428304673,-0.0,0.04539624999987427,0.0002633150143083185,0.1,0.3106907308101654,3.141592653589793,-3.140516519546509,0.0,0.0,0.0,-0.0
1.8819735050201416,-23.2979679107666,-0.00046874998952262104,-0.39990234375,5.859374869032763e-05,-0.03195800632238388,0.020546874031424522,-3.0,0.0,-0.3199687499989523,0.0,-0.04200390428304673,-0.0,0.04539624999987427,0.0002633150143083185,0.1,0.3106907308101654,3.141592653589793,-3.140516519546509,0.0,0.0,0.0,-0.0
1.8866374492645264,-23.2979679107666,-0.00046874998952262104,-0.39990234375,5.859374869032763e-05,-0.03195800632238388,0.020546874031424522,-3.0,0.0,-0.3199687499989523,0.0,-0.04200390428304673,-0.0,0.04539624999987427,0.0002633150143083185,0.1,0.3106907308101654,3.141592653589793,-3.140516519546509,0.0,0.0,0.0,-0.0
1.891422986984253,-23.2979679107666,-0.00046874998952262104,-0.39990234375,5.859374869032763e-05,-0.03195800632238388,0.020546874031424522,-3.0,0.0,-0.3199687499989523,0.0,-0.04200390428304673,-0.0,0.04539624999987427,0.0002633150143083185,0.1,0.3106907308101654,3.141592653589793,-3.140516519546509,0.0,0.0,0.0,-0.0
1.896120548248291,-23.2979679107666,-0.00046874998952262104,-0.39990234375,5.859374869032763e-05,-0.03195800632238388,0.020546874031424522,-3.0,0.0,-0.3199687499989523,0.0,-0.04200390428304673,-0.0,0.04539624999987427,0.0002633150143083185,0.1,0.3106907308101654,3.141592653589793,-3.140516519546509,0.0,0.0,0.0,-0.0
1.9005930423736572,-23.2979679107666,-0.00046874998952262104,-0.39990234375,5.859374869032763e-05,-0.03195800632238388,0.020546874031424522,-3.0,0.0,-0.3199687499989523,0.0,-0.04200390428304673,-0.0,0.04539624999987427,0.0002633150143083185,0.1,0.3106907308101654,3.141592653589793,-3.140516519546509,0.0,0.0,0.0,-0.0
1.905064582824707,-23.2979679107666,-0.00046874998952262104,-0.39990234375,5.859374869032763e-05,-0.03195800632238388,0.020546874031424522,-3.0,0.0,-0.3199687499989523,0.0,-0.04200390428304673,-0.0,0.04539624999987427,0.0002633150143083185,0.1,0.3106907308101654,3.141592653589793,-3.140516519546509,0.0,0.0,0.0,-0.0
1.9093992710113525,-23.2979679107666,-0.00046874998952262104,-0.39990234375,5.859374869032763e-05,-0.03195800632238388,0.020546874031424522,-3.0,0.0,-0.3199687499989523,0.0,-0.04200390428304673,-0.0,0.04539624999987427,0.0002633150143083185,0.1,0.3106907308101654,3.141592653589793,-3.140516519546509,0.0,0.0,0.0,-0.0
1.9140708446502686,-23.2979679107666,-0.00046874998952262104,-0.39990234375,5.859374869032763e-05,-0.03195800632238388,0.020546874031424522,-3.0,0.0,-0.3199687499989523,0.0,-0.04200390428304673,-0.0,0.04539624999987427,0.0002633150143083185,0.1,0.3106907308101654,3.141592653589793,-3.140516519546509,0.0,0.0,0.0,-0.0
1.9188063144683838,-23.2979679107666,-0.00046874998952262104,-0.39990234375,5.859374869032763e-05,-0.03195800632238388,0.020546874031424522,-3.0,0.0,-0.3199687499989523,0.0,-0.04200390428304673,-0.0,0.04539624999987427,0.0002633150143083185,0.1,0.3106907308101654,3.141592653589793,-3.140516519546509,0.0,0.0,0.0,-0.0
1.923572063446045,-23.2979679107666,-0.00046874998952262104,-0.39990234375,5.859374869032763e-05,-0.03195800632238388,0.020546874031424522,-3.0,0.0,-0.3199687499989523,0.0,-0.04200390428304673,-0.0,0.04539624999987427,0.0002633150143083185,0.1,0.3106907308101654,3.141592653589793,-3.140516519546509,0.0,0.0,0.0,-0.0
1.928316593170166,-23.2979679107666,-0.00046874998952262104,-0.39990234375,5.859374869032763e-05,-0.03195800632238388,0.020546874031424522,-3.0,0.0,-0.3199687499989523,0.0,-0.04200390428304673,-0.0,0.04539624999987427,0.0002633150143083185,0.1,0.3106907308101654,3.141592653589793,-3.140516519546509,0.0,0.0,0.0,-0.0
1.9329397678375244,-23.2979679107666,-0.00046874998952262104,-0.39990234375,5.859374869032763e-05,-0.03195800632238388,0.020546874031424522,-3.0,0.0,-0.3199687499989523,0.0,-0.04200390428304673,-0.0,0.04539624999987427,0.0002633150143083185,0.1,0.3106907308101654,3.141592653589793,-3.140516519546509,0.0,0.0,0.0,-0.0
1.9375519752502441,-23.2979679107666,-0.00046874998952262104,-0.39990234375,5.859374869032763e-05,-0.03195800632238388,0.020546874031424522,-3.0,0.0,-0.3199687499989523,0.0,-0.04200390428304673,-0.0,0.04539624999987427,0.0002633150143083185,0.1,0.3106907308101654,3.141592653589793,-3.140516519546509,0.0,0.0,0.0,-0.0
1.9422342777252197,-23.2979679107666,-0.00046874998952262104,-0.39990234375,5.859374869032763e-05,-0.03195800632238388,0.020546874031424522,-3.0,0.0,-0.3199687499989523,0.0,-0.04200390428304673,-0.0,0.04539624999987427,0.0002633150143083185,0.1,0.3106907308101654,3.141592653589793,-3.140516519546509,0.0,0.0,0.0,-0.0
1.9470200538635254,-23.2979679107666,-0.00046874998952262104,-0.39990234375,5.859374869032763e-05,-0.03195800632238388,0.020546874031424522,-3.0,0.0,-0.3199687499989523,0.0,-0.04200390428304673,-0.0,0.04539624999987427,0.0002633150143083185,0.1,0.3106907308101654,3.141592653589793,-3.140516519546509,0.0,0.0,0.0,-0.0
1.951655626296997,-23.2979679107666,-0.00046874998952262104,-0.39990234375,5.859374869032763e-05,-0.03195800632238388,0.020546874031424522,-3.0,0.0,-0.3199687499989523,0.0,-0.04200390428304673,-0.0,0.04539624999987427,0.0002633150143083185,0.1,0.3106907308101654,3.141592653589793,-3.140516519546509,0.0,0.0,0.0,-0.0
1.9559545516967773,-23.2979679107666,-0.00046874998952262104,-0.39990234375,5.859374869032763e-05,-0.03195800632238388,0.020546874031424522,-3.0,0.0,-0.3199687499989523,0.0,-0.04200390428304673,-0.0,0.04539624999987427,0.0002633150143083185,0.1,0.3106907308101654,3.141592653589793,-3.140516519546509,0.0,0.0,0.0,-0.0
1.9606878757476807,-23.2979679107666,-0.00046874998952262104,-0.39990234375,5.859374869032763e-05,-0.03195800632238388,0.020546874031424522,-3.0,0.0,-0.3199687499989523,0.0,-0.04200390428304673,-0.0,0.04539624999987427,0.0002633150143083185,0.1,0.3106907308101654,3.141592653589793,-3.140516519546509,0.0,0.0,0.0,-0.0
1.9652984142303467,-23.2979679107666,-0.00046874998952262104,-0.39990234375,5.859374869032763e-05,-0.03195800632238388,0.020546874031424522,-3.0,0.0,-0.3199687499989523,0.0,-0.04200390428304673,-0.0,0.04539624999987427,0.0002633150143083185,0.1,0.3106907308101654,3.141592653589793,-3.140516519546509,0.0,0.0,0.0,-0.0
1.9705870151519775,-23.2979679107666,-0.00046874998952262104,-0.39990234375,5.859374869032763e-05,-0.03195800632238388,0.020546874031424522,-3.0,0.0,-0.3199687499989523,0.0,-0.04200390428304673,-0.0,0.04539624999987427,0.0002633150143083185,0.1,0.3106907308101654,3.141592653589793,-3.140516519546509,0.0,0.0,0.0,-0.0
1.9752607345581055,-23.2979679107666,-0.00046874998952262104,-0.39990234375,5.859374869032763e-05,-0.03195800632238388,0.020546874031424522,-3.0,0.0,-0.3199687499989523,0.0,-0.04200390428304673,-0.0,0.04539624999987427,0.0002633150143083185,0.1,0.3106907308101654,3.141592653589793,-3.140516519546509,0.0,0.0,0.0,-0.0
1.9799506664276123,-23.2979679107666,-0.00046874998952262104,-0.39990234375,5.859374869032763e-05,-0.03195800632238388,0.020546874031424522,-3.0,0.0,-0.3199687499989523,0.0,-0.04200390428304673,-0.0,0.04539624999987427,0.0002633150143083185,0.1,0.3106907308101654,3.141592653589793,-3.140516519546509,0.0,0.0,0.0,-0.0
1.984419584274292,-23.2979679107666,-0.00046874998952262104,-0.39990234375,5.859374869032763e-05,-0.03195800632238388,0.020546874031424522,-3.0,0.0,-0.3199687499989523,0.0,-0.04200390428304673,-0.0,0.04539624999987427,0.0002633150143083185,0.1,0.3106907308101654,3.141592653589793,-3.140516519546509,0.0,0.0,0.0,-0.0
1.9894137382507324,-23.2979679107666,-0.00046874998952262104,-0.39990234375,5.859374869032763e-05,-0.03195800632238388,0.020546874031424522,-3.0,0.0,-0.3199687499989523,0.0,-0.04200390428304673,-0.0,0.04539624999987427,0.0002633150143083185,0.1,0.3106907308101654,3.141592653589793,-3.140516519546509,0.0,0.0,0.0,-0.0
1.9940614700317383,-23.2979679107666,-0.00046874998952262104,-0.39990234375,5.859374869032763e-05,-0.03195800632238388,0.020546874031424522,-3.0,0.0,-0.3199687499989523,0.0,-0.04200390428304673,-0.0,0.04539624999987427,0.0002633150143083185,0.1,0.3106907308101654,3.141592653589793,-3.140516519546509,0.0,0.0,0.0,-0.0
1.9988436698913574,-23.2979679107666,-0.00046874998952262104,-0.39990234375,5.859374869032763e-05,-0.03195800632238388,0.020546874031424522,-3.0,0.0,-0.3199687499989523,0.0,-0.04200390428304673,-0.0,0.04539624999987427,0.0002633150143083185,0.1,0.3106907308101654,3.141592653589793,-3.140516519546509,0.0,0.0,0.0,-0.0
2.00325083732605,-23.2979679107666,-0.00046874998952262104,-0.39990234375,5.859374869032763e-05,-0.03195800632238388,0.020546874031424522,-3.0,0.0,-0.3199687499989523,0.0,-0.04200390428304673,-0.0,0.04539624999987427,0.0002633150143083185,0.1,0.3106907308101654,3.141592653589793,-3.140516519546509,0.0,0.0,0.0,-0.0
2.0080881118774414,-23.2979679107666,-0.00046874998952262104,-0.39990234375,5.859374869032763e-05,-0.03195800632238388,0.020546874031424522,-3.0,0.0,-0.3199687499989523,0.0,-0.04200390428304673,-0.0,0.04539624999987427,0.0002633150143083185,0.1,0.3106907308101654,3.141592653589793,-3.140516519546509,0.0,0.0,0.0,-0.0
2.0130488872528076,-23.2979679107666,-0.00046874998952262104,-0.39990234375,5.859374869032763e-05,-0.03195800632238388,0.020546874031424522,-3.0,0.0,-0.3199687499989523,0.0,-0.04200390428304673,-0.0,0.04539624999987427,0.0002633150143083185,0.1,0.3106907308101654,3.141592653589793,-3.140516519546509,0.0,0.0,0.0,-0.0
2.0176076889038086,-23.2979679107666,-0.00046874998952262104,-0.39990234375,5.859374869032763e-05,-0.03195800632238388,0.020546874031424522,-3.0,0.0,-0.3199687499989523,0.0,-0.04200390428304673,-0.0,0.04539624999987427,0.0002633150143083185,0.1,0.3106907308101654,3.141592653589793,-3.140516519546509,0.0,0.0,0.0,-0.0
2.0222792625427246,-23.2979679107666,-0.00046874998952262104,-0.39990234375,5.859374869032763e-05,-0.03195800632238388,0.020546874031424522,-3.0,0.0,-0.3199687499989523,0.0,-0.04200390428304673,-0.0,0.04539624999987427,0.0002633150143083185,0.1,0.3106907308101654,3.141592653589793,-3.140516519546509,0.0,0.0,0.0,-0.0
2.0271339416503906,-23.2979679107666,-0.00046874998952262104,-0.39990234375,5.859374869032763e-05,-0.03195800632238388,0.020546874031424522,-3.0,0.0,-0.3199687499989523,0.0,-0.04200390428304673,-0.0,0.04539624999987427,0.0002633150143083185,0.1,0.3106907308101654,3.141592653589793,-3.140516519546509,0.0,0.0,0.0,-0.0
2.0316126346588135,-23.2979679107666,-0.00046874998952262104,-0.39990234375,5.859374869032763e-05,-0.03195800632238388,0.020546874031424522,-3.0,0.0,-0.3199687499989523,0.0,-0.04200390428304673,-0.0,0.04539624999987427,0.0002633150143083185,0.1,0.3106907308101654,3.141592653589793,-3.140516519546509,0.0,0.0,0.0,-0.0
2.0361921787261963,-23.2979679107666,-0.00046874998952262104,-0.39990234375,5.859374869032763e-05,-0.03195800632238388,0.020546874031424522,-3.0,0.0,-0.3199687499989523,0.0,-0.04200390428304673,-0.0,0.04539624999987427,0.0002633150143083185,0.1,0.3106907308101654,3.141592653589793,-3.140516519546509,0.0,0.0,0.0,-0.0
2.040616989135742,-23.2979679107666,-0.00046874998952262104,-0.39990234375,5.859374869032763e-05,-0.03195800632238388,0.020546874031424522,-3.0,0.0,-0.3199687499989523,0.0,-0.04200390428304673,-0.0,0.04539624999987427,0.0002633150143083185,0.1,0.3106907308101654,3.141592653589793,-3.140516519546509,0.0,0.0,0.0,-0.0
2.045320749282837,-23.2979679107666,-0.00046874998952262104,-0.39990234375,5.859374869032763e-05,-0.03195800632238388,0.020546874031424522,-3.0,0.0,-0.3199687499989523,0.0,-0.04200390428304673,-0.0,0.04539624999987427,0.0002633150143083185,0.1,0.3106907308101654,3.141592653589793,-3.140516519546509,0.0,0.0,0.0,-0.0
2.0500564575195312,-23.2979679107666,-0.00046874998952262104,-0.39990234375,5.859374869032763e-05,-0.03195800632238388,0.020546874031424522,-3.0,0.0,-0.3199687499989523,0.0,-0.04200390428304673,-0.0,0.04539624999987427,0.0002633150143083185,0.1,0.3106907308101654,3.141592653589793,-3.140516519546509,0.0,0.0,0.0,-0.0
2.0546975135803223,-23.2979679107666,-0.00046874998952262104,-0.39990234375,5.859374869032763e-05,-0.03195800632238388,0.020546874031424522,-3.0,0.0,-0.3199687499989523,0.0,-0.04200390428304673,-0.0,0.04539624999987427,0.0002633150143083185,0.1,0.3106907308101654,3.141592653589793,-3.140516519546509,0.0,0.0,0.0,-0.0
2.0594961643218994,-23.2979679107666,-0.00046874998952262104,-0.39990234375,5.859374869032763e-05,-0.03195800632238388,0.020546874031424522,-3.0,0.0,-0.3199687499989523,0.0,-0.04200390428304673,-0.0,0.04539624999987427,0.0002633150143083185,0.1,0.3106907308101654,3.141592653589793,-3.140516519546509,0.0,0.0,0.0,-0.0
2.0643203258514404,-23.2979679107666,-0.00046874998952262104,-0.39990234375,5.859374869032763e-05,-0.03195800632238388,0.020546874031424522,-3.0,0.0,-0.3199687499989523,0.0,-0.04200390428304673,-0.0,0.04539624999987427,0.0002633150143083185,0.1,0.3106907308101654,3.141592653589793,-3.140516519546509,0.0,0.0,0.0,-0.0
2.0692298412323,-23.2979679107666,-0.00046874998952262104,-0.39990234375,5.859374869032763e-05,-0.03195800632238388,0.020546874031424522,-3.0,0.0,-0.3199687499989523,0.0,-0.04200390428304673,-0.0,0.04539624999987427,0.0002633150143083185,0.1,0.3106907308101654,3.141592653589793,-3.140516519546509,0.0,0.0,0.0,-0.0
2.0737361907958984,-23.2979679107666,-0.00046874998952262104,-0.39990234375,5.859374869032763e-05,-0.03195800632238388,0.020546874031424522,-3.0,0.0,-0.3199687499989523,0.0,-0.04200390428304673,-0.0,0.04539624999987427,0.0002633150143083185,0.1,0.3106907308101654,3.141592653589793,-3.140516519546509,0.0,0.0,0.0,-0.0
2.0783884525299072,-23.2979679107666,-0.00046874998952262104,-0.39990234375,5.859374869032763e-05,-0.03195800632238388,0.020546874031424522,-3.0,0.0,-0.3199687499989523,0.0,-0.04200390428304673,-0.0,0.04539624999987427,0.0002633150143083185,0.1,0.3106907308101654,3.141592653589793,-3.140516519546509,0.0,0.0,0.0,-0.0
2.0829272270202637,-23.2979679107666,-0.00046874998952262104,-0.39990234375,5.859374869032763e-05,-0.03195800632238388,0.020546874031424522,-3.0,0.0,-0.3199687499989523,0.0,-0.04200390428304673,-0.0,0.04539624999987427,0.0002633150143083185,0.1,0.3106907308101654,3.141592653589793,-3.140516519546509,0.0,0.0,0.0,-0.0
2.087660551071167,-23.2979679107666,-0.00046874998952262104,-0.39990234375,5.859374869032763e-05,-0.03195800632238388,0.020546874031424522,-3.0,0.0,-0.3199687499989523,0.0,-0.04200390428304673,-0.0,0.04539624999987427,0.0002633150143083185,0.1,0.3106907308101654,3.141592653589793,-3.140516519546509,0.0,0.0,0.0,-0.0
2.0923731327056885,-23.2979679107666,-0.00046874998952262104,-0.39990234375,5.859374869032763e-05,-0.03195800632238388,0.020546874031424522,-3.0,0.0,-0.3199687499989523,0.0,-0.04200390428304673,-0.0,0.04539624999987427,0.0002633150143083185,0.1,0.3106907308101654,3.141592653589793,-3.140516519546509,0.0,0.0,0.0,-0.0
2.0970146656036377,-23.2979679107666,-0.00046874998952262104,-0.39990234375,5.859374869032763e-05,-0.03195800632238388,0.020546874031424522,-3.0,0.0,-0.3199687499989523,0.0,-0.04200390428304673,-0.0,0.04539624999987427,0.0002633150143083185,0.1,0.3106907308101654,3.141592653589793,-3.140516519546509,0.0,0.0,0.0,-0.0
2.1017684936523438,-23.2979679107666,-0.00046874998952262104,-0.39990234375,5.859374869032763e-05,-0.03195800632238388,0.020546874031424522,-3.0,0.0,-0.3199687499989523,0.0,-0.04200390428304673,-0.0,0.04539624999987427,0.0002633150143083185,0.1,0.3106907308101654,3.141592653589793,-3.140516519546509,0.0,0.0,0.0,-0.0
2.1065664291381836,-23.2979679107666,-0.00046874998952262104,-0.39990234375,5.859374869032763e-05,-0.03195800632238388,0.020546874031424522,-3.0,0.0,-0.3199687499989523,0.0,-0.04200390428304673,-0.0,0.04539624999987427,0.0002633150143083185,0.1,0.3106907308101654,3.141592653589793,-3.140516519546509,0.0,0.0,0.0,-0.0
2.110973358154297,-23.2979679107666,-0.00046874998952262104,-0.39990234375,5.859374869032763e-05,-0.03195800632238388,0.020546874031424522,-3.0,0.0,-0.3199687499989523,0.0,-0.04200390428304673,-0.0,0.04539624999987427,0.0002633150143083185,0.1,0.3106907308101654,3.141592653589793,-3.140516519546509,0.0,0.0,0.0,-0.0
2.1156599521636963,-23.2979679107666,-0.00046874998952262104,-0.39990234375,5.859374869032763e-05,-0.03195800632238388,0.020546874031424522,-3.0,0.0,-0.3199687499989523,0.0,-0.04200390428304673,-0.0,0.04539624999987427,0.0002633150143083185,0.1,0.3106907308101654,3.141592653589793,-3.140516519546509,0.0,0.0,0.0,-0.0
2.1200132369995117,-23.2979679107666,-0.00046874998952262104,-0.39990234375,5.859374869032763e-05,-0.03195800632238388,0.020546874031424522,-3.0,0.0,-0.3199687499989523,0.0,-0.04200390428304673,-0.0,0.04539624999987427,0.0002633150143083185,0.1,0.3106907308101654,3.141592653589793,-3.140516519546509,0.0,0.0,0.0,-0.0
2.1245975494384766,-23.2979679107666,-0.00046874998952262104,-0.39990234375,5.859374869032763e-05,-0.03195800632238388,0.020546874031424522,-3.0,0.0,-0.3199687499989523,0.0,-0.04200390428304673,-0.0,0.04539624999987427,0.0002633150143083185,0.1,0.3106907308101654,3.141592653589793,-3.140516519546509,0.0,0.0,0.0,-0.0
2.129422664642334,-23.2979679107666,-0.00046874998952262104,-0.39990234375,5.859374869032763e-05,-0.03195800632238388,0.020546874031424522,-3.0,0.0,-0.3199687499989523,0.0,-0.04200390428304673,-0.0,0.04539624999987427,0.0002633150143083185,0.1,0.3106907308101654,3.141592653589793,-3.140516519546509,0.0,0.0,0.0,-0.0
2.1342227458953857,-23.2979679107666,-0.00046874998952262104,-0.39990234375,5.859374869032763e-05,-0.03195800632238388,0.020546874031424522,-3.0,0.0,-0.3199687499989523,0.0,-0.04200390428304673,-0.0,0.04539624999987427,0.0002633150143083185,0.1,0.3106907308101654,3.141592653589793,-3.140516519546509,0.0,0.0,0.0,-0.0
2.1390058994293213,-23.2979679107666,-0.00046874998952262104,-0.39990234375,5.859374869032763e-05,-0.03195800632238388,0.020546874031424522,-3.0,0.0,-0.3199687499989523,0.0,-0.04200390428304673,-0.0,0.04539624999987427,0.0002633150143083185,0.1,0.3106907308101654,3.141592653589793,-3.140516519546509,0.0,0.0,0.0,-0.0
2.1437103748321533,-23.2979679107666,-0.00046874998952262104,-0.39990234375,5.859374869032763e-05,-0.03195800632238388,0.020546874031424522,-3.0,0.0,-0.3199687499989523,0.0,-0.04200390428304673,-0.0,0.04539624999987427,0.0002633150143083185,0.1,0.3106907308101654,3.141592653589793,-3.140516519546509,0.0,0.0,0.0,-0.0
2.14843487739563,-23.2979679107666,-0.00046874998952262104,-0.39990234375,5.859374869032763e-05,-0.03195800632238388,0.020546874031424522,-3.0,0.0,-0.3199687499989523,0.0,-0.04200390428304673,-0.0,0.04539624999987427,0.0002633150143083185,0.1,0.3106907308101654,3.141592653589793,-3.140516519546509,0.0,0.0,0.0,-0.0
2.152862071990967,-23.2979679107666,-0.00046874998952262104,-0.39990234375,5.859374869032763e-05,-0.03195800632238388,0.020546874031424522,-3.0,0.0,-0.3199687499989523,0.0,-0.04200390428304673,-0.0,0.04539624999987427,0.0002633150143083185,0.1,0.3106907308101654,3.141592653589793,-3.140516519546509,0.0,0.0,0.0,-0.0
2.157579183578491,-23.2979679107666,-0.00046874998952262104,-0.39990234375,5.859374869032763e-05,-0.03195800632238388,0.020546874031424522,-3.0,0.0,-0.3199687499989523,0.0,-0.04200390428304673,-0.0,0.04539624999987427,0.0002633150143083185,0.1,0.3106907308101654,3.141592653589793,-3.140516519546509,0.0,0.0,0.0,-0.0
2.162182331085205,-23.2979679107666,-0.00046874998952262104,-0.39990234375,5.859374869032763e-05,-0.03195800632238388,0.020546874031424522,-3.0,0.0,-0.3199687499989523,0.0,-0.04200390428304673,-0.0,0.04539624999987427,0.0002633150143083185,0.1,0.3106907308101654,3.141592653589793,-3.140516519546509,0.0,0.0,0.0,-0.0
2.167494535446167,-23.2979679107666,-0.00046874998952262104,-0.39990234375,5.859374869032763e-05,-0.03195800632238388,0.020546874031424522,-3.0,0.0,-0.3199687499989523,0.0,-0.04200390428304673,-0.0,0.04539624999987427,0.0002633150143083185,0.1,0.3106907308101654,3.141592653589793,-3.140516519546509,0.0,0.0,0.0,-0.0
2.172269344329834,-23.2979679107666,-0.00046874998952262104,-0.39990234375,5.859374869032763e-05,-0.03195800632238388,0.020546874031424522,-3.0,0.0,-0.3199687499989523,0.0,-0.04200390428304673,-0.0,0.04539624999987427,0.0002633150143083185,0.1,0.3106907308101654,3.141592653589793,-3.140516519546509,0.0,0.0,0.0,-0.0
2.1769704818725586,-23.2979679107666,-0.00046874998952262104,-0.39990234375,5.859374869032763e-05,-0.03195800632238388,0.020546874031424522,-3.0,0.0,-0.3199687499989523,0.0,-0.04200390428304673,-0.0,0.04539624999987427,0.0002633150143083185,0.1,0.3106907308101654,3.141592653589793,-3.140516519546509,0.0,0.0,0.0,-0.0
2.181509494781494,-23.2979679107666,-0.00046874998952262104,-0.39990234375,5.859374869032763e-05,-0.03195800632238388,0.020546874031424522,-3.0,0.0,-0.3199687499989523,0.0,-0.04200390428304673,-0.0,0.04539624999987427,0.0002633150143083185,0.1,0.3106907308101654,3.141592653589793,-3.140516519546509,0.0,0.0,0.0,-0.0
2.186095714569092,-23.2979679107666,-0.00046874998952262104,-0.39990234375,5.859374869032763e-05,-0.03195800632238388,0.020546874031424522,-3.0,0.0,-0.3199687499989523,0.0,-0.04200390428304673,-0.0,0.04539624999987427,0.0002633150143083185,0.1,0.3106907308101654,3.141592653589793,-3.140516519546509,0.0,0.0,0.0,-0.0
2.190607786178589,-23.2979679107666,-0.00046874998952262104,-0.39990234375,5.859374869032763e-05,-0.03195800632238388,0.020546874031424522,-3.0,0.0,-0.3199687499989523,0.0,-0.04200390428304673,-0.0,0.04539624999987427,0.0002633150143083185,0.1,0.3106907308101654,3.141592653589793,-3.140516519546509,0.0,0.0,0.0,-0.0
2.1951425075531006,-23.2979679107666,-0.00046874998952262104,-0.39990234375,5.859374869032763e-05,-0.03195800632238388,0.020546874031424522,-3.0,0.0,-0.3199687499989523,0.0,-0.04200390428304673,-0.0,0.04539624999987427,0.0002633150143083185,0.1,0.3106907308101654,3.141592653589793,-3.140516519546509,0.0,0.0,0.0,-0.0
2.199669599533081,-23.2979679107666,-0.00046874998952262104,-0.39990234375,5.859374869032763e-05,-0.03195800632238388,0.020546874031424522,-3.0,0.0,-0.3199687499989523,0.0,-0.04200390428304673,-0.0,0.04539624999987427,0.0002633150143083185,0.1,0.3106907308101654,3.141592653589793,-3.140516519546509,0.0,0.0,0.0,-0.0
2.204224109649658,-23.2979679107666,-0.00046874998952262104,-0.39990234375,5.859374869032763e-05,-0.03195800632238388,0.020546874031424522,-3.0,0.0,-0.3199687499989523,0.0,-0.04200390428304673,-0.0,0.04539624999987427,0.0002633150143083185,0.1,0.3106907308101654,3.141592653589793,-3.140516519546509,0.0,0.0,0.0,-0.0
2.2088754177093506,-23.2979679107666,-0.00046874998952262104,-0.39990234375,5.859374869032763e-05,-0.03195800632238388,0.020546874031424522,-3.0,0.0,-0.3199687499989523,0.0,-0.04200390428304673,-0.0,0.04539624999987427,0.0002633150143083185,0.1,0.3106907308101654,3.141592653589793,-3.140516519546509,0.0,0.0,0.0,-0.0
2.2132294178009033,-23.2979679107666,-0.00046874998952262104,-0.39990234375,5.859374869032763e-05,-0.03195800632238388,0.020546874031424522,-3.0,0.0,-0.3199687499989523,0.0,-0.04200390428304673,-0.0,0.04539624999987427,0.0002633150143083185,0.1,0.3106907308101654,3.141592653589793,-3.140516519546509,0.0,0.0,0.0,-0.0
2.217834949493408,-23.2979679107666,-0.00046874998952262104,-0.39990234375,5.859374869032763e-05,-0.03195800632238388,0.020546874031424522,-3.0,0.0,-0.3199687499989523,0.0,-0.04200390428304673,-0.0,0.04539624999987427,0.0002633150143083185,0.1,0.3106907308101654,3.141592653589793,-3.140516519546509,0.0,0.0,0.0,-0.0
2.2225146293640137,-23.2979679107666,-0.00046874998952262104,-0.39990234375,5.859374869032763e-05,-0.03195800632238388,0.020546874031424522,-3.0,0.0,-0.3199687499989523,0.0,-0.04200390428304673,-0.0,0.04539624999987427,0.0002633150143083185,0.1,0.3106907308101654,3.141592653589793,-3.140516519546509,0.0,0.0,0.0,-0.0
2.2271475791931152,-23.2979679107666,-0.00046874998952262104,-0.39990234375,5.859374869032763e-05,-0.03195800632238388,0.020546874031424522,-3.0,0.0,-0.3199687499989523,0.0,-0.04200390428304673,-0.0,0.04539624999987427,0.0002633150143083185,0.1,0.3106907308101654,3.141592653589793,-3.140516519546509,0.0,0.0,0.0,-0.0
2.2318663597106934,-23.2979679107666,-0.00046874998952262104,-0.39990234375,5.859374869032763e-05,-0.03195800632238388,0.020546874031424522,-3.0,0.0,-0.3199687499989523,0.0,-0.04200390428304673,-0.0,0.04539624999987427,0.0002633150143083185,0.1,0.3106907308101654,3.141592653589793,-3.140516519546509,0.0,0.0,0.0,-0.0
2.236680746078491,-23.2979679107666,-0.00046874998952262104,-0.39990234375,5.859374869032763e-05,-0.03195800632238388,0.020546874031424522,-3.0,0.0,-0.3199687499989523,0.0,-0.04200390428304673,-0.0,0.04539624999987427,0.0002633150143083185,0.1,0.3106907308101654,3.141592653589793,-3.140516519546509,0.0,0.0,0.0,-0.0
2.2414774894714355,-23.2979679107666,-0.00046874998952262104,-0.39990234375,5.859374869032763e-05,-0.03195800632238388,0.020546874031424522,-3.0,0.0,-0.3199687499989523,0.0,-0.04200390428304673,-0.0,0.04539624999987427,0.0002633150143083185,0.1,0.3106907308101654,3.141592653589793,-3.140516519546509,0.0,0.0,0.0,-0.0
2.2460575103759766,-23.2979679107666,-0.00046874998952262104,-0.39990234375,5.859374869032763e-05,-0.03195800632238388,0.020546874031424522,-3.0,0.0,-0.3199687499989523,0.0,-0.04200390428304673,-0.0,0.04539624999987427,0.0002633150143083185,0.1,0.3106907308101654,3.141592653589793,-3.140516519546509,0.0,0.0,0.0,-0.0
2.2507376670837402,-23.2979679107666,-0.00046874998952262104,-0.39990234375,5.859374869032763e-05,-0.03195800632238388,0.020546874031424522,-3.0,0.0,-0.3199687499989523,0.0,-0.04200390428304673,-0.0,0.04539624999987427,0.0002633150143083185,0.1,0.3106907308101654,3.141592653589793,-3.140516519546509,0.0,0.0,0.0,-0.0
2.2553458213806152,-23.2979679107666,-0.00046874998952262104,-0.39990234375,5.859374869032763e-05,-0.03195800632238388,0.020546874031424522,-3.0,0.0,-0.3199687499989523,0.0,-0.04200390428304673,-0.0,0.04539624999987427,0.0002633150143083185,0.1,0.3106907308101654,3.141592653589793,-3.140516519546509,0.0,0.0,0.0,-0.0
2.2597854137420654,-23.2979679107666,-0.00046874998952262104,-0.39990234375,5.859374869032763e-05,-0.03195800632238388,0.020546874031424522,-3.0,0.0,-0.3199687499989523,0.0,-0.04200390428304673,-0.0,0.04539624999987427,0.0002633150143083185,0.1,0.3106907308101654,3.141592653589793,-3.140516519546509,0.0,0.0,0.0,-0.0
2.264582633972168,-23.2979679107666,-0.00046874998952262104,-0.39990234375,5.859374869032763e-05,-0.03195800632238388,0.020546874031424522,-3.0,0.0,-0.3199687499989523,0.0,-0.04200390428304673,-0.0,0.04539624999987427,0.0002633150143083185,0.1,0.3106907308101654,3.141592653589793,-3.140516519546509,0.0,0.0,0.0,-0.0
2.269423723220825,-23.2979679107666,-0.00046874998952262104,-0.39990234375,5.859374869032763e-05,-0.03195800632238388,0.020546874031424522,-3.0,0.0,-0.3199687499989523,0.0,-0.04200390428304673,-0.0,0.04539624999987427,0.0002633150143083185,0.1,0.3106907308101654,3.141592653589793,-3.140516519546509,0.0,0.0,0.0,-0.0
2.2741878032684326,-23.2979679107666,-0.00046874998952262104,-0.39990234375,5.859374869032763e-05,-0.03195800632238388,0.020546874031424522,-3.0,0.0,-0.3199687499989523,0.0,-0.04200390428304673,-0.0,0.04539624999987427,0.0002633150143083185,0.1,0.3106907308101654,3.141592653589793,-3.140516519546509,0.0,0.0,0.0,-0.0
2.2788443565368652,-23.2979679107666,-0.00046874998952262104,-0.39990234375,5.859374869032763e-05,-0.03195800632238388,0.020546874031424522,-3.0,0.0,-0.3199687499989523,0.0,-0.04200390428304673,-0.0,0.04539624999987427,0.0002633150143083185,0.1,0.3106907308101654,3.141592653589793,-3.140516519546509,0.0,0.0,0.0,-0.0
2.2835988998413086,-23.2979679107666,-0.00046874998952262104,-0.39990234375,5.859374869032763e-05,-0.03195800632238388,0.020546874031424522,-3.0,0.0,-0.3199687499989523,0.0,-0.04200390428304673,-0.0,0.04539624999987427,0.0002633150143083185,0.1,0.3106907308101654,3.141592653589793,-3.140516519546509,0.0,0.0,0.0,-0.0
2.2878904342651367,-23.2979679107666,-0.00046874998952262104,-0.39990234375,5.859374869032763e-05,-0.03195800632238388,0.020546874031424522,-3.0,0.0,-0.3199687499989523,0.0,-0.04200390428304673,-0.0,0.04539624999987427,0.0002633150143083185,0.1,0.3106907308101654,3.141592653589793,-3.140516519546509,0.0,0.0,0.0,-0.0
2.2925069332122803,-23.2979679107666,-0.00046874998952262104,-0.39990234375,5.859374869032763e-05,-0.03195800632238388,0.020546874031424522,-3.0,0.0,-0.3199687499989523,0.0,-0.04200390428304673,-0.0,0.04539624999987427,0.0002633150143083185,0.1,0.3106907308101654,3.141592653589793,-3.140516519546509,0.0,0.0,0.0,-0.0
2.2974331378936768,-23.2979679107666,-0.00046874998952262104,-0.39990234375,5.859374869032763e-05,-0.03195800632238388,0.020546874031424522,-3.0,0.0,-0.3199687499989523,0.0,-0.04200390428304673,-0.0,0.04539624999987427,0.0002633150143083185,0.1,0.3106907308101654,3.141592653589793,-3.140516519546509,0.0,0.0,0.0,-0.0
2.302128791809082,-23.2979679107666,-0.00046874998952262104,-0.39990234375,5.859374869032763e-05,-0.03195800632238388,0.020546874031424522,-3.0,0.0,-0.3199687499989523,0.0,-0.04200390428304673,-0.0,0.04539624999987427,0.0002633150143083185,0.1,0.3106907308101654,3.141592653589793,-3.140516519546509,0.0,0.0,0.0,-0.0
2.3069663047790527,-23.2979679107666,-0.00046874998952262104,-0.39990234375,5.859374869032763e-05,-0.03195800632238388,0.020546874031424522,-3.0,0.0,-0.3199687499989523,0.0,-0.04200390428304673,-0.0,0.04539624999987427,0.0002633150143083185,0.1,0.3106907308101654,3.141592653589793,-3.140516519546509,0.0,0.0,0.0,-0.0
2.311901330947876,-23.2979679107666,-0.00046874998952262104,-0.39990234375,5.859374869032763e-05,-0.03195800632238388,0.020546874031424522,-3.0,0.0,-0.3199687499989523,0.0,-0.04200390428304673,-0.0,0.04539624999987427,0.0002633150143083185,0.1,0.3106907308101654,3.141592653589793,-3.140516519546509,0.0,0.0,0.0,-0.0
2.3170595169067383,-23.2979679107666,-0.00046874998952262104,-0.39990234375,5.859374869032763e-05,-0.03195800632238388,0.020546874031424522,-3.0,0.0,-0.3199687499989523,0.0,-0.04200390428304673,-0.0,0.04539624999987427,0.0002633150143083185,0.1,0.3106907308101654,3.141592653589793,-3.140516519546509,0.0,0.0,0.0,-0.0
2.3217689990997314,-23.2979679107666,-0.00046874998952262104,-0.39990234375,5.859374869032763e-05,-0.03195800632238388,0.020546874031424522,-3.0,0.0,-0.3199687499989523,0.0,-0.04200390428304673,-0.0,0.04539624999987427,0.0002633150143083185,0.1,0.3106907308101654,3.141592653589793,-3.140516519546509,0.0,0.0,0.0,-0.0
2.3271684646606445,-23.2979679107666,-0.00046874998952262104,-0.39990234375,5.859374869032763e-05,-0.03195800632238388,0.020546874031424522,-3.0,0.0,-0.3199687499989523,0.0,-0.04200390428304673,-0.0,0.04539624999987427,0.0002633150143083185,0.1,0.3106907308101654,3.141592653589793,-3.140516519546509,0.0,0.0,0.0,-0.0
2.3317172527313232,-23.2979679107666,-0.00046874998952262104,-0.39990234375,5.859374869032763e-05,-0.03195800632238388,0.020546874031424522,-3.0,0.0,-0.3199687499989523,0.0,-0.04200390428304673,-0.0,0.04539624999987427,0.0002633150143083185,0.1,0.3106907308101654,3.141592653589793,-3.140516519546509,0.0,0.0,0.0,-0.0
2.3366458415985107,-23.2979679107666,-0.00046874998952262104,-0.39990234375,5.859374869032763e-05,-0.03195800632238388,0.020546874031424522,-3.0,0.0,-0.3199687499989523,0.0,-0.04200390428304673,-0.0,0.04539624999987427,0.0002633150143083185,0.1,0.3106907308101654,3.141592653589793,-3.140516519546509,0.0,0.0,0.0,-0.0
2.341350793838501,-23.2979679107666,-0.00046874998952262104,-0.39990234375,5.859374869032763e-05,-0.03195800632238388,0.020546874031424522,-3.0,0.0,-0.3199687499989523,0.0,-0.04200390428304673,-0.0,0.04539624999987427,0.0002633150143083185,0.1,0.3106907308101654,3.141592653589793,-3.140516519546509,0.0,0.0,0.0,-0.0
2.3459835052490234,-23.2979679107666,-0.00046874998952262104,-0.39990234375,5.859374869032763e-05,-0.03195800632238388,0.020546874031424522,-3.0,0.0,-0.3199687499989523,0.0,-0.04200390428304673,-0.0,0.04539624999987427,0.0002633150143083185,0.1,0.3106907308101654,3.141592653589793,-3.140516519546509,0.0,0.0,0.0,-0.0
2.3507673740386963,-23.2979679107666,-0.00046874998952262104,-0.39990234375,5.859374869032763e-05,-0.03195800632238388,0.020546874031424522,-3.0,0.0,-0.3199687499989523,0.0,-0.04200390428304673,-0.0,0.04539624999987427,0.0002633150143083185,0.1,0.3106907308101654,3.141592653589793,-3.140516519546509,0.0,0.0,0.0,-0.0
2.355384111404419,-23.2979679107666,-0.00046874998952262104,-0.39990234375,5.859374869032763e-05,-0.03195800632238388,0.020546874031424522,-3.0,0.0,-0.3199687499989523,0.0,-0.04200390428304673,-0.0,0.04539624999987427,0.0002633150143083185,0.1,0.3106907308101654,3.141592653589793,-3.140516519546509,0.0,0.0,0.0,-0.0
2.3601081371307373,-23.2979679107666,-0.00046874998952262104,-0.39990234375,5.859374869032763e-05,-0.03195800632238388,0.020546874031424522,-3.0,0.0,-0.3199687499989523,0.0,-0.04200390428304673,-0.0,0.04539624999987427,0.0002633150143083185,0.1,0.3106907308101654,3.141592653589793,-3.140516519546509,0.0,0.0,0.0,-0.0
2.3649275302886963,-23.2979679107666,-0.00046874998952262104,-0.39990234375,5.859374869032763e-05,-0.03195800632238388,0.020546874031424522,-3.0,0.0,-0.3199687499989523,0.0,-0.04200390428304673,-0.0,0.04539624999987427,0.0002633150143083185,0.1,0.3106907308101654,3.141592653589793,-3.140516519546509,0.0,0.0,0.0,-0.0
2.369358539581299,-23.2979679107666,-0.00046874998952262104,-0.39990234375,5.859374869032763e-05,-0.03195800632238388,0.020546874031424522,-3.0,0.0,-0.3199687499989523,0.0,-0.04200390428304673,-0.0,0.04539624999987427,0.0002633150143083185,0.1,0.3106907308101654,3.141592653589793,-3.140516519546509,0.0,0.0,0.0,-0.0
2.3741583824157715,-23.2979679107666,-0.00046874998952262104,-0.39990234375,5.859374869032763e-05,-0.03195800632238388,0.020546874031424522,-3.0,0.0,-0.3199687499989523,0.0,-0.04200390428304673,-0.0,0.04539624999987427,0.0002633150143083185,0.1,0.3106907308101654,3.141592653589793,-3.140516519546509,0.0,0.0,0.0,-0.0
2.378953695297241,-23.2979679107666,-0.00046874998952262104,-0.39990234375,5.859374869032763e-05,-0.03195800632238388,0.020546874031424522,-3.0,0.0,-0.3199687499989523,0.0,-0.04200390428304673,-0.0,0.04539624999987427,0.0002633150143083185,0.1,0.3106907308101654,3.141592653589793,-3.140516519546509,0.0,0.0,0.0,-0.0
2.383382558822632,-23.2979679107666,-0.00046874998952262104,-0.39990234375,5.859374869032763e-05,-0.03195800632238388,0.020546874031424522,-3.0,0.0,-0.3199687499989523,0.0,-0.04200390428304673,-0.0,0.04539624999987427,0.0002633150143083185,0.1,0.3106907308101654,3.141592653589793,-3.140516519546509,0.0,0.0,0.0,-0.0
2.387819766998291,-23.2979679107666,-0.00046874998952262104,-0.39990234375,5.859374869032763e-05,-0.03195800632238388,0.020546874031424522,-3.0,0.0,-0.3199687499989523,0.0,-0.04200390428304673,-0.0,0.04539624999987427,0.0002633150143083185,0.1,0.3106907308101654,3.141592653589793,-3.140516519546509,0.0,0.0,0.0,-0.0
2.392263650894165,-23.2979679107666,-0.00046874998952262104,-0.39990234375,5.859374869032763e-05,-0.03195800632238388,0.020546874031424522,-3.0,0.0,-0.3199687499989523,0.0,-0.04200390428304673,-0.0,0.04539624999987427,0.0002633150143083185,0.1,0.3106907308101654,3.141592653589793,-3.140516519546509,0.0,0.0,0.0,-0.0
2.3968875408172607,-23.2979679107666,-0.00046874998952262104,-0.39990234375,5.859374869032763e-05,-0.03195800632238388,0.020546874031424522,-3.0,0.0,-0.3199687499989523,0.0,-0.04200390428304673,-0.0,0.04539624999987427,0.0002633150143083185,0.1,0.3106907308101654,3.141592653589793,-3.140516519546509,0.0,0.0,0.0,-0.0
2.4012956619262695,-23.2979679107666,-0.00046874998952262104,-0.39990234375,5.859374869032763e-05,-0.03195800632238388,0.020546874031424522,-3.0,0.0,-0.3199687499989523,0.0,-0.04200390428304673,-0.0,0.04539624999987427,0.0002633150143083185,0.1,0.3106907308101654,3.141592653589793,-3.140516519546509,0.0,0.0,0.0,-0.0
2.405808448791504,-23.2979679107666,-0.00046874998952262104,-0.39990234375,5.859374869032763e-05,-0.03195800632238388,0.020546874031424522,-3.0,0.0,-0.3199687499989523,0.0,-0.04200390428304673,-0.0,0.04539624999987427,0.0002633150143083185,0.1,0.3106907308101654,3.141592653589793,-3.140516519546509,0.0,0.0,0.0,-0.0
2.4102835655212402,-23.2979679107666,-0.00046874998952262104,-0.39990234375,5.859374869032763e-05,-0.03195800632238388,0.020546874031424522,-3.0,0.0,-0.3199687499989523,0.0,-0.04200390428304673,-0.0,0.04539624999987427,0.0002633150143083185,0.1,0.3106907308101654,3.141592653589793,-3.140516519546509,0.0,0.0,0.0,-0.0
2.4147934913635254,-23.2979679107666,-0.00046874998952262104,-0.39990234375,5.859374869032763e-05,-0.03195800632238388,0.020546874031424522,-3.0,0.0,-0.3199687499989523,0.0,-0.04200390428304673,-0.0,0.04539624999987427,0.0002633150143083185,0.1,0.3106907308101654,3.141592653589793,-3.140516519546509,0.0,0.0,0.0,-0.0
2.4197909832000732,-23.2979679107666,-0.00046874998952262104,-0.39990234375,5.859374869032763e-05,-0.03195800632238388,0.020546874031424522,-3.0,0.0,-0.3199687499989523,0.0,-0.04200390428304673,-0.0,0.04539624999987427,0.0002633150143083185,0.1,0.3106907308101654,3.141592653589793,-3.140516519546509,0.0,0.0,0.0,-0.0
2.4247887134552,-23.2979679107666,-0.00046874998952262104,-0.39990234375,5.859374869032763e-05,-0.03195800632238388,0.020546874031424522,-3.0,0.0,-0.3199687499989523,0.0,-0.04200390428304673,-0.0,0.04539624999987427,0.0002633150143083185,0.1,0.3106907308101654,3.141592653589793,-3.140516519546509,0.0,0.0,0.0,-0.0
2.42970871925354,-23.2979679107666,-0.00046874998952262104,-0.39990234375,5.859374869032763e-05,-0.03195800632238388,0.020546874031424522,-3.0,0.0,-0.3199687499989523,0.0,-0.04200390428304673,-0.0,0.04539624999987427,0.0002633150143083185,0.1,0.3106907308101654,3.141592653589793,-3.140516519546509,0.0,0.0,0.0,-0.0
2.4344587326049805,-23.2979679107666,-0.00046874998952262104,-0.39990234375,5.859374869032763e-05,-0.03195800632238388,0.020546874031424522,-3.0,0.0,-0.3199687499989523,0.0,-0.04200390428304673,-0.0,0.04539624999987427,0.0002633150143083185,0.1,0.3106907308101654,3.141592653589793,-3.140516519546509,0.0,0.0,0.0,-0.0
2.439026355743408,-23.2979679107666,-0.00046874998952262104,-0.39990234375,5.859374869032763e-05,-0.03195800632238388,0.020546874031424522,-3.0,0.0,-0.3199687499989523,0.0,-0.04200390428304673,-0.0,0.04539624999987427,0.0002633150143083185,0.1,0.3106907308101654,3.141592653589793,-3.140516519546509,0.0,0.0,0.0,-0.0
2.4436681270599365,-23.2979679107666,-0.00046874998952262104,-0.39990234375,5.859374869032763e-05,-0.03195800632238388,0.020546874031424522,-3.0,0.0,-0.3199687499989523,0.0,-0.04200390428304673,-0.0,0.04539624999987427,0.0002633150143083185,0.1,0.3106907308101654,3.141592653589793,-3.140516519546509,0.0,0.0,0.0,-0.0
2.4483768939971924,-23.2979679107666,-0.00046874998952262104,-0.39990234375,5.859374869032763e-05,-0.03195800632238388,0.020546874031424522,-3.0,0.0,-0.3199687499989523,0.0,-0.04200390428304673,-0.0,0.04539624999987427,0.0002633150143083185,0.1,0.3106907308101654,3.141592653589793,-3.140516519546509,0.0,0.0,0.0,-0.0
2.453063488006592,-23.2979679107666,-0.00046874998952262104,-0.39990234375,5.859374869032763e-05,-0.03195800632238388,0.020546874031424522,-3.0,0.0,-0.3199687499989523,0.0,-0.04200390428304673,-0.0,0.04539624999987427,0.0002633150143083185,0.1,0.3106907308101654,3.141592653589793,-3.140516519546509,0.0,0.0,0.0,-0.0
2.4577252864837646,-23.2979679107666,-0.00046874998952262104,-0.39990234375,5.859374869032763e-05,-0.03195800632238388,0.020546874031424522,-3.0,0.0,-0.3199687499989523,0.0,-0.04200390428304673,-0.0,0.04539624999987427,0.0002633150143083185,0.1,0.3106907308101654,3.141592653589793,-3.140516519546509,0.0,0.0,0.0,-0.0
2.4625494480133057,-23.2979679107666,-0.00046874998952262104,-0.39990234375,5.859374869032763e-05,-0.03195800632238388,0.020546874031424522,-3.0,0.0,-0.3199687499989523,0.0,-0.04200390428304673,-0.0,0.04539624999987427,0.0002633150143083185,0.1,0.3106907308101654,3.141592653589793,-3.140516519546509,0.0,0.0,0.0,-0.0
2.4671859741210938,-23.2979679107666,-0.00046874998952262104,-0.39990234375,5.859374869032763e-05,-0.03195800632238388,0.020546874031424522,-3.0,0.0,-0.3199687499989523,0.0,-0.04200390428304673,-0.0,0.04539624999987427,0.0002633150143083185,0.1,0.3106907308101654,3.141592653589793,-3.140516519546509,0.0,0.0,0.0,-0.0
2.47184157371521,-23.2979679107666,-0.00046874998952262104,-0.39990234375,5.859374869032763e-05,-0.03195800632238388,0.020546874031424522,-3.0,0.0,-0.3199687499989523,0.0,-0.04200390428304673,-0.0,0.04539624999987427,0.0002633150143083185,0.1,0.3106907308101654,3.141592653589793,-3.140516519546509,0.0,0.0,0.0,-0.0
2.476836919784546,-23.2979679107666,-0.00046874998952262104,-0.39990234375,5.859374869032763e-05,-0.03195800632238388,0.020546874031424522,-3.0,0.0,-0.3199687499989523,0.0,-0.04200390428304673,-0.0,0.04539624999987427,0.0002633150143083185,0.1,0.3106907308101654,3.141592653589793,-3.140516519546509,0.0,0.0,0.0,-0.0
2.481635808944702,-23.2979679107666,-0.00046874998952262104,-0.39990234375,5.859374869032763e-05,-0.03195800632238388,0.020546874031424522,-3.0,0.0,-0.3199687499989523,0.0,-0.04200390428304673,-0.0,0.04539624999987427,0.0002633150143083185,0.1,0.3106907308101654,3.141592653589793,-3.140516519546509,0.0,0.0,0.0,-0.0
2.4864683151245117,-23.2979679107666,-0.00046874998952262104,-0.39990234375,5.859374869032763e-05,-0.03195800632238388,0.020546874031424522,-3.0,0.0,-0.3199687499989523,0.0,-0.04200390428304673,-0.0,0.04539624999987427,0.0002633150143083185,0.1,0.3106907308101654,3.141592653589793,-3.140516519546509,0.0,0.0,0.0,-0.0
2.491194725036621,-23.2979679107666,-0.00046874998952262104,-0.39990234375,5.859374869032763e-05,-0.03195800632238388,0.020546874031424522,-3.0,0.0,-0.3199687499989523,0.0,-0.04200390428304673,-0.0,0.04539624999987427,0.0002633150143083185,0.1,0.3106907308101654,3.141592653589793,-3.140516519546509,0.0,0.0,0.0,-0.0
2.495978355407715,-23.2979679107666,-0.00046874998952262104,-0.39990234375,5.859374869032763e-05,-0.03195800632238388,0.020546874031424522,-3.0,0.0,-0.3199687499989523,0.0,-0.04200390428304673,-0.0,0.04539624999987427,0.0002633150143083185,0.1,0.3106907308101654,3.141592653589793,-3.140516519546509,0.0,0.0,0.0,-0.0
2.5009913444519043,-23.2979679107666,-0.00046874998952262104,-0.39990234375,5.859374869032763e-05,-0.03195800632238388,0.020546874031424522,-3.0,0.0,-0.3199687499989523,0.0,-0.04200390428304673,-0.0,0.04539624999987427,0.0002633150143083185,0.1,0.3106907308101654,3.141592653589793,-3.140516519546509,0.0,0.0,0.0,-0.0
2.5057029724121094,-23.2979679107666,-0.00046874998952262104,-0.39990234375,5.859374869032763e-05,-0.03195800632238388,0.020546874031424522,-3.0,0.0,-0.3199687499989523,0.0,-0.04200390428304673,-0.0,0.04539624999987427,0.0002633150143083185,0.1,0.3106907308101654,3.141592653589793,-3.140516519546509,0.0,0.0,0.0,-0.0
2.510331869125366,-23.2979679107666,-0.00046874998952262104,-0.39990234375,5.859374869032763e-05,-0.03195800632238388,0.020546874031424522,-3.0,0.0,-0.3199687499989523,0.0,-0.04200390428304673,-0.0,0.04539624999987427,0.0002633150143083185,0.1,0.3106907308101654,3.141592653589793,-3.140516519546509,0.0,0.0,0.0,-0.0
2.515193223953247,-23.2979679107666,-0.00046874998952262104,-0.39990234375,5.859374869032763e-05,-0.03195800632238388,0.020546874031424522,-3.0,0.0,-0.3199687499989523,0.0,-0.04200390428304673,-0.0,0.04539624999987427,0.0002633150143083185,0.1,0.3106907308101654,3.141592653589793,-3.140516519546509,0.0,0.0,0.0,-0.0
2.5195794105529785,-23.2979679107666,-0.00046874998952262104,-0.39990234375,5.859374869032763e-05,-0.03195800632238388,0.020546874031424522,-3.0,0.0,-0.3199687499989523,0.0,-0.04200390428304673,-0.0,0.04539624999987427,0.0002633150143083185,0.1,0.3106907308101654,3.141592653589793,-3.140516519546509,0.0,0.0,0.0,-0.0
2.523940086364746,-23.2979679107666,-0.00046874998952262104,-0.39990234375,5.859374869032763e-05,-0.03195800632238388,0.020546874031424522,-3.0,0.0,-0.3199687499989523,0.0,-0.04200390428304673,-0.0,0.04539624999987427,0.0002633150143083185,0.1,0.3106907308101654,3.141592653589793,-3.140516519546509,0.0,0.0,0.0,-0.0
2.5286619663238525,-23.2979679107666,-0.00046874998952262104,-0.39990234375,5.859374869032763e-05,-0.03195800632238388,0.020546874031424522,-3.0,0.0,-0.3199687499989523,0.0,-0.04200390428304673,-0.0,0.04539624999987427,0.0002633150143083185,0.1,0.3106907308101654,3.141592653589793,-3.140516519546509,0.0,0.0,0.0,-0.0
2.533365488052368,-23.2979679107666,-0.00046874998952262104,-0.39990234375,5.859374869032763e-05,-0.03195800632238388,0.020546874031424522,-3.0,0.0,-0.3199687499989523,0.0,-0.04200390428304673,-0.0,0.04539624999987427,0.0002633150143083185,0.1,0.3106907308101654,3.141592653589793,-3.140516519546509,0.0,0.0,0.0,-0.0
2.538036346435547,-23.2979679107666,-0.00046874998952262104,-0.39990234375,5.859374869032763e-05,-0.03195800632238388,0.020546874031424522,-3.0,0.0,-0.3199687499989523,0.0,-0.04200390428304673,-0.0,0.04539624999987427,0.0002633150143083185,0.1,0.3106907308101654,3.141592653589793,-3.140516519546509,0.0,0.0,0.0,-0.0
2.542680501937866,-23.2979679107666,-0.00046874998952262104,-0.39990234375,5.859374869032763e-05,-0.03195800632238388,0.020546874031424522,-3.0,0.0,-0.3199687499989523,0.0,-0.04200390428304673,-0.0,0.04539624999987427,0.0002633150143083185,0.1,0.3106907308101654,3.141592653589793,-3.140516519546509,0.0,0.0,0.0,-0.0
2.5473434925079346,-23.2979679107666,-0.00046874998952262104,-0.39990234375,5.859374869032763e-05,-0.03195800632238388,0.020546874031424522,-3.0,0.0,-0.3199687499989523,0.0,-0.04200390428304673,-0.0,0.04539624999987427,0.0002633150143083185,0.1,0.3106907308101654,3.141592653589793,-3.140516519546509,0.0,0.0,0.0,-0.0
2.5521702766418457,-23.2979679107666,-0.00046874998952262104,-0.39990234375,5.859374869032763e-05,-0.03195800632238388,0.020546874031424522,-3.0,0.0,-0.3199687499989523,0.0,-0.04200390428304673,-0.0,0.04539624999987427,0.0002633150143083185,0.1,0.3106907308101654,3.141592653589793,-3.140516519546509,0.0,0.0,0.0,-0.0
2.556931257247925,-23.2979679107666,-0.00046874998952262104,-0.39990234375,5.859374869032763e-05,-0.03195800632238388,0.020546874031424522,-3.0,0.0,-0.3199687499989523,0.0,-0.04200390428304673,-0.0,0.04539624999987427,0.0002633150143083185,0.1,0.3106907308101654,3.141592653589793,-3.140516519546509,0.0,0.0,0.0,-0.0
2.561594247817993,-23.2979679107666,-0.00046874998952262104,-0.39990234375,5.859374869032763e-05,-0.03195800632238388,0.020546874031424522,-3.0,0.0,-0.3199687499989523,0.0,-0.04200390428304673,-0.0,0.04539624999987427,0.0002633150143083185,0.1,0.3106907308101654,3.141592653589793,-3.140516519546509,0.0,0.0,0.0,-0.0
2.5664572715759277,-23.2979679107666,-0.00046874998952262104,-0.39990234375,5.859374869032763e-05,-0.03195800632238388,0.020546874031424522,-3.0,0.0,-0.3199687499989523,0.0,-0.04200390428304673,-0.0,0.04539624999987427,0.0002633150143083185,0.1,0.3106907308101654,3.141592653589793,-3.140516519546509,0.0,0.0,0.0,-0.0
2.571138620376587,-23.2979679107666,-0.00046874998952262104,-0.39990234375,5.859374869032763e-05,-0.03195800632238388,0.020546874031424522,-3.0,0.0,-0.3199687499989523,0.0,-0.04200390428304673,-0.0,0.04539624999987427,0.0002633150143083185,0.1,0.3106907308101654,3.141592653589793,-3.140516519546509,0.0,0.0,0.0,-0.0
2.57570481300354,-23.2979679107666,-0.00046874998952262104,-0.39990234375,5.859374869032763e-05,-0.03195800632238388,0.020546874031424522,-3.0,0.0,-0.3199687499989523,0.0,-0.04200390428304673,-0.0,0.04539624999987427,0.0002633150143083185,0.1,0.3106907308101654,3.141592653589793,-3.140516519546509,0.0,0.0,0.0,-0.0
2.580448627471924,-23.2979679107666,-0.00046874998952262104,-0.39990234375,5.859374869032763e-05,-0.03195800632238388,0.020546874031424522,-3.0,0.0,-0.3199687499989523,0.0,-0.04200390428304673,-0.0,0.04539624999987427,0.0002633150143083185,0.1,0.3106907308101654,3.141592653589793,-3.140516519546509,0.0,0.0,0.0,-0.0
2.585390329360962,-23.2979679107666,-0.00046874998952262104,-0.39990234375,5.859374869032763e-05,-0.03195800632238388,0.020546874031424522,-3.0,0.0,-0.3199687499989523,0.0,-0.04200390428304673,-0.0,0.04539624999987427,0.0002633150143083185,0.1,0.3106907308101654,3.141592653589793,-3.140516519546509,0.0,0.0,0.0,-0.0
2.590094804763794,-23.2979679107666,-0.00046874998952262104,-0.39990234375,5.859374869032763e-05,-0.03195800632238388,0.020546874031424522,-3.0,0.0,-0.3199687499989523,0.0,-0.04200390428304673,-0.0,0.04539624999987427,0.0002633150143083185,0.1,0.3106907308101654,3.141592653589793,-3.140516519546509,0.0,0.0,0.0,-0.0
2.594773054122925,-23.2979679107666,-0.00046874998952262104,-0.39990234375,5.859374869032763e-05,-0.03195800632238388,0.020546874031424522,-3.0,0.0,-0.3199687499989523,0.0,-0.04200390428304673,-0.0,0.04539624999987427,0.0002633150143083185,0.1,0.3106907308101654,3.141592653589793,-3.140516519546509,0.0,0.0,0.0,-0.0
2.5994179248809814,-23.2979679107666,-0.00046874998952262104,-0.39990234375,5.859374869032763e-05,-0.03195800632238388,0.020546874031424522,-3.0,0.0,-0.3199687499989523,0.0,-0.04200390428304673,-0.0,0.04539624999987427,0.0002633150143083185,0.1,0.3106907308101654,3.141592653589793,-3.140516519546509,0.0,0.0,0.0,-0.0
2.604128122329712,-23.2979679107666,-0.00046874998952262104,-0.39990234375,5.859374869032763e-05,-0.03195800632238388,0.020546874031424522,-3.0,0.0,-0.3199687499989523,0.0,-0.04200390428304673,-0.0,0.04539624999987427,0.0002633150143083185,0.1,0.3106907308101654,3.141592653589793,-3.140516519546509,0.0,0.0,0.0,-0.0
2.608917474746704,-23.2979679107666,-0.00046874998952262104,-0.39990234375,5.859374869032763e-05,-0.03195800632238388,0.020546874031424522,-3.0,0.0,-0.3199687499989523,0.0,-0.04200390428304673,-0.0,0.04539624999987427,0.0002633150143083185,0.1,0.3106907308101654,3.141592653589793,-3.140516519546509,0.0,0.0,0.0,-0.0
2.6136837005615234,-23.2979679107666,-0.00046874998952262104,-0.39990234375,5.859374869032763e-05,-0.03195800632238388,0.020546874031424522,-3.0,0.0,-0.3199687499989523,0.0,-0.04200390428304673,-0.0,0.04539624999987427,0.0002633150143083185,0.1,0.3106907308101654,3.141592653589793,-3.140516519546509,0.0,0.0,0.0,-0.0
2.6180641651153564,-23.2979679107666,-0.00046874998952262104,-0.39990234375,5.859374869032763e-05,-0.03195800632238388,0.020546874031424522,-3.0,0.0,-0.3199687499989523,0.0,-0.04200390428304673,-0.0,0.04539624999987427,0.0002633150143083185,0.1,0.3106907308101654,3.141592653589793,-3.140516519546509,0.0,0.0,0.0,-0.0
2.6226866245269775,-23.2979679107666,-0.00046874998952262104,-0.39990234375,5.859374869032763e-05,-0.03195800632238388,0.020546874031424522,-3.0,0.0,-0.3199687499989523,0.0,-0.04200390428304673,-0.0,0.04539624999987427,0.0002633150143083185,0.1,0.3106907308101654,3.141592653589793,-3.140516519546509,0.0,0.0,0.0,-0.0
2.627182960510254,-23.2979679107666,-0.00046874998952262104,-0.39990234375,5.859374869032763e-05,-0.03195800632238388,0.020546874031424522,-3.0,0.0,-0.3199687499989523,0.0,-0.04200390428304673,-0.0,0.04539624999987427,0.0002633150143083185,0.1,0.3106907308101654,3.141592653589793,-3.140516519546509,0.0,0.0,0.0,-0.0
2.6318867206573486,-23.2979679107666,-0.00046874998952262104,-0.39990234375,5.859374869032763e-05,-0.03195800632238388,0.020546874031424522,-3.0,0.0,-0.3199687499989523,0.0,-0.04200390428304673,-0.0,0.04539624999987427,0.0002633150143083185,0.1,0.3106907308101654,3.141592653589793,-3.140516519546509,0.0,0.0,0.0,-0.0
2.636267900466919,-23.2979679107666,-0.00046874998952262104,-0.39990234375,5.859374869032763e-05,-0.03195800632238388,0.020546874031424522,-3.0,0.0,-0.3199687499989523,0.0,-0.04200390428304673,-0.0,0.04539624999987427,0.0002633150143083185,0.1,0.3106907308101654,3.141592653589793,-3.140516519546509,0.0,0.0,0.0,-0.0
2.641075611114502,-23.2979679107666,-0.00046874998952262104,-0.39990234375,5.859374869032763e-05,-0.03195800632238388,0.020546874031424522,-3.0,0.0,-0.3199687499989523,0.0,-0.04200390428304673,-0.0,0.04539624999987427,0.0002633150143083185,0.1,0.3106907308101654,3.141592653589793,-3.140516519546509,0.0,0.0,0.0,-0.0
2.645936965942383,-23.2979679107666,-0.00046874998952262104,-0.39990234375,5.859374869032763e-05,-0.03195800632238388,0.020546874031424522,-3.0,0.0,-0.3199687499989523,0.0,-0.04200390428304673,-0.0,0.04539624999987427,0.0002633150143083185,0.1,0.3106907308101654,3.141592653589793,-3.140516519546509,0.0,0.0,0.0,-0.0
2.6504242420196533,-23.2979679107666,-0.00046874998952262104,-0.39990234375,5.859374869032763e-05,-0.03195800632238388,0.020546874031424522,-3.0,0.0,-0.3199687499989523,0.0,-0.04200390428304673,-0.0,0.04539624999987427,0.0002633150143083185,0.1,0.3106907308101654,3.141592653589793,-3.140516519546509,0.0,0.0,0.0,-0.0
2.6547577381134033,-23.2979679107666,-0.00046874998952262104,-0.39990234375,5.859374869032763e-05,-0.03195800632238388,0.020546874031424522,-3.0,0.0,-0.3199687499989523,0.0,-0.04200390428304673,-0.0,0.04539624999987427,0.0002633150143083185,0.1,0.3106907308101654,3.141592653589793,-3.140516519546509,0.0,0.0,0.0,-0.0
2.659515142440796,-23.2979679107666,-0.00046874998952262104,-0.39990234375,5.859374869032763e-05,-0.03195800632238388,0.020546874031424522,-3.0,0.0,-0.3199687499989523,0.0,-0.04200390428304673,-0.0,0.04539624999987427,0.0002633150143083185,0.1,0.3106907308101654,3.141592653589793,-3.140516519546509,0.0,0.0,0.0,-0.0
2.66434907913208,-23.2979679107666,-0.00046874998952262104,-0.39990234375,5.859374869032763e-05,-0.03195800632238388,0.020546874031424522,-3.0,0.0,-0.3199687499989523,0.0,-0.04200390428304673,-0.0,0.04539624999987427,0.0002633150143083185,0.1,0.3106907308101654,3.141592653589793,-3.140516519546509,0.0,0.0,0.0,-0.0
2.6694366931915283,-23.2979679107666,-0.00046874998952262104,-0.39990234375,5.859374869032763e-05,-0.03195800632238388,0.020546874031424522,-3.0,0.0,-0.3199687499989523,0.0,-0.04200390428304673,-0.0,0.04539624999987427,0.0002633150143083185,0.1,0.3106907308101654,3.141592653589793,-3.140516519546509,0.0,0.0,0.0,-0.0
2.6741576194763184,-23.2979679107666,-0.00046874998952262104,-0.39990234375,5.859374869032763e-05,-0.03195800632238388,0.020546874031424522,-3.0,0.0,-0.3199687499989523,0.0,-0.04200390428304673,-0.0,0.04539624999987427,0.0002633150143083185,0.1,0.3106907308101654,3.141592653589793,-3.140516519546509,0.0,0.0,0.0,-0.0
2.678873300552368,-23.2979679107666,-0.00046874998952262104,-0.39990234375,5.859374869032763e-05,-0.03195800632238388,0.020546874031424522,-3.0,0.0,-0.3199687499989523,0.0,-0.04200390428304673,-0.0,0.04539624999987427,0.0002633150143083185,0.1,0.3106907308101654,3.141592653589793,-3.140516519546509,0.0,0.0,0.0,-0.0
2.6834213733673096,-23.2979679107666,-0.00046874998952262104,-0.39990234375,5.859374869032763e-05,-0.03195800632238388,0.020546874031424522,-3.0,0.0,-0.3199687499989523,0.0,-0.04200390428304673,-0.0,0.04539624999987427,0.0002633150143083185,0.1,0.3106907308101654,3.141592653589793,-3.140516519546509,0.0,0.0,0.0,-0.0
2.688108205795288,-23.2979679107666,-0.00046874998952262104,-0.39990234375,5.859374869032763e-05,-0.03195800632238388,0.020546874031424522,-3.0,0.0,-0.3199687499989523,0.0,-0.04200390428304673,-0.0,0.04539624999987427,0.0002633150143083185,0.1,0.3106907308101654,3.141592653589793,-3.140516519546509,0.0,0.0,0.0,-0.0
2.692803144454956,-23.2979679107666,-0.00046874998952262104,-0.39990234375,5.859374869032763e-05,-0.03195800632238388,0.020546874031424522,-3.0,0.0,-0.3199687499989523,0.0,-0.04200390428304673,-0.0,0.04539624999987427,0.0002633150143083185,0.1,0.3106907308101654,3.141592653589793,-3.140516519546509,0.0,0.0,0.0,-0.0
2.6976478099823,-23.2979679107666,-0.00046874998952262104,-0.39990234375,5.859374869032763e-05,-0.03195800632238388,0.020546874031424522,-3.0,0.0,-0.3199687499989523,0.0,-0.04200390428304673,-0.0,0.04539624999987427,0.0002633150143083185,0.1,0.3106907308101654,3.141592653589793,-3.140516519546509,0.0,0.0,0.0,-0.0
2.701982259750366,-23.2979679107666,-0.00046874998952262104,-0.39990234375,5.859374869032763e-05,-0.03195800632238388,0.020546874031424522,-3.0,0.0,-0.3199687499989523,0.0,-0.04200390428304673,-0.0,0.04539624999987427,0.0002633150143083185,0.1,0.3106907308101654,3.141592653589793,-3.140516519546509,0.0,0.0,0.0,-0.0
2.7070438861846924,-23.2979679107666,-0.00046874998952262104,-0.39990234375,5.859374869032763e-05,-0.03195800632238388,0.020546874031424522,-3.0,0.0,-0.3199687499989523,0.0,-0.04200390428304673,-0.0,0.04539624999987427,0.0002633150143083185,0.1,0.3106907308101654,3.141592653589793,-3.140516519546509,0.0,0.0,0.0,-0.0
2.7119321823120117,-23.2979679107666,-0.00046874998952262104,-0.39990234375,5.859374869032763e-05,-0.03195800632238388,0.020546874031424522,-3.0,0.0,-0.3199687499989523,0.0,-0.04200390428304673,-0.0,0.04539624999987427,0.0002633150143083185,0.1,0.3106907308101654,3.141592653589793,-3.140516519546509,0.0,0.0,0.0,-0.0
2.716665506362915,-23.2979679107666,-0.00046874998952262104,-0.39990234375,5.859374869032763e-05,-0.03195800632238388,0.020546874031424522,-3.0,0.0,-0.3199687499989523,0.0,-0.04200390428304673,-0.0,0.04539624999987427,0.0002633150143083185,0.1,0.3106907308101654,3.141592653589793,-3.140516519546509,0.0,0.0,0.0,-0.0
2.7213194370269775,-23.2979679107666,-0.00046874998952262104,-0.39990234375,5.859374869032763e-05,-0.03195800632238388,0.020546874031424522,-3.0,0.0,-0.3199687499989523,0.0,-0.04200390428304673,-0.0,0.04539624999987427,0.0002633150143083185,0.1,0.3106907308101654,3.141592653589793,-3.140516519546509,0.0,0.0,0.0,-0.0
2.7262864112854004,-23.2979679107666,-0.00046874998952262104,-0.39990234375,5.859374869032763e-05,-0.03195800632238388,0.020546874031424522,-3.0,0.0,-0.3199687499989523,0.0,-0.04200390428304673,-0.0,0.04539624999987427,0.0002633150143083185,0.1,0.3106907308101654,3.141592653589793,-3.140516519546509,0.0,0.0,0.0,-0.0
2.7310292720794678,-23.2979679107666,-0.00046874998952262104,-0.39990234375,5.859374869032763e-05,-0.03195800632238388,0.020546874031424522,-3.0,0.0,-0.3199687499989523,0.0,-0.04200390428304673,-0.0,0.04539624999987427,0.0002633150143083185,0.1,0.3106907308101654,3.141592653589793,-3.140516519546509,0.0,0.0,0.0,-0.0
2.735713243484497,-23.2979679107666,-0.00046874998952262104,-0.39990234375,5.859374869032763e-05,-0.03195800632238388,0.020546874031424522,-3.0,0.0,-0.3199687499989523,0.0,-0.04200390428304673,-0.0,0.04539624999987427,0.0002633150143083185,0.1,0.3106907308101654,3.141592653589793,-3.140516519546509,0.0,0.0,0.0,-0.0
2.7405495643615723,-23.2979679107666,-0.00046874998952262104,-0.39990234375,5.859374869032763e-05,-0.03195800632238388,0.020546874031424522,-3.0,0.0,-0.3199687499989523,0.0,-0.04200390428304673,-0.0,0.04539624999987427,0.0002633150143083185,0.1,0.3106907308101654,3.141592653589793,-3.140516519546509,0.0,0.0,0.0,-0.0
2.74495530128479,-23.2979679107666,-0.00046874998952262104,-0.39990234375,5.859374869032763e-05,-0.03195800632238388,0.020546874031424522,-3.0,0.0,-0.3199687499989523,0.0,-0.04200390428304673,-0.0,0.04539624999987427,0.0002633150143083185,0.1,0.3106907308101654,3.141592653589793,-3.140516519546509,0.0,0.0,0.0,-0.0
2.74965763092041,-23.2979679107666,-0.00046874998952262104,-0.39990234375,5.859374869032763e-05,-0.03195800632238388,0.020546874031424522,-3.0,0.0,-0.3199687499989523,0.0,-0.04200390428304673,-0.0,0.04539624999987427,0.0002633150143083185,0.1,0.3106907308101654,3.141592653589793,-3.140516519546509,0.0,0.0,0.0,-0.0
2.754077911376953,-23.2979679107666,-0.00046874998952262104,-0.39990234375,5.859374869032763e-05,-0.03195800632238388,0.020546874031424522,-3.0,0.0,-0.3199687499989523,0.0,-0.04200390428304673,-0.0,0.04539624999987427,0.0002633150143083185,0.1,0.3106907308101654,3.141592653589793,-3.140516519546509,0.0,0.0,0.0,-0.0
2.7587180137634277,-23.2979679107666,-0.00046874998952262104,-0.39990234375,5.859374869032763e-05,-0.03195800632238388,0.020546874031424522,-3.0,0.0,-0.3199687499989523,0.0,-0.04200390428304673,-0.0,0.04539624999987427,0.0002633150143083185,0.1,0.3106907308101654,3.141592653589793,-3.140516519546509,0.0,0.0,0.0,-0.0
2.763251304626465,-23.2979679107666,-0.00046874998952262104,-0.39990234375,5.859374869032763e-05,-0.03195800632238388,0.020546874031424522,-3.0,0.0,-0.3199687499989523,0.0,-0.04200390428304673,-0.0,0.04539624999987427,0.0002633150143083185,0.1,0.3106907308101654,3.141592653589793,-3.140516519546509,0.0,0.0,0.0,-0.0
2.768019437789917,-23.2979679107666,-0.00046874998952262104,-0.39990234375,5.859374869032763e-05,-0.03195800632238388,0.020546874031424522,-3.0,0.0,-0.3199687499989523,0.0,-0.04200390428304673,-0.0,0.04539624999987427,0.0002633150143083185,0.1,0.3106907308101654,3.141592653589793,-3.140516519546509,0.0,0.0,0.0,-0.0
2.7726433277130127,-23.2979679107666,-0.00046874998952262104,-0.39990234375,5.859374869032763e-05,-0.03195800632238388,0.020546874031424522,-3.0,0.0,-0.3199687499989523,0.0,-0.04200390428304673,-0.0,0.04539624999987427,0.0002633150143083185,0.1,0.3106907308101654,3.141592653589793,-3.140516519546509,0.0,0.0,0.0,-0.0
2.7775497436523438,-23.2979679107666,-0.00046874998952262104,-0.39990234375,5.859374869032763e-05,-0.03195800632238388,0.020546874031424522,-3.0,0.0,-0.3199687499989523,0.0,-0.04200390428304673,-0.0,0.04539624999987427,0.0002633150143083185,0.1,0.3106907308101654,3.141592653589793,-3.140516519546509,0.0,0.0,0.0,-0.0
2.7822325229644775,-23.2979679107666,-0.00046874998952262104,-0.39990234375,5.859374869032763e-05,-0.03195800632238388,0.020546874031424522,-3.0,0.0,-0.3199687499989523,0.0,-0.04200390428304673,-0.0,0.04539624999987427,0.0002633150143083185,0.1,0.3106907308101654,3.141592653589793,-3.140516519546509,0.0,0.0,0.0,-0.0
2.7870192527770996,-23.2979679107666,-0.00046874998952262104,-0.39990234375,5.859374869032763e-05,-0.03195800632238388,0.020546874031424522,-3.0,0.0,-0.3199687499989523,0.0,-0.04200390428304673,-0.0,0.04539624999987427,0.0002633150143083185,0.1,0.3106907308101654,3.141592653589793,-3.140516519546509,0.0,0.0,0.0,-0.0
2.7918975353240967,-23.2979679107666,-0.00046874998952262104,-0.39990234375,5.859374869032763e-05,-0.03195800632238388,0.020546874031424522,-3.0,0.0,-0.3199687499989523,0.0,-0.04200390428304673,-0.0,0.04539624999987427,0.0002633150143083185,0.1,0.3106907308101654,3.141592653589793,-3.140516519546509,0.0,0.0,0.0,-0.0
2.7970757484436035,-23.2979679107666,-0.00046874998952262104,-0.39990234375,5.859374869032763e-05,-0.03195800632238388,0.020546874031424522,-3.0,0.0,-0.3199687499989523,0.0,-0.04200390428304673,-0.0,0.04539624999987427,0.0002633150143083185,0.1,0.3106907308101654,3.141592653589793,-3.140516519546509,0.0,0.0,0.0,-0.0
2.801492214202881,-23.2979679107666,-0.00046874998952262104,-0.39990234375,5.859374869032763e-05,-0.03195800632238388,0.020546874031424522,-3.0,0.0,-0.3199687499989523,0.0,-0.04200390428304673,-0.0,0.04539624999987427,0.0002633150143083185,0.1,0.3106907308101654,3.141592653589793,-3.140516519546509,0.0,0.0,0.0,-0.0
2.8058221340179443,-23.2979679107666,-0.00046874998952262104,-0.39990234375,5.859374869032763e-05,-0.03195800632238388,0.020546874031424522,-3.0,0.0,-0.3199687499989523,0.0,-0.04200390428304673,-0.0,0.04539624999987427,0.0002633150143083185,0.1,0.3106907308101654,3.141592653589793,-3.140516519546509,0.0,0.0,0.0,-0.0
2.810506820678711,-23.2979679107666,-0.00046874998952262104,-0.39990234375,5.859374869032763e-05,-0.03195800632238388,0.020546874031424522,-3.0,0.0,-0.3199687499989523,0.0,-0.04200390428304673,-0.0,0.04539624999987427,0.0002633150143083185,0.1,0.3106907308101654,3.141592653589793,-3.140516519546509,0.0,0.0,0.0,-0.0
2.815253734588623,-23.2979679107666,-0.00046874998952262104,-0.39990234375,5.859374869032763e-05,-0.03195800632238388,0.020546874031424522,-3.0,0.0,-0.3199687499989523,0.0,-0.04200390428304673,-0.0,0.04539624999987427,0.0002633150143083185,0.1,0.3106907308101654,3.141592653589793,-3.140516519546509,0.0,0.0,0.0,-0.0
2.819899082183838,-23.2979679107666,-0.00046874998952262104,-0.39990234375,5.859374869032763e-05,-0.03195800632238388,0.020546874031424522,-3.0,0.0,-0.3199687499989523,0.0,-0.04200390428304673,-0.0,0.04539624999987427,0.0002633150143083185,0.1,0.3106907308101654,3.141592653589793,-3.140516519546509,0.0,0.0,0.0,-0.0
2.82462739944458,-23.2979679107666,-0.00046874998952262104,-0.39990234375,5.859374869032763e-05,-0.03195800632238388,0.020546874031424522,-3.0,0.0,-0.3199687499989523,0.0,-0.04200390428304673,-0.0,0.04539624999987427,0.0002633150143083185,0.1,0.3106907308101654,3.141592653589793,-3.140516519546509,0.0,0.0,0.0,-0.0
2.8291726112365723,-23.2979679107666,-0.00046874998952262104,-0.39990234375,5.859374869032763e-05,-0.03195800632238388,0.020546874031424522,-3.0,0.0,-0.3199687499989523,0.0,-0.04200390428304673,-0.0,0.04539624999987427,0.0002633150143083185,0.1,0.3106907308101654,3.141592653589793,-3.140516519546509,0.0,0.0,0.0,-0.0
2.833843469619751,-23.2979679107666,-0.00046874998952262104,-0.39990234375,5.859374869032763e-05,-0.03195800632238388,0.020546874031424522,-3.0,0.0,-0.3199687499989523,0.0,-0.04200390428304673,-0.0,0.04539624999987427,0.0002633150143083185,0.1,0.3106907308101654,3.141592653589793,-3.140516519546509,0.0,0.0,0.0,-0.0
2.8381972312927246,-23.2979679107666,-0.00046874998952262104,-0.39990234375,5.859374869032763e-05,-0.03195800632238388,0.020546874031424522,-3.0,0.0,-0.3199687499989523,0.0,-0.04200390428304673,-0.0,0.04539624999987427,0.0002633150143083185,0.1,0.3106907308101654,3.141592653589793,-3.140516519546509,0.0,0.0,0.0,-0.0
2.842867136001587,-23.2979679107666,-0.00046874998952262104,-0.39990234375,5.859374869032763e-05,-0.03195800632238388,0.020546874031424522,-3.0,0.0,-0.3199687499989523,0.0,-0.04200390428304673,-0.0,0.04539624999987427,0.0002633150143083185,0.1,0.3106907308101654,3.141592653589793,-3.140516519546509,0.0,0.0,0.0,-0.0
2.847475528717041,-23.2979679107666,-0.00046874998952262104,-0.39990234375,5.859374869032763e-05,-0.03195800632238388,0.020546874031424522,-3.0,0.0,-0.3199687499989523,0.0,-0.04200390428304673,-0.0,0.04539624999987427,0.0002633150143083185,0.1,0.3106907308101654,3.141592653589793,-3.140516519546509,0.0,0.0,0.0,-0.0
2.8522253036499023,-23.2979679107666,-0.00046874998952262104,-0.39990234375,5.859374869032763e-05,-0.03195800632238388,0.020546874031424522,-3.0,0.0,-0.3199687499989523,0.0,-0.04200390428304673,-0.0,0.04539624999987427,0.0002633150143083185,0.1,0.3106907308101654,3.141592653589793,-3.140516519546509,0.0,0.0,0.0,-0.0
2.856984853744507,-23.2979679107666,-0.00046874998952262104,-0.39990234375,5.859374869032763e-05,-0.03195800632238388,0.020546874031424522,-3.0,0.0,-0.3199687499989523,0.0,-0.04200390428304673,-0.0,0.04539624999987427,0.0002633150143083185,0.1,0.3106907308101654,3.141592653589793,-3.140516519546509,0.0,0.0,0.0,-0.0
2.8613932132720947,-23.2979679107666,-0.00046874998952262104,-0.39990234375,5.859374869032763e-05,-0.03195800632238388,0.020546874031424522,-3.0,0.0,-0.3199687499989523,0.0,-0.04200390428304673,-0.0,0.04539624999987427,0.0002633150143083185,0.1,0.3106907308101654,3.141592653589793,-3.140516519546509,0.0,0.0,0.0,-0.0
2.866163492202759,-23.2979679107666,-0.00046874998952262104,-0.39990234375,5.859374869032763e-05,-0.03195800632238388,0.020546874031424522,-3.0,0.0,-0.3199687499989523,0.0,-0.04200390428304673,-0.0,0.04539624999987427,0.0002633150143083185,0.1,0.3106907308101654,3.141592653589793,-3.140516519546509,0.0,0.0,0.0,-0.0
2.870842218399048,-23.2979679107666,-0.00046874998952262104,-0.39990234375,5.859374869032763e-05,-0.03195800632238388,0.020546874031424522,-3.0,0.0,-0.3199687499989523,0.0,-0.04200390428304673,-0.0,0.04539624999987427,0.0002633150143083185,0.1,0.3106907308101654,3.141592653589793,-3.140516519546509,0.0,0.0,0.0,-0.0
2.875607490539551,-23.2979679107666,-0.00046874998952262104,-0.39990234375,5.859374869032763e-05,-0.03195800632238388,0.020546874031424522,-3.0,0.0,-0.3199687499989523,0.0,-0.04200390428304673,-0.0,0.04539624999987427,0.0002633150143083185,0.1,0.3106907308101654,3.141592653589793,-3.140516519546509,0.0,0.0,0.0,-0.0
2.8803727626800537,-23.2979679107666,-0.00046874998952262104,-0.39990234375,5.859374869032763e-05,-0.03195800632238388,0.020546874031424522,-3.0,0.0,-0.3199687499989523,0.0,-0.04200390428304673,-0.0,0.04539624999987427,0.0002633150143083185,0.1,0.3106907308101654,3.141592653589793,-3.140516519546509,0.0,0.0,0.0,-0.0
2.8850648403167725,-23.2979679107666,-0.00046874998952262104,-0.39990234375,5.859374869032763e-05,-0.03195800632238388,0.020546874031424522,-3.0,0.0,-0.3199687499989523,0.0,-0.04200390428304673,-0.0,0.04539624999987427,0.0002633150143083185,0.1,0.3106907308101654,3.141592653589793,-3.140516519546509,0.0,0.0,0.0,-0.0
2.8897645473480225,-23.2979679107666,-0.00046874998952262104,-0.39990234375,5.859374869032763e-05,-0.03195800632238388,0.020546874031424522,-3.0,0.0,-0.3199687499989523,0.0,-0.04200390428304673,-0.0,0.04539624999987427,0.0002633150143083185,0.1,0.3106907308101654,3.141592653589793,-3.140516519546509,0.0,0.0,0.0,-0.0
2.8944480419158936,-23.2979679107666,-0.00046874998952262104,-0.39990234375,5.859374869032763e-05,-0.03195800632238388,0.020546874031424522,-3.0,0.0,-0.3199687499989523,0.0,-0.04200390428304673,-0.0,0.04539624999987427,0.0002633150143083185,0.1,0.3106907308101654,3.141592653589793,-3.140516519546509,0.0,0.0,0.0,-0.0
2.8991005420684814,-23.2979679107666,-0.00046874998952262104,-0.39990234375,5.859374869032763e-05,-0.03195800632238388,0.020546874031424522,-3.0,0.0,-0.3199687499989523,0.0,-0.04200390428304673,-0.0,0.04539624999987427,0.0002633150143083185,0.1,0.3106907308101654,3.141592653589793,-3.140516519546509,0.0,0.0,0.0,-0.0
2.903752088546753,-23.2979679107666,-0.00046874998952262104,-0.39990234375,5.859374869032763e-05,-0.03195800632238388,0.020546874031424522,-3.0,0.0,-0.3199687499989523,0.0,-0.04200390428304673,-0.0,0.04539624999987427,0.0002633150143083185,0.1,0.3106907308101654,3.141592653589793,-3.140516519546509,0.0,0.0,0.0,-0.0
2.908566951751709,-23.2979679107666,-0.00046874998952262104,-0.39990234375,5.859374869032763e-05,-0.03195800632238388,0.020546874031424522,-3.0,0.0,-0.3199687499989523,0.0,-0.04200390428304673,-0.0,0.04539624999987427,0.0002633150143083185,0.1,0.3106907308101654,3.141592653589793,-3.140516519546509,0.0,0.0,0.0,-0.0
2.9133222103118896,-23.2979679107666,-0.00046874998952262104,-0.39990234375,5.859374869032763e-05,-0.03195800632238388,0.020546874031424522,-3.0,0.0,-0.3199687499989523,0.0,-0.04200390428304673,-0.0,0.04539624999987427,0.0002633150143083185,0.1,0.3106907308101654,3.141592653589793,-3.140516519546509,0.0,0.0,0.0,-0.0
2.9178569316864014,-23.2979679107666,-0.00046874998952262104,-0.39990234375,5.859374869032763e-05,-0.03195800632238388,0.020546874031424522,-3.0,0.0,-0.3199687499989523,0.0,-0.04200390428304673,-0.0,0.04539624999987427,0.0002633150143083185,0.1,0.3106907308101654,3.141592653589793,-3.140516519546509,0.0,0.0,0.0,-0.0
2.9225070476531982,-23.2979679107666,-0.00046874998952262104,-0.39990234375,5.859374869032763e-05,-0.03195800632238388,0.020546874031424522,-3.0,0.0,-0.3199687499989523,0.0,-0.04200390428304673,-0.0,0.04539624999987427,0.0002633150143083185,0.1,0.3106907308101654,3.141592653589793,-3.140516519546509,0.0,0.0,0.0,-0.0
2.9271292686462402,-23.2979679107666,-0.00046874998952262104,-0.39990234375,5.859374869032763e-05,-0.03195800632238388,0.020546874031424522,-3.0,0.0,-0.3199687499989523,0.0,-0.04200390428304673,-0.0,0.04539624999987427,0.0002633150143083185,0.1,0.3106907308101654,3.141592653589793,-3.140516519546509,0.0,0.0,0.0,-0.0
2.9319682121276855,-23.2979679107666,-0.00046874998952262104,-0.39990234375,5.859374869032763e-05,-0.03195800632238388,0.020546874031424522,-3.0,0.0,-0.3199687499989523,0.0,-0.04200390428304673,-0.0,0.04539624999987427,0.0002633150143083185,0.1,0.3106907308101654,3.141592653589793,-3.140516519546509,0.0,0.0,0.0,-0.0
2.9367361068725586,-23.2979679107666,-0.00046874998952262104,-0.39990234375,5.859374869032763e-05,-0.03195800632238388,0.020546874031424522,-3.0,0.0,-0.3199687499989523,0.0,-0.04200390428304673,-0.0,0.04539624999987427,0.0002633150143083185,0.1,0.3106907308101654,3.141592653589793,-3.140516519546509,0.0,0.0,0.0,-0.0
2.9411768913269043,-23.2979679107666,-0.00046874998952262104,-0.39990234375,5.859374869032763e-05,-0.03195800632238388,0.020546874031424522,-3.0,0.0,-0.3199687499989523,0.0,-0.04200390428304673,-0.0,0.04539624999987427,0.0002633150143083185,0.1,0.3106907308101654,3.141592653589793,-3.140516519546509,0.0,0.0,0.0,-0.0
2.9459893703460693,-23.2979679107666,-0.00046874998952262104,-0.39990234375,5.859374869032763e-05,-0.03195800632238388,0.020546874031424522,-3.0,0.0,-0.3199687499989523,0.0,-0.04200390428304673,-0.0,0.04539624999987427,0.0002633150143083185,0.1,0.3106907308101654,3.141592653589793,-3.140516519546509,0.0,0.0,0.0,-0.0
2.9506356716156006,-23.2979679107666,-0.00046874998952262104,-0.39990234375,5.859374869032763e-05,-0.03195800632238388,0.020546874031424522,-3.0,0.0,-0.3199687499989523,0.0,-0.04200390428304673,-0.0,0.04539624999987427,0.0002633150143083185,0.1,0.3106907308101654,3.141592653589793,-3.140516519546509,0.0,0.0,0.0,-0.0
2.9550042152404785,-23.2979679107666,-0.00046874998952262104,-0.39990234375,5.859374869032763e-05,-0.03195800632238388,0.020546874031424522,-3.0,0.0,-0.3199687499989523,0.0,-0.04200390428304673,-0.0,0.04539624999987427,0.0002633150143083185,0.1,0.3106907308101654,3.141592653589793,-3.140516519546509,0.0,0.0,0.0,-0.0
2.9597339630126953,-23.2979679107666,-0.00046874998952262104,-0.39990234375,5.859374869032763e-05,-0.03195800632238388,0.020546874031424522,-3.0,0.0,-0.3199687499989523,0.0,-0.04200390428304673,-0.0,0.04539624999987427,0.0002633150143083185,0.1,0.3106907308101654,3.141592653589793,-3.140516519546509,0.0,0.0,0.0,-0.0
2.9645140171051025,-23.2979679107666,-0.00046874998952262104,-0.39990234375,5.859374869032763e-05,-0.03195800632238388,0.020546874031424522,-3.0,0.0,-0.3199687499989523,0.0,-0.04200390428304673,-0.0,0.04539624999987427,0.0002633150143083185,0.1,0.3106907308101654,3.141592653589793,-3.140516519546509,0.0,0.0,0.0,-0.0
2.9692463874816895,-23.2979679107666,-0.00046874998952262104,-0.39990234375,5.859374869032763e-05,-0.03195800632238388,0.020546874031424522,-3.0,0.0,-0.3199687499989523,0.0,-0.04200390428304673,-0.0,0.04539624999987427,0.0002633150143083185,0.1,0.3106907308101654,3.141592653589793,-3.140516519546509,0.0,0.0,0.0,-0.0
2.973973274230957,-23.2979679107666,-0.00046874998952262104,-0.39990234375,5.859374869032763e-05,-0.03195800632238388,0.020546874031424522,-3.0,0.0,-0.3199687499989523,0.0,-0.04200390428304673,-0.0,0.04539624999987427,0.0002633150143083185,0.1,0.3106907308101654,3.141592653589793,-3.140516519546509,0.0,0.0,0.0,-0.0
2.97841477394104,-23.2979679107666,-0.00046874998952262104,-0.39990234375,5.859374869032763e-05,-0.03195800632238388,0.020546874031424522,-3.0,0.0,-0.3199687499989523,0.0,-0.04200390428304673,-0.0,0.04539624999987427,0.0002633150143083185,0.1,0.3106907308101654,3.141592653589793,-3.140516519546509,0.0,0.0,0.0,-0.0
2.9830620288848877,-23.2979679107666,-0.00046874998952262104,-0.39990234375,5.859374869032763e-05,-0.03195800632238388,0.020546874031424522,-3.0,0.0,-0.3199687499989523,0.0,-0.04200390428304673,-0.0,0.04539624999987427,0.0002633150143083185,0.1,0.3106907308101654,3.141592653589793,-3.140516519546509,0.0,0.0,0.0,-0.0
2.98758602142334,-23.2979679107666,-0.00046874998952262104,-0.39990234375,5.859374869032763e-05,-0.03195800632238388,0.020546874031424522,-3.0,0.0,-0.3199687499989523,0.0,-0.04200390428304673,-0.0,0.04539624999987427,0.0002633150143083185,0.1,0.3106907308101654,3.141592653589793,-3.140516519546509,0.0,0.0,0.0,-0.0
2.992297410964966,-23.2979679107666,-0.00046874998952262104,-0.39990234375,5.859374869032763e-05,-0.03195800632238388,0.020546874031424522,-3.0,0.0,-0.3199687499989523,0.0,-0.04200390428304673,-0.0,0.04539624999987427,0.0002633150143083185,0.1,0.3106907308101654,3.141592653589793,-3.140516519546509,0.0,0.0,0.0,-0.0
2.9969840049743652,-23.2979679107666,-0.00046874998952262104,-0.39990234375,5.859374869032763e-05,-0.03195800632238388,0.020546874031424522,-3.0,0.0,-0.3199687499989523,0.0,-0.04200390428304673,-0.0,0.04539624999987427,0.0002633150143083185,0.1,0.3106907308101654,3.141592653589793,-3.140516519546509,0.0,0.0,0.0,-0.0
3.001605987548828,-23.2979679107666,-0.00046874998952262104,-0.39990234375,5.859374869032763e-05,-0.03195800632238388,0.020546874031424522,-3.0,0.0,-0.3199687499989523,0.0,-0.04200390428304673,-0.0,0.04539624999987427,0.0002633150143083185,0.1,0.3106907308101654,3.141592653589793,-3.140516519546509,0.0,0.0,0.0,-0.0
3.006260395050049,-23.2979679107666,-0.00046874998952262104,-0.39990234375,5.859374869032763e-05,-0.03195800632238388,0.020546874031424522,-3.0,0.0,-0.3199687499989523,0.0,-0.04200390428304673,-0.0,0.04539624999987427,0.0002633150143083185,0.1,0.3106907308101654,3.141592653589793,-3.140516519546509,0.0,0.0,0.0,-0.0
3.010957717895508,-23.2979679107666,-0.00046874998952262104,-0.39990234375,5.859374869032763e-05,-0.03195800632238388,0.020546874031424522,-3.0,0.0,-0.3199687499989523,0.0,-0.04200390428304673,-0.0,0.04539624999987427,0.0002633150143083185,0.1,0.3106907308101654,3.141592653589793,-3.140516519546509,0.0,0.0,0.0,-0.0
3.0155129432678223,-23.2979679107666,-0.00046874998952262104,-0.39990234375,5.859374869032763e-05,-0.03195800632238388,0.020546874031424522,-3.0,0.0,-0.3199687499989523,0.0,-0.04200390428304673,-0.0,0.04539624999987427,0.0002633150143083185,0.1,0.3106907308101654,3.141592653589793,-3.140516519546509,0.0,0.0,0.0,-0.0
3.0198919773101807,-23.2979679107666,-0.00046874998952262104,-0.39990234375,5.859374869032763e-05,-0.03195800632238388,0.020546874031424522,-3.0,0.0,-0.3199687499989523,0.0,-0.04200390428304673,-0.0,0.04539624999987427,0.0002633150143083185,0.1,0.3106907308101654,3.141592653589793,-3.140516519546509,0.0,0.0,0.0,-0.0
3.024824857711792,-23.2979679107666,-0.00046874998952262104,-0.39990234375,5.859374869032763e-05,-0.03195800632238388,0.020546874031424522,-3.0,0.0,-0.3199687499989523,0.0,-0.04200390428304673,-0.0,0.04539624999987427,0.0002633150143083185,0.1,0.3106907308101654,3.141592653589793,-3.140516519546509,0.0,0.0,0.0,-0.0
3.029629945755005,-23.2979679107666,-0.00046874998952262104,-0.39990234375,5.859374869032763e-05,-0.03195800632238388,0.020546874031424522,-3.0,0.0,-0.3199687499989523,0.0,-0.04200390428304673,-0.0,0.04539624999987427,0.0002633150143083185,0.1,0.3106907308101654,3.141592653589793,-3.140516519546509,0.0,0.0,0.0,-0.0
3.03433895111084,-23.2979679107666,-0.00046874998952262104,-0.39990234375,5.859374869032763e-05,-0.03195800632238388,0.020546874031424522,-3.0,0.0,-0.3199687499989523,0.0,-0.04200390428304673,-0.0,0.04539624999987427,0.0002633150143083185,0.1,0.3106907308101654,3.141592653589793,-3.140516519546509,0.0,0.0,0.0,-0.0
3.039118766784668,-23.2979679107666,-0.00046874998952262104,-0.39990234375,5.859374869032763e-05,-0.03195800632238388,0.020546874031424522,-3.0,0.0,-0.3199687499989523,0.0,-0.04200390428304673,-0.0,0.04539624999987427,0.0002633150143083185,0.1,0.3106907308101654,3.141592653589793,-3.140516519546509,0.0,0.0,0.0,-0.0
3.043787717819214,-23.2979679107666,-0.00046874998952262104,-0.39990234375,5.859374869032763e-05,-0.03195800632238388,0.020546874031424522,-3.0,0.0,-0.3199687499989523,0.0,-0.04200390428304673,-0.0,0.04539624999987427,0.0002633150143083185,0.1,0.3106907308101654,3.141592653589793,-3.140516519546509,0.0,0.0,0.0,-0.0
3.0485329627990723,-23.2979679107666,-0.00046874998952262104,-0.39990234375,5.859374869032763e-05,-0.03195800632238388,0.020546874031424522,-3.0,0.0,-0.3199687499989523,0.0,-0.04200390428304673,-0.0,0.04539624999987427,0.0002633150143083185,0.1,0.3106907308101654,3.141592653589793,-3.140516519546509,0.0,0.0,0.0,-0.0
3.053150177001953,-23.2979679107666,-0.00046874998952262104,-0.39990234375,5.859374869032763e-05,-0.03195800632238388,0.020546874031424522,-3.0,0.0,-0.3199687499989523,0.0,-0.04200390428304673,-0.0,0.04539624999987427,0.0002633150143083185,0.1,0.3106907308101654,3.141592653589793,-3.140516519546509,0.0,0.0,0.0,-0.0
3.0577738285064697,-23.2979679107666,-0.00046874998952262104,-0.39990234375,5.859374869032763e-05,-0.03195800632238388,0.020546874031424522,-3.0,0.0,-0.3199687499989523,0.0,-0.04200390428304673,-0.0,0.04539624999987427,0.0002633150143083185,0.1,0.3106907308101654,3.141592653589793,-3.140516519546509,0.0,0.0,0.0,-0.0
3.0621724128723145,-23.2979679107666,-0.00046874998952262104,-0.39990234375,5.859374869032763e-05,-0.03195800632238388,0.020546874031424522,-3.0,0.0,-0.3199687499989523,0.0,-0.04200390428304673,-0.0,0.04539624999987427,0.0002633150143083185,0.1,0.3106907308101654,3.141592653589793,-3.140516519546509,0.0,0.0,0.0,-0.0
3.0669713020324707,-23.2979679107666,-0.00046874998952262104,-0.39990234375,5.859374869032763e-05,-0.03195800632238388,0.020546874031424522,-3.0,0.0,-0.3199687499989523,0.0,-0.04200390428304673,-0.0,0.04539624999987427,0.0002633150143083185,0.1,0.3106907308101654,3.141592653589793,-3.140516519546509,0.0,0.0,0.0,-0.0
3.0717201232910156,-23.2979679107666,-0.00046874998952262104,-0.39990234375,5.859374869032763e-05,-0.03195800632238388,0.020546874031424522,-3.0,0.0,-0.3199687499989523,0.0,-0.04200390428304673,-0.0,0.04539624999987427,0.0002633150143083185,0.1,0.3106907308101654,3.141592653589793,-3.140516519546509,0.0,0.0,0.0,-0.0
3.076441526412964,-23.2979679107666,-0.00046874998952262104,-0.39990234375,5.859374869032763e-05,-0.03195800632238388,0.020546874031424522,-3.0,0.0,-0.3199687499989523,0.0,-0.04200390428304673,-0.0,0.04539624999987427,0.0002633150143083185,0.1,0.3106907308101654,3.141592653589793,-3.140516519546509,0.0,0.0,0.0,-0.0
3.081193208694458,-23.2979679107666,-0.00046874998952262104,-0.39990234375,5.859374869032763e-05,-0.03195800632238388,0.020546874031424522,-3.0,0.0,-0.3199687499989523,0.0,-0.04200390428304673,-0.0,0.04539624999987427,0.0002633150143083185,0.1,0.3106907308101654,3.141592653589793,-3.140516519546509,0.0,0.0,0.0,-0.0
3.085735559463501,-23.2979679107666,-0.00046874998952262104,-0.39990234375,5.859374869032763e-05,-0.03195800632238388,0.020546874031424522,-3.0,0.0,-0.3199687499989523,0.0,-0.04200390428304673,-0.0,0.04539624999987427,0.0002633150143083185,0.1,0.3106907308101654,3.141592653589793,-3.140516519546509,0.0,0.0,0.0,-0.0
3.0901405811309814,-23.2979679107666,-0.00046874998952262104,-0.39990234375,5.859374869032763e-05,-0.03195800632238388,0.020546874031424522,-3.0,0.0,-0.3199687499989523,0.0,-0.04200390428304673,-0.0,0.04539624999987427,0.0002633150143083185,0.1,0.3106907308101654,3.141592653589793,-3.140516519546509,0.0,0.0,0.0,-0.0
3.0947160720825195,-23.2979679107666,-0.00046874998952262104,-0.39990234375,5.859374869032763e-05,-0.03195800632238388,0.020546874031424522,-3.0,0.0,-0.3199687499989523,0.0,-0.04200390428304673,-0.0,0.04539624999987427,0.0002633150143083185,0.1,0.3106907308101654,3.141592653589793,-3.140516519546509,0.0,0.0,0.0,-0.0
3.0993027687072754,-23.2979679107666,-0.00046874998952262104,-0.39990234375,5.859374869032763e-05,-0.03195800632238388,0.020546874031424522,-3.0,0.0,-0.3199687499989523,0.0,-0.04200390428304673,-0.0,0.04539624999987427,0.0002633150143083185,0.1,0.3106907308101654,3.141592653589793,-3.140516519546509,0.0,0.0,0.0,-0.0
3.1041719913482666,-23.2979679107666,-0.00046874998952262104,-0.39990234375,5.859374869032763e-05,-0.03195800632238388,0.020546874031424522,-3.0,0.0,-0.3199687499989523,0.0,-0.04200390428304673,-0.0,0.04539624999987427,0.0002633150143083185,0.1,0.3106907308101654,3.141592653589793,-3.140516519546509,0.0,0.0,0.0,-0.0
3.108818292617798,-23.2979679107666,-0.00046874998952262104,-0.39990234375,5.859374869032763e-05,-0.03195800632238388,0.020546874031424522,-3.0,0.0,-0.3199687499989523,0.0,-0.04200390428304673,-0.0,0.04539624999987427,0.0002633150143083185,0.1,0.3106907308101654,3.141592653589793,-3.140516519546509,0.0,0.0,0.0,-0.0
3.1135215759277344,-23.2979679107666,-0.00046874998952262104,-0.39990234375,5.859374869032763e-05,-0.03195800632238388,0.020546874031424522,-3.0,0.0,-0.3199687499989523,0.0,-0.04200390428304673,-0.0,0.04539624999987427,0.0002633150143083185,0.1,0.3106907308101654,3.141592653589793,-3.140516519546509,0.0,0.0,0.0,-0.0
3.118114948272705,-23.2979679107666,-0.00046874998952262104,-0.39990234375,5.859374869032763e-05,-0.03195800632238388,0.020546874031424522,-3.0,0.0,-0.3199687499989523,0.0,-0.04200390428304673,-0.0,0.04539624999987427,0.0002633150143083185,0.1,0.3106907308101654,3.141592653589793,-3.140516519546509,0.0,0.0,0.0,-0.0
3.122748613357544,-23.2979679107666,-0.00046874998952262104,-0.39990234375,5.859374869032763e-05,-0.03195800632238388,0.020546874031424522,-3.0,0.0,-0.3199687499989523,0.0,-0.04200390428304673,-0.0,0.04539624999987427,0.0002633150143083185,0.1,0.3106907308101654,3.141592653589793,-3.140516519546509,0.0,0.0,0.0,-0.0
3.127291679382324,-23.2979679107666,-0.00046874998952262104,-0.39990234375,5.859374869032763e-05,-0.03195800632238388,0.020546874031424522,-3.0,0.0,-0.3199687499989523,0.0,-0.04200390428304673,-0.0,0.04539624999987427,0.0002633150143083185,0.1,0.3106907308101654,3.141592653589793,-3.140516519546509,0.0,0.0,0.0,-0.0
3.131934881210327,-23.2979679107666,-0.00046874998952262104,-0.39990234375,5.859374869032763e-05,-0.03195800632238388,0.020546874031424522,-3.0,0.0,-0.3199687499989523,0.0,-0.04200390428304673,-0.0,0.04539624999987427,0.0002633150143083185,0.1,0.3106907308101654,3.141592653589793,-3.140516519546509,0.0,0.0,0.0,-0.0
3.1369566917419434,-23.2979679107666,-0.00046874998952262104,-0.39990234375,5.859374869032763e-05,-0.03195800632238388,0.020546874031424522,-3.0,0.0,-0.3199687499989523,0.0,-0.04200390428304673,-0.0,0.04539624999987427,0.0002633150143083185,0.1,0.3106907308101654,3.141592653589793,-3.140516519546509,0.0,0.0,0.0,-0.0
3.141883611679077,-23.2979679107666,-0.00046874998952262104,-0.39990234375,5.859374869032763e-05,-0.03195800632238388,0.020546874031424522,-3.0,0.0,-0.3199687499989523,0.0,-0.04200390428304673,-0.0,0.04539624999987427,0.0002633150143083185,0.1,0.3106907308101654,3.141592653589793,-3.140516519546509,0.0,0.0,0.0,-0.0
3.1467745304107666,-23.2979679107666,-0.00046874998952262104,-0.39990234375,5.859374869032763e-05,-0.03195800632238388,0.020546874031424522,-3.0,0.0,-0.3199687499989523,0.0,-0.04200390428304673,-0.0,0.04539624999987427,0.0002633150143083185,0.1,0.3106907308101654,3.141592653589793,-3.140516519546509,0.0,0.0,0.0,-0.0
3.151149034500122,-23.2979679107666,-0.00046874998952262104,-0.39990234375,5.859374869032763e-05,-0.03195800632238388,0.020546874031424522,-3.0,0.0,-0.3199687499989523,0.0,-0.04200390428304673,-0.0,0.04539624999987427,0.0002633150143083185,0.1,0.3106907308101654,3.141592653589793,-3.140516519546509,0.0,0.0,0.0,-0.0
3.155953884124756,-23.2979679107666,-0.00046874998952262104,-0.39990234375,5.859374869032763e-05,-0.03195800632238388,0.020546874031424522,-3.0,0.0,-0.3199687499989523,0.0,-0.04200390428304673,-0.0,0.04539624999987427,0.0002633150143083185,0.1,0.3106907308101654,3.141592653589793,-3.140516519546509,0.0,0.0,0.0,-0.0
3.1608293056488037,-23.2979679107666,-0.00046874998952262104,-0.39990234375,5.859374869032763e-05,-0.03195800632238388,0.020546874031424522,-3.0,0.0,-0.3199687499989523,0.0,-0.04200390428304673,-0.0,0.04539624999987427,0.0002633150143083185,0.1,0.3106907308101654,3.141592653589793,-3.140516519546509,0.0,0.0,0.0,-0.0
3.1655266284942627,-23.2979679107666,-0.00046874998952262104,-0.39990234375,5.859374869032763e-05,-0.03195800632238388,0.020546874031424522,-3.0,0.0,-0.3199687499989523,0.0,-0.04200390428304673,-0.0,0.04539624999987427,0.0002633150143083185,0.1,0.3106907308101654,3.141592653589793,-3.140516519546509,0.0,0.0,0.0,-0.0
3.1703898906707764,-23.2979679107666,-0.00046874998952262104,-0.39990234375,5.859374869032763e-05,-0.03195800632238388,0.020546874031424522,-3.0,0.0,-0.3199687499989523,0.0,-0.04200390428304673,-0.0,0.04539624999987427,0.0002633150143083185,0.1,0.3106907308101654,3.141592653589793,-3.140516519546509,0.0,0.0,0.0,-0.0
3.174807071685791,-23.2979679107666,-0.00046874998952262104,-0.39990234375,5.859374869032763e-05,-0.03195800632238388,0.020546874031424522,-3.0,0.0,-0.3199687499989523,0.0,-0.04200390428304673,-0.0,0.04539624999987427,0.0002633150143083185,0.1,0.3106907308101654,3.141592653589793,-3.140516519546509,0.0,0.0,0.0,-0.0
3.1794302463531494,-23.2979679107666,-0.00046874998952262104,-0.39990234375,5.859374869032763e-05,-0.03195800632238388,0.020546874031424522,-3.0,0.0,-0.3199687499989523,0.0,-0.04200390428304673,-0.0,0.04539624999987427,0.0002633150143083185,0.1,0.3106907308101654,3.141592653589793,-3.140516519546509,0.0,0.0,0.0,-0.0
3.1841306686401367,-23.2979679107666,-0.00046874998952262104,-0.39990234375,5.859374869032763e-05,-0.03195800632238388,0.020546874031424522,-3.0,0.0,-0.3199687499989523,0.0,-0.04200390428304673,-0.0,0.04539624999987427,0.0002633150143083185,0.1,0.3106907308101654,3.141592653589793,-3.140516519546509,0.0,0.0,0.0,-0.0
3.188858985900879,-23.2979679107666,-0.00046874998952262104,-0.39990234375,5.859374869032763e-05,-0.03195800632238388,0.020546874031424522,-3.0,0.0,-0.3199687499989523,0.0,-0.04200390428304673,-0.0,0.04539624999987427,0.0002633150143083185,0.1,0.3106907308101654,3.141592653589793,-3.140516519546509,0.0,0.0,0.0,-0.0
3.1938822269439697,-23.2979679107666,-0.00046874998952262104,-0.39990234375,5.859374869032763e-05,-0.03195800632238388,0.020546874031424522,-3.0,0.0,-0.3199687499989523,0.0,-0.04200390428304673,-0.0,0.04539624999987427,0.0002633150143083185,0.1,0.3106907308101654,3.141592653589793,-3.140516519546509,0.0,0.0,0.0,-0.0
3.1983752250671387,-23.2979679107666,-0.00046874998952262104,-0.39990234375,5.859374869032763e-05,-0.03195800632238388,0.020546874031424522,-3.0,0.0,-0.3199687499989523,0.0,-0.04200390428304673,-0.0,0.04539624999987427,0.0002633150143083185,0.1,0.3106907308101654,3.141592653589793,-3.140516519546509,0.0,0.0,0.0,-0.0
3.2028756141662598,-23.2979679107666,-0.00046874998952262104,-0.39990234375,5.859374869032763e-05,-0.03195800632238388,0.020546874031424522,-3.0,0.0,-0.3199687499989523,0.0,-0.04200390428304673,-0.0,0.04539624999987427,0.0002633150143083185,0.1,0.3106907308101654,3.141592653589793,-3.140516519546509,0.0,0.0,0.0,-0.0
3.2075700759887695,-23.2979679107666,-0.00046874998952262104,-0.39990234375,5.859374869032763e-05,-0.03195800632238388,0.020546874031424522,-3.0,0.0,-0.3199687499989523,0.0,-0.04200390428304673,-0.0,0.04539624999987427,0.0002633150143083185,0.1,0.3106907308101654,3.141592653589793,-3.140516519546509,0.0,0.0,0.0,-0.0
3.212289333343506,-23.2979679107666,-0.00046874998952262104,-0.39990234375,5.859374869032763e-05,-0.03195800632238388,0.020546874031424522,-3.0,0.0,-0.3199687499989523,0.0,-0.04200390428304673,-0.0,0.04539624999987427,0.0002633150143083185,0.1,0.3106907308101654,3.141592653589793,-3.140516519546509,0.0,0.0,0.0,-0.0
3.217024803161621,-23.2979679107666,-0.00046874998952262104,-0.39990234375,5.859374869032763e-05,-0.03195800632238388,0.020546874031424522,-3.0,0.0,-0.3199687499989523,0.0,-0.04200390428304673,-0.0,0.04539624999987427,0.0002633150143083185,0.1,0.3106907308101654,3.141592653589793,-3.140516519546509,0.0,0.0,0.0,-0.0
3.2218081951141357,-23.2979679107666,-0.00046874998952262104,-0.39990234375,5.859374869032763e-05,-0.03195800632238388,0.020546874031424522,-3.0,0.0,-0.3199687499989523,0.0,-0.04200390428304673,-0.0,0.04539624999987427,0.0002633150143083185,0.1,0.3106907308101654,3.141592653589793,-3.140516519546509,0.0,0.0,0.0,-0.0
3.2265946865081787,-23.2979679107666,-0.00046874998952262104,-0.39990234375,5.859374869032763e-05,-0.03195800632238388,0.020546874031424522,-3.0,0.0,-0.3199687499989523,0.0,-0.04200390428304673,-0.0,0.04539624999987427,0.0002633150143083185,0.1,0.3106907308101654,3.141592653589793,-3.140516519546509,0.0,0.0,0.0,-0.0
3.2314882278442383,-23.2979679107666,-0.00046874998952262104,-0.39990234375,5.859374869032763e-05,-0.03195800632238388,0.020546874031424522,-3.0,0.0,-0.3199687499989523,0.0,-0.04200390428304673,-0.0,0.04539624999987427,0.0002633150143083185,0.1,0.3106907308101654,3.141592653589793,-3.140516519546509,0.0,0.0,0.0,-0.0
3.236375570297241,-23.2979679107666,-0.00046874998952262104,-0.39990234375,5.859374869032763e-05,-0.03195800632238388,0.020546874031424522,-3.0,0.0,-0.3199687499989523,0.0,-0.04200390428304673,-0.0,0.04539624999987427,0.0002633150143083185,0.1,0.3106907308101654,3.141592653589793,-3.140516519546509,0.0,0.0,0.0,-0.0
3.241227626800537,-23.2979679107666,-0.00046874998952262104,-0.39990234375,5.859374869032763e-05,-0.03195800632238388,0.020546874031424522,-3.0,0.0,-0.3199687499989523,0.0,-0.04200390428304673,-0.0,0.04539624999987427,0.0002633150143083185,0.1,0.3106907308101654,3.141592653589793,-3.140516519546509,0.0,0.0,0.0,-0.0
3.2456703186035156,-23.2979679107666,-0.00046874998952262104,-0.39990234375,5.859374869032763e-05,-0.03195800632238388,0.020546874031424522,-3.0,0.0,-0.3199687499989523,0.0,-0.04200390428304673,-0.0,0.04539624999987427,0.0002633150143083185,0.1,0.3106907308101654,3.141592653589793,-3.140516519546509,0.0,0.0,0.0,-0.0
3.250061273574829,-23.2979679107666,-0.00046874998952262104,-0.39990234375,5.859374869032763e-05,-0.03195800632238388,0.020546874031424522,-3.0,0.0,-0.3199687499989523,0.0,-0.04200390428304673,-0.0,0.04539624999987427,0.0002633150143083185,0.1,0.3106907308101654,3.141592653589793,-3.140516519546509,0.0,0.0,0.0,-0.0
3.2548062801361084,-23.2979679107666,-0.00046874998952262104,-0.39990234375,5.859374869032763e-05,-0.03195800632238388,0.020546874031424522,-3.0,0.0,-0.3199687499989523,0.0,-0.04200390428304673,-0.0,0.04539624999987427,0.0002633150143083185,0.1,0.3106907308101654,3.141592653589793,-3.140516519546509,0.0,0.0,0.0,-0.0
3.2595486640930176,-23.2979679107666,-0.00046874998952262104,-0.39990234375,5.859374869032763e-05,-0.03195800632238388,0.020546874031424522,-3.0,0.0,-0.3199687499989523,0.0,-0.04200390428304673,-0.0,0.04539624999987427,0.0002633150143083185,0.1,0.3106907308101654,3.141592653589793,-3.140516519546509,0.0,0.0,0.0,-0.0
3.2642672061920166,-23.2979679107666,-0.00046874998952262104,-0.39990234375,5.859374869032763e-05,-0.03195800632238388,0.020546874031424522,-3.0,0.0,-0.3199687499989523,0.0,-0.04200390428304673,-0.0,0.04539624999987427,0.0002633150143083185,0.1,0.3106907308101654,3.141592653589793,-3.140516519546509,0.0,0.0,0.0,-0.0
3.2690885066986084,-23.2979679107666,-0.00046874998952262104,-0.39990234375,5.859374869032763e-05,-0.03195800632238388,0.020546874031424522,-3.0,0.0,-0.3199687499989523,0.0,-0.04200390428304673,-0.0,0.04539624999987427,0.0002633150143083185,0.1,0.3106907308101654,3.141592653589793,-3.140516519546509,0.0,0.0,0.0,-0.0
3.273580312728882,-23.2979679107666,-0.00046874998952262104,-0.39990234375,5.859374869032763e-05,-0.03195800632238388,0.020546874031424522,-3.0,0.0,-0.3199687499989523,0.0,-0.04200390428304673,-0.0,0.04539624999987427,0.0002633150143083185,0.1,0.3106907308101654,3.141592653589793,-3.140516519546509,0.0,0.0,0.0,-0.0
3.2783665657043457,-23.2979679107666,-0.00046874998952262104,-0.39990234375,5.859374869032763e-05,-0.03195800632238388,0.020546874031424522,-3.0,0.0,-0.3199687499989523,0.0,-0.04200390428304673,-0.0,0.04539624999987427,0.0002633150143083185,0.1,0.3106907308101654,3.141592653589793,-3.140516519546509,0.0,0.0,0.0,-0.0
3.2831108570098877,-23.2979679107666,-0.00046874998952262104,-0.39990234375,5.859374869032763e-05,-0.03195800632238388,0.020546874031424522,-3.0,0.0,-0.3199687499989523,0.0,-0.04200390428304673,-0.0,0.04539624999987427,0.0002633150143083185,0.1,0.3106907308101654,3.141592653589793,-3.140516519546509,0.0,0.0,0.0,-0.0
3.2877981662750244,-23.2979679107666,-0.00046874998952262104,-0.39990234375,5.859374869032763e-05,-0.03195800632238388,0.020546874031424522,-3.0,0.0,-0.3199687499989523,0.0,-0.04200390428304673,-0.0,0.04539624999987427,0.0002633150143083185,0.1,0.3106907308101654,3.141592653589793,-3.140516519546509,0.0,0.0,0.0,-0.0
3.2924115657806396,-23.2979679107666,-0.00046874998952262104,-0.39990234375,5.859374869032763e-05,-0.03195800632238388,0.020546874031424522,-3.0,0.0,-0.3199687499989523,0.0,-0.04200390428304673,-0.0,0.04539624999987427,0.0002633150143083185,0.1,0.3106907308101654,3.141592653589793,-3.140516519546509,0.0,0.0,0.0,-0.0
3.2971367835998535,-23.2979679107666,-0.00046874998952262104,-0.39990234375,5.859374869032763e-05,-0.03195800632238388,0.020546874031424522,-3.0,0.0,-0.3199687499989523,0.0,-0.04200390428304673,-0.0,0.04539624999987427,0.0002633150143083185,0.1,0.3106907308101654,3.141592653589793,-3.140516519546509,0.0,0.0,0.0,-0.0
3.301511526107788,-23.2979679107666,-0.00046874998952262104,-0.39990234375,5.859374869032763e-05,-0.03195800632238388,0.020546874031424522,-3.0,0.0,-0.3199687499989523,0.0,-0.04200390428304673,-0.0,0.04539624999987427,0.0002633150143083185,0.1,0.3106907308101654,3.141592653589793,-3.140516519546509,0.0,0.0,0.0,-0.0
3.3063502311706543,-23.2979679107666,-0.00046874998952262104,-0.39990234375,5.859374869032763e-05,-0.03195800632238388,0.020546874031424522,-3.0,0.0,-0.3199687499989523,0.0,-0.04200390428304673,-0.0,0.04539624999987427,0.0002633150143083185,0.1,0.3106907308101654,3.141592653589793,-3.140516519546509,0.0,0.0,0.0,-0.0
3.3112125396728516,-23.2979679107666,-0.00046874998952262104,-0.39990234375,5.859374869032763e-05,-0.03195800632238388,0.020546874031424522,-3.0,0.0,-0.3199687499989523,0.0,-0.04200390428304673,-0.0,0.04539624999987427,0.0002633150143083185,0.1,0.3106907308101654,3.141592653589793,-3.140516519546509,0.0,0.0,0.0,-0.0
3.3158481121063232,-23.2979679107666,-0.00046874998952262104,-0.39990234375,5.859374869032763e-05,-0.03195800632238388,0.020546874031424522,-3.0,0.0,-0.3199687499989523,0.0,-0.04200390428304673,-0.0,0.04539624999987427,0.0002633150143083185,0.1,0.3106907308101654,3.141592653589793,-3.140516519546509,0.0,0.0,0.0,-0.0
3.320573568344116,-23.2979679107666,-0.00046874998952262104,-0.39990234375,5.859374869032763e-05,-0.03195800632238388,0.020546874031424522,-3.0,0.0,-0.3199687499989523,0.0,-0.04200390428304673,-0.0,0.04539624999987427,0.0002633150143083185,0.1,0.3106907308101654,3.141592653589793,-3.140516519546509,0.0,0.0,0.0,-0.0
3.325162649154663,-23.2979679107666,-0.00046874998952262104,-0.39990234375,5.859374869032763e-05,-0.03195800632238388,0.020546874031424522,-3.0,0.0,-0.3199687499989523,0.0,-0.04200390428304673,-0.0,0.04539624999987427,0.0002633150143083185,0.1,0.3106907308101654,3.141592653589793,-3.140516519546509,0.0,0.0,0.0,-0.0
3.3299920558929443,-23.2979679107666,-0.00046874998952262104,-0.39990234375,5.859374869032763e-05,-0.03195800632238388,0.020546874031424522,-3.0,0.0,-0.3199687499989523,0.0,-0.04200390428304673,-0.0,0.04539624999987427,0.0002633150143083185,0.1,0.3106907308101654,3.141592653589793,-3.140516519546509,0.0,0.0,0.0,-0.0
3.334916591644287,-23.2979679107666,-0.00046874998952262104,-0.39990234375,5.859374869032763e-05,-0.03195800632238388,0.020546874031424522,-3.0,0.0,-0.3199687499989523,0.0,-0.04200390428304673,-0.0,0.04539624999987427,0.0002633150143083185,0.1,0.3106907308101654,3.141592653589793,-3.140516519546509,0.0,0.0,0.0,-0.0
3.3395023345947266,-23.2979679107666,-0.00046874998952262104,-0.39990234375,5.859374869032763e-05,-0.03195800632238388,0.020546874031424522,-3.0,0.0,-0.3199687499989523,0.0,-0.04200390428304673,-0.0,0.04539624999987427,0.0002633150143083185,0.1,0.3106907308101654,3.141592653589793,-3.140516519546509,0.0,0.0,0.0,-0.0
3.3441362380981445,-23.2979679107666,-0.00046874998952262104,-0.39990234375,5.859374869032763e-05,-0.03195800632238388,0.020546874031424522,-3.0,0.0,-0.3199687499989523,0.0,-0.04200390428304673,-0.0,0.04539624999987427,0.0002633150143083185,0.1,0.3106907308101654,3.141592653589793,-3.140516519546509,0.0,0.0,0.0,-0.0
3.3489410877227783,-23.2979679107666,-0.00046874998952262104,-0.39990234375,5.859374869032763e-05,-0.03195800632238388,0.020546874031424522,-3.0,0.0,-0.3199687499989523,0.0,-0.04200390428304673,-0.0,0.04539624999987427,0.0002633150143083185,0.1,0.3106907308101654,3.141592653589793,-3.140516519546509,0.0,0.0,0.0,-0.0
3.3537120819091797,-23.2979679107666,-0.00046874998952262104,-0.39990234375,5.859374869032763e-05,-0.03195800632238388,0.020546874031424522,-3.0,0.0,-0.3199687499989523,0.0,-0.04200390428304673,-0.0,0.04539624999987427,0.0002633150143083185,0.1,0.3106907308101654,3.141592653589793,-3.140516519546509,0.0,0.0,0.0,-0.0
3.3583595752716064,-23.2979679107666,-0.00046874998952262104,-0.39990234375,5.859374869032763e-05,-0.03195800632238388,0.020546874031424522,-3.0,0.0,-0.3199687499989523,0.0,-0.04200390428304673,-0.0,0.04539624999987427,0.0002633150143083185,0.1,0.3106907308101654,3.141592653589793,-3.140516519546509,0.0,0.0,0.0,-0.0
3.3630118370056152,-23.2979679107666,-0.00046874998952262104,-0.39990234375,5.859374869032763e-05,-0.03195800632238388,0.020546874031424522,-3.0,0.0,-0.3199687499989523,0.0,-0.04200390428304673,-0.0,0.04539624999987427,0.0002633150143083185,0.1,0.3106907308101654,3.141592653589793,-3.140516519546509,0.0,0.0,0.0,-0.0
3.3675265312194824,-23.2979679107666,-0.00046874998952262104,-0.39990234375,5.859374869032763e-05,-0.03195800632238388,0.020546874031424522,-3.0,0.0,-0.3199687499989523,0.0,-0.04200390428304673,-0.0,0.04539624999987427,0.0002633150143083185,0.1,0.3106907308101654,3.141592653589793,-3.140516519546509,0.0,0.0,0.0,-0.0
3.372239589691162,-23.2979679107666,-0.00046874998952262104,-0.39990234375,5.859374869032763e-05,-0.03195800632238388,0.020546874031424522,-3.0,0.0,-0.3199687499989523,0.0,-0.04200390428304673,-0.0,0.04539624999987427,0.0002633150143083185,0.1,0.3106907308101654,3.141592653589793,-3.140516519546509,0.0,0.0,0.0,-0.0
3.3770196437835693,-23.2979679107666,-0.00046874998952262104,-0.39990234375,5.859374869032763e-05,-0.03195800632238388,0.020546874031424522,-3.0,0.0,-0.3199687499989523,0.0,-0.04200390428304673,-0.0,0.04539624999987427,0.0002633150143083185,0.1,0.3106907308101654,3.141592653589793,-3.140516519546509,0.0,0.0,0.0,-0.0
3.381741523742676,-23.2979679107666,-0.00046874998952262104,-0.39990234375,5.859374869032763e-05,-0.03195800632238388,0.020546874031424522,-3.0,0.0,-0.3199687499989523,0.0,-0.04200390428304673,-0.0,0.04539624999987427,0.0002633150143083185,0.1,0.3106907308101654,3.141592653589793,-3.140516519546509,0.0,0.0,0.0,-0.0
3.3863375186920166,-23.2979679107666,-0.00046874998952262104,-0.39990234375,5.859374869032763e-05,-0.03195800632238388,0.020546874031424522,-3.0,0.0,-0.3199687499989523,0.0,-0.04200390428304673,-0.0,0.04539624999987427,0.0002633150143083185,0.1,0.3106907308101654,3.141592653589793,-3.140516519546509,0.0,0.0,0.0,-0.0
3.391223907470703,-23.2979679107666,-0.00046874998952262104,-0.39990234375,5.859374869032763e-05,-0.03195800632238388,0.020546874031424522,-3.0,0.0,-0.3199687499989523,0.0,-0.04200390428304673,-0.0,0.04539624999987427,0.0002633150143083185,0.1,0.3106907308101654,3.141592653589793,-3.140516519546509,0.0,0.0,0.0,-0.0
3.3957736492156982,-23.2979679107666,-0.00046874998952262104,-0.39990234375,5.859374869032763e-05,-0.03195800632238388,0.020546874031424522,-3.0,0.0,-0.3199687499989523,0.0,-0.04200390428304673,-0.0,0.04539624999987427,0.0002633150143083185,0.1,0.3106907308101654,3.141592653589793,-3.140516519546509,0.0,0.0,0.0,-0.0
3.400514602661133,-23.2979679107666,-0.00046874998952262104,-0.39990234375,5.859374869032763e-05,-0.03195800632238388,0.020546874031424522,-3.0,0.0,-0.3199687499989523,0.0,-0.04200390428304673,-0.0,0.04539624999987427,0.0002633150143083185,0.1,0.3106907308101654,3.141592653589793,-3.140516519546509,0.0,0.0,0.0,-0.0
3.405128002166748,-23.2979679107666,-0.00046874998952262104,-0.39990234375,5.859374869032763e-05,-0.03195800632238388,0.020546874031424522,-3.0,0.0,-0.3199687499989523,0.0,-0.04200390428304673,-0.0,0.04539624999987427,0.0002633150143083185,0.1,0.3106907308101654,3.141592653589793,-3.140516519546509,0.0,0.0,0.0,-0.0
3.4100289344787598,-23.2979679107666,-0.00046874998952262104,-0.39990234375,5.859374869032763e-05,-0.03195800632238388,0.020546874031424522,-3.0,0.0,-0.3199687499989523,0.0,-0.04200390428304673,-0.0,0.04539624999987427,0.0002633150143083185,0.1,0.3106907308101654,3.141592653589793,-3.140516519546509,0.0,0.0,0.0,-0.0
3.4145443439483643,-23.2979679107666,-0.00046874998952262104,-0.39990234375,5.859374869032763e-05,-0.03195800632238388,0.020546874031424522,-3.0,0.0,-0.3199687499989523,0.0,-0.04200390428304673,-0.0,0.04539624999987427,0.0002633150143083185,0.1,0.3106907308101654,3.141592653589793,-3.140516519546509,0.0,0.0,0.0,-0.0
3.435284376144409,-23.2979679107666,-0.00046874998952262104,-0.39990234375,5.859374869032763e-05,-0.03195800632238388,0.020546874031424522,-3.0,0.0,-0.3199687499989523,0.0,-0.04200390428304673,-0.0,0.04539624999987427,0.0002633150143083185,0.1,0.3106907308101654,3.141592653589793,-3.140516519546509,0.0,0.0,0.0,-0.0
3.439985513687134,-23.2979679107666,-0.00046874998952262104,-0.39990234375,5.859374869032763e-05,-0.03195800632238388,0.020546874031424522,-3.0,0.0,-0.3199687499989523,0.0,-0.04200390428304673,-0.0,0.04539624999987427,0.0002633150143083185,0.1,0.3106907308101654,3.141592653589793,-3.140516519546509,0.0,0.0,0.0,-0.0
3.444396495819092,-23.2979679107666,-0.00046874998952262104,-0.39990234375,5.859374869032763e-05,-0.03195800632238388,0.020546874031424522,-3.0,0.0,-0.3199687499989523,0.0,-0.04200390428304673,-0.0,0.04539624999987427,0.0002633150143083185,0.1,0.3106907308101654,3.141592653589793,-3.140516519546509,0.0,0.0,0.0,-0.0
3.449159860610962,-23.2979679107666,-0.00046874998952262104,-0.39990234375,5.859374869032763e-05,-0.03195800632238388,0.020546874031424522,-3.0,0.0,-0.3199687499989523,0.0,-0.04200390428304673,-0.0,0.04539624999987427,0.0002633150143083185,0.1,0.3106907308101654,3.141592653589793,-3.140516519546509,0.0,0.0,0.0,-0.0
3.4540088176727295,-23.2979679107666,-0.00046874998952262104,-0.39990234375,5.859374869032763e-05,-0.03195800632238388,0.020546874031424522,-3.0,0.0,-0.3199687499989523,0.0,-0.04200390428304673,-0.0,0.04539624999987427,0.0002633150143083185,0.1,0.3106907308101654,3.141592653589793,-3.140516519546509,0.0,0.0,0.0,-0.0
3.4586799144744873,-23.2979679107666,-0.00046874998952262104,-0.39990234375,5.859374869032763e-05,-0.03195800632238388,0.020546874031424522,-3.0,0.0,-0.3199687499989523,0.0,-0.04200390428304673,-0.0,0.04539624999987427,0.0002633150143083185,0.1,0.3106907308101654,3.141592653589793,-3.140516519546509,0.0,0.0,0.0,-0.0
3.4630563259124756,-23.2979679107666,-0.00046874998952262104,-0.39990234375,5.859374869032763e-05,-0.03195800632238388,0.020546874031424522,-3.0,0.0,-0.3199687499989523,0.0,-0.04200390428304673,-0.0,0.04539624999987427,0.0002633150143083185,0.1,0.3106907308101654,3.141592653589793,-3.140516519546509,0.0,0.0,0.0,-0.0
3.4679577350616455,-23.2979679107666,-0.00046874998952262104,-0.39990234375,5.859374869032763e-05,-0.03195800632238388,0.020546874031424522,-3.0,0.0,-0.3199687499989523,0.0,-0.04200390428304673,-0.0,0.04539624999987427,0.0002633150143083185,0.1,0.3106907308101654,3.141592653589793,-3.140516519546509,0.0,0.0,0.0,-0.0
3.472773790359497,-23.2979679107666,-0.00046874998952262104,-0.39990234375,5.859374869032763e-05,-0.03195800632238388,0.020546874031424522,-3.0,0.0,-0.3199687499989523,0.0,-0.04200390428304673,-0.0,0.04539624999987427,0.0002633150143083185,0.1,0.3106907308101654,3.141592653589793,-3.140516519546509,0.0,0.0,0.0,-0.0
3.4773778915405273,-23.2979679107666,-0.00046874998952262104,-0.39990234375,5.859374869032763e-05,-0.03195800632238388,0.020546874031424522,-3.0,0.0,-0.3199687499989523,0.0,-0.04200390428304673,-0.0,0.04539624999987427,0.0002633150143083185,0.1,0.3106907308101654,3.141592653589793,-3.140516519546509,0.0,0.0,0.0,-0.0
3.482020854949951,-23.2979679107666,-0.00046874998952262104,-0.39990234375,5.859374869032763e-05,-0.03195800632238388,0.020546874031424522,-3.0,0.0,-0.3199687499989523,0.0,-0.04200390428304673,-0.0,0.04539624999987427,0.0002633150143083185,0.1,0.3106907308101654,3.141592653589793,-3.140516519546509,0.0,0.0,0.0,-0.0
3.486785411834717,-23.2979679107666,-0.00046874998952262104,-0.39990234375,5.859374869032763e-05,-0.03195800632238388,0.020546874031424522,-3.0,0.0,-0.3199687499989523,0.0,-0.04200390428304673,-0.0,0.04539624999987427,0.0002633150143083185,0.1,0.3106907308101654,3.141592653589793,-3.140516519546509,0.0,0.0,0.0,-0.0
3.4915857315063477,-23.2979679107666,-0.00046874998952262104,-0.39990234375,5.859374869032763e-05,-0.03195800632238388,0.020546874031424522,-3.0,0.0,-0.3199687499989523,0.0,-0.04200390428304673,-0.0,0.04539624999987427,0.0002633150143083185,0.1,0.3106907308101654,3.141592653589793,-3.140516519546509,0.0,0.0,0.0,-0.0
3.4965450763702393,-23.2979679107666,-0.00046874998952262104,-0.39990234375,5.859374869032763e-05,-0.03195800632238388,0.020546874031424522,-3.0,0.0,-0.3199687499989523,0.0,-0.04200390428304673,-0.0,0.04539624999987427,0.0002633150143083185,0.1,0.3106907308101654,3.141592653589793,-3.140516519546509,0.0,0.0,0.0,-0.0
3.501096725463867,-23.2979679107666,-0.00046874998952262104,-0.39990234375,5.859374869032763e-05,-0.03195800632238388,0.020546874031424522,-3.0,0.0,-0.3199687499989523,0.0,-0.04200390428304673,-0.0,0.04539624999987427,0.0002633150143083185,0.1,0.3106907308101654,3.141592653589793,-3.140516519546509,0.0,0.0,0.0,-0.0
3.5056862831115723,-23.2979679107666,-0.00046874998952262104,-0.39990234375,5.859374869032763e-05,-0.03195800632238388,0.020546874031424522,-3.0,0.0,-0.3199687499989523,0.0,-0.04200390428304673,-0.0,0.04539624999987427,0.0002633150143083185,0.1,0.3106907308101654,3.141592653589793,-3.140516519546509,0.0,0.0,0.0,-0.0
3.5106210708618164,-23.2979679107666,-0.00046874998952262104,-0.39990234375,5.859374869032763e-05,-0.03195800632238388,0.020546874031424522,-3.0,0.0,-0.3199687499989523,0.0,-0.04200390428304673,-0.0,0.04539624999987427,0.0002633150143083185,0.1,0.3106907308101654,3.141592653589793,-3.140516519546509,0.0,0.0,0.0,-0.0
3.5151185989379883,-23.2979679107666,-0.00046874998952262104,-0.39990234375,5.859374869032763e-05,-0.03195800632238388,0.020546874031424522,-3.0,0.0,-0.3199687499989523,0.0,-0.04200390428304673,-0.0,0.04539624999987427,0.0002633150143083185,0.1,0.3106907308101654,3.141592653589793,-3.140516519546509,0.0,0.0,0.0,-0.0
3.519641160964966,-23.2979679107666,-0.00046874998952262104,-0.39990234375,5.859374869032763e-05,-0.03195800632238388,0.020546874031424522,-3.0,0.0,-0.3199687499989523,0.0,-0.04200390428304673,-0.0,0.04539624999987427,0.0002633150143083185,0.1,0.3106907308101654,3.141592653589793,-3.140516519546509,0.0,0.0,0.0,-0.0
3.524425983428955,-23.2979679107666,-0.00046874998952262104,-0.39990234375,5.859374869032763e-05,-0.03195800632238388,0.020546874031424522,-3.0,0.0,-0.3199687499989523,0.0,-0.04200390428304673,-0.0,0.04539624999987427,0.0002633150143083185,0.1,0.3106907308101654,3.141592653589793,-3.140516519546509,0.0,0.0,0.0,-0.0
3.528823137283325,-23.2979679107666,-0.00046874998952262104,-0.39990234375,5.859374869032763e-05,-0.03195800632238388,0.020546874031424522,-3.0,0.0,-0.3199687499989523,0.0,-0.04200390428304673,-0.0,0.04539624999987427,0.0002633150143083185,0.1,0.3106907308101654,3.141592653589793,-3.140516519546509,0.0,0.0,0.0,-0.0
3.5333058834075928,-23.2979679107666,-0.00046874998952262104,-0.39990234375,5.859374869032763e-05,-0.03195800632238388,0.020546874031424522,-3.0,0.0,-0.3199687499989523,0.0,-0.04200390428304673,-0.0,0.04539624999987427,0.0002633150143083185,0.1,0.3106907308101654,3.141592653589793,-3.140516519546509,0.0,0.0,0.0,-0.0
3.537945032119751,-23.2979679107666,-0.00046874998952262104,-0.39990234375,5.859374869032763e-05,-0.03195800632238388,0.020546874031424522,-3.0,0.0,-0.3199687499989523,0.0,-0.04200390428304673,-0.0,0.04539624999987427,0.0002633150143083185,0.1,0.3106907308101654,3.141592653589793,-3.140516519546509,0.0,0.0,0.0,-0.0
3.5423457622528076,-23.2979679107666,-0.00046874998952262104,-0.39990234375,5.859374869032763e-05,-0.03195800632238388,0.020546874031424522,-3.0,0.0,-0.3199687499989523,0.0,-0.04200390428304673,-0.0,0.04539624999987427,0.0002633150143083185,0.1,0.3106907308101654,3.141592653589793,-3.140516519546509,0.0,0.0,0.0,-0.0
3.5471270084381104,-23.2979679107666,-0.00046874998952262104,-0.39990234375,5.859374869032763e-05,-0.03195800632238388,0.020546874031424522,-3.0,0.0,-0.3199687499989523,0.0,-0.04200390428304673,-0.0,0.04539624999987427,0.0002633150143083185,0.1,0.3106907308101654,3.141592653589793,-3.140516519546509,0.0,0.0,0.0,-0.0
3.5518109798431396,-23.2979679107666,-0.00046874998952262104,-0.39990234375,5.859374869032763e-05,-0.03195800632238388,0.020546874031424522,-3.0,0.0,-0.3199687499989523,0.0,-0.04200390428304673,-0.0,0.04539624999987427,0.0002633150143083185,0.1,0.3106907308101654,3.141592653589793,-3.140516519546509,0.0,0.0,0.0,-0.0
3.556421995162964,-23.2979679107666,-0.00046874998952262104,-0.39990234375,5.859374869032763e-05,-0.03195800632238388,0.020546874031424522,-3.0,0.0,-0.3199687499989523,0.0,-0.04200390428304673,-0.0,0.04539624999987427,0.0002633150143083185,0.1,0.3106907308101654,3.141592653589793,-3.140516519546509,0.0,0.0,0.0,-0.0
3.561216354370117,-23.2979679107666,-0.00046874998952262104,-0.39990234375,5.859374869032763e-05,-0.03195800632238388,0.020546874031424522,-3.0,0.0,-0.3199687499989523,0.0,-0.04200390428304673,-0.0,0.04539624999987427,0.0002633150143083185,0.1,0.3106907308101654,3.141592653589793,-3.140516519546509,0.0,0.0,0.0,-0.0
3.5658228397369385,-23.2979679107666,-0.00046874998952262104,-0.39990234375,5.859374869032763e-05,-0.03195800632238388,0.020546874031424522,-3.0,0.0,-0.3199687499989523,0.0,-0.04200390428304673,-0.0,0.04539624999987427,0.0002633150143083185,0.1,0.3106907308101654,3.141592653589793,-3.140516519546509,0.0,0.0,0.0,-0.0
3.570704698562622,-23.2979679107666,-0.00046874998952262104,-0.39990234375,5.859374869032763e-05,-0.03195800632238388,0.020546874031424522,-3.0,0.0,-0.3199687499989523,0.0,-0.04200390428304673,-0.0,0.04539624999987427,0.0002633150143083185,0.1,0.3106907308101654,3.141592653589793,-3.140516519546509,0.0,0.0,0.0,-0.0
3.5754456520080566,-23.2979679107666,-0.00046874998952262104,-0.39990234375,5.859374869032763e-05,-0.03195800632238388,0.020546874031424522,-3.0,0.0,-0.3199687499989523,0.0,-0.04200390428304673,-0.0,0.04539624999987427,0.0002633150143083185,0.1,0.3106907308101654,3.141592653589793,-3.140516519546509,0.0,0.0,0.0,-0.0
3.5801477432250977,-23.2979679107666,-0.00046874998952262104,-0.39990234375,5.859374869032763e-05,-0.03195800632238388,0.020546874031424522,-3.0,0.0,-0.3199687499989523,0.0,-0.04200390428304673,-0.0,0.04539624999987427,0.0002633150143083185,0.1,0.3106907308101654,3.141592653589793,-3.140516519546509,0.0,0.0,0.0,-0.0
3.5849132537841797,-23.2979679107666,-0.00046874998952262104,-0.39990234375,5.859374869032763e-05,-0.03195800632238388,0.020546874031424522,-3.0,0.0,-0.3199687499989523,0.0,-0.04200390428304673,-0.0,0.04539624999987427,0.0002633150143083185,0.1,0.3106907308101654,3.141592653589793,-3.140516519546509,0.0,0.0,0.0,-0.0
3.5897376537323,-23.2979679107666,-0.00046874998952262104,-0.39990234375,5.859374869032763e-05,-0.03195800632238388,0.020546874031424522,-3.0,0.0,-0.3199687499989523,0.0,-0.04200390428304673,-0.0,0.04539624999987427,0.0002633150143083185,0.1,0.3106907308101654,3.141592653589793,-3.140516519546509,0.0,0.0,0.0,-0.0
3.5944344997406006,-23.2979679107666,-0.00046874998952262104,-0.39990234375,5.859374869032763e-05,-0.03195800632238388,0.020546874031424522,-3.0,0.0,-0.3199687499989523,0.0,-0.04200390428304673,-0.0,0.04539624999987427,0.0002633150143083185,0.1,0.3106907308101654,3.141592653589793,-3.140516519546509,0.0,0.0,0.0,-0.0
3.5992422103881836,-23.2979679107666,-0.00046874998952262104,-0.39990234375,5.859374869032763e-05,-0.03195800632238388,0.020546874031424522,-3.0,0.0,-0.3199687499989523,0.0,-0.04200390428304673,-0.0,0.04539624999987427,0.0002633150143083185,0.1,0.3106907308101654,3.141592653589793,-3.140516519546509,0.0,0.0,0.0,-0.0
3.603611946105957,-23.2979679107666,-0.00046874998952262104,-0.39990234375,5.859374869032763e-05,-0.03195800632238388,0.020546874031424522,-3.0,0.0,-0.3199687499989523,0.0,-0.04200390428304673,-0.0,0.04539624999987427,0.0002633150143083185,0.1,0.3106907308101654,3.141592653589793,-3.140516519546509,0.0,0.0,0.0,-0.0
3.608444929122925,-23.2979679107666,-0.00046874998952262104,-0.39990234375,5.859374869032763e-05,-0.03195800632238388,0.020546874031424522,-3.0,0.0,-0.3199687499989523,0.0,-0.04200390428304673,-0.0,0.04539624999987427,0.0002633150143083185,0.1,0.3106907308101654,3.141592653589793,-3.140516519546509,0.0,0.0,0.0,-0.0
3.613089084625244,-23.2979679107666,-0.00046874998952262104,-0.39990234375,5.859374869032763e-05,-0.03195800632238388,0.020546874031424522,-3.0,0.0,-0.3199687499989523,0.0,-0.04200390428304673,-0.0,0.04539624999987427,0.0002633150143083185,0.1,0.3106907308101654,3.141592653589793,-3.140516519546509,0.0,0.0,0.0,-0.0
3.6175315380096436,-23.2979679107666,-0.00046874998952262104,-0.39990234375,5.859374869032763e-05,-0.03195800632238388,0.020546874031424522,-3.0,0.0,-0.3199687499989523,0.0,-0.04200390428304673,-0.0,0.04539624999987427,0.0002633150143083185,0.1,0.3106907308101654,3.141592653589793,-3.140516519546509,0.0,0.0,0.0,-0.0
3.6222100257873535,-23.2979679107666,-0.00046874998952262104,-0.39990234375,5.859374869032763e-05,-0.03195800632238388,0.020546874031424522,-3.0,0.0,-0.3199687499989523,0.0,-0.04200390428304673,-0.0,0.04539624999987427,0.0002633150143083185,0.1,0.3106907308101654,3.141592653589793,-3.140516519546509,0.0,0.0,0.0,-0.0
3.626940965652466,-23.2979679107666,-0.00046874998952262104,-0.39990234375,5.859374869032763e-05,-0.03195800632238388,0.020546874031424522,-3.0,0.0,-0.3199687499989523,0.0,-0.04200390428304673,-0.0,0.04539624999987427,0.0002633150143083185,0.1,0.3106907308101654,3.141592653589793,-3.140516519546509,0.0,0.0,0.0,-0.0
3.631614923477173,-23.2979679107666,-0.00046874998952262104,-0.39990234375,5.859374869032763e-05,-0.03195800632238388,0.020546874031424522,-3.0,0.0,-0.3199687499989523,0.0,-0.04200390428304673,-0.0,0.04539624999987427,0.0002633150143083185,0.1,0.3106907308101654,3.141592653589793,-3.140516519546509,0.0,0.0,0.0,-0.0
3.636695623397827,-23.2979679107666,-0.00046874998952262104,-0.39990234375,5.859374869032763e-05,-0.03195800632238388,0.020546874031424522,-3.0,0.0,-0.3199687499989523,0.0,-0.04200390428304673,-0.0,0.04539624999987427,0.0002633150143083185,0.1,0.3106907308101654,3.141592653589793,-3.140516519546509,0.0,0.0,0.0,-0.0
3.6415350437164307,-23.2979679107666,-0.00046874998952262104,-0.39990234375,5.859374869032763e-05,-0.03195800632238388,0.020546874031424522,-3.0,0.0,-0.3199687499989523,0.0,-0.04200390428304673,-0.0,0.04539624999987427,0.0002633150143083185,0.1,0.3106907308101654,3.141592653589793,-3.140516519546509,0.0,0.0,0.0,-0.0
3.6461713314056396,-23.2979679107666,-0.00046874998952262104,-0.39990234375,5.859374869032763e-05,-0.03195800632238388,0.020546874031424522,-3.0,0.0,-0.3199687499989523,0.0,-0.04200390428304673,-0.0,0.04539624999987427,0.0002633150143083185,0.1,0.3106907308101654,3.141592653589793,-3.140516519546509,0.0,0.0,0.0,-0.0
3.650690793991089,-23.2979679107666,-0.00046874998952262104,-0.39990234375,5.859374869032763e-05,-0.03195800632238388,0.020546874031424522,-3.0,0.0,-0.3199687499989523,0.0,-0.04200390428304673,-0.0,0.04539624999987427,0.0002633150143083185,0.1,0.3106907308101654,3.141592653589793,-3.140516519546509,0.0,0.0,0.0,-0.0
3.655301570892334,-23.2979679107666,-0.00046874998952262104,-0.39990234375,5.859374869032763e-05,-0.03195800632238388,0.020546874031424522,-3.0,0.0,-0.3199687499989523,0.0,-0.04200390428304673,-0.0,0.04539624999987427,0.0002633150143083185,0.1,0.3106907308101654,3.141592653589793,-3.140516519546509,0.0,0.0,0.0,-0.0
3.6600751876831055,-23.2979679107666,-0.00046874998952262104,-0.39990234375,5.859374869032763e-05,-0.03195800632238388,0.020546874031424522,-3.0,0.0,-0.3199687499989523,0.0,-0.04200390428304673,-0.0,0.04539624999987427,0.0002633150143083185,0.1,0.3106907308101654,3.141592653589793,-3.140516519546509,0.0,0.0,0.0,-0.0
3.664456605911255,-23.2979679107666,-0.00046874998952262104,-0.39990234375,5.859374869032763e-05,-0.03195800632238388,0.020546874031424522,-3.0,0.0,-0.3199687499989523,0.0,-0.04200390428304673,-0.0,0.04539624999987427,0.0002633150143083185,0.1,0.3106907308101654,3.141592653589793,-3.140516519546509,0.0,0.0,0.0,-0.0
3.668858051300049,-23.2979679107666,-0.00046874998952262104,-0.39990234375,5.859374869032763e-05,-0.03195800632238388,0.020546874031424522,-3.0,0.0,-0.3199687499989523,0.0,-0.04200390428304673,-0.0,0.04539624999987427,0.0002633150143083185,0.1,0.3106907308101654,3.141592653589793,-3.140516519546509,0.0,0.0,0.0,-0.0
3.6732473373413086,-23.2979679107666,-0.00046874998952262104,-0.39990234375,5.859374869032763e-05,-0.03195800632238388,0.020546874031424522,-3.0,0.0,-0.3199687499989523,0.0,-0.04200390428304673,-0.0,0.04539624999987427,0.0002633150143083185,0.1,0.3106907308101654,3.141592653589793,-3.140516519546509,0.0,0.0,0.0,-0.0
3.677978038787842,-23.2979679107666,-0.00046874998952262104,-0.39990234375,5.859374869032763e-05,-0.03195800632238388,0.020546874031424522,-3.0,0.0,-0.3199687499989523,0.0,-0.04200390428304673,-0.0,0.04539624999987427,0.0002633150143083185,0.1,0.3106907308101654,3.141592653589793,-3.140516519546509,0.0,0.0,0.0,-0.0
3.682631731033325,-23.2979679107666,-0.00046874998952262104,-0.39990234375,5.859374869032763e-05,-0.03195800632238388,0.020546874031424522,-3.0,0.0,-0.3199687499989523,0.0,-0.04200390428304673,-0.0,0.04539624999987427,0.0002633150143083185,0.1,0.3106907308101654,3.141592653589793,-3.140516519546509,0.0,0.0,0.0,-0.0
3.687065839767456,-23.2979679107666,-0.00046874998952262104,-0.39990234375,5.859374869032763e-05,-0.03195800632238388,0.020546874031424522,-3.0,0.0,-0.3199687499989523,0.0,-0.04200390428304673,-0.0,0.04539624999987427,0.0002633150143083185,0.1,0.3106907308101654,3.141592653589793,-3.140516519546509,0.0,0.0,0.0,-0.0
3.6918108463287354,-23.2979679107666,-0.00046874998952262104,-0.39990234375,5.859374869032763e-05,-0.03195800632238388,0.020546874031424522,-3.0,0.0,-0.3199687499989523,0.0,-0.04200390428304673,-0.0,0.04539624999987427,0.0002633150143083185,0.1,0.3106907308101654,3.141592653589793,-3.140516519546509,0.0,0.0,0.0,-0.0
3.696458101272583,-23.2979679107666,-0.00046874998952262104,-0.39990234375,5.859374869032763e-05,-0.03195800632238388,0.020546874031424522,-3.0,0.0,-0.3199687499989523,0.0,-0.04200390428304673,-0.0,0.04539624999987427,0.0002633150143083185,0.1,0.3106907308101654,3.141592653589793,-3.140516519546509,0.0,0.0,0.0,-0.0
3.701134204864502,-23.2979679107666,-0.00046874998952262104,-0.39990234375,5.859374869032763e-05,-0.03195800632238388,0.020546874031424522,-3.0,0.0,-0.3199687499989523,0.0,-0.04200390428304673,-0.0,0.04539624999987427,0.0002633150143083185,0.1,0.3106907308101654,3.141592653589793,-3.140516519546509,0.0,0.0,0.0,-0.0
3.705756902694702,-23.2979679107666,-0.00046874998952262104,-0.39990234375,5.859374869032763e-05,-0.03195800632238388,0.020546874031424522,-3.0,0.0,-0.3199687499989523,0.0,-0.04200390428304673,-0.0,0.04539624999987427,0.0002633150143083185,0.1,0.3106907308101654,3.141592653589793,-3.140516519546509,0.0,0.0,0.0,-0.0
3.7103960514068604,-23.2979679107666,-0.00046874998952262104,-0.39990234375,5.859374869032763e-05,-0.03195800632238388,0.020546874031424522,-3.0,0.0,-0.3199687499989523,0.0,-0.04200390428304673,-0.0,0.04539624999987427,0.0002633150143083185,0.1,0.3106907308101654,3.141592653589793,-3.140516519546509,0.0,0.0,0.0,-0.0
3.7147655487060547,-23.2979679107666,-0.00046874998952262104,-0.39990234375,5.859374869032763e-05,-0.03195800632238388,0.020546874031424522,-3.0,0.0,-0.3199687499989523,0.0,-0.04200390428304673,-0.0,0.04539624999987427,0.0002633150143083185,0.1,0.3106907308101654,3.141592653589793,-3.140516519546509,0.0,0.0,0.0,-0.0
3.7195143699645996,-23.2979679107666,-0.00046874998952262104,-0.39990234375,5.859374869032763e-05,-0.03195800632238388,0.020546874031424522,-3.0,0.0,-0.3199687499989523,0.0,-0.04200390428304673,-0.0,0.04539624999987427,0.0002633150143083185,0.1,0.3106907308101654,3.141592653589793,-3.140516519546509,0.0,0.0,0.0,-0.0
3.7242050170898438,-23.2979679107666,-0.00046874998952262104,-0.39990234375,5.859374869032763e-05,-0.03195800632238388,0.020546874031424522,-3.0,0.0,-0.3199687499989523,0.0,-0.04200390428304673,-0.0,0.04539624999987427,0.0002633150143083185,0.1,0.3106907308101654,3.141592653589793,-3.140516519546509,0.0,0.0,0.0,-0.0
3.7289624214172363,-23.2979679107666,-0.00046874998952262104,-0.39990234375,5.859374869032763e-05,-0.03195800632238388,0.020546874031424522,-3.0,0.0,-0.3199687499989523,0.0,-0.04200390428304673,-0.0,0.04539624999987427,0.0002633150143083185,0.1,0.3106907308101654,3.141592653589793,-3.140516519546509,0.0,0.0,0.0,-0.0
3.7336034774780273,-23.2979679107666,-0.00046874998952262104,-0.39990234375,5.859374869032763e-05,-0.03195800632238388,0.020546874031424522,-3.0,0.0,-0.3199687499989523,0.0,-0.04200390428304673,-0.0,0.04539624999987427,0.0002633150143083185,0.1,0.3106907308101654,3.141592653589793,-3.140516519546509,0.0,0.0,0.0,-0.0
3.737947463989258,-23.2979679107666,-0.00046874998952262104,-0.39990234375,5.859374869032763e-05,-0.03195800632238388,0.020546874031424522,-3.0,0.0,-0.3199687499989523,0.0,-0.04200390428304673,-0.0,0.04539624999987427,0.0002633150143083185,0.1,0.3106907308101654,3.141592653589793,-3.140516519546509,0.0,0.0,0.0,-0.0
3.7426085472106934,-23.2979679107666,-0.00046874998952262104,-0.39990234375,5.859374869032763e-05,-0.03195800632238388,0.020546874031424522,-3.0,0.0,-0.3199687499989523,0.0,-0.04200390428304673,-0.0,0.04539624999987427,0.0002633150143083185,0.1,0.3106907308101654,3.141592653589793,-3.140516519546509,0.0,0.0,0.0,-0.0
3.7472457885742188,-23.2979679107666,-0.00046874998952262104,-0.39990234375,5.859374869032763e-05,-0.03195800632238388,0.020546874031424522,-3.0,0.0,-0.3199687499989523,0.0,-0.04200390428304673,-0.0,0.04539624999987427,0.0002633150143083185,0.1,0.3106907308101654,3.141592653589793,-3.140516519546509,0.0,0.0,0.0,-0.0
3.7519946098327637,-23.2979679107666,-0.00046874998952262104,-0.39990234375,5.859374869032763e-05,-0.03195800632238388,0.020546874031424522,-3.0,0.0,-0.3199687499989523,0.0,-0.04200390428304673,-0.0,0.04539624999987427,0.0002633150143083185,0.1,0.3106907308101654,3.141592653589793,-3.140516519546509,0.0,0.0,0.0,-0.0
3.7568681240081787,-23.2979679107666,-0.00046874998952262104,-0.39990234375,5.859374869032763e-05,-0.03195800632238388,0.020546874031424522,-3.0,0.0,-0.3199687499989523,0.0,-0.04200390428304673,-0.0,0.04539624999987427,0.0002633150143083185,0.1,0.3106907308101654,3.141592653589793,-3.140516519546509,0.0,0.0,0.0,-0.0
3.7614352703094482,-23.2979679107666,-0.00046874998952262104,-0.39990234375,5.859374869032763e-05,-0.03195800632238388,0.020546874031424522,-3.0,0.0,-0.3199687499989523,0.0,-0.04200390428304673,-0.0,0.04539624999987427,0.0002633150143083185,0.1,0.3106907308101654,3.141592653589793,-3.140516519546509,0.0,0.0,0.0,-0.0
3.766249895095825,-23.2979679107666,-0.00046874998952262104,-0.39990234375,5.859374869032763e-05,-0.03195800632238388,0.020546874031424522,-3.0,0.0,-0.3199687499989523,0.0,-0.04200390428304673,-0.0,0.04539624999987427,0.0002633150143083185,0.1,0.3106907308101654,3.141592653589793,-3.140516519546509,0.0,0.0,0.0,-0.0
3.7706620693206787,-23.2979679107666,-0.00046874998952262104,-0.39990234375,5.859374869032763e-05,-0.03195800632238388,0.020546874031424522,-3.0,0.0,-0.3199687499989523,0.0,-0.04200390428304673,-0.0,0.04539624999987427,0.0002633150143083185,0.1,0.3106907308101654,3.141592653589793,-3.140516519546509,0.0,0.0,0.0,-0.0
3.775212526321411,-23.2979679107666,-0.00046874998952262104,-0.39990234375,5.859374869032763e-05,-0.03195800632238388,0.020546874031424522,-3.0,0.0,-0.3199687499989523,0.0,-0.04200390428304673,-0.0,0.04539624999987427,0.0002633150143083185,0.1,0.3106907308101654,3.141592653589793,-3.140516519546509,0.0,0.0,0.0,-0.0
3.7800824642181396,-23.2979679107666,-0.00046874998952262104,-0.39990234375,5.859374869032763e-05,-0.03195800632238388,0.020546874031424522,-3.0,0.0,-0.3199687499989523,0.0,-0.04200390428304673,-0.0,0.04539624999987427,0.0002633150143083185,0.1,0.3106907308101654,3.141592653589793,-3.140516519546509,0.0,0.0,0.0,-0.0
3.7847189903259277,-23.2979679107666,-0.00046874998952262104,-0.39990234375,5.859374869032763e-05,-0.03195800632238388,0.020546874031424522,-3.0,0.0,-0.3199687499989523,0.0,-0.04200390428304673,-0.0,0.04539624999987427,0.0002633150143083185,0.1,0.3106907308101654,3.141592653589793,-3.140516519546509,0.0,0.0,0.0,-0.0
3.7891016006469727,-23.2979679107666,-0.00046874998952262104,-0.39990234375,5.859374869032763e-05,-0.03195800632238388,0.020546874031424522,-3.0,0.0,-0.3199687499989523,0.0,-0.04200390428304673,-0.0,0.04539624999987427,0.0002633150143083185,0.1,0.3106907308101654,3.141592653589793,-3.140516519546509,0.0,0.0,0.0,-0.0
3.7936558723449707,-23.2979679107666,-0.00046874998952262104,-0.39990234375,5.859374869032763e-05,-0.03195800632238388,0.020546874031424522,-3.0,0.0,-0.3199687499989523,0.0,-0.04200390428304673,-0.0,0.04539624999987427,0.0002633150143083185,0.1,0.3106907308101654,3.141592653589793,-3.140516519546509,0.0,0.0,0.0,-0.0
3.798029899597168,-23.2979679107666,-0.00046874998952262104,-0.39990234375,5.859374869032763e-05,-0.03195800632238388,0.020546874031424522,-3.0,0.0,-0.3199687499989523,0.0,-0.04200390428304673,-0.0,0.04539624999987427,0.0002633150143083185,0.1,0.3106907308101654,3.141592653589793,-3.140516519546509,0.0,0.0,0.0,-0.0
3.8025310039520264,-23.2979679107666,-0.00046874998952262104,-0.39990234375,5.859374869032763e-05,-0.03195800632238388,0.020546874031424522,-3.0,0.0,-0.3199687499989523,0.0,-0.04200390428304673,-0.0,0.04539624999987427,0.0002633150143083185,0.1,0.3106907308101654,3.141592653589793,-3.140516519546509,0.0,0.0,0.0,-0.0
3.807392120361328,-23.2979679107666,-0.00046874998952262104,-0.39990234375,5.859374869032763e-05,-0.03195800632238388,0.020546874031424522,-3.0,0.0,-0.3199687499989523,0.0,-0.04200390428304673,-0.0,0.04539624999987427,0.0002633150143083185,0.1,0.3106907308101654,3.141592653589793,-3.140516519546509,0.0,0.0,0.0,-0.0
3.81207537651062,-23.2979679107666,-0.00046874998952262104,-0.39990234375,5.859374869032763e-05,-0.03195800632238388,0.020546874031424522,-3.0,0.0,-0.3199687499989523,0.0,-0.04200390428304673,-0.0,0.04539624999987427,0.0002633150143083185,0.1,0.3106907308101654,3.141592653589793,-3.140516519546509,0.0,0.0,0.0,-0.0
3.816671133041382,-23.2979679107666,-0.00046874998952262104,-0.39990234375,5.859374869032763e-05,-0.03195800632238388,0.020546874031424522,-3.0,0.0,-0.3199687499989523,0.0,-0.04200390428304673,-0.0,0.04539624999987427,0.0002633150143083185,0.1,0.3106907308101654,3.141592653589793,-3.140516519546509,0.0,0.0,0.0,-0.0
3.8213624954223633,-23.2979679107666,-0.00046874998952262104,-0.39990234375,5.859374869032763e-05,-0.03195800632238388,0.020546874031424522,-3.0,0.0,-0.3199687499989523,0.0,-0.04200390428304673,-0.0,0.04539624999987427,0.0002633150143083185,0.1,0.3106907308101654,3.141592653589793,-3.140516519546509,0.0,0.0,0.0,-0.0
3.826085329055786,-23.2979679107666,-0.00046874998952262104,-0.39990234375,5.859374869032763e-05,-0.03195800632238388,0.020546874031424522,-3.0,0.0,-0.3199687499989523,0.0,-0.04200390428304673,-0.0,0.04539624999987427,0.0002633150143083185,0.1,0.3106907308101654,3.141592653589793,-3.140516519546509,0.0,0.0,0.0,-0.0
3.8307578563690186,-23.2979679107666,-0.00046874998952262104,-0.39990234375,5.859374869032763e-05,-0.03195800632238388,0.020546874031424522,-3.0,0.0,-0.3199687499989523,0.0,-0.04200390428304673,-0.0,0.04539624999987427,0.0002633150143083185,0.1,0.3106907308101654,3.141592653589793,-3.140516519546509,0.0,0.0,0.0,-0.0
3.835418939590454,-23.2979679107666,-0.00046874998952262104,-0.39990234375,5.859374869032763e-05,-0.03195800632238388,0.020546874031424522,-3.0,0.0,-0.3199687499989523,0.0,-0.04200390428304673,-0.0,0.04539624999987427,0.0002633150143083185,0.1,0.3106907308101654,3.141592653589793,-3.140516519546509,0.0,0.0,0.0,-0.0
3.839940071105957,-23.2979679107666,-0.00046874998952262104,-0.39990234375,5.859374869032763e-05,-0.03195800632238388,0.020546874031424522,-3.0,0.0,-0.3199687499989523,0.0,-0.04200390428304673,-0.0,0.04539624999987427,0.0002633150143083185,0.1,0.3106907308101654,3.141592653589793,-3.140516519546509,0.0,0.0,0.0,-0.0
3.844370126724243,-23.2979679107666,-0.00046874998952262104,-0.39990234375,5.859374869032763e-05,-0.03195800632238388,0.020546874031424522,-3.0,0.0,-0.3199687499989523,0.0,-0.04200390428304673,-0.0,0.04539624999987427,0.0002633150143083185,0.1,0.3106907308101654,3.141592653589793,-3.140516519546509,0.0,0.0,0.0,-0.0
3.849003791809082,-23.2979679107666,-0.00046874998952262104,-0.39990234375,5.859374869032763e-05,-0.03195800632238388,0.020546874031424522,-3.0,0.0,-0.3199687499989523,0.0,-0.04200390428304673,-0.0,0.04539624999987427,0.0002633150143083185,0.1,0.3106907308101654,3.141592653589793,-3.140516519546509,0.0,0.0,0.0,-0.0
3.853715658187866,-23.2979679107666,-0.00046874998952262104,-0.39990234375,5.859374869032763e-05,-0.03195800632238388,0.020546874031424522,-3.0,0.0,-0.3199687499989523,0.0,-0.04200390428304673,-0.0,0.04539624999987427,0.0002633150143083185,0.1,0.3106907308101654,3.141592653589793,-3.140516519546509,0.0,0.0,0.0,-0.0
3.8583405017852783,-23.2979679107666,-0.00046874998952262104,-0.39990234375,5.859374869032763e-05,-0.03195800632238388,0.020546874031424522,-3.0,0.0,-0.3199687499989523,0.0,-0.04200390428304673,-0.0,0.04539624999987427,0.0002633150143083185,0.1,0.3106907308101654,3.141592653589793,-3.140516519546509,0.0,0.0,0.0,-0.0
3.862910509109497,-23.2979679107666,-0.00046874998952262104,-0.39990234375,5.859374869032763e-05,-0.03195800632238388,0.020546874031424522,-3.0,0.0,-0.3199687499989523,0.0,-0.04200390428304673,-0.0,0.04539624999987427,0.0002633150143083185,0.1,0.3106907308101654,3.141592653589793,-3.140516519546509,0.0,0.0,0.0,-0.0
3.8675882816314697,-23.2979679107666,-0.00046874998952262104,-0.39990234375,5.859374869032763e-05,-0.03195800632238388,0.020546874031424522,-3.0,0.0,-0.3199687499989523,0.0,-0.04200390428304673,-0.0,0.04539624999987427,0.0002633150143083185,0.1,0.3106907308101654,3.141592653589793,-3.140516519546509,0.0,0.0,0.0,-0.0
3.8722407817840576,-23.2979679107666,-0.00046874998952262104,-0.39990234375,5.859374869032763e-05,-0.03195800632238388,0.020546874031424522,-3.0,0.0,-0.3199687499989523,0.0,-0.04200390428304673,-0.0,0.04539624999987427,0.0002633150143083185,0.1,0.3106907308101654,3.141592653589793,-3.140516519546509,0.0,0.0,0.0,-0.0
3.877051830291748,-23.2979679107666,-0.00046874998952262104,-0.39990234375,5.859374869032763e-05,-0.03195800632238388,0.020546874031424522,-3.0,0.0,-0.3199687499989523,0.0,-0.04200390428304673,-0.0,0.04539624999987427,0.0002633150143083185,0.1,0.3106907308101654,3.141592653589793,-3.140516519546509,0.0,0.0,0.0,-0.0
3.8816187381744385,-23.2979679107666,-0.00046874998952262104,-0.39990234375,5.859374869032763e-05,-0.03195800632238388,0.020546874031424522,-3.0,0.0,-0.3199687499989523,0.0,-0.04200390428304673,-0.0,0.04539624999987427,0.0002633150143083185,0.1,0.3106907308101654,3.141592653589793,-3.140516519546509,0.0,0.0,0.0,-0.0
3.8862504959106445,-23.2979679107666,-0.00046874998952262104,-0.39990234375,5.859374869032763e-05,-0.03195800632238388,0.020546874031424522,-3.0,0.0,-0.3199687499989523,0.0,-0.04200390428304673,-0.0,0.04539624999987427,0.0002633150143083185,0.1,0.3106907308101654,3.141592653589793,-3.140516519546509,0.0,0.0,0.0,-0.0
3.8909406661987305,-23.2979679107666,-0.00046874998952262104,-0.39990234375,5.859374869032763e-05,-0.03195800632238388,0.020546874031424522,-3.0,0.0,-0.3199687499989523,0.0,-0.04200390428304673,-0.0,0.04539624999987427,0.0002633150143083185,0.1,0.3106907308101654,3.141592653589793,-3.140516519546509,0.0,0.0,0.0,-0.0
3.895298957824707,-23.2979679107666,-0.00046874998952262104,-0.39990234375,5.859374869032763e-05,-0.03195800632238388,0.020546874031424522,-3.0,0.0,-0.3199687499989523,0.0,-0.04200390428304673,-0.0,0.04539624999987427,0.0002633150143083185,0.1,0.3106907308101654,3.141592653589793,-3.140516519546509,0.0,0.0,0.0,-0.0
3.9001502990722656,-23.2979679107666,-0.00046874998952262104,-0.39990234375,5.859374869032763e-05,-0.03195800632238388,0.020546874031424522,-3.0,0.0,-0.3199687499989523,0.0,-0.04200390428304673,-0.0,0.04539624999987427,0.0002633150143083185,0.1,0.3106907308101654,3.141592653589793,-3.140516519546509,0.0,0.0,0.0,-0.0
3.9046809673309326,-23.2979679107666,-0.00046874998952262104,-0.39990234375,5.859374869032763e-05,-0.03195800632238388,0.020546874031424522,-3.0,0.0,-0.3199687499989523,0.0,-0.04200390428304673,-0.0,0.04539624999987427,0.0002633150143083185,0.1,0.3106907308101654,3.141592653589793,-3.140516519546509,0.0,0.0,0.0,-0.0
3.9097073078155518,-23.2979679107666,-0.00046874998952262104,-0.39990234375,5.859374869032763e-05,-0.03195800632238388,0.020546874031424522,-3.0,0.0,-0.3199687499989523,0.0,-0.04200390428304673,-0.0,0.04539624999987427,0.0002633150143083185,0.1,0.3106907308101654,3.141592653589793,-3.140516519546509,0.0,0.0,0.0,-0.0
3.91458797454834,-23.2979679107666,-0.00046874998952262104,-0.39990234375,5.859374869032763e-05,-0.03195800632238388,0.020546874031424522,-3.0,0.0,-0.3199687499989523,0.0,-0.04200390428304673,-0.0,0.04539624999987427,0.0002633150143083185,0.1,0.3106907308101654,3.141592653589793,-3.140516519546509,0.0,0.0,0.0,-0.0
3.918975591659546,-23.2979679107666,-0.00046874998952262104,-0.39990234375,5.859374869032763e-05,-0.03195800632238388,0.020546874031424522,-3.0,0.0,-0.3199687499989523,0.0,-0.04200390428304673,-0.0,0.04539624999987427,0.0002633150143083185,0.1,0.3106907308101654,3.141592653589793,-3.140516519546509,0.0,0.0,0.0,-0.0
3.9237921237945557,-23.2979679107666,-0.00046874998952262104,-0.39990234375,5.859374869032763e-05,-0.03195800632238388,0.020546874031424522,-3.0,0.0,-0.3199687499989523,0.0,-0.04200390428304673,-0.0,0.04539624999987427,0.0002633150143083185,0.1,0.3106907308101654,3.141592653589793,-3.140516519546509,0.0,0.0,0.0,-0.0
3.92862606048584,-23.2979679107666,-0.00046874998952262104,-0.39990234375,5.859374869032763e-05,-0.03195800632238388,0.020546874031424522,-3.0,0.0,-0.3199687499989523,0.0,-0.04200390428304673,-0.0,0.04539624999987427,0.0002633150143083185,0.1,0.3106907308101654,3.141592653589793,-3.140516519546509,0.0,0.0,0.0,-0.0
3.933403253555298,-23.2979679107666,-0.00046874998952262104,-0.39990234375,5.859374869032763e-05,-0.03195800632238388,0.020546874031424522,-3.0,0.0,-0.3199687499989523,0.0,-0.04200390428304673,-0.0,0.04539624999987427,0.0002633150143083185,0.1,0.3106907308101654,3.141592653589793,-3.140516519546509,0.0,0.0,0.0,-0.0
3.937873363494873,-23.2979679107666,-0.00046874998952262104,-0.39990234375,5.859374869032763e-05,-0.03195800632238388,0.020546874031424522,-3.0,0.0,-0.3199687499989523,0.0,-0.04200390428304673,-0.0,0.04539624999987427,0.0002633150143083185,0.1,0.3106907308101654,3.141592653589793,-3.140516519546509,0.0,0.0,0.0,-0.0
3.9423139095306396,-23.2979679107666,-0.00046874998952262104,-0.39990234375,5.859374869032763e-05,-0.03195800632238388,0.020546874031424522,-3.0,0.0,-0.3199687499989523,0.0,-0.04200390428304673,-0.0,0.04539624999987427,0.0002633150143083185,0.1,0.3106907308101654,3.141592653589793,-3.140516519546509,0.0,0.0,0.0,-0.0
3.94736909866333,-23.2979679107666,-0.00046874998952262104,-0.39990234375,5.859374869032763e-05,-0.03195800632238388,0.020546874031424522,-3.0,0.0,-0.3199687499989523,0.0,-0.04200390428304673,-0.0,0.04539624999987427,0.0002633150143083185,0.1,0.3106907308101654,3.141592653589793,-3.140516519546509,0.0,0.0,0.0,-0.0
3.9522275924682617,-23.2979679107666,-0.00046874998952262104,-0.39990234375,5.859374869032763e-05,-0.03195800632238388,0.020546874031424522,-3.0,0.0,-0.3199687499989523,0.0,-0.04200390428304673,-0.0,0.04539624999987427,0.0002633150143083185,0.1,0.3106907308101654,3.141592653589793,-3.140516519546509,0.0,0.0,0.0,-0.0
3.9570605754852295,-23.2979679107666,-0.00046874998952262104,-0.39990234375,5.859374869032763e-05,-0.03195800632238388,0.020546874031424522,-3.0,0.0,-0.3199687499989523,0.0,-0.04200390428304673,-0.0,0.04539624999987427,0.0002633150143083185,0.1,0.3106907308101654,3.141592653589793,-3.140516519546509,0.0,0.0,0.0,-0.0
3.9616997241973877,-23.2979679107666,-0.00046874998952262104,-0.39990234375,5.859374869032763e-05,-0.03195800632238388,0.020546874031424522,-3.0,0.0,-0.3199687499989523,0.0,-0.04200390428304673,-0.0,0.04539624999987427,0.0002633150143083185,0.1,0.3106907308101654,3.141592653589793,-3.140516519546509,0.0,0.0,0.0,-0.0
3.9665257930755615,-23.2979679107666,-0.00046874998952262104,-0.39990234375,5.859374869032763e-05,-0.03195800632238388,0.020546874031424522,-3.0,0.0,-0.3199687499989523,0.0,-0.04200390428304673,-0.0,0.04539624999987427,0.0002633150143083185,0.1,0.3106907308101654,3.141592653589793,-3.140516519546509,0.0,0.0,0.0,-0.0
3.9712841510772705,-23.2979679107666,-0.00046874998952262104,-0.39990234375,5.859374869032763e-05,-0.03195800632238388,0.020546874031424522,-3.0,0.0,-0.3199687499989523,0.0,-0.04200390428304673,-0.0,0.04539624999987427,0.0002633150143083185,0.1,0.3106907308101654,3.141592653589793,-3.140516519546509,0.0,0.0,0.0,-0.0
3.9759507179260254,-23.2979679107666,-0.00046874998952262104,-0.39990234375,5.859374869032763e-05,-0.03195800632238388,0.020546874031424522,-3.0,0.0,-0.3199687499989523,0.0,-0.04200390428304673,-0.0,0.04539624999987427,0.0002633150143083185,0.1,0.3106907308101654,3.141592653589793,-3.140516519546509,0.0,0.0,0.0,-0.0
3.982452630996704,-23.2979679107666,-0.00046874998952262104,-0.39990234375,5.859374869032763e-05,-0.03195800632238388,0.020546874031424522,-3.0,0.0,-0.3199687499989523,0.0,-0.04200390428304673,-0.0,0.04539624999987427,0.0002633150143083185,0.1,0.3106907308101654,3.141592653589793,-3.140516519546509,0.0,0.0,0.0,-0.0
3.987051248550415,-23.2979679107666,-0.00046874998952262104,-0.39990234375,5.859374869032763e-05,-0.03195800632238388,0.020546874031424522,-3.0,0.0,-0.3199687499989523,0.0,-0.04200390428304673,-0.0,0.04539624999987427,0.0002633150143083185,0.1,0.3106907308101654,3.141592653589793,-3.140516519546509,0.0,0.0,0.0,-0.0
3.9915828704833984,-23.2979679107666,-0.00046874998952262104,-0.39990234375,5.859374869032763e-05,-0.03195800632238388,0.020546874031424522,-3.0,0.0,-0.3199687499989523,0.0,-0.04200390428304673,-0.0,0.04539624999987427,0.0002633150143083185,0.1,0.3106907308101654,3.141592653589793,-3.140516519546509,0.0,0.0,0.0,-0.0
3.9965996742248535,-23.2979679107666,-0.00046874998952262104,-0.39990234375,5.859374869032763e-05,-0.03195800632238388,0.020546874031424522,-3.0,0.0,-0.3199687499989523,0.0,-0.04200390428304673,-0.0,0.04539624999987427,0.0002633150143083185,0.1,0.3106907308101654,3.141592653589793,-3.140516519546509,0.0,0.0,0.0,-0.0
4.000999212265015,-23.2979679107666,-0.00046874998952262104,-0.39990234375,5.859374869032763e-05,-0.03195800632238388,0.020546874031424522,-3.0,0.0,-0.3199687499989523,0.0,-0.04200390428304673,-0.0,0.04539624999987427,0.0002633150143083185,0.1,0.3106907308101654,3.141592653589793,-3.140516519546509,0.0,0.0,0.0,-0.0
4.005624771118164,-23.2979679107666,-0.00046874998952262104,-0.39990234375,5.859374869032763e-05,-0.03195800632238388,0.020546874031424522,-3.0,0.0,-0.3199687499989523,0.0,-0.04200390428304673,-0.0,0.04539624999987427,0.0002633150143083185,0.1,0.3106907308101654,3.141592653589793,-3.140516519546509,0.0,0.0,0.0,-0.0
4.010369300842285,-23.2979679107666,-0.00046874998952262104,-0.39990234375,5.859374869032763e-05,-0.03195800632238388,0.020546874031424522,-3.0,0.0,-0.3199687499989523,0.0,-0.04200390428304673,-0.0,0.04539624999987427,0.0002633150143083185,0.1,0.3106907308101654,3.141592653589793,-3.140516519546509,0.0,0.0,0.0,-0.0
4.014965057373047,-23.2979679107666,-0.00046874998952262104,-0.39990234375,5.859374869032763e-05,-0.03195800632238388,0.020546874031424522,-3.0,0.0,-0.3199687499989523,0.0,-0.04200390428304673,-0.0,0.04539624999987427,0.0002633150143083185,0.1,0.3106907308101654,3.141592653589793,-3.140516519546509,0.0,0.0,0.0,-0.0
4.019647598266602,-23.2979679107666,-0.00046874998952262104,-0.39990234375,5.859374869032763e-05,-0.03195800632238388,0.020546874031424522,-3.0,0.0,-0.3199687499989523,0.0,-0.04200390428304673,-0.0,0.04539624999987427,0.0002633150143083185,0.1,0.3106907308101654,3.141592653589793,-3.140516519546509,0.0,0.0,0.0,-0.0
4.024492502212524,-23.2979679107666,-0.00046874998952262104,-0.39990234375,5.859374869032763e-05,-0.03195800632238388,0.020546874031424522,-3.0,0.0,-0.3199687499989523,0.0,-0.04200390428304673,-0.0,0.04539624999987427,0.0002633150143083185,0.1,0.3106907308101654,3.141592653589793,-3.140516519546509,0.0,0.0,0.0,-0.0
4.029192686080933,-23.2979679107666,-0.00046874998952262104,-0.39990234375,5.859374869032763e-05,-0.03195800632238388,0.020546874031424522,-3.0,0.0,-0.3199687499989523,0.0,-0.04200390428304673,-0.0,0.04539624999987427,0.0002633150143083185,0.1,0.3106907308101654,3.141592653589793,-3.140516519546509,0.0,0.0,0.0,-0.0
4.033583164215088,-23.2979679107666,-0.00046874998952262104,-0.39990234375,5.859374869032763e-05,-0.03195800632238388,0.020546874031424522,-3.0,0.0,-0.3199687499989523,0.0,-0.04200390428304673,-0.0,0.04539624999987427,0.0002633150143083185,0.1,0.3106907308101654,3.141592653589793,-3.140516519546509,0.0,0.0,0.0,-0.0
4.0382020473480225,-23.2979679107666,-0.00046874998952262104,-0.39990234375,5.859374869032763e-05,-0.03195800632238388,0.020546874031424522,-3.0,0.0,-0.3199687499989523,0.0,-0.04200390428304673,-0.0,0.04539624999987427,0.0002633150143083185,0.1,0.3106907308101654,3.141592653589793,-3.140516519546509,0.0,0.0,0.0,-0.0
4.04297137260437,-23.2979679107666,-0.00046874998952262104,-0.39990234375,5.859374869032763e-05,-0.03195800632238388,0.020546874031424522,-3.0,0.0,-0.3199687499989523,0.0,-0.04200390428304673,-0.0,0.04539624999987427,0.0002633150143083185,0.1,0.3106907308101654,3.141592653589793,-3.140516519546509,0.0,0.0,0.0,-0.0
4.047693252563477,-23.2979679107666,-0.00046874998952262104,-0.39990234375,5.859374869032763e-05,-0.03195800632238388,0.020546874031424522,-3.0,0.0,-0.3199687499989523,0.0,-0.04200390428304673,-0.0,0.04539624999987427,0.0002633150143083185,0.1,0.3106907308101654,3.141592653589793,-3.140516519546509,0.0,0.0,0.0,-0.0
4.052421808242798,-23.2979679107666,-0.00046874998952262104,-0.39990234375,5.859374869032763e-05,-0.03195800632238388,0.020546874031424522,-3.0,0.0,-0.3199687499989523,0.0,-0.04200390428304673,-0.0,0.04539624999987427,0.0002633150143083185,0.1,0.3106907308101654,3.141592653589793,-3.140516519546509,0.0,0.0,0.0,-0.0
4.057177782058716,-23.2979679107666,-0.00046874998952262104,-0.39990234375,5.859374869032763e-05,-0.03195800632238388,0.020546874031424522,-3.0,0.0,-0.3199687499989523,0.0,-0.04200390428304673,-0.0,0.04539624999987427,0.0002633150143083185,0.1,0.3106907308101654,3.141592653589793,-3.140516519546509,0.0,0.0,0.0,-0.0
4.061692714691162,-23.2979679107666,-0.00046874998952262104,-0.39990234375,5.859374869032763e-05,-0.03195800632238388,0.020546874031424522,-3.0,0.0,-0.3199687499989523,0.0,-0.04200390428304673,-0.0,0.04539624999987427,0.0002633150143083185,0.1,0.3106907308101654,3.141592653589793,-3.140516519546509,0.0,0.0,0.0,-0.0
4.0666680335998535,-23.2979679107666,-0.00046874998952262104,-0.39990234375,5.859374869032763e-05,-0.03195800632238388,0.020546874031424522,-3.0,0.0,-0.3199687499989523,0.0,-0.04200390428304673,-0.0,0.04539624999987427,0.0002633150143083185,0.1,0.3106907308101654,3.141592653589793,-3.140516519546509,0.0,0.0,0.0,-0.0
4.0713560581207275,-23.2979679107666,-0.00046874998952262104,-0.39990234375,5.859374869032763e-05,-0.03195800632238388,0.020546874031424522,-3.0,0.0,-0.3199687499989523,0.0,-0.04200390428304673,-0.0,0.04539624999987427,0.0002633150143083185,0.1,0.3106907308101654,3.141592653589793,-3.140516519546509,0.0,0.0,0.0,-0.0
4.076242923736572,-23.2979679107666,-0.00046874998952262104,-0.39990234375,5.859374869032763e-05,-0.03195800632238388,0.020546874031424522,-3.0,0.0,-0.3199687499989523,0.0,-0.04200390428304673,-0.0,0.04539624999987427,0.0002633150143083185,0.1,0.3106907308101654,3.141592653589793,-3.140516519546509,0.0,0.0,0.0,-0.0
4.081234931945801,-23.2979679107666,-0.00046874998952262104,-0.39990234375,5.859374869032763e-05,-0.03195800632238388,0.020546874031424522,-3.0,0.0,-0.3199687499989523,0.0,-0.04200390428304673,-0.0,0.04539624999987427,0.0002633150143083185,0.1,0.3106907308101654,3.141592653589793,-3.140516519546509,0.0,0.0,0.0,-0.0
4.08594822883606,-23.2979679107666,-0.00046874998952262104,-0.39990234375,5.859374869032763e-05,-0.03195800632238388,0.020546874031424522,-3.0,0.0,-0.3199687499989523,0.0,-0.04200390428304673,-0.0,0.04539624999987427,0.0002633150143083185,0.1,0.3106907308101654,3.141592653589793,-3.140516519546509,0.0,0.0,0.0,-0.0
4.0906877517700195,-23.2979679107666,-0.00046874998952262104,-0.39990234375,5.859374869032763e-05,-0.03195800632238388,0.020546874031424522,-3.0,0.0,-0.3199687499989523,0.0,-0.04200390428304673,-0.0,0.04539624999987427,0.0002633150143083185,0.1,0.3106907308101654,3.141592653589793,-3.140516519546509,0.0,0.0,0.0,-0.0
4.095332145690918,-23.2979679107666,-0.00046874998952262104,-0.39990234375,5.859374869032763e-05,-0.03195800632238388,0.020546874031424522,-3.0,0.0,-0.3199687499989523,0.0,-0.04200390428304673,-0.0,0.04539624999987427,0.0002633150143083185,0.1,0.3106907308101654,3.141592653589793,-3.140516519546509,0.0,0.0,0.0,-0.0
4.0996413230896,-23.2979679107666,-0.00046874998952262104,-0.39990234375,5.859374869032763e-05,-0.03195800632238388,0.020546874031424522,-3.0,0.0,-0.3199687499989523,0.0,-0.04200390428304673,-0.0,0.04539624999987427,0.0002633150143083185,0.1,0.3106907308101654,3.141592653589793,-3.140516519546509,0.0,0.0,0.0,-0.0
4.104575157165527,-23.2979679107666,-0.00046874998952262104,-0.39990234375,5.859374869032763e-05,-0.03195800632238388,0.020546874031424522,-3.0,0.0,-0.3199687499989523,0.0,-0.04200390428304673,-0.0,0.04539624999987427,0.0002633150143083185,0.1,0.3106907308101654,3.141592653589793,-3.140516519546509,0.0,0.0,0.0,-0.0
4.109138250350952,-23.2979679107666,-0.00046874998952262104,-0.39990234375,5.859374869032763e-05,-0.03195800632238388,0.020546874031424522,-3.0,0.0,-0.3199687499989523,0.0,-0.04200390428304673,-0.0,0.04539624999987427,0.0002633150143083185,0.1,0.3106907308101654,3.141592653589793,-3.140516519546509,0.0,0.0,0.0,-0.0
4.113888740539551,-23.2979679107666,-0.00046874998952262104,-0.39990234375,5.859374869032763e-05,-0.03195800632238388,0.020546874031424522,-3.0,0.0,-0.3199687499989523,0.0,-0.04200390428304673,-0.0,0.04539624999987427,0.0002633150143083185,0.1,0.3106907308101654,3.141592653589793,-3.140516519546509,0.0,0.0,0.0,-0.0
4.118449926376343,-23.2979679107666,-0.00046874998952262104,-0.39990234375,5.859374869032763e-05,-0.03195800632238388,0.020546874031424522,-3.0,0.0,-0.3199687499989523,0.0,-0.04200390428304673,-0.0,0.04539624999987427,0.0002633150143083185,0.1,0.3106907308101654,3.141592653589793,-3.140516519546509,0.0,0.0,0.0,-0.0
4.1231091022491455,-23.2979679107666,-0.00046874998952262104,-0.39990234375,5.859374869032763e-05,-0.03195800632238388,0.020546874031424522,-3.0,0.0,-0.3199687499989523,0.0,-0.04200390428304673,-0.0,0.04539624999987427,0.0002633150143083185,0.1,0.3106907308101654,3.141592653589793,-3.140516519546509,0.0,0.0,0.0,-0.0
4.127769470214844,-23.2979679107666,-0.00046874998952262104,-0.39990234375,5.859374869032763e-05,-0.03195800632238388,0.020546874031424522,-3.0,0.0,-0.3199687499989523,0.0,-0.04200390428304673,-0.0,0.04539624999987427,0.0002633150143083185,0.1,0.3106907308101654,3.141592653589793,-3.140516519546509,0.0,0.0,0.0,-0.0
4.132452726364136,-23.2979679107666,-0.00046874998952262104,-0.39990234375,5.859374869032763e-05,-0.03195800632238388,0.020546874031424522,-3.0,0.0,-0.3199687499989523,0.0,-0.04200390428304673,-0.0,0.04539624999987427,0.0002633150143083185,0.1,0.3106907308101654,3.141592653589793,-3.140516519546509,0.0,0.0,0.0,-0.0
4.137070178985596,-23.2979679107666,-0.00046874998952262104,-0.39990234375,5.859374869032763e-05,-0.03195800632238388,0.020546874031424522,-3.0,0.0,-0.3199687499989523,0.0,-0.04200390428304673,-0.0,0.04539624999987427,0.0002633150143083185,0.1,0.3106907308101654,3.141592653589793,-3.140516519546509,0.0,0.0,0.0,-0.0
4.141741514205933,-23.2979679107666,-0.00046874998952262104,-0.39990234375,5.859374869032763e-05,-0.03195800632238388,0.020546874031424522,-3.0,0.0,-0.3199687499989523,0.0,-0.04200390428304673,-0.0,0.04539624999987427,0.0002633150143083185,0.1,0.3106907308101654,3.141592653589793,-3.140516519546509,0.0,0.0,0.0,-0.0
4.1467602252960205,-23.2979679107666,-0.00046874998952262104,-0.39990234375,5.859374869032763e-05,-0.03195800632238388,0.020546874031424522,-3.0,0.0,-0.3199687499989523,0.0,-0.04200390428304673,-0.0,0.04539624999987427,0.0002633150143083185,0.1,0.3106907308101654,3.141592653589793,-3.140516519546509,0.0,0.0,0.0,-0.0
4.151585340499878,-23.2979679107666,-0.00046874998952262104,-0.39990234375,5.859374869032763e-05,-0.03195800632238388,0.020546874031424522,-3.0,0.0,-0.3199687499989523,0.0,-0.04200390428304673,-0.0,0.04539624999987427,0.0002633150143083185,0.1,0.3106907308101654,3.141592653589793,-3.140516519546509,0.0,0.0,0.0,-0.0
4.156828165054321,-23.2979679107666,-0.00046874998952262104,-0.39990234375,5.859374869032763e-05,-0.03195800632238388,0.020546874031424522,-3.0,0.0,-0.3199687499989523,0.0,-0.04200390428304673,-0.0,0.04539624999987427,0.0002633150143083185,0.1,0.3106907308101654,3.141592653589793,-3.140516519546509,0.0,0.0,0.0,-0.0
4.161715984344482,-23.2979679107666,-0.00046874998952262104,-0.39990234375,5.859374869032763e-05,-0.03195800632238388,0.020546874031424522,-3.0,0.0,-0.3199687499989523,0.0,-0.04200390428304673,-0.0,0.04539624999987427,0.0002633150143083185,0.1,0.3106907308101654,3.141592653589793,-3.140516519546509,0.0,0.0,0.0,-0.0
4.166745185852051,-23.2979679107666,-0.00046874998952262104,-0.39990234375,5.859374869032763e-05,-0.03195800632238388,0.020546874031424522,-3.0,0.0,-0.3199687499989523,0.0,-0.04200390428304673,-0.0,0.04539624999987427,0.0002633150143083185,0.1,0.3106907308101654,3.141592653589793,-3.140516519546509,0.0,0.0,0.0,-0.0
4.171327352523804,-23.2979679107666,-0.00046874998952262104,-0.39990234375,5.859374869032763e-05,-0.03195800632238388,0.020546874031424522,-3.0,0.0,-0.3199687499989523,0.0,-0.04200390428304673,-0.0,0.04539624999987427,0.0002633150143083185,0.1,0.3106907308101654,3.141592653589793,-3.140516519546509,0.0,0.0,0.0,-0.0
4.176374673843384,-23.2979679107666,-0.00046874998952262104,-0.39990234375,5.859374869032763e-05,-0.03195800632238388,0.020546874031424522,-3.0,0.0,-0.3199687499989523,0.0,-0.04200390428304673,-0.0,0.04539624999987427,0.0002633150143083185,0.1,0.3106907308101654,3.141592653589793,-3.140516519546509,0.0,0.0,0.0,-0.0
4.181162357330322,-23.2979679107666,-0.00046874998952262104,-0.39990234375,5.859374869032763e-05,-0.03195800632238388,0.020546874031424522,-3.0,0.0,-0.3199687499989523,0.0,-0.04200390428304673,-0.0,0.04539624999987427,0.0002633150143083185,0.1,0.3106907308101654,3.141592653589793,-3.140516519546509,0.0,0.0,0.0,-0.0
4.185580015182495,-23.2979679107666,-0.00046874998952262104,-0.39990234375,5.859374869032763e-05,-0.03195800632238388,0.020546874031424522,-3.0,0.0,-0.3199687499989523,0.0,-0.04200390428304673,-0.0,0.04539624999987427,0.0002633150143083185,0.1,0.3106907308101654,3.141592653589793,-3.140516519546509,0.0,0.0,0.0,-0.0
4.1903698444366455,-23.2979679107666,-0.00046874998952262104,-0.39990234375,5.859374869032763e-05,-0.03195800632238388,0.020546874031424522,-3.0,0.0,-0.3199687499989523,0.0,-0.04200390428304673,-0.0,0.04539624999987427,0.0002633150143083185,0.1,0.3106907308101654,3.141592653589793,-3.140516519546509,0.0,0.0,0.0,-0.0
4.19499135017395,-23.2979679107666,-0.00046874998952262104,-0.39990234375,5.859374869032763e-05,-0.03195800632238388,0.020546874031424522,-3.0,0.0,-0.3199687499989523,0.0,-0.04200390428304673,-0.0,0.04539624999987427,0.0002633150143083185,0.1,0.3106907308101654,3.141592653589793,-3.140516519546509,0.0,0.0,0.0,-0.0
4.199857950210571,-23.2979679107666,-0.00046874998952262104,-0.39990234375,5.859374869032763e-05,-0.03195800632238388,0.020546874031424522,-3.0,0.0,-0.3199687499989523,0.0,-0.04200390428304673,-0.0,0.04539624999987427,0.0002633150143083185,0.1,0.3106907308101654,3.141592653589793,-3.140516519546509,0.0,0.0,0.0,-0.0
4.204697608947754,-23.2979679107666,-0.00046874998952262104,-0.39990234375,5.859374869032763e-05,-0.03195800632238388,0.020546874031424522,-3.0,0.0,-0.3199687499989523,0.0,-0.04200390428304673,-0.0,0.04539624999987427,0.0002633150143083185,0.1,0.3106907308101654,3.141592653589793,-3.140516519546509,0.0,0.0,0.0,-0.0
4.209184169769287,-23.2979679107666,-0.00046874998952262104,-0.39990234375,5.859374869032763e-05,-0.03195800632238388,0.020546874031424522,-3.0,0.0,-0.3199687499989523,0.0,-0.04200390428304673,-0.0,0.04539624999987427,0.0002633150143083185,0.1,0.3106907308101654,3.141592653589793,-3.140516519546509,0.0,0.0,0.0,-0.0
4.213625192642212,-23.2979679107666,-0.00046874998952262104,-0.39990234375,5.859374869032763e-05,-0.03195800632238388,0.020546874031424522,-3.0,0.0,-0.3199687499989523,0.0,-0.04200390428304673,-0.0,0.04539624999987427,0.0002633150143083185,0.1,0.3106907308101654,3.141592653589793,-3.140516519546509,0.0,0.0,0.0,-0.0
4.218309164047241,-23.2979679107666,-0.00046874998952262104,-0.39990234375,5.859374869032763e-05,-0.03195800632238388,0.020546874031424522,-3.0,0.0,-0.3199687499989523,0.0,-0.04200390428304673,-0.0,0.04539624999987427,0.0002633150143083185,0.1,0.3106907308101654,3.141592653589793,-3.140516519546509,0.0,0.0,0.0,-0.0
4.222950220108032,-23.2979679107666,-0.00046874998952262104,-0.39990234375,5.859374869032763e-05,-0.03195800632238388,0.020546874031424522,-3.0,0.0,-0.3199687499989523,0.0,-0.04200390428304673,-0.0,0.04539624999987427,0.0002633150143083185,0.1,0.3106907308101654,3.141592653589793,-3.140516519546509,0.0,0.0,0.0,-0.0
4.227646350860596,-23.2979679107666,-0.00046874998952262104,-0.39990234375,5.859374869032763e-05,-0.03195800632238388,0.020546874031424522,-3.0,0.0,-0.3199687499989523,0.0,-0.04200390428304673,-0.0,0.04539624999987427,0.0002633150143083185,0.1,0.3106907308101654,3.141592653589793,-3.140516519546509,0.0,0.0,0.0,-0.0
4.232234477996826,-23.2979679107666,-0.00046874998952262104,-0.39990234375,5.859374869032763e-05,-0.03195800632238388,0.020546874031424522,-3.0,0.0,-0.3199687499989523,0.0,-0.04200390428304673,-0.0,0.04539624999987427,0.0002633150143083185,0.1,0.3106907308101654,3.141592653589793,-3.140516519546509,0.0,0.0,0.0,-0.0
4.2369935512542725,-23.2979679107666,-0.00046874998952262104,-0.39990234375,5.859374869032763e-05,-0.03195800632238388,0.020546874031424522,-3.0,0.0,-0.3199687499989523,0.0,-0.04200390428304673,-0.0,0.04539624999987427,0.0002633150143083185,0.1,0.3106907308101654,3.141592653589793,-3.140516519546509,0.0,0.0,0.0,-0.0
4.241384744644165,-23.2979679107666,-0.00046874998952262104,-0.39990234375,5.859374869032763e-05,-0.03195800632238388,0.020546874031424522,-3.0,0.0,-0.3199687499989523,0.0,-0.04200390428304673,-0.0,0.04539624999987427,0.0002633150143083185,0.1,0.3106907308101654,3.141592653589793,-3.140516519546509,0.0,0.0,0.0,-0.0
4.246394395828247,-23.2979679107666,-0.00046874998952262104,-0.39990234375,5.859374869032763e-05,-0.03195800632238388,0.020546874031424522,-3.0,0.0,-0.3199687499989523,0.0,-0.04200390428304673,-0.0,0.04539624999987427,0.0002633150143083185,0.1,0.3106907308101654,3.141592653589793,-3.140516519546509,0.0,0.0,0.0,-0.0
4.251147270202637,-23.2979679107666,-0.00046874998952262104,-0.39990234375,5.859374869032763e-05,-0.03195800632238388,0.020546874031424522,-3.0,0.0,-0.3199687499989523,0.0,-0.04200390428304673,-0.0,0.04539624999987427,0.0002633150143083185,0.1,0.3106907308101654,3.141592653589793,-3.140516519546509,0.0,0.0,0.0,-0.0
4.255733966827393,-23.2979679107666,-0.00046874998952262104,-0.39990234375,5.859374869032763e-05,-0.03195800632238388,0.020546874031424522,-3.0,0.0,-0.3199687499989523,0.0,-0.04200390428304673,-0.0,0.04539624999987427,0.0002633150143083185,0.1,0.3106907308101654,3.141592653589793,-3.140516519546509,0.0,0.0,0.0,-0.0
4.260555028915405,-23.2979679107666,-0.00046874998952262104,-0.39990234375,5.859374869032763e-05,-0.03195800632238388,0.020546874031424522,-3.0,0.0,-0.3199687499989523,0.0,-0.04200390428304673,-0.0,0.04539624999987427,0.0002633150143083185,0.1,0.3106907308101654,3.141592653589793,-3.140516519546509,0.0,0.0,0.0,-0.0
4.265081882476807,-23.2979679107666,-0.00046874998952262104,-0.39990234375,5.859374869032763e-05,-0.03195800632238388,0.020546874031424522,-3.0,0.0,-0.3199687499989523,0.0,-0.04200390428304673,-0.0,0.04539624999987427,0.0002633150143083185,0.1,0.3106907308101654,3.141592653589793,-3.140516519546509,0.0,0.0,0.0,-0.0
4.269440650939941,-23.2979679107666,-0.00046874998952262104,-0.39990234375,5.859374869032763e-05,-0.03195800632238388,0.020546874031424522,-3.0,0.0,-0.3199687499989523,0.0,-0.04200390428304673,-0.0,0.04539624999987427,0.0002633150143083185,0.1,0.3106907308101654,3.141592653589793,-3.140516519546509,0.0,0.0,0.0,-0.0
4.273829936981201,-23.2979679107666,-0.00046874998952262104,-0.39990234375,5.859374869032763e-05,-0.03195800632238388,0.020546874031424522,-3.0,0.0,-0.3199687499989523,0.0,-0.04200390428304673,-0.0,0.04539624999987427,0.0002633150143083185,0.1,0.3106907308101654,3.141592653589793,-3.140516519546509,0.0,0.0,0.0,-0.0
4.278575658798218,-23.2979679107666,-0.00046874998952262104,-0.39990234375,5.859374869032763e-05,-0.03195800632238388,0.020546874031424522,-3.0,0.0,-0.3199687499989523,0.0,-0.04200390428304673,-0.0,0.04539624999987427,0.0002633150143083185,0.1,0.3106907308101654,3.141592653589793,-3.140516519546509,0.0,0.0,0.0,-0.0
4.282996892929077,-23.2979679107666,-0.00046874998952262104,-0.39990234375,5.859374869032763e-05,-0.03195800632238388,0.020546874031424522,-3.0,0.0,-0.3199687499989523,0.0,-0.04200390428304673,-0.0,0.04539624999987427,0.0002633150143083185,0.1,0.3106907308101654,3.141592653589793,-3.140516519546509,0.0,0.0,0.0,-0.0
4.287712812423706,-23.2979679107666,-0.00046874998952262104,-0.39990234375,5.859374869032763e-05,-0.03195800632238388,0.020546874031424522,-3.0,0.0,-0.3199687499989523,0.0,-0.04200390428304673,-0.0,0.04539624999987427,0.0002633150143083185,0.1,0.3106907308101654,3.141592653589793,-3.140516519546509,0.0,0.0,0.0,-0.0
4.292494773864746,-23.2979679107666,-0.00046874998952262104,-0.39990234375,5.859374869032763e-05,-0.03195800632238388,0.020546874031424522,-3.0,0.0,-0.3199687499989523,0.0,-0.04200390428304673,-0.0,0.04539624999987427,0.0002633150143083185,0.1,0.3106907308101654,3.141592653589793,-3.140516519546509,0.0,0.0,0.0,-0.0
4.297187328338623,-23.2979679107666,-0.00046874998952262104,-0.39990234375,5.859374869032763e-05,-0.03195800632238388,0.020546874031424522,-3.0,0.0,-0.3199687499989523,0.0,-0.04200390428304673,-0.0,0.04539624999987427,0.0002633150143083185,0.1,0.3106907308101654,3.141592653589793,-3.140516519546509,0.0,0.0,0.0,-0.0
4.302025318145752,-23.2979679107666,-0.00046874998952262104,-0.39990234375,5.859374869032763e-05,-0.03195800632238388,0.020546874031424522,-3.0,0.0,-0.3199687499989523,0.0,-0.04200390428304673,-0.0,0.04539624999987427,0.0002633150143083185,0.1,0.3106907308101654,3.141592653589793,-3.140516519546509,0.0,0.0,0.0,-0.0
4.306794881820679,-23.2979679107666,-0.00046874998952262104,-0.39990234375,5.859374869032763e-05,-0.03195800632238388,0.020546874031424522,-3.0,0.0,-0.3199687499989523,0.0,-0.04200390428304673,-0.0,0.04539624999987427,0.0002633150143083185,0.1,0.3106907308101654,3.141592653589793,-3.140516519546509,0.0,0.0,0.0,-0.0
4.311660051345825,-23.2979679107666,-0.00046874998952262104,-0.39990234375,5.859374869032763e-05,-0.03195800632238388,0.020546874031424522,-3.0,0.0,-0.3199687499989523,0.0,-0.04200390428304673,-0.0,0.04539624999987427,0.0002633150143083185,0.1,0.3106907308101654,3.141592653589793,-3.140516519546509,0.0,0.0,0.0,-0.0
4.316253423690796,-23.2979679107666,-0.00046874998952262104,-0.39990234375,5.859374869032763e-05,-0.03195800632238388,0.020546874031424522,-3.0,0.0,-0.3199687499989523,0.0,-0.04200390428304673,-0.0,0.04539624999987427,0.0002633150143083185,0.1,0.3106907308101654,3.141592653589793,-3.140516519546509,0.0,0.0,0.0,-0.0
4.32074236869812,-23.2979679107666,-0.00046874998952262104,-0.39990234375,5.859374869032763e-05,-0.03195800632238388,0.020546874031424522,-3.0,0.0,-0.3199687499989523,0.0,-0.04200390428304673,-0.0,0.04539624999987427,0.0002633150143083185,0.1,0.3106907308101654,3.141592653589793,-3.140516519546509,0.0,0.0,0.0,-0.0
4.325248718261719,-23.2979679107666,-0.00046874998952262104,-0.39990234375,5.859374869032763e-05,-0.03195800632238388,0.020546874031424522,-3.0,0.0,-0.3199687499989523,0.0,-0.04200390428304673,-0.0,0.04539624999987427,0.0002633150143083185,0.1,0.3106907308101654,3.141592653589793,-3.140516519546509,0.0,0.0,0.0,-0.0
4.329907655715942,-23.2979679107666,-0.00046874998952262104,-0.39990234375,5.859374869032763e-05,-0.03195800632238388,0.020546874031424522,-3.0,0.0,-0.3199687499989523,0.0,-0.04200390428304673,-0.0,0.04539624999987427,0.0002633150143083185,0.1,0.3106907308101654,3.141592653589793,-3.140516519546509,0.0,0.0,0.0,-0.0
4.334569215774536,-23.2979679107666,-0.00046874998952262104,-0.39990234375,5.859374869032763e-05,-0.03195800632238388,0.020546874031424522,-3.0,0.0,-0.3199687499989523,0.0,-0.04200390428304673,-0.0,0.04539624999987427,0.0002633150143083185,0.1,0.3106907308101654,3.141592653589793,-3.140516519546509,0.0,0.0,0.0,-0.0
4.338906764984131,-23.2979679107666,-0.00046874998952262104,-0.39990234375,5.859374869032763e-05,-0.03195800632238388,0.020546874031424522,-3.0,0.0,-0.3199687499989523,0.0,-0.04200390428304673,-0.0,0.04539624999987427,0.0002633150143083185,0.1,0.3106907308101654,3.141592653589793,-3.140516519546509,0.0,0.0,0.0,-0.0
4.343664646148682,-23.2979679107666,-0.00046874998952262104,-0.39990234375,5.859374869032763e-05,-0.03195800632238388,0.020546874031424522,-3.0,0.0,-0.3199687499989523,0.0,-0.04200390428304673,-0.0,0.04539624999987427,0.0002633150143083185,0.1,0.3106907308101654,3.141592653589793,-3.140516519546509,0.0,0.0,0.0,-0.0
4.3483030796051025,-23.2979679107666,-0.00046874998952262104,-0.39990234375,5.859374869032763e-05,-0.03195800632238388,0.020546874031424522,-3.0,0.0,-0.3199687499989523,0.0,-0.04200390428304673,-0.0,0.04539624999987427,0.0002633150143083185,0.1,0.3106907308101654,3.141592653589793,-3.140516519546509,0.0,0.0,0.0,-0.0
4.352872371673584,-23.2979679107666,-0.00046874998952262104,-0.39990234375,5.859374869032763e-05,-0.03195800632238388,0.020546874031424522,-3.0,0.0,-0.3199687499989523,0.0,-0.04200390428304673,-0.0,0.04539624999987427,0.0002633150143083185,0.1,0.3106907308101654,3.141592653589793,-3.140516519546509,0.0,0.0,0.0,-0.0
4.357691526412964,-23.2979679107666,-0.00046874998952262104,-0.39990234375,5.859374869032763e-05,-0.03195800632238388,0.020546874031424522,-3.0,0.0,-0.3199687499989523,0.0,-0.04200390428304673,-0.0,0.04539624999987427,0.0002633150143083185,0.1,0.3106907308101654,3.141592653589793,-3.140516519546509,0.0,0.0,0.0,-0.0
4.362531423568726,-23.2979679107666,-0.00046874998952262104,-0.39990234375,5.859374869032763e-05,-0.03195800632238388,0.020546874031424522,-3.0,0.0,-0.3199687499989523,0.0,-0.04200390428304673,-0.0,0.04539624999987427,0.0002633150143083185,0.1,0.3106907308101654,3.141592653589793,-3.140516519546509,0.0,0.0,0.0,-0.0
4.367212533950806,-23.2979679107666,-0.00046874998952262104,-0.39990234375,5.859374869032763e-05,-0.03195800632238388,0.020546874031424522,-3.0,0.0,-0.3199687499989523,0.0,-0.04200390428304673,-0.0,0.04539624999987427,0.0002633150143083185,0.1,0.3106907308101654,3.141592653589793,-3.140516519546509,0.0,0.0,0.0,-0.0
4.372239828109741,-23.2979679107666,-0.00046874998952262104,-0.39990234375,5.859374869032763e-05,-0.03195800632238388,0.020546874031424522,-3.0,0.0,-0.3199687499989523,0.0,-0.04200390428304673,-0.0,0.04539624999987427,0.0002633150143083185,0.1,0.3106907308101654,3.141592653589793,-3.140516519546509,0.0,0.0,0.0,-0.0
4.3768470287323,-23.2979679107666,-0.00046874998952262104,-0.39990234375,5.859374869032763e-05,-0.03195800632238388,0.020546874031424522,-3.0,0.0,-0.3199687499989523,0.0,-0.04200390428304673,-0.0,0.04539624999987427,0.0002633150143083185,0.1,0.3106907308101654,3.141592653589793,-3.140516519546509,0.0,0.0,0.0,-0.0
4.3815484046936035,-23.2979679107666,-0.00046874998952262104,-0.39990234375,5.859374869032763e-05,-0.03195800632238388,0.020546874031424522,-3.0,0.0,-0.3199687499989523,0.0,-0.04200390428304673,-0.0,0.04539624999987427,0.0002633150143083185,0.1,0.3106907308101654,3.141592653589793,-3.140516519546509,0.0,0.0,0.0,-0.0
4.386230707168579,-23.2979679107666,-0.00046874998952262104,-0.39990234375,5.859374869032763e-05,-0.03195800632238388,0.020546874031424522,-3.0,0.0,-0.3199687499989523,0.0,-0.04200390428304673,-0.0,0.04539624999987427,0.0002633150143083185,0.1,0.3106907308101654,3.141592653589793,-3.140516519546509,0.0,0.0,0.0,-0.0
4.391023635864258,-23.2979679107666,-0.00046874998952262104,-0.39990234375,5.859374869032763e-05,-0.03195800632238388,0.020546874031424522,-3.0,0.0,-0.3199687499989523,0.0,-0.04200390428304673,-0.0,0.04539624999987427,0.0002633150143083185,0.1,0.3106907308101654,3.141592653589793,-3.140516519546509,0.0,0.0,0.0,-0.0
4.3958868980407715,-23.2979679107666,-0.00046874998952262104,-0.39990234375,5.859374869032763e-05,-0.03195800632238388,0.020546874031424522,-3.0,0.0,-0.3199687499989523,0.0,-0.04200390428304673,-0.0,0.04539624999987427,0.0002633150143083185,0.1,0.3106907308101654,3.141592653589793,-3.140516519546509,0.0,0.0,0.0,-0.0
4.400526285171509,-23.2979679107666,-0.00046874998952262104,-0.39990234375,5.859374869032763e-05,-0.03195800632238388,0.020546874031424522,-3.0,0.0,-0.3199687499989523,0.0,-0.04200390428304673,-0.0,0.04539624999987427,0.0002633150143083185,0.1,0.3106907308101654,3.141592653589793,-3.140516519546509,0.0,0.0,0.0,-0.0
4.405021905899048,-23.2979679107666,-0.00046874998952262104,-0.39990234375,5.859374869032763e-05,-0.03195800632238388,0.020546874031424522,-3.0,0.0,-0.3199687499989523,0.0,-0.04200390428304673,-0.0,0.04539624999987427,0.0002633150143083185,0.1,0.3106907308101654,3.141592653589793,-3.140516519546509,0.0,0.0,0.0,-0.0
4.409726858139038,-23.2979679107666,-0.00046874998952262104,-0.39990234375,5.859374869032763e-05,-0.03195800632238388,0.020546874031424522,-3.0,0.0,-0.3199687499989523,0.0,-0.04200390428304673,-0.0,0.04539624999987427,0.0002633150143083185,0.1,0.3106907308101654,3.141592653589793,-3.140516519546509,0.0,0.0,0.0,-0.0
4.414263963699341,-23.2979679107666,-0.00046874998952262104,-0.39990234375,5.859374869032763e-05,-0.03195800632238388,0.020546874031424522,-3.0,0.0,-0.3199687499989523,0.0,-0.04200390428304673,-0.0,0.04539624999987427,0.0002633150143083185,0.1,0.3106907308101654,3.141592653589793,-3.140516519546509,0.0,0.0,0.0,-0.0
4.418854713439941,-23.2979679107666,-0.00046874998952262104,-0.39990234375,5.859374869032763e-05,-0.03195800632238388,0.020546874031424522,-3.0,0.0,-0.3199687499989523,0.0,-0.04200390428304673,-0.0,0.04539624999987427,0.0002633150143083185,0.1,0.3106907308101654,3.141592653589793,-3.140516519546509,0.0,0.0,0.0,-0.0
4.4240357875823975,-23.2979679107666,-0.00046874998952262104,-0.39990234375,5.859374869032763e-05,-0.03195800632238388,0.020546874031424522,-3.0,0.0,-0.3199687499989523,0.0,-0.04200390428304673,-0.0,0.04539624999987427,0.0002633150143083185,0.1,0.3106907308101654,3.141592653589793,-3.140516519546509,0.0,0.0,0.0,-0.0
4.428828477859497,-23.2979679107666,-0.00046874998952262104,-0.39990234375,5.859374869032763e-05,-0.03195800632238388,0.020546874031424522,-3.0,0.0,-0.3199687499989523,0.0,-0.04200390428304673,-0.0,0.04539624999987427,0.0002633150143083185,0.1,0.3106907308101654,3.141592653589793,-3.140516519546509,0.0,0.0,0.0,-0.0
4.43320894241333,-23.2979679107666,-0.00046874998952262104,-0.39990234375,5.859374869032763e-05,-0.03195800632238388,0.020546874031424522,-3.0,0.0,-0.3199687499989523,0.0,-0.04200390428304673,-0.0,0.04539624999987427,0.0002633150143083185,0.1,0.3106907308101654,3.141592653589793,-3.140516519546509,0.0,0.0,0.0,-0.0
4.437793016433716,-23.2979679107666,-0.00046874998952262104,-0.39990234375,5.859374869032763e-05,-0.03195800632238388,0.020546874031424522,-3.0,0.0,-0.3199687499989523,0.0,-0.04200390428304673,-0.0,0.04539624999987427,0.0002633150143083185,0.1,0.3106907308101654,3.141592653589793,-3.140516519546509,0.0,0.0,0.0,-0.0
4.44257116317749,-23.2979679107666,-0.00046874998952262104,-0.39990234375,5.859374869032763e-05,-0.03195800632238388,0.020546874031424522,-3.0,0.0,-0.3199687499989523,0.0,-0.04200390428304673,-0.0,0.04539624999987427,0.0002633150143083185,0.1,0.3106907308101654,3.141592653589793,-3.140516519546509,0.0,0.0,0.0,-0.0
4.447205305099487,-23.2979679107666,-0.00046874998952262104,-0.39990234375,5.859374869032763e-05,-0.03195800632238388,0.020546874031424522,-3.0,0.0,-0.3199687499989523,0.0,-0.04200390428304673,-0.0,0.04539624999987427,0.0002633150143083185,0.1,0.3106907308101654,3.141592653589793,-3.140516519546509,0.0,0.0,0.0,-0.0
4.451925754547119,-23.2979679107666,-0.00046874998952262104,-0.39990234375,5.859374869032763e-05,-0.03195800632238388,0.020546874031424522,-3.0,0.0,-0.3199687499989523,0.0,-0.04200390428304673,-0.0,0.04539624999987427,0.0002633150143083185,0.1,0.3106907308101654,3.141592653589793,-3.140516519546509,0.0,0.0,0.0,-0.0
4.457092523574829,-23.2979679107666,-0.00046874998952262104,-0.39990234375,5.859374869032763e-05,-0.03195800632238388,0.020546874031424522,-3.0,0.0,-0.3199687499989523,0.0,-0.04200390428304673,-0.0,0.04539624999987427,0.0002633150143083185,0.1,0.3106907308101654,3.141592653589793,-3.140516519546509,0.0,0.0,0.0,-0.0
4.461460113525391,-23.2979679107666,-0.00046874998952262104,-0.39990234375,5.859374869032763e-05,-0.03195800632238388,0.020546874031424522,-3.0,0.0,-0.3199687499989523,0.0,-0.04200390428304673,-0.0,0.04539624999987427,0.0002633150143083185,0.1,0.3106907308101654,3.141592653589793,-3.140516519546509,0.0,0.0,0.0,-0.0
4.466216087341309,-23.2979679107666,-0.00046874998952262104,-0.39990234375,5.859374869032763e-05,-0.03195800632238388,0.020546874031424522,-3.0,0.0,-0.3199687499989523,0.0,-0.04200390428304673,-0.0,0.04539624999987427,0.0002633150143083185,0.1,0.3106907308101654,3.141592653589793,-3.140516519546509,0.0,0.0,0.0,-0.0
4.470880031585693,-23.2979679107666,-0.00046874998952262104,-0.39990234375,5.859374869032763e-05,-0.03195800632238388,0.020546874031424522,-3.0,0.0,-0.3199687499989523,0.0,-0.04200390428304673,-0.0,0.04539624999987427,0.0002633150143083185,0.1,0.3106907308101654,3.141592653589793,-3.140516519546509,0.0,0.0,0.0,-0.0
4.475580930709839,-23.2979679107666,-0.00046874998952262104,-0.39990234375,5.859374869032763e-05,-0.03195800632238388,0.020546874031424522,-3.0,0.0,-0.3199687499989523,0.0,-0.04200390428304673,-0.0,0.04539624999987427,0.0002633150143083185,0.1,0.3106907308101654,3.141592653589793,-3.140516519546509,0.0,0.0,0.0,-0.0
4.480008125305176,-23.2979679107666,-0.00046874998952262104,-0.39990234375,5.859374869032763e-05,-0.03195800632238388,0.020546874031424522,-3.0,0.0,-0.3199687499989523,0.0,-0.04200390428304673,-0.0,0.04539624999987427,0.0002633150143083185,0.1,0.3106907308101654,3.141592653589793,-3.140516519546509,0.0,0.0,0.0,-0.0
4.4846415519714355,-23.2979679107666,-0.00046874998952262104,-0.39990234375,5.859374869032763e-05,-0.03195800632238388,0.020546874031424522,-3.0,0.0,-0.3199687499989523,0.0,-0.04200390428304673,-0.0,0.04539624999987427,0.0002633150143083185,0.1,0.3106907308101654,3.141592653589793,-3.140516519546509,0.0,0.0,0.0,-0.0
4.489512205123901,-23.2979679107666,-0.00046874998952262104,-0.39990234375,5.859374869032763e-05,-0.03195800632238388,0.020546874031424522,-3.0,0.0,-0.3199687499989523,0.0,-0.04200390428304673,-0.0,0.04539624999987427,0.0002633150143083185,0.1,0.3106907308101654,3.141592653589793,-3.140516519546509,0.0,0.0,0.0,-0.0
4.493872404098511,-23.2979679107666,-0.00046874998952262104,-0.39990234375,5.859374869032763e-05,-0.03195800632238388,0.020546874031424522,-3.0,0.0,-0.3199687499989523,0.0,-0.04200390428304673,-0.0,0.04539624999987427,0.0002633150143083185,0.1,0.3106907308101654,3.141592653589793,-3.140516519546509,0.0,0.0,0.0,-0.0
4.498583555221558,-23.2979679107666,-0.00046874998952262104,-0.39990234375,5.859374869032763e-05,-0.03195800632238388,0.020546874031424522,-3.0,0.0,-0.3199687499989523,0.0,-0.04200390428304673,-0.0,0.04539624999987427,0.0002633150143083185,0.1,0.3106907308101654,3.141592653589793,-3.140516519546509,0.0,0.0,0.0,-0.0
4.50310492515564,-23.2979679107666,-0.00046874998952262104,-0.39990234375,5.859374869032763e-05,-0.03195800632238388,0.020546874031424522,-3.0,0.0,-0.3199687499989523,0.0,-0.04200390428304673,-0.0,0.04539624999987427,0.0002633150143083185,0.1,0.3106907308101654,3.141592653589793,-3.140516519546509,0.0,0.0,0.0,-0.0
4.507854461669922,-23.2979679107666,-0.00046874998952262104,-0.39990234375,5.859374869032763e-05,-0.03195800632238388,0.020546874031424522,-3.0,0.0,-0.3199687499989523,0.0,-0.04200390428304673,-0.0,0.04539624999987427,0.0002633150143083185,0.1,0.3106907308101654,3.141592653589793,-3.140516519546509,0.0,0.0,0.0,-0.0
4.5123207569122314,-23.2979679107666,-0.00046874998952262104,-0.39990234375,5.859374869032763e-05,-0.03195800632238388,0.020546874031424522,-3.0,0.0,-0.3199687499989523,0.0,-0.04200390428304673,-0.0,0.04539624999987427,0.0002633150143083185,0.1,0.3106907308101654,3.141592653589793,-3.140516519546509,0.0,0.0,0.0,-0.0
4.517218828201294,-23.2979679107666,-0.00046874998952262104,-0.39990234375,5.859374869032763e-05,-0.03195800632238388,0.020546874031424522,-3.0,0.0,-0.3199687499989523,0.0,-0.04200390428304673,-0.0,0.04539624999987427,0.0002633150143083185,0.1,0.3106907308101654,3.141592653589793,-3.140516519546509,0.0,0.0,0.0,-0.0
4.522144317626953,-23.2979679107666,-0.00046874998952262104,-0.39990234375,5.859374869032763e-05,-0.03195800632238388,0.020546874031424522,-3.0,0.0,-0.3199687499989523,0.0,-0.04200390428304673,-0.0,0.04539624999987427,0.0002633150143083185,0.1,0.3106907308101654,3.141592653589793,-3.140516519546509,0.0,0.0,0.0,-0.0
4.526571035385132,-23.2979679107666,-0.00046874998952262104,-0.39990234375,5.859374869032763e-05,-0.03195800632238388,0.020546874031424522,-3.0,0.0,-0.3199687499989523,0.0,-0.04200390428304673,-0.0,0.04539624999987427,0.0002633150143083185,0.1,0.3106907308101654,3.141592653589793,-3.140516519546509,0.0,0.0,0.0,-0.0
4.531255483627319,-23.2979679107666,-0.00046874998952262104,-0.39990234375,5.859374869032763e-05,-0.03195800632238388,0.020546874031424522,-3.0,0.0,-0.3199687499989523,0.0,-0.04200390428304673,-0.0,0.04539624999987427,0.0002633150143083185,0.1,0.3106907308101654,3.141592653589793,-3.140516519546509,0.0,0.0,0.0,-0.0
4.536075115203857,-23.2979679107666,-0.00046874998952262104,-0.39990234375,5.859374869032763e-05,-0.03195800632238388,0.020546874031424522,-3.0,0.0,-0.3199687499989523,0.0,-0.04200390428304673,-0.0,0.04539624999987427,0.0002633150143083185,0.1,0.3106907308101654,3.141592653589793,-3.140516519546509,0.0,0.0,0.0,-0.0
4.540618896484375,-23.2979679107666,-0.00046874998952262104,-0.39990234375,5.859374869032763e-05,-0.03195800632238388,0.020546874031424522,-3.0,0.0,-0.3199687499989523,0.0,-0.04200390428304673,-0.0,0.04539624999987427,0.0002633150143083185,0.1,0.3106907308101654,3.141592653589793,-3.140516519546509,0.0,0.0,0.0,-0.0
4.545086145401001,-23.2979679107666,-0.00046874998952262104,-0.39990234375,5.859374869032763e-05,-0.03195800632238388,0.020546874031424522,-3.0,0.0,-0.3199687499989523,0.0,-0.04200390428304673,-0.0,0.04539624999987427,0.0002633150143083185,0.1,0.3106907308101654,3.141592653589793,-3.140516519546509,0.0,0.0,0.0,-0.0
4.549417734146118,-23.2979679107666,-0.00046874998952262104,-0.39990234375,5.859374869032763e-05,-0.03195800632238388,0.020546874031424522,-3.0,0.0,-0.3199687499989523,0.0,-0.04200390428304673,-0.0,0.04539624999987427,0.0002633150143083185,0.1,0.3106907308101654,3.141592653589793,-3.140516519546509,0.0,0.0,0.0,-0.0
4.554082632064819,-23.2979679107666,-0.00046874998952262104,-0.39990234375,5.859374869032763e-05,-0.03195800632238388,0.020546874031424522,-3.0,0.0,-0.3199687499989523,0.0,-0.04200390428304673,-0.0,0.04539624999987427,0.0002633150143083185,0.1,0.3106907308101654,3.141592653589793,-3.140516519546509,0.0,0.0,0.0,-0.0
4.5590691566467285,-23.2979679107666,-0.00046874998952262104,-0.39990234375,5.859374869032763e-05,-0.03195800632238388,0.020546874031424522,-3.0,0.0,-0.3199687499989523,0.0,-0.04200390428304673,-0.0,0.04539624999987427,0.0002633150143083185,0.1,0.3106907308101654,3.141592653589793,-3.140516519546509,0.0,0.0,0.0,-0.0
4.564570665359497,-23.2979679107666,-0.00046874998952262104,-0.39990234375,5.859374869032763e-05,-0.03195800632238388,0.020546874031424522,-3.0,0.0,-0.3199687499989523,0.0,-0.04200390428304673,-0.0,0.04539624999987427,0.0002633150143083185,0.1,0.3106907308101654,3.141592653589793,-3.140516519546509,0.0,0.0,0.0,-0.0
4.569201469421387,-23.2979679107666,-0.00046874998952262104,-0.39990234375,5.859374869032763e-05,-0.03195800632238388,0.020546874031424522,-3.0,0.0,-0.3199687499989523,0.0,-0.04200390428304673,-0.0,0.04539624999987427,0.0002633150143083185,0.1,0.3106907308101654,3.141592653589793,-3.140516519546509,0.0,0.0,0.0,-0.0
4.573915243148804,-23.2979679107666,-0.00046874998952262104,-0.39990234375,5.859374869032763e-05,-0.03195800632238388,0.020546874031424522,-3.0,0.0,-0.3199687499989523,0.0,-0.04200390428304673,-0.0,0.04539624999987427,0.0002633150143083185,0.1,0.3106907308101654,3.141592653589793,-3.140516519546509,0.0,0.0,0.0,-0.0
4.578650236129761,-23.2979679107666,-0.00046874998952262104,-0.39990234375,5.859374869032763e-05,-0.03195800632238388,0.020546874031424522,-3.0,0.0,-0.3199687499989523,0.0,-0.04200390428304673,-0.0,0.04539624999987427,0.0002633150143083185,0.1,0.3106907308101654,3.141592653589793,-3.140516519546509,0.0,0.0,0.0,-0.0
4.583328008651733,-23.2979679107666,-0.00046874998952262104,-0.39990234375,5.859374869032763e-05,-0.03195800632238388,0.020546874031424522,-3.0,0.0,-0.3199687499989523,0.0,-0.04200390428304673,-0.0,0.04539624999987427,0.0002633150143083185,0.1,0.3106907308101654,3.141592653589793,-3.140516519546509,0.0,0.0,0.0,-0.0
4.587905406951904,-23.2979679107666,-0.00046874998952262104,-0.39990234375,5.859374869032763e-05,-0.03195800632238388,0.020546874031424522,-3.0,0.0,-0.3199687499989523,0.0,-0.04200390428304673,-0.0,0.04539624999987427,0.0002633150143083185,0.1,0.3106907308101654,3.141592653589793,-3.140516519546509,0.0,0.0,0.0,-0.0
4.592585325241089,-23.2979679107666,-0.00046874998952262104,-0.39990234375,5.859374869032763e-05,-0.03195800632238388,0.020546874031424522,-3.0,0.0,-0.3199687499989523,0.0,-0.04200390428304673,-0.0,0.04539624999987427,0.0002633150143083185,0.1,0.3106907308101654,3.141592653589793,-3.140516519546509,0.0,0.0,0.0,-0.0
4.5972864627838135,-23.2979679107666,-0.00046874998952262104,-0.39990234375,5.859374869032763e-05,-0.03195800632238388,0.020546874031424522,-3.0,0.0,-0.3199687499989523,0.0,-0.04200390428304673,-0.0,0.04539624999987427,0.0002633150143083185,0.1,0.3106907308101654,3.141592653589793,-3.140516519546509,0.0,0.0,0.0,-0.0
4.602122783660889,-23.2979679107666,-0.00046874998952262104,-0.39990234375,5.859374869032763e-05,-0.03195800632238388,0.020546874031424522,-3.0,0.0,-0.3199687499989523,0.0,-0.04200390428304673,-0.0,0.04539624999987427,0.0002633150143083185,0.1,0.3106907308101654,3.141592653589793,-3.140516519546509,0.0,0.0,0.0,-0.0
4.606731653213501,-23.2979679107666,-0.00046874998952262104,-0.39990234375,5.859374869032763e-05,-0.03195800632238388,0.020546874031424522,-3.0,0.0,-0.3199687499989523,0.0,-0.04200390428304673,-0.0,0.04539624999987427,0.0002633150143083185,0.1,0.3106907308101654,3.141592653589793,-3.140516519546509,0.0,0.0,0.0,-0.0
4.611117124557495,-23.2979679107666,-0.00046874998952262104,-0.39990234375,5.859374869032763e-05,-0.03195800632238388,0.020546874031424522,-3.0,0.0,-0.3199687499989523,0.0,-0.04200390428304673,-0.0,0.04539624999987427,0.0002633150143083185,0.1,0.3106907308101654,3.141592653589793,-3.140516519546509,0.0,0.0,0.0,-0.0
4.6161603927612305,-23.2979679107666,-0.00046874998952262104,-0.39990234375,5.859374869032763e-05,-0.03195800632238388,0.020546874031424522,-3.0,0.0,-0.3199687499989523,0.0,-0.04200390428304673,-0.0,0.04539624999987427,0.0002633150143083185,0.1,0.3106907308101654,3.141592653589793,-3.140516519546509,0.0,0.0,0.0,-0.0
4.620770454406738,-23.2979679107666,-0.00046874998952262104,-0.39990234375,5.859374869032763e-05,-0.03195800632238388,0.020546874031424522,-3.0,0.0,-0.3199687499989523,0.0,-0.04200390428304673,-0.0,0.04539624999987427,0.0002633150143083185,0.1,0.3106907308101654,3.141592653589793,-3.140516519546509,0.0,0.0,0.0,-0.0
4.625309944152832,-23.2979679107666,-0.00046874998952262104,-0.39990234375,5.859374869032763e-05,-0.03195800632238388,0.020546874031424522,-3.0,0.0,-0.3199687499989523,0.0,-0.04200390428304673,-0.0,0.04539624999987427,0.0002633150143083185,0.1,0.3106907308101654,3.141592653589793,-3.140516519546509,0.0,0.0,0.0,-0.0
4.629709005355835,-23.2979679107666,-0.00046874998952262104,-0.39990234375,5.859374869032763e-05,-0.03195800632238388,0.020546874031424522,-3.0,0.0,-0.3199687499989523,0.0,-0.04200390428304673,-0.0,0.04539624999987427,0.0002633150143083185,0.1,0.3106907308101654,3.141592653589793,-3.140516519546509,0.0,0.0,0.0,-0.0
4.634473085403442,-23.2979679107666,-0.00046874998952262104,-0.39990234375,5.859374869032763e-05,-0.03195800632238388,0.020546874031424522,-3.0,0.0,-0.3199687499989523,0.0,-0.04200390428304673,-0.0,0.04539624999987427,0.0002633150143083185,0.1,0.3106907308101654,3.141592653589793,-3.140516519546509,0.0,0.0,0.0,-0.0
4.639354467391968,-23.2979679107666,-0.00046874998952262104,-0.39990234375,5.859374869032763e-05,-0.03195800632238388,0.020546874031424522,-3.0,0.0,-0.3199687499989523,0.0,-0.04200390428304673,-0.0,0.04539624999987427,0.0002633150143083185,0.1,0.3106907308101654,3.141592653589793,-3.140516519546509,0.0,0.0,0.0,-0.0
4.64389967918396,-23.2979679107666,-0.00046874998952262104,-0.39990234375,5.859374869032763e-05,-0.03195800632238388,0.020546874031424522,-3.0,0.0,-0.3199687499989523,0.0,-0.04200390428304673,-0.0,0.04539624999987427,0.0002633150143083185,0.1,0.3106907308101654,3.141592653589793,-3.140516519546509,0.0,0.0,0.0,-0.0
4.648540735244751,-23.2979679107666,-0.00046874998952262104,-0.39990234375,5.859374869032763e-05,-0.03195800632238388,0.020546874031424522,-3.0,0.0,-0.3199687499989523,0.0,-0.04200390428304673,-0.0,0.04539624999987427,0.0002633150143083185,0.1,0.3106907308101654,3.141592653589793,-3.140516519546509,0.0,0.0,0.0,-0.0
4.653243064880371,-23.2979679107666,-0.00046874998952262104,-0.39990234375,5.859374869032763e-05,-0.03195800632238388,0.020546874031424522,-3.0,0.0,-0.3199687499989523,0.0,-0.04200390428304673,-0.0,0.04539624999987427,0.0002633150143083185,0.1,0.3106907308101654,3.141592653589793,-3.140516519546509,0.0,0.0,0.0,-0.0
4.657962799072266,-23.2979679107666,-0.00046874998952262104,-0.39990234375,5.859374869032763e-05,-0.03195800632238388,0.020546874031424522,-3.0,0.0,-0.3199687499989523,0.0,-0.04200390428304673,-0.0,0.04539624999987427,0.0002633150143083185,0.1,0.3106907308101654,3.141592653589793,-3.140516519546509,0.0,0.0,0.0,-0.0
4.6627562046051025,-23.2979679107666,-0.00046874998952262104,-0.39990234375,5.859374869032763e-05,-0.03195800632238388,0.020546874031424522,-3.0,0.0,-0.3199687499989523,0.0,-0.04200390428304673,-0.0,0.04539624999987427,0.0002633150143083185,0.1,0.3106907308101654,3.141592653589793,-3.140516519546509,0.0,0.0,0.0,-0.0
4.667370796203613,-23.2979679107666,-0.00046874998952262104,-0.39990234375,5.859374869032763e-05,-0.03195800632238388,0.020546874031424522,-3.0,0.0,-0.3199687499989523,0.0,-0.04200390428304673,-0.0,0.04539624999987427,0.0002633150143083185,0.1,0.3106907308101654,3.141592653589793,-3.140516519546509,0.0,0.0,0.0,-0.0
4.671825647354126,-23.2979679107666,-0.00046874998952262104,-0.39990234375,5.859374869032763e-05,-0.03195800632238388,0.020546874031424522,-3.0,0.0,-0.3199687499989523,0.0,-0.04200390428304673,-0.0,0.04539624999987427,0.0002633150143083185,0.1,0.3106907308101654,3.141592653589793,-3.140516519546509,0.0,0.0,0.0,-0.0
4.676535367965698,-23.2979679107666,-0.00046874998952262104,-0.39990234375,5.859374869032763e-05,-0.03195800632238388,0.020546874031424522,-3.0,0.0,-0.3199687499989523,0.0,-0.04200390428304673,-0.0,0.04539624999987427,0.0002633150143083185,0.1,0.3106907308101654,3.141592653589793,-3.140516519546509,0.0,0.0,0.0,-0.0
4.681813955307007,-23.2979679107666,-0.00046874998952262104,-0.39990234375,5.859374869032763e-05,-0.03195800632238388,0.020546874031424522,-3.0,0.0,-0.3199687499989523,0.0,-0.04200390428304673,-0.0,0.04539624999987427,0.0002633150143083185,0.1,0.3106907308101654,3.141592653589793,-3.140516519546509,0.0,0.0,0.0,-0.0
4.686402320861816,-23.2979679107666,-0.00046874998952262104,-0.39990234375,5.859374869032763e-05,-0.03195800632238388,0.020546874031424522,-3.0,0.0,-0.3199687499989523,0.0,-0.04200390428304673,-0.0,0.04539624999987427,0.0002633150143083185,0.1,0.3106907308101654,3.141592653589793,-3.140516519546509,0.0,0.0,0.0,-0.0
4.690782308578491,-23.2979679107666,-0.00046874998952262104,-0.39990234375,5.859374869032763e-05,-0.03195800632238388,0.020546874031424522,-3.0,0.0,-0.3199687499989523,0.0,-0.04200390428304673,-0.0,0.04539624999987427,0.0002633150143083185,0.1,0.3106907308101654,3.141592653589793,-3.140516519546509,0.0,0.0,0.0,-0.0
4.695450782775879,-23.2979679107666,-0.00046874998952262104,-0.39990234375,5.859374869032763e-05,-0.03195800632238388,0.020546874031424522,-3.0,0.0,-0.3199687499989523,0.0,-0.04200390428304673,-0.0,0.04539624999987427,0.0002633150143083185,0.1,0.3106907308101654,3.141592653589793,-3.140516519546509,0.0,0.0,0.0,-0.0
4.699810266494751,-23.2979679107666,-0.00046874998952262104,-0.39990234375,5.859374869032763e-05,-0.03195800632238388,0.020546874031424522,-3.0,0.0,-0.3199687499989523,0.0,-0.04200390428304673,-0.0,0.04539624999987427,0.0002633150143083185,0.1,0.3106907308101654,3.141592653589793,-3.140516519546509,0.0,0.0,0.0,-0.0
4.704585075378418,-23.2979679107666,-0.00046874998952262104,-0.39990234375,5.859374869032763e-05,-0.03195800632238388,0.020546874031424522,-3.0,0.0,-0.3199687499989523,0.0,-0.04200390428304673,-0.0,0.04539624999987427,0.0002633150143083185,0.1,0.3106907308101654,3.141592653589793,-3.140516519546509,0.0,0.0,0.0,-0.0
4.7092132568359375,-23.2979679107666,-0.00046874998952262104,-0.39990234375,5.859374869032763e-05,-0.03195800632238388,0.020546874031424522,-3.0,0.0,-0.3199687499989523,0.0,-0.04200390428304673,-0.0,0.04539624999987427,0.0002633150143083185,0.1,0.3106907308101654,3.141592653589793,-3.140516519546509,0.0,0.0,0.0,-0.0
4.713604211807251,-23.2979679107666,-0.00046874998952262104,-0.39990234375,5.859374869032763e-05,-0.03195800632238388,0.020546874031424522,-3.0,0.0,-0.3199687499989523,0.0,-0.04200390428304673,-0.0,0.04539624999987427,0.0002633150143083185,0.1,0.3106907308101654,3.141592653589793,-3.140516519546509,0.0,0.0,0.0,-0.0
4.718417644500732,-23.2979679107666,-0.00046874998952262104,-0.39990234375,5.859374869032763e-05,-0.03195800632238388,0.020546874031424522,-3.0,0.0,-0.3199687499989523,0.0,-0.04200390428304673,-0.0,0.04539624999987427,0.0002633150143083185,0.1,0.3106907308101654,3.141592653589793,-3.140516519546509,0.0,0.0,0.0,-0.0
4.723186492919922,-23.2979679107666,-0.00046874998952262104,-0.39990234375,5.859374869032763e-05,-0.03195800632238388,0.020546874031424522,-3.0,0.0,-0.3199687499989523,0.0,-0.04200390428304673,-0.0,0.04539624999987427,0.0002633150143083185,0.1,0.3106907308101654,3.141592653589793,-3.140516519546509,0.0,0.0,0.0,-0.0
4.727997303009033,-23.2979679107666,-0.00046874998952262104,-0.39990234375,5.859374869032763e-05,-0.03195800632238388,0.020546874031424522,-3.0,0.0,-0.3199687499989523,0.0,-0.04200390428304673,-0.0,0.04539624999987427,0.0002633150143083185,0.1,0.3106907308101654,3.141592653589793,-3.140516519546509,0.0,0.0,0.0,-0.0
4.733080863952637,-23.2979679107666,-0.00046874998952262104,-0.39990234375,5.859374869032763e-05,-0.03195800632238388,0.020546874031424522,-3.0,0.0,-0.3199687499989523,0.0,-0.04200390428304673,-0.0,0.04539624999987427,0.0002633150143083185,0.1,0.3106907308101654,3.141592653589793,-3.140516519546509,0.0,0.0,0.0,-0.0
4.7375102043151855,-23.2979679107666,-0.00046874998952262104,-0.39990234375,5.859374869032763e-05,-0.03195800632238388,0.020546874031424522,-3.0,0.0,-0.3199687499989523,0.0,-0.04200390428304673,-0.0,0.04539624999987427,0.0002633150143083185,0.1,0.3106907308101654,3.141592653589793,-3.140516519546509,0.0,0.0,0.0,-0.0
4.74191689491272,-23.2979679107666,-0.00046874998952262104,-0.39990234375,5.859374869032763e-05,-0.03195800632238388,0.020546874031424522,-3.0,0.0,-0.3199687499989523,0.0,-0.04200390428304673,-0.0,0.04539624999987427,0.0002633150143083185,0.1,0.3106907308101654,3.141592653589793,-3.140516519546509,0.0,0.0,0.0,-0.0
4.746253967285156,-23.2979679107666,-0.00046874998952262104,-0.39990234375,5.859374869032763e-05,-0.03195800632238388,0.020546874031424522,-3.0,0.0,-0.3199687499989523,0.0,-0.04200390428304673,-0.0,0.04539624999987427,0.0002633150143083185,0.1,0.3106907308101654,3.141592653589793,-3.140516519546509,0.0,0.0,0.0,-0.0
4.751009464263916,-23.2979679107666,-0.00046874998952262104,-0.39990234375,5.859374869032763e-05,-0.03195800632238388,0.020546874031424522,-3.0,0.0,-0.3199687499989523,0.0,-0.04200390428304673,-0.0,0.04539624999987427,0.0002633150143083185,0.1,0.3106907308101654,3.141592653589793,-3.140516519546509,0.0,0.0,0.0,-0.0
4.755776643753052,-23.2979679107666,-0.00046874998952262104,-0.39990234375,5.859374869032763e-05,-0.03195800632238388,0.020546874031424522,-3.0,0.0,-0.3199687499989523,0.0,-0.04200390428304673,-0.0,0.04539624999987427,0.0002633150143083185,0.1,0.3106907308101654,3.141592653589793,-3.140516519546509,0.0,0.0,0.0,-0.0
4.760566234588623,-23.2979679107666,-0.00046874998952262104,-0.39990234375,5.859374869032763e-05,-0.03195800632238388,0.020546874031424522,-3.0,0.0,-0.3199687499989523,0.0,-0.04200390428304673,-0.0,0.04539624999987427,0.0002633150143083185,0.1,0.3106907308101654,3.141592653589793,-3.140516519546509,0.0,0.0,0.0,-0.0
4.765073537826538,-23.2979679107666,-0.00046874998952262104,-0.39990234375,5.859374869032763e-05,-0.03195800632238388,0.020546874031424522,-3.0,0.0,-0.3199687499989523,0.0,-0.04200390428304673,-0.0,0.04539624999987427,0.0002633150143083185,0.1,0.3106907308101654,3.141592653589793,-3.140516519546509,0.0,0.0,0.0,-0.0
4.770115852355957,-23.2979679107666,-0.00046874998952262104,-0.39990234375,5.859374869032763e-05,-0.03195800632238388,0.020546874031424522,-3.0,0.0,-0.3199687499989523,0.0,-0.04200390428304673,-0.0,0.04539624999987427,0.0002633150143083185,0.1,0.3106907308101654,3.141592653589793,-3.140516519546509,0.0,0.0,0.0,-0.0
4.774927377700806,-23.2979679107666,-0.00046874998952262104,-0.39990234375,5.859374869032763e-05,-0.03195800632238388,0.020546874031424522,-3.0,0.0,-0.3199687499989523,0.0,-0.04200390428304673,-0.0,0.04539624999987427,0.0002633150143083185,0.1,0.3106907308101654,3.141592653589793,-3.140516519546509,0.0,0.0,0.0,-0.0
4.779691934585571,-23.2979679107666,-0.00046874998952262104,-0.39990234375,5.859374869032763e-05,-0.03195800632238388,0.020546874031424522,-3.0,0.0,-0.3199687499989523,0.0,-0.04200390428304673,-0.0,0.04539624999987427,0.0002633150143083185,0.1,0.3106907308101654,3.141592653589793,-3.140516519546509,0.0,0.0,0.0,-0.0
4.784566164016724,-23.2979679107666,-0.00046874998952262104,-0.39990234375,5.859374869032763e-05,-0.03195800632238388,0.020546874031424522,-3.0,0.0,-0.3199687499989523,0.0,-0.04200390428304673,-0.0,0.04539624999987427,0.0002633150143083185,0.1,0.3106907308101654,3.141592653589793,-3.140516519546509,0.0,0.0,0.0,-0.0
4.789210796356201,-23.2979679107666,-0.00046874998952262104,-0.39990234375,5.859374869032763e-05,-0.03195800632238388,0.020546874031424522,-3.0,0.0,-0.3199687499989523,0.0,-0.04200390428304673,-0.0,0.04539624999987427,0.0002633150143083185,0.1,0.3106907308101654,3.141592653589793,-3.140516519546509,0.0,0.0,0.0,-0.0
4.793592691421509,-23.2979679107666,-0.00046874998952262104,-0.39990234375,5.859374869032763e-05,-0.03195800632238388,0.020546874031424522,-3.0,0.0,-0.3199687499989523,0.0,-0.04200390428304673,-0.0,0.04539624999987427,0.0002633150143083185,0.1,0.3106907308101654,3.141592653589793,-3.140516519546509,0.0,0.0,0.0,-0.0
4.798358678817749,-23.2979679107666,-0.00046874998952262104,-0.39990234375,5.859374869032763e-05,-0.03195800632238388,0.020546874031424522,-3.0,0.0,-0.3199687499989523,0.0,-0.04200390428304673,-0.0,0.04539624999987427,0.0002633150143083185,0.1,0.3106907308101654,3.141592653589793,-3.140516519546509,0.0,0.0,0.0,-0.0
4.80306601524353,-23.2979679107666,-0.00046874998952262104,-0.39990234375,5.859374869032763e-05,-0.03195800632238388,0.020546874031424522,-3.0,0.0,-0.3199687499989523,0.0,-0.04200390428304673,-0.0,0.04539624999987427,0.0002633150143083185,0.1,0.3106907308101654,3.141592653589793,-3.140516519546509,0.0,0.0,0.0,-0.0
4.807658672332764,-23.2979679107666,-0.00046874998952262104,-0.39990234375,5.859374869032763e-05,-0.03195800632238388,0.020546874031424522,-3.0,0.0,-0.3199687499989523,0.0,-0.04200390428304673,-0.0,0.04539624999987427,0.0002633150143083185,0.1,0.3106907308101654,3.141592653589793,-3.140516519546509,0.0,0.0,0.0,-0.0
4.812489986419678,-23.2979679107666,-0.00046874998952262104,-0.39990234375,5.859374869032763e-05,-0.03195800632238388,0.020546874031424522,-3.0,0.0,-0.3199687499989523,0.0,-0.04200390428304673,-0.0,0.04539624999987427,0.0002633150143083185,0.1,0.3106907308101654,3.141592653589793,-3.140516519546509,0.0,0.0,0.0,-0.0
4.817116022109985,-23.2979679107666,-0.00046874998952262104,-0.39990234375,5.859374869032763e-05,-0.03195800632238388,0.020546874031424522,-3.0,0.0,-0.3199687499989523,0.0,-0.04200390428304673,-0.0,0.04539624999987427,0.0002633150143083185,0.1,0.3106907308101654,3.141592653589793,-3.140516519546509,0.0,0.0,0.0,-0.0
4.821499824523926,-23.2979679107666,-0.00046874998952262104,-0.39990234375,5.859374869032763e-05,-0.03195800632238388,0.020546874031424522,-3.0,0.0,-0.3199687499989523,0.0,-0.04200390428304673,-0.0,0.04539624999987427,0.0002633150143083185,0.1,0.3106907308101654,3.141592653589793,-3.140516519546509,0.0,0.0,0.0,-0.0
4.826057195663452,-23.2979679107666,-0.00046874998952262104,-0.39990234375,5.859374869032763e-05,-0.03195800632238388,0.020546874031424522,-3.0,0.0,-0.3199687499989523,0.0,-0.04200390428304673,-0.0,0.04539624999987427,0.0002633150143083185,0.1,0.3106907308101654,3.141592653589793,-3.140516519546509,0.0,0.0,0.0,-0.0
4.830497741699219,-23.2979679107666,-0.00046874998952262104,-0.39990234375,5.859374869032763e-05,-0.03195800632238388,0.020546874031424522,-3.0,0.0,-0.3199687499989523,0.0,-0.04200390428304673,-0.0,0.04539624999987427,0.0002633150143083185,0.1,0.3106907308101654,3.141592653589793,-3.140516519546509,0.0,0.0,0.0,-0.0
4.8350136280059814,-23.2979679107666,-0.00046874998952262104,-0.39990234375,5.859374869032763e-05,-0.03195800632238388,0.020546874031424522,-3.0,0.0,-0.3199687499989523,0.0,-0.04200390428304673,-0.0,0.04539624999987427,0.0002633150143083185,0.1,0.3106907308101654,3.141592653589793,-3.140516519546509,0.0,0.0,0.0,-0.0
4.839685916900635,-23.2979679107666,-0.00046874998952262104,-0.39990234375,5.859374869032763e-05,-0.03195800632238388,0.020546874031424522,-3.0,0.0,-0.3199687499989523,0.0,-0.04200390428304673,-0.0,0.04539624999987427,0.0002633150143083185,0.1,0.3106907308101654,3.141592653589793,-3.140516519546509,0.0,0.0,0.0,-0.0
4.844376564025879,-23.2979679107666,-0.00046874998952262104,-0.39990234375,5.859374869032763e-05,-0.03195800632238388,0.020546874031424522,-3.0,0.0,-0.3199687499989523,0.0,-0.04200390428304673,-0.0,0.04539624999987427,0.0002633150143083185,0.1,0.3106907308101654,3.141592653589793,-3.140516519546509,0.0,0.0,0.0,-0.0
4.848772048950195,-23.2979679107666,-0.00046874998952262104,-0.39990234375,5.859374869032763e-05,-0.03195800632238388,0.020546874031424522,-3.0,0.0,-0.3199687499989523,0.0,-0.04200390428304673,-0.0,0.04539624999987427,0.0002633150143083185,0.1,0.3106907308101654,3.141592653589793,-3.140516519546509,0.0,0.0,0.0,-0.0
4.8534181118011475,-23.2979679107666,-0.00046874998952262104,-0.39990234375,5.859374869032763e-05,-0.03195800632238388,0.020546874031424522,-3.0,0.0,-0.3199687499989523,0.0,-0.04200390428304673,-0.0,0.04539624999987427,0.0002633150143083185,0.1,0.3106907308101654,3.141592653589793,-3.140516519546509,0.0,0.0,0.0,-0.0
4.857956409454346,-23.2979679107666,-0.00046874998952262104,-0.39990234375,5.859374869032763e-05,-0.03195800632238388,0.020546874031424522,-3.0,0.0,-0.3199687499989523,0.0,-0.04200390428304673,-0.0,0.04539624999987427,0.0002633150143083185,0.1,0.3106907308101654,3.141592653589793,-3.140516519546509,0.0,0.0,0.0,-0.0
4.86249852180481,-23.2979679107666,-0.00046874998952262104,-0.39990234375,5.859374869032763e-05,-0.03195800632238388,0.020546874031424522,-3.0,0.0,-0.3199687499989523,0.0,-0.04200390428304673,-0.0,0.04539624999987427,0.0002633150143083185,0.1,0.3106907308101654,3.141592653589793,-3.140516519546509,0.0,0.0,0.0,-0.0
4.86756443977356,-23.2979679107666,-0.00046874998952262104,-0.39990234375,5.859374869032763e-05,-0.03195800632238388,0.020546874031424522,-3.0,0.0,-0.3199687499989523,0.0,-0.04200390428304673,-0.0,0.04539624999987427,0.0002633150143083185,0.1,0.3106907308101654,3.141592653589793,-3.140516519546509,0.0,0.0,0.0,-0.0
4.87221884727478,-23.2979679107666,-0.00046874998952262104,-0.39990234375,5.859374869032763e-05,-0.03195800632238388,0.020546874031424522,-3.0,0.0,-0.3199687499989523,0.0,-0.04200390428304673,-0.0,0.04539624999987427,0.0002633150143083185,0.1,0.3106907308101654,3.141592653589793,-3.140516519546509,0.0,0.0,0.0,-0.0
4.87697434425354,-23.2979679107666,-0.00046874998952262104,-0.39990234375,5.859374869032763e-05,-0.03195800632238388,0.020546874031424522,-3.0,0.0,-0.3199687499989523,0.0,-0.04200390428304673,-0.0,0.04539624999987427,0.0002633150143083185,0.1,0.3106907308101654,3.141592653589793,-3.140516519546509,0.0,0.0,0.0,-0.0
4.881554841995239,-23.2979679107666,-0.00046874998952262104,-0.39990234375,5.859374869032763e-05,-0.03195800632238388,0.020546874031424522,-3.0,0.0,-0.3199687499989523,0.0,-0.04200390428304673,-0.0,0.04539624999987427,0.0002633150143083185,0.1,0.3106907308101654,3.141592653589793,-3.140516519546509,0.0,0.0,0.0,-0.0
4.886322021484375,-23.2979679107666,-0.00046874998952262104,-0.39990234375,5.859374869032763e-05,-0.03195800632238388,0.020546874031424522,-3.0,0.0,-0.3199687499989523,0.0,-0.04200390428304673,-0.0,0.04539624999987427,0.0002633150143083185,0.1,0.3106907308101654,3.141592653589793,-3.140516519546509,0.0,0.0,0.0,-0.0
4.891099691390991,-23.2979679107666,-0.00046874998952262104,-0.39990234375,5.859374869032763e-05,-0.03195800632238388,0.020546874031424522,-3.0,0.0,-0.3199687499989523,0.0,-0.04200390428304673,-0.0,0.04539624999987427,0.0002633150143083185,0.1,0.3106907308101654,3.141592653589793,-3.140516519546509,0.0,0.0,0.0,-0.0
4.895997047424316,-23.2979679107666,-0.00046874998952262104,-0.39990234375,5.859374869032763e-05,-0.03195800632238388,0.020546874031424522,-3.0,0.0,-0.3199687499989523,0.0,-0.04200390428304673,-0.0,0.04539624999987427,0.0002633150143083185,0.1,0.3106907308101654,3.141592653589793,-3.140516519546509,0.0,0.0,0.0,-0.0
4.900585174560547,-23.2979679107666,-0.00046874998952262104,-0.39990234375,5.859374869032763e-05,-0.03195800632238388,0.020546874031424522,-3.0,0.0,-0.3199687499989523,0.0,-0.04200390428304673,-0.0,0.04539624999987427,0.0002633150143083185,0.1,0.3106907308101654,3.141592653589793,-3.140516519546509,0.0,0.0,0.0,-0.0
4.905080795288086,-23.2979679107666,-0.00046874998952262104,-0.39990234375,5.859374869032763e-05,-0.03195800632238388,0.020546874031424522,-3.0,0.0,-0.3199687499989523,0.0,-0.04200390428304673,-0.0,0.04539624999987427,0.0002633150143083185,0.1,0.3106907308101654,3.141592653589793,-3.140516519546509,0.0,0.0,0.0,-0.0
4.909781455993652,-23.2979679107666,-0.00046874998952262104,-0.39990234375,5.859374869032763e-05,-0.03195800632238388,0.020546874031424522,-3.0,0.0,-0.3199687499989523,0.0,-0.04200390428304673,-0.0,0.04539624999987427,0.0002633150143083185,0.1,0.3106907308101654,3.141592653589793,-3.140516519546509,0.0,0.0,0.0,-0.0
4.914797067642212,-23.2979679107666,-0.00046874998952262104,-0.39990234375,5.859374869032763e-05,-0.03195800632238388,0.020546874031424522,-3.0,0.0,-0.3199687499989523,0.0,-0.04200390428304673,-0.0,0.04539624999987427,0.0002633150143083185,0.1,0.3106907308101654,3.141592653589793,-3.140516519546509,0.0,0.0,0.0,-0.0
4.919158220291138,-23.2979679107666,-0.00046874998952262104,-0.39990234375,5.859374869032763e-05,-0.03195800632238388,0.020546874031424522,-3.0,0.0,-0.3199687499989523,0.0,-0.04200390428304673,-0.0,0.04539624999987427,0.0002633150143083185,0.1,0.3106907308101654,3.141592653589793,-3.140516519546509,0.0,0.0,0.0,-0.0
4.924220085144043,-23.2979679107666,-0.00046874998952262104,-0.39990234375,5.859374869032763e-05,-0.03195800632238388,0.020546874031424522,-3.0,0.0,-0.3199687499989523,0.0,-0.04200390428304673,-0.0,0.04539624999987427,0.0002633150143083185,0.1,0.3106907308101654,3.141592653589793,-3.140516519546509,0.0,0.0,0.0,-0.0
4.928974390029907,-23.2979679107666,-0.00046874998952262104,-0.39990234375,5.859374869032763e-05,-0.03195800632238388,0.020546874031424522,-3.0,0.0,-0.3199687499989523,0.0,-0.04200390428304673,-0.0,0.04539624999987427,0.0002633150143083185,0.1,0.3106907308101654,3.141592653589793,-3.140516519546509,0.0,0.0,0.0,-0.0
4.9336631298065186,-23.2979679107666,-0.00046874998952262104,-0.39990234375,5.859374869032763e-05,-0.03195800632238388,0.020546874031424522,-3.0,0.0,-0.3199687499989523,0.0,-0.04200390428304673,-0.0,0.04539624999987427,0.0002633150143083185,0.1,0.3106907308101654,3.141592653589793,-3.140516519546509,0.0,0.0,0.0,-0.0
4.938304662704468,-23.2979679107666,-0.00046874998952262104,-0.39990234375,5.859374869032763e-05,-0.03195800632238388,0.020546874031424522,-3.0,0.0,-0.3199687499989523,0.0,-0.04200390428304673,-0.0,0.04539624999987427,0.0002633150143083185,0.1,0.3106907308101654,3.141592653589793,-3.140516519546509,0.0,0.0,0.0,-0.0
4.942972183227539,-23.2979679107666,-0.00046874998952262104,-0.39990234375,5.859374869032763e-05,-0.03195800632238388,0.020546874031424522,-3.0,0.0,-0.3199687499989523,0.0,-0.04200390428304673,-0.0,0.04539624999987427,0.0002633150143083185,0.1,0.3106907308101654,3.141592653589793,-3.140516519546509,0.0,0.0,0.0,-0.0
4.947612285614014,-23.2979679107666,-0.00046874998952262104,-0.39990234375,5.859374869032763e-05,-0.03195800632238388,0.020546874031424522,-3.0,0.0,-0.3199687499989523,0.0,-0.04200390428304673,-0.0,0.04539624999987427,0.0002633150143083185,0.1,0.3106907308101654,3.141592653589793,-3.140516519546509,0.0,0.0,0.0,-0.0
4.952179431915283,-23.2979679107666,-0.00046874998952262104,-0.39990234375,5.859374869032763e-05,-0.03195800632238388,0.020546874031424522,-3.0,0.0,-0.3199687499989523,0.0,-0.04200390428304673,-0.0,0.04539624999987427,0.0002633150143083185,0.1,0.3106907308101654,3.141592653589793,-3.140516519546509,0.0,0.0,0.0,-0.0
4.95694637298584,-23.2979679107666,-0.00046874998952262104,-0.39990234375,5.859374869032763e-05,-0.03195800632238388,0.020546874031424522,-3.0,0.0,-0.3199687499989523,0.0,-0.04200390428304673,-0.0,0.04539624999987427,0.0002633150143083185,0.1,0.3106907308101654,3.141592653589793,-3.140516519546509,0.0,0.0,0.0,-0.0
4.9614856243133545,-23.2979679107666,-0.00046874998952262104,-0.39990234375,5.859374869032763e-05,-0.03195800632238388,0.020546874031424522,-3.0,0.0,-0.3199687499989523,0.0,-0.04200390428304673,-0.0,0.04539624999987427,0.0002633150143083185,0.1,0.3106907308101654,3.141592653589793,-3.140516519546509,0.0,0.0,0.0,-0.0
4.966667652130127,-23.2979679107666,-0.00046874998952262104,-0.39990234375,5.859374869032763e-05,-0.03195800632238388,0.020546874031424522,-3.0,0.0,-0.3199687499989523,0.0,-0.04200390428304673,-0.0,0.04539624999987427,0.0002633150143083185,0.1,0.3106907308101654,3.141592653589793,-3.140516519546509,0.0,0.0,0.0,-0.0
4.97135329246521,-23.2979679107666,-0.00046874998952262104,-0.39990234375,5.859374869032763e-05,-0.03195800632238388,0.020546874031424522,-3.0,0.0,-0.3199687499989523,0.0,-0.04200390428304673,-0.0,0.04539624999987427,0.0002633150143083185,0.1,0.3106907308101654,3.141592653589793,-3.140516519546509,0.0,0.0,0.0,-0.0
4.975869417190552,-23.2979679107666,-0.00046874998952262104,-0.39990234375,5.859374869032763e-05,-0.03195800632238388,0.020546874031424522,-3.0,0.0,-0.3199687499989523,0.0,-0.04200390428304673,-0.0,0.04539624999987427,0.0002633150143083185,0.1,0.3106907308101654,3.141592653589793,-3.140516519546509,0.0,0.0,0.0,-0.0
4.980425596237183,-23.2979679107666,-0.00046874998952262104,-0.39990234375,5.859374869032763e-05,-0.03195800632238388,0.020546874031424522,-3.0,0.0,-0.3199687499989523,0.0,-0.04200390428304673,-0.0,0.04539624999987427,0.0002633150143083185,0.1,0.3106907308101654,3.141592653589793,-3.140516519546509,0.0,0.0,0.0,-0.0
4.9847471714019775,-23.2979679107666,-0.00046874998952262104,-0.39990234375,5.859374869032763e-05,-0.03195800632238388,0.020546874031424522,-3.0,0.0,-0.3199687499989523,0.0,-0.04200390428304673,-0.0,0.04539624999987427,0.0002633150143083185,0.1,0.3106907308101654,3.141592653589793,-3.140516519546509,0.0,0.0,0.0,-0.0
4.989176273345947,-23.2979679107666,-0.00046874998952262104,-0.39990234375,5.859374869032763e-05,-0.03195800632238388,0.020546874031424522,-3.0,0.0,-0.3199687499989523,0.0,-0.04200390428304673,-0.0,0.04539624999987427,0.0002633150143083185,0.1,0.3106907308101654,3.141592653589793,-3.140516519546509,0.0,0.0,0.0,-0.0
4.993847846984863,-23.2979679107666,-0.00046874998952262104,-0.39990234375,5.859374869032763e-05,-0.03195800632238388,0.020546874031424522,-3.0,0.0,-0.3199687499989523,0.0,-0.04200390428304673,-0.0,0.04539624999987427,0.0002633150143083185,0.1,0.3106907308101654,3.141592653589793,-3.140516519546509,0.0,0.0,0.0,-0.0
4.998541831970215,-23.2979679107666,-0.00046874998952262104,-0.39990234375,5.859374869032763e-05,-0.03195800632238388,0.020546874031424522,-3.0,0.0,-0.3199687499989523,0.0,-0.04200390428304673,-0.0,0.04539624999987427,0.0002633150143083185,0.1,0.3106907308101654,3.141592653589793,-3.140516519546509,0.0,0.0,0.0,-0.0
5.003320693969727,-23.2979679107666,-0.00046874998952262104,-0.39990234375,5.859374869032763e-05,-0.03195800632238388,0.020546874031424522,-3.0,0.0,-0.3199687499989523,0.0,-0.04200390428304673,-0.0,0.04539624999987427,0.0002633150143083185,0.1,0.3106907308101654,3.141592653589793,-3.140516519546509,0.0,0.0,0.0,-0.0
5.008066177368164,-23.2979679107666,-0.00046874998952262104,-0.39990234375,5.859374869032763e-05,-0.03195800632238388,0.020546874031424522,-3.0,0.0,-0.3199687499989523,0.0,-0.04200390428304673,-0.0,0.04539624999987427,0.0002633150143083185,0.1,0.3106907308101654,3.141592653589793,-3.140516519546509,0.0,0.0,0.0,-0.0
5.012900114059448,-23.2979679107666,-0.00046874998952262104,-0.39990234375,5.859374869032763e-05,-0.03195800632238388,0.020546874031424522,-3.0,0.0,-0.3199687499989523,0.0,-0.04200390428304673,-0.0,0.04539624999987427,0.0002633150143083185,0.1,0.3106907308101654,3.141592653589793,-3.140516519546509,0.0,0.0,0.0,-0.0
5.017592430114746,-23.2979679107666,-0.00046874998952262104,-0.39990234375,5.859374869032763e-05,-0.03195800632238388,0.020546874031424522,-3.0,0.0,-0.3199687499989523,0.0,-0.04200390428304673,-0.0,0.04539624999987427,0.0002633150143083185,0.1,0.3106907308101654,3.141592653589793,-3.140516519546509,0.0,0.0,0.0,-0.0
5.022281885147095,-23.2979679107666,-0.00046874998952262104,-0.39990234375,5.859374869032763e-05,-0.03195800632238388,0.020546874031424522,-3.0,0.0,-0.3199687499989523,0.0,-0.04200390428304673,-0.0,0.04539624999987427,0.0002633150143083185,0.1,0.3106907308101654,3.141592653589793,-3.140516519546509,0.0,0.0,0.0,-0.0
5.026919603347778,-23.2979679107666,-0.00046874998952262104,-0.39990234375,5.859374869032763e-05,-0.03195800632238388,0.020546874031424522,-3.0,0.0,-0.3199687499989523,0.0,-0.04200390428304673,-0.0,0.04539624999987427,0.0002633150143083185,0.1,0.3106907308101654,3.141592653589793,-3.140516519546509,0.0,0.0,0.0,-0.0
5.031577825546265,-23.2979679107666,-0.00046874998952262104,-0.39990234375,5.859374869032763e-05,-0.03195800632238388,0.020546874031424522,-3.0,0.0,-0.3199687499989523,0.0,-0.04200390428304673,-0.0,0.04539624999987427,0.0002633150143083185,0.1,0.3106907308101654,3.141592653589793,-3.140516519546509,0.0,0.0,0.0,-0.0
5.036240577697754,-23.2979679107666,-0.00046874998952262104,-0.39990234375,5.859374869032763e-05,-0.03195800632238388,0.020546874031424522,-3.0,0.0,-0.3199687499989523,0.0,-0.04200390428304673,-0.0,0.04539624999987427,0.0002633150143083185,0.1,0.3106907308101654,3.141592653589793,-3.140516519546509,0.0,0.0,0.0,-0.0
5.040905714035034,-23.2979679107666,-0.00046874998952262104,-0.39990234375,5.859374869032763e-05,-0.03195800632238388,0.020546874031424522,-3.0,0.0,-0.3199687499989523,0.0,-0.04200390428304673,-0.0,0.04539624999987427,0.0002633150143083185,0.1,0.3106907308101654,3.141592653589793,-3.140516519546509,0.0,0.0,0.0,-0.0
5.045516014099121,-23.2979679107666,-0.00046874998952262104,-0.39990234375,5.859374869032763e-05,-0.03195800632238388,0.020546874031424522,-3.0,0.0,-0.3199687499989523,0.0,-0.04200390428304673,-0.0,0.04539624999987427,0.0002633150143083185,0.1,0.3106907308101654,3.141592653589793,-3.140516519546509,0.0,0.0,0.0,-0.0
5.049894094467163,-23.2979679107666,-0.00046874998952262104,-0.39990234375,5.859374869032763e-05,-0.03195800632238388,0.020546874031424522,-3.0,0.0,-0.3199687499989523,0.0,-0.04200390428304673,-0.0,0.04539624999987427,0.0002633150143083185,0.1,0.3106907308101654,3.141592653589793,-3.140516519546509,0.0,0.0,0.0,-0.0
5.054689407348633,-23.2979679107666,-0.00046874998952262104,-0.39990234375,5.859374869032763e-05,-0.03195800632238388,0.020546874031424522,-3.0,0.0,-0.3199687499989523,0.0,-0.04200390428304673,-0.0,0.04539624999987427,0.0002633150143083185,0.1,0.3106907308101654,3.141592653589793,-3.140516519546509,0.0,0.0,0.0,-0.0
5.059597969055176,-23.2979679107666,-0.00046874998952262104,-0.39990234375,5.859374869032763e-05,-0.03195800632238388,0.020546874031424522,-3.0,0.0,-0.3199687499989523,0.0,-0.04200390428304673,-0.0,0.04539624999987427,0.0002633150143083185,0.1,0.3106907308101654,3.141592653589793,-3.140516519546509,0.0,0.0,0.0,-0.0
5.06452751159668,-23.2979679107666,-0.00046874998952262104,-0.39990234375,5.859374869032763e-05,-0.03195800632238388,0.020546874031424522,-3.0,0.0,-0.3199687499989523,0.0,-0.04200390428304673,-0.0,0.04539624999987427,0.0002633150143083185,0.1,0.3106907308101654,3.141592653589793,-3.140516519546509,0.0,0.0,0.0,-0.0
5.069216012954712,-23.2979679107666,-0.00046874998952262104,-0.39990234375,5.859374869032763e-05,-0.03195800632238388,0.020546874031424522,-3.0,0.0,-0.3199687499989523,0.0,-0.04200390428304673,-0.0,0.04539624999987427,0.0002633150143083185,0.1,0.3106907308101654,3.141592653589793,-3.140516519546509,0.0,0.0,0.0,-0.0
5.0738844871521,-23.2979679107666,-0.00046874998952262104,-0.39990234375,5.859374869032763e-05,-0.03195800632238388,0.020546874031424522,-3.0,0.0,-0.3199687499989523,0.0,-0.04200390428304673,-0.0,0.04539624999987427,0.0002633150143083185,0.1,0.3106907308101654,3.141592653589793,-3.140516519546509,0.0,0.0,0.0,-0.0
5.0784571170806885,-23.2979679107666,-0.00046874998952262104,-0.39990234375,5.859374869032763e-05,-0.03195800632238388,0.020546874031424522,-3.0,0.0,-0.3199687499989523,0.0,-0.04200390428304673,-0.0,0.04539624999987427,0.0002633150143083185,0.1,0.3106907308101654,3.141592653589793,-3.140516519546509,0.0,0.0,0.0,-0.0
5.08295750617981,-23.2979679107666,-0.00046874998952262104,-0.39990234375,5.859374869032763e-05,-0.03195800632238388,0.020546874031424522,-3.0,0.0,-0.3199687499989523,0.0,-0.04200390428304673,-0.0,0.04539624999987427,0.0002633150143083185,0.1,0.3106907308101654,3.141592653589793,-3.140516519546509,0.0,0.0,0.0,-0.0
5.087613582611084,-23.2979679107666,-0.00046874998952262104,-0.39990234375,5.859374869032763e-05,-0.03195800632238388,0.020546874031424522,-3.0,0.0,-0.3199687499989523,0.0,-0.04200390428304673,-0.0,0.04539624999987427,0.0002633150143083185,0.1,0.3106907308101654,3.141592653589793,-3.140516519546509,0.0,0.0,0.0,-0.0
5.092402458190918,-23.2979679107666,-0.00046874998952262104,-0.39990234375,5.859374869032763e-05,-0.03195800632238388,0.020546874031424522,-3.0,0.0,-0.3199687499989523,0.0,-0.04200390428304673,-0.0,0.04539624999987427,0.0002633150143083185,0.1,0.3106907308101654,3.141592653589793,-3.140516519546509,0.0,0.0,0.0,-0.0
5.0974345207214355,-23.2979679107666,-0.00046874998952262104,-0.39990234375,5.859374869032763e-05,-0.03195800632238388,0.020546874031424522,-3.0,0.0,-0.3199687499989523,0.0,-0.04200390428304673,-0.0,0.04539624999987427,0.0002633150143083185,0.1,0.3106907308101654,3.141592653589793,-3.140516519546509,0.0,0.0,0.0,-0.0
5.102155447006226,-23.2979679107666,-0.00046874998952262104,-0.39990234375,5.859374869032763e-05,-0.03195800632238388,0.020546874031424522,-3.0,0.0,-0.3199687499989523,0.0,-0.04200390428304673,-0.0,0.04539624999987427,0.0002633150143083185,0.1,0.3106907308101654,3.141592653589793,-3.140516519546509,0.0,0.0,0.0,-0.0
5.107243061065674,-23.2979679107666,-0.00046874998952262104,-0.39990234375,5.859374869032763e-05,-0.03195800632238388,0.020546874031424522,-3.0,0.0,-0.3199687499989523,0.0,-0.04200390428304673,-0.0,0.04539624999987427,0.0002633150143083185,0.1,0.3106907308101654,3.141592653589793,-3.140516519546509,0.0,0.0,0.0,-0.0
5.111992359161377,-23.2979679107666,-0.00046874998952262104,-0.39990234375,5.859374869032763e-05,-0.03195800632238388,0.020546874031424522,-3.0,0.0,-0.3199687499989523,0.0,-0.04200390428304673,-0.0,0.04539624999987427,0.0002633150143083185,0.1,0.3106907308101654,3.141592653589793,-3.140516519546509,0.0,0.0,0.0,-0.0
5.116531848907471,-23.2979679107666,-0.00046874998952262104,-0.39990234375,5.859374869032763e-05,-0.03195800632238388,0.020546874031424522,-3.0,0.0,-0.3199687499989523,0.0,-0.04200390428304673,-0.0,0.04539624999987427,0.0002633150143083185,0.1,0.3106907308101654,3.141592653589793,-3.140516519546509,0.0,0.0,0.0,-0.0
5.121262788772583,-23.2979679107666,-0.00046874998952262104,-0.39990234375,5.859374869032763e-05,-0.03195800632238388,0.020546874031424522,-3.0,0.0,-0.3199687499989523,0.0,-0.04200390428304673,-0.0,0.04539624999987427,0.0002633150143083185,0.1,0.3106907308101654,3.141592653589793,-3.140516519546509,0.0,0.0,0.0,-0.0
5.126205921173096,-23.2979679107666,-0.00046874998952262104,-0.39990234375,5.859374869032763e-05,-0.03195800632238388,0.020546874031424522,-3.0,0.0,-0.3199687499989523,0.0,-0.04200390428304673,-0.0,0.04539624999987427,0.0002633150143083185,0.1,0.3106907308101654,3.141592653589793,-3.140516519546509,0.0,0.0,0.0,-0.0
5.1308159828186035,-23.2979679107666,-0.00046874998952262104,-0.39990234375,5.859374869032763e-05,-0.03195800632238388,0.020546874031424522,-3.0,0.0,-0.3199687499989523,0.0,-0.04200390428304673,-0.0,0.04539624999987427,0.0002633150143083185,0.1,0.3106907308101654,3.141592653589793,-3.140516519546509,0.0,0.0,0.0,-0.0
5.135469198226929,-23.2979679107666,-0.00046874998952262104,-0.39990234375,5.859374869032763e-05,-0.03195800632238388,0.020546874031424522,-3.0,0.0,-0.3199687499989523,0.0,-0.04200390428304673,-0.0,0.04539624999987427,0.0002633150143083185,0.1,0.3106907308101654,3.141592653589793,-3.140516519546509,0.0,0.0,0.0,-0.0
5.140275716781616,-23.2979679107666,-0.00046874998952262104,-0.39990234375,5.859374869032763e-05,-0.03195800632238388,0.020546874031424522,-3.0,0.0,-0.3199687499989523,0.0,-0.04200390428304673,-0.0,0.04539624999987427,0.0002633150143083185,0.1,0.3106907308101654,3.141592653589793,-3.140516519546509,0.0,0.0,0.0,-0.0
5.145100831985474,-23.2979679107666,-0.00046874998952262104,-0.39990234375,5.859374869032763e-05,-0.03195800632238388,0.020546874031424522,-3.0,0.0,-0.3199687499989523,0.0,-0.04200390428304673,-0.0,0.04539624999987427,0.0002633150143083185,0.1,0.3106907308101654,3.141592653589793,-3.140516519546509,0.0,0.0,0.0,-0.0
5.149480819702148,-23.2979679107666,-0.00046874998952262104,-0.39990234375,5.859374869032763e-05,-0.03195800632238388,0.020546874031424522,-3.0,0.0,-0.3199687499989523,0.0,-0.04200390428304673,-0.0,0.04539624999987427,0.0002633150143083185,0.1,0.3106907308101654,3.141592653589793,-3.140516519546509,0.0,0.0,0.0,-0.0
5.153907060623169,-23.2979679107666,-0.00046874998952262104,-0.39990234375,5.859374869032763e-05,-0.03195800632238388,0.020546874031424522,-3.0,0.0,-0.3199687499989523,0.0,-0.04200390428304673,-0.0,0.04539624999987427,0.0002633150143083185,0.1,0.3106907308101654,3.141592653589793,-3.140516519546509,0.0,0.0,0.0,-0.0
5.15860915184021,-23.2979679107666,-0.00046874998952262104,-0.39990234375,5.859374869032763e-05,-0.03195800632238388,0.020546874031424522,-3.0,0.0,-0.3199687499989523,0.0,-0.04200390428304673,-0.0,0.04539624999987427,0.0002633150143083185,0.1,0.3106907308101654,3.141592653589793,-3.140516519546509,0.0,0.0,0.0,-0.0
5.163480758666992,-23.2979679107666,-0.00046874998952262104,-0.39990234375,5.859374869032763e-05,-0.03195800632238388,0.020546874031424522,-3.0,0.0,-0.3199687499989523,0.0,-0.04200390428304673,-0.0,0.04539624999987427,0.0002633150143083185,0.1,0.3106907308101654,3.141592653589793,-3.140516519546509,0.0,0.0,0.0,-0.0
5.168214321136475,-23.2979679107666,-0.00046874998952262104,-0.39990234375,5.859374869032763e-05,-0.03195800632238388,0.020546874031424522,-3.0,0.0,-0.3199687499989523,0.0,-0.04200390428304673,-0.0,0.04539624999987427,0.0002633150143083185,0.1,0.3106907308101654,3.141592653589793,-3.140516519546509,0.0,0.0,0.0,-0.0
5.172930002212524,-23.2979679107666,-0.00046874998952262104,-0.39990234375,5.859374869032763e-05,-0.03195800632238388,0.020546874031424522,-3.0,0.0,-0.3199687499989523,0.0,-0.04200390428304673,-0.0,0.04539624999987427,0.0002633150143083185,0.1,0.3106907308101654,3.141592653589793,-3.140516519546509,0.0,0.0,0.0,-0.0
5.177319049835205,-23.2979679107666,-0.00046874998952262104,-0.39990234375,5.859374869032763e-05,-0.03195800632238388,0.020546874031424522,-3.0,0.0,-0.3199687499989523,0.0,-0.04200390428304673,-0.0,0.04539624999987427,0.0002633150143083185,0.1,0.3106907308101654,3.141592653589793,-3.140516519546509,0.0,0.0,0.0,-0.0
5.182210206985474,-23.2979679107666,-0.00046874998952262104,-0.39990234375,5.859374869032763e-05,-0.03195800632238388,0.020546874031424522,-3.0,0.0,-0.3199687499989523,0.0,-0.04200390428304673,-0.0,0.04539624999987427,0.0002633150143083185,0.1,0.3106907308101654,3.141592653589793,-3.140516519546509,0.0,0.0,0.0,-0.0
5.186945676803589,-23.2979679107666,-0.00046874998952262104,-0.39990234375,5.859374869032763e-05,-0.03195800632238388,0.020546874031424522,-3.0,0.0,-0.3199687499989523,0.0,-0.04200390428304673,-0.0,0.04539624999987427,0.0002633150143083185,0.1,0.3106907308101654,3.141592653589793,-3.140516519546509,0.0,0.0,0.0,-0.0
5.191326379776001,-23.2979679107666,-0.00046874998952262104,-0.39990234375,5.859374869032763e-05,-0.03195800632238388,0.020546874031424522,-3.0,0.0,-0.3199687499989523,0.0,-0.04200390428304673,-0.0,0.04539624999987427,0.0002633150143083185,0.1,0.3106907308101654,3.141592653589793,-3.140516519546509,0.0,0.0,0.0,-0.0
5.196086168289185,-23.2979679107666,-0.00046874998952262104,-0.39990234375,5.859374869032763e-05,-0.03195800632238388,0.020546874031424522,-3.0,0.0,-0.3199687499989523,0.0,-0.04200390428304673,-0.0,0.04539624999987427,0.0002633150143083185,0.1,0.3106907308101654,3.141592653589793,-3.140516519546509,0.0,0.0,0.0,-0.0
5.200859308242798,-23.2979679107666,-0.00046874998952262104,-0.39990234375,5.859374869032763e-05,-0.03195800632238388,0.020546874031424522,-3.0,0.0,-0.3199687499989523,0.0,-0.04200390428304673,-0.0,0.04539624999987427,0.0002633150143083185,0.1,0.3106907308101654,3.141592653589793,-3.140516519546509,0.0,0.0,0.0,-0.0
5.205565452575684,-23.2979679107666,-0.00046874998952262104,-0.39990234375,5.859374869032763e-05,-0.03195800632238388,0.020546874031424522,-3.0,0.0,-0.3199687499989523,0.0,-0.04200390428304673,-0.0,0.04539624999987427,0.0002633150143083185,0.1,0.3106907308101654,3.141592653589793,-3.140516519546509,0.0,0.0,0.0,-0.0
5.210306882858276,-23.2979679107666,-0.00046874998952262104,-0.39990234375,5.859374869032763e-05,-0.03195800632238388,0.020546874031424522,-3.0,0.0,-0.3199687499989523,0.0,-0.04200390428304673,-0.0,0.04539624999987427,0.0002633150143083185,0.1,0.3106907308101654,3.141592653589793,-3.140516519546509,0.0,0.0,0.0,-0.0
5.215078830718994,-23.2979679107666,-0.00046874998952262104,-0.39990234375,5.859374869032763e-05,-0.03195800632238388,0.020546874031424522,-3.0,0.0,-0.3199687499989523,0.0,-0.04200390428304673,-0.0,0.04539624999987427,0.0002633150143083185,0.1,0.3106907308101654,3.141592653589793,-3.140516519546509,0.0,0.0,0.0,-0.0
5.219757795333862,-23.2979679107666,-0.00046874998952262104,-0.39990234375,5.859374869032763e-05,-0.03195800632238388,0.020546874031424522,-3.0,0.0,-0.3199687499989523,0.0,-0.04200390428304673,-0.0,0.04539624999987427,0.0002633150143083185,0.1,0.3106907308101654,3.141592653589793,-3.140516519546509,0.0,0.0,0.0,-0.0
5.224468946456909,-23.2979679107666,-0.00046874998952262104,-0.39990234375,5.859374869032763e-05,-0.03195800632238388,0.020546874031424522,-3.0,0.0,-0.3199687499989523,0.0,-0.04200390428304673,-0.0,0.04539624999987427,0.0002633150143083185,0.1,0.3106907308101654,3.141592653589793,-3.140516519546509,0.0,0.0,0.0,-0.0
5.22912859916687,-23.2979679107666,-0.00046874998952262104,-0.39990234375,5.859374869032763e-05,-0.03195800632238388,0.020546874031424522,-3.0,0.0,-0.3199687499989523,0.0,-0.04200390428304673,-0.0,0.04539624999987427,0.0002633150143083185,0.1,0.3106907308101654,3.141592653589793,-3.140516519546509,0.0,0.0,0.0,-0.0
5.233812093734741,-23.2979679107666,-0.00046874998952262104,-0.39990234375,5.859374869032763e-05,-0.03195800632238388,0.020546874031424522,-3.0,0.0,-0.3199687499989523,0.0,-0.04200390428304673,-0.0,0.04539624999987427,0.0002633150143083185,0.1,0.3106907308101654,3.141592653589793,-3.140516519546509,0.0,0.0,0.0,-0.0
5.23833441734314,-23.2979679107666,-0.00046874998952262104,-0.39990234375,5.859374869032763e-05,-0.03195800632238388,0.020546874031424522,-3.0,0.0,-0.3199687499989523,0.0,-0.04200390428304673,-0.0,0.04539624999987427,0.0002633150143083185,0.1,0.3106907308101654,3.141592653589793,-3.140516519546509,0.0,0.0,0.0,-0.0
5.242731809616089,-23.2979679107666,-0.00046874998952262104,-0.39990234375,5.859374869032763e-05,-0.03195800632238388,0.020546874031424522,-3.0,0.0,-0.3199687499989523,0.0,-0.04200390428304673,-0.0,0.04539624999987427,0.0002633150143083185,0.1,0.3106907308101654,3.141592653589793,-3.140516519546509,0.0,0.0,0.0,-0.0
5.247153282165527,-23.2979679107666,-0.00046874998952262104,-0.39990234375,5.859374869032763e-05,-0.03195800632238388,0.020546874031424522,-3.0,0.0,-0.3199687499989523,0.0,-0.04200390428304673,-0.0,0.04539624999987427,0.0002633150143083185,0.1,0.3106907308101654,3.141592653589793,-3.140516519546509,0.0,0.0,0.0,-0.0
5.251517057418823,-23.2979679107666,-0.00046874998952262104,-0.39990234375,5.859374869032763e-05,-0.03195800632238388,0.020546874031424522,-3.0,0.0,-0.3199687499989523,0.0,-0.04200390428304673,-0.0,0.04539624999987427,0.0002633150143083185,0.1,0.3106907308101654,3.141592653589793,-3.140516519546509,0.0,0.0,0.0,-0.0
5.255993843078613,-23.2979679107666,-0.00046874998952262104,-0.39990234375,5.859374869032763e-05,-0.03195800632238388,0.020546874031424522,-3.0,0.0,-0.3199687499989523,0.0,-0.04200390428304673,-0.0,0.04539624999987427,0.0002633150143083185,0.1,0.3106907308101654,3.141592653589793,-3.140516519546509,0.0,0.0,0.0,-0.0
5.260807991027832,-23.2979679107666,-0.00046874998952262104,-0.39990234375,5.859374869032763e-05,-0.03195800632238388,0.020546874031424522,-3.0,0.0,-0.3199687499989523,0.0,-0.04200390428304673,-0.0,0.04539624999987427,0.0002633150143083185,0.1,0.3106907308101654,3.141592653589793,-3.140516519546509,0.0,0.0,0.0,-0.0
5.265710353851318,-23.2979679107666,-0.00046874998952262104,-0.39990234375,5.859374869032763e-05,-0.03195800632238388,0.020546874031424522,-3.0,0.0,-0.3199687499989523,0.0,-0.04200390428304673,-0.0,0.04539624999987427,0.0002633150143083185,0.1,0.3106907308101654,3.141592653589793,-3.140516519546509,0.0,0.0,0.0,-0.0
5.270524978637695,-23.2979679107666,-0.00046874998952262104,-0.39990234375,5.859374869032763e-05,-0.03195800632238388,0.020546874031424522,-3.0,0.0,-0.3199687499989523,0.0,-0.04200390428304673,-0.0,0.04539624999987427,0.0002633150143083185,0.1,0.3106907308101654,3.141592653589793,-3.140516519546509,0.0,0.0,0.0,-0.0
5.275078535079956,-23.2979679107666,-0.00046874998952262104,-0.39990234375,5.859374869032763e-05,-0.03195800632238388,0.020546874031424522,-3.0,0.0,-0.3199687499989523,0.0,-0.04200390428304673,-0.0,0.04539624999987427,0.0002633150143083185,0.1,0.3106907308101654,3.141592653589793,-3.140516519546509,0.0,0.0,0.0,-0.0
5.279643297195435,-23.2979679107666,-0.00046874998952262104,-0.39990234375,5.859374869032763e-05,-0.03195800632238388,0.020546874031424522,-3.0,0.0,-0.3199687499989523,0.0,-0.04200390428304673,-0.0,0.04539624999987427,0.0002633150143083185,0.1,0.3106907308101654,3.141592653589793,-3.140516519546509,0.0,0.0,0.0,-0.0
5.28412938117981,-23.2979679107666,-0.00046874998952262104,-0.39990234375,5.859374869032763e-05,-0.03195800632238388,0.020546874031424522,-3.0,0.0,-0.3199687499989523,0.0,-0.04200390428304673,-0.0,0.04539624999987427,0.0002633150143083185,0.1,0.3106907308101654,3.141592653589793,-3.140516519546509,0.0,0.0,0.0,-0.0
5.288757562637329,-23.2979679107666,-0.00046874998952262104,-0.39990234375,5.859374869032763e-05,-0.03195800632238388,0.020546874031424522,-3.0,0.0,-0.3199687499989523,0.0,-0.04200390428304673,-0.0,0.04539624999987427,0.0002633150143083185,0.1,0.3106907308101654,3.141592653589793,-3.140516519546509,0.0,0.0,0.0,-0.0
5.293563604354858,-23.2979679107666,-0.00046874998952262104,-0.39990234375,5.859374869032763e-05,-0.03195800632238388,0.020546874031424522,-3.0,0.0,-0.3199687499989523,0.0,-0.04200390428304673,-0.0,0.04539624999987427,0.0002633150143083185,0.1,0.3106907308101654,3.141592653589793,-3.140516519546509,0.0,0.0,0.0,-0.0
5.298360109329224,-23.2979679107666,-0.00046874998952262104,-0.39990234375,5.859374869032763e-05,-0.03195800632238388,0.020546874031424522,-3.0,0.0,-0.3199687499989523,0.0,-0.04200390428304673,-0.0,0.04539624999987427,0.0002633150143083185,0.1,0.3106907308101654,3.141592653589793,-3.140516519546509,0.0,0.0,0.0,-0.0
5.303102493286133,-23.2979679107666,-0.00046874998952262104,-0.39990234375,5.859374869032763e-05,-0.03195800632238388,0.020546874031424522,-3.0,0.0,-0.3199687499989523,0.0,-0.04200390428304673,-0.0,0.04539624999987427,0.0002633150143083185,0.1,0.3106907308101654,3.141592653589793,-3.140516519546509,0.0,0.0,0.0,-0.0
5.307672739028931,-23.2979679107666,-0.00046874998952262104,-0.39990234375,5.859374869032763e-05,-0.03195800632238388,0.020546874031424522,-3.0,0.0,-0.3199687499989523,0.0,-0.04200390428304673,-0.0,0.04539624999987427,0.0002633150143083185,0.1,0.3106907308101654,3.141592653589793,-3.140516519546509,0.0,0.0,0.0,-0.0
5.312480688095093,-23.2979679107666,-0.00046874998952262104,-0.39990234375,5.859374869032763e-05,-0.03195800632238388,0.020546874031424522,-3.0,0.0,-0.3199687499989523,0.0,-0.04200390428304673,-0.0,0.04539624999987427,0.0002633150143083185,0.1,0.3106907308101654,3.141592653589793,-3.140516519546509,0.0,0.0,0.0,-0.0
5.317121505737305,-23.2979679107666,-0.00046874998952262104,-0.39990234375,5.859374869032763e-05,-0.03195800632238388,0.020546874031424522,-3.0,0.0,-0.3199687499989523,0.0,-0.04200390428304673,-0.0,0.04539624999987427,0.0002633150143083185,0.1,0.3106907308101654,3.141592653589793,-3.140516519546509,0.0,0.0,0.0,-0.0
5.321542024612427,-23.2979679107666,-0.00046874998952262104,-0.39990234375,5.859374869032763e-05,-0.03195800632238388,0.020546874031424522,-3.0,0.0,-0.3199687499989523,0.0,-0.04200390428304673,-0.0,0.04539624999987427,0.0002633150143083185,0.1,0.3106907308101654,3.141592653589793,-3.140516519546509,0.0,0.0,0.0,-0.0
5.3261613845825195,-23.2979679107666,-0.00046874998952262104,-0.39990234375,5.859374869032763e-05,-0.03195800632238388,0.020546874031424522,-3.0,0.0,-0.3199687499989523,0.0,-0.04200390428304673,-0.0,0.04539624999987427,0.0002633150143083185,0.1,0.3106907308101654,3.141592653589793,-3.140516519546509,0.0,0.0,0.0,-0.0
5.330883264541626,-23.2979679107666,-0.00046874998952262104,-0.39990234375,5.859374869032763e-05,-0.03195800632238388,0.020546874031424522,-3.0,0.0,-0.3199687499989523,0.0,-0.04200390428304673,-0.0,0.04539624999987427,0.0002633150143083185,0.1,0.3106907308101654,3.141592653589793,-3.140516519546509,0.0,0.0,0.0,-0.0
5.335610866546631,-23.2979679107666,-0.00046874998952262104,-0.39990234375,5.859374869032763e-05,-0.03195800632238388,0.020546874031424522,-3.0,0.0,-0.3199687499989523,0.0,-0.04200390428304673,-0.0,0.04539624999987427,0.0002633150143083185,0.1,0.3106907308101654,3.141592653589793,-3.140516519546509,0.0,0.0,0.0,-0.0
5.339933395385742,-23.2979679107666,-0.00046874998952262104,-0.39990234375,5.859374869032763e-05,-0.03195800632238388,0.020546874031424522,-3.0,0.0,-0.3199687499989523,0.0,-0.04200390428304673,-0.0,0.04539624999987427,0.0002633150143083185,0.1,0.3106907308101654,3.141592653589793,-3.140516519546509,0.0,0.0,0.0,-0.0
5.344679355621338,-23.2979679107666,-0.00046874998952262104,-0.39990234375,5.859374869032763e-05,-0.03195800632238388,0.020546874031424522,-3.0,0.0,-0.3199687499989523,0.0,-0.04200390428304673,-0.0,0.04539624999987427,0.0002633150143083185,0.1,0.3106907308101654,3.141592653589793,-3.140516519546509,0.0,0.0,0.0,-0.0
5.3493006229400635,-23.2979679107666,-0.00046874998952262104,-0.39990234375,5.859374869032763e-05,-0.03195800632238388,0.020546874031424522,-3.0,0.0,-0.3199687499989523,0.0,-0.04200390428304673,-0.0,0.04539624999987427,0.0002633150143083185,0.1,0.3106907308101654,3.141592653589793,-3.140516519546509,0.0,0.0,0.0,-0.0
5.354092359542847,-23.2979679107666,-0.00046874998952262104,-0.39990234375,5.859374869032763e-05,-0.03195800632238388,0.020546874031424522,-3.0,0.0,-0.3199687499989523,0.0,-0.04200390428304673,-0.0,0.04539624999987427,0.0002633150143083185,0.1,0.3106907308101654,3.141592653589793,-3.140516519546509,0.0,0.0,0.0,-0.0
5.3586859703063965,-23.2979679107666,-0.00046874998952262104,-0.39990234375,5.859374869032763e-05,-0.03195800632238388,0.020546874031424522,-3.0,0.0,-0.3199687499989523,0.0,-0.04200390428304673,-0.0,0.04539624999987427,0.0002633150143083185,0.1,0.3106907308101654,3.141592653589793,-3.140516519546509,0.0,0.0,0.0,-0.0
5.363286733627319,-23.2979679107666,-0.00046874998952262104,-0.39990234375,5.859374869032763e-05,-0.03195800632238388,0.020546874031424522,-3.0,0.0,-0.3199687499989523,0.0,-0.04200390428304673,-0.0,0.04539624999987427,0.0002633150143083185,0.1,0.3106907308101654,3.141592653589793,-3.140516519546509,0.0,0.0,0.0,-0.0
5.36805534362793,-23.2979679107666,-0.00046874998952262104,-0.39990234375,5.859374869032763e-05,-0.03195800632238388,0.020546874031424522,-3.0,0.0,-0.3199687499989523,0.0,-0.04200390428304673,-0.0,0.04539624999987427,0.0002633150143083185,0.1,0.3106907308101654,3.141592653589793,-3.140516519546509,0.0,0.0,0.0,-0.0
5.372852325439453,-23.2979679107666,-0.00046874998952262104,-0.39990234375,5.859374869032763e-05,-0.03195800632238388,0.020546874031424522,-3.0,0.0,-0.3199687499989523,0.0,-0.04200390428304673,-0.0,0.04539624999987427,0.0002633150143083185,0.1,0.3106907308101654,3.141592653589793,-3.140516519546509,0.0,0.0,0.0,-0.0
5.377435207366943,-23.2979679107666,-0.00046874998952262104,-0.39990234375,5.859374869032763e-05,-0.03195800632238388,0.020546874031424522,-3.0,0.0,-0.3199687499989523,0.0,-0.04200390428304673,-0.0,0.04539624999987427,0.0002633150143083185,0.1,0.3106907308101654,3.141592653589793,-3.140516519546509,0.0,0.0,0.0,-0.0
5.382226467132568,-23.2979679107666,-0.00046874998952262104,-0.39990234375,5.859374869032763e-05,-0.03195800632238388,0.020546874031424522,-3.0,0.0,-0.3199687499989523,0.0,-0.04200390428304673,-0.0,0.04539624999987427,0.0002633150143083185,0.1,0.3106907308101654,3.141592653589793,-3.140516519546509,0.0,0.0,0.0,-0.0
5.387242794036865,-23.2979679107666,-0.00046874998952262104,-0.39990234375,5.859374869032763e-05,-0.03195800632238388,0.020546874031424522,-3.0,0.0,-0.3199687499989523,0.0,-0.04200390428304673,-0.0,0.04539624999987427,0.0002633150143083185,0.1,0.3106907308101654,3.141592653589793,-3.140516519546509,0.0,0.0,0.0,-0.0
5.3916168212890625,-23.2979679107666,-0.00046874998952262104,-0.39990234375,5.859374869032763e-05,-0.03195800632238388,0.020546874031424522,-3.0,0.0,-0.3199687499989523,0.0,-0.04200390428304673,-0.0,0.04539624999987427,0.0002633150143083185,0.1,0.3106907308101654,3.141592653589793,-3.140516519546509,0.0,0.0,0.0,-0.0
5.396233797073364,-23.2979679107666,-0.00046874998952262104,-0.39990234375,5.859374869032763e-05,-0.03195800632238388,0.020546874031424522,-3.0,0.0,-0.3199687499989523,0.0,-0.04200390428304673,-0.0,0.04539624999987427,0.0002633150143083185,0.1,0.3106907308101654,3.141592653589793,-3.140516519546509,0.0,0.0,0.0,-0.0
5.400912761688232,-23.2979679107666,-0.00046874998952262104,-0.39990234375,5.859374869032763e-05,-0.03195800632238388,0.020546874031424522,-3.0,0.0,-0.3199687499989523,0.0,-0.04200390428304673,-0.0,0.04539624999987427,0.0002633150143083185,0.1,0.3106907308101654,3.141592653589793,-3.140516519546509,0.0,0.0,0.0,-0.0
5.405647277832031,-23.2979679107666,-0.00046874998952262104,-0.39990234375,5.859374869032763e-05,-0.03195800632238388,0.020546874031424522,-3.0,0.0,-0.3199687499989523,0.0,-0.04200390428304673,-0.0,0.04539624999987427,0.0002633150143083185,0.1,0.3106907308101654,3.141592653589793,-3.140516519546509,0.0,0.0,0.0,-0.0
5.410423040390015,-23.2979679107666,-0.00046874998952262104,-0.39990234375,5.859374869032763e-05,-0.03195800632238388,0.020546874031424522,-3.0,0.0,-0.3199687499989523,0.0,-0.04200390428304673,-0.0,0.04539624999987427,0.0002633150143083185,0.1,0.3106907308101654,3.141592653589793,-3.140516519546509,0.0,0.0,0.0,-0.0
5.415215969085693,-23.2979679107666,-0.00046874998952262104,-0.39990234375,5.859374869032763e-05,-0.03195800632238388,0.020546874031424522,-3.0,0.0,-0.3199687499989523,0.0,-0.04200390428304673,-0.0,0.04539624999987427,0.0002633150143083185,0.1,0.3106907308101654,3.141592653589793,-3.140516519546509,0.0,0.0,0.0,-0.0
5.419959783554077,-23.2979679107666,-0.00046874998952262104,-0.39990234375,5.859374869032763e-05,-0.03195800632238388,0.020546874031424522,-3.0,0.0,-0.3199687499989523,0.0,-0.04200390428304673,-0.0,0.04539624999987427,0.0002633150143083185,0.1,0.3106907308101654,3.141592653589793,-3.140516519546509,0.0,0.0,0.0,-0.0
5.4243974685668945,-23.2979679107666,-0.00046874998952262104,-0.39990234375,5.859374869032763e-05,-0.03195800632238388,0.020546874031424522,-3.0,0.0,-0.3199687499989523,0.0,-0.04200390428304673,-0.0,0.04539624999987427,0.0002633150143083185,0.1,0.3106907308101654,3.141592653589793,-3.140516519546509,0.0,0.0,0.0,-0.0
5.428783655166626,-23.2979679107666,-0.00046874998952262104,-0.39990234375,5.859374869032763e-05,-0.03195800632238388,0.020546874031424522,-3.0,0.0,-0.3199687499989523,0.0,-0.04200390428304673,-0.0,0.04539624999987427,0.0002633150143083185,0.1,0.3106907308101654,3.141592653589793,-3.140516519546509,0.0,0.0,0.0,-0.0
5.433659315109253,-23.2979679107666,-0.00046874998952262104,-0.39990234375,5.859374869032763e-05,-0.03195800632238388,0.020546874031424522,-3.0,0.0,-0.3199687499989523,0.0,-0.04200390428304673,-0.0,0.04539624999987427,0.0002633150143083185,0.1,0.3106907308101654,3.141592653589793,-3.140516519546509,0.0,0.0,0.0,-0.0
5.438345193862915,-23.2979679107666,-0.00046874998952262104,-0.39990234375,5.859374869032763e-05,-0.03195800632238388,0.020546874031424522,-3.0,0.0,-0.3199687499989523,0.0,-0.04200390428304673,-0.0,0.04539624999987427,0.0002633150143083185,0.1,0.3106907308101654,3.141592653589793,-3.140516519546509,0.0,0.0,0.0,-0.0
5.443230628967285,-23.2979679107666,-0.00046874998952262104,-0.39990234375,5.859374869032763e-05,-0.03195800632238388,0.020546874031424522,-3.0,0.0,-0.3199687499989523,0.0,-0.04200390428304673,-0.0,0.04539624999987427,0.0002633150143083185,0.1,0.3106907308101654,3.141592653589793,-3.140516519546509,0.0,0.0,0.0,-0.0
5.447683572769165,-23.2979679107666,-0.00046874998952262104,-0.39990234375,5.859374869032763e-05,-0.03195800632238388,0.020546874031424522,-3.0,0.0,-0.3199687499989523,0.0,-0.04200390428304673,-0.0,0.04539624999987427,0.0002633150143083185,0.1,0.3106907308101654,3.141592653589793,-3.140516519546509,0.0,0.0,0.0,-0.0
5.452303886413574,-23.2979679107666,-0.00046874998952262104,-0.39990234375,5.859374869032763e-05,-0.03195800632238388,0.020546874031424522,-3.0,0.0,-0.3199687499989523,0.0,-0.04200390428304673,-0.0,0.04539624999987427,0.0002633150143083185,0.1,0.3106907308101654,3.141592653589793,-3.140516519546509,0.0,0.0,0.0,-0.0
5.456978797912598,-23.2979679107666,-0.00046874998952262104,-0.39990234375,5.859374869032763e-05,-0.03195800632238388,0.020546874031424522,-3.0,0.0,-0.3199687499989523,0.0,-0.04200390428304673,-0.0,0.04539624999987427,0.0002633150143083185,0.1,0.3106907308101654,3.141592653589793,-3.140516519546509,0.0,0.0,0.0,-0.0
5.461645126342773,-23.2979679107666,-0.00046874998952262104,-0.39990234375,5.859374869032763e-05,-0.03195800632238388,0.020546874031424522,-3.0,0.0,-0.3199687499989523,0.0,-0.04200390428304673,-0.0,0.04539624999987427,0.0002633150143083185,0.1,0.3106907308101654,3.141592653589793,-3.140516519546509,0.0,0.0,0.0,-0.0
5.4665141105651855,-23.2979679107666,-0.00046874998952262104,-0.39990234375,5.859374869032763e-05,-0.03195800632238388,0.020546874031424522,-3.0,0.0,-0.3199687499989523,0.0,-0.04200390428304673,-0.0,0.04539624999987427,0.0002633150143083185,0.1,0.3106907308101654,3.141592653589793,-3.140516519546509,0.0,0.0,0.0,-0.0
5.4709179401397705,-23.2979679107666,-0.00046874998952262104,-0.39990234375,5.859374869032763e-05,-0.03195800632238388,0.020546874031424522,-3.0,0.0,-0.3199687499989523,0.0,-0.04200390428304673,-0.0,0.04539624999987427,0.0002633150143083185,0.1,0.3106907308101654,3.141592653589793,-3.140516519546509,0.0,0.0,0.0,-0.0
5.475619554519653,-23.2979679107666,-0.00046874998952262104,-0.39990234375,5.859374869032763e-05,-0.03195800632238388,0.020546874031424522,-3.0,0.0,-0.3199687499989523,0.0,-0.04200390428304673,-0.0,0.04539624999987427,0.0002633150143083185,0.1,0.3106907308101654,3.141592653589793,-3.140516519546509,0.0,0.0,0.0,-0.0
5.480328321456909,-23.2979679107666,-0.00046874998952262104,-0.39990234375,5.859374869032763e-05,-0.03195800632238388,0.020546874031424522,-3.0,0.0,-0.3199687499989523,0.0,-0.04200390428304673,-0.0,0.04539624999987427,0.0002633150143083185,0.1,0.3106907308101654,3.141592653589793,-3.140516519546509,0.0,0.0,0.0,-0.0
5.484889507293701,-23.2979679107666,-0.00046874998952262104,-0.39990234375,5.859374869032763e-05,-0.03195800632238388,0.020546874031424522,-3.0,0.0,-0.3199687499989523,0.0,-0.04200390428304673,-0.0,0.04539624999987427,0.0002633150143083185,0.1,0.3106907308101654,3.141592653589793,-3.140516519546509,0.0,0.0,0.0,-0.0
5.48975133895874,-23.2979679107666,-0.00046874998952262104,-0.39990234375,5.859374869032763e-05,-0.03195800632238388,0.020546874031424522,-3.0,0.0,-0.3199687499989523,0.0,-0.04200390428304673,-0.0,0.04539624999987427,0.0002633150143083185,0.1,0.3106907308101654,3.141592653589793,-3.140516519546509,0.0,0.0,0.0,-0.0
5.4943835735321045,-23.2979679107666,-0.00046874998952262104,-0.39990234375,5.859374869032763e-05,-0.03195800632238388,0.020546874031424522,-3.0,0.0,-0.3199687499989523,0.0,-0.04200390428304673,-0.0,0.04539624999987427,0.0002633150143083185,0.1,0.3106907308101654,3.141592653589793,-3.140516519546509,0.0,0.0,0.0,-0.0
5.498775959014893,-23.2979679107666,-0.00046874998952262104,-0.39990234375,5.859374869032763e-05,-0.03195800632238388,0.020546874031424522,-3.0,0.0,-0.3199687499989523,0.0,-0.04200390428304673,-0.0,0.04539624999987427,0.0002633150143083185,0.1,0.3106907308101654,3.141592653589793,-3.140516519546509,0.0,0.0,0.0,-0.0
5.5035974979400635,-23.2979679107666,-0.00046874998952262104,-0.39990234375,5.859374869032763e-05,-0.03195800632238388,0.020546874031424522,-3.0,0.0,-0.3199687499989523,0.0,-0.04200390428304673,-0.0,0.04539624999987427,0.0002633150143083185,0.1,0.3106907308101654,3.141592653589793,-3.140516519546509,0.0,0.0,0.0,-0.0
5.508195638656616,-23.2979679107666,-0.00046874998952262104,-0.39990234375,5.859374869032763e-05,-0.03195800632238388,0.020546874031424522,-3.0,0.0,-0.3199687499989523,0.0,-0.04200390428304673,-0.0,0.04539624999987427,0.0002633150143083185,0.1,0.3106907308101654,3.141592653589793,-3.140516519546509,0.0,0.0,0.0,-0.0
5.5130369663238525,-23.2979679107666,-0.00046874998952262104,-0.39990234375,5.859374869032763e-05,-0.03195800632238388,0.020546874031424522,-3.0,0.0,-0.3199687499989523,0.0,-0.04200390428304673,-0.0,0.04539624999987427,0.0002633150143083185,0.1,0.3106907308101654,3.141592653589793,-3.140516519546509,0.0,0.0,0.0,-0.0
5.517682075500488,-23.2979679107666,-0.00046874998952262104,-0.39990234375,5.859374869032763e-05,-0.03195800632238388,0.020546874031424522,-3.0,0.0,-0.3199687499989523,0.0,-0.04200390428304673,-0.0,0.04539624999987427,0.0002633150143083185,0.1,0.3106907308101654,3.141592653589793,-3.140516519546509,0.0,0.0,0.0,-0.0
5.522488594055176,-23.2979679107666,-0.00046874998952262104,-0.39990234375,5.859374869032763e-05,-0.03195800632238388,0.020546874031424522,-3.0,0.0,-0.3199687499989523,0.0,-0.04200390428304673,-0.0,0.04539624999987427,0.0002633150143083185,0.1,0.3106907308101654,3.141592653589793,-3.140516519546509,0.0,0.0,0.0,-0.0
5.5271384716033936,-23.2979679107666,-0.00046874998952262104,-0.39990234375,5.859374869032763e-05,-0.03195800632238388,0.020546874031424522,-3.0,0.0,-0.3199687499989523,0.0,-0.04200390428304673,-0.0,0.04539624999987427,0.0002633150143083185,0.1,0.3106907308101654,3.141592653589793,-3.140516519546509,0.0,0.0,0.0,-0.0
5.531933069229126,-23.2979679107666,-0.00046874998952262104,-0.39990234375,5.859374869032763e-05,-0.03195800632238388,0.020546874031424522,-3.0,0.0,-0.3199687499989523,0.0,-0.04200390428304673,-0.0,0.04539624999987427,0.0002633150143083185,0.1,0.3106907308101654,3.141592653589793,-3.140516519546509,0.0,0.0,0.0,-0.0
5.536853313446045,-23.2979679107666,-0.00046874998952262104,-0.39990234375,5.859374869032763e-05,-0.03195800632238388,0.020546874031424522,-3.0,0.0,-0.3199687499989523,0.0,-0.04200390428304673,-0.0,0.04539624999987427,0.0002633150143083185,0.1,0.3106907308101654,3.141592653589793,-3.140516519546509,0.0,0.0,0.0,-0.0
5.5416154861450195,-23.2979679107666,-0.00046874998952262104,-0.39990234375,5.859374869032763e-05,-0.03195800632238388,0.020546874031424522,-3.0,0.0,-0.3199687499989523,0.0,-0.04200390428304673,-0.0,0.04539624999987427,0.0002633150143083185,0.1,0.3106907308101654,3.141592653589793,-3.140516519546509,0.0,0.0,0.0,-0.0
5.546254873275757,-23.2979679107666,-0.00046874998952262104,-0.39990234375,5.859374869032763e-05,-0.03195800632238388,0.020546874031424522,-3.0,0.0,-0.3199687499989523,0.0,-0.04200390428304673,-0.0,0.04539624999987427,0.0002633150143083185,0.1,0.3106907308101654,3.141592653589793,-3.140516519546509,0.0,0.0,0.0,-0.0
5.550952911376953,-23.2979679107666,-0.00046874998952262104,-0.39990234375,5.859374869032763e-05,-0.03195800632238388,0.020546874031424522,-3.0,0.0,-0.3199687499989523,0.0,-0.04200390428304673,-0.0,0.04539624999987427,0.0002633150143083185,0.1,0.3106907308101654,3.141592653589793,-3.140516519546509,0.0,0.0,0.0,-0.0
5.555590629577637,-23.2979679107666,-0.00046874998952262104,-0.39990234375,5.859374869032763e-05,-0.03195800632238388,0.020546874031424522,-3.0,0.0,-0.3199687499989523,0.0,-0.04200390428304673,-0.0,0.04539624999987427,0.0002633150143083185,0.1,0.3106907308101654,3.141592653589793,-3.140516519546509,0.0,0.0,0.0,-0.0
5.560322523117065,-23.2979679107666,-0.00046874998952262104,-0.39990234375,5.859374869032763e-05,-0.03195800632238388,0.020546874031424522,-3.0,0.0,-0.3199687499989523,0.0,-0.04200390428304673,-0.0,0.04539624999987427,0.0002633150143083185,0.1,0.3106907308101654,3.141592653589793,-3.140516519546509,0.0,0.0,0.0,-0.0
5.565036058425903,-23.2979679107666,-0.00046874998952262104,-0.39990234375,5.859374869032763e-05,-0.03195800632238388,0.020546874031424522,-3.0,0.0,-0.3199687499989523,0.0,-0.04200390428304673,-0.0,0.04539624999987427,0.0002633150143083185,0.1,0.3106907308101654,3.141592653589793,-3.140516519546509,0.0,0.0,0.0,-0.0
5.569807291030884,-23.2979679107666,-0.00046874998952262104,-0.39990234375,5.859374869032763e-05,-0.03195800632238388,0.020546874031424522,-3.0,0.0,-0.3199687499989523,0.0,-0.04200390428304673,-0.0,0.04539624999987427,0.0002633150143083185,0.1,0.3106907308101654,3.141592653589793,-3.140516519546509,0.0,0.0,0.0,-0.0
5.57448935508728,-23.2979679107666,-0.00046874998952262104,-0.39990234375,5.859374869032763e-05,-0.03195800632238388,0.020546874031424522,-3.0,0.0,-0.3199687499989523,0.0,-0.04200390428304673,-0.0,0.04539624999987427,0.0002633150143083185,0.1,0.3106907308101654,3.141592653589793,-3.140516519546509,0.0,0.0,0.0,-0.0
5.579246759414673,-23.2979679107666,-0.00046874998952262104,-0.39990234375,5.859374869032763e-05,-0.03195800632238388,0.020546874031424522,-3.0,0.0,-0.3199687499989523,0.0,-0.04200390428304673,-0.0,0.04539624999987427,0.0002633150143083185,0.1,0.3106907308101654,3.141592653589793,-3.140516519546509,0.0,0.0,0.0,-0.0
5.584008455276489,-23.2979679107666,-0.00046874998952262104,-0.39990234375,5.859374869032763e-05,-0.03195800632238388,0.020546874031424522,-3.0,0.0,-0.3199687499989523,0.0,-0.04200390428304673,-0.0,0.04539624999987427,0.0002633150143083185,0.1,0.3106907308101654,3.141592653589793,-3.140516519546509,0.0,0.0,0.0,-0.0
5.588808298110962,-23.2979679107666,-0.00046874998952262104,-0.39990234375,5.859374869032763e-05,-0.03195800632238388,0.020546874031424522,-3.0,0.0,-0.3199687499989523,0.0,-0.04200390428304673,-0.0,0.04539624999987427,0.0002633150143083185,0.1,0.3106907308101654,3.141592653589793,-3.140516519546509,0.0,0.0,0.0,-0.0
5.593612909317017,-23.2979679107666,-0.00046874998952262104,-0.39990234375,5.859374869032763e-05,-0.03195800632238388,0.020546874031424522,-3.0,0.0,-0.3199687499989523,0.0,-0.04200390428304673,-0.0,0.04539624999987427,0.0002633150143083185,0.1,0.3106907308101654,3.141592653589793,-3.140516519546509,0.0,0.0,0.0,-0.0
5.598252773284912,-23.2979679107666,-0.00046874998952262104,-0.39990234375,5.859374869032763e-05,-0.03195800632238388,0.020546874031424522,-3.0,0.0,-0.3199687499989523,0.0,-0.04200390428304673,-0.0,0.04539624999987427,0.0002633150143083185,0.1,0.3106907308101654,3.141592653589793,-3.140516519546509,0.0,0.0,0.0,-0.0
5.603044271469116,-23.2979679107666,-0.00046874998952262104,-0.39990234375,5.859374869032763e-05,-0.03195800632238388,0.020546874031424522,-3.0,0.0,-0.3199687499989523,0.0,-0.04200390428304673,-0.0,0.04539624999987427,0.0002633150143083185,0.1,0.3106907308101654,3.141592653589793,-3.140516519546509,0.0,0.0,0.0,-0.0
5.607644319534302,-23.2979679107666,-0.00046874998952262104,-0.39990234375,5.859374869032763e-05,-0.03195800632238388,0.020546874031424522,-3.0,0.0,-0.3199687499989523,0.0,-0.04200390428304673,-0.0,0.04539624999987427,0.0002633150143083185,0.1,0.3106907308101654,3.141592653589793,-3.140516519546509,0.0,0.0,0.0,-0.0
5.612385988235474,-23.2979679107666,-0.00046874998952262104,-0.39990234375,5.859374869032763e-05,-0.03195800632238388,0.020546874031424522,-3.0,0.0,-0.3199687499989523,0.0,-0.04200390428304673,-0.0,0.04539624999987427,0.0002633150143083185,0.1,0.3106907308101654,3.141592653589793,-3.140516519546509,0.0,0.0,0.0,-0.0
5.617095470428467,-23.2979679107666,-0.00046874998952262104,-0.39990234375,5.859374869032763e-05,-0.03195800632238388,0.020546874031424522,-3.0,0.0,-0.3199687499989523,0.0,-0.04200390428304673,-0.0,0.04539624999987427,0.0002633150143083185,0.1,0.3106907308101654,3.141592653589793,-3.140516519546509,0.0,0.0,0.0,-0.0
5.621801853179932,-23.2979679107666,-0.00046874998952262104,-0.39990234375,5.859374869032763e-05,-0.03195800632238388,0.020546874031424522,-3.0,0.0,-0.3199687499989523,0.0,-0.04200390428304673,-0.0,0.04539624999987427,0.0002633150143083185,0.1,0.3106907308101654,3.141592653589793,-3.140516519546509,0.0,0.0,0.0,-0.0
5.6264801025390625,-23.2979679107666,-0.00046874998952262104,-0.39990234375,5.859374869032763e-05,-0.03195800632238388,0.020546874031424522,-3.0,0.0,-0.3199687499989523,0.0,-0.04200390428304673,-0.0,0.04539624999987427,0.0002633150143083185,0.1,0.3106907308101654,3.141592653589793,-3.140516519546509,0.0,0.0,0.0,-0.0
5.630913734436035,-23.2979679107666,-0.00046874998952262104,-0.39990234375,5.859374869032763e-05,-0.03195800632238388,0.020546874031424522,-3.0,0.0,-0.3199687499989523,0.0,-0.04200390428304673,-0.0,0.04539624999987427,0.0002633150143083185,0.1,0.3106907308101654,3.141592653589793,-3.140516519546509,0.0,0.0,0.0,-0.0
5.635552883148193,-23.2979679107666,-0.00046874998952262104,-0.39990234375,5.859374869032763e-05,-0.03195800632238388,0.020546874031424522,-3.0,0.0,-0.3199687499989523,0.0,-0.04200390428304673,-0.0,0.04539624999987427,0.0002633150143083185,0.1,0.3106907308101654,3.141592653589793,-3.140516519546509,0.0,0.0,0.0,-0.0
5.639901876449585,-23.2979679107666,-0.00046874998952262104,-0.39990234375,5.859374869032763e-05,-0.03195800632238388,0.020546874031424522,-3.0,0.0,-0.3199687499989523,0.0,-0.04200390428304673,-0.0,0.04539624999987427,0.0002633150143083185,0.1,0.3106907308101654,3.141592653589793,-3.140516519546509,0.0,0.0,0.0,-0.0
5.644588232040405,-23.2979679107666,-0.00046874998952262104,-0.39990234375,5.859374869032763e-05,-0.03195800632238388,0.020546874031424522,-3.0,0.0,-0.3199687499989523,0.0,-0.04200390428304673,-0.0,0.04539624999987427,0.0002633150143083185,0.1,0.3106907308101654,3.141592653589793,-3.140516519546509,0.0,0.0,0.0,-0.0
5.64944863319397,-23.2979679107666,-0.00046874998952262104,-0.39990234375,5.859374869032763e-05,-0.03195800632238388,0.020546874031424522,-3.0,0.0,-0.3199687499989523,0.0,-0.04200390428304673,-0.0,0.04539624999987427,0.0002633150143083185,0.1,0.3106907308101654,3.141592653589793,-3.140516519546509,0.0,0.0,0.0,-0.0
5.653930902481079,-23.2979679107666,-0.00046874998952262104,-0.39990234375,5.859374869032763e-05,-0.03195800632238388,0.020546874031424522,-3.0,0.0,-0.3199687499989523,0.0,-0.04200390428304673,-0.0,0.04539624999987427,0.0002633150143083185,0.1,0.3106907308101654,3.141592653589793,-3.140516519546509,0.0,0.0,0.0,-0.0
5.658534288406372,-23.2979679107666,-0.00046874998952262104,-0.39990234375,5.859374869032763e-05,-0.03195800632238388,0.020546874031424522,-3.0,0.0,-0.3199687499989523,0.0,-0.04200390428304673,-0.0,0.04539624999987427,0.0002633150143083185,0.1,0.3106907308101654,3.141592653589793,-3.140516519546509,0.0,0.0,0.0,-0.0
5.663066148757935,-23.2979679107666,-0.00046874998952262104,-0.39990234375,5.859374869032763e-05,-0.03195800632238388,0.020546874031424522,-3.0,0.0,-0.3199687499989523,0.0,-0.04200390428304673,-0.0,0.04539624999987427,0.0002633150143083185,0.1,0.3106907308101654,3.141592653589793,-3.140516519546509,0.0,0.0,0.0,-0.0
5.667779207229614,-23.2979679107666,-0.00046874998952262104,-0.39990234375,5.859374869032763e-05,-0.03195800632238388,0.020546874031424522,-3.0,0.0,-0.3199687499989523,0.0,-0.04200390428304673,-0.0,0.04539624999987427,0.0002633150143083185,0.1,0.3106907308101654,3.141592653589793,-3.140516519546509,0.0,0.0,0.0,-0.0
5.6725099086761475,-23.2979679107666,-0.00046874998952262104,-0.39990234375,5.859374869032763e-05,-0.03195800632238388,0.020546874031424522,-3.0,0.0,-0.3199687499989523,0.0,-0.04200390428304673,-0.0,0.04539624999987427,0.0002633150143083185,0.1,0.3106907308101654,3.141592653589793,-3.140516519546509,0.0,0.0,0.0,-0.0
5.67721152305603,-23.2979679107666,-0.00046874998952262104,-0.39990234375,5.859374869032763e-05,-0.03195800632238388,0.020546874031424522,-3.0,0.0,-0.3199687499989523,0.0,-0.04200390428304673,-0.0,0.04539624999987427,0.0002633150143083185,0.1,0.3106907308101654,3.141592653589793,-3.140516519546509,0.0,0.0,0.0,-0.0
5.681975603103638,-23.2979679107666,-0.00046874998952262104,-0.39990234375,5.859374869032763e-05,-0.03195800632238388,0.020546874031424522,-3.0,0.0,-0.3199687499989523,0.0,-0.04200390428304673,-0.0,0.04539624999987427,0.0002633150143083185,0.1,0.3106907308101654,3.141592653589793,-3.140516519546509,0.0,0.0,0.0,-0.0
5.687148809432983,-23.2979679107666,-0.00046874998952262104,-0.39990234375,5.859374869032763e-05,-0.03195800632238388,0.020546874031424522,-3.0,0.0,-0.3199687499989523,0.0,-0.04200390428304673,-0.0,0.04539624999987427,0.0002633150143083185,0.1,0.3106907308101654,3.141592653589793,-3.140516519546509,0.0,0.0,0.0,-0.0
5.692078113555908,-23.2979679107666,-0.00046874998952262104,-0.39990234375,5.859374869032763e-05,-0.03195800632238388,0.020546874031424522,-3.0,0.0,-0.3199687499989523,0.0,-0.04200390428304673,-0.0,0.04539624999987427,0.0002633150143083185,0.1,0.3106907308101654,3.141592653589793,-3.140516519546509,0.0,0.0,0.0,-0.0
5.696716547012329,-23.2979679107666,-0.00046874998952262104,-0.39990234375,5.859374869032763e-05,-0.03195800632238388,0.020546874031424522,-3.0,0.0,-0.3199687499989523,0.0,-0.04200390428304673,-0.0,0.04539624999987427,0.0002633150143083185,0.1,0.3106907308101654,3.141592653589793,-3.140516519546509,0.0,0.0,0.0,-0.0
5.701331377029419,-23.2979679107666,-0.00046874998952262104,-0.39990234375,5.859374869032763e-05,-0.03195800632238388,0.020546874031424522,-3.0,0.0,-0.3199687499989523,0.0,-0.04200390428304673,-0.0,0.04539624999987427,0.0002633150143083185,0.1,0.3106907308101654,3.141592653589793,-3.140516519546509,0.0,0.0,0.0,-0.0
5.706155061721802,-23.2979679107666,-0.00046874998952262104,-0.39990234375,5.859374869032763e-05,-0.03195800632238388,0.020546874031424522,-3.0,0.0,-0.3199687499989523,0.0,-0.04200390428304673,-0.0,0.04539624999987427,0.0002633150143083185,0.1,0.3106907308101654,3.141592653589793,-3.140516519546509,0.0,0.0,0.0,-0.0
5.710911273956299,-23.2979679107666,-0.00046874998952262104,-0.39990234375,5.859374869032763e-05,-0.03195800632238388,0.020546874031424522,-3.0,0.0,-0.3199687499989523,0.0,-0.04200390428304673,-0.0,0.04539624999987427,0.0002633150143083185,0.1,0.3106907308101654,3.141592653589793,-3.140516519546509,0.0,0.0,0.0,-0.0
5.7156360149383545,-23.2979679107666,-0.00046874998952262104,-0.39990234375,5.859374869032763e-05,-0.03195800632238388,0.020546874031424522,-3.0,0.0,-0.3199687499989523,0.0,-0.04200390428304673,-0.0,0.04539624999987427,0.0002633150143083185,0.1,0.3106907308101654,3.141592653589793,-3.140516519546509,0.0,0.0,0.0,-0.0
5.7203803062438965,-23.2979679107666,-0.00046874998952262104,-0.39990234375,5.859374869032763e-05,-0.03195800632238388,0.020546874031424522,-3.0,0.0,-0.3199687499989523,0.0,-0.04200390428304673,-0.0,0.04539624999987427,0.0002633150143083185,0.1,0.3106907308101654,3.141592653589793,-3.140516519546509,0.0,0.0,0.0,-0.0
5.725083589553833,-23.2979679107666,-0.00046874998952262104,-0.39990234375,5.859374869032763e-05,-0.03195800632238388,0.020546874031424522,-3.0,0.0,-0.3199687499989523,0.0,-0.04200390428304673,-0.0,0.04539624999987427,0.0002633150143083185,0.1,0.3106907308101654,3.141592653589793,-3.140516519546509,0.0,0.0,0.0,-0.0
5.7299182415008545,-23.2979679107666,-0.00046874998952262104,-0.39990234375,5.859374869032763e-05,-0.03195800632238388,0.020546874031424522,-3.0,0.0,-0.3199687499989523,0.0,-0.04200390428304673,-0.0,0.04539624999987427,0.0002633150143083185,0.1,0.3106907308101654,3.141592653589793,-3.140516519546509,0.0,0.0,0.0,-0.0
5.734377861022949,-23.2979679107666,-0.00046874998952262104,-0.39990234375,5.859374869032763e-05,-0.03195800632238388,0.020546874031424522,-3.0,0.0,-0.3199687499989523,0.0,-0.04200390428304673,-0.0,0.04539624999987427,0.0002633150143083185,0.1,0.3106907308101654,3.141592653589793,-3.140516519546509,0.0,0.0,0.0,-0.0
5.739126920700073,-23.2979679107666,-0.00046874998952262104,-0.39990234375,5.859374869032763e-05,-0.03195800632238388,0.020546874031424522,-3.0,0.0,-0.3199687499989523,0.0,-0.04200390428304673,-0.0,0.04539624999987427,0.0002633150143083185,0.1,0.3106907308101654,3.141592653589793,-3.140516519546509,0.0,0.0,0.0,-0.0
5.743516445159912,-23.2979679107666,-0.00046874998952262104,-0.39990234375,5.859374869032763e-05,-0.03195800632238388,0.020546874031424522,-3.0,0.0,-0.3199687499989523,0.0,-0.04200390428304673,-0.0,0.04539624999987427,0.0002633150143083185,0.1,0.3106907308101654,3.141592653589793,-3.140516519546509,0.0,0.0,0.0,-0.0
5.748244285583496,-23.2979679107666,-0.00046874998952262104,-0.39990234375,5.859374869032763e-05,-0.03195800632238388,0.020546874031424522,-3.0,0.0,-0.3199687499989523,0.0,-0.04200390428304673,-0.0,0.04539624999987427,0.0002633150143083185,0.1,0.3106907308101654,3.141592653589793,-3.140516519546509,0.0,0.0,0.0,-0.0
5.752806186676025,-23.2979679107666,-0.00046874998952262104,-0.39990234375,5.859374869032763e-05,-0.03195800632238388,0.020546874031424522,-3.0,0.0,-0.3199687499989523,0.0,-0.04200390428304673,-0.0,0.04539624999987427,0.0002633150143083185,0.1,0.3106907308101654,3.141592653589793,-3.140516519546509,0.0,0.0,0.0,-0.0
5.7572243213653564,-23.2979679107666,-0.00046874998952262104,-0.39990234375,5.859374869032763e-05,-0.03195800632238388,0.020546874031424522,-3.0,0.0,-0.3199687499989523,0.0,-0.04200390428304673,-0.0,0.04539624999987427,0.0002633150143083185,0.1,0.3106907308101654,3.141592653589793,-3.140516519546509,0.0,0.0,0.0,-0.0
5.761679410934448,-23.2979679107666,-0.00046874998952262104,-0.39990234375,5.859374869032763e-05,-0.03195800632238388,0.020546874031424522,-3.0,0.0,-0.3199687499989523,0.0,-0.04200390428304673,-0.0,0.04539624999987427,0.0002633150143083185,0.1,0.3106907308101654,3.141592653589793,-3.140516519546509,0.0,0.0,0.0,-0.0
5.766531705856323,-23.2979679107666,-0.00046874998952262104,-0.39990234375,5.859374869032763e-05,-0.03195800632238388,0.020546874031424522,-3.0,0.0,-0.3199687499989523,0.0,-0.04200390428304673,-0.0,0.04539624999987427,0.0002633150143083185,0.1,0.3106907308101654,3.141592653589793,-3.140516519546509,0.0,0.0,0.0,-0.0
5.7714385986328125,-23.2979679107666,-0.00046874998952262104,-0.39990234375,5.859374869032763e-05,-0.03195800632238388,0.020546874031424522,-3.0,0.0,-0.3199687499989523,0.0,-0.04200390428304673,-0.0,0.04539624999987427,0.0002633150143083185,0.1,0.3106907308101654,3.141592653589793,-3.140516519546509,0.0,0.0,0.0,-0.0
5.776160955429077,-23.2979679107666,-0.00046874998952262104,-0.39990234375,5.859374869032763e-05,-0.03195800632238388,0.020546874031424522,-3.0,0.0,-0.3199687499989523,0.0,-0.04200390428304673,-0.0,0.04539624999987427,0.0002633150143083185,0.1,0.3106907308101654,3.141592653589793,-3.140516519546509,0.0,0.0,0.0,-0.0
5.780914068222046,-23.2979679107666,-0.00046874998952262104,-0.39990234375,5.859374869032763e-05,-0.03195800632238388,0.020546874031424522,-3.0,0.0,-0.3199687499989523,0.0,-0.04200390428304673,-0.0,0.04539624999987427,0.0002633150143083185,0.1,0.3106907308101654,3.141592653589793,-3.140516519546509,0.0,0.0,0.0,-0.0
5.785468101501465,-23.2979679107666,-0.00046874998952262104,-0.39990234375,5.859374869032763e-05,-0.03195800632238388,0.020546874031424522,-3.0,0.0,-0.3199687499989523,0.0,-0.04200390428304673,-0.0,0.04539624999987427,0.0002633150143083185,0.1,0.3106907308101654,3.141592653589793,-3.140516519546509,0.0,0.0,0.0,-0.0
5.79019021987915,-23.2979679107666,-0.00046874998952262104,-0.39990234375,5.859374869032763e-05,-0.03195800632238388,0.020546874031424522,-3.0,0.0,-0.3199687499989523,0.0,-0.04200390428304673,-0.0,0.04539624999987427,0.0002633150143083185,0.1,0.3106907308101654,3.141592653589793,-3.140516519546509,0.0,0.0,0.0,-0.0
5.795062303543091,-23.2979679107666,-0.00046874998952262104,-0.39990234375,5.859374869032763e-05,-0.03195800632238388,0.020546874031424522,-3.0,0.0,-0.3199687499989523,0.0,-0.04200390428304673,-0.0,0.04539624999987427,0.0002633150143083185,0.1,0.3106907308101654,3.141592653589793,-3.140516519546509,0.0,0.0,0.0,-0.0
5.799416542053223,-23.2979679107666,-0.00046874998952262104,-0.39990234375,5.859374869032763e-05,-0.03195800632238388,0.020546874031424522,-3.0,0.0,-0.3199687499989523,0.0,-0.04200390428304673,-0.0,0.04539624999987427,0.0002633150143083185,0.1,0.3106907308101654,3.141592653589793,-3.140516519546509,0.0,0.0,0.0,-0.0
5.804173469543457,-23.2979679107666,-0.00046874998952262104,-0.39990234375,5.859374869032763e-05,-0.03195800632238388,0.020546874031424522,-3.0,0.0,-0.3199687499989523,0.0,-0.04200390428304673,-0.0,0.04539624999987427,0.0002633150143083185,0.1,0.3106907308101654,3.141592653589793,-3.140516519546509,0.0,0.0,0.0,-0.0
5.808634996414185,-23.2979679107666,-0.00046874998952262104,-0.39990234375,5.859374869032763e-05,-0.03195800632238388,0.020546874031424522,-3.0,0.0,-0.3199687499989523,0.0,-0.04200390428304673,-0.0,0.04539624999987427,0.0002633150143083185,0.1,0.3106907308101654,3.141592653589793,-3.140516519546509,0.0,0.0,0.0,-0.0
5.813537836074829,-23.2979679107666,-0.00046874998952262104,-0.39990234375,5.859374869032763e-05,-0.03195800632238388,0.020546874031424522,-3.0,0.0,-0.3199687499989523,0.0,-0.04200390428304673,-0.0,0.04539624999987427,0.0002633150143083185,0.1,0.3106907308101654,3.141592653589793,-3.140516519546509,0.0,0.0,0.0,-0.0
5.8181328773498535,-23.2979679107666,-0.00046874998952262104,-0.39990234375,5.859374869032763e-05,-0.03195800632238388,0.020546874031424522,-3.0,0.0,-0.3199687499989523,0.0,-0.04200390428304673,-0.0,0.04539624999987427,0.0002633150143083185,0.1,0.3106907308101654,3.141592653589793,-3.140516519546509,0.0,0.0,0.0,-0.0
5.822542905807495,-23.2979679107666,-0.00046874998952262104,-0.39990234375,5.859374869032763e-05,-0.03195800632238388,0.020546874031424522,-3.0,0.0,-0.3199687499989523,0.0,-0.04200390428304673,-0.0,0.04539624999987427,0.0002633150143083185,0.1,0.3106907308101654,3.141592653589793,-3.140516519546509,0.0,0.0,0.0,-0.0
5.827034950256348,-23.2979679107666,-0.00046874998952262104,-0.39990234375,5.859374869032763e-05,-0.03195800632238388,0.020546874031424522,-3.0,0.0,-0.3199687499989523,0.0,-0.04200390428304673,-0.0,0.04539624999987427,0.0002633150143083185,0.1,0.3106907308101654,3.141592653589793,-3.140516519546509,0.0,0.0,0.0,-0.0
5.831698417663574,-23.2979679107666,-0.00046874998952262104,-0.39990234375,5.859374869032763e-05,-0.03195800632238388,0.020546874031424522,-3.0,0.0,-0.3199687499989523,0.0,-0.04200390428304673,-0.0,0.04539624999987427,0.0002633150143083185,0.1,0.3106907308101654,3.141592653589793,-3.140516519546509,0.0,0.0,0.0,-0.0
5.836756706237793,-23.2979679107666,-0.00046874998952262104,-0.39990234375,5.859374869032763e-05,-0.03195800632238388,0.020546874031424522,-3.0,0.0,-0.3199687499989523,0.0,-0.04200390428304673,-0.0,0.04539624999987427,0.0002633150143083185,0.1,0.3106907308101654,3.141592653589793,-3.140516519546509,0.0,0.0,0.0,-0.0
5.841315746307373,-23.2979679107666,-0.00046874998952262104,-0.39990234375,5.859374869032763e-05,-0.03195800632238388,0.020546874031424522,-3.0,0.0,-0.3199687499989523,0.0,-0.04200390428304673,-0.0,0.04539624999987427,0.0002633150143083185,0.1,0.3106907308101654,3.141592653589793,-3.140516519546509,0.0,0.0,0.0,-0.0
5.845991373062134,-23.2979679107666,-0.00046874998952262104,-0.39990234375,5.859374869032763e-05,-0.03195800632238388,0.020546874031424522,-3.0,0.0,-0.3199687499989523,0.0,-0.04200390428304673,-0.0,0.04539624999987427,0.0002633150143083185,0.1,0.3106907308101654,3.141592653589793,-3.140516519546509,0.0,0.0,0.0,-0.0
5.850710153579712,-23.2979679107666,-0.00046874998952262104,-0.39990234375,5.859374869032763e-05,-0.03195800632238388,0.020546874031424522,-3.0,0.0,-0.3199687499989523,0.0,-0.04200390428304673,-0.0,0.04539624999987427,0.0002633150143083185,0.1,0.3106907308101654,3.141592653589793,-3.140516519546509,0.0,0.0,0.0,-0.0
5.855100393295288,-23.2979679107666,-0.00046874998952262104,-0.39990234375,5.859374869032763e-05,-0.03195800632238388,0.020546874031424522,-3.0,0.0,-0.3199687499989523,0.0,-0.04200390428304673,-0.0,0.04539624999987427,0.0002633150143083185,0.1,0.3106907308101654,3.141592653589793,-3.140516519546509,0.0,0.0,0.0,-0.0
5.859789848327637,-23.2979679107666,-0.00046874998952262104,-0.39990234375,5.859374869032763e-05,-0.03195800632238388,0.020546874031424522,-3.0,0.0,-0.3199687499989523,0.0,-0.04200390428304673,-0.0,0.04539624999987427,0.0002633150143083185,0.1,0.3106907308101654,3.141592653589793,-3.140516519546509,0.0,0.0,0.0,-0.0
5.864469051361084,-23.2979679107666,-0.00046874998952262104,-0.39990234375,5.859374869032763e-05,-0.03195800632238388,0.020546874031424522,-3.0,0.0,-0.3199687499989523,0.0,-0.04200390428304673,-0.0,0.04539624999987427,0.0002633150143083185,0.1,0.3106907308101654,3.141592653589793,-3.140516519546509,0.0,0.0,0.0,-0.0
5.869296312332153,-23.2979679107666,-0.00046874998952262104,-0.39990234375,5.859374869032763e-05,-0.03195800632238388,0.020546874031424522,-3.0,0.0,-0.3199687499989523,0.0,-0.04200390428304673,-0.0,0.04539624999987427,0.0002633150143083185,0.1,0.3106907308101654,3.141592653589793,-3.140516519546509,0.0,0.0,0.0,-0.0
5.873744010925293,-23.2979679107666,-0.00046874998952262104,-0.39990234375,5.859374869032763e-05,-0.03195800632238388,0.020546874031424522,-3.0,0.0,-0.3199687499989523,0.0,-0.04200390428304673,-0.0,0.04539624999987427,0.0002633150143083185,0.1,0.3106907308101654,3.141592653589793,-3.140516519546509,0.0,0.0,0.0,-0.0
5.878596782684326,-23.2979679107666,-0.00046874998952262104,-0.39990234375,5.859374869032763e-05,-0.03195800632238388,0.020546874031424522,-3.0,0.0,-0.3199687499989523,0.0,-0.04200390428304673,-0.0,0.04539624999987427,0.0002633150143083185,0.1,0.3106907308101654,3.141592653589793,-3.140516519546509,0.0,0.0,0.0,-0.0
5.8831751346588135,-23.2979679107666,-0.00046874998952262104,-0.39990234375,5.859374869032763e-05,-0.03195800632238388,0.020546874031424522,-3.0,0.0,-0.3199687499989523,0.0,-0.04200390428304673,-0.0,0.04539624999987427,0.0002633150143083185,0.1,0.3106907308101654,3.141592653589793,-3.140516519546509,0.0,0.0,0.0,-0.0
5.887819766998291,-23.2979679107666,-0.00046874998952262104,-0.39990234375,5.859374869032763e-05,-0.03195800632238388,0.020546874031424522,-3.0,0.0,-0.3199687499989523,0.0,-0.04200390428304673,-0.0,0.04539624999987427,0.0002633150143083185,0.1,0.3106907308101654,3.141592653589793,-3.140516519546509,0.0,0.0,0.0,-0.0
5.892253637313843,-23.2979679107666,-0.00046874998952262104,-0.39990234375,5.859374869032763e-05,-0.03195800632238388,0.020546874031424522,-3.0,0.0,-0.3199687499989523,0.0,-0.04200390428304673,-0.0,0.04539624999987427,0.0002633150143083185,0.1,0.3106907308101654,3.141592653589793,-3.140516519546509,0.0,0.0,0.0,-0.0
5.897099733352661,-23.2979679107666,-0.00046874998952262104,-0.39990234375,5.859374869032763e-05,-0.03195800632238388,0.020546874031424522,-3.0,0.0,-0.3199687499989523,0.0,-0.04200390428304673,-0.0,0.04539624999987427,0.0002633150143083185,0.1,0.3106907308101654,3.141592653589793,-3.140516519546509,0.0,0.0,0.0,-0.0
5.901811122894287,-23.2979679107666,-0.00046874998952262104,-0.39990234375,5.859374869032763e-05,-0.03195800632238388,0.020546874031424522,-3.0,0.0,-0.3199687499989523,0.0,-0.04200390428304673,-0.0,0.04539624999987427,0.0002633150143083185,0.1,0.3106907308101654,3.141592653589793,-3.140516519546509,0.0,0.0,0.0,-0.0
5.906397819519043,-23.2979679107666,-0.00046874998952262104,-0.39990234375,5.859374869032763e-05,-0.03195800632238388,0.020546874031424522,-3.0,0.0,-0.3199687499989523,0.0,-0.04200390428304673,-0.0,0.04539624999987427,0.0002633150143083185,0.1,0.3106907308101654,3.141592653589793,-3.140516519546509,0.0,0.0,0.0,-0.0
5.910906553268433,-23.2979679107666,-0.00046874998952262104,-0.39990234375,5.859374869032763e-05,-0.03195800632238388,0.020546874031424522,-3.0,0.0,-0.3199687499989523,0.0,-0.04200390428304673,-0.0,0.04539624999987427,0.0002633150143083185,0.1,0.3106907308101654,3.141592653589793,-3.140516519546509,0.0,0.0,0.0,-0.0
5.915601968765259,-23.2979679107666,-0.00046874998952262104,-0.39990234375,5.859374869032763e-05,-0.03195800632238388,0.020546874031424522,-3.0,0.0,-0.3199687499989523,0.0,-0.04200390428304673,-0.0,0.04539624999987427,0.0002633150143083185,0.1,0.3106907308101654,3.141592653589793,-3.140516519546509,0.0,0.0,0.0,-0.0
5.920358419418335,-23.2979679107666,-0.00046874998952262104,-0.39990234375,5.859374869032763e-05,-0.03195800632238388,0.020546874031424522,-3.0,0.0,-0.3199687499989523,0.0,-0.04200390428304673,-0.0,0.04539624999987427,0.0002633150143083185,0.1,0.3106907308101654,3.141592653589793,-3.140516519546509,0.0,0.0,0.0,-0.0
5.924817085266113,-23.2979679107666,-0.00046874998952262104,-0.39990234375,5.859374869032763e-05,-0.03195800632238388,0.020546874031424522,-3.0,0.0,-0.3199687499989523,0.0,-0.04200390428304673,-0.0,0.04539624999987427,0.0002633150143083185,0.1,0.3106907308101654,3.141592653589793,-3.140516519546509,0.0,0.0,0.0,-0.0
5.929485321044922,-23.2979679107666,-0.00046874998952262104,-0.39990234375,5.859374869032763e-05,-0.03195800632238388,0.020546874031424522,-3.0,0.0,-0.3199687499989523,0.0,-0.04200390428304673,-0.0,0.04539624999987427,0.0002633150143083185,0.1,0.3106907308101654,3.141592653589793,-3.140516519546509,0.0,0.0,0.0,-0.0
5.934210538864136,-23.2979679107666,-0.00046874998952262104,-0.39990234375,5.859374869032763e-05,-0.03195800632238388,0.020546874031424522,-3.0,0.0,-0.3199687499989523,0.0,-0.04200390428304673,-0.0,0.04539624999987427,0.0002633150143083185,0.1,0.3106907308101654,3.141592653589793,-3.140516519546509,0.0,0.0,0.0,-0.0
5.938983678817749,-23.2979679107666,-0.00046874998952262104,-0.39990234375,5.859374869032763e-05,-0.03195800632238388,0.020546874031424522,-3.0,0.0,-0.3199687499989523,0.0,-0.04200390428304673,-0.0,0.04539624999987427,0.0002633150143083185,0.1,0.3106907308101654,3.141592653589793,-3.140516519546509,0.0,0.0,0.0,-0.0
5.94340968132019,-23.2979679107666,-0.00046874998952262104,-0.39990234375,5.859374869032763e-05,-0.03195800632238388,0.020546874031424522,-3.0,0.0,-0.3199687499989523,0.0,-0.04200390428304673,-0.0,0.04539624999987427,0.0002633150143083185,0.1,0.3106907308101654,3.141592653589793,-3.140516519546509,0.0,0.0,0.0,-0.0
5.948107719421387,-23.2979679107666,-0.00046874998952262104,-0.39990234375,5.859374869032763e-05,-0.03195800632238388,0.020546874031424522,-3.0,0.0,-0.3199687499989523,0.0,-0.04200390428304673,-0.0,0.04539624999987427,0.0002633150143083185,0.1,0.3106907308101654,3.141592653589793,-3.140516519546509,0.0,0.0,0.0,-0.0
5.95272970199585,-23.2979679107666,-0.00046874998952262104,-0.39990234375,5.859374869032763e-05,-0.03195800632238388,0.020546874031424522,-3.0,0.0,-0.3199687499989523,0.0,-0.04200390428304673,-0.0,0.04539624999987427,0.0002633150143083185,0.1,0.3106907308101654,3.141592653589793,-3.140516519546509,0.0,0.0,0.0,-0.0
5.957391023635864,-23.2979679107666,-0.00046874998952262104,-0.39990234375,5.859374869032763e-05,-0.03195800632238388,0.020546874031424522,-3.0,0.0,-0.3199687499989523,0.0,-0.04200390428304673,-0.0,0.04539624999987427,0.0002633150143083185,0.1,0.3106907308101654,3.141592653589793,-3.140516519546509,0.0,0.0,0.0,-0.0
5.961937427520752,-23.2979679107666,-0.00046874998952262104,-0.39990234375,5.859374869032763e-05,-0.03195800632238388,0.020546874031424522,-3.0,0.0,-0.3199687499989523,0.0,-0.04200390428304673,-0.0,0.04539624999987427,0.0002633150143083185,0.1,0.3106907308101654,3.141592653589793,-3.140516519546509,0.0,0.0,0.0,-0.0
5.966662645339966,-23.2979679107666,-0.00046874998952262104,-0.39990234375,5.859374869032763e-05,-0.03195800632238388,0.020546874031424522,-3.0,0.0,-0.3199687499989523,0.0,-0.04200390428304673,-0.0,0.04539624999987427,0.0002633150143083185,0.1,0.3106907308101654,3.141592653589793,-3.140516519546509,0.0,0.0,0.0,-0.0
5.971317529678345,-23.2979679107666,-0.00046874998952262104,-0.39990234375,5.859374869032763e-05,-0.03195800632238388,0.020546874031424522,-3.0,0.0,-0.3199687499989523,0.0,-0.04200390428304673,-0.0,0.04539624999987427,0.0002633150143083185,0.1,0.3106907308101654,3.141592653589793,-3.140516519546509,0.0,0.0,0.0,-0.0
5.975996017456055,-23.2979679107666,-0.00046874998952262104,-0.39990234375,5.859374869032763e-05,-0.03195800632238388,0.020546874031424522,-3.0,0.0,-0.3199687499989523,0.0,-0.04200390428304673,-0.0,0.04539624999987427,0.0002633150143083185,0.1,0.3106907308101654,3.141592653589793,-3.140516519546509,0.0,0.0,0.0,-0.0
5.980415105819702,-23.2979679107666,-0.00046874998952262104,-0.39990234375,5.859374869032763e-05,-0.03195800632238388,0.020546874031424522,-3.0,0.0,-0.3199687499989523,0.0,-0.04200390428304673,-0.0,0.04539624999987427,0.0002633150143083185,0.1,0.3106907308101654,3.141592653589793,-3.140516519546509,0.0,0.0,0.0,-0.0
5.98508620262146,-23.2979679107666,-0.00046874998952262104,-0.39990234375,5.859374869032763e-05,-0.03195800632238388,0.020546874031424522,-3.0,0.0,-0.3199687499989523,0.0,-0.04200390428304673,-0.0,0.04539624999987427,0.0002633150143083185,0.1,0.3106907308101654,3.141592653589793,-3.140516519546509,0.0,0.0,0.0,-0.0
5.989657640457153,-23.2979679107666,-0.00046874998952262104,-0.39990234375,5.859374869032763e-05,-0.03195800632238388,0.020546874031424522,-3.0,0.0,-0.3199687499989523,0.0,-0.04200390428304673,-0.0,0.04539624999987427,0.0002633150143083185,0.1,0.3106907308101654,3.141592653589793,-3.140516519546509,0.0,0.0,0.0,-0.0
5.9944908618927,-23.2979679107666,-0.00046874998952262104,-0.39990234375,5.859374869032763e-05,-0.03195800632238388,0.020546874031424522,-3.0,0.0,-0.3199687499989523,0.0,-0.04200390428304673,-0.0,0.04539624999987427,0.0002633150143083185,0.1,0.3106907308101654,3.141592653589793,-3.140516519546509,0.0,0.0,0.0,-0.0
5.9992592334747314,-23.2979679107666,-0.00046874998952262104,-0.39990234375,5.859374869032763e-05,-0.03195800632238388,0.020546874031424522,-3.0,0.0,-0.3199687499989523,0.0,-0.04200390428304673,-0.0,0.04539624999987427,0.0002633150143083185,0.1,0.3106907308101654,3.141592653589793,-3.140516519546509,0.0,0.0,0.0,-0.0
6.003974199295044,-23.2979679107666,-0.00046874998952262104,-0.39990234375,5.859374869032763e-05,-0.03195800632238388,0.020546874031424522,-3.0,0.0,-0.3199687499989523,0.0,-0.04200390428304673,-0.0,0.04539624999987427,0.0002633150143083185,0.1,0.3106907308101654,3.141592653589793,-3.140516519546509,0.0,0.0,0.0,-0.0
6.008744955062866,-23.2979679107666,-0.00046874998952262104,-0.39990234375,5.859374869032763e-05,-0.03195800632238388,0.020546874031424522,-3.0,0.0,-0.3199687499989523,0.0,-0.04200390428304673,-0.0,0.04539624999987427,0.0002633150143083185,0.1,0.3106907308101654,3.141592653589793,-3.140516519546509,0.0,0.0,0.0,-0.0
6.013447999954224,-23.2979679107666,-0.00046874998952262104,-0.39990234375,5.859374869032763e-05,-0.03195800632238388,0.020546874031424522,-3.0,0.0,-0.3199687499989523,0.0,-0.04200390428304673,-0.0,0.04539624999987427,0.0002633150143083185,0.1,0.3106907308101654,3.141592653589793,-3.140516519546509,0.0,0.0,0.0,-0.0
6.018052101135254,-23.2979679107666,-0.00046874998952262104,-0.39990234375,5.859374869032763e-05,-0.03195800632238388,0.020546874031424522,-3.0,0.0,-0.3199687499989523,0.0,-0.04200390428304673,-0.0,0.04539624999987427,0.0002633150143083185,0.1,0.3106907308101654,3.141592653589793,-3.140516519546509,0.0,0.0,0.0,-0.0
6.022688627243042,-23.2979679107666,-0.00046874998952262104,-0.39990234375,5.859374869032763e-05,-0.03195800632238388,0.020546874031424522,-3.0,0.0,-0.3199687499989523,0.0,-0.04200390428304673,-0.0,0.04539624999987427,0.0002633150143083185,0.1,0.3106907308101654,3.141592653589793,-3.140516519546509,0.0,0.0,0.0,-0.0
6.027432918548584,-23.2979679107666,-0.00046874998952262104,-0.39990234375,5.859374869032763e-05,-0.03195800632238388,0.020546874031424522,-3.0,0.0,-0.3199687499989523,0.0,-0.04200390428304673,-0.0,0.04539624999987427,0.0002633150143083185,0.1,0.3106907308101654,3.141592653589793,-3.140516519546509,0.0,0.0,0.0,-0.0
6.031834840774536,-23.2979679107666,-0.00046874998952262104,-0.39990234375,5.859374869032763e-05,-0.03195800632238388,0.020546874031424522,-3.0,0.0,-0.3199687499989523,0.0,-0.04200390428304673,-0.0,0.04539624999987427,0.0002633150143083185,0.1,0.3106907308101654,3.141592653589793,-3.140516519546509,0.0,0.0,0.0,-0.0
6.036665201187134,-23.2979679107666,-0.00046874998952262104,-0.39990234375,5.859374869032763e-05,-0.03195800632238388,0.020546874031424522,-3.0,0.0,-0.3199687499989523,0.0,-0.04200390428304673,-0.0,0.04539624999987427,0.0002633150143083185,0.1,0.3106907308101654,3.141592653589793,-3.140516519546509,0.0,0.0,0.0,-0.0
6.041029691696167,-23.2979679107666,-0.00046874998952262104,-0.39990234375,5.859374869032763e-05,-0.03195800632238388,0.020546874031424522,-3.0,0.0,-0.3199687499989523,0.0,-0.04200390428304673,-0.0,0.04539624999987427,0.0002633150143083185,0.1,0.3106907308101654,3.141592653589793,-3.140516519546509,0.0,0.0,0.0,-0.0
6.045638084411621,-23.2979679107666,-0.00046874998952262104,-0.39990234375,5.859374869032763e-05,-0.03195800632238388,0.020546874031424522,-3.0,0.0,-0.3199687499989523,0.0,-0.04200390428304673,-0.0,0.04539624999987427,0.0002633150143083185,0.1,0.3106907308101654,3.141592653589793,-3.140516519546509,0.0,0.0,0.0,-0.0
6.050393342971802,-23.2979679107666,-0.00046874998952262104,-0.39990234375,5.859374869032763e-05,-0.03195800632238388,0.020546874031424522,-3.0,0.0,-0.3199687499989523,0.0,-0.04200390428304673,-0.0,0.04539624999987427,0.0002633150143083185,0.1,0.3106907308101654,3.141592653589793,-3.140516519546509,0.0,0.0,0.0,-0.0
6.055127143859863,-23.2979679107666,-0.00046874998952262104,-0.39990234375,5.859374869032763e-05,-0.03195800632238388,0.020546874031424522,-3.0,0.0,-0.3199687499989523,0.0,-0.04200390428304673,-0.0,0.04539624999987427,0.0002633150143083185,0.1,0.3106907308101654,3.141592653589793,-3.140516519546509,0.0,0.0,0.0,-0.0
6.060035228729248,-23.2979679107666,-0.00046874998952262104,-0.39990234375,5.859374869032763e-05,-0.03195800632238388,0.020546874031424522,-3.0,0.0,-0.3199687499989523,0.0,-0.04200390428304673,-0.0,0.04539624999987427,0.0002633150143083185,0.1,0.3106907308101654,3.141592653589793,-3.140516519546509,0.0,0.0,0.0,-0.0
6.064363956451416,-23.2979679107666,-0.00046874998952262104,-0.39990234375,5.859374869032763e-05,-0.03195800632238388,0.020546874031424522,-3.0,0.0,-0.3199687499989523,0.0,-0.04200390428304673,-0.0,0.04539624999987427,0.0002633150143083185,0.1,0.3106907308101654,3.141592653589793,-3.140516519546509,0.0,0.0,0.0,-0.0
6.068954229354858,-23.2979679107666,-0.00046874998952262104,-0.39990234375,5.859374869032763e-05,-0.03195800632238388,0.020546874031424522,-3.0,0.0,-0.3199687499989523,0.0,-0.04200390428304673,-0.0,0.04539624999987427,0.0002633150143083185,0.1,0.3106907308101654,3.141592653589793,-3.140516519546509,0.0,0.0,0.0,-0.0
6.073918104171753,-23.2979679107666,-0.00046874998952262104,-0.39990234375,5.859374869032763e-05,-0.03195800632238388,0.020546874031424522,-3.0,0.0,-0.3199687499989523,0.0,-0.04200390428304673,-0.0,0.04539624999987427,0.0002633150143083185,0.1,0.3106907308101654,3.141592653589793,-3.140516519546509,0.0,0.0,0.0,-0.0
6.07860255241394,-23.2979679107666,-0.00046874998952262104,-0.39990234375,5.859374869032763e-05,-0.03195800632238388,0.020546874031424522,-3.0,0.0,-0.3199687499989523,0.0,-0.04200390428304673,-0.0,0.04539624999987427,0.0002633150143083185,0.1,0.3106907308101654,3.141592653589793,-3.140516519546509,0.0,0.0,0.0,-0.0
6.083004474639893,-23.2979679107666,-0.00046874998952262104,-0.39990234375,5.859374869032763e-05,-0.03195800632238388,0.020546874031424522,-3.0,0.0,-0.3199687499989523,0.0,-0.04200390428304673,-0.0,0.04539624999987427,0.0002633150143083185,0.1,0.3106907308101654,3.141592653589793,-3.140516519546509,0.0,0.0,0.0,-0.0
6.087740659713745,-23.2979679107666,-0.00046874998952262104,-0.39990234375,5.859374869032763e-05,-0.03195800632238388,0.020546874031424522,-3.0,0.0,-0.3199687499989523,0.0,-0.04200390428304673,-0.0,0.04539624999987427,0.0002633150143083185,0.1,0.3106907308101654,3.141592653589793,-3.140516519546509,0.0,0.0,0.0,-0.0
6.0921196937561035,-23.2979679107666,-0.00046874998952262104,-0.39990234375,5.859374869032763e-05,-0.03195800632238388,0.020546874031424522,-3.0,0.0,-0.3199687499989523,0.0,-0.04200390428304673,-0.0,0.04539624999987427,0.0002633150143083185,0.1,0.3106907308101654,3.141592653589793,-3.140516519546509,0.0,0.0,0.0,-0.0
6.096822500228882,-23.2979679107666,-0.00046874998952262104,-0.39990234375,5.859374869032763e-05,-0.03195800632238388,0.020546874031424522,-3.0,0.0,-0.3199687499989523,0.0,-0.04200390428304673,-0.0,0.04539624999987427,0.0002633150143083185,0.1,0.3106907308101654,3.141592653589793,-3.140516519546509,0.0,0.0,0.0,-0.0
6.101320505142212,-23.2979679107666,-0.00046874998952262104,-0.39990234375,5.859374869032763e-05,-0.03195800632238388,0.020546874031424522,-3.0,0.0,-0.3199687499989523,0.0,-0.04200390428304673,-0.0,0.04539624999987427,0.0002633150143083185,0.1,0.3106907308101654,3.141592653589793,-3.140516519546509,0.0,0.0,0.0,-0.0
6.105987787246704,-23.2979679107666,-0.00046874998952262104,-0.39990234375,5.859374869032763e-05,-0.03195800632238388,0.020546874031424522,-3.0,0.0,-0.3199687499989523,0.0,-0.04200390428304673,-0.0,0.04539624999987427,0.0002633150143083185,0.1,0.3106907308101654,3.141592653589793,-3.140516519546509,0.0,0.0,0.0,-0.0
6.110471487045288,-23.2979679107666,-0.00046874998952262104,-0.39990234375,5.859374869032763e-05,-0.03195800632238388,0.020546874031424522,-3.0,0.0,-0.3199687499989523,0.0,-0.04200390428304673,-0.0,0.04539624999987427,0.0002633150143083185,0.1,0.3106907308101654,3.141592653589793,-3.140516519546509,0.0,0.0,0.0,-0.0
6.115035533905029,-23.2979679107666,-0.00046874998952262104,-0.39990234375,5.859374869032763e-05,-0.03195800632238388,0.020546874031424522,-3.0,0.0,-0.3199687499989523,0.0,-0.04200390428304673,-0.0,0.04539624999987427,0.0002633150143083185,0.1,0.3106907308101654,3.141592653589793,-3.140516519546509,0.0,0.0,0.0,-0.0
6.119919061660767,-23.2979679107666,-0.00046874998952262104,-0.39990234375,5.859374869032763e-05,-0.03195800632238388,0.020546874031424522,-3.0,0.0,-0.3199687499989523,0.0,-0.04200390428304673,-0.0,0.04539624999987427,0.0002633150143083185,0.1,0.3106907308101654,3.141592653589793,-3.140516519546509,0.0,0.0,0.0,-0.0
6.124817609786987,-23.2979679107666,-0.00046874998952262104,-0.39990234375,5.859374869032763e-05,-0.03195800632238388,0.020546874031424522,-3.0,0.0,-0.3199687499989523,0.0,-0.04200390428304673,-0.0,0.04539624999987427,0.0002633150143083185,0.1,0.3106907308101654,3.141592653589793,-3.140516519546509,0.0,0.0,0.0,-0.0
6.129692554473877,-23.2979679107666,-0.00046874998952262104,-0.39990234375,5.859374869032763e-05,-0.03195800632238388,0.020546874031424522,-3.0,0.0,-0.3199687499989523,0.0,-0.04200390428304673,-0.0,0.04539624999987427,0.0002633150143083185,0.1,0.3106907308101654,3.141592653589793,-3.140516519546509,0.0,0.0,0.0,-0.0
6.134658336639404,-23.2979679107666,-0.00046874998952262104,-0.39990234375,5.859374869032763e-05,-0.03195800632238388,0.020546874031424522,-3.0,0.0,-0.3199687499989523,0.0,-0.04200390428304673,-0.0,0.04539624999987427,0.0002633150143083185,0.1,0.3106907308101654,3.141592653589793,-3.140516519546509,0.0,0.0,0.0,-0.0
6.139200448989868,-23.2979679107666,-0.00046874998952262104,-0.39990234375,5.859374869032763e-05,-0.03195800632238388,0.020546874031424522,-3.0,0.0,-0.3199687499989523,0.0,-0.04200390428304673,-0.0,0.04539624999987427,0.0002633150143083185,0.1,0.3106907308101654,3.141592653589793,-3.140516519546509,0.0,0.0,0.0,-0.0
6.159839630126953,-23.2979679107666,-0.00046874998952262104,-0.39990234375,5.859374869032763e-05,-0.03195800632238388,0.020546874031424522,-3.0,0.0,-0.3199687499989523,0.0,-0.04200390428304673,-0.0,0.04539624999987427,0.0002633150143083185,0.1,0.3106907308101654,3.141592653589793,-3.140516519546509,0.0,0.0,0.0,-0.0
6.1642069816589355,-23.2979679107666,-0.00046874998952262104,-0.39990234375,5.859374869032763e-05,-0.03195800632238388,0.020546874031424522,-3.0,0.0,-0.3199687499989523,0.0,-0.04200390428304673,-0.0,0.04539624999987427,0.0002633150143083185,0.1,0.3106907308101654,3.141592653589793,-3.140516519546509,0.0,0.0,0.0,-0.0
6.168986558914185,-23.2979679107666,-0.00046874998952262104,-0.39990234375,5.859374869032763e-05,-0.03195800632238388,0.020546874031424522,-3.0,0.0,-0.3199687499989523,0.0,-0.04200390428304673,-0.0,0.04539624999987427,0.0002633150143083185,0.1,0.3106907308101654,3.141592653589793,-3.140516519546509,0.0,0.0,0.0,-0.0
6.17372989654541,-23.2979679107666,-0.00046874998952262104,-0.39990234375,5.859374869032763e-05,-0.03195800632238388,0.020546874031424522,-3.0,0.0,-0.3199687499989523,0.0,-0.04200390428304673,-0.0,0.04539624999987427,0.0002633150143083185,0.1,0.3106907308101654,3.141592653589793,-3.140516519546509,0.0,0.0,0.0,-0.0
6.178340196609497,-23.2979679107666,-0.00046874998952262104,-0.39990234375,5.859374869032763e-05,-0.03195800632238388,0.020546874031424522,-3.0,0.0,-0.3199687499989523,0.0,-0.04200390428304673,-0.0,0.04539624999987427,0.0002633150143083185,0.1,0.3106907308101654,3.141592653589793,-3.140516519546509,0.0,0.0,0.0,-0.0
6.182887554168701,-23.2979679107666,-0.00046874998952262104,-0.39990234375,5.859374869032763e-05,-0.03195800632238388,0.020546874031424522,-3.0,0.0,-0.3199687499989523,0.0,-0.04200390428304673,-0.0,0.04539624999987427,0.0002633150143083185,0.1,0.3106907308101654,3.141592653589793,-3.140516519546509,0.0,0.0,0.0,-0.0
6.1875715255737305,-23.2979679107666,-0.00046874998952262104,-0.39990234375,5.859374869032763e-05,-0.03195800632238388,0.020546874031424522,-3.0,0.0,-0.3199687499989523,0.0,-0.04200390428304673,-0.0,0.04539624999987427,0.0002633150143083185,0.1,0.3106907308101654,3.141592653589793,-3.140516519546509,0.0,0.0,0.0,-0.0
6.19214391708374,-23.2979679107666,-0.00046874998952262104,-0.39990234375,5.859374869032763e-05,-0.03195800632238388,0.020546874031424522,-3.0,0.0,-0.3199687499989523,0.0,-0.04200390428304673,-0.0,0.04539624999987427,0.0002633150143083185,0.1,0.3106907308101654,3.141592653589793,-3.140516519546509,0.0,0.0,0.0,-0.0
6.197058200836182,-23.2979679107666,-0.00046874998952262104,-0.39990234375,5.859374869032763e-05,-0.03195800632238388,0.020546874031424522,-3.0,0.0,-0.3199687499989523,0.0,-0.04200390428304673,-0.0,0.04539624999987427,0.0002633150143083185,0.1,0.3106907308101654,3.141592653589793,-3.140516519546509,0.0,0.0,0.0,-0.0
6.2019195556640625,-23.2979679107666,-0.00046874998952262104,-0.39990234375,5.859374869032763e-05,-0.03195800632238388,0.020546874031424522,-3.0,0.0,-0.3199687499989523,0.0,-0.04200390428304673,-0.0,0.04539624999987427,0.0002633150143083185,0.1,0.3106907308101654,3.141592653589793,-3.140516519546509,0.0,0.0,0.0,-0.0
6.206542730331421,-23.2979679107666,-0.00046874998952262104,-0.39990234375,5.859374869032763e-05,-0.03195800632238388,0.020546874031424522,-3.0,0.0,-0.3199687499989523,0.0,-0.04200390428304673,-0.0,0.04539624999987427,0.0002633150143083185,0.1,0.3106907308101654,3.141592653589793,-3.140516519546509,0.0,0.0,0.0,-0.0
6.2112672328948975,-23.2979679107666,-0.00046874998952262104,-0.39990234375,5.859374869032763e-05,-0.03195800632238388,0.020546874031424522,-3.0,0.0,-0.3199687499989523,0.0,-0.04200390428304673,-0.0,0.04539624999987427,0.0002633150143083185,0.1,0.3106907308101654,3.141592653589793,-3.140516519546509,0.0,0.0,0.0,-0.0
6.215958595275879,-23.2979679107666,-0.00046874998952262104,-0.39990234375,5.859374869032763e-05,-0.03195800632238388,0.020546874031424522,-3.0,0.0,-0.3199687499989523,0.0,-0.04200390428304673,-0.0,0.04539624999987427,0.0002633150143083185,0.1,0.3106907308101654,3.141592653589793,-3.140516519546509,0.0,0.0,0.0,-0.0
6.220597743988037,-23.2979679107666,-0.00046874998952262104,-0.39990234375,5.859374869032763e-05,-0.03195800632238388,0.020546874031424522,-3.0,0.0,-0.3199687499989523,0.0,-0.04200390428304673,-0.0,0.04539624999987427,0.0002633150143083185,0.1,0.3106907308101654,3.141592653589793,-3.140516519546509,0.0,0.0,0.0,-0.0
6.224941730499268,-23.2979679107666,-0.00046874998952262104,-0.39990234375,5.859374869032763e-05,-0.03195800632238388,0.020546874031424522,-3.0,0.0,-0.3199687499989523,0.0,-0.04200390428304673,-0.0,0.04539624999987427,0.0002633150143083185,0.1,0.3106907308101654,3.141592653589793,-3.140516519546509,0.0,0.0,0.0,-0.0
6.229877471923828,-23.2979679107666,-0.00046874998952262104,-0.39990234375,5.859374869032763e-05,-0.03195800632238388,0.020546874031424522,-3.0,0.0,-0.3199687499989523,0.0,-0.04200390428304673,-0.0,0.04539624999987427,0.0002633150143083185,0.1,0.3106907308101654,3.141592653589793,-3.140516519546509,0.0,0.0,0.0,-0.0
6.234559535980225,-23.2979679107666,-0.00046874998952262104,-0.39990234375,5.859374869032763e-05,-0.03195800632238388,0.020546874031424522,-3.0,0.0,-0.3199687499989523,0.0,-0.04200390428304673,-0.0,0.04539624999987427,0.0002633150143083185,0.1,0.3106907308101654,3.141592653589793,-3.140516519546509,0.0,0.0,0.0,-0.0
6.239312171936035,-23.2979679107666,-0.00046874998952262104,-0.39990234375,5.859374869032763e-05,-0.03195800632238388,0.020546874031424522,-3.0,0.0,-0.3199687499989523,0.0,-0.04200390428304673,-0.0,0.04539624999987427,0.0002633150143083185,0.1,0.3106907308101654,3.141592653589793,-3.140516519546509,0.0,0.0,0.0,-0.0
6.243780136108398,-23.2979679107666,-0.00046874998952262104,-0.39990234375,5.859374869032763e-05,-0.03195800632238388,0.020546874031424522,-3.0,0.0,-0.3199687499989523,0.0,-0.04200390428304673,-0.0,0.04539624999987427,0.0002633150143083185,0.1,0.3106907308101654,3.141592653589793,-3.140516519546509,0.0,0.0,0.0,-0.0
6.248271942138672,-23.2979679107666,-0.00046874998952262104,-0.39990234375,5.859374869032763e-05,-0.03195800632238388,0.020546874031424522,-3.0,0.0,-0.3199687499989523,0.0,-0.04200390428304673,-0.0,0.04539624999987427,0.0002633150143083185,0.1,0.3106907308101654,3.141592653589793,-3.140516519546509,0.0,0.0,0.0,-0.0
6.252662658691406,-23.2979679107666,-0.00046874998952262104,-0.39990234375,5.859374869032763e-05,-0.03195800632238388,0.020546874031424522,-3.0,0.0,-0.3199687499989523,0.0,-0.04200390428304673,-0.0,0.04539624999987427,0.0002633150143083185,0.1,0.3106907308101654,3.141592653589793,-3.140516519546509,0.0,0.0,0.0,-0.0
6.257724046707153,-23.2979679107666,-0.00046874998952262104,-0.39990234375,5.859374869032763e-05,-0.03195800632238388,0.020546874031424522,-3.0,0.0,-0.3199687499989523,0.0,-0.04200390428304673,-0.0,0.04539624999987427,0.0002633150143083185,0.1,0.3106907308101654,3.141592653589793,-3.140516519546509,0.0,0.0,0.0,-0.0
6.262231826782227,-23.2979679107666,-0.00046874998952262104,-0.39990234375,5.859374869032763e-05,-0.03195800632238388,0.020546874031424522,-3.0,0.0,-0.3199687499989523,0.0,-0.04200390428304673,-0.0,0.04539624999987427,0.0002633150143083185,0.1,0.3106907308101654,3.141592653589793,-3.140516519546509,0.0,0.0,0.0,-0.0
6.2670817375183105,-23.2979679107666,-0.00046874998952262104,-0.39990234375,5.859374869032763e-05,-0.03195800632238388,0.020546874031424522,-3.0,0.0,-0.3199687499989523,0.0,-0.04200390428304673,-0.0,0.04539624999987427,0.0002633150143083185,0.1,0.3106907308101654,3.141592653589793,-3.140516519546509,0.0,0.0,0.0,-0.0
6.271881103515625,-23.2979679107666,-0.00046874998952262104,-0.39990234375,5.859374869032763e-05,-0.03195800632238388,0.020546874031424522,-3.0,0.0,-0.3199687499989523,0.0,-0.04200390428304673,-0.0,0.04539624999987427,0.0002633150143083185,0.1,0.3106907308101654,3.141592653589793,-3.140516519546509,0.0,0.0,0.0,-0.0
6.276445627212524,-23.2979679107666,-0.00046874998952262104,-0.39990234375,5.859374869032763e-05,-0.03195800632238388,0.020546874031424522,-3.0,0.0,-0.3199687499989523,0.0,-0.04200390428304673,-0.0,0.04539624999987427,0.0002633150143083185,0.1,0.3106907308101654,3.141592653589793,-3.140516519546509,0.0,0.0,0.0,-0.0
6.28089165687561,-23.2979679107666,-0.00046874998952262104,-0.39990234375,5.859374869032763e-05,-0.03195800632238388,0.020546874031424522,-3.0,0.0,-0.3199687499989523,0.0,-0.04200390428304673,-0.0,0.04539624999987427,0.0002633150143083185,0.1,0.3106907308101654,3.141592653589793,-3.140516519546509,0.0,0.0,0.0,-0.0
6.285567283630371,-23.2979679107666,-0.00046874998952262104,-0.39990234375,5.859374869032763e-05,-0.03195800632238388,0.020546874031424522,-3.0,0.0,-0.3199687499989523,0.0,-0.04200390428304673,-0.0,0.04539624999987427,0.0002633150143083185,0.1,0.3106907308101654,3.141592653589793,-3.140516519546509,0.0,0.0,0.0,-0.0
6.29031229019165,-23.2979679107666,-0.00046874998952262104,-0.39990234375,5.859374869032763e-05,-0.03195800632238388,0.020546874031424522,-3.0,0.0,-0.3199687499989523,0.0,-0.04200390428304673,-0.0,0.04539624999987427,0.0002633150143083185,0.1,0.3106907308101654,3.141592653589793,-3.140516519546509,0.0,0.0,0.0,-0.0
6.295122385025024,-23.2979679107666,-0.00046874998952262104,-0.39990234375,5.859374869032763e-05,-0.03195800632238388,0.020546874031424522,-3.0,0.0,-0.3199687499989523,0.0,-0.04200390428304673,-0.0,0.04539624999987427,0.0002633150143083185,0.1,0.3106907308101654,3.141592653589793,-3.140516519546509,0.0,0.0,0.0,-0.0
6.299902677536011,-23.2979679107666,-0.00046874998952262104,-0.39990234375,5.859374869032763e-05,-0.03195800632238388,0.020546874031424522,-3.0,0.0,-0.3199687499989523,0.0,-0.04200390428304673,-0.0,0.04539624999987427,0.0002633150143083185,0.1,0.3106907308101654,3.141592653589793,-3.140516519546509,0.0,0.0,0.0,-0.0
6.304305791854858,-23.2979679107666,-0.00046874998952262104,-0.39990234375,5.859374869032763e-05,-0.03195800632238388,0.020546874031424522,-3.0,0.0,-0.3199687499989523,0.0,-0.04200390428304673,-0.0,0.04539624999987427,0.0002633150143083185,0.1,0.3106907308101654,3.141592653589793,-3.140516519546509,0.0,0.0,0.0,-0.0
6.309150218963623,-23.2979679107666,-0.00046874998952262104,-0.39990234375,5.859374869032763e-05,-0.03195800632238388,0.020546874031424522,-3.0,0.0,-0.3199687499989523,0.0,-0.04200390428304673,-0.0,0.04539624999987427,0.0002633150143083185,0.1,0.3106907308101654,3.141592653589793,-3.140516519546509,0.0,0.0,0.0,-0.0
6.314046621322632,-23.2979679107666,-0.00046874998952262104,-0.39990234375,5.859374869032763e-05,-0.03195800632238388,0.020546874031424522,-3.0,0.0,-0.3199687499989523,0.0,-0.04200390428304673,-0.0,0.04539624999987427,0.0002633150143083185,0.1,0.3106907308101654,3.141592653589793,-3.140516519546509,0.0,0.0,0.0,-0.0
6.318913459777832,-23.2979679107666,-0.00046874998952262104,-0.39990234375,5.859374869032763e-05,-0.03195800632238388,0.020546874031424522,-3.0,0.0,-0.3199687499989523,0.0,-0.04200390428304673,-0.0,0.04539624999987427,0.0002633150143083185,0.1,0.3106907308101654,3.141592653589793,-3.140516519546509,0.0,0.0,0.0,-0.0
6.323607683181763,-23.2979679107666,-0.00046874998952262104,-0.39990234375,5.859374869032763e-05,-0.03195800632238388,0.020546874031424522,-3.0,0.0,-0.3199687499989523,0.0,-0.04200390428304673,-0.0,0.04539624999987427,0.0002633150143083185,0.1,0.3106907308101654,3.141592653589793,-3.140516519546509,0.0,0.0,0.0,-0.0
6.32817530632019,-23.2979679107666,-0.00046874998952262104,-0.39990234375,5.859374869032763e-05,-0.03195800632238388,0.020546874031424522,-3.0,0.0,-0.3199687499989523,0.0,-0.04200390428304673,-0.0,0.04539624999987427,0.0002633150143083185,0.1,0.3106907308101654,3.141592653589793,-3.140516519546509,0.0,0.0,0.0,-0.0
6.332909107208252,-23.2979679107666,-0.00046874998952262104,-0.39990234375,5.859374869032763e-05,-0.03195800632238388,0.020546874031424522,-3.0,0.0,-0.3199687499989523,0.0,-0.04200390428304673,-0.0,0.04539624999987427,0.0002633150143083185,0.1,0.3106907308101654,3.141592653589793,-3.140516519546509,0.0,0.0,0.0,-0.0
6.337670564651489,-23.2979679107666,-0.00046874998952262104,-0.39990234375,5.859374869032763e-05,-0.03195800632238388,0.020546874031424522,-3.0,0.0,-0.3199687499989523,0.0,-0.04200390428304673,-0.0,0.04539624999987427,0.0002633150143083185,0.1,0.3106907308101654,3.141592653589793,-3.140516519546509,0.0,0.0,0.0,-0.0
6.3424530029296875,-23.2979679107666,-0.00046874998952262104,-0.39990234375,5.859374869032763e-05,-0.03195800632238388,0.020546874031424522,-3.0,0.0,-0.3199687499989523,0.0,-0.04200390428304673,-0.0,0.04539624999987427,0.0002633150143083185,0.1,0.3106907308101654,3.141592653589793,-3.140516519546509,0.0,0.0,0.0,-0.0
6.34704065322876,-23.2979679107666,-0.00046874998952262104,-0.39990234375,5.859374869032763e-05,-0.03195800632238388,0.020546874031424522,-3.0,0.0,-0.3199687499989523,0.0,-0.04200390428304673,-0.0,0.04539624999987427,0.0002633150143083185,0.1,0.3106907308101654,3.141592653589793,-3.140516519546509,0.0,0.0,0.0,-0.0
6.351677417755127,-23.2979679107666,-0.00046874998952262104,-0.39990234375,5.859374869032763e-05,-0.03195800632238388,0.020546874031424522,-3.0,0.0,-0.3199687499989523,0.0,-0.04200390428304673,-0.0,0.04539624999987427,0.0002633150143083185,0.1,0.3106907308101654,3.141592653589793,-3.140516519546509,0.0,0.0,0.0,-0.0
6.356483221054077,-23.2979679107666,-0.00046874998952262104,-0.39990234375,5.859374869032763e-05,-0.03195800632238388,0.020546874031424522,-3.0,0.0,-0.3199687499989523,0.0,-0.04200390428304673,-0.0,0.04539624999987427,0.0002633150143083185,0.1,0.3106907308101654,3.141592653589793,-3.140516519546509,0.0,0.0,0.0,-0.0
6.361240863800049,-23.2979679107666,-0.00046874998952262104,-0.39990234375,5.859374869032763e-05,-0.03195800632238388,0.020546874031424522,-3.0,0.0,-0.3199687499989523,0.0,-0.04200390428304673,-0.0,0.04539624999987427,0.0002633150143083185,0.1,0.3106907308101654,3.141592653589793,-3.140516519546509,0.0,0.0,0.0,-0.0
6.36564040184021,-23.2979679107666,-0.00046874998952262104,-0.39990234375,5.859374869032763e-05,-0.03195800632238388,0.020546874031424522,-3.0,0.0,-0.3199687499989523,0.0,-0.04200390428304673,-0.0,0.04539624999987427,0.0002633150143083185,0.1,0.3106907308101654,3.141592653589793,-3.140516519546509,0.0,0.0,0.0,-0.0
6.370331764221191,-23.2979679107666,-0.00046874998952262104,-0.39990234375,5.859374869032763e-05,-0.03195800632238388,0.020546874031424522,-3.0,0.0,-0.3199687499989523,0.0,-0.04200390428304673,-0.0,0.04539624999987427,0.0002633150143083185,0.1,0.3106907308101654,3.141592653589793,-3.140516519546509,0.0,0.0,0.0,-0.0
6.374831914901733,-23.2979679107666,-0.00046874998952262104,-0.39990234375,5.859374869032763e-05,-0.03195800632238388,0.020546874031424522,-3.0,0.0,-0.3199687499989523,0.0,-0.04200390428304673,-0.0,0.04539624999987427,0.0002633150143083185,0.1,0.3106907308101654,3.141592653589793,-3.140516519546509,0.0,0.0,0.0,-0.0
6.379525423049927,-23.2979679107666,-0.00046874998952262104,-0.39990234375,5.859374869032763e-05,-0.03195800632238388,0.020546874031424522,-3.0,0.0,-0.3199687499989523,0.0,-0.04200390428304673,-0.0,0.04539624999987427,0.0002633150143083185,0.1,0.3106907308101654,3.141592653589793,-3.140516519546509,0.0,0.0,0.0,-0.0
6.383893251419067,-23.2979679107666,-0.00046874998952262104,-0.39990234375,5.859374869032763e-05,-0.03195800632238388,0.020546874031424522,-3.0,0.0,-0.3199687499989523,0.0,-0.04200390428304673,-0.0,0.04539624999987427,0.0002633150143083185,0.1,0.3106907308101654,3.141592653589793,-3.140516519546509,0.0,0.0,0.0,-0.0
6.38870906829834,-23.2979679107666,-0.00046874998952262104,-0.39990234375,5.859374869032763e-05,-0.03195800632238388,0.020546874031424522,-3.0,0.0,-0.3199687499989523,0.0,-0.04200390428304673,-0.0,0.04539624999987427,0.0002633150143083185,0.1,0.3106907308101654,3.141592653589793,-3.140516519546509,0.0,0.0,0.0,-0.0
6.393554210662842,-23.2979679107666,-0.00046874998952262104,-0.39990234375,5.859374869032763e-05,-0.03195800632238388,0.020546874031424522,-3.0,0.0,-0.3199687499989523,0.0,-0.04200390428304673,-0.0,0.04539624999987427,0.0002633150143083185,0.1,0.3106907308101654,3.141592653589793,-3.140516519546509,0.0,0.0,0.0,-0.0
6.3981029987335205,-23.2979679107666,-0.00046874998952262104,-0.39990234375,5.859374869032763e-05,-0.03195800632238388,0.020546874031424522,-3.0,0.0,-0.3199687499989523,0.0,-0.04200390428304673,-0.0,0.04539624999987427,0.0002633150143083185,0.1,0.3106907308101654,3.141592653589793,-3.140516519546509,0.0,0.0,0.0,-0.0
6.402534246444702,-23.2979679107666,-0.00046874998952262104,-0.39990234375,5.859374869032763e-05,-0.03195800632238388,0.020546874031424522,-3.0,0.0,-0.3199687499989523,0.0,-0.04200390428304673,-0.0,0.04539624999987427,0.0002633150143083185,0.1,0.3106907308101654,3.141592653589793,-3.140516519546509,0.0,0.0,0.0,-0.0
6.407150745391846,-23.2979679107666,-0.00046874998952262104,-0.39990234375,5.859374869032763e-05,-0.03195800632238388,0.020546874031424522,-3.0,0.0,-0.3199687499989523,0.0,-0.04200390428304673,-0.0,0.04539624999987427,0.0002633150143083185,0.1,0.3106907308101654,3.141592653589793,-3.140516519546509,0.0,0.0,0.0,-0.0
6.411812782287598,-23.2979679107666,-0.00046874998952262104,-0.39990234375,5.859374869032763e-05,-0.03195800632238388,0.020546874031424522,-3.0,0.0,-0.3199687499989523,0.0,-0.04200390428304673,-0.0,0.04539624999987427,0.0002633150143083185,0.1,0.3106907308101654,3.141592653589793,-3.140516519546509,0.0,0.0,0.0,-0.0
6.416677951812744,-23.2979679107666,-0.00046874998952262104,-0.39990234375,5.859374869032763e-05,-0.03195800632238388,0.020546874031424522,-3.0,0.0,-0.3199687499989523,0.0,-0.04200390428304673,-0.0,0.04539624999987427,0.0002633150143083185,0.1,0.3106907308101654,3.141592653589793,-3.140516519546509,0.0,0.0,0.0,-0.0
6.4213645458221436,-23.2979679107666,-0.00046874998952262104,-0.39990234375,5.859374869032763e-05,-0.03195800632238388,0.020546874031424522,-3.0,0.0,-0.3199687499989523,0.0,-0.04200390428304673,-0.0,0.04539624999987427,0.0002633150143083185,0.1,0.3106907308101654,3.141592653589793,-3.140516519546509,0.0,0.0,0.0,-0.0
6.425942659378052,-23.2979679107666,-0.00046874998952262104,-0.39990234375,5.859374869032763e-05,-0.03195800632238388,0.020546874031424522,-3.0,0.0,-0.3199687499989523,0.0,-0.04200390428304673,-0.0,0.04539624999987427,0.0002633150143083185,0.1,0.3106907308101654,3.141592653589793,-3.140516519546509,0.0,0.0,0.0,-0.0
6.430483341217041,-23.2979679107666,-0.00046874998952262104,-0.39990234375,5.859374869032763e-05,-0.03195800632238388,0.020546874031424522,-3.0,0.0,-0.3199687499989523,0.0,-0.04200390428304673,-0.0,0.04539624999987427,0.0002633150143083185,0.1,0.3106907308101654,3.141592653589793,-3.140516519546509,0.0,0.0,0.0,-0.0
6.4349260330200195,-23.2979679107666,-0.00046874998952262104,-0.39990234375,5.859374869032763e-05,-0.03195800632238388,0.020546874031424522,-3.0,0.0,-0.3199687499989523,0.0,-0.04200390428304673,-0.0,0.04539624999987427,0.0002633150143083185,0.1,0.3106907308101654,3.141592653589793,-3.140516519546509,0.0,0.0,0.0,-0.0
6.439472198486328,-23.2979679107666,-0.00046874998952262104,-0.39990234375,5.859374869032763e-05,-0.03195800632238388,0.020546874031424522,-3.0,0.0,-0.3199687499989523,0.0,-0.04200390428304673,-0.0,0.04539624999987427,0.0002633150143083185,0.1,0.3106907308101654,3.141592653589793,-3.140516519546509,0.0,0.0,0.0,-0.0
6.444225788116455,-23.2979679107666,-0.00046874998952262104,-0.39990234375,5.859374869032763e-05,-0.03195800632238388,0.020546874031424522,-3.0,0.0,-0.3199687499989523,0.0,-0.04200390428304673,-0.0,0.04539624999987427,0.0002633150143083185,0.1,0.3106907308101654,3.141592653589793,-3.140516519546509,0.0,0.0,0.0,-0.0
6.448770523071289,-23.2979679107666,-0.00046874998952262104,-0.39990234375,5.859374869032763e-05,-0.03195800632238388,0.020546874031424522,-3.0,0.0,-0.3199687499989523,0.0,-0.04200390428304673,-0.0,0.04539624999987427,0.0002633150143083185,0.1,0.3106907308101654,3.141592653589793,-3.140516519546509,0.0,0.0,0.0,-0.0
6.453560829162598,-23.2979679107666,-0.00046874998952262104,-0.39990234375,5.859374869032763e-05,-0.03195800632238388,0.020546874031424522,-3.0,0.0,-0.3199687499989523,0.0,-0.04200390428304673,-0.0,0.04539624999987427,0.0002633150143083185,0.1,0.3106907308101654,3.141592653589793,-3.140516519546509,0.0,0.0,0.0,-0.0
6.458257675170898,-23.2979679107666,-0.00046874998952262104,-0.39990234375,5.859374869032763e-05,-0.03195800632238388,0.020546874031424522,-3.0,0.0,-0.3199687499989523,0.0,-0.04200390428304673,-0.0,0.04539624999987427,0.0002633150143083185,0.1,0.3106907308101654,3.141592653589793,-3.140516519546509,0.0,0.0,0.0,-0.0
6.462697505950928,-23.2979679107666,-0.00046874998952262104,-0.39990234375,5.859374869032763e-05,-0.03195800632238388,0.020546874031424522,-3.0,0.0,-0.3199687499989523,0.0,-0.04200390428304673,-0.0,0.04539624999987427,0.0002633150143083185,0.1,0.3106907308101654,3.141592653589793,-3.140516519546509,0.0,0.0,0.0,-0.0
6.467504024505615,-23.2979679107666,-0.00046874998952262104,-0.39990234375,5.859374869032763e-05,-0.03195800632238388,0.020546874031424522,-3.0,0.0,-0.3199687499989523,0.0,-0.04200390428304673,-0.0,0.04539624999987427,0.0002633150143083185,0.1,0.3106907308101654,3.141592653589793,-3.140516519546509,0.0,0.0,0.0,-0.0
6.472004413604736,-23.2979679107666,-0.00046874998952262104,-0.39990234375,5.859374869032763e-05,-0.03195800632238388,0.020546874031424522,-3.0,0.0,-0.3199687499989523,0.0,-0.04200390428304673,-0.0,0.04539624999987427,0.0002633150143083185,0.1,0.3106907308101654,3.141592653589793,-3.140516519546509,0.0,0.0,0.0,-0.0
6.476621627807617,-23.2979679107666,-0.00046874998952262104,-0.39990234375,5.859374869032763e-05,-0.03195800632238388,0.020546874031424522,-3.0,0.0,-0.3199687499989523,0.0,-0.04200390428304673,-0.0,0.04539624999987427,0.0002633150143083185,0.1,0.3106907308101654,3.141592653589793,-3.140516519546509,0.0,0.0,0.0,-0.0
6.481382608413696,-23.2979679107666,-0.00046874998952262104,-0.39990234375,5.859374869032763e-05,-0.03195800632238388,0.020546874031424522,-3.0,0.0,-0.3199687499989523,0.0,-0.04200390428304673,-0.0,0.04539624999987427,0.0002633150143083185,0.1,0.3106907308101654,3.141592653589793,-3.140516519546509,0.0,0.0,0.0,-0.0
6.485934257507324,-23.2979679107666,-0.00046874998952262104,-0.39990234375,5.859374869032763e-05,-0.03195800632238388,0.020546874031424522,-3.0,0.0,-0.3199687499989523,0.0,-0.04200390428304673,-0.0,0.04539624999987427,0.0002633150143083185,0.1,0.3106907308101654,3.141592653589793,-3.140516519546509,0.0,0.0,0.0,-0.0
6.490692377090454,-23.2979679107666,-0.00046874998952262104,-0.39990234375,5.859374869032763e-05,-0.03195800632238388,0.020546874031424522,-3.0,0.0,-0.3199687499989523,0.0,-0.04200390428304673,-0.0,0.04539624999987427,0.0002633150143083185,0.1,0.3106907308101654,3.141592653589793,-3.140516519546509,0.0,0.0,0.0,-0.0
6.49523401260376,-23.2979679107666,-0.00046874998952262104,-0.39990234375,5.859374869032763e-05,-0.03195800632238388,0.020546874031424522,-3.0,0.0,-0.3199687499989523,0.0,-0.04200390428304673,-0.0,0.04539624999987427,0.0002633150143083185,0.1,0.3106907308101654,3.141592653589793,-3.140516519546509,0.0,0.0,0.0,-0.0
6.499788522720337,-23.2979679107666,-0.00046874998952262104,-0.39990234375,5.859374869032763e-05,-0.03195800632238388,0.020546874031424522,-3.0,0.0,-0.3199687499989523,0.0,-0.04200390428304673,-0.0,0.04539624999987427,0.0002633150143083185,0.1,0.3106907308101654,3.141592653589793,-3.140516519546509,0.0,0.0,0.0,-0.0
6.5044801235198975,-23.2979679107666,-0.00046874998952262104,-0.39990234375,5.859374869032763e-05,-0.03195800632238388,0.020546874031424522,-3.0,0.0,-0.3199687499989523,0.0,-0.04200390428304673,-0.0,0.04539624999987427,0.0002633150143083185,0.1,0.3106907308101654,3.141592653589793,-3.140516519546509,0.0,0.0,0.0,-0.0
6.509107828140259,-23.2979679107666,-0.00046874998952262104,-0.39990234375,5.859374869032763e-05,-0.03195800632238388,0.020546874031424522,-3.0,0.0,-0.3199687499989523,0.0,-0.04200390428304673,-0.0,0.04539624999987427,0.0002633150143083185,0.1,0.3106907308101654,3.141592653589793,-3.140516519546509,0.0,0.0,0.0,-0.0
6.513739585876465,-23.2979679107666,-0.00046874998952262104,-0.39990234375,5.859374869032763e-05,-0.03195800632238388,0.020546874031424522,-3.0,0.0,-0.3199687499989523,0.0,-0.04200390428304673,-0.0,0.04539624999987427,0.0002633150143083185,0.1,0.3106907308101654,3.141592653589793,-3.140516519546509,0.0,0.0,0.0,-0.0
6.51836895942688,-23.2979679107666,-0.00046874998952262104,-0.39990234375,5.859374869032763e-05,-0.03195800632238388,0.020546874031424522,-3.0,0.0,-0.3199687499989523,0.0,-0.04200390428304673,-0.0,0.04539624999987427,0.0002633150143083185,0.1,0.3106907308101654,3.141592653589793,-3.140516519546509,0.0,0.0,0.0,-0.0
6.523404359817505,-23.2979679107666,-0.00046874998952262104,-0.39990234375,5.859374869032763e-05,-0.03195800632238388,0.020546874031424522,-3.0,0.0,-0.3199687499989523,0.0,-0.04200390428304673,-0.0,0.04539624999987427,0.0002633150143083185,0.1,0.3106907308101654,3.141592653589793,-3.140516519546509,0.0,0.0,0.0,-0.0
6.527987003326416,-23.2979679107666,-0.00046874998952262104,-0.39990234375,5.859374869032763e-05,-0.03195800632238388,0.020546874031424522,-3.0,0.0,-0.3199687499989523,0.0,-0.04200390428304673,-0.0,0.04539624999987427,0.0002633150143083185,0.1,0.3106907308101654,3.141592653589793,-3.140516519546509,0.0,0.0,0.0,-0.0
6.5330188274383545,-23.2979679107666,-0.00046874998952262104,-0.39990234375,5.859374869032763e-05,-0.03195800632238388,0.020546874031424522,-3.0,0.0,-0.3199687499989523,0.0,-0.04200390428304673,-0.0,0.04539624999987427,0.0002633150143083185,0.1,0.3106907308101654,3.141592653589793,-3.140516519546509,0.0,0.0,0.0,-0.0
6.537582874298096,-23.2979679107666,-0.00046874998952262104,-0.39990234375,5.859374869032763e-05,-0.03195800632238388,0.020546874031424522,-3.0,0.0,-0.3199687499989523,0.0,-0.04200390428304673,-0.0,0.04539624999987427,0.0002633150143083185,0.1,0.3106907308101654,3.141592653589793,-3.140516519546509,0.0,0.0,0.0,-0.0
6.542114973068237,-23.2979679107666,-0.00046874998952262104,-0.39990234375,5.859374869032763e-05,-0.03195800632238388,0.020546874031424522,-3.0,0.0,-0.3199687499989523,0.0,-0.04200390428304673,-0.0,0.04539624999987427,0.0002633150143083185,0.1,0.3106907308101654,3.141592653589793,-3.140516519546509,0.0,0.0,0.0,-0.0
6.5470640659332275,-23.2979679107666,-0.00046874998952262104,-0.39990234375,5.859374869032763e-05,-0.03195800632238388,0.020546874031424522,-3.0,0.0,-0.3199687499989523,0.0,-0.04200390428304673,-0.0,0.04539624999987427,0.0002633150143083185,0.1,0.3106907308101654,3.141592653589793,-3.140516519546509,0.0,0.0,0.0,-0.0
6.551811695098877,-23.2979679107666,-0.00046874998952262104,-0.39990234375,5.859374869032763e-05,-0.03195800632238388,0.020546874031424522,-3.0,0.0,-0.3199687499989523,0.0,-0.04200390428304673,-0.0,0.04539624999987427,0.0002633150143083185,0.1,0.3106907308101654,3.141592653589793,-3.140516519546509,0.0,0.0,0.0,-0.0
6.556952476501465,-23.2979679107666,-0.00046874998952262104,-0.39990234375,5.859374869032763e-05,-0.03195800632238388,0.020546874031424522,-3.0,0.0,-0.3199687499989523,0.0,-0.04200390428304673,-0.0,0.04539624999987427,0.0002633150143083185,0.1,0.3106907308101654,3.141592653589793,-3.140516519546509,0.0,0.0,0.0,-0.0
6.562449216842651,-23.2979679107666,-0.00046874998952262104,-0.39990234375,5.859374869032763e-05,-0.03195800632238388,0.020546874031424522,-3.0,0.0,-0.3199687499989523,0.0,-0.04200390428304673,-0.0,0.04539624999987427,0.0002633150143083185,0.1,0.3106907308101654,3.141592653589793,-3.140516519546509,0.0,0.0,0.0,-0.0
6.5672595500946045,-23.2979679107666,-0.00046874998952262104,-0.39990234375,5.859374869032763e-05,-0.03195800632238388,0.020546874031424522,-3.0,0.0,-0.3199687499989523,0.0,-0.04200390428304673,-0.0,0.04539624999987427,0.0002633150143083185,0.1,0.3106907308101654,3.141592653589793,-3.140516519546509,0.0,0.0,0.0,-0.0
6.571958780288696,-23.2979679107666,-0.00046874998952262104,-0.39990234375,5.859374869032763e-05,-0.03195800632238388,0.020546874031424522,-3.0,0.0,-0.3199687499989523,0.0,-0.04200390428304673,-0.0,0.04539624999987427,0.0002633150143083185,0.1,0.3106907308101654,3.141592653589793,-3.140516519546509,0.0,0.0,0.0,-0.0
6.576547384262085,-23.2979679107666,-0.00046874998952262104,-0.39990234375,5.859374869032763e-05,-0.03195800632238388,0.020546874031424522,-3.0,0.0,-0.3199687499989523,0.0,-0.04200390428304673,-0.0,0.04539624999987427,0.0002633150143083185,0.1,0.3106907308101654,3.141592653589793,-3.140516519546509,0.0,0.0,0.0,-0.0
6.581411838531494,-23.2979679107666,-0.00046874998952262104,-0.39990234375,5.859374869032763e-05,-0.03195800632238388,0.020546874031424522,-3.0,0.0,-0.3199687499989523,0.0,-0.04200390428304673,-0.0,0.04539624999987427,0.0002633150143083185,0.1,0.3106907308101654,3.141592653589793,-3.140516519546509,0.0,0.0,0.0,-0.0
6.586539268493652,-23.2979679107666,-0.00046874998952262104,-0.39990234375,5.859374869032763e-05,-0.03195800632238388,0.020546874031424522,-3.0,0.0,-0.3199687499989523,0.0,-0.04200390428304673,-0.0,0.04539624999987427,0.0002633150143083185,0.1,0.3106907308101654,3.141592653589793,-3.140516519546509,0.0,0.0,0.0,-0.0
6.5911407470703125,-23.2979679107666,-0.00046874998952262104,-0.39990234375,5.859374869032763e-05,-0.03195800632238388,0.020546874031424522,-3.0,0.0,-0.3199687499989523,0.0,-0.04200390428304673,-0.0,0.04539624999987427,0.0002633150143083185,0.1,0.3106907308101654,3.141592653589793,-3.140516519546509,0.0,0.0,0.0,-0.0
6.595784902572632,-23.2979679107666,-0.00046874998952262104,-0.39990234375,5.859374869032763e-05,-0.03195800632238388,0.020546874031424522,-3.0,0.0,-0.3199687499989523,0.0,-0.04200390428304673,-0.0,0.04539624999987427,0.0002633150143083185,0.1,0.3106907308101654,3.141592653589793,-3.140516519546509,0.0,0.0,0.0,-0.0
6.60048246383667,-23.2979679107666,-0.00046874998952262104,-0.39990234375,5.859374869032763e-05,-0.03195800632238388,0.020546874031424522,-3.0,0.0,-0.3199687499989523,0.0,-0.04200390428304673,-0.0,0.04539624999987427,0.0002633150143083185,0.1,0.3106907308101654,3.141592653589793,-3.140516519546509,0.0,0.0,0.0,-0.0
6.605056285858154,-23.2979679107666,-0.00046874998952262104,-0.39990234375,5.859374869032763e-05,-0.03195800632238388,0.020546874031424522,-3.0,0.0,-0.3199687499989523,0.0,-0.04200390428304673,-0.0,0.04539624999987427,0.0002633150143083185,0.1,0.3106907308101654,3.141592653589793,-3.140516519546509,0.0,0.0,0.0,-0.0
6.609659433364868,-23.2979679107666,-0.00046874998952262104,-0.39990234375,5.859374869032763e-05,-0.03195800632238388,0.020546874031424522,-3.0,0.0,-0.3199687499989523,0.0,-0.04200390428304673,-0.0,0.04539624999987427,0.0002633150143083185,0.1,0.3106907308101654,3.141592653589793,-3.140516519546509,0.0,0.0,0.0,-0.0
6.614592790603638,-23.2979679107666,-0.00046874998952262104,-0.39990234375,5.859374869032763e-05,-0.03195800632238388,0.020546874031424522,-3.0,0.0,-0.3199687499989523,0.0,-0.04200390428304673,-0.0,0.04539624999987427,0.0002633150143083185,0.1,0.3106907308101654,3.141592653589793,-3.140516519546509,0.0,0.0,0.0,-0.0
6.618966817855835,-23.2979679107666,-0.00046874998952262104,-0.39990234375,5.859374869032763e-05,-0.03195800632238388,0.020546874031424522,-3.0,0.0,-0.3199687499989523,0.0,-0.04200390428304673,-0.0,0.04539624999987427,0.0002633150143083185,0.1,0.3106907308101654,3.141592653589793,-3.140516519546509,0.0,0.0,0.0,-0.0
6.623672008514404,-23.2979679107666,-0.00046874998952262104,-0.39990234375,5.859374869032763e-05,-0.03195800632238388,0.020546874031424522,-3.0,0.0,-0.3199687499989523,0.0,-0.04200390428304673,-0.0,0.04539624999987427,0.0002633150143083185,0.1,0.3106907308101654,3.141592653589793,-3.140516519546509,0.0,0.0,0.0,-0.0
6.628201484680176,-23.2979679107666,-0.00046874998952262104,-0.39990234375,5.859374869032763e-05,-0.03195800632238388,0.020546874031424522,-3.0,0.0,-0.3199687499989523,0.0,-0.04200390428304673,-0.0,0.04539624999987427,0.0002633150143083185,0.1,0.3106907308101654,3.141592653589793,-3.140516519546509,0.0,0.0,0.0,-0.0
6.632872104644775,-23.2979679107666,-0.00046874998952262104,-0.39990234375,5.859374869032763e-05,-0.03195800632238388,0.020546874031424522,-3.0,0.0,-0.3199687499989523,0.0,-0.04200390428304673,-0.0,0.04539624999987427,0.0002633150143083185,0.1,0.3106907308101654,3.141592653589793,-3.140516519546509,0.0,0.0,0.0,-0.0
6.637448072433472,-23.2979679107666,-0.00046874998952262104,-0.39990234375,5.859374869032763e-05,-0.03195800632238388,0.020546874031424522,-3.0,0.0,-0.3199687499989523,0.0,-0.04200390428304673,-0.0,0.04539624999987427,0.0002633150143083185,0.1,0.3106907308101654,3.141592653589793,-3.140516519546509,0.0,0.0,0.0,-0.0
6.641984224319458,-23.2979679107666,-0.00046874998952262104,-0.39990234375,5.859374869032763e-05,-0.03195800632238388,0.020546874031424522,-3.0,0.0,-0.3199687499989523,0.0,-0.04200390428304673,-0.0,0.04539624999987427,0.0002633150143083185,0.1,0.3106907308101654,3.141592653589793,-3.140516519546509,0.0,0.0,0.0,-0.0
6.646876811981201,-23.2979679107666,-0.00046874998952262104,-0.39990234375,5.859374869032763e-05,-0.03195800632238388,0.020546874031424522,-3.0,0.0,-0.3199687499989523,0.0,-0.04200390428304673,-0.0,0.04539624999987427,0.0002633150143083185,0.1,0.3106907308101654,3.141592653589793,-3.140516519546509,0.0,0.0,0.0,-0.0
6.651387929916382,-23.2979679107666,-0.00046874998952262104,-0.39990234375,5.859374869032763e-05,-0.03195800632238388,0.020546874031424522,-3.0,0.0,-0.3199687499989523,0.0,-0.04200390428304673,-0.0,0.04539624999987427,0.0002633150143083185,0.1,0.3106907308101654,3.141592653589793,-3.140516519546509,0.0,0.0,0.0,-0.0
6.656020641326904,-23.2979679107666,-0.00046874998952262104,-0.39990234375,5.859374869032763e-05,-0.03195800632238388,0.020546874031424522,-3.0,0.0,-0.3199687499989523,0.0,-0.04200390428304673,-0.0,0.04539624999987427,0.0002633150143083185,0.1,0.3106907308101654,3.141592653589793,-3.140516519546509,0.0,0.0,0.0,-0.0
6.6603779792785645,-23.2979679107666,-0.00046874998952262104,-0.39990234375,5.859374869032763e-05,-0.03195800632238388,0.020546874031424522,-3.0,0.0,-0.3199687499989523,0.0,-0.04200390428304673,-0.0,0.04539624999987427,0.0002633150143083185,0.1,0.3106907308101654,3.141592653589793,-3.140516519546509,0.0,0.0,0.0,-0.0
6.665006399154663,-23.2979679107666,-0.00046874998952262104,-0.39990234375,5.859374869032763e-05,-0.03195800632238388,0.020546874031424522,-3.0,0.0,-0.3199687499989523,0.0,-0.04200390428304673,-0.0,0.04539624999987427,0.0002633150143083185,0.1,0.3106907308101654,3.141592653589793,-3.140516519546509,0.0,0.0,0.0,-0.0
6.669361591339111,-23.2979679107666,-0.00046874998952262104,-0.39990234375,5.859374869032763e-05,-0.03195800632238388,0.020546874031424522,-3.0,0.0,-0.3199687499989523,0.0,-0.04200390428304673,-0.0,0.04539624999987427,0.0002633150143083185,0.1,0.3106907308101654,3.141592653589793,-3.140516519546509,0.0,0.0,0.0,-0.0
6.6737401485443115,-23.2979679107666,-0.00046874998952262104,-0.39990234375,5.859374869032763e-05,-0.03195800632238388,0.020546874031424522,-3.0,0.0,-0.3199687499989523,0.0,-0.04200390428304673,-0.0,0.04539624999987427,0.0002633150143083185,0.1,0.3106907308101654,3.141592653589793,-3.140516519546509,0.0,0.0,0.0,-0.0
6.678530216217041,-23.2979679107666,-0.00046874998952262104,-0.39990234375,5.859374869032763e-05,-0.03195800632238388,0.020546874031424522,-3.0,0.0,-0.3199687499989523,0.0,-0.04200390428304673,-0.0,0.04539624999987427,0.0002633150143083185,0.1,0.3106907308101654,3.141592653589793,-3.140516519546509,0.0,0.0,0.0,-0.0
6.683341026306152,-23.2979679107666,-0.00046874998952262104,-0.39990234375,5.859374869032763e-05,-0.03195800632238388,0.020546874031424522,-3.0,0.0,-0.3199687499989523,0.0,-0.04200390428304673,-0.0,0.04539624999987427,0.0002633150143083185,0.1,0.3106907308101654,3.141592653589793,-3.140516519546509,0.0,0.0,0.0,-0.0
6.687849760055542,-23.2979679107666,-0.00046874998952262104,-0.39990234375,5.859374869032763e-05,-0.03195800632238388,0.020546874031424522,-3.0,0.0,-0.3199687499989523,0.0,-0.04200390428304673,-0.0,0.04539624999987427,0.0002633150143083185,0.1,0.3106907308101654,3.141592653589793,-3.140516519546509,0.0,0.0,0.0,-0.0
6.692208528518677,-23.2979679107666,-0.00046874998952262104,-0.39990234375,5.859374869032763e-05,-0.03195800632238388,0.020546874031424522,-3.0,0.0,-0.3199687499989523,0.0,-0.04200390428304673,-0.0,0.04539624999987427,0.0002633150143083185,0.1,0.3106907308101654,3.141592653589793,-3.140516519546509,0.0,0.0,0.0,-0.0
6.696892023086548,-23.2979679107666,-0.00046874998952262104,-0.39990234375,5.859374869032763e-05,-0.03195800632238388,0.020546874031424522,-3.0,0.0,-0.3199687499989523,0.0,-0.04200390428304673,-0.0,0.04539624999987427,0.0002633150143083185,0.1,0.3106907308101654,3.141592653589793,-3.140516519546509,0.0,0.0,0.0,-0.0
6.701598405838013,-23.2979679107666,-0.00046874998952262104,-0.39990234375,5.859374869032763e-05,-0.03195800632238388,0.020546874031424522,-3.0,0.0,-0.3199687499989523,0.0,-0.04200390428304673,-0.0,0.04539624999987427,0.0002633150143083185,0.1,0.3106907308101654,3.141592653589793,-3.140516519546509,0.0,0.0,0.0,-0.0
6.7059807777404785,-23.2979679107666,-0.00046874998952262104,-0.39990234375,5.859374869032763e-05,-0.03195800632238388,0.020546874031424522,-3.0,0.0,-0.3199687499989523,0.0,-0.04200390428304673,-0.0,0.04539624999987427,0.0002633150143083185,0.1,0.3106907308101654,3.141592653589793,-3.140516519546509,0.0,0.0,0.0,-0.0
6.7106404304504395,-23.2979679107666,-0.00046874998952262104,-0.39990234375,5.859374869032763e-05,-0.03195800632238388,0.020546874031424522,-3.0,0.0,-0.3199687499989523,0.0,-0.04200390428304673,-0.0,0.04539624999987427,0.0002633150143083185,0.1,0.3106907308101654,3.141592653589793,-3.140516519546509,0.0,0.0,0.0,-0.0
6.715383052825928,-23.2979679107666,-0.00046874998952262104,-0.39990234375,5.859374869032763e-05,-0.03195800632238388,0.020546874031424522,-3.0,0.0,-0.3199687499989523,0.0,-0.04200390428304673,-0.0,0.04539624999987427,0.0002633150143083185,0.1,0.3106907308101654,3.141592653589793,-3.140516519546509,0.0,0.0,0.0,-0.0
6.720121383666992,-23.2979679107666,-0.00046874998952262104,-0.39990234375,5.859374869032763e-05,-0.03195800632238388,0.020546874031424522,-3.0,0.0,-0.3199687499989523,0.0,-0.04200390428304673,-0.0,0.04539624999987427,0.0002633150143083185,0.1,0.3106907308101654,3.141592653589793,-3.140516519546509,0.0,0.0,0.0,-0.0
6.724867820739746,-23.2979679107666,-0.00046874998952262104,-0.39990234375,5.859374869032763e-05,-0.03195800632238388,0.020546874031424522,-3.0,0.0,-0.3199687499989523,0.0,-0.04200390428304673,-0.0,0.04539624999987427,0.0002633150143083185,0.1,0.3106907308101654,3.141592653589793,-3.140516519546509,0.0,0.0,0.0,-0.0
6.729547500610352,-23.2979679107666,-0.00046874998952262104,-0.39990234375,5.859374869032763e-05,-0.03195800632238388,0.020546874031424522,-3.0,0.0,-0.3199687499989523,0.0,-0.04200390428304673,-0.0,0.04539624999987427,0.0002633150143083185,0.1,0.3106907308101654,3.141592653589793,-3.140516519546509,0.0,0.0,0.0,-0.0
6.734235048294067,-23.2979679107666,-0.00046874998952262104,-0.39990234375,5.859374869032763e-05,-0.03195800632238388,0.020546874031424522,-3.0,0.0,-0.3199687499989523,0.0,-0.04200390428304673,-0.0,0.04539624999987427,0.0002633150143083185,0.1,0.3106907308101654,3.141592653589793,-3.140516519546509,0.0,0.0,0.0,-0.0
6.738561391830444,-23.2979679107666,-0.00046874998952262104,-0.39990234375,5.859374869032763e-05,-0.03195800632238388,0.020546874031424522,-3.0,0.0,-0.3199687499989523,0.0,-0.04200390428304673,-0.0,0.04539624999987427,0.0002633150143083185,0.1,0.3106907308101654,3.141592653589793,-3.140516519546509,0.0,0.0,0.0,-0.0
6.742898225784302,-23.2979679107666,-0.00046874998952262104,-0.39990234375,5.859374869032763e-05,-0.03195800632238388,0.020546874031424522,-3.0,0.0,-0.3199687499989523,0.0,-0.04200390428304673,-0.0,0.04539624999987427,0.0002633150143083185,0.1,0.3106907308101654,3.141592653589793,-3.140516519546509,0.0,0.0,0.0,-0.0
6.747745990753174,-23.2979679107666,-0.00046874998952262104,-0.39990234375,5.859374869032763e-05,-0.03195800632238388,0.020546874031424522,-3.0,0.0,-0.3199687499989523,0.0,-0.04200390428304673,-0.0,0.04539624999987427,0.0002633150143083185,0.1,0.3106907308101654,3.141592653589793,-3.140516519546509,0.0,0.0,0.0,-0.0
6.752404451370239,-23.2979679107666,-0.00046874998952262104,-0.39990234375,5.859374869032763e-05,-0.03195800632238388,0.020546874031424522,-3.0,0.0,-0.3199687499989523,0.0,-0.04200390428304673,-0.0,0.04539624999987427,0.0002633150143083185,0.1,0.3106907308101654,3.141592653589793,-3.140516519546509,0.0,0.0,0.0,-0.0
6.757249593734741,-23.2979679107666,-0.00046874998952262104,-0.39990234375,5.859374869032763e-05,-0.03195800632238388,0.020546874031424522,-3.0,0.0,-0.3199687499989523,0.0,-0.04200390428304673,-0.0,0.04539624999987427,0.0002633150143083185,0.1,0.3106907308101654,3.141592653589793,-3.140516519546509,0.0,0.0,0.0,-0.0
6.76193904876709,-23.2979679107666,-0.00046874998952262104,-0.39990234375,5.859374869032763e-05,-0.03195800632238388,0.020546874031424522,-3.0,0.0,-0.3199687499989523,0.0,-0.04200390428304673,-0.0,0.04539624999987427,0.0002633150143083185,0.1,0.3106907308101654,3.141592653589793,-3.140516519546509,0.0,0.0,0.0,-0.0
6.7667412757873535,-23.2979679107666,-0.00046874998952262104,-0.39990234375,5.859374869032763e-05,-0.03195800632238388,0.020546874031424522,-3.0,0.0,-0.3199687499989523,0.0,-0.04200390428304673,-0.0,0.04539624999987427,0.0002633150143083185,0.1,0.3106907308101654,3.141592653589793,-3.140516519546509,0.0,0.0,0.0,-0.0
6.771084785461426,-23.2979679107666,-0.00046874998952262104,-0.39990234375,5.859374869032763e-05,-0.03195800632238388,0.020546874031424522,-3.0,0.0,-0.3199687499989523,0.0,-0.04200390428304673,-0.0,0.04539624999987427,0.0002633150143083185,0.1,0.3106907308101654,3.141592653589793,-3.140516519546509,0.0,0.0,0.0,-0.0
6.77577805519104,-23.2979679107666,-0.00046874998952262104,-0.39990234375,5.859374869032763e-05,-0.03195800632238388,0.020546874031424522,-3.0,0.0,-0.3199687499989523,0.0,-0.04200390428304673,-0.0,0.04539624999987427,0.0002633150143083185,0.1,0.3106907308101654,3.141592653589793,-3.140516519546509,0.0,0.0,0.0,-0.0
6.780433893203735,-23.2979679107666,-0.00046874998952262104,-0.39990234375,5.859374869032763e-05,-0.03195800632238388,0.020546874031424522,-3.0,0.0,-0.3199687499989523,0.0,-0.04200390428304673,-0.0,0.04539624999987427,0.0002633150143083185,0.1,0.3106907308101654,3.141592653589793,-3.140516519546509,0.0,0.0,0.0,-0.0
6.785426378250122,-23.2979679107666,-0.00046874998952262104,-0.39990234375,5.859374869032763e-05,-0.03195800632238388,0.020546874031424522,-3.0,0.0,-0.3199687499989523,0.0,-0.04200390428304673,-0.0,0.04539624999987427,0.0002633150143083185,0.1,0.3106907308101654,3.141592653589793,-3.140516519546509,0.0,0.0,0.0,-0.0
6.789907217025757,-23.2979679107666,-0.00046874998952262104,-0.39990234375,5.859374869032763e-05,-0.03195800632238388,0.020546874031424522,-3.0,0.0,-0.3199687499989523,0.0,-0.04200390428304673,-0.0,0.04539624999987427,0.0002633150143083185,0.1,0.3106907308101654,3.141592653589793,-3.140516519546509,0.0,0.0,0.0,-0.0
6.794438362121582,-23.2979679107666,-0.00046874998952262104,-0.39990234375,5.859374869032763e-05,-0.03195800632238388,0.020546874031424522,-3.0,0.0,-0.3199687499989523,0.0,-0.04200390428304673,-0.0,0.04539624999987427,0.0002633150143083185,0.1,0.3106907308101654,3.141592653589793,-3.140516519546509,0.0,0.0,0.0,-0.0
6.799128770828247,-23.2979679107666,-0.00046874998952262104,-0.39990234375,5.859374869032763e-05,-0.03195800632238388,0.020546874031424522,-3.0,0.0,-0.3199687499989523,0.0,-0.04200390428304673,-0.0,0.04539624999987427,0.0002633150143083185,0.1,0.3106907308101654,3.141592653589793,-3.140516519546509,0.0,0.0,0.0,-0.0
6.804049730300903,-23.2979679107666,-0.00046874998952262104,-0.39990234375,5.859374869032763e-05,-0.03195800632238388,0.020546874031424522,-3.0,0.0,-0.3199687499989523,0.0,-0.04200390428304673,-0.0,0.04539624999987427,0.0002633150143083185,0.1,0.3106907308101654,3.141592653589793,-3.140516519546509,0.0,0.0,0.0,-0.0
6.8089680671691895,-23.2979679107666,-0.00046874998952262104,-0.39990234375,5.859374869032763e-05,-0.03195800632238388,0.020546874031424522,-3.0,0.0,-0.3199687499989523,0.0,-0.04200390428304673,-0.0,0.04539624999987427,0.0002633150143083185,0.1,0.3106907308101654,3.141592653589793,-3.140516519546509,0.0,0.0,0.0,-0.0
6.813672065734863,-23.2979679107666,-0.00046874998952262104,-0.39990234375,5.859374869032763e-05,-0.03195800632238388,0.020546874031424522,-3.0,0.0,-0.3199687499989523,0.0,-0.04200390428304673,-0.0,0.04539624999987427,0.0002633150143083185,0.1,0.3106907308101654,3.141592653589793,-3.140516519546509,0.0,0.0,0.0,-0.0
6.81838059425354,-23.2979679107666,-0.00046874998952262104,-0.39990234375,5.859374869032763e-05,-0.03195800632238388,0.020546874031424522,-3.0,0.0,-0.3199687499989523,0.0,-0.04200390428304673,-0.0,0.04539624999987427,0.0002633150143083185,0.1,0.3106907308101654,3.141592653589793,-3.140516519546509,0.0,0.0,0.0,-0.0
6.822770833969116,-23.2979679107666,-0.00046874998952262104,-0.39990234375,5.859374869032763e-05,-0.03195800632238388,0.020546874031424522,-3.0,0.0,-0.3199687499989523,0.0,-0.04200390428304673,-0.0,0.04539624999987427,0.0002633150143083185,0.1,0.3106907308101654,3.141592653589793,-3.140516519546509,0.0,0.0,0.0,-0.0
6.827415466308594,-23.2979679107666,-0.00046874998952262104,-0.39990234375,5.859374869032763e-05,-0.03195800632238388,0.020546874031424522,-3.0,0.0,-0.3199687499989523,0.0,-0.04200390428304673,-0.0,0.04539624999987427,0.0002633150143083185,0.1,0.3106907308101654,3.141592653589793,-3.140516519546509,0.0,0.0,0.0,-0.0
6.832018136978149,-23.2979679107666,-0.00046874998952262104,-0.39990234375,5.859374869032763e-05,-0.03195800632238388,0.020546874031424522,-3.0,0.0,-0.3199687499989523,0.0,-0.04200390428304673,-0.0,0.04539624999987427,0.0002633150143083185,0.1,0.3106907308101654,3.141592653589793,-3.140516519546509,0.0,0.0,0.0,-0.0
6.836955785751343,-23.2979679107666,-0.00046874998952262104,-0.39990234375,5.859374869032763e-05,-0.03195800632238388,0.020546874031424522,-3.0,0.0,-0.3199687499989523,0.0,-0.04200390428304673,-0.0,0.04539624999987427,0.0002633150143083185,0.1,0.3106907308101654,3.141592653589793,-3.140516519546509,0.0,0.0,0.0,-0.0
6.8416523933410645,-23.2979679107666,-0.00046874998952262104,-0.39990234375,5.859374869032763e-05,-0.03195800632238388,0.020546874031424522,-3.0,0.0,-0.3199687499989523,0.0,-0.04200390428304673,-0.0,0.04539624999987427,0.0002633150143083185,0.1,0.3106907308101654,3.141592653589793,-3.140516519546509,0.0,0.0,0.0,-0.0
6.846547842025757,-23.2979679107666,-0.00046874998952262104,-0.39990234375,5.859374869032763e-05,-0.03195800632238388,0.020546874031424522,-3.0,0.0,-0.3199687499989523,0.0,-0.04200390428304673,-0.0,0.04539624999987427,0.0002633150143083185,0.1,0.3106907308101654,3.141592653589793,-3.140516519546509,0.0,0.0,0.0,-0.0
6.851283073425293,-23.2979679107666,-0.00046874998952262104,-0.39990234375,5.859374869032763e-05,-0.03195800632238388,0.020546874031424522,-3.0,0.0,-0.3199687499989523,0.0,-0.04200390428304673,-0.0,0.04539624999987427,0.0002633150143083185,0.1,0.3106907308101654,3.141592653589793,-3.140516519546509,0.0,0.0,0.0,-0.0
6.855888366699219,-23.2979679107666,-0.00046874998952262104,-0.39990234375,5.859374869032763e-05,-0.03195800632238388,0.020546874031424522,-3.0,0.0,-0.3199687499989523,0.0,-0.04200390428304673,-0.0,0.04539624999987427,0.0002633150143083185,0.1,0.3106907308101654,3.141592653589793,-3.140516519546509,0.0,0.0,0.0,-0.0
6.86067008972168,-23.2979679107666,-0.00046874998952262104,-0.39990234375,5.859374869032763e-05,-0.03195800632238388,0.020546874031424522,-3.0,0.0,-0.3199687499989523,0.0,-0.04200390428304673,-0.0,0.04539624999987427,0.0002633150143083185,0.1,0.3106907308101654,3.141592653589793,-3.140516519546509,0.0,0.0,0.0,-0.0
6.865372896194458,-23.2979679107666,-0.00046874998952262104,-0.39990234375,5.859374869032763e-05,-0.03195800632238388,0.020546874031424522,-3.0,0.0,-0.3199687499989523,0.0,-0.04200390428304673,-0.0,0.04539624999987427,0.0002633150143083185,0.1,0.3106907308101654,3.141592653589793,-3.140516519546509,0.0,0.0,0.0,-0.0
6.870109796524048,-23.2979679107666,-0.00046874998952262104,-0.39990234375,5.859374869032763e-05,-0.03195800632238388,0.020546874031424522,-3.0,0.0,-0.3199687499989523,0.0,-0.04200390428304673,-0.0,0.04539624999987427,0.0002633150143083185,0.1,0.3106907308101654,3.141592653589793,-3.140516519546509,0.0,0.0,0.0,-0.0
6.874497175216675,-23.2979679107666,-0.00046874998952262104,-0.39990234375,5.859374869032763e-05,-0.03195800632238388,0.020546874031424522,-3.0,0.0,-0.3199687499989523,0.0,-0.04200390428304673,-0.0,0.04539624999987427,0.0002633150143083185,0.1,0.3106907308101654,3.141592653589793,-3.140516519546509,0.0,0.0,0.0,-0.0
6.879573106765747,-23.2979679107666,-0.00046874998952262104,-0.39990234375,5.859374869032763e-05,-0.03195800632238388,0.020546874031424522,-3.0,0.0,-0.3199687499989523,0.0,-0.04200390428304673,-0.0,0.04539624999987427,0.0002633150143083185,0.1,0.3106907308101654,3.141592653589793,-3.140516519546509,0.0,0.0,0.0,-0.0
6.884092807769775,-23.2979679107666,-0.00046874998952262104,-0.39990234375,5.859374869032763e-05,-0.03195800632238388,0.020546874031424522,-3.0,0.0,-0.3199687499989523,0.0,-0.04200390428304673,-0.0,0.04539624999987427,0.0002633150143083185,0.1,0.3106907308101654,3.141592653589793,-3.140516519546509,0.0,0.0,0.0,-0.0
6.888803720474243,-23.2979679107666,-0.00046874998952262104,-0.39990234375,5.859374869032763e-05,-0.03195800632238388,0.020546874031424522,-3.0,0.0,-0.3199687499989523,0.0,-0.04200390428304673,-0.0,0.04539624999987427,0.0002633150143083185,0.1,0.3106907308101654,3.141592653589793,-3.140516519546509,0.0,0.0,0.0,-0.0
6.893200635910034,-23.2979679107666,-0.00046874998952262104,-0.39990234375,5.859374869032763e-05,-0.03195800632238388,0.020546874031424522,-3.0,0.0,-0.3199687499989523,0.0,-0.04200390428304673,-0.0,0.04539624999987427,0.0002633150143083185,0.1,0.3106907308101654,3.141592653589793,-3.140516519546509,0.0,0.0,0.0,-0.0
6.897690296173096,-23.2979679107666,-0.00046874998952262104,-0.39990234375,5.859374869032763e-05,-0.03195800632238388,0.020546874031424522,-3.0,0.0,-0.3199687499989523,0.0,-0.04200390428304673,-0.0,0.04539624999987427,0.0002633150143083185,0.1,0.3106907308101654,3.141592653589793,-3.140516519546509,0.0,0.0,0.0,-0.0
6.902414083480835,-23.2979679107666,-0.00046874998952262104,-0.39990234375,5.859374869032763e-05,-0.03195800632238388,0.020546874031424522,-3.0,0.0,-0.3199687499989523,0.0,-0.04200390428304673,-0.0,0.04539624999987427,0.0002633150143083185,0.1,0.3106907308101654,3.141592653589793,-3.140516519546509,0.0,0.0,0.0,-0.0
6.906907320022583,-23.2979679107666,-0.00046874998952262104,-0.39990234375,5.859374869032763e-05,-0.03195800632238388,0.020546874031424522,-3.0,0.0,-0.3199687499989523,0.0,-0.04200390428304673,-0.0,0.04539624999987427,0.0002633150143083185,0.1,0.3106907308101654,3.141592653589793,-3.140516519546509,0.0,0.0,0.0,-0.0
6.911512851715088,-23.2979679107666,-0.00046874998952262104,-0.39990234375,5.859374869032763e-05,-0.03195800632238388,0.020546874031424522,-3.0,0.0,-0.3199687499989523,0.0,-0.04200390428304673,-0.0,0.04539624999987427,0.0002633150143083185,0.1,0.3106907308101654,3.141592653589793,-3.140516519546509,0.0,0.0,0.0,-0.0
6.916123867034912,-23.2979679107666,-0.00046874998952262104,-0.39990234375,5.859374869032763e-05,-0.03195800632238388,0.020546874031424522,-3.0,0.0,-0.3199687499989523,0.0,-0.04200390428304673,-0.0,0.04539624999987427,0.0002633150143083185,0.1,0.3106907308101654,3.141592653589793,-3.140516519546509,0.0,0.0,0.0,-0.0
6.920909881591797,-23.2979679107666,-0.00046874998952262104,-0.39990234375,5.859374869032763e-05,-0.03195800632238388,0.020546874031424522,-3.0,0.0,-0.3199687499989523,0.0,-0.04200390428304673,-0.0,0.04539624999987427,0.0002633150143083185,0.1,0.3106907308101654,3.141592653589793,-3.140516519546509,0.0,0.0,0.0,-0.0
6.9256415367126465,-23.2979679107666,-0.00046874998952262104,-0.39990234375,5.859374869032763e-05,-0.03195800632238388,0.020546874031424522,-3.0,0.0,-0.3199687499989523,0.0,-0.04200390428304673,-0.0,0.04539624999987427,0.0002633150143083185,0.1,0.3106907308101654,3.141592653589793,-3.140516519546509,0.0,0.0,0.0,-0.0
6.930222988128662,-23.2979679107666,-0.00046874998952262104,-0.39990234375,5.859374869032763e-05,-0.03195800632238388,0.020546874031424522,-3.0,0.0,-0.3199687499989523,0.0,-0.04200390428304673,-0.0,0.04539624999987427,0.0002633150143083185,0.1,0.3106907308101654,3.141592653589793,-3.140516519546509,0.0,0.0,0.0,-0.0
6.93458366394043,-23.2979679107666,-0.00046874998952262104,-0.39990234375,5.859374869032763e-05,-0.03195800632238388,0.020546874031424522,-3.0,0.0,-0.3199687499989523,0.0,-0.04200390428304673,-0.0,0.04539624999987427,0.0002633150143083185,0.1,0.3106907308101654,3.141592653589793,-3.140516519546509,0.0,0.0,0.0,-0.0
6.939211845397949,-23.2979679107666,-0.00046874998952262104,-0.39990234375,5.859374869032763e-05,-0.03195800632238388,0.020546874031424522,-3.0,0.0,-0.3199687499989523,0.0,-0.04200390428304673,-0.0,0.04539624999987427,0.0002633150143083185,0.1,0.3106907308101654,3.141592653589793,-3.140516519546509,0.0,0.0,0.0,-0.0
6.943863153457642,-23.2979679107666,-0.00046874998952262104,-0.39990234375,5.859374869032763e-05,-0.03195800632238388,0.020546874031424522,-3.0,0.0,-0.3199687499989523,0.0,-0.04200390428304673,-0.0,0.04539624999987427,0.0002633150143083185,0.1,0.3106907308101654,3.141592653589793,-3.140516519546509,0.0,0.0,0.0,-0.0
6.94845724105835,-23.2979679107666,-0.00046874998952262104,-0.39990234375,5.859374869032763e-05,-0.03195800632238388,0.020546874031424522,-3.0,0.0,-0.3199687499989523,0.0,-0.04200390428304673,-0.0,0.04539624999987427,0.0002633150143083185,0.1,0.3106907308101654,3.141592653589793,-3.140516519546509,0.0,0.0,0.0,-0.0
6.952784061431885,-23.2979679107666,-0.00046874998952262104,-0.39990234375,5.859374869032763e-05,-0.03195800632238388,0.020546874031424522,-3.0,0.0,-0.3199687499989523,0.0,-0.04200390428304673,-0.0,0.04539624999987427,0.0002633150143083185,0.1,0.3106907308101654,3.141592653589793,-3.140516519546509,0.0,0.0,0.0,-0.0
6.957473039627075,-23.2979679107666,-0.00046874998952262104,-0.39990234375,5.859374869032763e-05,-0.03195800632238388,0.020546874031424522,-3.0,0.0,-0.3199687499989523,0.0,-0.04200390428304673,-0.0,0.04539624999987427,0.0002633150143083185,0.1,0.3106907308101654,3.141592653589793,-3.140516519546509,0.0,0.0,0.0,-0.0
6.962292432785034,-23.2979679107666,-0.00046874998952262104,-0.39990234375,5.859374869032763e-05,-0.03195800632238388,0.020546874031424522,-3.0,0.0,-0.3199687499989523,0.0,-0.04200390428304673,-0.0,0.04539624999987427,0.0002633150143083185,0.1,0.3106907308101654,3.141592653589793,-3.140516519546509,0.0,0.0,0.0,-0.0
6.966944932937622,-23.2979679107666,-0.00046874998952262104,-0.39990234375,5.859374869032763e-05,-0.03195800632238388,0.020546874031424522,-3.0,0.0,-0.3199687499989523,0.0,-0.04200390428304673,-0.0,0.04539624999987427,0.0002633150143083185,0.1,0.3106907308101654,3.141592653589793,-3.140516519546509,0.0,0.0,0.0,-0.0
6.971715688705444,-23.2979679107666,-0.00046874998952262104,-0.39990234375,5.859374869032763e-05,-0.03195800632238388,0.020546874031424522,-3.0,0.0,-0.3199687499989523,0.0,-0.04200390428304673,-0.0,0.04539624999987427,0.0002633150143083185,0.1,0.3106907308101654,3.141592653589793,-3.140516519546509,0.0,0.0,0.0,-0.0
6.97647762298584,-23.2979679107666,-0.00046874998952262104,-0.39990234375,5.859374869032763e-05,-0.03195800632238388,0.020546874031424522,-3.0,0.0,-0.3199687499989523,0.0,-0.04200390428304673,-0.0,0.04539624999987427,0.0002633150143083185,0.1,0.3106907308101654,3.141592653589793,-3.140516519546509,0.0,0.0,0.0,-0.0
6.981008529663086,-23.2979679107666,-0.00046874998952262104,-0.39990234375,5.859374869032763e-05,-0.03195800632238388,0.020546874031424522,-3.0,0.0,-0.3199687499989523,0.0,-0.04200390428304673,-0.0,0.04539624999987427,0.0002633150143083185,0.1,0.3106907308101654,3.141592653589793,-3.140516519546509,0.0,0.0,0.0,-0.0
6.985851526260376,-23.2979679107666,-0.00046874998952262104,-0.39990234375,5.859374869032763e-05,-0.03195800632238388,0.020546874031424522,-3.0,0.0,-0.3199687499989523,0.0,-0.04200390428304673,-0.0,0.04539624999987427,0.0002633150143083185,0.1,0.3106907308101654,3.141592653589793,-3.140516519546509,0.0,0.0,0.0,-0.0
6.991188287734985,-23.2979679107666,-0.00046874998952262104,-0.39990234375,5.859374869032763e-05,-0.03195800632238388,0.020546874031424522,-3.0,0.0,-0.3199687499989523,0.0,-0.04200390428304673,-0.0,0.04539624999987427,0.0002633150143083185,0.1,0.3106907308101654,3.141592653589793,-3.140516519546509,0.0,0.0,0.0,-0.0
6.9956374168396,-23.2979679107666,-0.00046874998952262104,-0.39990234375,5.859374869032763e-05,-0.03195800632238388,0.020546874031424522,-3.0,0.0,-0.3199687499989523,0.0,-0.04200390428304673,-0.0,0.04539624999987427,0.0002633150143083185,0.1,0.3106907308101654,3.141592653589793,-3.140516519546509,0.0,0.0,0.0,-0.0
7.00023341178894,-23.2979679107666,-0.00046874998952262104,-0.39990234375,5.859374869032763e-05,-0.03195800632238388,0.020546874031424522,-3.0,0.0,-0.3199687499989523,0.0,-0.04200390428304673,-0.0,0.04539624999987427,0.0002633150143083185,0.1,0.3106907308101654,3.141592653589793,-3.140516519546509,0.0,0.0,0.0,-0.0
7.0047571659088135,-23.2979679107666,-0.00046874998952262104,-0.39990234375,5.859374869032763e-05,-0.03195800632238388,0.020546874031424522,-3.0,0.0,-0.3199687499989523,0.0,-0.04200390428304673,-0.0,0.04539624999987427,0.0002633150143083185,0.1,0.3106907308101654,3.141592653589793,-3.140516519546509,0.0,0.0,0.0,-0.0
7.009264230728149,-23.2979679107666,-0.00046874998952262104,-0.39990234375,5.859374869032763e-05,-0.03195800632238388,0.020546874031424522,-3.0,0.0,-0.3199687499989523,0.0,-0.04200390428304673,-0.0,0.04539624999987427,0.0002633150143083185,0.1,0.3106907308101654,3.141592653589793,-3.140516519546509,0.0,0.0,0.0,-0.0
7.013676404953003,-23.2979679107666,-0.00046874998952262104,-0.39990234375,5.859374869032763e-05,-0.03195800632238388,0.020546874031424522,-3.0,0.0,-0.3199687499989523,0.0,-0.04200390428304673,-0.0,0.04539624999987427,0.0002633150143083185,0.1,0.3106907308101654,3.141592653589793,-3.140516519546509,0.0,0.0,0.0,-0.0
7.0181355476379395,-23.2979679107666,-0.00046874998952262104,-0.39990234375,5.859374869032763e-05,-0.03195800632238388,0.020546874031424522,-3.0,0.0,-0.3199687499989523,0.0,-0.04200390428304673,-0.0,0.04539624999987427,0.0002633150143083185,0.1,0.3106907308101654,3.141592653589793,-3.140516519546509,0.0,0.0,0.0,-0.0
7.022634983062744,-23.2979679107666,-0.00046874998952262104,-0.39990234375,5.859374869032763e-05,-0.03195800632238388,0.020546874031424522,-3.0,0.0,-0.3199687499989523,0.0,-0.04200390428304673,-0.0,0.04539624999987427,0.0002633150143083185,0.1,0.3106907308101654,3.141592653589793,-3.140516519546509,0.0,0.0,0.0,-0.0
7.027705907821655,-23.2979679107666,-0.00046874998952262104,-0.39990234375,5.859374869032763e-05,-0.03195800632238388,0.020546874031424522,-3.0,0.0,-0.3199687499989523,0.0,-0.04200390428304673,-0.0,0.04539624999987427,0.0002633150143083185,0.1,0.3106907308101654,3.141592653589793,-3.140516519546509,0.0,0.0,0.0,-0.0
7.032376766204834,-23.2979679107666,-0.00046874998952262104,-0.39990234375,5.859374869032763e-05,-0.03195800632238388,0.020546874031424522,-3.0,0.0,-0.3199687499989523,0.0,-0.04200390428304673,-0.0,0.04539624999987427,0.0002633150143083185,0.1,0.3106907308101654,3.141592653589793,-3.140516519546509,0.0,0.0,0.0,-0.0
7.037281036376953,-23.2979679107666,-0.00046874998952262104,-0.39990234375,5.859374869032763e-05,-0.03195800632238388,0.020546874031424522,-3.0,0.0,-0.3199687499989523,0.0,-0.04200390428304673,-0.0,0.04539624999987427,0.0002633150143083185,0.1,0.3106907308101654,3.141592653589793,-3.140516519546509,0.0,0.0,0.0,-0.0
7.0416247844696045,-23.2979679107666,-0.00046874998952262104,-0.39990234375,5.859374869032763e-05,-0.03195800632238388,0.020546874031424522,-3.0,0.0,-0.3199687499989523,0.0,-0.04200390428304673,-0.0,0.04539624999987427,0.0002633150143083185,0.1,0.3106907308101654,3.141592653589793,-3.140516519546509,0.0,0.0,0.0,-0.0
7.046184301376343,-23.2979679107666,-0.00046874998952262104,-0.39990234375,5.859374869032763e-05,-0.03195800632238388,0.020546874031424522,-3.0,0.0,-0.3199687499989523,0.0,-0.04200390428304673,-0.0,0.04539624999987427,0.0002633150143083185,0.1,0.3106907308101654,3.141592653589793,-3.140516519546509,0.0,0.0,0.0,-0.0
7.050854921340942,-23.2979679107666,-0.00046874998952262104,-0.39990234375,5.859374869032763e-05,-0.03195800632238388,0.020546874031424522,-3.0,0.0,-0.3199687499989523,0.0,-0.04200390428304673,-0.0,0.04539624999987427,0.0002633150143083185,0.1,0.3106907308101654,3.141592653589793,-3.140516519546509,0.0,0.0,0.0,-0.0
7.055448055267334,-23.2979679107666,-0.00046874998952262104,-0.39990234375,5.859374869032763e-05,-0.03195800632238388,0.020546874031424522,-3.0,0.0,-0.3199687499989523,0.0,-0.04200390428304673,-0.0,0.04539624999987427,0.0002633150143083185,0.1,0.3106907308101654,3.141592653589793,-3.140516519546509,0.0,0.0,0.0,-0.0
7.060049533843994,-23.2979679107666,-0.00046874998952262104,-0.39990234375,5.859374869032763e-05,-0.03195800632238388,0.020546874031424522,-3.0,0.0,-0.3199687499989523,0.0,-0.04200390428304673,-0.0,0.04539624999987427,0.0002633150143083185,0.1,0.3106907308101654,3.141592653589793,-3.140516519546509,0.0,0.0,0.0,-0.0
7.064681529998779,-23.2979679107666,-0.00046874998952262104,-0.39990234375,5.859374869032763e-05,-0.03195800632238388,0.020546874031424522,-3.0,0.0,-0.3199687499989523,0.0,-0.04200390428304673,-0.0,0.04539624999987427,0.0002633150143083185,0.1,0.3106907308101654,3.141592653589793,-3.140516519546509,0.0,0.0,0.0,-0.0
7.069206714630127,-23.2979679107666,-0.00046874998952262104,-0.39990234375,5.859374869032763e-05,-0.03195800632238388,0.020546874031424522,-3.0,0.0,-0.3199687499989523,0.0,-0.04200390428304673,-0.0,0.04539624999987427,0.0002633150143083185,0.1,0.3106907308101654,3.141592653589793,-3.140516519546509,0.0,0.0,0.0,-0.0
7.073808193206787,-23.2979679107666,-0.00046874998952262104,-0.39990234375,5.859374869032763e-05,-0.03195800632238388,0.020546874031424522,-3.0,0.0,-0.3199687499989523,0.0,-0.04200390428304673,-0.0,0.04539624999987427,0.0002633150143083185,0.1,0.3106907308101654,3.141592653589793,-3.140516519546509,0.0,0.0,0.0,-0.0
7.07873272895813,-23.2979679107666,-0.00046874998952262104,-0.39990234375,5.859374869032763e-05,-0.03195800632238388,0.020546874031424522,-3.0,0.0,-0.3199687499989523,0.0,-0.04200390428304673,-0.0,0.04539624999987427,0.0002633150143083185,0.1,0.3106907308101654,3.141592653589793,-3.140516519546509,0.0,0.0,0.0,-0.0
7.083470106124878,-23.2979679107666,-0.00046874998952262104,-0.39990234375,5.859374869032763e-05,-0.03195800632238388,0.020546874031424522,-3.0,0.0,-0.3199687499989523,0.0,-0.04200390428304673,-0.0,0.04539624999987427,0.0002633150143083185,0.1,0.3106907308101654,3.141592653589793,-3.140516519546509,0.0,0.0,0.0,-0.0
7.088102102279663,-23.2979679107666,-0.00046874998952262104,-0.39990234375,5.859374869032763e-05,-0.03195800632238388,0.020546874031424522,-3.0,0.0,-0.3199687499989523,0.0,-0.04200390428304673,-0.0,0.04539624999987427,0.0002633150143083185,0.1,0.3106907308101654,3.141592653589793,-3.140516519546509,0.0,0.0,0.0,-0.0
7.092952489852905,-23.2979679107666,-0.00046874998952262104,-0.39990234375,5.859374869032763e-05,-0.03195800632238388,0.020546874031424522,-3.0,0.0,-0.3199687499989523,0.0,-0.04200390428304673,-0.0,0.04539624999987427,0.0002633150143083185,0.1,0.3106907308101654,3.141592653589793,-3.140516519546509,0.0,0.0,0.0,-0.0
7.097685813903809,-23.2979679107666,-0.00046874998952262104,-0.39990234375,5.859374869032763e-05,-0.03195800632238388,0.020546874031424522,-3.0,0.0,-0.3199687499989523,0.0,-0.04200390428304673,-0.0,0.04539624999987427,0.0002633150143083185,0.1,0.3106907308101654,3.141592653589793,-3.140516519546509,0.0,0.0,0.0,-0.0
7.102267503738403,-23.2979679107666,-0.00046874998952262104,-0.39990234375,5.859374869032763e-05,-0.03195800632238388,0.020546874031424522,-3.0,0.0,-0.3199687499989523,0.0,-0.04200390428304673,-0.0,0.04539624999987427,0.0002633150143083185,0.1,0.3106907308101654,3.141592653589793,-3.140516519546509,0.0,0.0,0.0,-0.0
7.107245206832886,-23.2979679107666,-0.00046874998952262104,-0.39990234375,5.859374869032763e-05,-0.03195800632238388,0.020546874031424522,-3.0,0.0,-0.3199687499989523,0.0,-0.04200390428304673,-0.0,0.04539624999987427,0.0002633150143083185,0.1,0.3106907308101654,3.141592653589793,-3.140516519546509,0.0,0.0,0.0,-0.0
7.1122260093688965,-23.2979679107666,-0.00046874998952262104,-0.39990234375,5.859374869032763e-05,-0.03195800632238388,0.020546874031424522,-3.0,0.0,-0.3199687499989523,0.0,-0.04200390428304673,-0.0,0.04539624999987427,0.0002633150143083185,0.1,0.3106907308101654,3.141592653589793,-3.140516519546509,0.0,0.0,0.0,-0.0
7.1170334815979,-23.2979679107666,-0.00046874998952262104,-0.39990234375,5.859374869032763e-05,-0.03195800632238388,0.020546874031424522,-3.0,0.0,-0.3199687499989523,0.0,-0.04200390428304673,-0.0,0.04539624999987427,0.0002633150143083185,0.1,0.3106907308101654,3.141592653589793,-3.140516519546509,0.0,0.0,0.0,-0.0
7.121950626373291,-23.2979679107666,-0.00046874998952262104,-0.39990234375,5.859374869032763e-05,-0.03195800632238388,0.020546874031424522,-3.0,0.0,-0.3199687499989523,0.0,-0.04200390428304673,-0.0,0.04539624999987427,0.0002633150143083185,0.1,0.3106907308101654,3.141592653589793,-3.140516519546509,0.0,0.0,0.0,-0.0
7.126568078994751,-23.2979679107666,-0.00046874998952262104,-0.39990234375,5.859374869032763e-05,-0.03195800632238388,0.020546874031424522,-3.0,0.0,-0.3199687499989523,0.0,-0.04200390428304673,-0.0,0.04539624999987427,0.0002633150143083185,0.1,0.3106907308101654,3.141592653589793,-3.140516519546509,0.0,0.0,0.0,-0.0
7.131383419036865,-23.2979679107666,-0.00046874998952262104,-0.39990234375,5.859374869032763e-05,-0.03195800632238388,0.020546874031424522,-3.0,0.0,-0.3199687499989523,0.0,-0.04200390428304673,-0.0,0.04539624999987427,0.0002633150143083185,0.1,0.3106907308101654,3.141592653589793,-3.140516519546509,0.0,0.0,0.0,-0.0
7.136242151260376,-23.2979679107666,-0.00046874998952262104,-0.39990234375,5.859374869032763e-05,-0.03195800632238388,0.020546874031424522,-3.0,0.0,-0.3199687499989523,0.0,-0.04200390428304673,-0.0,0.04539624999987427,0.0002633150143083185,0.1,0.3106907308101654,3.141592653589793,-3.140516519546509,0.0,0.0,0.0,-0.0
7.141122817993164,-23.2979679107666,-0.00046874998952262104,-0.39990234375,5.859374869032763e-05,-0.03195800632238388,0.020546874031424522,-3.0,0.0,-0.3199687499989523,0.0,-0.04200390428304673,-0.0,0.04539624999987427,0.0002633150143083185,0.1,0.3106907308101654,3.141592653589793,-3.140516519546509,0.0,0.0,0.0,-0.0
7.146053791046143,-23.2979679107666,-0.00046874998952262104,-0.39990234375,5.859374869032763e-05,-0.03195800632238388,0.020546874031424522,-3.0,0.0,-0.3199687499989523,0.0,-0.04200390428304673,-0.0,0.04539624999987427,0.0002633150143083185,0.1,0.3106907308101654,3.141592653589793,-3.140516519546509,0.0,0.0,0.0,-0.0
7.150888919830322,-23.2979679107666,-0.00046874998952262104,-0.39990234375,5.859374869032763e-05,-0.03195800632238388,0.020546874031424522,-3.0,0.0,-0.3199687499989523,0.0,-0.04200390428304673,-0.0,0.04539624999987427,0.0002633150143083185,0.1,0.3106907308101654,3.141592653589793,-3.140516519546509,0.0,0.0,0.0,-0.0
7.155831336975098,-23.2979679107666,-0.00046874998952262104,-0.39990234375,5.859374869032763e-05,-0.03195800632238388,0.020546874031424522,-3.0,0.0,-0.3199687499989523,0.0,-0.04200390428304673,-0.0,0.04539624999987427,0.0002633150143083185,0.1,0.3106907308101654,3.141592653589793,-3.140516519546509,0.0,0.0,0.0,-0.0
7.160507678985596,-23.2979679107666,-0.00046874998952262104,-0.39990234375,5.859374869032763e-05,-0.03195800632238388,0.020546874031424522,-3.0,0.0,-0.3199687499989523,0.0,-0.04200390428304673,-0.0,0.04539624999987427,0.0002633150143083185,0.1,0.3106907308101654,3.141592653589793,-3.140516519546509,0.0,0.0,0.0,-0.0
7.165013313293457,-23.2979679107666,-0.00046874998952262104,-0.39990234375,5.859374869032763e-05,-0.03195800632238388,0.020546874031424522,-3.0,0.0,-0.3199687499989523,0.0,-0.04200390428304673,-0.0,0.04539624999987427,0.0002633150143083185,0.1,0.3106907308101654,3.141592653589793,-3.140516519546509,0.0,0.0,0.0,-0.0
7.169456481933594,-23.2979679107666,-0.00046874998952262104,-0.39990234375,5.859374869032763e-05,-0.03195800632238388,0.020546874031424522,-3.0,0.0,-0.3199687499989523,0.0,-0.04200390428304673,-0.0,0.04539624999987427,0.0002633150143083185,0.1,0.3106907308101654,3.141592653589793,-3.140516519546509,0.0,0.0,0.0,-0.0
7.1740312576293945,-23.2979679107666,-0.00046874998952262104,-0.39990234375,5.859374869032763e-05,-0.03195800632238388,0.020546874031424522,-3.0,0.0,-0.3199687499989523,0.0,-0.04200390428304673,-0.0,0.04539624999987427,0.0002633150143083185,0.1,0.3106907308101654,3.141592653589793,-3.140516519546509,0.0,0.0,0.0,-0.0
7.178606986999512,-23.2979679107666,-0.00046874998952262104,-0.39990234375,5.859374869032763e-05,-0.03195800632238388,0.020546874031424522,-3.0,0.0,-0.3199687499989523,0.0,-0.04200390428304673,-0.0,0.04539624999987427,0.0002633150143083185,0.1,0.3106907308101654,3.141592653589793,-3.140516519546509,0.0,0.0,0.0,-0.0
7.183156728744507,-23.2979679107666,-0.00046874998952262104,-0.39990234375,5.859374869032763e-05,-0.03195800632238388,0.020546874031424522,-3.0,0.0,-0.3199687499989523,0.0,-0.04200390428304673,-0.0,0.04539624999987427,0.0002633150143083185,0.1,0.3106907308101654,3.141592653589793,-3.140516519546509,0.0,0.0,0.0,-0.0
7.187816143035889,-23.2979679107666,-0.00046874998952262104,-0.39990234375,5.859374869032763e-05,-0.03195800632238388,0.020546874031424522,-3.0,0.0,-0.3199687499989523,0.0,-0.04200390428304673,-0.0,0.04539624999987427,0.0002633150143083185,0.1,0.3106907308101654,3.141592653589793,-3.140516519546509,0.0,0.0,0.0,-0.0
7.192527532577515,-23.2979679107666,-0.00046874998952262104,-0.39990234375,5.859374869032763e-05,-0.03195800632238388,0.020546874031424522,-3.0,0.0,-0.3199687499989523,0.0,-0.04200390428304673,-0.0,0.04539624999987427,0.0002633150143083185,0.1,0.3106907308101654,3.141592653589793,-3.140516519546509,0.0,0.0,0.0,-0.0
7.196918964385986,-23.2979679107666,-0.00046874998952262104,-0.39990234375,5.859374869032763e-05,-0.03195800632238388,0.020546874031424522,-3.0,0.0,-0.3199687499989523,0.0,-0.04200390428304673,-0.0,0.04539624999987427,0.0002633150143083185,0.1,0.3106907308101654,3.141592653589793,-3.140516519546509,0.0,0.0,0.0,-0.0
7.2016777992248535,-23.2979679107666,-0.00046874998952262104,-0.39990234375,5.859374869032763e-05,-0.03195800632238388,0.020546874031424522,-3.0,0.0,-0.3199687499989523,0.0,-0.04200390428304673,-0.0,0.04539624999987427,0.0002633150143083185,0.1,0.3106907308101654,3.141592653589793,-3.140516519546509,0.0,0.0,0.0,-0.0
7.20677375793457,-23.2979679107666,-0.00046874998952262104,-0.39990234375,5.859374869032763e-05,-0.03195800632238388,0.020546874031424522,-3.0,0.0,-0.3199687499989523,0.0,-0.04200390428304673,-0.0,0.04539624999987427,0.0002633150143083185,0.1,0.3106907308101654,3.141592653589793,-3.140516519546509,0.0,0.0,0.0,-0.0
7.211662530899048,-23.2979679107666,-0.00046874998952262104,-0.39990234375,5.859374869032763e-05,-0.03195800632238388,0.020546874031424522,-3.0,0.0,-0.3199687499989523,0.0,-0.04200390428304673,-0.0,0.04539624999987427,0.0002633150143083185,0.1,0.3106907308101654,3.141592653589793,-3.140516519546509,0.0,0.0,0.0,-0.0
7.21642804145813,-23.2979679107666,-0.00046874998952262104,-0.39990234375,5.859374869032763e-05,-0.03195800632238388,0.020546874031424522,-3.0,0.0,-0.3199687499989523,0.0,-0.04200390428304673,-0.0,0.04539624999987427,0.0002633150143083185,0.1,0.3106907308101654,3.141592653589793,-3.140516519546509,0.0,0.0,0.0,-0.0
7.2211127281188965,-23.2979679107666,-0.00046874998952262104,-0.39990234375,5.859374869032763e-05,-0.03195800632238388,0.020546874031424522,-3.0,0.0,-0.3199687499989523,0.0,-0.04200390428304673,-0.0,0.04539624999987427,0.0002633150143083185,0.1,0.3106907308101654,3.141592653589793,-3.140516519546509,0.0,0.0,0.0,-0.0
7.22551703453064,-23.2979679107666,-0.00046874998952262104,-0.39990234375,5.859374869032763e-05,-0.03195800632238388,0.020546874031424522,-3.0,0.0,-0.3199687499989523,0.0,-0.04200390428304673,-0.0,0.04539624999987427,0.0002633150143083185,0.1,0.3106907308101654,3.141592653589793,-3.140516519546509,0.0,0.0,0.0,-0.0
7.230046510696411,-23.2979679107666,-0.00046874998952262104,-0.39990234375,5.859374869032763e-05,-0.03195800632238388,0.020546874031424522,-3.0,0.0,-0.3199687499989523,0.0,-0.04200390428304673,-0.0,0.04539624999987427,0.0002633150143083185,0.1,0.3106907308101654,3.141592653589793,-3.140516519546509,0.0,0.0,0.0,-0.0
7.234596490859985,-23.2979679107666,-0.00046874998952262104,-0.39990234375,5.859374869032763e-05,-0.03195800632238388,0.020546874031424522,-3.0,0.0,-0.3199687499989523,0.0,-0.04200390428304673,-0.0,0.04539624999987427,0.0002633150143083185,0.1,0.3106907308101654,3.141592653589793,-3.140516519546509,0.0,0.0,0.0,-0.0
7.2392778396606445,-23.2979679107666,-0.00046874998952262104,-0.39990234375,5.859374869032763e-05,-0.03195800632238388,0.020546874031424522,-3.0,0.0,-0.3199687499989523,0.0,-0.04200390428304673,-0.0,0.04539624999987427,0.0002633150143083185,0.1,0.3106907308101654,3.141592653589793,-3.140516519546509,0.0,0.0,0.0,-0.0
7.243917465209961,-23.2979679107666,-0.00046874998952262104,-0.39990234375,5.859374869032763e-05,-0.03195800632238388,0.020546874031424522,-3.0,0.0,-0.3199687499989523,0.0,-0.04200390428304673,-0.0,0.04539624999987427,0.0002633150143083185,0.1,0.3106907308101654,3.141592653589793,-3.140516519546509,0.0,0.0,0.0,-0.0
7.248640775680542,-23.2979679107666,-0.00046874998952262104,-0.39990234375,5.859374869032763e-05,-0.03195800632238388,0.020546874031424522,-3.0,0.0,-0.3199687499989523,0.0,-0.04200390428304673,-0.0,0.04539624999987427,0.0002633150143083185,0.1,0.3106907308101654,3.141592653589793,-3.140516519546509,0.0,0.0,0.0,-0.0
7.252930164337158,-23.2979679107666,-0.00046874998952262104,-0.39990234375,5.859374869032763e-05,-0.03195800632238388,0.020546874031424522,-3.0,0.0,-0.3199687499989523,0.0,-0.04200390428304673,-0.0,0.04539624999987427,0.0002633150143083185,0.1,0.3106907308101654,3.141592653589793,-3.140516519546509,0.0,0.0,0.0,-0.0
7.2576892375946045,-23.2979679107666,-0.00046874998952262104,-0.39990234375,5.859374869032763e-05,-0.03195800632238388,0.020546874031424522,-3.0,0.0,-0.3199687499989523,0.0,-0.04200390428304673,-0.0,0.04539624999987427,0.0002633150143083185,0.1,0.3106907308101654,3.141592653589793,-3.140516519546509,0.0,0.0,0.0,-0.0
7.262488842010498,-23.2979679107666,-0.00046874998952262104,-0.39990234375,5.859374869032763e-05,-0.03195800632238388,0.020546874031424522,-3.0,0.0,-0.3199687499989523,0.0,-0.04200390428304673,-0.0,0.04539624999987427,0.0002633150143083185,0.1,0.3106907308101654,3.141592653589793,-3.140516519546509,0.0,0.0,0.0,-0.0
7.267376899719238,-23.2979679107666,-0.00046874998952262104,-0.39990234375,5.859374869032763e-05,-0.03195800632238388,0.020546874031424522,-3.0,0.0,-0.3199687499989523,0.0,-0.04200390428304673,-0.0,0.04539624999987427,0.0002633150143083185,0.1,0.3106907308101654,3.141592653589793,-3.140516519546509,0.0,0.0,0.0,-0.0
7.271881580352783,-23.2979679107666,-0.00046874998952262104,-0.39990234375,5.859374869032763e-05,-0.03195800632238388,0.020546874031424522,-3.0,0.0,-0.3199687499989523,0.0,-0.04200390428304673,-0.0,0.04539624999987427,0.0002633150143083185,0.1,0.3106907308101654,3.141592653589793,-3.140516519546509,0.0,0.0,0.0,-0.0
7.276562213897705,-23.2979679107666,-0.00046874998952262104,-0.39990234375,5.859374869032763e-05,-0.03195800632238388,0.020546874031424522,-3.0,0.0,-0.3199687499989523,0.0,-0.04200390428304673,-0.0,0.04539624999987427,0.0002633150143083185,0.1,0.3106907308101654,3.141592653589793,-3.140516519546509,0.0,0.0,0.0,-0.0
7.281089544296265,-23.2979679107666,-0.00046874998952262104,-0.39990234375,5.859374869032763e-05,-0.03195800632238388,0.020546874031424522,-3.0,0.0,-0.3199687499989523,0.0,-0.04200390428304673,-0.0,0.04539624999987427,0.0002633150143083185,0.1,0.3106907308101654,3.141592653589793,-3.140516519546509,0.0,0.0,0.0,-0.0
7.286337375640869,-23.2979679107666,-0.00046874998952262104,-0.39990234375,5.859374869032763e-05,-0.03195800632238388,0.020546874031424522,-3.0,0.0,-0.3199687499989523,0.0,-0.04200390428304673,-0.0,0.04539624999987427,0.0002633150143083185,0.1,0.3106907308101654,3.141592653589793,-3.140516519546509,0.0,0.0,0.0,-0.0
7.291153907775879,-23.2979679107666,-0.00046874998952262104,-0.39990234375,5.859374869032763e-05,-0.03195800632238388,0.020546874031424522,-3.0,0.0,-0.3199687499989523,0.0,-0.04200390428304673,-0.0,0.04539624999987427,0.0002633150143083185,0.1,0.3106907308101654,3.141592653589793,-3.140516519546509,0.0,0.0,0.0,-0.0
7.29572868347168,-23.2979679107666,-0.00046874998952262104,-0.39990234375,5.859374869032763e-05,-0.03195800632238388,0.020546874031424522,-3.0,0.0,-0.3199687499989523,0.0,-0.04200390428304673,-0.0,0.04539624999987427,0.0002633150143083185,0.1,0.3106907308101654,3.141592653589793,-3.140516519546509,0.0,0.0,0.0,-0.0
7.300527811050415,-23.2979679107666,-0.00046874998952262104,-0.39990234375,5.859374869032763e-05,-0.03195800632238388,0.020546874031424522,-3.0,0.0,-0.3199687499989523,0.0,-0.04200390428304673,-0.0,0.04539624999987427,0.0002633150143083185,0.1,0.3106907308101654,3.141592653589793,-3.140516519546509,0.0,0.0,0.0,-0.0
7.305309295654297,-23.2979679107666,-0.00046874998952262104,-0.39990234375,5.859374869032763e-05,-0.03195800632238388,0.020546874031424522,-3.0,0.0,-0.3199687499989523,0.0,-0.04200390428304673,-0.0,0.04539624999987427,0.0002633150143083185,0.1,0.3106907308101654,3.141592653589793,-3.140516519546509,0.0,0.0,0.0,-0.0
7.310178279876709,-23.2979679107666,-0.00046874998952262104,-0.39990234375,5.859374869032763e-05,-0.03195800632238388,0.020546874031424522,-3.0,0.0,-0.3199687499989523,0.0,-0.04200390428304673,-0.0,0.04539624999987427,0.0002633150143083185,0.1,0.3106907308101654,3.141592653589793,-3.140516519546509,0.0,0.0,0.0,-0.0
7.3150763511657715,-23.2979679107666,-0.00046874998952262104,-0.39990234375,5.859374869032763e-05,-0.03195800632238388,0.020546874031424522,-3.0,0.0,-0.3199687499989523,0.0,-0.04200390428304673,-0.0,0.04539624999987427,0.0002633150143083185,0.1,0.3106907308101654,3.141592653589793,-3.140516519546509,0.0,0.0,0.0,-0.0
7.319915056228638,-23.2979679107666,-0.00046874998952262104,-0.39990234375,5.859374869032763e-05,-0.03195800632238388,0.020546874031424522,-3.0,0.0,-0.3199687499989523,0.0,-0.04200390428304673,-0.0,0.04539624999987427,0.0002633150143083185,0.1,0.3106907308101654,3.141592653589793,-3.140516519546509,0.0,0.0,0.0,-0.0
7.3243114948272705,-23.2979679107666,-0.00046874998952262104,-0.39990234375,5.859374869032763e-05,-0.03195800632238388,0.020546874031424522,-3.0,0.0,-0.3199687499989523,0.0,-0.04200390428304673,-0.0,0.04539624999987427,0.0002633150143083185,0.1,0.3106907308101654,3.141592653589793,-3.140516519546509,0.0,0.0,0.0,-0.0
7.329057455062866,-23.2979679107666,-0.00046874998952262104,-0.39990234375,5.859374869032763e-05,-0.03195800632238388,0.020546874031424522,-3.0,0.0,-0.3199687499989523,0.0,-0.04200390428304673,-0.0,0.04539624999987427,0.0002633150143083185,0.1,0.3106907308101654,3.141592653589793,-3.140516519546509,0.0,0.0,0.0,-0.0
7.333487510681152,-23.2979679107666,-0.00046874998952262104,-0.39990234375,5.859374869032763e-05,-0.03195800632238388,0.020546874031424522,-3.0,0.0,-0.3199687499989523,0.0,-0.04200390428304673,-0.0,0.04539624999987427,0.0002633150143083185,0.1,0.3106907308101654,3.141592653589793,-3.140516519546509,0.0,0.0,0.0,-0.0
7.338117837905884,-23.2979679107666,-0.00046874998952262104,-0.39990234375,5.859374869032763e-05,-0.03195800632238388,0.020546874031424522,-3.0,0.0,-0.3199687499989523,0.0,-0.04200390428304673,-0.0,0.04539624999987427,0.0002633150143083185,0.1,0.3106907308101654,3.141592653589793,-3.140516519546509,0.0,0.0,0.0,-0.0
7.342690467834473,-23.2979679107666,-0.00046874998952262104,-0.39990234375,5.859374869032763e-05,-0.03195800632238388,0.020546874031424522,-3.0,0.0,-0.3199687499989523,0.0,-0.04200390428304673,-0.0,0.04539624999987427,0.0002633150143083185,0.1,0.3106907308101654,3.141592653589793,-3.140516519546509,0.0,0.0,0.0,-0.0
7.347219705581665,-23.2979679107666,-0.00046874998952262104,-0.39990234375,5.859374869032763e-05,-0.03195800632238388,0.020546874031424522,-3.0,0.0,-0.3199687499989523,0.0,-0.04200390428304673,-0.0,0.04539624999987427,0.0002633150143083185,0.1,0.3106907308101654,3.141592653589793,-3.140516519546509,0.0,0.0,0.0,-0.0
7.35195779800415,-23.2979679107666,-0.00046874998952262104,-0.39990234375,5.859374869032763e-05,-0.03195800632238388,0.020546874031424522,-3.0,0.0,-0.3199687499989523,0.0,-0.04200390428304673,-0.0,0.04539624999987427,0.0002633150143083185,0.1,0.3106907308101654,3.141592653589793,-3.140516519546509,0.0,0.0,0.0,-0.0
7.356683969497681,-23.2979679107666,-0.00046874998952262104,-0.39990234375,5.859374869032763e-05,-0.03195800632238388,0.020546874031424522,-3.0,0.0,-0.3199687499989523,0.0,-0.04200390428304673,-0.0,0.04539624999987427,0.0002633150143083185,0.1,0.3106907308101654,3.141592653589793,-3.140516519546509,0.0,0.0,0.0,-0.0
7.361072063446045,-23.2979679107666,-0.00046874998952262104,-0.39990234375,5.859374869032763e-05,-0.03195800632238388,0.020546874031424522,-3.0,0.0,-0.3199687499989523,0.0,-0.04200390428304673,-0.0,0.04539624999987427,0.0002633150143083185,0.1,0.3106907308101654,3.141592653589793,-3.140516519546509,0.0,0.0,0.0,-0.0
7.365776777267456,-23.2979679107666,-0.00046874998952262104,-0.39990234375,5.859374869032763e-05,-0.03195800632238388,0.020546874031424522,-3.0,0.0,-0.3199687499989523,0.0,-0.04200390428304673,-0.0,0.04539624999987427,0.0002633150143083185,0.1,0.3106907308101654,3.141592653589793,-3.140516519546509,0.0,0.0,0.0,-0.0
7.370587587356567,-23.2979679107666,-0.00046874998952262104,-0.39990234375,5.859374869032763e-05,-0.03195800632238388,0.020546874031424522,-3.0,0.0,-0.3199687499989523,0.0,-0.04200390428304673,-0.0,0.04539624999987427,0.0002633150143083185,0.1,0.3106907308101654,3.141592653589793,-3.140516519546509,0.0,0.0,0.0,-0.0
7.375426530838013,-23.2979679107666,-0.00046874998952262104,-0.39990234375,5.859374869032763e-05,-0.03195800632238388,0.020546874031424522,-3.0,0.0,-0.3199687499989523,0.0,-0.04200390428304673,-0.0,0.04539624999987427,0.0002633150143083185,0.1,0.3106907308101654,3.141592653589793,-3.140516519546509,0.0,0.0,0.0,-0.0
7.379842519760132,-23.2979679107666,-0.00046874998952262104,-0.39990234375,5.859374869032763e-05,-0.03195800632238388,0.020546874031424522,-3.0,0.0,-0.3199687499989523,0.0,-0.04200390428304673,-0.0,0.04539624999987427,0.0002633150143083185,0.1,0.3106907308101654,3.141592653589793,-3.140516519546509,0.0,0.0,0.0,-0.0
7.384261846542358,-23.2979679107666,-0.00046874998952262104,-0.39990234375,5.859374869032763e-05,-0.03195800632238388,0.020546874031424522,-3.0,0.0,-0.3199687499989523,0.0,-0.04200390428304673,-0.0,0.04539624999987427,0.0002633150143083185,0.1,0.3106907308101654,3.141592653589793,-3.140516519546509,0.0,0.0,0.0,-0.0
7.388972043991089,-23.2979679107666,-0.00046874998952262104,-0.39990234375,5.859374869032763e-05,-0.03195800632238388,0.020546874031424522,-3.0,0.0,-0.3199687499989523,0.0,-0.04200390428304673,-0.0,0.04539624999987427,0.0002633150143083185,0.1,0.3106907308101654,3.141592653589793,-3.140516519546509,0.0,0.0,0.0,-0.0
7.393605947494507,-23.2979679107666,-0.00046874998952262104,-0.39990234375,5.859374869032763e-05,-0.03195800632238388,0.020546874031424522,-3.0,0.0,-0.3199687499989523,0.0,-0.04200390428304673,-0.0,0.04539624999987427,0.0002633150143083185,0.1,0.3106907308101654,3.141592653589793,-3.140516519546509,0.0,0.0,0.0,-0.0
7.3979713916778564,-23.2979679107666,-0.00046874998952262104,-0.39990234375,5.859374869032763e-05,-0.03195800632238388,0.020546874031424522,-3.0,0.0,-0.3199687499989523,0.0,-0.04200390428304673,-0.0,0.04539624999987427,0.0002633150143083185,0.1,0.3106907308101654,3.141592653589793,-3.140516519546509,0.0,0.0,0.0,-0.0
7.402727842330933,-23.2979679107666,-0.00046874998952262104,-0.39990234375,5.859374869032763e-05,-0.03195800632238388,0.020546874031424522,-3.0,0.0,-0.3199687499989523,0.0,-0.04200390428304673,-0.0,0.04539624999987427,0.0002633150143083185,0.1,0.3106907308101654,3.141592653589793,-3.140516519546509,0.0,0.0,0.0,-0.0
7.4074718952178955,-23.2979679107666,-0.00046874998952262104,-0.39990234375,5.859374869032763e-05,-0.03195800632238388,0.020546874031424522,-3.0,0.0,-0.3199687499989523,0.0,-0.04200390428304673,-0.0,0.04539624999987427,0.0002633150143083185,0.1,0.3106907308101654,3.141592653589793,-3.140516519546509,0.0,0.0,0.0,-0.0
7.412171363830566,-23.2979679107666,-0.00046874998952262104,-0.39990234375,5.859374869032763e-05,-0.03195800632238388,0.020546874031424522,-3.0,0.0,-0.3199687499989523,0.0,-0.04200390428304673,-0.0,0.04539624999987427,0.0002633150143083185,0.1,0.3106907308101654,3.141592653589793,-3.140516519546509,0.0,0.0,0.0,-0.0
7.416494846343994,-23.2979679107666,-0.00046874998952262104,-0.39990234375,5.859374869032763e-05,-0.03195800632238388,0.020546874031424522,-3.0,0.0,-0.3199687499989523,0.0,-0.04200390428304673,-0.0,0.04539624999987427,0.0002633150143083185,0.1,0.3106907308101654,3.141592653589793,-3.140516519546509,0.0,0.0,0.0,-0.0
7.420836448669434,-23.2979679107666,-0.00046874998952262104,-0.39990234375,5.859374869032763e-05,-0.03195800632238388,0.020546874031424522,-3.0,0.0,-0.3199687499989523,0.0,-0.04200390428304673,-0.0,0.04539624999987427,0.0002633150143083185,0.1,0.3106907308101654,3.141592653589793,-3.140516519546509,0.0,0.0,0.0,-0.0
7.425448894500732,-23.2979679107666,-0.00046874998952262104,-0.39990234375,5.859374869032763e-05,-0.03195800632238388,0.020546874031424522,-3.0,0.0,-0.3199687499989523,0.0,-0.04200390428304673,-0.0,0.04539624999987427,0.0002633150143083185,0.1,0.3106907308101654,3.141592653589793,-3.140516519546509,0.0,0.0,0.0,-0.0
7.430118799209595,-23.2979679107666,-0.00046874998952262104,-0.39990234375,5.859374869032763e-05,-0.03195800632238388,0.020546874031424522,-3.0,0.0,-0.3199687499989523,0.0,-0.04200390428304673,-0.0,0.04539624999987427,0.0002633150143083185,0.1,0.3106907308101654,3.141592653589793,-3.140516519546509,0.0,0.0,0.0,-0.0
7.4346630573272705,-23.2979679107666,-0.00046874998952262104,-0.39990234375,5.859374869032763e-05,-0.03195800632238388,0.020546874031424522,-3.0,0.0,-0.3199687499989523,0.0,-0.04200390428304673,-0.0,0.04539624999987427,0.0002633150143083185,0.1,0.3106907308101654,3.141592653589793,-3.140516519546509,0.0,0.0,0.0,-0.0
7.439244031906128,-23.2979679107666,-0.00046874998952262104,-0.39990234375,5.859374869032763e-05,-0.03195800632238388,0.020546874031424522,-3.0,0.0,-0.3199687499989523,0.0,-0.04200390428304673,-0.0,0.04539624999987427,0.0002633150143083185,0.1,0.3106907308101654,3.141592653589793,-3.140516519546509,0.0,0.0,0.0,-0.0
7.443851947784424,-23.2979679107666,-0.00046874998952262104,-0.39990234375,5.859374869032763e-05,-0.03195800632238388,0.020546874031424522,-3.0,0.0,-0.3199687499989523,0.0,-0.04200390428304673,-0.0,0.04539624999987427,0.0002633150143083185,0.1,0.3106907308101654,3.141592653589793,-3.140516519546509,0.0,0.0,0.0,-0.0
7.448221206665039,-23.2979679107666,-0.00046874998952262104,-0.39990234375,5.859374869032763e-05,-0.03195800632238388,0.020546874031424522,-3.0,0.0,-0.3199687499989523,0.0,-0.04200390428304673,-0.0,0.04539624999987427,0.0002633150143083185,0.1,0.3106907308101654,3.141592653589793,-3.140516519546509,0.0,0.0,0.0,-0.0
7.452991724014282,-23.2979679107666,-0.00046874998952262104,-0.39990234375,5.859374869032763e-05,-0.03195800632238388,0.020546874031424522,-3.0,0.0,-0.3199687499989523,0.0,-0.04200390428304673,-0.0,0.04539624999987427,0.0002633150143083185,0.1,0.3106907308101654,3.141592653589793,-3.140516519546509,0.0,0.0,0.0,-0.0
7.457752466201782,-23.2979679107666,-0.00046874998952262104,-0.39990234375,5.859374869032763e-05,-0.03195800632238388,0.020546874031424522,-3.0,0.0,-0.3199687499989523,0.0,-0.04200390428304673,-0.0,0.04539624999987427,0.0002633150143083185,0.1,0.3106907308101654,3.141592653589793,-3.140516519546509,0.0,0.0,0.0,-0.0
7.4625396728515625,-23.2979679107666,-0.00046874998952262104,-0.39990234375,5.859374869032763e-05,-0.03195800632238388,0.020546874031424522,-3.0,0.0,-0.3199687499989523,0.0,-0.04200390428304673,-0.0,0.04539624999987427,0.0002633150143083185,0.1,0.3106907308101654,3.141592653589793,-3.140516519546509,0.0,0.0,0.0,-0.0
7.467364311218262,-23.2979679107666,-0.00046874998952262104,-0.39990234375,5.859374869032763e-05,-0.03195800632238388,0.020546874031424522,-3.0,0.0,-0.3199687499989523,0.0,-0.04200390428304673,-0.0,0.04539624999987427,0.0002633150143083185,0.1,0.3106907308101654,3.141592653589793,-3.140516519546509,0.0,0.0,0.0,-0.0
7.472102642059326,-23.2979679107666,-0.00046874998952262104,-0.39990234375,5.859374869032763e-05,-0.03195800632238388,0.020546874031424522,-3.0,0.0,-0.3199687499989523,0.0,-0.04200390428304673,-0.0,0.04539624999987427,0.0002633150143083185,0.1,0.3106907308101654,3.141592653589793,-3.140516519546509,0.0,0.0,0.0,-0.0
7.476739168167114,-23.2979679107666,-0.00046874998952262104,-0.39990234375,5.859374869032763e-05,-0.03195800632238388,0.020546874031424522,-3.0,0.0,-0.3199687499989523,0.0,-0.04200390428304673,-0.0,0.04539624999987427,0.0002633150143083185,0.1,0.3106907308101654,3.141592653589793,-3.140516519546509,0.0,0.0,0.0,-0.0
7.481525182723999,-23.2979679107666,-0.00046874998952262104,-0.39990234375,5.859374869032763e-05,-0.03195800632238388,0.020546874031424522,-3.0,0.0,-0.3199687499989523,0.0,-0.04200390428304673,-0.0,0.04539624999987427,0.0002633150143083185,0.1,0.3106907308101654,3.141592653589793,-3.140516519546509,0.0,0.0,0.0,-0.0
7.486197471618652,-23.2979679107666,-0.00046874998952262104,-0.39990234375,5.859374869032763e-05,-0.03195800632238388,0.020546874031424522,-3.0,0.0,-0.3199687499989523,0.0,-0.04200390428304673,-0.0,0.04539624999987427,0.0002633150143083185,0.1,0.3106907308101654,3.141592653589793,-3.140516519546509,0.0,0.0,0.0,-0.0
7.490852355957031,-23.2979679107666,-0.00046874998952262104,-0.39990234375,5.859374869032763e-05,-0.03195800632238388,0.020546874031424522,-3.0,0.0,-0.3199687499989523,0.0,-0.04200390428304673,-0.0,0.04539624999987427,0.0002633150143083185,0.1,0.3106907308101654,3.141592653589793,-3.140516519546509,0.0,0.0,0.0,-0.0
7.49559473991394,-23.2979679107666,-0.00046874998952262104,-0.39990234375,5.859374869032763e-05,-0.03195800632238388,0.020546874031424522,-3.0,0.0,-0.3199687499989523,0.0,-0.04200390428304673,-0.0,0.04539624999987427,0.0002633150143083185,0.1,0.3106907308101654,3.141592653589793,-3.140516519546509,0.0,0.0,0.0,-0.0
7.500356674194336,-23.2979679107666,-0.00046874998952262104,-0.39990234375,5.859374869032763e-05,-0.03195800632238388,0.020546874031424522,-3.0,0.0,-0.3199687499989523,0.0,-0.04200390428304673,-0.0,0.04539624999987427,0.0002633150143083185,0.1,0.3106907308101654,3.141592653589793,-3.140516519546509,0.0,0.0,0.0,-0.0
7.50477933883667,-23.2979679107666,-0.00046874998952262104,-0.39990234375,5.859374869032763e-05,-0.03195800632238388,0.020546874031424522,-3.0,0.0,-0.3199687499989523,0.0,-0.04200390428304673,-0.0,0.04539624999987427,0.0002633150143083185,0.1,0.3106907308101654,3.141592653589793,-3.140516519546509,0.0,0.0,0.0,-0.0
7.509589433670044,-23.2979679107666,-0.00046874998952262104,-0.39990234375,5.859374869032763e-05,-0.03195800632238388,0.020546874031424522,-3.0,0.0,-0.3199687499989523,0.0,-0.04200390428304673,-0.0,0.04539624999987427,0.0002633150143083185,0.1,0.3106907308101654,3.141592653589793,-3.140516519546509,0.0,0.0,0.0,-0.0
7.514142990112305,-23.2979679107666,-0.00046874998952262104,-0.39990234375,5.859374869032763e-05,-0.03195800632238388,0.020546874031424522,-3.0,0.0,-0.3199687499989523,0.0,-0.04200390428304673,-0.0,0.04539624999987427,0.0002633150143083185,0.1,0.3106907308101654,3.141592653589793,-3.140516519546509,0.0,0.0,0.0,-0.0
7.5185933113098145,-23.2979679107666,-0.00046874998952262104,-0.39990234375,5.859374869032763e-05,-0.03195800632238388,0.020546874031424522,-3.0,0.0,-0.3199687499989523,0.0,-0.04200390428304673,-0.0,0.04539624999987427,0.0002633150143083185,0.1,0.3106907308101654,3.141592653589793,-3.140516519546509,0.0,0.0,0.0,-0.0
7.5230255126953125,-23.2979679107666,-0.00046874998952262104,-0.39990234375,5.859374869032763e-05,-0.03195800632238388,0.020546874031424522,-3.0,0.0,-0.3199687499989523,0.0,-0.04200390428304673,-0.0,0.04539624999987427,0.0002633150143083185,0.1,0.3106907308101654,3.141592653589793,-3.140516519546509,0.0,0.0,0.0,-0.0
7.5277252197265625,-23.2979679107666,-0.00046874998952262104,-0.39990234375,5.859374869032763e-05,-0.03195800632238388,0.020546874031424522,-3.0,0.0,-0.3199687499989523,0.0,-0.04200390428304673,-0.0,0.04539624999987427,0.0002633150143083185,0.1,0.3106907308101654,3.141592653589793,-3.140516519546509,0.0,0.0,0.0,-0.0
7.5324883460998535,-23.2979679107666,-0.00046874998952262104,-0.39990234375,5.859374869032763e-05,-0.03195800632238388,0.020546874031424522,-3.0,0.0,-0.3199687499989523,0.0,-0.04200390428304673,-0.0,0.04539624999987427,0.0002633150143083185,0.1,0.3106907308101654,3.141592653589793,-3.140516519546509,0.0,0.0,0.0,-0.0
7.537232160568237,-23.2979679107666,-0.00046874998952262104,-0.39990234375,5.859374869032763e-05,-0.03195800632238388,0.020546874031424522,-3.0,0.0,-0.3199687499989523,0.0,-0.04200390428304673,-0.0,0.04539624999987427,0.0002633150143083185,0.1,0.3106907308101654,3.141592653589793,-3.140516519546509,0.0,0.0,0.0,-0.0
7.542055606842041,-23.2979679107666,-0.00046874998952262104,-0.39990234375,5.859374869032763e-05,-0.03195800632238388,0.020546874031424522,-3.0,0.0,-0.3199687499989523,0.0,-0.04200390428304673,-0.0,0.04539624999987427,0.0002633150143083185,0.1,0.3106907308101654,3.141592653589793,-3.140516519546509,0.0,0.0,0.0,-0.0
7.54670262336731,-23.2979679107666,-0.00046874998952262104,-0.39990234375,5.859374869032763e-05,-0.03195800632238388,0.020546874031424522,-3.0,0.0,-0.3199687499989523,0.0,-0.04200390428304673,-0.0,0.04539624999987427,0.0002633150143083185,0.1,0.3106907308101654,3.141592653589793,-3.140516519546509,0.0,0.0,0.0,-0.0
7.551002264022827,-23.2979679107666,-0.00046874998952262104,-0.39990234375,5.859374869032763e-05,-0.03195800632238388,0.020546874031424522,-3.0,0.0,-0.3199687499989523,0.0,-0.04200390428304673,-0.0,0.04539624999987427,0.0002633150143083185,0.1,0.3106907308101654,3.141592653589793,-3.140516519546509,0.0,0.0,0.0,-0.0
7.555583715438843,-23.2979679107666,-0.00046874998952262104,-0.39990234375,5.859374869032763e-05,-0.03195800632238388,0.020546874031424522,-3.0,0.0,-0.3199687499989523,0.0,-0.04200390428304673,-0.0,0.04539624999987427,0.0002633150143083185,0.1,0.3106907308101654,3.141592653589793,-3.140516519546509,0.0,0.0,0.0,-0.0
7.560150384902954,-23.2979679107666,-0.00046874998952262104,-0.39990234375,5.859374869032763e-05,-0.03195800632238388,0.020546874031424522,-3.0,0.0,-0.3199687499989523,0.0,-0.04200390428304673,-0.0,0.04539624999987427,0.0002633150143083185,0.1,0.3106907308101654,3.141592653589793,-3.140516519546509,0.0,0.0,0.0,-0.0
7.564507722854614,-23.2979679107666,-0.00046874998952262104,-0.39990234375,5.859374869032763e-05,-0.03195800632238388,0.020546874031424522,-3.0,0.0,-0.3199687499989523,0.0,-0.04200390428304673,-0.0,0.04539624999987427,0.0002633150143083185,0.1,0.3106907308101654,3.141592653589793,-3.140516519546509,0.0,0.0,0.0,-0.0
7.568856477737427,-23.2979679107666,-0.00046874998952262104,-0.39990234375,5.859374869032763e-05,-0.03195800632238388,0.020546874031424522,-3.0,0.0,-0.3199687499989523,0.0,-0.04200390428304673,-0.0,0.04539624999987427,0.0002633150143083185,0.1,0.3106907308101654,3.141592653589793,-3.140516519546509,0.0,0.0,0.0,-0.0
7.573518753051758,-23.2979679107666,-0.00046874998952262104,-0.39990234375,5.859374869032763e-05,-0.03195800632238388,0.020546874031424522,-3.0,0.0,-0.3199687499989523,0.0,-0.04200390428304673,-0.0,0.04539624999987427,0.0002633150143083185,0.1,0.3106907308101654,3.141592653589793,-3.140516519546509,0.0,0.0,0.0,-0.0
7.578307867050171,-23.2979679107666,-0.00046874998952262104,-0.39990234375,5.859374869032763e-05,-0.03195800632238388,0.020546874031424522,-3.0,0.0,-0.3199687499989523,0.0,-0.04200390428304673,-0.0,0.04539624999987427,0.0002633150143083185,0.1,0.3106907308101654,3.141592653589793,-3.140516519546509,0.0,0.0,0.0,-0.0
7.5829527378082275,-23.2979679107666,-0.00046874998952262104,-0.39990234375,5.859374869032763e-05,-0.03195800632238388,0.020546874031424522,-3.0,0.0,-0.3199687499989523,0.0,-0.04200390428304673,-0.0,0.04539624999987427,0.0002633150143083185,0.1,0.3106907308101654,3.141592653589793,-3.140516519546509,0.0,0.0,0.0,-0.0
7.587549924850464,-23.2979679107666,-0.00046874998952262104,-0.39990234375,5.859374869032763e-05,-0.03195800632238388,0.020546874031424522,-3.0,0.0,-0.3199687499989523,0.0,-0.04200390428304673,-0.0,0.04539624999987427,0.0002633150143083185,0.1,0.3106907308101654,3.141592653589793,-3.140516519546509,0.0,0.0,0.0,-0.0
7.592311859130859,-23.2979679107666,-0.00046874998952262104,-0.39990234375,5.859374869032763e-05,-0.03195800632238388,0.020546874031424522,-3.0,0.0,-0.3199687499989523,0.0,-0.04200390428304673,-0.0,0.04539624999987427,0.0002633150143083185,0.1,0.3106907308101654,3.141592653589793,-3.140516519546509,0.0,0.0,0.0,-0.0
7.596953868865967,-23.2979679107666,-0.00046874998952262104,-0.39990234375,5.859374869032763e-05,-0.03195800632238388,0.020546874031424522,-3.0,0.0,-0.3199687499989523,0.0,-0.04200390428304673,-0.0,0.04539624999987427,0.0002633150143083185,0.1,0.3106907308101654,3.141592653589793,-3.140516519546509,0.0,0.0,0.0,-0.0
7.601650953292847,-23.2979679107666,-0.00046874998952262104,-0.39990234375,5.859374869032763e-05,-0.03195800632238388,0.020546874031424522,-3.0,0.0,-0.3199687499989523,0.0,-0.04200390428304673,-0.0,0.04539624999987427,0.0002633150143083185,0.1,0.3106907308101654,3.141592653589793,-3.140516519546509,0.0,0.0,0.0,-0.0
7.606439590454102,-23.2979679107666,-0.00046874998952262104,-0.39990234375,5.859374869032763e-05,-0.03195800632238388,0.020546874031424522,-3.0,0.0,-0.3199687499989523,0.0,-0.04200390428304673,-0.0,0.04539624999987427,0.0002633150143083185,0.1,0.3106907308101654,3.141592653589793,-3.140516519546509,0.0,0.0,0.0,-0.0
7.611185073852539,-23.2979679107666,-0.00046874998952262104,-0.39990234375,5.859374869032763e-05,-0.03195800632238388,0.020546874031424522,-3.0,0.0,-0.3199687499989523,0.0,-0.04200390428304673,-0.0,0.04539624999987427,0.0002633150143083185,0.1,0.3106907308101654,3.141592653589793,-3.140516519546509,0.0,0.0,0.0,-0.0
7.615971565246582,-23.2979679107666,-0.00046874998952262104,-0.39990234375,5.859374869032763e-05,-0.03195800632238388,0.020546874031424522,-3.0,0.0,-0.3199687499989523,0.0,-0.04200390428304673,-0.0,0.04539624999987427,0.0002633150143083185,0.1,0.3106907308101654,3.141592653589793,-3.140516519546509,0.0,0.0,0.0,-0.0
7.620744466781616,-23.2979679107666,-0.00046874998952262104,-0.39990234375,5.859374869032763e-05,-0.03195800632238388,0.020546874031424522,-3.0,0.0,-0.3199687499989523,0.0,-0.04200390428304673,-0.0,0.04539624999987427,0.0002633150143083185,0.1,0.3106907308101654,3.141592653589793,-3.140516519546509,0.0,0.0,0.0,-0.0
7.625244379043579,-23.2979679107666,-0.00046874998952262104,-0.39990234375,5.859374869032763e-05,-0.03195800632238388,0.020546874031424522,-3.0,0.0,-0.3199687499989523,0.0,-0.04200390428304673,-0.0,0.04539624999987427,0.0002633150143083185,0.1,0.3106907308101654,3.141592653589793,-3.140516519546509,0.0,0.0,0.0,-0.0
7.629943609237671,-23.2979679107666,-0.00046874998952262104,-0.39990234375,5.859374869032763e-05,-0.03195800632238388,0.020546874031424522,-3.0,0.0,-0.3199687499989523,0.0,-0.04200390428304673,-0.0,0.04539624999987427,0.0002633150143083185,0.1,0.3106907308101654,3.141592653589793,-3.140516519546509,0.0,0.0,0.0,-0.0
7.6343019008636475,-23.2979679107666,-0.00046874998952262104,-0.39990234375,5.859374869032763e-05,-0.03195800632238388,0.020546874031424522,-3.0,0.0,-0.3199687499989523,0.0,-0.04200390428304673,-0.0,0.04539624999987427,0.0002633150143083185,0.1,0.3106907308101654,3.141592653589793,-3.140516519546509,0.0,0.0,0.0,-0.0
7.639096021652222,-23.2979679107666,-0.00046874998952262104,-0.39990234375,5.859374869032763e-05,-0.03195800632238388,0.020546874031424522,-3.0,0.0,-0.3199687499989523,0.0,-0.04200390428304673,-0.0,0.04539624999987427,0.0002633150143083185,0.1,0.3106907308101654,3.141592653589793,-3.140516519546509,0.0,0.0,0.0,-0.0
7.643780708312988,-23.2979679107666,-0.00046874998952262104,-0.39990234375,5.859374869032763e-05,-0.03195800632238388,0.020546874031424522,-3.0,0.0,-0.3199687499989523,0.0,-0.04200390428304673,-0.0,0.04539624999987427,0.0002633150143083185,0.1,0.3106907308101654,3.141592653589793,-3.140516519546509,0.0,0.0,0.0,-0.0
7.648202180862427,-23.2979679107666,-0.00046874998952262104,-0.39990234375,5.859374869032763e-05,-0.03195800632238388,0.020546874031424522,-3.0,0.0,-0.3199687499989523,0.0,-0.04200390428304673,-0.0,0.04539624999987427,0.0002633150143083185,0.1,0.3106907308101654,3.141592653589793,-3.140516519546509,0.0,0.0,0.0,-0.0
7.6528847217559814,-23.2979679107666,-0.00046874998952262104,-0.39990234375,5.859374869032763e-05,-0.03195800632238388,0.020546874031424522,-3.0,0.0,-0.3199687499989523,0.0,-0.04200390428304673,-0.0,0.04539624999987427,0.0002633150143083185,0.1,0.3106907308101654,3.141592653589793,-3.140516519546509,0.0,0.0,0.0,-0.0
7.6576666831970215,-23.2979679107666,-0.00046874998952262104,-0.39990234375,5.859374869032763e-05,-0.03195800632238388,0.020546874031424522,-3.0,0.0,-0.3199687499989523,0.0,-0.04200390428304673,-0.0,0.04539624999987427,0.0002633150143083185,0.1,0.3106907308101654,3.141592653589793,-3.140516519546509,0.0,0.0,0.0,-0.0
7.662319660186768,-23.2979679107666,-0.00046874998952262104,-0.39990234375,5.859374869032763e-05,-0.03195800632238388,0.020546874031424522,-3.0,0.0,-0.3199687499989523,0.0,-0.04200390428304673,-0.0,0.04539624999987427,0.0002633150143083185,0.1,0.3106907308101654,3.141592653589793,-3.140516519546509,0.0,0.0,0.0,-0.0
7.667020797729492,-23.2979679107666,-0.00046874998952262104,-0.39990234375,5.859374869032763e-05,-0.03195800632238388,0.020546874031424522,-3.0,0.0,-0.3199687499989523,0.0,-0.04200390428304673,-0.0,0.04539624999987427,0.0002633150143083185,0.1,0.3106907308101654,3.141592653589793,-3.140516519546509,0.0,0.0,0.0,-0.0
7.671787261962891,-23.2979679107666,-0.00046874998952262104,-0.39990234375,5.859374869032763e-05,-0.03195800632238388,0.020546874031424522,-3.0,0.0,-0.3199687499989523,0.0,-0.04200390428304673,-0.0,0.04539624999987427,0.0002633150143083185,0.1,0.3106907308101654,3.141592653589793,-3.140516519546509,0.0,0.0,0.0,-0.0
7.676527738571167,-23.2979679107666,-0.00046874998952262104,-0.39990234375,5.859374869032763e-05,-0.03195800632238388,0.020546874031424522,-3.0,0.0,-0.3199687499989523,0.0,-0.04200390428304673,-0.0,0.04539624999987427,0.0002633150143083185,0.1,0.3106907308101654,3.141592653589793,-3.140516519546509,0.0,0.0,0.0,-0.0
7.680930852890015,-23.2979679107666,-0.00046874998952262104,-0.39990234375,5.859374869032763e-05,-0.03195800632238388,0.020546874031424522,-3.0,0.0,-0.3199687499989523,0.0,-0.04200390428304673,-0.0,0.04539624999987427,0.0002633150143083185,0.1,0.3106907308101654,3.141592653589793,-3.140516519546509,0.0,0.0,0.0,-0.0
7.685488700866699,-23.2979679107666,-0.00046874998952262104,-0.39990234375,5.859374869032763e-05,-0.03195800632238388,0.020546874031424522,-3.0,0.0,-0.3199687499989523,0.0,-0.04200390428304673,-0.0,0.04539624999987427,0.0002633150143083185,0.1,0.3106907308101654,3.141592653589793,-3.140516519546509,0.0,0.0,0.0,-0.0
7.68997049331665,-23.2979679107666,-0.00046874998952262104,-0.39990234375,5.859374869032763e-05,-0.03195800632238388,0.020546874031424522,-3.0,0.0,-0.3199687499989523,0.0,-0.04200390428304673,-0.0,0.04539624999987427,0.0002633150143083185,0.1,0.3106907308101654,3.141592653589793,-3.140516519546509,0.0,0.0,0.0,-0.0
7.694918870925903,-23.2979679107666,-0.00046874998952262104,-0.39990234375,5.859374869032763e-05,-0.03195800632238388,0.020546874031424522,-3.0,0.0,-0.3199687499989523,0.0,-0.04200390428304673,-0.0,0.04539624999987427,0.0002633150143083185,0.1,0.3106907308101654,3.141592653589793,-3.140516519546509,0.0,0.0,0.0,-0.0
7.699701547622681,-23.2979679107666,-0.00046874998952262104,-0.39990234375,5.859374869032763e-05,-0.03195800632238388,0.020546874031424522,-3.0,0.0,-0.3199687499989523,0.0,-0.04200390428304673,-0.0,0.04539624999987427,0.0002633150143083185,0.1,0.3106907308101654,3.141592653589793,-3.140516519546509,0.0,0.0,0.0,-0.0
7.704530239105225,-23.2979679107666,-0.00046874998952262104,-0.39990234375,5.859374869032763e-05,-0.03195800632238388,0.020546874031424522,-3.0,0.0,-0.3199687499989523,0.0,-0.04200390428304673,-0.0,0.04539624999987427,0.0002633150143083185,0.1,0.3106907308101654,3.141592653589793,-3.140516519546509,0.0,0.0,0.0,-0.0
7.709173679351807,-23.2979679107666,-0.00046874998952262104,-0.39990234375,5.859374869032763e-05,-0.03195800632238388,0.020546874031424522,-3.0,0.0,-0.3199687499989523,0.0,-0.04200390428304673,-0.0,0.04539624999987427,0.0002633150143083185,0.1,0.3106907308101654,3.141592653589793,-3.140516519546509,0.0,0.0,0.0,-0.0
7.7140302658081055,-23.2979679107666,-0.00046874998952262104,-0.39990234375,5.859374869032763e-05,-0.03195800632238388,0.020546874031424522,-3.0,0.0,-0.3199687499989523,0.0,-0.04200390428304673,-0.0,0.04539624999987427,0.0002633150143083185,0.1,0.3106907308101654,3.141592653589793,-3.140516519546509,0.0,0.0,0.0,-0.0
7.718392610549927,-23.2979679107666,-0.00046874998952262104,-0.39990234375,5.859374869032763e-05,-0.03195800632238388,0.020546874031424522,-3.0,0.0,-0.3199687499989523,0.0,-0.04200390428304673,-0.0,0.04539624999987427,0.0002633150143083185,0.1,0.3106907308101654,3.141592653589793,-3.140516519546509,0.0,0.0,0.0,-0.0
7.723001003265381,-23.2979679107666,-0.00046874998952262104,-0.39990234375,5.859374869032763e-05,-0.03195800632238388,0.020546874031424522,-3.0,0.0,-0.3199687499989523,0.0,-0.04200390428304673,-0.0,0.04539624999987427,0.0002633150143083185,0.1,0.3106907308101654,3.141592653589793,-3.140516519546509,0.0,0.0,0.0,-0.0
7.727647304534912,-23.2979679107666,-0.00046874998952262104,-0.39990234375,5.859374869032763e-05,-0.03195800632238388,0.020546874031424522,-3.0,0.0,-0.3199687499989523,0.0,-0.04200390428304673,-0.0,0.04539624999987427,0.0002633150143083185,0.1,0.3106907308101654,3.141592653589793,-3.140516519546509,0.0,0.0,0.0,-0.0
7.732080698013306,-23.2979679107666,-0.00046874998952262104,-0.39990234375,5.859374869032763e-05,-0.03195800632238388,0.020546874031424522,-3.0,0.0,-0.3199687499989523,0.0,-0.04200390428304673,-0.0,0.04539624999987427,0.0002633150143083185,0.1,0.3106907308101654,3.141592653589793,-3.140516519546509,0.0,0.0,0.0,-0.0
7.736545562744141,-23.2979679107666,-0.00046874998952262104,-0.39990234375,5.859374869032763e-05,-0.03195800632238388,0.020546874031424522,-3.0,0.0,-0.3199687499989523,0.0,-0.04200390428304673,-0.0,0.04539624999987427,0.0002633150143083185,0.1,0.3106907308101654,3.141592653589793,-3.140516519546509,0.0,0.0,0.0,-0.0
7.741280794143677,-23.2979679107666,-0.00046874998952262104,-0.39990234375,5.859374869032763e-05,-0.03195800632238388,0.020546874031424522,-3.0,0.0,-0.3199687499989523,0.0,-0.04200390428304673,-0.0,0.04539624999987427,0.0002633150143083185,0.1,0.3106907308101654,3.141592653589793,-3.140516519546509,0.0,0.0,0.0,-0.0
7.746175765991211,-23.2979679107666,-0.00046874998952262104,-0.39990234375,5.859374869032763e-05,-0.03195800632238388,0.020546874031424522,-3.0,0.0,-0.3199687499989523,0.0,-0.04200390428304673,-0.0,0.04539624999987427,0.0002633150143083185,0.1,0.3106907308101654,3.141592653589793,-3.140516519546509,0.0,0.0,0.0,-0.0
7.750840902328491,-23.2979679107666,-0.00046874998952262104,-0.39990234375,5.859374869032763e-05,-0.03195800632238388,0.020546874031424522,-3.0,0.0,-0.3199687499989523,0.0,-0.04200390428304673,-0.0,0.04539624999987427,0.0002633150143083185,0.1,0.3106907308101654,3.141592653589793,-3.140516519546509,0.0,0.0,0.0,-0.0
7.755232810974121,-23.2979679107666,-0.00046874998952262104,-0.39990234375,5.859374869032763e-05,-0.03195800632238388,0.020546874031424522,-3.0,0.0,-0.3199687499989523,0.0,-0.04200390428304673,-0.0,0.04539624999987427,0.0002633150143083185,0.1,0.3106907308101654,3.141592653589793,-3.140516519546509,0.0,0.0,0.0,-0.0
7.759948492050171,-23.2979679107666,-0.00046874998952262104,-0.39990234375,5.859374869032763e-05,-0.03195800632238388,0.020546874031424522,-3.0,0.0,-0.3199687499989523,0.0,-0.04200390428304673,-0.0,0.04539624999987427,0.0002633150143083185,0.1,0.3106907308101654,3.141592653589793,-3.140516519546509,0.0,0.0,0.0,-0.0
7.764512062072754,-23.2979679107666,-0.00046874998952262104,-0.39990234375,5.859374869032763e-05,-0.03195800632238388,0.020546874031424522,-3.0,0.0,-0.3199687499989523,0.0,-0.04200390428304673,-0.0,0.04539624999987427,0.0002633150143083185,0.1,0.3106907308101654,3.141592653589793,-3.140516519546509,0.0,0.0,0.0,-0.0
7.769181489944458,-23.2979679107666,-0.00046874998952262104,-0.39990234375,5.859374869032763e-05,-0.03195800632238388,0.020546874031424522,-3.0,0.0,-0.3199687499989523,0.0,-0.04200390428304673,-0.0,0.04539624999987427,0.0002633150143083185,0.1,0.3106907308101654,3.141592653589793,-3.140516519546509,0.0,0.0,0.0,-0.0
7.77396035194397,-23.2979679107666,-0.00046874998952262104,-0.39990234375,5.859374869032763e-05,-0.03195800632238388,0.020546874031424522,-3.0,0.0,-0.3199687499989523,0.0,-0.04200390428304673,-0.0,0.04539624999987427,0.0002633150143083185,0.1,0.3106907308101654,3.141592653589793,-3.140516519546509,0.0,0.0,0.0,-0.0
7.7783074378967285,-23.2979679107666,-0.00046874998952262104,-0.39990234375,5.859374869032763e-05,-0.03195800632238388,0.020546874031424522,-3.0,0.0,-0.3199687499989523,0.0,-0.04200390428304673,-0.0,0.04539624999987427,0.0002633150143083185,0.1,0.3106907308101654,3.141592653589793,-3.140516519546509,0.0,0.0,0.0,-0.0
7.782667875289917,-23.2979679107666,-0.00046874998952262104,-0.39990234375,5.859374869032763e-05,-0.03195800632238388,0.020546874031424522,-3.0,0.0,-0.3199687499989523,0.0,-0.04200390428304673,-0.0,0.04539624999987427,0.0002633150143083185,0.1,0.3106907308101654,3.141592653589793,-3.140516519546509,0.0,0.0,0.0,-0.0
7.787296533584595,-23.2979679107666,-0.00046874998952262104,-0.39990234375,5.859374869032763e-05,-0.03195800632238388,0.020546874031424522,-3.0,0.0,-0.3199687499989523,0.0,-0.04200390428304673,-0.0,0.04539624999987427,0.0002633150143083185,0.1,0.3106907308101654,3.141592653589793,-3.140516519546509,0.0,0.0,0.0,-0.0
7.792138338088989,-23.2979679107666,-0.00046874998952262104,-0.39990234375,5.859374869032763e-05,-0.03195800632238388,0.020546874031424522,-3.0,0.0,-0.3199687499989523,0.0,-0.04200390428304673,-0.0,0.04539624999987427,0.0002633150143083185,0.1,0.3106907308101654,3.141592653589793,-3.140516519546509,0.0,0.0,0.0,-0.0
7.796854496002197,-23.2979679107666,-0.00046874998952262104,-0.39990234375,5.859374869032763e-05,-0.03195800632238388,0.020546874031424522,-3.0,0.0,-0.3199687499989523,0.0,-0.04200390428304673,-0.0,0.04539624999987427,0.0002633150143083185,0.1,0.3106907308101654,3.141592653589793,-3.140516519546509,0.0,0.0,0.0,-0.0
7.801536321640015,-23.2979679107666,-0.00046874998952262104,-0.39990234375,5.859374869032763e-05,-0.03195800632238388,0.020546874031424522,-3.0,0.0,-0.3199687499989523,0.0,-0.04200390428304673,-0.0,0.04539624999987427,0.0002633150143083185,0.1,0.3106907308101654,3.141592653589793,-3.140516519546509,0.0,0.0,0.0,-0.0
7.806154727935791,-23.2979679107666,-0.00046874998952262104,-0.39990234375,5.859374869032763e-05,-0.03195800632238388,0.020546874031424522,-3.0,0.0,-0.3199687499989523,0.0,-0.04200390428304673,-0.0,0.04539624999987427,0.0002633150143083185,0.1,0.3106907308101654,3.141592653589793,-3.140516519546509,0.0,0.0,0.0,-0.0
7.810647487640381,-23.2979679107666,-0.00046874998952262104,-0.39990234375,5.859374869032763e-05,-0.03195800632238388,0.020546874031424522,-3.0,0.0,-0.3199687499989523,0.0,-0.04200390428304673,-0.0,0.04539624999987427,0.0002633150143083185,0.1,0.3106907308101654,3.141592653589793,-3.140516519546509,0.0,0.0,0.0,-0.0
7.815444231033325,-23.2979679107666,-0.00046874998952262104,-0.39990234375,5.859374869032763e-05,-0.03195800632238388,0.020546874031424522,-3.0,0.0,-0.3199687499989523,0.0,-0.04200390428304673,-0.0,0.04539624999987427,0.0002633150143083185,0.1,0.3106907308101654,3.141592653589793,-3.140516519546509,0.0,0.0,0.0,-0.0
7.820136308670044,-23.2979679107666,-0.00046874998952262104,-0.39990234375,5.859374869032763e-05,-0.03195800632238388,0.020546874031424522,-3.0,0.0,-0.3199687499989523,0.0,-0.04200390428304673,-0.0,0.04539624999987427,0.0002633150143083185,0.1,0.3106907308101654,3.141592653589793,-3.140516519546509,0.0,0.0,0.0,-0.0
7.824873685836792,-23.2979679107666,-0.00046874998952262104,-0.39990234375,5.859374869032763e-05,-0.03195800632238388,0.020546874031424522,-3.0,0.0,-0.3199687499989523,0.0,-0.04200390428304673,-0.0,0.04539624999987427,0.0002633150143083185,0.1,0.3106907308101654,3.141592653589793,-3.140516519546509,0.0,0.0,0.0,-0.0
7.829460144042969,-23.2979679107666,-0.00046874998952262104,-0.39990234375,5.859374869032763e-05,-0.03195800632238388,0.020546874031424522,-3.0,0.0,-0.3199687499989523,0.0,-0.04200390428304673,-0.0,0.04539624999987427,0.0002633150143083185,0.1,0.3106907308101654,3.141592653589793,-3.140516519546509,0.0,0.0,0.0,-0.0
7.834076166152954,-23.2979679107666,-0.00046874998952262104,-0.39990234375,5.859374869032763e-05,-0.03195800632238388,0.020546874031424522,-3.0,0.0,-0.3199687499989523,0.0,-0.04200390428304673,-0.0,0.04539624999987427,0.0002633150143083185,0.1,0.3106907308101654,3.141592653589793,-3.140516519546509,0.0,0.0,0.0,-0.0
7.838668584823608,-23.2979679107666,-0.00046874998952262104,-0.39990234375,5.859374869032763e-05,-0.03195800632238388,0.020546874031424522,-3.0,0.0,-0.3199687499989523,0.0,-0.04200390428304673,-0.0,0.04539624999987427,0.0002633150143083185,0.1,0.3106907308101654,3.141592653589793,-3.140516519546509,0.0,0.0,0.0,-0.0
7.843224048614502,-23.2979679107666,-0.00046874998952262104,-0.39990234375,5.859374869032763e-05,-0.03195800632238388,0.020546874031424522,-3.0,0.0,-0.3199687499989523,0.0,-0.04200390428304673,-0.0,0.04539624999987427,0.0002633150143083185,0.1,0.3106907308101654,3.141592653589793,-3.140516519546509,0.0,0.0,0.0,-0.0
7.8479907512664795,-23.2979679107666,-0.00046874998952262104,-0.39990234375,5.859374869032763e-05,-0.03195800632238388,0.020546874031424522,-3.0,0.0,-0.3199687499989523,0.0,-0.04200390428304673,-0.0,0.04539624999987427,0.0002633150143083185,0.1,0.3106907308101654,3.141592653589793,-3.140516519546509,0.0,0.0,0.0,-0.0
7.852605819702148,-23.2979679107666,-0.00046874998952262104,-0.39990234375,5.859374869032763e-05,-0.03195800632238388,0.020546874031424522,-3.0,0.0,-0.3199687499989523,0.0,-0.04200390428304673,-0.0,0.04539624999987427,0.0002633150143083185,0.1,0.3106907308101654,3.141592653589793,-3.140516519546509,0.0,0.0,0.0,-0.0
7.857076168060303,-23.2979679107666,-0.00046874998952262104,-0.39990234375,5.859374869032763e-05,-0.03195800632238388,0.020546874031424522,-3.0,0.0,-0.3199687499989523,0.0,-0.04200390428304673,-0.0,0.04539624999987427,0.0002633150143083185,0.1,0.3106907308101654,3.141592653589793,-3.140516519546509,0.0,0.0,0.0,-0.0
7.861847877502441,-23.2979679107666,-0.00046874998952262104,-0.39990234375,5.859374869032763e-05,-0.03195800632238388,0.020546874031424522,-3.0,0.0,-0.3199687499989523,0.0,-0.04200390428304673,-0.0,0.04539624999987427,0.0002633150143083185,0.1,0.3106907308101654,3.141592653589793,-3.140516519546509,0.0,0.0,0.0,-0.0
7.866635322570801,-23.2979679107666,-0.00046874998952262104,-0.39990234375,5.859374869032763e-05,-0.03195800632238388,0.020546874031424522,-3.0,0.0,-0.3199687499989523,0.0,-0.04200390428304673,-0.0,0.04539624999987427,0.0002633150143083185,0.1,0.3106907308101654,3.141592653589793,-3.140516519546509,0.0,0.0,0.0,-0.0
7.8713157176971436,-23.2979679107666,-0.00046874998952262104,-0.39990234375,5.859374869032763e-05,-0.03195800632238388,0.020546874031424522,-3.0,0.0,-0.3199687499989523,0.0,-0.04200390428304673,-0.0,0.04539624999987427,0.0002633150143083185,0.1,0.3106907308101654,3.141592653589793,-3.140516519546509,0.0,0.0,0.0,-0.0
7.876063346862793,-23.2979679107666,-0.00046874998952262104,-0.39990234375,5.859374869032763e-05,-0.03195800632238388,0.020546874031424522,-3.0,0.0,-0.3199687499989523,0.0,-0.04200390428304673,-0.0,0.04539624999987427,0.0002633150143083185,0.1,0.3106907308101654,3.141592653589793,-3.140516519546509,0.0,0.0,0.0,-0.0
7.880723476409912,-23.2979679107666,-0.00046874998952262104,-0.39990234375,5.859374869032763e-05,-0.03195800632238388,0.020546874031424522,-3.0,0.0,-0.3199687499989523,0.0,-0.04200390428304673,-0.0,0.04539624999987427,0.0002633150143083185,0.1,0.3106907308101654,3.141592653589793,-3.140516519546509,0.0,0.0,0.0,-0.0
7.8854005336761475,-23.2979679107666,-0.00046874998952262104,-0.39990234375,5.859374869032763e-05,-0.03195800632238388,0.020546874031424522,-3.0,0.0,-0.3199687499989523,0.0,-0.04200390428304673,-0.0,0.04539624999987427,0.0002633150143083185,0.1,0.3106907308101654,3.141592653589793,-3.140516519546509,0.0,0.0,0.0,-0.0
7.890231609344482,-23.2979679107666,-0.00046874998952262104,-0.39990234375,5.859374869032763e-05,-0.03195800632238388,0.020546874031424522,-3.0,0.0,-0.3199687499989523,0.0,-0.04200390428304673,-0.0,0.04539624999987427,0.0002633150143083185,0.1,0.3106907308101654,3.141592653589793,-3.140516519546509,0.0,0.0,0.0,-0.0
7.8951780796051025,-23.2979679107666,-0.00046874998952262104,-0.39990234375,5.859374869032763e-05,-0.03195800632238388,0.020546874031424522,-3.0,0.0,-0.3199687499989523,0.0,-0.04200390428304673,-0.0,0.04539624999987427,0.0002633150143083185,0.1,0.3106907308101654,3.141592653589793,-3.140516519546509,0.0,0.0,0.0,-0.0
7.899993896484375,-23.2979679107666,-0.00046874998952262104,-0.39990234375,5.859374869032763e-05,-0.03195800632238388,0.020546874031424522,-3.0,0.0,-0.3199687499989523,0.0,-0.04200390428304673,-0.0,0.04539624999987427,0.0002633150143083185,0.1,0.3106907308101654,3.141592653589793,-3.140516519546509,0.0,0.0,0.0,-0.0
7.904470443725586,-23.2979679107666,-0.00046874998952262104,-0.39990234375,5.859374869032763e-05,-0.03195800632238388,0.020546874031424522,-3.0,0.0,-0.3199687499989523,0.0,-0.04200390428304673,-0.0,0.04539624999987427,0.0002633150143083185,0.1,0.3106907308101654,3.141592653589793,-3.140516519546509,0.0,0.0,0.0,-0.0
7.909156560897827,-23.2979679107666,-0.00046874998952262104,-0.39990234375,5.859374869032763e-05,-0.03195800632238388,0.020546874031424522,-3.0,0.0,-0.3199687499989523,0.0,-0.04200390428304673,-0.0,0.04539624999987427,0.0002633150143083185,0.1,0.3106907308101654,3.141592653589793,-3.140516519546509,0.0,0.0,0.0,-0.0
7.913997411727905,-23.2979679107666,-0.00046874998952262104,-0.39990234375,5.859374869032763e-05,-0.03195800632238388,0.020546874031424522,-3.0,0.0,-0.3199687499989523,0.0,-0.04200390428304673,-0.0,0.04539624999987427,0.0002633150143083185,0.1,0.3106907308101654,3.141592653589793,-3.140516519546509,0.0,0.0,0.0,-0.0
7.918606281280518,-23.2979679107666,-0.00046874998952262104,-0.39990234375,5.859374869032763e-05,-0.03195800632238388,0.020546874031424522,-3.0,0.0,-0.3199687499989523,0.0,-0.04200390428304673,-0.0,0.04539624999987427,0.0002633150143083185,0.1,0.3106907308101654,3.141592653589793,-3.140516519546509,0.0,0.0,0.0,-0.0
7.923137187957764,-23.2979679107666,-0.00046874998952262104,-0.39990234375,5.859374869032763e-05,-0.03195800632238388,0.020546874031424522,-3.0,0.0,-0.3199687499989523,0.0,-0.04200390428304673,-0.0,0.04539624999987427,0.0002633150143083185,0.1,0.3106907308101654,3.141592653589793,-3.140516519546509,0.0,0.0,0.0,-0.0
7.928002119064331,-23.2979679107666,-0.00046874998952262104,-0.39990234375,5.859374869032763e-05,-0.03195800632238388,0.020546874031424522,-3.0,0.0,-0.3199687499989523,0.0,-0.04200390428304673,-0.0,0.04539624999987427,0.0002633150143083185,0.1,0.3106907308101654,3.141592653589793,-3.140516519546509,0.0,0.0,0.0,-0.0
7.932863712310791,-23.2979679107666,-0.00046874998952262104,-0.39990234375,5.859374869032763e-05,-0.03195800632238388,0.020546874031424522,-3.0,0.0,-0.3199687499989523,0.0,-0.04200390428304673,-0.0,0.04539624999987427,0.0002633150143083185,0.1,0.3106907308101654,3.141592653589793,-3.140516519546509,0.0,0.0,0.0,-0.0
7.93755316734314,-23.2979679107666,-0.00046874998952262104,-0.39990234375,5.859374869032763e-05,-0.03195800632238388,0.020546874031424522,-3.0,0.0,-0.3199687499989523,0.0,-0.04200390428304673,-0.0,0.04539624999987427,0.0002633150143083185,0.1,0.3106907308101654,3.141592653589793,-3.140516519546509,0.0,0.0,0.0,-0.0
7.942660331726074,-23.2979679107666,-0.00046874998952262104,-0.39990234375,5.859374869032763e-05,-0.03195800632238388,0.020546874031424522,-3.0,0.0,-0.3199687499989523,0.0,-0.04200390428304673,-0.0,0.04539624999987427,0.0002633150143083185,0.1,0.3106907308101654,3.141592653589793,-3.140516519546509,0.0,0.0,0.0,-0.0
7.947098731994629,-23.2979679107666,-0.00046874998952262104,-0.39990234375,5.859374869032763e-05,-0.03195800632238388,0.020546874031424522,-3.0,0.0,-0.3199687499989523,0.0,-0.04200390428304673,-0.0,0.04539624999987427,0.0002633150143083185,0.1,0.3106907308101654,3.141592653589793,-3.140516519546509,0.0,0.0,0.0,-0.0
7.95151424407959,-23.2979679107666,-0.00046874998952262104,-0.39990234375,5.859374869032763e-05,-0.03195800632238388,0.020546874031424522,-3.0,0.0,-0.3199687499989523,0.0,-0.04200390428304673,-0.0,0.04539624999987427,0.0002633150143083185,0.1,0.3106907308101654,3.141592653589793,-3.140516519546509,0.0,0.0,0.0,-0.0
7.956182956695557,-23.2979679107666,-0.00046874998952262104,-0.39990234375,5.859374869032763e-05,-0.03195800632238388,0.020546874031424522,-3.0,0.0,-0.3199687499989523,0.0,-0.04200390428304673,-0.0,0.04539624999987427,0.0002633150143083185,0.1,0.3106907308101654,3.141592653589793,-3.140516519546509,0.0,0.0,0.0,-0.0
7.960968732833862,-23.2979679107666,-0.00046874998952262104,-0.39990234375,5.859374869032763e-05,-0.03195800632238388,0.020546874031424522,-3.0,0.0,-0.3199687499989523,0.0,-0.04200390428304673,-0.0,0.04539624999987427,0.0002633150143083185,0.1,0.3106907308101654,3.141592653589793,-3.140516519546509,0.0,0.0,0.0,-0.0
7.965656757354736,-23.2979679107666,-0.00046874998952262104,-0.39990234375,5.859374869032763e-05,-0.03195800632238388,0.020546874031424522,-3.0,0.0,-0.3199687499989523,0.0,-0.04200390428304673,-0.0,0.04539624999987427,0.0002633150143083185,0.1,0.3106907308101654,3.141592653589793,-3.140516519546509,0.0,0.0,0.0,-0.0
7.970154285430908,-23.2979679107666,-0.00046874998952262104,-0.39990234375,5.859374869032763e-05,-0.03195800632238388,0.020546874031424522,-3.0,0.0,-0.3199687499989523,0.0,-0.04200390428304673,-0.0,0.04539624999987427,0.0002633150143083185,0.1,0.3106907308101654,3.141592653589793,-3.140516519546509,0.0,0.0,0.0,-0.0
7.975041151046753,-23.2979679107666,-0.00046874998952262104,-0.39990234375,5.859374869032763e-05,-0.03195800632238388,0.020546874031424522,-3.0,0.0,-0.3199687499989523,0.0,-0.04200390428304673,-0.0,0.04539624999987427,0.0002633150143083185,0.1,0.3106907308101654,3.141592653589793,-3.140516519546509,0.0,0.0,0.0,-0.0
7.979455232620239,-23.2979679107666,-0.00046874998952262104,-0.39990234375,5.859374869032763e-05,-0.03195800632238388,0.020546874031424522,-3.0,0.0,-0.3199687499989523,0.0,-0.04200390428304673,-0.0,0.04539624999987427,0.0002633150143083185,0.1,0.3106907308101654,3.141592653589793,-3.140516519546509,0.0,0.0,0.0,-0.0
7.983877182006836,-23.2979679107666,-0.00046874998952262104,-0.39990234375,5.859374869032763e-05,-0.03195800632238388,0.020546874031424522,-3.0,0.0,-0.3199687499989523,0.0,-0.04200390428304673,-0.0,0.04539624999987427,0.0002633150143083185,0.1,0.3106907308101654,3.141592653589793,-3.140516519546509,0.0,0.0,0.0,-0.0
7.988234758377075,-23.2979679107666,-0.00046874998952262104,-0.39990234375,5.859374869032763e-05,-0.03195800632238388,0.020546874031424522,-3.0,0.0,-0.3199687499989523,0.0,-0.04200390428304673,-0.0,0.04539624999987427,0.0002633150143083185,0.1,0.3106907308101654,3.141592653589793,-3.140516519546509,0.0,0.0,0.0,-0.0
7.993008136749268,-23.2979679107666,-0.00046874998952262104,-0.39990234375,5.859374869032763e-05,-0.03195800632238388,0.020546874031424522,-3.0,0.0,-0.3199687499989523,0.0,-0.04200390428304673,-0.0,0.04539624999987427,0.0002633150143083185,0.1,0.3106907308101654,3.141592653589793,-3.140516519546509,0.0,0.0,0.0,-0.0
7.997787952423096,-23.2979679107666,-0.00046874998952262104,-0.39990234375,5.859374869032763e-05,-0.03195800632238388,0.020546874031424522,-3.0,0.0,-0.3199687499989523,0.0,-0.04200390428304673,-0.0,0.04539624999987427,0.0002633150143083185,0.1,0.3106907308101654,3.141592653589793,-3.140516519546509,0.0,0.0,0.0,-0.0
8.002551555633545,-23.2979679107666,-0.00046874998952262104,-0.39990234375,5.859374869032763e-05,-0.03195800632238388,0.020546874031424522,-3.0,0.0,-0.3199687499989523,0.0,-0.04200390428304673,-0.0,0.04539624999987427,0.0002633150143083185,0.1,0.3106907308101654,3.141592653589793,-3.140516519546509,0.0,0.0,0.0,-0.0
8.007213830947876,-23.2979679107666,-0.00046874998952262104,-0.39990234375,5.859374869032763e-05,-0.03195800632238388,0.020546874031424522,-3.0,0.0,-0.3199687499989523,0.0,-0.04200390428304673,-0.0,0.04539624999987427,0.0002633150143083185,0.1,0.3106907308101654,3.141592653589793,-3.140516519546509,0.0,0.0,0.0,-0.0
8.011920928955078,-23.2979679107666,-0.00046874998952262104,-0.39990234375,5.859374869032763e-05,-0.03195800632238388,0.020546874031424522,-3.0,0.0,-0.3199687499989523,0.0,-0.04200390428304673,-0.0,0.04539624999987427,0.0002633150143083185,0.1,0.3106907308101654,3.141592653589793,-3.140516519546509,0.0,0.0,0.0,-0.0
8.016560792922974,-23.2979679107666,-0.00046874998952262104,-0.39990234375,5.859374869032763e-05,-0.03195800632238388,0.020546874031424522,-3.0,0.0,-0.3199687499989523,0.0,-0.04200390428304673,-0.0,0.04539624999987427,0.0002633150143083185,0.1,0.3106907308101654,3.141592653589793,-3.140516519546509,0.0,0.0,0.0,-0.0
8.021032810211182,-23.2979679107666,-0.00046874998952262104,-0.39990234375,5.859374869032763e-05,-0.03195800632238388,0.020546874031424522,-3.0,0.0,-0.3199687499989523,0.0,-0.04200390428304673,-0.0,0.04539624999987427,0.0002633150143083185,0.1,0.3106907308101654,3.141592653589793,-3.140516519546509,0.0,0.0,0.0,-0.0
8.025793313980103,-23.2979679107666,-0.00046874998952262104,-0.39990234375,5.859374869032763e-05,-0.03195800632238388,0.020546874031424522,-3.0,0.0,-0.3199687499989523,0.0,-0.04200390428304673,-0.0,0.04539624999987427,0.0002633150143083185,0.1,0.3106907308101654,3.141592653589793,-3.140516519546509,0.0,0.0,0.0,-0.0
8.030568599700928,-23.2979679107666,-0.00046874998952262104,-0.39990234375,5.859374869032763e-05,-0.03195800632238388,0.020546874031424522,-3.0,0.0,-0.3199687499989523,0.0,-0.04200390428304673,-0.0,0.04539624999987427,0.0002633150143083185,0.1,0.3106907308101654,3.141592653589793,-3.140516519546509,0.0,0.0,0.0,-0.0
8.035296440124512,-23.2979679107666,-0.00046874998952262104,-0.39990234375,5.859374869032763e-05,-0.03195800632238388,0.020546874031424522,-3.0,0.0,-0.3199687499989523,0.0,-0.04200390428304673,-0.0,0.04539624999987427,0.0002633150143083185,0.1,0.3106907308101654,3.141592653589793,-3.140516519546509,0.0,0.0,0.0,-0.0
8.039883852005005,-23.2979679107666,-0.00046874998952262104,-0.39990234375,5.859374869032763e-05,-0.03195800632238388,0.020546874031424522,-3.0,0.0,-0.3199687499989523,0.0,-0.04200390428304673,-0.0,0.04539624999987427,0.0002633150143083185,0.1,0.3106907308101654,3.141592653589793,-3.140516519546509,0.0,0.0,0.0,-0.0
8.044754028320312,-23.2979679107666,-0.00046874998952262104,-0.39990234375,5.859374869032763e-05,-0.03195800632238388,0.020546874031424522,-3.0,0.0,-0.3199687499989523,0.0,-0.04200390428304673,-0.0,0.04539624999987427,0.0002633150143083185,0.1,0.3106907308101654,3.141592653589793,-3.140516519546509,0.0,0.0,0.0,-0.0
8.049429178237915,-23.2979679107666,-0.00046874998952262104,-0.39990234375,5.859374869032763e-05,-0.03195800632238388,0.020546874031424522,-3.0,0.0,-0.3199687499989523,0.0,-0.04200390428304673,-0.0,0.04539624999987427,0.0002633150143083185,0.1,0.3106907308101654,3.141592653589793,-3.140516519546509,0.0,0.0,0.0,-0.0
8.054025650024414,-23.2979679107666,-0.00046874998952262104,-0.39990234375,5.859374869032763e-05,-0.03195800632238388,0.020546874031424522,-3.0,0.0,-0.3199687499989523,0.0,-0.04200390428304673,-0.0,0.04539624999987427,0.0002633150143083185,0.1,0.3106907308101654,3.141592653589793,-3.140516519546509,0.0,0.0,0.0,-0.0
8.058985948562622,-23.2979679107666,-0.00046874998952262104,-0.39990234375,5.859374869032763e-05,-0.03195800632238388,0.020546874031424522,-3.0,0.0,-0.3199687499989523,0.0,-0.04200390428304673,-0.0,0.04539624999987427,0.0002633150143083185,0.1,0.3106907308101654,3.141592653589793,-3.140516519546509,0.0,0.0,0.0,-0.0
8.063728094100952,-23.2979679107666,-0.00046874998952262104,-0.39990234375,5.859374869032763e-05,-0.03195800632238388,0.020546874031424522,-3.0,0.0,-0.3199687499989523,0.0,-0.04200390428304673,-0.0,0.04539624999987427,0.0002633150143083185,0.1,0.3106907308101654,3.141592653589793,-3.140516519546509,0.0,0.0,0.0,-0.0
8.06838607788086,-23.2979679107666,-0.00046874998952262104,-0.39990234375,5.859374869032763e-05,-0.03195800632238388,0.020546874031424522,-3.0,0.0,-0.3199687499989523,0.0,-0.04200390428304673,-0.0,0.04539624999987427,0.0002633150143083185,0.1,0.3106907308101654,3.141592653589793,-3.140516519546509,0.0,0.0,0.0,-0.0
8.073304891586304,-23.2979679107666,-0.00046874998952262104,-0.39990234375,5.859374869032763e-05,-0.03195800632238388,0.020546874031424522,-3.0,0.0,-0.3199687499989523,0.0,-0.04200390428304673,-0.0,0.04539624999987427,0.0002633150143083185,0.1,0.3106907308101654,3.141592653589793,-3.140516519546509,0.0,0.0,0.0,-0.0
8.078070402145386,-23.2979679107666,-0.00046874998952262104,-0.39990234375,5.859374869032763e-05,-0.03195800632238388,0.020546874031424522,-3.0,0.0,-0.3199687499989523,0.0,-0.04200390428304673,-0.0,0.04539624999987427,0.0002633150143083185,0.1,0.3106907308101654,3.141592653589793,-3.140516519546509,0.0,0.0,0.0,-0.0
8.082711219787598,-23.2979679107666,-0.00046874998952262104,-0.39990234375,5.859374869032763e-05,-0.03195800632238388,0.020546874031424522,-3.0,0.0,-0.3199687499989523,0.0,-0.04200390428304673,-0.0,0.04539624999987427,0.0002633150143083185,0.1,0.3106907308101654,3.141592653589793,-3.140516519546509,0.0,0.0,0.0,-0.0
8.087271928787231,-23.2979679107666,-0.00046874998952262104,-0.39990234375,5.859374869032763e-05,-0.03195800632238388,0.020546874031424522,-3.0,0.0,-0.3199687499989523,0.0,-0.04200390428304673,-0.0,0.04539624999987427,0.0002633150143083185,0.1,0.3106907308101654,3.141592653589793,-3.140516519546509,0.0,0.0,0.0,-0.0
8.09168553352356,-23.2979679107666,-0.00046874998952262104,-0.39990234375,5.859374869032763e-05,-0.03195800632238388,0.020546874031424522,-3.0,0.0,-0.3199687499989523,0.0,-0.04200390428304673,-0.0,0.04539624999987427,0.0002633150143083185,0.1,0.3106907308101654,3.141592653589793,-3.140516519546509,0.0,0.0,0.0,-0.0
8.09669542312622,-23.2979679107666,-0.00046874998952262104,-0.39990234375,5.859374869032763e-05,-0.03195800632238388,0.020546874031424522,-3.0,0.0,-0.3199687499989523,0.0,-0.04200390428304673,-0.0,0.04539624999987427,0.0002633150143083185,0.1,0.3106907308101654,3.141592653589793,-3.140516519546509,0.0,0.0,0.0,-0.0
8.101119756698608,-23.2979679107666,-0.00046874998952262104,-0.39990234375,5.859374869032763e-05,-0.03195800632238388,0.020546874031424522,-3.0,0.0,-0.3199687499989523,0.0,-0.04200390428304673,-0.0,0.04539624999987427,0.0002633150143083185,0.1,0.3106907308101654,3.141592653589793,-3.140516519546509,0.0,0.0,0.0,-0.0
8.105761528015137,-23.2979679107666,-0.00046874998952262104,-0.39990234375,5.859374869032763e-05,-0.03195800632238388,0.020546874031424522,-3.0,0.0,-0.3199687499989523,0.0,-0.04200390428304673,-0.0,0.04539624999987427,0.0002633150143083185,0.1,0.3106907308101654,3.141592653589793,-3.140516519546509,0.0,0.0,0.0,-0.0
8.110567331314087,-23.2979679107666,-0.00046874998952262104,-0.39990234375,5.859374869032763e-05,-0.03195800632238388,0.020546874031424522,-3.0,0.0,-0.3199687499989523,0.0,-0.04200390428304673,-0.0,0.04539624999987427,0.0002633150143083185,0.1,0.3106907308101654,3.141592653589793,-3.140516519546509,0.0,0.0,0.0,-0.0
8.114981651306152,-23.2979679107666,-0.00046874998952262104,-0.39990234375,5.859374869032763e-05,-0.03195800632238388,0.020546874031424522,-3.0,0.0,-0.3199687499989523,0.0,-0.04200390428304673,-0.0,0.04539624999987427,0.0002633150143083185,0.1,0.3106907308101654,3.141592653589793,-3.140516519546509,0.0,0.0,0.0,-0.0
8.119387149810791,-23.2979679107666,-0.00046874998952262104,-0.39990234375,5.859374869032763e-05,-0.03195800632238388,0.020546874031424522,-3.0,0.0,-0.3199687499989523,0.0,-0.04200390428304673,-0.0,0.04539624999987427,0.0002633150143083185,0.1,0.3106907308101654,3.141592653589793,-3.140516519546509,0.0,0.0,0.0,-0.0
8.12416934967041,-23.2979679107666,-0.00046874998952262104,-0.39990234375,5.859374869032763e-05,-0.03195800632238388,0.020546874031424522,-3.0,0.0,-0.3199687499989523,0.0,-0.04200390428304673,-0.0,0.04539624999987427,0.0002633150143083185,0.1,0.3106907308101654,3.141592653589793,-3.140516519546509,0.0,0.0,0.0,-0.0
8.128822803497314,-23.2979679107666,-0.00046874998952262104,-0.39990234375,5.859374869032763e-05,-0.03195800632238388,0.020546874031424522,-3.0,0.0,-0.3199687499989523,0.0,-0.04200390428304673,-0.0,0.04539624999987427,0.0002633150143083185,0.1,0.3106907308101654,3.141592653589793,-3.140516519546509,0.0,0.0,0.0,-0.0
8.133427858352661,-23.2979679107666,-0.00046874998952262104,-0.39990234375,5.859374869032763e-05,-0.03195800632238388,0.020546874031424522,-3.0,0.0,-0.3199687499989523,0.0,-0.04200390428304673,-0.0,0.04539624999987427,0.0002633150143083185,0.1,0.3106907308101654,3.141592653589793,-3.140516519546509,0.0,0.0,0.0,-0.0
8.137980937957764,-23.2979679107666,-0.00046874998952262104,-0.39990234375,5.859374869032763e-05,-0.03195800632238388,0.020546874031424522,-3.0,0.0,-0.3199687499989523,0.0,-0.04200390428304673,-0.0,0.04539624999987427,0.0002633150143083185,0.1,0.3106907308101654,3.141592653589793,-3.140516519546509,0.0,0.0,0.0,-0.0
8.142640590667725,-23.2979679107666,-0.00046874998952262104,-0.39990234375,5.859374869032763e-05,-0.03195800632238388,0.020546874031424522,-3.0,0.0,-0.3199687499989523,0.0,-0.04200390428304673,-0.0,0.04539624999987427,0.0002633150143083185,0.1,0.3106907308101654,3.141592653589793,-3.140516519546509,0.0,0.0,0.0,-0.0
8.147367715835571,-23.2979679107666,-0.00046874998952262104,-0.39990234375,5.859374869032763e-05,-0.03195800632238388,0.020546874031424522,-3.0,0.0,-0.3199687499989523,0.0,-0.04200390428304673,-0.0,0.04539624999987427,0.0002633150143083185,0.1,0.3106907308101654,3.141592653589793,-3.140516519546509,0.0,0.0,0.0,-0.0
8.152035236358643,-23.2979679107666,-0.00046874998952262104,-0.39990234375,5.859374869032763e-05,-0.03195800632238388,0.020546874031424522,-3.0,0.0,-0.3199687499989523,0.0,-0.04200390428304673,-0.0,0.04539624999987427,0.0002633150143083185,0.1,0.3106907308101654,3.141592653589793,-3.140516519546509,0.0,0.0,0.0,-0.0
8.156730890274048,-23.2979679107666,-0.00046874998952262104,-0.39990234375,5.859374869032763e-05,-0.03195800632238388,0.020546874031424522,-3.0,0.0,-0.3199687499989523,0.0,-0.04200390428304673,-0.0,0.04539624999987427,0.0002633150143083185,0.1,0.3106907308101654,3.141592653589793,-3.140516519546509,0.0,0.0,0.0,-0.0
8.16144609451294,-23.2979679107666,-0.00046874998952262104,-0.39990234375,5.859374869032763e-05,-0.03195800632238388,0.020546874031424522,-3.0,0.0,-0.3199687499989523,0.0,-0.04200390428304673,-0.0,0.04539624999987427,0.0002633150143083185,0.1,0.3106907308101654,3.141592653589793,-3.140516519546509,0.0,0.0,0.0,-0.0
8.166128396987915,-23.2979679107666,-0.00046874998952262104,-0.39990234375,5.859374869032763e-05,-0.03195800632238388,0.020546874031424522,-3.0,0.0,-0.3199687499989523,0.0,-0.04200390428304673,-0.0,0.04539624999987427,0.0002633150143083185,0.1,0.3106907308101654,3.141592653589793,-3.140516519546509,0.0,0.0,0.0,-0.0
8.170748710632324,-23.2979679107666,-0.00046874998952262104,-0.39990234375,5.859374869032763e-05,-0.03195800632238388,0.020546874031424522,-3.0,0.0,-0.3199687499989523,0.0,-0.04200390428304673,-0.0,0.04539624999987427,0.0002633150143083185,0.1,0.3106907308101654,3.141592653589793,-3.140516519546509,0.0,0.0,0.0,-0.0
8.175387859344482,-23.2979679107666,-0.00046874998952262104,-0.39990234375,5.859374869032763e-05,-0.03195800632238388,0.020546874031424522,-3.0,0.0,-0.3199687499989523,0.0,-0.04200390428304673,-0.0,0.04539624999987427,0.0002633150143083185,0.1,0.3106907308101654,3.141592653589793,-3.140516519546509,0.0,0.0,0.0,-0.0
8.180167436599731,-23.2979679107666,-0.00046874998952262104,-0.39990234375,5.859374869032763e-05,-0.03195800632238388,0.020546874031424522,-3.0,0.0,-0.3199687499989523,0.0,-0.04200390428304673,-0.0,0.04539624999987427,0.0002633150143083185,0.1,0.3106907308101654,3.141592653589793,-3.140516519546509,0.0,0.0,0.0,-0.0
8.18493103981018,-23.2979679107666,-0.00046874998952262104,-0.39990234375,5.859374869032763e-05,-0.03195800632238388,0.020546874031424522,-3.0,0.0,-0.3199687499989523,0.0,-0.04200390428304673,-0.0,0.04539624999987427,0.0002633150143083185,0.1,0.3106907308101654,3.141592653589793,-3.140516519546509,0.0,0.0,0.0,-0.0
8.189684629440308,-23.2979679107666,-0.00046874998952262104,-0.39990234375,5.859374869032763e-05,-0.03195800632238388,0.020546874031424522,-3.0,0.0,-0.3199687499989523,0.0,-0.04200390428304673,-0.0,0.04539624999987427,0.0002633150143083185,0.1,0.3106907308101654,3.141592653589793,-3.140516519546509,0.0,0.0,0.0,-0.0
8.19429063796997,-23.2979679107666,-0.00046874998952262104,-0.39990234375,5.859374869032763e-05,-0.03195800632238388,0.020546874031424522,-3.0,0.0,-0.3199687499989523,0.0,-0.04200390428304673,-0.0,0.04539624999987427,0.0002633150143083185,0.1,0.3106907308101654,3.141592653589793,-3.140516519546509,0.0,0.0,0.0,-0.0
8.199035882949829,-23.2979679107666,-0.00046874998952262104,-0.39990234375,5.859374869032763e-05,-0.03195800632238388,0.020546874031424522,-3.0,0.0,-0.3199687499989523,0.0,-0.04200390428304673,-0.0,0.04539624999987427,0.0002633150143083185,0.1,0.3106907308101654,3.141592653589793,-3.140516519546509,0.0,0.0,0.0,-0.0
8.203760623931885,-23.2979679107666,-0.00046874998952262104,-0.39990234375,5.859374869032763e-05,-0.03195800632238388,0.020546874031424522,-3.0,0.0,-0.3199687499989523,0.0,-0.04200390428304673,-0.0,0.04539624999987427,0.0002633150143083185,0.1,0.3106907308101654,3.141592653589793,-3.140516519546509,0.0,0.0,0.0,-0.0
8.208559274673462,-23.2979679107666,-0.00046874998952262104,-0.39990234375,5.859374869032763e-05,-0.03195800632238388,0.020546874031424522,-3.0,0.0,-0.3199687499989523,0.0,-0.04200390428304673,-0.0,0.04539624999987427,0.0002633150143083185,0.1,0.3106907308101654,3.141592653589793,-3.140516519546509,0.0,0.0,0.0,-0.0
8.21321964263916,-23.2979679107666,-0.00046874998952262104,-0.39990234375,5.859374869032763e-05,-0.03195800632238388,0.020546874031424522,-3.0,0.0,-0.3199687499989523,0.0,-0.04200390428304673,-0.0,0.04539624999987427,0.0002633150143083185,0.1,0.3106907308101654,3.141592653589793,-3.140516519546509,0.0,0.0,0.0,-0.0
8.217927932739258,-23.2979679107666,-0.00046874998952262104,-0.39990234375,5.859374869032763e-05,-0.03195800632238388,0.020546874031424522,-3.0,0.0,-0.3199687499989523,0.0,-0.04200390428304673,-0.0,0.04539624999987427,0.0002633150143083185,0.1,0.3106907308101654,3.141592653589793,-3.140516519546509,0.0,0.0,0.0,-0.0
8.222644329071045,-23.2979679107666,-0.00046874998952262104,-0.39990234375,5.859374869032763e-05,-0.03195800632238388,0.020546874031424522,-3.0,0.0,-0.3199687499989523,0.0,-0.04200390428304673,-0.0,0.04539624999987427,0.0002633150143083185,0.1,0.3106907308101654,3.141592653589793,-3.140516519546509,0.0,0.0,0.0,-0.0
8.227491855621338,-23.2979679107666,-0.00046874998952262104,-0.39990234375,5.859374869032763e-05,-0.03195800632238388,0.020546874031424522,-3.0,0.0,-0.3199687499989523,0.0,-0.04200390428304673,-0.0,0.04539624999987427,0.0002633150143083185,0.1,0.3106907308101654,3.141592653589793,-3.140516519546509,0.0,0.0,0.0,-0.0
8.23206114768982,-23.2979679107666,-0.00046874998952262104,-0.39990234375,5.859374869032763e-05,-0.03195800632238388,0.020546874031424522,-3.0,0.0,-0.3199687499989523,0.0,-0.04200390428304673,-0.0,0.04539624999987427,0.0002633150143083185,0.1,0.3106907308101654,3.141592653589793,-3.140516519546509,0.0,0.0,0.0,-0.0
8.236889362335205,-23.2979679107666,-0.00046874998952262104,-0.39990234375,5.859374869032763e-05,-0.03195800632238388,0.020546874031424522,-3.0,0.0,-0.3199687499989523,0.0,-0.04200390428304673,-0.0,0.04539624999987427,0.0002633150143083185,0.1,0.3106907308101654,3.141592653589793,-3.140516519546509,0.0,0.0,0.0,-0.0
8.241679906845093,-23.2979679107666,-0.00046874998952262104,-0.39990234375,5.859374869032763e-05,-0.03195800632238388,0.020546874031424522,-3.0,0.0,-0.3199687499989523,0.0,-0.04200390428304673,-0.0,0.04539624999987427,0.0002633150143083185,0.1,0.3106907308101654,3.141592653589793,-3.140516519546509,0.0,0.0,0.0,-0.0
8.246317863464355,-23.2979679107666,-0.00046874998952262104,-0.39990234375,5.859374869032763e-05,-0.03195800632238388,0.020546874031424522,-3.0,0.0,-0.3199687499989523,0.0,-0.04200390428304673,-0.0,0.04539624999987427,0.0002633150143083185,0.1,0.3106907308101654,3.141592653589793,-3.140516519546509,0.0,0.0,0.0,-0.0
8.251498699188232,-23.2979679107666,-0.00046874998952262104,-0.39990234375,5.859374869032763e-05,-0.03195800632238388,0.020546874031424522,-3.0,0.0,-0.3199687499989523,0.0,-0.04200390428304673,-0.0,0.04539624999987427,0.0002633150143083185,0.1,0.3106907308101654,3.141592653589793,-3.140516519546509,0.0,0.0,0.0,-0.0
8.256219148635864,-23.2979679107666,-0.00046874998952262104,-0.39990234375,5.859374869032763e-05,-0.03195800632238388,0.020546874031424522,-3.0,0.0,-0.3199687499989523,0.0,-0.04200390428304673,-0.0,0.04539624999987427,0.0002633150143083185,0.1,0.3106907308101654,3.141592653589793,-3.140516519546509,0.0,0.0,0.0,-0.0
8.260643482208252,-23.2979679107666,-0.00046874998952262104,-0.39990234375,5.859374869032763e-05,-0.03195800632238388,0.020546874031424522,-3.0,0.0,-0.3199687499989523,0.0,-0.04200390428304673,-0.0,0.04539624999987427,0.0002633150143083185,0.1,0.3106907308101654,3.141592653589793,-3.140516519546509,0.0,0.0,0.0,-0.0
8.265155553817749,-23.2979679107666,-0.00046874998952262104,-0.39990234375,5.859374869032763e-05,-0.03195800632238388,0.020546874031424522,-3.0,0.0,-0.3199687499989523,0.0,-0.04200390428304673,-0.0,0.04539624999987427,0.0002633150143083185,0.1,0.3106907308101654,3.141592653589793,-3.140516519546509,0.0,0.0,0.0,-0.0
8.269944429397583,-23.2979679107666,-0.00046874998952262104,-0.39990234375,5.859374869032763e-05,-0.03195800632238388,0.020546874031424522,-3.0,0.0,-0.3199687499989523,0.0,-0.04200390428304673,-0.0,0.04539624999987427,0.0002633150143083185,0.1,0.3106907308101654,3.141592653589793,-3.140516519546509,0.0,0.0,0.0,-0.0
8.274362087249756,-23.2979679107666,-0.00046874998952262104,-0.39990234375,5.859374869032763e-05,-0.03195800632238388,0.020546874031424522,-3.0,0.0,-0.3199687499989523,0.0,-0.04200390428304673,-0.0,0.04539624999987427,0.0002633150143083185,0.1,0.3106907308101654,3.141592653589793,-3.140516519546509,0.0,0.0,0.0,-0.0
8.279037952423096,-23.2979679107666,-0.00046874998952262104,-0.39990234375,5.859374869032763e-05,-0.03195800632238388,0.020546874031424522,-3.0,0.0,-0.3199687499989523,0.0,-0.04200390428304673,-0.0,0.04539624999987427,0.0002633150143083185,0.1,0.3106907308101654,3.141592653589793,-3.140516519546509,0.0,0.0,0.0,-0.0
8.283749103546143,-23.2979679107666,-0.00046874998952262104,-0.39990234375,5.859374869032763e-05,-0.03195800632238388,0.020546874031424522,-3.0,0.0,-0.3199687499989523,0.0,-0.04200390428304673,-0.0,0.04539624999987427,0.0002633150143083185,0.1,0.3106907308101654,3.141592653589793,-3.140516519546509,0.0,0.0,0.0,-0.0
8.288506269454956,-23.2979679107666,-0.00046874998952262104,-0.39990234375,5.859374869032763e-05,-0.03195800632238388,0.020546874031424522,-3.0,0.0,-0.3199687499989523,0.0,-0.04200390428304673,-0.0,0.04539624999987427,0.0002633150143083185,0.1,0.3106907308101654,3.141592653589793,-3.140516519546509,0.0,0.0,0.0,-0.0
8.293241262435913,-23.2979679107666,-0.00046874998952262104,-0.39990234375,5.859374869032763e-05,-0.03195800632238388,0.020546874031424522,-3.0,0.0,-0.3199687499989523,0.0,-0.04200390428304673,-0.0,0.04539624999987427,0.0002633150143083185,0.1,0.3106907308101654,3.141592653589793,-3.140516519546509,0.0,0.0,0.0,-0.0
8.297954559326172,-23.2979679107666,-0.00046874998952262104,-0.39990234375,5.859374869032763e-05,-0.03195800632238388,0.020546874031424522,-3.0,0.0,-0.3199687499989523,0.0,-0.04200390428304673,-0.0,0.04539624999987427,0.0002633150143083185,0.1,0.3106907308101654,3.141592653589793,-3.140516519546509,0.0,0.0,0.0,-0.0
8.302368402481079,-23.2979679107666,-0.00046874998952262104,-0.39990234375,5.859374869032763e-05,-0.03195800632238388,0.020546874031424522,-3.0,0.0,-0.3199687499989523,0.0,-0.04200390428304673,-0.0,0.04539624999987427,0.0002633150143083185,0.1,0.3106907308101654,3.141592653589793,-3.140516519546509,0.0,0.0,0.0,-0.0
8.307823419570923,-23.2979679107666,-0.00046874998952262104,-0.39990234375,5.859374869032763e-05,-0.03195800632238388,0.020546874031424522,-3.0,0.0,-0.3199687499989523,0.0,-0.04200390428304673,-0.0,0.04539624999987427,0.0002633150143083185,0.1,0.3106907308101654,3.141592653589793,-3.140516519546509,0.0,0.0,0.0,-0.0
8.312507390975952,-23.2979679107666,-0.00046874998952262104,-0.39990234375,5.859374869032763e-05,-0.03195800632238388,0.020546874031424522,-3.0,0.0,-0.3199687499989523,0.0,-0.04200390428304673,-0.0,0.04539624999987427,0.0002633150143083185,0.1,0.3106907308101654,3.141592653589793,-3.140516519546509,0.0,0.0,0.0,-0.0
8.316982507705688,-23.2979679107666,-0.00046874998952262104,-0.39990234375,5.859374869032763e-05,-0.03195800632238388,0.020546874031424522,-3.0,0.0,-0.3199687499989523,0.0,-0.04200390428304673,-0.0,0.04539624999987427,0.0002633150143083185,0.1,0.3106907308101654,3.141592653589793,-3.140516519546509,0.0,0.0,0.0,-0.0
8.32167100906372,-23.2979679107666,-0.00046874998952262104,-0.39990234375,5.859374869032763e-05,-0.03195800632238388,0.020546874031424522,-3.0,0.0,-0.3199687499989523,0.0,-0.04200390428304673,-0.0,0.04539624999987427,0.0002633150143083185,0.1,0.3106907308101654,3.141592653589793,-3.140516519546509,0.0,0.0,0.0,-0.0
8.326241493225098,-23.2979679107666,-0.00046874998952262104,-0.39990234375,5.859374869032763e-05,-0.03195800632238388,0.020546874031424522,-3.0,0.0,-0.3199687499989523,0.0,-0.04200390428304673,-0.0,0.04539624999987427,0.0002633150143083185,0.1,0.3106907308101654,3.141592653589793,-3.140516519546509,0.0,0.0,0.0,-0.0
8.330962419509888,-23.2979679107666,-0.00046874998952262104,-0.39990234375,5.859374869032763e-05,-0.03195800632238388,0.020546874031424522,-3.0,0.0,-0.3199687499989523,0.0,-0.04200390428304673,-0.0,0.04539624999987427,0.0002633150143083185,0.1,0.3106907308101654,3.141592653589793,-3.140516519546509,0.0,0.0,0.0,-0.0
8.33559513092041,-23.2979679107666,-0.00046874998952262104,-0.39990234375,5.859374869032763e-05,-0.03195800632238388,0.020546874031424522,-3.0,0.0,-0.3199687499989523,0.0,-0.04200390428304673,-0.0,0.04539624999987427,0.0002633150143083185,0.1,0.3106907308101654,3.141592653589793,-3.140516519546509,0.0,0.0,0.0,-0.0
8.340376853942871,-23.2979679107666,-0.00046874998952262104,-0.39990234375,5.859374869032763e-05,-0.03195800632238388,0.020546874031424522,-3.0,0.0,-0.3199687499989523,0.0,-0.04200390428304673,-0.0,0.04539624999987427,0.0002633150143083185,0.1,0.3106907308101654,3.141592653589793,-3.140516519546509,0.0,0.0,0.0,-0.0
8.344881057739258,-23.2979679107666,-0.00046874998952262104,-0.39990234375,5.859374869032763e-05,-0.03195800632238388,0.020546874031424522,-3.0,0.0,-0.3199687499989523,0.0,-0.04200390428304673,-0.0,0.04539624999987427,0.0002633150143083185,0.1,0.3106907308101654,3.141592653589793,-3.140516519546509,0.0,0.0,0.0,-0.0
8.349369525909424,-23.2979679107666,-0.00046874998952262104,-0.39990234375,5.859374869032763e-05,-0.03195800632238388,0.020546874031424522,-3.0,0.0,-0.3199687499989523,0.0,-0.04200390428304673,-0.0,0.04539624999987427,0.0002633150143083185,0.1,0.3106907308101654,3.141592653589793,-3.140516519546509,0.0,0.0,0.0,-0.0
8.353976488113403,-23.2979679107666,-0.00046874998952262104,-0.39990234375,5.859374869032763e-05,-0.03195800632238388,0.020546874031424522,-3.0,0.0,-0.3199687499989523,0.0,-0.04200390428304673,-0.0,0.04539624999987427,0.0002633150143083185,0.1,0.3106907308101654,3.141592653589793,-3.140516519546509,0.0,0.0,0.0,-0.0
8.358723878860474,-23.2979679107666,-0.00046874998952262104,-0.39990234375,5.859374869032763e-05,-0.03195800632238388,0.020546874031424522,-3.0,0.0,-0.3199687499989523,0.0,-0.04200390428304673,-0.0,0.04539624999987427,0.0002633150143083185,0.1,0.3106907308101654,3.141592653589793,-3.140516519546509,0.0,0.0,0.0,-0.0
8.363261699676514,-23.2979679107666,-0.00046874998952262104,-0.39990234375,5.859374869032763e-05,-0.03195800632238388,0.020546874031424522,-3.0,0.0,-0.3199687499989523,0.0,-0.04200390428304673,-0.0,0.04539624999987427,0.0002633150143083185,0.1,0.3106907308101654,3.141592653589793,-3.140516519546509,0.0,0.0,0.0,-0.0
8.367905855178833,-23.2979679107666,-0.00046874998952262104,-0.39990234375,5.859374869032763e-05,-0.03195800632238388,0.020546874031424522,-3.0,0.0,-0.3199687499989523,0.0,-0.04200390428304673,-0.0,0.04539624999987427,0.0002633150143083185,0.1,0.3106907308101654,3.141592653589793,-3.140516519546509,0.0,0.0,0.0,-0.0
8.372355699539185,-23.2979679107666,-0.00046874998952262104,-0.39990234375,5.859374869032763e-05,-0.03195800632238388,0.020546874031424522,-3.0,0.0,-0.3199687499989523,0.0,-0.04200390428304673,-0.0,0.04539624999987427,0.0002633150143083185,0.1,0.3106907308101654,3.141592653589793,-3.140516519546509,0.0,0.0,0.0,-0.0
8.37753939628601,-23.2979679107666,-0.00046874998952262104,-0.39990234375,5.859374869032763e-05,-0.03195800632238388,0.020546874031424522,-3.0,0.0,-0.3199687499989523,0.0,-0.04200390428304673,-0.0,0.04539624999987427,0.0002633150143083185,0.1,0.3106907308101654,3.141592653589793,-3.140516519546509,0.0,0.0,0.0,-0.0
8.382108449935913,-23.2979679107666,-0.00046874998952262104,-0.39990234375,5.859374869032763e-05,-0.03195800632238388,0.020546874031424522,-3.0,0.0,-0.3199687499989523,0.0,-0.04200390428304673,-0.0,0.04539624999987427,0.0002633150143083185,0.1,0.3106907308101654,3.141592653589793,-3.140516519546509,0.0,0.0,0.0,-0.0
8.38723373413086,-23.2979679107666,-0.00046874998952262104,-0.39990234375,5.859374869032763e-05,-0.03195800632238388,0.020546874031424522,-3.0,0.0,-0.3199687499989523,0.0,-0.04200390428304673,-0.0,0.04539624999987427,0.0002633150143083185,0.1,0.3106907308101654,3.141592653589793,-3.140516519546509,0.0,0.0,0.0,-0.0
8.391571760177612,-23.2979679107666,-0.00046874998952262104,-0.39990234375,5.859374869032763e-05,-0.03195800632238388,0.020546874031424522,-3.0,0.0,-0.3199687499989523,0.0,-0.04200390428304673,-0.0,0.04539624999987427,0.0002633150143083185,0.1,0.3106907308101654,3.141592653589793,-3.140516519546509,0.0,0.0,0.0,-0.0
8.396245241165161,-23.2979679107666,-0.00046874998952262104,-0.39990234375,5.859374869032763e-05,-0.03195800632238388,0.020546874031424522,-3.0,0.0,-0.3199687499989523,0.0,-0.04200390428304673,-0.0,0.04539624999987427,0.0002633150143083185,0.1,0.3106907308101654,3.141592653589793,-3.140516519546509,0.0,0.0,0.0,-0.0
8.40060043334961,-23.2979679107666,-0.00046874998952262104,-0.39990234375,5.859374869032763e-05,-0.03195800632238388,0.020546874031424522,-3.0,0.0,-0.3199687499989523,0.0,-0.04200390428304673,-0.0,0.04539624999987427,0.0002633150143083185,0.1,0.3106907308101654,3.141592653589793,-3.140516519546509,0.0,0.0,0.0,-0.0
8.405350685119629,-23.2979679107666,-0.00046874998952262104,-0.39990234375,5.859374869032763e-05,-0.03195800632238388,0.020546874031424522,-3.0,0.0,-0.3199687499989523,0.0,-0.04200390428304673,-0.0,0.04539624999987427,0.0002633150143083185,0.1,0.3106907308101654,3.141592653589793,-3.140516519546509,0.0,0.0,0.0,-0.0
8.41008973121643,-23.2979679107666,-0.00046874998952262104,-0.39990234375,5.859374869032763e-05,-0.03195800632238388,0.020546874031424522,-3.0,0.0,-0.3199687499989523,0.0,-0.04200390428304673,-0.0,0.04539624999987427,0.0002633150143083185,0.1,0.3106907308101654,3.141592653589793,-3.140516519546509,0.0,0.0,0.0,-0.0
8.41483211517334,-23.2979679107666,-0.00046874998952262104,-0.39990234375,5.859374869032763e-05,-0.03195800632238388,0.020546874031424522,-3.0,0.0,-0.3199687499989523,0.0,-0.04200390428304673,-0.0,0.04539624999987427,0.0002633150143083185,0.1,0.3106907308101654,3.141592653589793,-3.140516519546509,0.0,0.0,0.0,-0.0
8.41963791847229,-23.2979679107666,-0.00046874998952262104,-0.39990234375,5.859374869032763e-05,-0.03195800632238388,0.020546874031424522,-3.0,0.0,-0.3199687499989523,0.0,-0.04200390428304673,-0.0,0.04539624999987427,0.0002633150143083185,0.1,0.3106907308101654,3.141592653589793,-3.140516519546509,0.0,0.0,0.0,-0.0
8.424740552902222,-23.2979679107666,-0.00046874998952262104,-0.39990234375,5.859374869032763e-05,-0.03195800632238388,0.020546874031424522,-3.0,0.0,-0.3199687499989523,0.0,-0.04200390428304673,-0.0,0.04539624999987427,0.0002633150143083185,0.1,0.3106907308101654,3.141592653589793,-3.140516519546509,0.0,0.0,0.0,-0.0
8.43006944656372,-23.2979679107666,-0.00046874998952262104,-0.39990234375,5.859374869032763e-05,-0.03195800632238388,0.020546874031424522,-3.0,0.0,-0.3199687499989523,0.0,-0.04200390428304673,-0.0,0.04539624999987427,0.0002633150143083185,0.1,0.3106907308101654,3.141592653589793,-3.140516519546509,0.0,0.0,0.0,-0.0
8.434526205062866,-23.2979679107666,-0.00046874998952262104,-0.39990234375,5.859374869032763e-05,-0.03195800632238388,0.020546874031424522,-3.0,0.0,-0.3199687499989523,0.0,-0.04200390428304673,-0.0,0.04539624999987427,0.0002633150143083185,0.1,0.3106907308101654,3.141592653589793,-3.140516519546509,0.0,0.0,0.0,-0.0
8.43927001953125,-23.2979679107666,-0.00046874998952262104,-0.39990234375,5.859374869032763e-05,-0.03195800632238388,0.020546874031424522,-3.0,0.0,-0.3199687499989523,0.0,-0.04200390428304673,-0.0,0.04539624999987427,0.0002633150143083185,0.1,0.3106907308101654,3.141592653589793,-3.140516519546509,0.0,0.0,0.0,-0.0
8.443902254104614,-23.2979679107666,-0.00046874998952262104,-0.39990234375,5.859374869032763e-05,-0.03195800632238388,0.020546874031424522,-3.0,0.0,-0.3199687499989523,0.0,-0.04200390428304673,-0.0,0.04539624999987427,0.0002633150143083185,0.1,0.3106907308101654,3.141592653589793,-3.140516519546509,0.0,0.0,0.0,-0.0
8.448601484298706,-23.2979679107666,-0.00046874998952262104,-0.39990234375,5.859374869032763e-05,-0.03195800632238388,0.020546874031424522,-3.0,0.0,-0.3199687499989523,0.0,-0.04200390428304673,-0.0,0.04539624999987427,0.0002633150143083185,0.1,0.3106907308101654,3.141592653589793,-3.140516519546509,0.0,0.0,0.0,-0.0
8.453266382217407,-23.2979679107666,-0.00046874998952262104,-0.39990234375,5.859374869032763e-05,-0.03195800632238388,0.020546874031424522,-3.0,0.0,-0.3199687499989523,0.0,-0.04200390428304673,-0.0,0.04539624999987427,0.0002633150143083185,0.1,0.3106907308101654,3.141592653589793,-3.140516519546509,0.0,0.0,0.0,-0.0
8.457927465438843,-23.2979679107666,-0.00046874998952262104,-0.39990234375,5.859374869032763e-05,-0.03195800632238388,0.020546874031424522,-3.0,0.0,-0.3199687499989523,0.0,-0.04200390428304673,-0.0,0.04539624999987427,0.0002633150143083185,0.1,0.3106907308101654,3.141592653589793,-3.140516519546509,0.0,0.0,0.0,-0.0
8.462281942367554,-23.2979679107666,-0.00046874998952262104,-0.39990234375,5.859374869032763e-05,-0.03195800632238388,0.020546874031424522,-3.0,0.0,-0.3199687499989523,0.0,-0.04200390428304673,-0.0,0.04539624999987427,0.0002633150143083185,0.1,0.3106907308101654,3.141592653589793,-3.140516519546509,0.0,0.0,0.0,-0.0
8.466816663742065,-23.2979679107666,-0.00046874998952262104,-0.39990234375,5.859374869032763e-05,-0.03195800632238388,0.020546874031424522,-3.0,0.0,-0.3199687499989523,0.0,-0.04200390428304673,-0.0,0.04539624999987427,0.0002633150143083185,0.1,0.3106907308101654,3.141592653589793,-3.140516519546509,0.0,0.0,0.0,-0.0
8.471577405929565,-23.2979679107666,-0.00046874998952262104,-0.39990234375,5.859374869032763e-05,-0.03195800632238388,0.020546874031424522,-3.0,0.0,-0.3199687499989523,0.0,-0.04200390428304673,-0.0,0.04539624999987427,0.0002633150143083185,0.1,0.3106907308101654,3.141592653589793,-3.140516519546509,0.0,0.0,0.0,-0.0
8.476300716400146,-23.2979679107666,-0.00046874998952262104,-0.39990234375,5.859374869032763e-05,-0.03195800632238388,0.020546874031424522,-3.0,0.0,-0.3199687499989523,0.0,-0.04200390428304673,-0.0,0.04539624999987427,0.0002633150143083185,0.1,0.3106907308101654,3.141592653589793,-3.140516519546509,0.0,0.0,0.0,-0.0
8.48063349723816,-23.2979679107666,-0.00046874998952262104,-0.39990234375,5.859374869032763e-05,-0.03195800632238388,0.020546874031424522,-3.0,0.0,-0.3199687499989523,0.0,-0.04200390428304673,-0.0,0.04539624999987427,0.0002633150143083185,0.1,0.3106907308101654,3.141592653589793,-3.140516519546509,0.0,0.0,0.0,-0.0
8.485037088394165,-23.2979679107666,-0.00046874998952262104,-0.39990234375,5.859374869032763e-05,-0.03195800632238388,0.020546874031424522,-3.0,0.0,-0.3199687499989523,0.0,-0.04200390428304673,-0.0,0.04539624999987427,0.0002633150143083185,0.1,0.3106907308101654,3.141592653589793,-3.140516519546509,0.0,0.0,0.0,-0.0
8.48981499671936,-23.2979679107666,-0.00046874998952262104,-0.39990234375,5.859374869032763e-05,-0.03195800632238388,0.020546874031424522,-3.0,0.0,-0.3199687499989523,0.0,-0.04200390428304673,-0.0,0.04539624999987427,0.0002633150143083185,0.1,0.3106907308101654,3.141592653589793,-3.140516519546509,0.0,0.0,0.0,-0.0
8.494609594345093,-23.2979679107666,-0.00046874998952262104,-0.39990234375,5.859374869032763e-05,-0.03195800632238388,0.020546874031424522,-3.0,0.0,-0.3199687499989523,0.0,-0.04200390428304673,-0.0,0.04539624999987427,0.0002633150143083185,0.1,0.3106907308101654,3.141592653589793,-3.140516519546509,0.0,0.0,0.0,-0.0
8.499054431915283,-23.2979679107666,-0.00046874998952262104,-0.39990234375,5.859374869032763e-05,-0.03195800632238388,0.020546874031424522,-3.0,0.0,-0.3199687499989523,0.0,-0.04200390428304673,-0.0,0.04539624999987427,0.0002633150143083185,0.1,0.3106907308101654,3.141592653589793,-3.140516519546509,0.0,0.0,0.0,-0.0
8.503856420516968,-23.2979679107666,-0.00046874998952262104,-0.39990234375,5.859374869032763e-05,-0.03195800632238388,0.020546874031424522,-3.0,0.0,-0.3199687499989523,0.0,-0.04200390428304673,-0.0,0.04539624999987427,0.0002633150143083185,0.1,0.3106907308101654,3.141592653589793,-3.140516519546509,0.0,0.0,0.0,-0.0
8.508362770080566,-23.2979679107666,-0.00046874998952262104,-0.39990234375,5.859374869032763e-05,-0.03195800632238388,0.020546874031424522,-3.0,0.0,-0.3199687499989523,0.0,-0.04200390428304673,-0.0,0.04539624999987427,0.0002633150143083185,0.1,0.3106907308101654,3.141592653589793,-3.140516519546509,0.0,0.0,0.0,-0.0
8.513177156448364,-23.2979679107666,-0.00046874998952262104,-0.39990234375,5.859374869032763e-05,-0.03195800632238388,0.020546874031424522,-3.0,0.0,-0.3199687499989523,0.0,-0.04200390428304673,-0.0,0.04539624999987427,0.0002633150143083185,0.1,0.3106907308101654,3.141592653589793,-3.140516519546509,0.0,0.0,0.0,-0.0
8.517842292785645,-23.2979679107666,-0.00046874998952262104,-0.39990234375,5.859374869032763e-05,-0.03195800632238388,0.020546874031424522,-3.0,0.0,-0.3199687499989523,0.0,-0.04200390428304673,-0.0,0.04539624999987427,0.0002633150143083185,0.1,0.3106907308101654,3.141592653589793,-3.140516519546509,0.0,0.0,0.0,-0.0
8.522245645523071,-23.2979679107666,-0.00046874998952262104,-0.39990234375,5.859374869032763e-05,-0.03195800632238388,0.020546874031424522,-3.0,0.0,-0.3199687499989523,0.0,-0.04200390428304673,-0.0,0.04539624999987427,0.0002633150143083185,0.1,0.3106907308101654,3.141592653589793,-3.140516519546509,0.0,0.0,0.0,-0.0
8.526707887649536,-23.2979679107666,-0.00046874998952262104,-0.39990234375,5.859374869032763e-05,-0.03195800632238388,0.020546874031424522,-3.0,0.0,-0.3199687499989523,0.0,-0.04200390428304673,-0.0,0.04539624999987427,0.0002633150143083185,0.1,0.3106907308101654,3.141592653589793,-3.140516519546509,0.0,0.0,0.0,-0.0
8.531333446502686,-23.2979679107666,-0.00046874998952262104,-0.39990234375,5.859374869032763e-05,-0.03195800632238388,0.020546874031424522,-3.0,0.0,-0.3199687499989523,0.0,-0.04200390428304673,-0.0,0.04539624999987427,0.0002633150143083185,0.1,0.3106907308101654,3.141592653589793,-3.140516519546509,0.0,0.0,0.0,-0.0
8.536032676696777,-23.2979679107666,-0.00046874998952262104,-0.39990234375,5.859374869032763e-05,-0.03195800632238388,0.020546874031424522,-3.0,0.0,-0.3199687499989523,0.0,-0.04200390428304673,-0.0,0.04539624999987427,0.0002633150143083185,0.1,0.3106907308101654,3.141592653589793,-3.140516519546509,0.0,0.0,0.0,-0.0
8.540544033050537,-23.2979679107666,-0.00046874998952262104,-0.39990234375,5.859374869032763e-05,-0.03195800632238388,0.020546874031424522,-3.0,0.0,-0.3199687499989523,0.0,-0.04200390428304673,-0.0,0.04539624999987427,0.0002633150143083185,0.1,0.3106907308101654,3.141592653589793,-3.140516519546509,0.0,0.0,0.0,-0.0
8.545122623443604,-23.2979679107666,-0.00046874998952262104,-0.39990234375,5.859374869032763e-05,-0.03195800632238388,0.020546874031424522,-3.0,0.0,-0.3199687499989523,0.0,-0.04200390428304673,-0.0,0.04539624999987427,0.0002633150143083185,0.1,0.3106907308101654,3.141592653589793,-3.140516519546509,0.0,0.0,0.0,-0.0
8.54966950416565,-23.2979679107666,-0.00046874998952262104,-0.39990234375,5.859374869032763e-05,-0.03195800632238388,0.020546874031424522,-3.0,0.0,-0.3199687499989523,0.0,-0.04200390428304673,-0.0,0.04539624999987427,0.0002633150143083185,0.1,0.3106907308101654,3.141592653589793,-3.140516519546509,0.0,0.0,0.0,-0.0
8.554248094558716,-23.2979679107666,-0.00046874998952262104,-0.39990234375,5.859374869032763e-05,-0.03195800632238388,0.020546874031424522,-3.0,0.0,-0.3199687499989523,0.0,-0.04200390428304673,-0.0,0.04539624999987427,0.0002633150143083185,0.1,0.3106907308101654,3.141592653589793,-3.140516519546509,0.0,0.0,0.0,-0.0
8.559305906295776,-23.2979679107666,-0.00046874998952262104,-0.39990234375,5.859374869032763e-05,-0.03195800632238388,0.020546874031424522,-3.0,0.0,-0.3199687499989523,0.0,-0.04200390428304673,-0.0,0.04539624999987427,0.0002633150143083185,0.1,0.3106907308101654,3.141592653589793,-3.140516519546509,0.0,0.0,0.0,-0.0
8.563835144042969,-23.2979679107666,-0.00046874998952262104,-0.39990234375,5.859374869032763e-05,-0.03195800632238388,0.020546874031424522,-3.0,0.0,-0.3199687499989523,0.0,-0.04200390428304673,-0.0,0.04539624999987427,0.0002633150143083185,0.1,0.3106907308101654,3.141592653589793,-3.140516519546509,0.0,0.0,0.0,-0.0
8.568634510040283,-23.2979679107666,-0.00046874998952262104,-0.39990234375,5.859374869032763e-05,-0.03195800632238388,0.020546874031424522,-3.0,0.0,-0.3199687499989523,0.0,-0.04200390428304673,-0.0,0.04539624999987427,0.0002633150143083185,0.1,0.3106907308101654,3.141592653589793,-3.140516519546509,0.0,0.0,0.0,-0.0
8.573160409927368,-23.2979679107666,-0.00046874998952262104,-0.39990234375,5.859374869032763e-05,-0.03195800632238388,0.020546874031424522,-3.0,0.0,-0.3199687499989523,0.0,-0.04200390428304673,-0.0,0.04539624999987427,0.0002633150143083185,0.1,0.3106907308101654,3.141592653589793,-3.140516519546509,0.0,0.0,0.0,-0.0
8.577865839004517,-23.2979679107666,-0.00046874998952262104,-0.39990234375,5.859374869032763e-05,-0.03195800632238388,0.020546874031424522,-3.0,0.0,-0.3199687499989523,0.0,-0.04200390428304673,-0.0,0.04539624999987427,0.0002633150143083185,0.1,0.3106907308101654,3.141592653589793,-3.140516519546509,0.0,0.0,0.0,-0.0
8.58272671699524,-23.2979679107666,-0.00046874998952262104,-0.39990234375,5.859374869032763e-05,-0.03195800632238388,0.020546874031424522,-3.0,0.0,-0.3199687499989523,0.0,-0.04200390428304673,-0.0,0.04539624999987427,0.0002633150143083185,0.1,0.3106907308101654,3.141592653589793,-3.140516519546509,0.0,0.0,0.0,-0.0
8.587048053741455,-23.2979679107666,-0.00046874998952262104,-0.39990234375,5.859374869032763e-05,-0.03195800632238388,0.020546874031424522,-3.0,0.0,-0.3199687499989523,0.0,-0.04200390428304673,-0.0,0.04539624999987427,0.0002633150143083185,0.1,0.3106907308101654,3.141592653589793,-3.140516519546509,0.0,0.0,0.0,-0.0
8.591760873794556,-23.2979679107666,-0.00046874998952262104,-0.39990234375,5.859374869032763e-05,-0.03195800632238388,0.020546874031424522,-3.0,0.0,-0.3199687499989523,0.0,-0.04200390428304673,-0.0,0.04539624999987427,0.0002633150143083185,0.1,0.3106907308101654,3.141592653589793,-3.140516519546509,0.0,0.0,0.0,-0.0
8.596580505371094,-23.2979679107666,-0.00046874998952262104,-0.39990234375,5.859374869032763e-05,-0.03195800632238388,0.020546874031424522,-3.0,0.0,-0.3199687499989523,0.0,-0.04200390428304673,-0.0,0.04539624999987427,0.0002633150143083185,0.1,0.3106907308101654,3.141592653589793,-3.140516519546509,0.0,0.0,0.0,-0.0
8.600985288619995,-23.2979679107666,-0.00046874998952262104,-0.39990234375,5.859374869032763e-05,-0.03195800632238388,0.020546874031424522,-3.0,0.0,-0.3199687499989523,0.0,-0.04200390428304673,-0.0,0.04539624999987427,0.0002633150143083185,0.1,0.3106907308101654,3.141592653589793,-3.140516519546509,0.0,0.0,0.0,-0.0
8.60570216178894,-23.2979679107666,-0.00046874998952262104,-0.39990234375,5.859374869032763e-05,-0.03195800632238388,0.020546874031424522,-3.0,0.0,-0.3199687499989523,0.0,-0.04200390428304673,-0.0,0.04539624999987427,0.0002633150143083185,0.1,0.3106907308101654,3.141592653589793,-3.140516519546509,0.0,0.0,0.0,-0.0
8.610389709472656,-23.2979679107666,-0.00046874998952262104,-0.39990234375,5.859374869032763e-05,-0.03195800632238388,0.020546874031424522,-3.0,0.0,-0.3199687499989523,0.0,-0.04200390428304673,-0.0,0.04539624999987427,0.0002633150143083185,0.1,0.3106907308101654,3.141592653589793,-3.140516519546509,0.0,0.0,0.0,-0.0
8.614996671676636,-23.2979679107666,-0.00046874998952262104,-0.39990234375,5.859374869032763e-05,-0.03195800632238388,0.020546874031424522,-3.0,0.0,-0.3199687499989523,0.0,-0.04200390428304673,-0.0,0.04539624999987427,0.0002633150143083185,0.1,0.3106907308101654,3.141592653589793,-3.140516519546509,0.0,0.0,0.0,-0.0
8.619353771209717,-23.2979679107666,-0.00046874998952262104,-0.39990234375,5.859374869032763e-05,-0.03195800632238388,0.020546874031424522,-3.0,0.0,-0.3199687499989523,0.0,-0.04200390428304673,-0.0,0.04539624999987427,0.0002633150143083185,0.1,0.3106907308101654,3.141592653589793,-3.140516519546509,0.0,0.0,0.0,-0.0
8.623991250991821,-23.2979679107666,-0.00046874998952262104,-0.39990234375,5.859374869032763e-05,-0.03195800632238388,0.020546874031424522,-3.0,0.0,-0.3199687499989523,0.0,-0.04200390428304673,-0.0,0.04539624999987427,0.0002633150143083185,0.1,0.3106907308101654,3.141592653589793,-3.140516519546509,0.0,0.0,0.0,-0.0
8.628637075424194,-23.2979679107666,-0.00046874998952262104,-0.39990234375,5.859374869032763e-05,-0.03195800632238388,0.020546874031424522,-3.0,0.0,-0.3199687499989523,0.0,-0.04200390428304673,-0.0,0.04539624999987427,0.0002633150143083185,0.1,0.3106907308101654,3.141592653589793,-3.140516519546509,0.0,0.0,0.0,-0.0
8.633429765701294,-23.2979679107666,-0.00046874998952262104,-0.39990234375,5.859374869032763e-05,-0.03195800632238388,0.020546874031424522,-3.0,0.0,-0.3199687499989523,0.0,-0.04200390428304673,-0.0,0.04539624999987427,0.0002633150143083185,0.1,0.3106907308101654,3.141592653589793,-3.140516519546509,0.0,0.0,0.0,-0.0
8.638071060180664,-23.2979679107666,-0.00046874998952262104,-0.39990234375,5.859374869032763e-05,-0.03195800632238388,0.020546874031424522,-3.0,0.0,-0.3199687499989523,0.0,-0.04200390428304673,-0.0,0.04539624999987427,0.0002633150143083185,0.1,0.3106907308101654,3.141592653589793,-3.140516519546509,0.0,0.0,0.0,-0.0
8.642453670501709,-23.2979679107666,-0.00046874998952262104,-0.39990234375,5.859374869032763e-05,-0.03195800632238388,0.020546874031424522,-3.0,0.0,-0.3199687499989523,0.0,-0.04200390428304673,-0.0,0.04539624999987427,0.0002633150143083185,0.1,0.3106907308101654,3.141592653589793,-3.140516519546509,0.0,0.0,0.0,-0.0
8.647167921066284,-23.2979679107666,-0.00046874998952262104,-0.39990234375,5.859374869032763e-05,-0.03195800632238388,0.020546874031424522,-3.0,0.0,-0.3199687499989523,0.0,-0.04200390428304673,-0.0,0.04539624999987427,0.0002633150143083185,0.1,0.3106907308101654,3.141592653589793,-3.140516519546509,0.0,0.0,0.0,-0.0
8.651777505874634,-23.2979679107666,-0.00046874998952262104,-0.39990234375,5.859374869032763e-05,-0.03195800632238388,0.020546874031424522,-3.0,0.0,-0.3199687499989523,0.0,-0.04200390428304673,-0.0,0.04539624999987427,0.0002633150143083185,0.1,0.3106907308101654,3.141592653589793,-3.140516519546509,0.0,0.0,0.0,-0.0
8.656205892562866,-23.2979679107666,-0.00046874998952262104,-0.39990234375,5.859374869032763e-05,-0.03195800632238388,0.020546874031424522,-3.0,0.0,-0.3199687499989523,0.0,-0.04200390428304673,-0.0,0.04539624999987427,0.0002633150143083185,0.1,0.3106907308101654,3.141592653589793,-3.140516519546509,0.0,0.0,0.0,-0.0
8.660796165466309,-23.2979679107666,-0.00046874998952262104,-0.39990234375,5.859374869032763e-05,-0.03195800632238388,0.020546874031424522,-3.0,0.0,-0.3199687499989523,0.0,-0.04200390428304673,-0.0,0.04539624999987427,0.0002633150143083185,0.1,0.3106907308101654,3.141592653589793,-3.140516519546509,0.0,0.0,0.0,-0.0
8.665240049362183,-23.2979679107666,-0.00046874998952262104,-0.39990234375,5.859374869032763e-05,-0.03195800632238388,0.020546874031424522,-3.0,0.0,-0.3199687499989523,0.0,-0.04200390428304673,-0.0,0.04539624999987427,0.0002633150143083185,0.1,0.3106907308101654,3.141592653589793,-3.140516519546509,0.0,0.0,0.0,-0.0
8.670040369033813,-23.2979679107666,-0.00046874998952262104,-0.39990234375,5.859374869032763e-05,-0.03195800632238388,0.020546874031424522,-3.0,0.0,-0.3199687499989523,0.0,-0.04200390428304673,-0.0,0.04539624999987427,0.0002633150143083185,0.1,0.3106907308101654,3.141592653589793,-3.140516519546509,0.0,0.0,0.0,-0.0
8.67472243309021,-23.2979679107666,-0.00046874998952262104,-0.39990234375,5.859374869032763e-05,-0.03195800632238388,0.020546874031424522,-3.0,0.0,-0.3199687499989523,0.0,-0.04200390428304673,-0.0,0.04539624999987427,0.0002633150143083185,0.1,0.3106907308101654,3.141592653589793,-3.140516519546509,0.0,0.0,0.0,-0.0
8.679250955581665,-23.2979679107666,-0.00046874998952262104,-0.39990234375,5.859374869032763e-05,-0.03195800632238388,0.020546874031424522,-3.0,0.0,-0.3199687499989523,0.0,-0.04200390428304673,-0.0,0.04539624999987427,0.0002633150143083185,0.1,0.3106907308101654,3.141592653589793,-3.140516519546509,0.0,0.0,0.0,-0.0
8.684003829956055,-23.2979679107666,-0.00046874998952262104,-0.39990234375,5.859374869032763e-05,-0.03195800632238388,0.020546874031424522,-3.0,0.0,-0.3199687499989523,0.0,-0.04200390428304673,-0.0,0.04539624999987427,0.0002633150143083185,0.1,0.3106907308101654,3.141592653589793,-3.140516519546509,0.0,0.0,0.0,-0.0
8.688302993774414,-23.2979679107666,-0.00046874998952262104,-0.39990234375,5.859374869032763e-05,-0.03195800632238388,0.020546874031424522,-3.0,0.0,-0.3199687499989523,0.0,-0.04200390428304673,-0.0,0.04539624999987427,0.0002633150143083185,0.1,0.3106907308101654,3.141592653589793,-3.140516519546509,0.0,0.0,0.0,-0.0
8.692961931228638,-23.2979679107666,-0.00046874998952262104,-0.39990234375,5.859374869032763e-05,-0.03195800632238388,0.020546874031424522,-3.0,0.0,-0.3199687499989523,0.0,-0.04200390428304673,-0.0,0.04539624999987427,0.0002633150143083185,0.1,0.3106907308101654,3.141592653589793,-3.140516519546509,0.0,0.0,0.0,-0.0
8.697744369506836,-23.2979679107666,-0.00046874998952262104,-0.39990234375,5.859374869032763e-05,-0.03195800632238388,0.020546874031424522,-3.0,0.0,-0.3199687499989523,0.0,-0.04200390428304673,-0.0,0.04539624999987427,0.0002633150143083185,0.1,0.3106907308101654,3.141592653589793,-3.140516519546509,0.0,0.0,0.0,-0.0
8.702489852905273,-23.2979679107666,-0.00046874998952262104,-0.39990234375,5.859374869032763e-05,-0.03195800632238388,0.020546874031424522,-3.0,0.0,-0.3199687499989523,0.0,-0.04200390428304673,-0.0,0.04539624999987427,0.0002633150143083185,0.1,0.3106907308101654,3.141592653589793,-3.140516519546509,0.0,0.0,0.0,-0.0
8.707529783248901,-23.2979679107666,-0.00046874998952262104,-0.39990234375,5.859374869032763e-05,-0.03195800632238388,0.020546874031424522,-3.0,0.0,-0.3199687499989523,0.0,-0.04200390428304673,-0.0,0.04539624999987427,0.0002633150143083185,0.1,0.3106907308101654,3.141592653589793,-3.140516519546509,0.0,0.0,0.0,-0.0
8.712527990341187,-23.2979679107666,-0.00046874998952262104,-0.39990234375,5.859374869032763e-05,-0.03195800632238388,0.020546874031424522,-3.0,0.0,-0.3199687499989523,0.0,-0.04200390428304673,-0.0,0.04539624999987427,0.0002633150143083185,0.1,0.3106907308101654,3.141592653589793,-3.140516519546509,0.0,0.0,0.0,-0.0
8.716967821121216,-23.2979679107666,-0.00046874998952262104,-0.39990234375,5.859374869032763e-05,-0.03195800632238388,0.020546874031424522,-3.0,0.0,-0.3199687499989523,0.0,-0.04200390428304673,-0.0,0.04539624999987427,0.0002633150143083185,0.1,0.3106907308101654,3.141592653589793,-3.140516519546509,0.0,0.0,0.0,-0.0
8.721320629119873,-23.2979679107666,-0.00046874998952262104,-0.39990234375,5.859374869032763e-05,-0.03195800632238388,0.020546874031424522,-3.0,0.0,-0.3199687499989523,0.0,-0.04200390428304673,-0.0,0.04539624999987427,0.0002633150143083185,0.1,0.3106907308101654,3.141592653589793,-3.140516519546509,0.0,0.0,0.0,-0.0
8.725939750671387,-23.2979679107666,-0.00046874998952262104,-0.39990234375,5.859374869032763e-05,-0.03195800632238388,0.020546874031424522,-3.0,0.0,-0.3199687499989523,0.0,-0.04200390428304673,-0.0,0.04539624999987427,0.0002633150143083185,0.1,0.3106907308101654,3.141592653589793,-3.140516519546509,0.0,0.0,0.0,-0.0
8.730782508850098,-23.2979679107666,-0.00046874998952262104,-0.39990234375,5.859374869032763e-05,-0.03195800632238388,0.020546874031424522,-3.0,0.0,-0.3199687499989523,0.0,-0.04200390428304673,-0.0,0.04539624999987427,0.0002633150143083185,0.1,0.3106907308101654,3.141592653589793,-3.140516519546509,0.0,0.0,0.0,-0.0
8.735114812850952,-23.2979679107666,-0.00046874998952262104,-0.39990234375,5.859374869032763e-05,-0.03195800632238388,0.020546874031424522,-3.0,0.0,-0.3199687499989523,0.0,-0.04200390428304673,-0.0,0.04539624999987427,0.0002633150143083185,0.1,0.3106907308101654,3.141592653589793,-3.140516519546509,0.0,0.0,0.0,-0.0
8.739749431610107,-23.2979679107666,-0.00046874998952262104,-0.39990234375,5.859374869032763e-05,-0.03195800632238388,0.020546874031424522,-3.0,0.0,-0.3199687499989523,0.0,-0.04200390428304673,-0.0,0.04539624999987427,0.0002633150143083185,0.1,0.3106907308101654,3.141592653589793,-3.140516519546509,0.0,0.0,0.0,-0.0
8.744407653808594,-23.2979679107666,-0.00046874998952262104,-0.39990234375,5.859374869032763e-05,-0.03195800632238388,0.020546874031424522,-3.0,0.0,-0.3199687499989523,0.0,-0.04200390428304673,-0.0,0.04539624999987427,0.0002633150143083185,0.1,0.3106907308101654,3.141592653589793,-3.140516519546509,0.0,0.0,0.0,-0.0
8.748931884765625,-23.2979679107666,-0.00046874998952262104,-0.39990234375,5.859374869032763e-05,-0.03195800632238388,0.020546874031424522,-3.0,0.0,-0.3199687499989523,0.0,-0.04200390428304673,-0.0,0.04539624999987427,0.0002633150143083185,0.1,0.3106907308101654,3.141592653589793,-3.140516519546509,0.0,0.0,0.0,-0.0
8.753445386886597,-23.2979679107666,-0.00046874998952262104,-0.39990234375,5.859374869032763e-05,-0.03195800632238388,0.020546874031424522,-3.0,0.0,-0.3199687499989523,0.0,-0.04200390428304673,-0.0,0.04539624999987427,0.0002633150143083185,0.1,0.3106907308101654,3.141592653589793,-3.140516519546509,0.0,0.0,0.0,-0.0
8.75809383392334,-23.2979679107666,-0.00046874998952262104,-0.39990234375,5.859374869032763e-05,-0.03195800632238388,0.020546874031424522,-3.0,0.0,-0.3199687499989523,0.0,-0.04200390428304673,-0.0,0.04539624999987427,0.0002633150143083185,0.1,0.3106907308101654,3.141592653589793,-3.140516519546509,0.0,0.0,0.0,-0.0
8.762739896774292,-23.2979679107666,-0.00046874998952262104,-0.39990234375,5.859374869032763e-05,-0.03195800632238388,0.020546874031424522,-3.0,0.0,-0.3199687499989523,0.0,-0.04200390428304673,-0.0,0.04539624999987427,0.0002633150143083185,0.1,0.3106907308101654,3.141592653589793,-3.140516519546509,0.0,0.0,0.0,-0.0
8.767178535461426,-23.2979679107666,-0.00046874998952262104,-0.39990234375,5.859374869032763e-05,-0.03195800632238388,0.020546874031424522,-3.0,0.0,-0.3199687499989523,0.0,-0.04200390428304673,-0.0,0.04539624999987427,0.0002633150143083185,0.1,0.3106907308101654,3.141592653589793,-3.140516519546509,0.0,0.0,0.0,-0.0
8.771933794021606,-23.2979679107666,-0.00046874998952262104,-0.39990234375,5.859374869032763e-05,-0.03195800632238388,0.020546874031424522,-3.0,0.0,-0.3199687499989523,0.0,-0.04200390428304673,-0.0,0.04539624999987427,0.0002633150143083185,0.1,0.3106907308101654,3.141592653589793,-3.140516519546509,0.0,0.0,0.0,-0.0
8.776739835739136,-23.2979679107666,-0.00046874998952262104,-0.39990234375,5.859374869032763e-05,-0.03195800632238388,0.020546874031424522,-3.0,0.0,-0.3199687499989523,0.0,-0.04200390428304673,-0.0,0.04539624999987427,0.0002633150143083185,0.1,0.3106907308101654,3.141592653589793,-3.140516519546509,0.0,0.0,0.0,-0.0
8.781281471252441,-23.2979679107666,-0.00046874998952262104,-0.39990234375,5.859374869032763e-05,-0.03195800632238388,0.020546874031424522,-3.0,0.0,-0.3199687499989523,0.0,-0.04200390428304673,-0.0,0.04539624999987427,0.0002633150143083185,0.1,0.3106907308101654,3.141592653589793,-3.140516519546509,0.0,0.0,0.0,-0.0
8.785762786865234,-23.2979679107666,-0.00046874998952262104,-0.39990234375,5.859374869032763e-05,-0.03195800632238388,0.020546874031424522,-3.0,0.0,-0.3199687499989523,0.0,-0.04200390428304673,-0.0,0.04539624999987427,0.0002633150143083185,0.1,0.3106907308101654,3.141592653589793,-3.140516519546509,0.0,0.0,0.0,-0.0
8.790296077728271,-23.2979679107666,-0.00046874998952262104,-0.39990234375,5.859374869032763e-05,-0.03195800632238388,0.020546874031424522,-3.0,0.0,-0.3199687499989523,0.0,-0.04200390428304673,-0.0,0.04539624999987427,0.0002633150143083185,0.1,0.3106907308101654,3.141592653589793,-3.140516519546509,0.0,0.0,0.0,-0.0
8.794800043106079,-23.2979679107666,-0.00046874998952262104,-0.39990234375,5.859374869032763e-05,-0.03195800632238388,0.020546874031424522,-3.0,0.0,-0.3199687499989523,0.0,-0.04200390428304673,-0.0,0.04539624999987427,0.0002633150143083185,0.1,0.3106907308101654,3.141592653589793,-3.140516519546509,0.0,0.0,0.0,-0.0
8.799127578735352,-23.2979679107666,-0.00046874998952262104,-0.39990234375,5.859374869032763e-05,-0.03195800632238388,0.020546874031424522,-3.0,0.0,-0.3199687499989523,0.0,-0.04200390428304673,-0.0,0.04539624999987427,0.0002633150143083185,0.1,0.3106907308101654,3.141592653589793,-3.140516519546509,0.0,0.0,0.0,-0.0
8.803865909576416,-23.2979679107666,-0.00046874998952262104,-0.39990234375,5.859374869032763e-05,-0.03195800632238388,0.020546874031424522,-3.0,0.0,-0.3199687499989523,0.0,-0.04200390428304673,-0.0,0.04539624999987427,0.0002633150143083185,0.1,0.3106907308101654,3.141592653589793,-3.140516519546509,0.0,0.0,0.0,-0.0
8.808552503585815,-23.2979679107666,-0.00046874998952262104,-0.39990234375,5.859374869032763e-05,-0.03195800632238388,0.020546874031424522,-3.0,0.0,-0.3199687499989523,0.0,-0.04200390428304673,-0.0,0.04539624999987427,0.0002633150143083185,0.1,0.3106907308101654,3.141592653589793,-3.140516519546509,0.0,0.0,0.0,-0.0
8.813255786895752,-23.2979679107666,-0.00046874998952262104,-0.39990234375,5.859374869032763e-05,-0.03195800632238388,0.020546874031424522,-3.0,0.0,-0.3199687499989523,0.0,-0.04200390428304673,-0.0,0.04539624999987427,0.0002633150143083185,0.1,0.3106907308101654,3.141592653589793,-3.140516519546509,0.0,0.0,0.0,-0.0
8.817839622497559,-23.2979679107666,-0.00046874998952262104,-0.39990234375,5.859374869032763e-05,-0.03195800632238388,0.020546874031424522,-3.0,0.0,-0.3199687499989523,0.0,-0.04200390428304673,-0.0,0.04539624999987427,0.0002633150143083185,0.1,0.3106907308101654,3.141592653589793,-3.140516519546509,0.0,0.0,0.0,-0.0
8.822166681289673,-23.2979679107666,-0.00046874998952262104,-0.39990234375,5.859374869032763e-05,-0.03195800632238388,0.020546874031424522,-3.0,0.0,-0.3199687499989523,0.0,-0.04200390428304673,-0.0,0.04539624999987427,0.0002633150143083185,0.1,0.3106907308101654,3.141592653589793,-3.140516519546509,0.0,0.0,0.0,-0.0
8.826927423477173,-23.2979679107666,-0.00046874998952262104,-0.39990234375,5.859374869032763e-05,-0.03195800632238388,0.020546874031424522,-3.0,0.0,-0.3199687499989523,0.0,-0.04200390428304673,-0.0,0.04539624999987427,0.0002633150143083185,0.1,0.3106907308101654,3.141592653589793,-3.140516519546509,0.0,0.0,0.0,-0.0
8.831408023834229,-23.2979679107666,-0.00046874998952262104,-0.39990234375,5.859374869032763e-05,-0.03195800632238388,0.020546874031424522,-3.0,0.0,-0.3199687499989523,0.0,-0.04200390428304673,-0.0,0.04539624999987427,0.0002633150143083185,0.1,0.3106907308101654,3.141592653589793,-3.140516519546509,0.0,0.0,0.0,-0.0
8.8363356590271,-23.2979679107666,-0.00046874998952262104,-0.39990234375,5.859374869032763e-05,-0.03195800632238388,0.020546874031424522,-3.0,0.0,-0.3199687499989523,0.0,-0.04200390428304673,-0.0,0.04539624999987427,0.0002633150143083185,0.1,0.3106907308101654,3.141592653589793,-3.140516519546509,0.0,0.0,0.0,-0.0
8.841326713562012,-23.2979679107666,-0.00046874998952262104,-0.39990234375,5.859374869032763e-05,-0.03195800632238388,0.020546874031424522,-3.0,0.0,-0.3199687499989523,0.0,-0.04200390428304673,-0.0,0.04539624999987427,0.0002633150143083185,0.1,0.3106907308101654,3.141592653589793,-3.140516519546509,0.0,0.0,0.0,-0.0
8.846008062362671,-23.2979679107666,-0.00046874998952262104,-0.39990234375,5.859374869032763e-05,-0.03195800632238388,0.020546874031424522,-3.0,0.0,-0.3199687499989523,0.0,-0.04200390428304673,-0.0,0.04539624999987427,0.0002633150143083185,0.1,0.3106907308101654,3.141592653589793,-3.140516519546509,0.0,0.0,0.0,-0.0
8.85075831413269,-23.2979679107666,-0.00046874998952262104,-0.39990234375,5.859374869032763e-05,-0.03195800632238388,0.020546874031424522,-3.0,0.0,-0.3199687499989523,0.0,-0.04200390428304673,-0.0,0.04539624999987427,0.0002633150143083185,0.1,0.3106907308101654,3.141592653589793,-3.140516519546509,0.0,0.0,0.0,-0.0
8.8554208278656,-23.2979679107666,-0.00046874998952262104,-0.39990234375,5.859374869032763e-05,-0.03195800632238388,0.020546874031424522,-3.0,0.0,-0.3199687499989523,0.0,-0.04200390428304673,-0.0,0.04539624999987427,0.0002633150143083185,0.1,0.3106907308101654,3.141592653589793,-3.140516519546509,0.0,0.0,0.0,-0.0
8.860849142074585,-23.2979679107666,-0.00046874998952262104,-0.39990234375,5.859374869032763e-05,-0.03195800632238388,0.020546874031424522,-3.0,0.0,-0.3199687499989523,0.0,-0.04200390428304673,-0.0,0.04539624999987427,0.0002633150143083185,0.1,0.3106907308101654,3.141592653589793,-3.140516519546509,0.0,0.0,0.0,-0.0
8.865536212921143,-23.2979679107666,-0.00046874998952262104,-0.39990234375,5.859374869032763e-05,-0.03195800632238388,0.020546874031424522,-3.0,0.0,-0.3199687499989523,0.0,-0.04200390428304673,-0.0,0.04539624999987427,0.0002633150143083185,0.1,0.3106907308101654,3.141592653589793,-3.140516519546509,0.0,0.0,0.0,-0.0
8.870086193084717,-23.2979679107666,-0.00046874998952262104,-0.39990234375,5.859374869032763e-05,-0.03195800632238388,0.020546874031424522,-3.0,0.0,-0.3199687499989523,0.0,-0.04200390428304673,-0.0,0.04539624999987427,0.0002633150143083185,0.1,0.3106907308101654,3.141592653589793,-3.140516519546509,0.0,0.0,0.0,-0.0
8.888706922531128,-23.2979679107666,-0.00046874998952262104,-0.39990234375,5.859374869032763e-05,-0.03195800632238388,0.020546874031424522,-3.0,0.0,-0.3199687499989523,0.0,-0.04200390428304673,-0.0,0.04539624999987427,0.0002633150143083185,0.1,0.3106907308101654,3.141592653589793,-3.140516519546509,0.0,0.0,0.0,-0.0
8.893422842025757,-23.2979679107666,-0.00046874998952262104,-0.39990234375,5.859374869032763e-05,-0.03195800632238388,0.020546874031424522,-3.0,0.0,-0.3199687499989523,0.0,-0.04200390428304673,-0.0,0.04539624999987427,0.0002633150143083185,0.1,0.3106907308101654,3.141592653589793,-3.140516519546509,0.0,0.0,0.0,-0.0
8.897979259490967,-23.2979679107666,-0.00046874998952262104,-0.39990234375,5.859374869032763e-05,-0.03195800632238388,0.020546874031424522,-3.0,0.0,-0.3199687499989523,0.0,-0.04200390428304673,-0.0,0.04539624999987427,0.0002633150143083185,0.1,0.3106907308101654,3.141592653589793,-3.140516519546509,0.0,0.0,0.0,-0.0
8.902611017227173,-23.2979679107666,-0.00046874998952262104,-0.39990234375,5.859374869032763e-05,-0.03195800632238388,0.020546874031424522,-3.0,0.0,-0.3199687499989523,0.0,-0.04200390428304673,-0.0,0.04539624999987427,0.0002633150143083185,0.1,0.3106907308101654,3.141592653589793,-3.140516519546509,0.0,0.0,0.0,-0.0
8.907288312911987,-23.2979679107666,-0.00046874998952262104,-0.39990234375,5.859374869032763e-05,-0.03195800632238388,0.020546874031424522,-3.0,0.0,-0.3199687499989523,0.0,-0.04200390428304673,-0.0,0.04539624999987427,0.0002633150143083185,0.1,0.3106907308101654,3.141592653589793,-3.140516519546509,0.0,0.0,0.0,-0.0
8.912137269973755,-23.2979679107666,-0.00046874998952262104,-0.39990234375,5.859374869032763e-05,-0.03195800632238388,0.020546874031424522,-3.0,0.0,-0.3199687499989523,0.0,-0.04200390428304673,-0.0,0.04539624999987427,0.0002633150143083185,0.1,0.3106907308101654,3.141592653589793,-3.140516519546509,0.0,0.0,0.0,-0.0
8.916663408279419,-23.2979679107666,-0.00046874998952262104,-0.39990234375,5.859374869032763e-05,-0.03195800632238388,0.020546874031424522,-3.0,0.0,-0.3199687499989523,0.0,-0.04200390428304673,-0.0,0.04539624999987427,0.0002633150143083185,0.1,0.3106907308101654,3.141592653589793,-3.140516519546509,0.0,0.0,0.0,-0.0
8.920989990234375,-23.2979679107666,-0.00046874998952262104,-0.39990234375,5.859374869032763e-05,-0.03195800632238388,0.020546874031424522,-3.0,0.0,-0.3199687499989523,0.0,-0.04200390428304673,-0.0,0.04539624999987427,0.0002633150143083185,0.1,0.3106907308101654,3.141592653589793,-3.140516519546509,0.0,0.0,0.0,-0.0
8.925755500793457,-23.2979679107666,-0.00046874998952262104,-0.39990234375,5.859374869032763e-05,-0.03195800632238388,0.020546874031424522,-3.0,0.0,-0.3199687499989523,0.0,-0.04200390428304673,-0.0,0.04539624999987427,0.0002633150143083185,0.1,0.3106907308101654,3.141592653589793,-3.140516519546509,0.0,0.0,0.0,-0.0
8.930473327636719,-23.2979679107666,-0.00046874998952262104,-0.39990234375,5.859374869032763e-05,-0.03195800632238388,0.020546874031424522,-3.0,0.0,-0.3199687499989523,0.0,-0.04200390428304673,-0.0,0.04539624999987427,0.0002633150143083185,0.1,0.3106907308101654,3.141592653589793,-3.140516519546509,0.0,0.0,0.0,-0.0
8.935203790664673,-23.2979679107666,-0.00046874998952262104,-0.39990234375,5.859374869032763e-05,-0.03195800632238388,0.020546874031424522,-3.0,0.0,-0.3199687499989523,0.0,-0.04200390428304673,-0.0,0.04539624999987427,0.0002633150143083185,0.1,0.3106907308101654,3.141592653589793,-3.140516519546509,0.0,0.0,0.0,-0.0
8.93979787826538,-23.2979679107666,-0.00046874998952262104,-0.39990234375,5.859374869032763e-05,-0.03195800632238388,0.020546874031424522,-3.0,0.0,-0.3199687499989523,0.0,-0.04200390428304673,-0.0,0.04539624999987427,0.0002633150143083185,0.1,0.3106907308101654,3.141592653589793,-3.140516519546509,0.0,0.0,0.0,-0.0
8.944485664367676,-23.2979679107666,-0.00046874998952262104,-0.39990234375,5.859374869032763e-05,-0.03195800632238388,0.020546874031424522,-3.0,0.0,-0.3199687499989523,0.0,-0.04200390428304673,-0.0,0.04539624999987427,0.0002633150143083185,0.1,0.3106907308101654,3.141592653589793,-3.140516519546509,0.0,0.0,0.0,-0.0
8.949384927749634,-23.2979679107666,-0.00046874998952262104,-0.39990234375,5.859374869032763e-05,-0.03195800632238388,0.020546874031424522,-3.0,0.0,-0.3199687499989523,0.0,-0.04200390428304673,-0.0,0.04539624999987427,0.0002633150143083185,0.1,0.3106907308101654,3.141592653589793,-3.140516519546509,0.0,0.0,0.0,-0.0
8.954023599624634,-23.2979679107666,-0.00046874998952262104,-0.39990234375,5.859374869032763e-05,-0.03195800632238388,0.020546874031424522,-3.0,0.0,-0.3199687499989523,0.0,-0.04200390428304673,-0.0,0.04539624999987427,0.0002633150143083185,0.1,0.3106907308101654,3.141592653589793,-3.140516519546509,0.0,0.0,0.0,-0.0
8.95888352394104,-23.2979679107666,-0.00046874998952262104,-0.39990234375,5.859374869032763e-05,-0.03195800632238388,0.020546874031424522,-3.0,0.0,-0.3199687499989523,0.0,-0.04200390428304673,-0.0,0.04539624999987427,0.0002633150143083185,0.1,0.3106907308101654,3.141592653589793,-3.140516519546509,0.0,0.0,0.0,-0.0
8.963644027709961,-23.2979679107666,-0.00046874998952262104,-0.39990234375,5.859374869032763e-05,-0.03195800632238388,0.020546874031424522,-3.0,0.0,-0.3199687499989523,0.0,-0.04200390428304673,-0.0,0.04539624999987427,0.0002633150143083185,0.1,0.3106907308101654,3.141592653589793,-3.140516519546509,0.0,0.0,0.0,-0.0
8.968356847763062,-23.2979679107666,-0.00046874998952262104,-0.39990234375,5.859374869032763e-05,-0.03195800632238388,0.020546874031424522,-3.0,0.0,-0.3199687499989523,0.0,-0.04200390428304673,-0.0,0.04539624999987427,0.0002633150143083185,0.1,0.3106907308101654,3.141592653589793,-3.140516519546509,0.0,0.0,0.0,-0.0
8.972821712493896,-23.2979679107666,-0.00046874998952262104,-0.39990234375,5.859374869032763e-05,-0.03195800632238388,0.020546874031424522,-3.0,0.0,-0.3199687499989523,0.0,-0.04200390428304673,-0.0,0.04539624999987427,0.0002633150143083185,0.1,0.3106907308101654,3.141592653589793,-3.140516519546509,0.0,0.0,0.0,-0.0
8.978719711303711,-23.2979679107666,-0.00046874998952262104,-0.39990234375,5.859374869032763e-05,-0.03195800632238388,0.020546874031424522,-3.0,0.0,-0.3199687499989523,0.0,-0.04200390428304673,-0.0,0.04539624999987427,0.0002633150143083185,0.1,0.3106907308101654,3.141592653589793,-3.140516519546509,0.0,0.0,0.0,-0.0
8.983317136764526,-23.2979679107666,-0.00046874998952262104,-0.39990234375,5.859374869032763e-05,-0.03195800632238388,0.020546874031424522,-3.0,0.0,-0.3199687499989523,0.0,-0.04200390428304673,-0.0,0.04539624999987427,0.0002633150143083185,0.1,0.3106907308101654,3.141592653589793,-3.140516519546509,0.0,0.0,0.0,-0.0
8.987957000732422,-23.2979679107666,-0.00046874998952262104,-0.39990234375,5.859374869032763e-05,-0.03195800632238388,0.020546874031424522,-3.0,0.0,-0.3199687499989523,0.0,-0.04200390428304673,-0.0,0.04539624999987427,0.0002633150143083185,0.1,0.3106907308101654,3.141592653589793,-3.140516519546509,0.0,0.0,0.0,-0.0
8.992681741714478,-23.2979679107666,-0.00046874998952262104,-0.39990234375,5.859374869032763e-05,-0.03195800632238388,0.020546874031424522,-3.0,0.0,-0.3199687499989523,0.0,-0.04200390428304673,-0.0,0.04539624999987427,0.0002633150143083185,0.1,0.3106907308101654,3.141592653589793,-3.140516519546509,0.0,0.0,0.0,-0.0
8.99752688407898,-23.2979679107666,-0.00046874998952262104,-0.39990234375,5.859374869032763e-05,-0.03195800632238388,0.020546874031424522,-3.0,0.0,-0.3199687499989523,0.0,-0.04200390428304673,-0.0,0.04539624999987427,0.0002633150143083185,0.1,0.3106907308101654,3.141592653589793,-3.140516519546509,0.0,0.0,0.0,-0.0
9.001970529556274,-23.2979679107666,-0.00046874998952262104,-0.39990234375,5.859374869032763e-05,-0.03195800632238388,0.020546874031424522,-3.0,0.0,-0.3199687499989523,0.0,-0.04200390428304673,-0.0,0.04539624999987427,0.0002633150143083185,0.1,0.3106907308101654,3.141592653589793,-3.140516519546509,0.0,0.0,0.0,-0.0
9.007072448730469,-23.2979679107666,-0.00046874998952262104,-0.39990234375,5.859374869032763e-05,-0.03195800632238388,0.020546874031424522,-3.0,0.0,-0.3199687499989523,0.0,-0.04200390428304673,-0.0,0.04539624999987427,0.0002633150143083185,0.1,0.3106907308101654,3.141592653589793,-3.140516519546509,0.0,0.0,0.0,-0.0
9.01179575920105,-23.2979679107666,-0.00046874998952262104,-0.39990234375,5.859374869032763e-05,-0.03195800632238388,0.020546874031424522,-3.0,0.0,-0.3199687499989523,0.0,-0.04200390428304673,-0.0,0.04539624999987427,0.0002633150143083185,0.1,0.3106907308101654,3.141592653589793,-3.140516519546509,0.0,0.0,0.0,-0.0
9.016663312911987,-23.2979679107666,-0.00046874998952262104,-0.39990234375,5.859374869032763e-05,-0.03195800632238388,0.020546874031424522,-3.0,0.0,-0.3199687499989523,0.0,-0.04200390428304673,-0.0,0.04539624999987427,0.0002633150143083185,0.1,0.3106907308101654,3.141592653589793,-3.140516519546509,0.0,0.0,0.0,-0.0
9.021231412887573,-23.2979679107666,-0.00046874998952262104,-0.39990234375,5.859374869032763e-05,-0.03195800632238388,0.020546874031424522,-3.0,0.0,-0.3199687499989523,0.0,-0.04200390428304673,-0.0,0.04539624999987427,0.0002633150143083185,0.1,0.3106907308101654,3.141592653589793,-3.140516519546509,0.0,0.0,0.0,-0.0
9.026041984558105,-23.2979679107666,-0.00046874998952262104,-0.39990234375,5.859374869032763e-05,-0.03195800632238388,0.020546874031424522,-3.0,0.0,-0.3199687499989523,0.0,-0.04200390428304673,-0.0,0.04539624999987427,0.0002633150143083185,0.1,0.3106907308101654,3.141592653589793,-3.140516519546509,0.0,0.0,0.0,-0.0
9.03071928024292,-23.2979679107666,-0.00046874998952262104,-0.39990234375,5.859374869032763e-05,-0.03195800632238388,0.020546874031424522,-3.0,0.0,-0.3199687499989523,0.0,-0.04200390428304673,-0.0,0.04539624999987427,0.0002633150143083185,0.1,0.3106907308101654,3.141592653589793,-3.140516519546509,0.0,0.0,0.0,-0.0
9.035209894180298,-23.2979679107666,-0.00046874998952262104,-0.39990234375,5.859374869032763e-05,-0.03195800632238388,0.020546874031424522,-3.0,0.0,-0.3199687499989523,0.0,-0.04200390428304673,-0.0,0.04539624999987427,0.0002633150143083185,0.1,0.3106907308101654,3.141592653589793,-3.140516519546509,0.0,0.0,0.0,-0.0
9.040400505065918,-23.2979679107666,-0.00046874998952262104,-0.39990234375,5.859374869032763e-05,-0.03195800632238388,0.020546874031424522,-3.0,0.0,-0.3199687499989523,0.0,-0.04200390428304673,-0.0,0.04539624999987427,0.0002633150143083185,0.1,0.3106907308101654,3.141592653589793,-3.140516519546509,0.0,0.0,0.0,-0.0
9.04551911354065,-23.2979679107666,-0.00046874998952262104,-0.39990234375,5.859374869032763e-05,-0.03195800632238388,0.020546874031424522,-3.0,0.0,-0.3199687499989523,0.0,-0.04200390428304673,-0.0,0.04539624999987427,0.0002633150143083185,0.1,0.3106907308101654,3.141592653589793,-3.140516519546509,0.0,0.0,0.0,-0.0
9.050214529037476,-23.2979679107666,-0.00046874998952262104,-0.39990234375,5.859374869032763e-05,-0.03195800632238388,0.020546874031424522,-3.0,0.0,-0.3199687499989523,0.0,-0.04200390428304673,-0.0,0.04539624999987427,0.0002633150143083185,0.1,0.3106907308101654,3.141592653589793,-3.140516519546509,0.0,0.0,0.0,-0.0
9.055093050003052,-23.2979679107666,-0.00046874998952262104,-0.39990234375,5.859374869032763e-05,-0.03195800632238388,0.020546874031424522,-3.0,0.0,-0.3199687499989523,0.0,-0.04200390428304673,-0.0,0.04539624999987427,0.0002633150143083185,0.1,0.3106907308101654,3.141592653589793,-3.140516519546509,0.0,0.0,0.0,-0.0
9.059808254241943,-23.2979679107666,-0.00046874998952262104,-0.39990234375,5.859374869032763e-05,-0.03195800632238388,0.020546874031424522,-3.0,0.0,-0.3199687499989523,0.0,-0.04200390428304673,-0.0,0.04539624999987427,0.0002633150143083185,0.1,0.3106907308101654,3.141592653589793,-3.140516519546509,0.0,0.0,0.0,-0.0
9.064236164093018,-23.2979679107666,-0.00046874998952262104,-0.39990234375,5.859374869032763e-05,-0.03195800632238388,0.020546874031424522,-3.0,0.0,-0.3199687499989523,0.0,-0.04200390428304673,-0.0,0.04539624999987427,0.0002633150143083185,0.1,0.3106907308101654,3.141592653589793,-3.140516519546509,0.0,0.0,0.0,-0.0
9.069000244140625,-23.2979679107666,-0.00046874998952262104,-0.39990234375,5.859374869032763e-05,-0.03195800632238388,0.020546874031424522,-3.0,0.0,-0.3199687499989523,0.0,-0.04200390428304673,-0.0,0.04539624999987427,0.0002633150143083185,0.1,0.3106907308101654,3.141592653589793,-3.140516519546509,0.0,0.0,0.0,-0.0
9.073792219161987,-23.2979679107666,-0.00046874998952262104,-0.39990234375,5.859374869032763e-05,-0.03195800632238388,0.020546874031424522,-3.0,0.0,-0.3199687499989523,0.0,-0.04200390428304673,-0.0,0.04539624999987427,0.0002633150143083185,0.1,0.3106907308101654,3.141592653589793,-3.140516519546509,0.0,0.0,0.0,-0.0
9.07852840423584,-23.2979679107666,-0.00046874998952262104,-0.39990234375,5.859374869032763e-05,-0.03195800632238388,0.020546874031424522,-3.0,0.0,-0.3199687499989523,0.0,-0.04200390428304673,-0.0,0.04539624999987427,0.0002633150143083185,0.1,0.3106907308101654,3.141592653589793,-3.140516519546509,0.0,0.0,0.0,-0.0
9.082945823669434,-23.2979679107666,-0.00046874998952262104,-0.39990234375,5.859374869032763e-05,-0.03195800632238388,0.020546874031424522,-3.0,0.0,-0.3199687499989523,0.0,-0.04200390428304673,-0.0,0.04539624999987427,0.0002633150143083185,0.1,0.3106907308101654,3.141592653589793,-3.140516519546509,0.0,0.0,0.0,-0.0
9.087356090545654,-23.2979679107666,-0.00046874998952262104,-0.39990234375,5.859374869032763e-05,-0.03195800632238388,0.020546874031424522,-3.0,0.0,-0.3199687499989523,0.0,-0.04200390428304673,-0.0,0.04539624999987427,0.0002633150143083185,0.1,0.3106907308101654,3.141592653589793,-3.140516519546509,0.0,0.0,0.0,-0.0
9.091729164123535,-23.2979679107666,-0.00046874998952262104,-0.39990234375,5.859374869032763e-05,-0.03195800632238388,0.020546874031424522,-3.0,0.0,-0.3199687499989523,0.0,-0.04200390428304673,-0.0,0.04539624999987427,0.0002633150143083185,0.1,0.3106907308101654,3.141592653589793,-3.140516519546509,0.0,0.0,0.0,-0.0
9.096449375152588,-23.2979679107666,-0.00046874998952262104,-0.39990234375,5.859374869032763e-05,-0.03195800632238388,0.020546874031424522,-3.0,0.0,-0.3199687499989523,0.0,-0.04200390428304673,-0.0,0.04539624999987427,0.0002633150143083185,0.1,0.3106907308101654,3.141592653589793,-3.140516519546509,0.0,0.0,0.0,-0.0
9.101175546646118,-23.2979679107666,-0.00046874998952262104,-0.39990234375,5.859374869032763e-05,-0.03195800632238388,0.020546874031424522,-3.0,0.0,-0.3199687499989523,0.0,-0.04200390428304673,-0.0,0.04539624999987427,0.0002633150143083185,0.1,0.3106907308101654,3.141592653589793,-3.140516519546509,0.0,0.0,0.0,-0.0
9.105795860290527,-23.2979679107666,-0.00046874998952262104,-0.39990234375,5.859374869032763e-05,-0.03195800632238388,0.020546874031424522,-3.0,0.0,-0.3199687499989523,0.0,-0.04200390428304673,-0.0,0.04539624999987427,0.0002633150143083185,0.1,0.3106907308101654,3.141592653589793,-3.140516519546509,0.0,0.0,0.0,-0.0
9.110469579696655,-23.2979679107666,-0.00046874998952262104,-0.39990234375,5.859374869032763e-05,-0.03195800632238388,0.020546874031424522,-3.0,0.0,-0.3199687499989523,0.0,-0.04200390428304673,-0.0,0.04539624999987427,0.0002633150143083185,0.1,0.3106907308101654,3.141592653589793,-3.140516519546509,0.0,0.0,0.0,-0.0
9.115139484405518,-23.2979679107666,-0.00046874998952262104,-0.39990234375,5.859374869032763e-05,-0.03195800632238388,0.020546874031424522,-3.0,0.0,-0.3199687499989523,0.0,-0.04200390428304673,-0.0,0.04539624999987427,0.0002633150143083185,0.1,0.3106907308101654,3.141592653589793,-3.140516519546509,0.0,0.0,0.0,-0.0
9.119545698165894,-23.2979679107666,-0.00046874998952262104,-0.39990234375,5.859374869032763e-05,-0.03195800632238388,0.020546874031424522,-3.0,0.0,-0.3199687499989523,0.0,-0.04200390428304673,-0.0,0.04539624999987427,0.0002633150143083185,0.1,0.3106907308101654,3.141592653589793,-3.140516519546509,0.0,0.0,0.0,-0.0
9.123832702636719,-23.2979679107666,-0.00046874998952262104,-0.39990234375,5.859374869032763e-05,-0.03195800632238388,0.020546874031424522,-3.0,0.0,-0.3199687499989523,0.0,-0.04200390428304673,-0.0,0.04539624999987427,0.0002633150143083185,0.1,0.3106907308101654,3.141592653589793,-3.140516519546509,0.0,0.0,0.0,-0.0
9.128594398498535,-23.2979679107666,-0.00046874998952262104,-0.39990234375,5.859374869032763e-05,-0.03195800632238388,0.020546874031424522,-3.0,0.0,-0.3199687499989523,0.0,-0.04200390428304673,-0.0,0.04539624999987427,0.0002633150143083185,0.1,0.3106907308101654,3.141592653589793,-3.140516519546509,0.0,0.0,0.0,-0.0
9.132951498031616,-23.2979679107666,-0.00046874998952262104,-0.39990234375,5.859374869032763e-05,-0.03195800632238388,0.020546874031424522,-3.0,0.0,-0.3199687499989523,0.0,-0.04200390428304673,-0.0,0.04539624999987427,0.0002633150143083185,0.1,0.3106907308101654,3.141592653589793,-3.140516519546509,0.0,0.0,0.0,-0.0
9.137862205505371,-23.2979679107666,-0.00046874998952262104,-0.39990234375,5.859374869032763e-05,-0.03195800632238388,0.020546874031424522,-3.0,0.0,-0.3199687499989523,0.0,-0.04200390428304673,-0.0,0.04539624999987427,0.0002633150143083185,0.1,0.3106907308101654,3.141592653589793,-3.140516519546509,0.0,0.0,0.0,-0.0
9.142539501190186,-23.2979679107666,-0.00046874998952262104,-0.39990234375,5.859374869032763e-05,-0.03195800632238388,0.020546874031424522,-3.0,0.0,-0.3199687499989523,0.0,-0.04200390428304673,-0.0,0.04539624999987427,0.0002633150143083185,0.1,0.3106907308101654,3.141592653589793,-3.140516519546509,0.0,0.0,0.0,-0.0
9.147199630737305,-23.2979679107666,-0.00046874998952262104,-0.39990234375,5.859374869032763e-05,-0.03195800632238388,0.020546874031424522,-3.0,0.0,-0.3199687499989523,0.0,-0.04200390428304673,-0.0,0.04539624999987427,0.0002633150143083185,0.1,0.3106907308101654,3.141592653589793,-3.140516519546509,0.0,0.0,0.0,-0.0
9.151612043380737,-23.2979679107666,-0.00046874998952262104,-0.39990234375,5.859374869032763e-05,-0.03195800632238388,0.020546874031424522,-3.0,0.0,-0.3199687499989523,0.0,-0.04200390428304673,-0.0,0.04539624999987427,0.0002633150143083185,0.1,0.3106907308101654,3.141592653589793,-3.140516519546509,0.0,0.0,0.0,-0.0
9.156209945678711,-23.2979679107666,-0.00046874998952262104,-0.39990234375,5.859374869032763e-05,-0.03195800632238388,0.020546874031424522,-3.0,0.0,-0.3199687499989523,0.0,-0.04200390428304673,-0.0,0.04539624999987427,0.0002633150143083185,0.1,0.3106907308101654,3.141592653589793,-3.140516519546509,0.0,0.0,0.0,-0.0
9.160655975341797,-23.2979679107666,-0.00046874998952262104,-0.39990234375,5.859374869032763e-05,-0.03195800632238388,0.020546874031424522,-3.0,0.0,-0.3199687499989523,0.0,-0.04200390428304673,-0.0,0.04539624999987427,0.0002633150143083185,0.1,0.3106907308101654,3.141592653589793,-3.140516519546509,0.0,0.0,0.0,-0.0
9.165263652801514,-23.2979679107666,-0.00046874998952262104,-0.39990234375,5.859374869032763e-05,-0.03195800632238388,0.020546874031424522,-3.0,0.0,-0.3199687499989523,0.0,-0.04200390428304673,-0.0,0.04539624999987427,0.0002633150143083185,0.1,0.3106907308101654,3.141592653589793,-3.140516519546509,0.0,0.0,0.0,-0.0
9.170188426971436,-23.2979679107666,-0.00046874998952262104,-0.39990234375,5.859374869032763e-05,-0.03195800632238388,0.020546874031424522,-3.0,0.0,-0.3199687499989523,0.0,-0.04200390428304673,-0.0,0.04539624999987427,0.0002633150143083185,0.1,0.3106907308101654,3.141592653589793,-3.140516519546509,0.0,0.0,0.0,-0.0
9.1747887134552,-23.2979679107666,-0.00046874998952262104,-0.39990234375,5.859374869032763e-05,-0.03195800632238388,0.020546874031424522,-3.0,0.0,-0.3199687499989523,0.0,-0.04200390428304673,-0.0,0.04539624999987427,0.0002633150143083185,0.1,0.3106907308101654,3.141592653589793,-3.140516519546509,0.0,0.0,0.0,-0.0
9.179587602615356,-23.2979679107666,-0.00046874998952262104,-0.39990234375,5.859374869032763e-05,-0.03195800632238388,0.020546874031424522,-3.0,0.0,-0.3199687499989523,0.0,-0.04200390428304673,-0.0,0.04539624999987427,0.0002633150143083185,0.1,0.3106907308101654,3.141592653589793,-3.140516519546509,0.0,0.0,0.0,-0.0
9.184278964996338,-23.2979679107666,-0.00046874998952262104,-0.39990234375,5.859374869032763e-05,-0.03195800632238388,0.020546874031424522,-3.0,0.0,-0.3199687499989523,0.0,-0.04200390428304673,-0.0,0.04539624999987427,0.0002633150143083185,0.1,0.3106907308101654,3.141592653589793,-3.140516519546509,0.0,0.0,0.0,-0.0
9.18914794921875,-23.2979679107666,-0.00046874998952262104,-0.39990234375,5.859374869032763e-05,-0.03195800632238388,0.020546874031424522,-3.0,0.0,-0.3199687499989523,0.0,-0.04200390428304673,-0.0,0.04539624999987427,0.0002633150143083185,0.1,0.3106907308101654,3.141592653589793,-3.140516519546509,0.0,0.0,0.0,-0.0
9.194490671157837,-23.2979679107666,-0.00046874998952262104,-0.39990234375,5.859374869032763e-05,-0.03195800632238388,0.020546874031424522,-3.0,0.0,-0.3199687499989523,0.0,-0.04200390428304673,-0.0,0.04539624999987427,0.0002633150143083185,0.1,0.3106907308101654,3.141592653589793,-3.140516519546509,0.0,0.0,0.0,-0.0
9.199329137802124,-23.2979679107666,-0.00046874998952262104,-0.39990234375,5.859374869032763e-05,-0.03195800632238388,0.020546874031424522,-3.0,0.0,-0.3199687499989523,0.0,-0.04200390428304673,-0.0,0.04539624999987427,0.0002633150143083185,0.1,0.3106907308101654,3.141592653589793,-3.140516519546509,0.0,0.0,0.0,-0.0
9.203665733337402,-23.2979679107666,-0.00046874998952262104,-0.39990234375,5.859374869032763e-05,-0.03195800632238388,0.020546874031424522,-3.0,0.0,-0.3199687499989523,0.0,-0.04200390428304673,-0.0,0.04539624999987427,0.0002633150143083185,0.1,0.3106907308101654,3.141592653589793,-3.140516519546509,0.0,0.0,0.0,-0.0
9.208004713058472,-23.2979679107666,-0.00046874998952262104,-0.39990234375,5.859374869032763e-05,-0.03195800632238388,0.020546874031424522,-3.0,0.0,-0.3199687499989523,0.0,-0.04200390428304673,-0.0,0.04539624999987427,0.0002633150143083185,0.1,0.3106907308101654,3.141592653589793,-3.140516519546509,0.0,0.0,0.0,-0.0
9.212391138076782,-23.2979679107666,-0.00046874998952262104,-0.39990234375,5.859374869032763e-05,-0.03195800632238388,0.020546874031424522,-3.0,0.0,-0.3199687499989523,0.0,-0.04200390428304673,-0.0,0.04539624999987427,0.0002633150143083185,0.1,0.3106907308101654,3.141592653589793,-3.140516519546509,0.0,0.0,0.0,-0.0
9.216781377792358,-23.2979679107666,-0.00046874998952262104,-0.39990234375,5.859374869032763e-05,-0.03195800632238388,0.020546874031424522,-3.0,0.0,-0.3199687499989523,0.0,-0.04200390428304673,-0.0,0.04539624999987427,0.0002633150143083185,0.1,0.3106907308101654,3.141592653589793,-3.140516519546509,0.0,0.0,0.0,-0.0
9.22116756439209,-23.2979679107666,-0.00046874998952262104,-0.39990234375,5.859374869032763e-05,-0.03195800632238388,0.020546874031424522,-3.0,0.0,-0.3199687499989523,0.0,-0.04200390428304673,-0.0,0.04539624999987427,0.0002633150143083185,0.1,0.3106907308101654,3.141592653589793,-3.140516519546509,0.0,0.0,0.0,-0.0
9.225819110870361,-23.2979679107666,-0.00046874998952262104,-0.39990234375,5.859374869032763e-05,-0.03195800632238388,0.020546874031424522,-3.0,0.0,-0.3199687499989523,0.0,-0.04200390428304673,-0.0,0.04539624999987427,0.0002633150143083185,0.1,0.3106907308101654,3.141592653589793,-3.140516519546509,0.0,0.0,0.0,-0.0
9.23061466217041,-23.2979679107666,-0.00046874998952262104,-0.39990234375,5.859374869032763e-05,-0.03195800632238388,0.020546874031424522,-3.0,0.0,-0.3199687499989523,0.0,-0.04200390428304673,-0.0,0.04539624999987427,0.0002633150143083185,0.1,0.3106907308101654,3.141592653589793,-3.140516519546509,0.0,0.0,0.0,-0.0
9.23525071144104,-23.2979679107666,-0.00046874998952262104,-0.39990234375,5.859374869032763e-05,-0.03195800632238388,0.020546874031424522,-3.0,0.0,-0.3199687499989523,0.0,-0.04200390428304673,-0.0,0.04539624999987427,0.0002633150143083185,0.1,0.3106907308101654,3.141592653589793,-3.140516519546509,0.0,0.0,0.0,-0.0
9.239692687988281,-23.2979679107666,-0.00046874998952262104,-0.39990234375,5.859374869032763e-05,-0.03195800632238388,0.020546874031424522,-3.0,0.0,-0.3199687499989523,0.0,-0.04200390428304673,-0.0,0.04539624999987427,0.0002633150143083185,0.1,0.3106907308101654,3.141592653589793,-3.140516519546509,0.0,0.0,0.0,-0.0
9.244195938110352,-23.2979679107666,-0.00046874998952262104,-0.39990234375,5.859374869032763e-05,-0.03195800632238388,0.020546874031424522,-3.0,0.0,-0.3199687499989523,0.0,-0.04200390428304673,-0.0,0.04539624999987427,0.0002633150143083185,0.1,0.3106907308101654,3.141592653589793,-3.140516519546509,0.0,0.0,0.0,-0.0
9.24895191192627,-23.2979679107666,-0.00046874998952262104,-0.39990234375,5.859374869032763e-05,-0.03195800632238388,0.020546874031424522,-3.0,0.0,-0.3199687499989523,0.0,-0.04200390428304673,-0.0,0.04539624999987427,0.0002633150143083185,0.1,0.3106907308101654,3.141592653589793,-3.140516519546509,0.0,0.0,0.0,-0.0
9.253563642501831,-23.2979679107666,-0.00046874998952262104,-0.39990234375,5.859374869032763e-05,-0.03195800632238388,0.020546874031424522,-3.0,0.0,-0.3199687499989523,0.0,-0.04200390428304673,-0.0,0.04539624999987427,0.0002633150143083185,0.1,0.3106907308101654,3.141592653589793,-3.140516519546509,0.0,0.0,0.0,-0.0
9.258161067962646,-23.2979679107666,-0.00046874998952262104,-0.39990234375,5.859374869032763e-05,-0.03195800632238388,0.020546874031424522,-3.0,0.0,-0.3199687499989523,0.0,-0.04200390428304673,-0.0,0.04539624999987427,0.0002633150143083185,0.1,0.3106907308101654,3.141592653589793,-3.140516519546509,0.0,0.0,0.0,-0.0
9.262956857681274,-23.2979679107666,-0.00046874998952262104,-0.39990234375,5.859374869032763e-05,-0.03195800632238388,0.020546874031424522,-3.0,0.0,-0.3199687499989523,0.0,-0.04200390428304673,-0.0,0.04539624999987427,0.0002633150143083185,0.1,0.3106907308101654,3.141592653589793,-3.140516519546509,0.0,0.0,0.0,-0.0
9.267595767974854,-23.2979679107666,-0.00046874998952262104,-0.39990234375,5.859374869032763e-05,-0.03195800632238388,0.020546874031424522,-3.0,0.0,-0.3199687499989523,0.0,-0.04200390428304673,-0.0,0.04539624999987427,0.0002633150143083185,0.1,0.3106907308101654,3.141592653589793,-3.140516519546509,0.0,0.0,0.0,-0.0
9.27206301689148,-23.2979679107666,-0.00046874998952262104,-0.39990234375,5.859374869032763e-05,-0.03195800632238388,0.020546874031424522,-3.0,0.0,-0.3199687499989523,0.0,-0.04200390428304673,-0.0,0.04539624999987427,0.0002633150143083185,0.1,0.3106907308101654,3.141592653589793,-3.140516519546509,0.0,0.0,0.0,-0.0
9.27670431137085,-23.2979679107666,-0.00046874998952262104,-0.39990234375,5.859374869032763e-05,-0.03195800632238388,0.020546874031424522,-3.0,0.0,-0.3199687499989523,0.0,-0.04200390428304673,-0.0,0.04539624999987427,0.0002633150143083185,0.1,0.3106907308101654,3.141592653589793,-3.140516519546509,0.0,0.0,0.0,-0.0
9.281079769134521,-23.2979679107666,-0.00046874998952262104,-0.39990234375,5.859374869032763e-05,-0.03195800632238388,0.020546874031424522,-3.0,0.0,-0.3199687499989523,0.0,-0.04200390428304673,-0.0,0.04539624999987427,0.0002633150143083185,0.1,0.3106907308101654,3.141592653589793,-3.140516519546509,0.0,0.0,0.0,-0.0
9.285568475723267,-23.2979679107666,-0.00046874998952262104,-0.39990234375,5.859374869032763e-05,-0.03195800632238388,0.020546874031424522,-3.0,0.0,-0.3199687499989523,0.0,-0.04200390428304673,-0.0,0.04539624999987427,0.0002633150143083185,0.1,0.3106907308101654,3.141592653589793,-3.140516519546509,0.0,0.0,0.0,-0.0
9.290581941604614,-23.2979679107666,-0.00046874998952262104,-0.39990234375,5.859374869032763e-05,-0.03195800632238388,0.020546874031424522,-3.0,0.0,-0.3199687499989523,0.0,-0.04200390428304673,-0.0,0.04539624999987427,0.0002633150143083185,0.1,0.3106907308101654,3.141592653589793,-3.140516519546509,0.0,0.0,0.0,-0.0
9.295265913009644,-23.2979679107666,-0.00046874998952262104,-0.39990234375,5.859374869032763e-05,-0.03195800632238388,0.020546874031424522,-3.0,0.0,-0.3199687499989523,0.0,-0.04200390428304673,-0.0,0.04539624999987427,0.0002633150143083185,0.1,0.3106907308101654,3.141592653589793,-3.140516519546509,0.0,0.0,0.0,-0.0
9.29963755607605,-23.2979679107666,-0.00046874998952262104,-0.39990234375,5.859374869032763e-05,-0.03195800632238388,0.020546874031424522,-3.0,0.0,-0.3199687499989523,0.0,-0.04200390428304673,-0.0,0.04539624999987427,0.0002633150143083185,0.1,0.3106907308101654,3.141592653589793,-3.140516519546509,0.0,0.0,0.0,-0.0
9.30409288406372,-23.2979679107666,-0.00046874998952262104,-0.39990234375,5.859374869032763e-05,-0.03195800632238388,0.020546874031424522,-3.0,0.0,-0.3199687499989523,0.0,-0.04200390428304673,-0.0,0.04539624999987427,0.0002633150143083185,0.1,0.3106907308101654,3.141592653589793,-3.140516519546509,0.0,0.0,0.0,-0.0
9.308775186538696,-23.2979679107666,-0.00046874998952262104,-0.39990234375,5.859374869032763e-05,-0.03195800632238388,0.020546874031424522,-3.0,0.0,-0.3199687499989523,0.0,-0.04200390428304673,-0.0,0.04539624999987427,0.0002633150143083185,0.1,0.3106907308101654,3.141592653589793,-3.140516519546509,0.0,0.0,0.0,-0.0
9.313491821289062,-23.2979679107666,-0.00046874998952262104,-0.39990234375,5.859374869032763e-05,-0.03195800632238388,0.020546874031424522,-3.0,0.0,-0.3199687499989523,0.0,-0.04200390428304673,-0.0,0.04539624999987427,0.0002633150143083185,0.1,0.3106907308101654,3.141592653589793,-3.140516519546509,0.0,0.0,0.0,-0.0
9.318021297454834,-23.2979679107666,-0.00046874998952262104,-0.39990234375,5.859374869032763e-05,-0.03195800632238388,0.020546874031424522,-3.0,0.0,-0.3199687499989523,0.0,-0.04200390428304673,-0.0,0.04539624999987427,0.0002633150143083185,0.1,0.3106907308101654,3.141592653589793,-3.140516519546509,0.0,0.0,0.0,-0.0
9.322705268859863,-23.2979679107666,-0.00046874998952262104,-0.39990234375,5.859374869032763e-05,-0.03195800632238388,0.020546874031424522,-3.0,0.0,-0.3199687499989523,0.0,-0.04200390428304673,-0.0,0.04539624999987427,0.0002633150143083185,0.1,0.3106907308101654,3.141592653589793,-3.140516519546509,0.0,0.0,0.0,-0.0
9.327358484268188,-23.2979679107666,-0.00046874998952262104,-0.39990234375,5.859374869032763e-05,-0.03195800632238388,0.020546874031424522,-3.0,0.0,-0.3199687499989523,0.0,-0.04200390428304673,-0.0,0.04539624999987427,0.0002633150143083185,0.1,0.3106907308101654,3.141592653589793,-3.140516519546509,0.0,0.0,0.0,-0.0
9.332039833068848,-23.2979679107666,-0.00046874998952262104,-0.39990234375,5.859374869032763e-05,-0.03195800632238388,0.020546874031424522,-3.0,0.0,-0.3199687499989523,0.0,-0.04200390428304673,-0.0,0.04539624999987427,0.0002633150143083185,0.1,0.3106907308101654,3.141592653589793,-3.140516519546509,0.0,0.0,0.0,-0.0
9.336775064468384,-23.2979679107666,-0.00046874998952262104,-0.39990234375,5.859374869032763e-05,-0.03195800632238388,0.020546874031424522,-3.0,0.0,-0.3199687499989523,0.0,-0.04200390428304673,-0.0,0.04539624999987427,0.0002633150143083185,0.1,0.3106907308101654,3.141592653589793,-3.140516519546509,0.0,0.0,0.0,-0.0
9.341485023498535,-23.2979679107666,-0.00046874998952262104,-0.39990234375,5.859374869032763e-05,-0.03195800632238388,0.020546874031424522,-3.0,0.0,-0.3199687499989523,0.0,-0.04200390428304673,-0.0,0.04539624999987427,0.0002633150143083185,0.1,0.3106907308101654,3.141592653589793,-3.140516519546509,0.0,0.0,0.0,-0.0
9.34617280960083,-23.2979679107666,-0.00046874998952262104,-0.39990234375,5.859374869032763e-05,-0.03195800632238388,0.020546874031424522,-3.0,0.0,-0.3199687499989523,0.0,-0.04200390428304673,-0.0,0.04539624999987427,0.0002633150143083185,0.1,0.3106907308101654,3.141592653589793,-3.140516519546509,0.0,0.0,0.0,-0.0
9.350889205932617,-23.2979679107666,-0.00046874998952262104,-0.39990234375,5.859374869032763e-05,-0.03195800632238388,0.020546874031424522,-3.0,0.0,-0.3199687499989523,0.0,-0.04200390428304673,-0.0,0.04539624999987427,0.0002633150143083185,0.1,0.3106907308101654,3.141592653589793,-3.140516519546509,0.0,0.0,0.0,-0.0
9.355502128601074,-23.2979679107666,-0.00046874998952262104,-0.39990234375,5.859374869032763e-05,-0.03195800632238388,0.020546874031424522,-3.0,0.0,-0.3199687499989523,0.0,-0.04200390428304673,-0.0,0.04539624999987427,0.0002633150143083185,0.1,0.3106907308101654,3.141592653589793,-3.140516519546509,0.0,0.0,0.0,-0.0
9.360206604003906,-23.2979679107666,-0.00046874998952262104,-0.39990234375,5.859374869032763e-05,-0.03195800632238388,0.020546874031424522,-3.0,0.0,-0.3199687499989523,0.0,-0.04200390428304673,-0.0,0.04539624999987427,0.0002633150143083185,0.1,0.3106907308101654,3.141592653589793,-3.140516519546509,0.0,0.0,0.0,-0.0
9.364617109298706,-23.2979679107666,-0.00046874998952262104,-0.39990234375,5.859374869032763e-05,-0.03195800632238388,0.020546874031424522,-3.0,0.0,-0.3199687499989523,0.0,-0.04200390428304673,-0.0,0.04539624999987427,0.0002633150143083185,0.1,0.3106907308101654,3.141592653589793,-3.140516519546509,0.0,0.0,0.0,-0.0
9.368934154510498,-23.2979679107666,-0.00046874998952262104,-0.39990234375,5.859374869032763e-05,-0.03195800632238388,0.020546874031424522,-3.0,0.0,-0.3199687499989523,0.0,-0.04200390428304673,-0.0,0.04539624999987427,0.0002633150143083185,0.1,0.3106907308101654,3.141592653589793,-3.140516519546509,0.0,0.0,0.0,-0.0
9.373561382293701,-23.2979679107666,-0.00046874998952262104,-0.39990234375,5.859374869032763e-05,-0.03195800632238388,0.020546874031424522,-3.0,0.0,-0.3199687499989523,0.0,-0.04200390428304673,-0.0,0.04539624999987427,0.0002633150143083185,0.1,0.3106907308101654,3.141592653589793,-3.140516519546509,0.0,0.0,0.0,-0.0
9.378241062164307,-23.2979679107666,-0.00046874998952262104,-0.39990234375,5.859374869032763e-05,-0.03195800632238388,0.020546874031424522,-3.0,0.0,-0.3199687499989523,0.0,-0.04200390428304673,-0.0,0.04539624999987427,0.0002633150143083185,0.1,0.3106907308101654,3.141592653589793,-3.140516519546509,0.0,0.0,0.0,-0.0
9.383298635482788,-23.2979679107666,-0.00046874998952262104,-0.39990234375,5.859374869032763e-05,-0.03195800632238388,0.020546874031424522,-3.0,0.0,-0.3199687499989523,0.0,-0.04200390428304673,-0.0,0.04539624999987427,0.0002633150143083185,0.1,0.3106907308101654,3.141592653589793,-3.140516519546509,0.0,0.0,0.0,-0.0
9.387959480285645,-23.2979679107666,-0.00046874998952262104,-0.39990234375,5.859374869032763e-05,-0.03195800632238388,0.020546874031424522,-3.0,0.0,-0.3199687499989523,0.0,-0.04200390428304673,-0.0,0.04539624999987427,0.0002633150143083185,0.1,0.3106907308101654,3.141592653589793,-3.140516519546509,0.0,0.0,0.0,-0.0
9.39265251159668,-23.2979679107666,-0.00046874998952262104,-0.39990234375,5.859374869032763e-05,-0.03195800632238388,0.020546874031424522,-3.0,0.0,-0.3199687499989523,0.0,-0.04200390428304673,-0.0,0.04539624999987427,0.0002633150143083185,0.1,0.3106907308101654,3.141592653589793,-3.140516519546509,0.0,0.0,0.0,-0.0
9.397255659103394,-23.2979679107666,-0.00046874998952262104,-0.39990234375,5.859374869032763e-05,-0.03195800632238388,0.020546874031424522,-3.0,0.0,-0.3199687499989523,0.0,-0.04200390428304673,-0.0,0.04539624999987427,0.0002633150143083185,0.1,0.3106907308101654,3.141592653589793,-3.140516519546509,0.0,0.0,0.0,-0.0
9.40166425704956,-23.2979679107666,-0.00046874998952262104,-0.39990234375,5.859374869032763e-05,-0.03195800632238388,0.020546874031424522,-3.0,0.0,-0.3199687499989523,0.0,-0.04200390428304673,-0.0,0.04539624999987427,0.0002633150143083185,0.1,0.3106907308101654,3.141592653589793,-3.140516519546509,0.0,0.0,0.0,-0.0
9.406261682510376,-23.2979679107666,-0.00046874998952262104,-0.39990234375,5.859374869032763e-05,-0.03195800632238388,0.020546874031424522,-3.0,0.0,-0.3199687499989523,0.0,-0.04200390428304673,-0.0,0.04539624999987427,0.0002633150143083185,0.1,0.3106907308101654,3.141592653589793,-3.140516519546509,0.0,0.0,0.0,-0.0
9.41087794303894,-23.2979679107666,-0.00046874998952262104,-0.39990234375,5.859374869032763e-05,-0.03195800632238388,0.020546874031424522,-3.0,0.0,-0.3199687499989523,0.0,-0.04200390428304673,-0.0,0.04539624999987427,0.0002633150143083185,0.1,0.3106907308101654,3.141592653589793,-3.140516519546509,0.0,0.0,0.0,-0.0
9.415436029434204,-23.2979679107666,-0.00046874998952262104,-0.39990234375,5.859374869032763e-05,-0.03195800632238388,0.020546874031424522,-3.0,0.0,-0.3199687499989523,0.0,-0.04200390428304673,-0.0,0.04539624999987427,0.0002633150143083185,0.1,0.3106907308101654,3.141592653589793,-3.140516519546509,0.0,0.0,0.0,-0.0
9.420013427734375,-23.2979679107666,-0.00046874998952262104,-0.39990234375,5.859374869032763e-05,-0.03195800632238388,0.020546874031424522,-3.0,0.0,-0.3199687499989523,0.0,-0.04200390428304673,-0.0,0.04539624999987427,0.0002633150143083185,0.1,0.3106907308101654,3.141592653589793,-3.140516519546509,0.0,0.0,0.0,-0.0
9.424609661102295,-23.2979679107666,-0.00046874998952262104,-0.39990234375,5.859374869032763e-05,-0.03195800632238388,0.020546874031424522,-3.0,0.0,-0.3199687499989523,0.0,-0.04200390428304673,-0.0,0.04539624999987427,0.0002633150143083185,0.1,0.3106907308101654,3.141592653589793,-3.140516519546509,0.0,0.0,0.0,-0.0
9.429381608963013,-23.2979679107666,-0.00046874998952262104,-0.39990234375,5.859374869032763e-05,-0.03195800632238388,0.020546874031424522,-3.0,0.0,-0.3199687499989523,0.0,-0.04200390428304673,-0.0,0.04539624999987427,0.0002633150143083185,0.1,0.3106907308101654,3.141592653589793,-3.140516519546509,0.0,0.0,0.0,-0.0
9.434467077255249,-23.2979679107666,-0.00046874998952262104,-0.39990234375,5.859374869032763e-05,-0.03195800632238388,0.020546874031424522,-3.0,0.0,-0.3199687499989523,0.0,-0.04200390428304673,-0.0,0.04539624999987427,0.0002633150143083185,0.1,0.3106907308101654,3.141592653589793,-3.140516519546509,0.0,0.0,0.0,-0.0
9.43882942199707,-23.2979679107666,-0.00046874998952262104,-0.39990234375,5.859374869032763e-05,-0.03195800632238388,0.020546874031424522,-3.0,0.0,-0.3199687499989523,0.0,-0.04200390428304673,-0.0,0.04539624999987427,0.0002633150143083185,0.1,0.3106907308101654,3.141592653589793,-3.140516519546509,0.0,0.0,0.0,-0.0
9.443369388580322,-23.2979679107666,-0.00046874998952262104,-0.39990234375,5.859374869032763e-05,-0.03195800632238388,0.020546874031424522,-3.0,0.0,-0.3199687499989523,0.0,-0.04200390428304673,-0.0,0.04539624999987427,0.0002633150143083185,0.1,0.3106907308101654,3.141592653589793,-3.140516519546509,0.0,0.0,0.0,-0.0
9.447840690612793,-23.2979679107666,-0.00046874998952262104,-0.39990234375,5.859374869032763e-05,-0.03195800632238388,0.020546874031424522,-3.0,0.0,-0.3199687499989523,0.0,-0.04200390428304673,-0.0,0.04539624999987427,0.0002633150143083185,0.1,0.3106907308101654,3.141592653589793,-3.140516519546509,0.0,0.0,0.0,-0.0
9.452499389648438,-23.2979679107666,-0.00046874998952262104,-0.39990234375,5.859374869032763e-05,-0.03195800632238388,0.020546874031424522,-3.0,0.0,-0.3199687499989523,0.0,-0.04200390428304673,-0.0,0.04539624999987427,0.0002633150143083185,0.1,0.3106907308101654,3.141592653589793,-3.140516519546509,0.0,0.0,0.0,-0.0
9.457094192504883,-23.2979679107666,-0.00046874998952262104,-0.39990234375,5.859374869032763e-05,-0.03195800632238388,0.020546874031424522,-3.0,0.0,-0.3199687499989523,0.0,-0.04200390428304673,-0.0,0.04539624999987427,0.0002633150143083185,0.1,0.3106907308101654,3.141592653589793,-3.140516519546509,0.0,0.0,0.0,-0.0
9.461797952651978,-23.2979679107666,-0.00046874998952262104,-0.39990234375,5.859374869032763e-05,-0.03195800632238388,0.020546874031424522,-3.0,0.0,-0.3199687499989523,0.0,-0.04200390428304673,-0.0,0.04539624999987427,0.0002633150143083185,0.1,0.3106907308101654,3.141592653589793,-3.140516519546509,0.0,0.0,0.0,-0.0
9.466537475585938,-23.2979679107666,-0.00046874998952262104,-0.39990234375,5.859374869032763e-05,-0.03195800632238388,0.020546874031424522,-3.0,0.0,-0.3199687499989523,0.0,-0.04200390428304673,-0.0,0.04539624999987427,0.0002633150143083185,0.1,0.3106907308101654,3.141592653589793,-3.140516519546509,0.0,0.0,0.0,-0.0
9.47094440460205,-23.2979679107666,-0.00046874998952262104,-0.39990234375,5.859374869032763e-05,-0.03195800632238388,0.020546874031424522,-3.0,0.0,-0.3199687499989523,0.0,-0.04200390428304673,-0.0,0.04539624999987427,0.0002633150143083185,0.1,0.3106907308101654,3.141592653589793,-3.140516519546509,0.0,0.0,0.0,-0.0
9.475647211074829,-23.2979679107666,-0.00046874998952262104,-0.39990234375,5.859374869032763e-05,-0.03195800632238388,0.020546874031424522,-3.0,0.0,-0.3199687499989523,0.0,-0.04200390428304673,-0.0,0.04539624999987427,0.0002633150143083185,0.1,0.3106907308101654,3.141592653589793,-3.140516519546509,0.0,0.0,0.0,-0.0
9.480503797531128,-23.2979679107666,-0.00046874998952262104,-0.39990234375,5.859374869032763e-05,-0.03195800632238388,0.020546874031424522,-3.0,0.0,-0.3199687499989523,0.0,-0.04200390428304673,-0.0,0.04539624999987427,0.0002633150143083185,0.1,0.3106907308101654,3.141592653589793,-3.140516519546509,0.0,0.0,0.0,-0.0
9.484966516494751,-23.2979679107666,-0.00046874998952262104,-0.39990234375,5.859374869032763e-05,-0.03195800632238388,0.020546874031424522,-3.0,0.0,-0.3199687499989523,0.0,-0.04200390428304673,-0.0,0.04539624999987427,0.0002633150143083185,0.1,0.3106907308101654,3.141592653589793,-3.140516519546509,0.0,0.0,0.0,-0.0
9.48958945274353,-23.2979679107666,-0.00046874998952262104,-0.39990234375,5.859374869032763e-05,-0.03195800632238388,0.020546874031424522,-3.0,0.0,-0.3199687499989523,0.0,-0.04200390428304673,-0.0,0.04539624999987427,0.0002633150143083185,0.1,0.3106907308101654,3.141592653589793,-3.140516519546509,0.0,0.0,0.0,-0.0
9.494073390960693,-23.2979679107666,-0.00046874998952262104,-0.39990234375,5.859374869032763e-05,-0.03195800632238388,0.020546874031424522,-3.0,0.0,-0.3199687499989523,0.0,-0.04200390428304673,-0.0,0.04539624999987427,0.0002633150143083185,0.1,0.3106907308101654,3.141592653589793,-3.140516519546509,0.0,0.0,0.0,-0.0
9.498386859893799,-23.2979679107666,-0.00046874998952262104,-0.39990234375,5.859374869032763e-05,-0.03195800632238388,0.020546874031424522,-3.0,0.0,-0.3199687499989523,0.0,-0.04200390428304673,-0.0,0.04539624999987427,0.0002633150143083185,0.1,0.3106907308101654,3.141592653589793,-3.140516519546509,0.0,0.0,0.0,-0.0
9.50315523147583,-23.2979679107666,-0.00046874998952262104,-0.39990234375,5.859374869032763e-05,-0.03195800632238388,0.020546874031424522,-3.0,0.0,-0.3199687499989523,0.0,-0.04200390428304673,-0.0,0.04539624999987427,0.0002633150143083185,0.1,0.3106907308101654,3.141592653589793,-3.140516519546509,0.0,0.0,0.0,-0.0
9.507714986801147,-23.2979679107666,-0.00046874998952262104,-0.39990234375,5.859374869032763e-05,-0.03195800632238388,0.020546874031424522,-3.0,0.0,-0.3199687499989523,0.0,-0.04200390428304673,-0.0,0.04539624999987427,0.0002633150143083185,0.1,0.3106907308101654,3.141592653589793,-3.140516519546509,0.0,0.0,0.0,-0.0
9.512365579605103,-23.2979679107666,-0.00046874998952262104,-0.39990234375,5.859374869032763e-05,-0.03195800632238388,0.020546874031424522,-3.0,0.0,-0.3199687499989523,0.0,-0.04200390428304673,-0.0,0.04539624999987427,0.0002633150143083185,0.1,0.3106907308101654,3.141592653589793,-3.140516519546509,0.0,0.0,0.0,-0.0
9.51738715171814,-23.2979679107666,-0.00046874998952262104,-0.39990234375,5.859374869032763e-05,-0.03195800632238388,0.020546874031424522,-3.0,0.0,-0.3199687499989523,0.0,-0.04200390428304673,-0.0,0.04539624999987427,0.0002633150143083185,0.1,0.3106907308101654,3.141592653589793,-3.140516519546509,0.0,0.0,0.0,-0.0
9.522338628768921,-23.2979679107666,-0.00046874998952262104,-0.39990234375,5.859374869032763e-05,-0.03195800632238388,0.020546874031424522,-3.0,0.0,-0.3199687499989523,0.0,-0.04200390428304673,-0.0,0.04539624999987427,0.0002633150143083185,0.1,0.3106907308101654,3.141592653589793,-3.140516519546509,0.0,0.0,0.0,-0.0
9.527218103408813,-23.2979679107666,-0.00046874998952262104,-0.39990234375,5.859374869032763e-05,-0.03195800632238388,0.020546874031424522,-3.0,0.0,-0.3199687499989523,0.0,-0.04200390428304673,-0.0,0.04539624999987427,0.0002633150143083185,0.1,0.3106907308101654,3.141592653589793,-3.140516519546509,0.0,0.0,0.0,-0.0
9.531803131103516,-23.2979679107666,-0.00046874998952262104,-0.39990234375,5.859374869032763e-05,-0.03195800632238388,0.020546874031424522,-3.0,0.0,-0.3199687499989523,0.0,-0.04200390428304673,-0.0,0.04539624999987427,0.0002633150143083185,0.1,0.3106907308101654,3.141592653589793,-3.140516519546509,0.0,0.0,0.0,-0.0
9.536551237106323,-23.2979679107666,-0.00046874998952262104,-0.39990234375,5.859374869032763e-05,-0.03195800632238388,0.020546874031424522,-3.0,0.0,-0.3199687499989523,0.0,-0.04200390428304673,-0.0,0.04539624999987427,0.0002633150143083185,0.1,0.3106907308101654,3.141592653589793,-3.140516519546509,0.0,0.0,0.0,-0.0
9.5410635471344,-23.2979679107666,-0.00046874998952262104,-0.39990234375,5.859374869032763e-05,-0.03195800632238388,0.020546874031424522,-3.0,0.0,-0.3199687499989523,0.0,-0.04200390428304673,-0.0,0.04539624999987427,0.0002633150143083185,0.1,0.3106907308101654,3.141592653589793,-3.140516519546509,0.0,0.0,0.0,-0.0
9.545513153076172,-23.2979679107666,-0.00046874998952262104,-0.39990234375,5.859374869032763e-05,-0.03195800632238388,0.020546874031424522,-3.0,0.0,-0.3199687499989523,0.0,-0.04200390428304673,-0.0,0.04539624999987427,0.0002633150143083185,0.1,0.3106907308101654,3.141592653589793,-3.140516519546509,0.0,0.0,0.0,-0.0
9.549996614456177,-23.2979679107666,-0.00046874998952262104,-0.39990234375,5.859374869032763e-05,-0.03195800632238388,0.020546874031424522,-3.0,0.0,-0.3199687499989523,0.0,-0.04200390428304673,-0.0,0.04539624999987427,0.0002633150143083185,0.1,0.3106907308101654,3.141592653589793,-3.140516519546509,0.0,0.0,0.0,-0.0
9.554359197616577,-23.2979679107666,-0.00046874998952262104,-0.39990234375,5.859374869032763e-05,-0.03195800632238388,0.020546874031424522,-3.0,0.0,-0.3199687499989523,0.0,-0.04200390428304673,-0.0,0.04539624999987427,0.0002633150143083185,0.1,0.3106907308101654,3.141592653589793,-3.140516519546509,0.0,0.0,0.0,-0.0
9.559096813201904,-23.2979679107666,-0.00046874998952262104,-0.39990234375,5.859374869032763e-05,-0.03195800632238388,0.020546874031424522,-3.0,0.0,-0.3199687499989523,0.0,-0.04200390428304673,-0.0,0.04539624999987427,0.0002633150143083185,0.1,0.3106907308101654,3.141592653589793,-3.140516519546509,0.0,0.0,0.0,-0.0
9.563853025436401,-23.2979679107666,-0.00046874998952262104,-0.39990234375,5.859374869032763e-05,-0.03195800632238388,0.020546874031424522,-3.0,0.0,-0.3199687499989523,0.0,-0.04200390428304673,-0.0,0.04539624999987427,0.0002633150143083185,0.1,0.3106907308101654,3.141592653589793,-3.140516519546509,0.0,0.0,0.0,-0.0
9.568768739700317,-23.2979679107666,-0.00046874998952262104,-0.39990234375,5.859374869032763e-05,-0.03195800632238388,0.020546874031424522,-3.0,0.0,-0.3199687499989523,0.0,-0.04200390428304673,-0.0,0.04539624999987427,0.0002633150143083185,0.1,0.3106907308101654,3.141592653589793,-3.140516519546509,0.0,0.0,0.0,-0.0
9.57389235496521,-23.2979679107666,-0.00046874998952262104,-0.39990234375,5.859374869032763e-05,-0.03195800632238388,0.020546874031424522,-3.0,0.0,-0.3199687499989523,0.0,-0.04200390428304673,-0.0,0.04539624999987427,0.0002633150143083185,0.1,0.3106907308101654,3.141592653589793,-3.140516519546509,0.0,0.0,0.0,-0.0
9.578434944152832,-23.2979679107666,-0.00046874998952262104,-0.39990234375,5.859374869032763e-05,-0.03195800632238388,0.020546874031424522,-3.0,0.0,-0.3199687499989523,0.0,-0.04200390428304673,-0.0,0.04539624999987427,0.0002633150143083185,0.1,0.3106907308101654,3.141592653589793,-3.140516519546509,0.0,0.0,0.0,-0.0
9.583136558532715,-23.2979679107666,-0.00046874998952262104,-0.39990234375,5.859374869032763e-05,-0.03195800632238388,0.020546874031424522,-3.0,0.0,-0.3199687499989523,0.0,-0.04200390428304673,-0.0,0.04539624999987427,0.0002633150143083185,0.1,0.3106907308101654,3.141592653589793,-3.140516519546509,0.0,0.0,0.0,-0.0
9.58785891532898,-23.2979679107666,-0.00046874998952262104,-0.39990234375,5.859374869032763e-05,-0.03195800632238388,0.020546874031424522,-3.0,0.0,-0.3199687499989523,0.0,-0.04200390428304673,-0.0,0.04539624999987427,0.0002633150143083185,0.1,0.3106907308101654,3.141592653589793,-3.140516519546509,0.0,0.0,0.0,-0.0
9.592610836029053,-23.2979679107666,-0.00046874998952262104,-0.39990234375,5.859374869032763e-05,-0.03195800632238388,0.020546874031424522,-3.0,0.0,-0.3199687499989523,0.0,-0.04200390428304673,-0.0,0.04539624999987427,0.0002633150143083185,0.1,0.3106907308101654,3.141592653589793,-3.140516519546509,0.0,0.0,0.0,-0.0
9.597274780273438,-23.2979679107666,-0.00046874998952262104,-0.39990234375,5.859374869032763e-05,-0.03195800632238388,0.020546874031424522,-3.0,0.0,-0.3199687499989523,0.0,-0.04200390428304673,-0.0,0.04539624999987427,0.0002633150143083185,0.1,0.3106907308101654,3.141592653589793,-3.140516519546509,0.0,0.0,0.0,-0.0
9.60204029083252,-23.2979679107666,-0.00046874998952262104,-0.39990234375,5.859374869032763e-05,-0.03195800632238388,0.020546874031424522,-3.0,0.0,-0.3199687499989523,0.0,-0.04200390428304673,-0.0,0.04539624999987427,0.0002633150143083185,0.1,0.3106907308101654,3.141592653589793,-3.140516519546509,0.0,0.0,0.0,-0.0
9.606893062591553,-23.2979679107666,-0.00046874998952262104,-0.39990234375,5.859374869032763e-05,-0.03195800632238388,0.020546874031424522,-3.0,0.0,-0.3199687499989523,0.0,-0.04200390428304673,-0.0,0.04539624999987427,0.0002633150143083185,0.1,0.3106907308101654,3.141592653589793,-3.140516519546509,0.0,0.0,0.0,-0.0
9.61157751083374,-23.2979679107666,-0.00046874998952262104,-0.39990234375,5.859374869032763e-05,-0.03195800632238388,0.020546874031424522,-3.0,0.0,-0.3199687499989523,0.0,-0.04200390428304673,-0.0,0.04539624999987427,0.0002633150143083185,0.1,0.3106907308101654,3.141592653589793,-3.140516519546509,0.0,0.0,0.0,-0.0
9.616459846496582,-23.2979679107666,-0.00046874998952262104,-0.39990234375,5.859374869032763e-05,-0.03195800632238388,0.020546874031424522,-3.0,0.0,-0.3199687499989523,0.0,-0.04200390428304673,-0.0,0.04539624999987427,0.0002633150143083185,0.1,0.3106907308101654,3.141592653589793,-3.140516519546509,0.0,0.0,0.0,-0.0
9.620978355407715,-23.2979679107666,-0.00046874998952262104,-0.39990234375,5.859374869032763e-05,-0.03195800632238388,0.020546874031424522,-3.0,0.0,-0.3199687499989523,0.0,-0.04200390428304673,-0.0,0.04539624999987427,0.0002633150143083185,0.1,0.3106907308101654,3.141592653589793,-3.140516519546509,0.0,0.0,0.0,-0.0
9.625788688659668,-23.2979679107666,-0.00046874998952262104,-0.39990234375,5.859374869032763e-05,-0.03195800632238388,0.020546874031424522,-3.0,0.0,-0.3199687499989523,0.0,-0.04200390428304673,-0.0,0.04539624999987427,0.0002633150143083185,0.1,0.3106907308101654,3.141592653589793,-3.140516519546509,0.0,0.0,0.0,-0.0
9.630269289016724,-23.2979679107666,-0.00046874998952262104,-0.39990234375,5.859374869032763e-05,-0.03195800632238388,0.020546874031424522,-3.0,0.0,-0.3199687499989523,0.0,-0.04200390428304673,-0.0,0.04539624999987427,0.0002633150143083185,0.1,0.3106907308101654,3.141592653589793,-3.140516519546509,0.0,0.0,0.0,-0.0
9.63512659072876,-23.2979679107666,-0.00046874998952262104,-0.39990234375,5.859374869032763e-05,-0.03195800632238388,0.020546874031424522,-3.0,0.0,-0.3199687499989523,0.0,-0.04200390428304673,-0.0,0.04539624999987427,0.0002633150143083185,0.1,0.3106907308101654,3.141592653589793,-3.140516519546509,0.0,0.0,0.0,-0.0
9.639704465866089,-23.2979679107666,-0.00046874998952262104,-0.39990234375,5.859374869032763e-05,-0.03195800632238388,0.020546874031424522,-3.0,0.0,-0.3199687499989523,0.0,-0.04200390428304673,-0.0,0.04539624999987427,0.0002633150143083185,0.1,0.3106907308101654,3.141592653589793,-3.140516519546509,0.0,0.0,0.0,-0.0
9.64431619644165,-23.2979679107666,-0.00046874998952262104,-0.39990234375,5.859374869032763e-05,-0.03195800632238388,0.020546874031424522,-3.0,0.0,-0.3199687499989523,0.0,-0.04200390428304673,-0.0,0.04539624999987427,0.0002633150143083185,0.1,0.3106907308101654,3.141592653589793,-3.140516519546509,0.0,0.0,0.0,-0.0
9.649127006530762,-23.2979679107666,-0.00046874998952262104,-0.39990234375,5.859374869032763e-05,-0.03195800632238388,0.020546874031424522,-3.0,0.0,-0.3199687499989523,0.0,-0.04200390428304673,-0.0,0.04539624999987427,0.0002633150143083185,0.1,0.3106907308101654,3.141592653589793,-3.140516519546509,0.0,0.0,0.0,-0.0
9.653860807418823,-23.2979679107666,-0.00046874998952262104,-0.39990234375,5.859374869032763e-05,-0.03195800632238388,0.020546874031424522,-3.0,0.0,-0.3199687499989523,0.0,-0.04200390428304673,-0.0,0.04539624999987427,0.0002633150143083185,0.1,0.3106907308101654,3.141592653589793,-3.140516519546509,0.0,0.0,0.0,-0.0
9.658539056777954,-23.2979679107666,-0.00046874998952262104,-0.39990234375,5.859374869032763e-05,-0.03195800632238388,0.020546874031424522,-3.0,0.0,-0.3199687499989523,0.0,-0.04200390428304673,-0.0,0.04539624999987427,0.0002633150143083185,0.1,0.3106907308101654,3.141592653589793,-3.140516519546509,0.0,0.0,0.0,-0.0
9.663362503051758,-23.2979679107666,-0.00046874998952262104,-0.39990234375,5.859374869032763e-05,-0.03195800632238388,0.020546874031424522,-3.0,0.0,-0.3199687499989523,0.0,-0.04200390428304673,-0.0,0.04539624999987427,0.0002633150143083185,0.1,0.3106907308101654,3.141592653589793,-3.140516519546509,0.0,0.0,0.0,-0.0
9.668112516403198,-23.2979679107666,-0.00046874998952262104,-0.39990234375,5.859374869032763e-05,-0.03195800632238388,0.020546874031424522,-3.0,0.0,-0.3199687499989523,0.0,-0.04200390428304673,-0.0,0.04539624999987427,0.0002633150143083185,0.1,0.3106907308101654,3.141592653589793,-3.140516519546509,0.0,0.0,0.0,-0.0
9.6727614402771,-23.2979679107666,-0.00046874998952262104,-0.39990234375,5.859374869032763e-05,-0.03195800632238388,0.020546874031424522,-3.0,0.0,-0.3199687499989523,0.0,-0.04200390428304673,-0.0,0.04539624999987427,0.0002633150143083185,0.1,0.3106907308101654,3.141592653589793,-3.140516519546509,0.0,0.0,0.0,-0.0
9.677393198013306,-23.2979679107666,-0.00046874998952262104,-0.39990234375,5.859374869032763e-05,-0.03195800632238388,0.020546874031424522,-3.0,0.0,-0.3199687499989523,0.0,-0.04200390428304673,-0.0,0.04539624999987427,0.0002633150143083185,0.1,0.3106907308101654,3.141592653589793,-3.140516519546509,0.0,0.0,0.0,-0.0
9.682049751281738,-23.2979679107666,-0.00046874998952262104,-0.39990234375,5.859374869032763e-05,-0.03195800632238388,0.020546874031424522,-3.0,0.0,-0.3199687499989523,0.0,-0.04200390428304673,-0.0,0.04539624999987427,0.0002633150143083185,0.1,0.3106907308101654,3.141592653589793,-3.140516519546509,0.0,0.0,0.0,-0.0
9.686744213104248,-23.2979679107666,-0.00046874998952262104,-0.39990234375,5.859374869032763e-05,-0.03195800632238388,0.020546874031424522,-3.0,0.0,-0.3199687499989523,0.0,-0.04200390428304673,-0.0,0.04539624999987427,0.0002633150143083185,0.1,0.3106907308101654,3.141592653589793,-3.140516519546509,0.0,0.0,0.0,-0.0
9.69147777557373,-23.2979679107666,-0.00046874998952262104,-0.39990234375,5.859374869032763e-05,-0.03195800632238388,0.020546874031424522,-3.0,0.0,-0.3199687499989523,0.0,-0.04200390428304673,-0.0,0.04539624999987427,0.0002633150143083185,0.1,0.3106907308101654,3.141592653589793,-3.140516519546509,0.0,0.0,0.0,-0.0
9.69606900215149,-23.2979679107666,-0.00046874998952262104,-0.39990234375,5.859374869032763e-05,-0.03195800632238388,0.020546874031424522,-3.0,0.0,-0.3199687499989523,0.0,-0.04200390428304673,-0.0,0.04539624999987427,0.0002633150143083185,0.1,0.3106907308101654,3.141592653589793,-3.140516519546509,0.0,0.0,0.0,-0.0
9.700731039047241,-23.2979679107666,-0.00046874998952262104,-0.39990234375,5.859374869032763e-05,-0.03195800632238388,0.020546874031424522,-3.0,0.0,-0.3199687499989523,0.0,-0.04200390428304673,-0.0,0.04539624999987427,0.0002633150143083185,0.1,0.3106907308101654,3.141592653589793,-3.140516519546509,0.0,0.0,0.0,-0.0
9.705485343933105,-23.2979679107666,-0.00046874998952262104,-0.39990234375,5.859374869032763e-05,-0.03195800632238388,0.020546874031424522,-3.0,0.0,-0.3199687499989523,0.0,-0.04200390428304673,-0.0,0.04539624999987427,0.0002633150143083185,0.1,0.3106907308101654,3.141592653589793,-3.140516519546509,0.0,0.0,0.0,-0.0
9.710145473480225,-23.2979679107666,-0.00046874998952262104,-0.39990234375,5.859374869032763e-05,-0.03195800632238388,0.020546874031424522,-3.0,0.0,-0.3199687499989523,0.0,-0.04200390428304673,-0.0,0.04539624999987427,0.0002633150143083185,0.1,0.3106907308101654,3.141592653589793,-3.140516519546509,0.0,0.0,0.0,-0.0
9.714640617370605,-23.2979679107666,-0.00046874998952262104,-0.39990234375,5.859374869032763e-05,-0.03195800632238388,0.020546874031424522,-3.0,0.0,-0.3199687499989523,0.0,-0.04200390428304673,-0.0,0.04539624999987427,0.0002633150143083185,0.1,0.3106907308101654,3.141592653589793,-3.140516519546509,0.0,0.0,0.0,-0.0
9.719317197799683,-23.2979679107666,-0.00046874998952262104,-0.39990234375,5.859374869032763e-05,-0.03195800632238388,0.020546874031424522,-3.0,0.0,-0.3199687499989523,0.0,-0.04200390428304673,-0.0,0.04539624999987427,0.0002633150143083185,0.1,0.3106907308101654,3.141592653589793,-3.140516519546509,0.0,0.0,0.0,-0.0
9.724198818206787,-23.2979679107666,-0.00046874998952262104,-0.39990234375,5.859374869032763e-05,-0.03195800632238388,0.020546874031424522,-3.0,0.0,-0.3199687499989523,0.0,-0.04200390428304673,-0.0,0.04539624999987427,0.0002633150143083185,0.1,0.3106907308101654,3.141592653589793,-3.140516519546509,0.0,0.0,0.0,-0.0
9.728806972503662,-23.2979679107666,-0.00046874998952262104,-0.39990234375,5.859374869032763e-05,-0.03195800632238388,0.020546874031424522,-3.0,0.0,-0.3199687499989523,0.0,-0.04200390428304673,-0.0,0.04539624999987427,0.0002633150143083185,0.1,0.3106907308101654,3.141592653589793,-3.140516519546509,0.0,0.0,0.0,-0.0
9.733545064926147,-23.2979679107666,-0.00046874998952262104,-0.39990234375,5.859374869032763e-05,-0.03195800632238388,0.020546874031424522,-3.0,0.0,-0.3199687499989523,0.0,-0.04200390428304673,-0.0,0.04539624999987427,0.0002633150143083185,0.1,0.3106907308101654,3.141592653589793,-3.140516519546509,0.0,0.0,0.0,-0.0
9.738453149795532,-23.2979679107666,-0.00046874998952262104,-0.39990234375,5.859374869032763e-05,-0.03195800632238388,0.020546874031424522,-3.0,0.0,-0.3199687499989523,0.0,-0.04200390428304673,-0.0,0.04539624999987427,0.0002633150143083185,0.1,0.3106907308101654,3.141592653589793,-3.140516519546509,0.0,0.0,0.0,-0.0
9.743079662322998,-23.2979679107666,-0.00046874998952262104,-0.39990234375,5.859374869032763e-05,-0.03195800632238388,0.020546874031424522,-3.0,0.0,-0.3199687499989523,0.0,-0.04200390428304673,-0.0,0.04539624999987427,0.0002633150143083185,0.1,0.3106907308101654,3.141592653589793,-3.140516519546509,0.0,0.0,0.0,-0.0
9.74806833267212,-23.2979679107666,-0.00046874998952262104,-0.39990234375,5.859374869032763e-05,-0.03195800632238388,0.020546874031424522,-3.0,0.0,-0.3199687499989523,0.0,-0.04200390428304673,-0.0,0.04539624999987427,0.0002633150143083185,0.1,0.3106907308101654,3.141592653589793,-3.140516519546509,0.0,0.0,0.0,-0.0
9.75307035446167,-23.2979679107666,-0.00046874998952262104,-0.39990234375,5.859374869032763e-05,-0.03195800632238388,0.020546874031424522,-3.0,0.0,-0.3199687499989523,0.0,-0.04200390428304673,-0.0,0.04539624999987427,0.0002633150143083185,0.1,0.3106907308101654,3.141592653589793,-3.140516519546509,0.0,0.0,0.0,-0.0
9.757822513580322,-23.2979679107666,-0.00046874998952262104,-0.39990234375,5.859374869032763e-05,-0.03195800632238388,0.020546874031424522,-3.0,0.0,-0.3199687499989523,0.0,-0.04200390428304673,-0.0,0.04539624999987427,0.0002633150143083185,0.1,0.3106907308101654,3.141592653589793,-3.140516519546509,0.0,0.0,0.0,-0.0
9.762855052947998,-23.2979679107666,-0.00046874998952262104,-0.39990234375,5.859374869032763e-05,-0.03195800632238388,0.020546874031424522,-3.0,0.0,-0.3199687499989523,0.0,-0.04200390428304673,-0.0,0.04539624999987427,0.0002633150143083185,0.1,0.3106907308101654,3.141592653589793,-3.140516519546509,0.0,0.0,0.0,-0.0
9.767475366592407,-23.2979679107666,-0.00046874998952262104,-0.39990234375,5.859374869032763e-05,-0.03195800632238388,0.020546874031424522,-3.0,0.0,-0.3199687499989523,0.0,-0.04200390428304673,-0.0,0.04539624999987427,0.0002633150143083185,0.1,0.3106907308101654,3.141592653589793,-3.140516519546509,0.0,0.0,0.0,-0.0
9.77195429801941,-23.2979679107666,-0.00046874998952262104,-0.39990234375,5.859374869032763e-05,-0.03195800632238388,0.020546874031424522,-3.0,0.0,-0.3199687499989523,0.0,-0.04200390428304673,-0.0,0.04539624999987427,0.0002633150143083185,0.1,0.3106907308101654,3.141592653589793,-3.140516519546509,0.0,0.0,0.0,-0.0
9.7769455909729,-23.2979679107666,-0.00046874998952262104,-0.39990234375,5.859374869032763e-05,-0.03195800632238388,0.020546874031424522,-3.0,0.0,-0.3199687499989523,0.0,-0.04200390428304673,-0.0,0.04539624999987427,0.0002633150143083185,0.1,0.3106907308101654,3.141592653589793,-3.140516519546509,0.0,0.0,0.0,-0.0
9.781482934951782,-23.2979679107666,-0.00046874998952262104,-0.39990234375,5.859374869032763e-05,-0.03195800632238388,0.020546874031424522,-3.0,0.0,-0.3199687499989523,0.0,-0.04200390428304673,-0.0,0.04539624999987427,0.0002633150143083185,0.1,0.3106907308101654,3.141592653589793,-3.140516519546509,0.0,0.0,0.0,-0.0
9.786039113998413,-23.2979679107666,-0.00046874998952262104,-0.39990234375,5.859374869032763e-05,-0.03195800632238388,0.020546874031424522,-3.0,0.0,-0.3199687499989523,0.0,-0.04200390428304673,-0.0,0.04539624999987427,0.0002633150143083185,0.1,0.3106907308101654,3.141592653589793,-3.140516519546509,0.0,0.0,0.0,-0.0
9.790707349777222,-23.2979679107666,-0.00046874998952262104,-0.39990234375,5.859374869032763e-05,-0.03195800632238388,0.020546874031424522,-3.0,0.0,-0.3199687499989523,0.0,-0.04200390428304673,-0.0,0.04539624999987427,0.0002633150143083185,0.1,0.3106907308101654,3.141592653589793,-3.140516519546509,0.0,0.0,0.0,-0.0
9.79548692703247,-23.2979679107666,-0.00046874998952262104,-0.39990234375,5.859374869032763e-05,-0.03195800632238388,0.020546874031424522,-3.0,0.0,-0.3199687499989523,0.0,-0.04200390428304673,-0.0,0.04539624999987427,0.0002633150143083185,0.1,0.3106907308101654,3.141592653589793,-3.140516519546509,0.0,0.0,0.0,-0.0
9.800191879272461,-23.2979679107666,-0.00046874998952262104,-0.39990234375,5.859374869032763e-05,-0.03195800632238388,0.020546874031424522,-3.0,0.0,-0.3199687499989523,0.0,-0.04200390428304673,-0.0,0.04539624999987427,0.0002633150143083185,0.1,0.3106907308101654,3.141592653589793,-3.140516519546509,0.0,0.0,0.0,-0.0
9.804614067077637,-23.2979679107666,-0.00046874998952262104,-0.39990234375,5.859374869032763e-05,-0.03195800632238388,0.020546874031424522,-3.0,0.0,-0.3199687499989523,0.0,-0.04200390428304673,-0.0,0.04539624999987427,0.0002633150143083185,0.1,0.3106907308101654,3.141592653589793,-3.140516519546509,0.0,0.0,0.0,-0.0
9.809515714645386,-23.2979679107666,-0.00046874998952262104,-0.39990234375,5.859374869032763e-05,-0.03195800632238388,0.020546874031424522,-3.0,0.0,-0.3199687499989523,0.0,-0.04200390428304673,-0.0,0.04539624999987427,0.0002633150143083185,0.1,0.3106907308101654,3.141592653589793,-3.140516519546509,0.0,0.0,0.0,-0.0
9.814292907714844,-23.2979679107666,-0.00046874998952262104,-0.39990234375,5.859374869032763e-05,-0.03195800632238388,0.020546874031424522,-3.0,0.0,-0.3199687499989523,0.0,-0.04200390428304673,-0.0,0.04539624999987427,0.0002633150143083185,0.1,0.3106907308101654,3.141592653589793,-3.140516519546509,0.0,0.0,0.0,-0.0
9.818679332733154,-23.2979679107666,-0.00046874998952262104,-0.39990234375,5.859374869032763e-05,-0.03195800632238388,0.020546874031424522,-3.0,0.0,-0.3199687499989523,0.0,-0.04200390428304673,-0.0,0.04539624999987427,0.0002633150143083185,0.1,0.3106907308101654,3.141592653589793,-3.140516519546509,0.0,0.0,0.0,-0.0
9.823120594024658,-23.2979679107666,-0.00046874998952262104,-0.39990234375,5.859374869032763e-05,-0.03195800632238388,0.020546874031424522,-3.0,0.0,-0.3199687499989523,0.0,-0.04200390428304673,-0.0,0.04539624999987427,0.0002633150143083185,0.1,0.3106907308101654,3.141592653589793,-3.140516519546509,0.0,0.0,0.0,-0.0
9.827817678451538,-23.2979679107666,-0.00046874998952262104,-0.39990234375,5.859374869032763e-05,-0.03195800632238388,0.020546874031424522,-3.0,0.0,-0.3199687499989523,0.0,-0.04200390428304673,-0.0,0.04539624999987427,0.0002633150143083185,0.1,0.3106907308101654,3.141592653589793,-3.140516519546509,0.0,0.0,0.0,-0.0
9.832810163497925,-23.2979679107666,-0.00046874998952262104,-0.39990234375,5.859374869032763e-05,-0.03195800632238388,0.020546874031424522,-3.0,0.0,-0.3199687499989523,0.0,-0.04200390428304673,-0.0,0.04539624999987427,0.0002633150143083185,0.1,0.3106907308101654,3.141592653589793,-3.140516519546509,0.0,0.0,0.0,-0.0
9.837427854537964,-23.2979679107666,-0.00046874998952262104,-0.39990234375,5.859374869032763e-05,-0.03195800632238388,0.020546874031424522,-3.0,0.0,-0.3199687499989523,0.0,-0.04200390428304673,-0.0,0.04539624999987427,0.0002633150143083185,0.1,0.3106907308101654,3.141592653589793,-3.140516519546509,0.0,0.0,0.0,-0.0
9.842220067977905,-23.2979679107666,-0.00046874998952262104,-0.39990234375,5.859374869032763e-05,-0.03195800632238388,0.020546874031424522,-3.0,0.0,-0.3199687499989523,0.0,-0.04200390428304673,-0.0,0.04539624999987427,0.0002633150143083185,0.1,0.3106907308101654,3.141592653589793,-3.140516519546509,0.0,0.0,0.0,-0.0
9.847077131271362,-23.2979679107666,-0.00046874998952262104,-0.39990234375,5.859374869032763e-05,-0.03195800632238388,0.020546874031424522,-3.0,0.0,-0.3199687499989523,0.0,-0.04200390428304673,-0.0,0.04539624999987427,0.0002633150143083185,0.1,0.3106907308101654,3.141592653589793,-3.140516519546509,0.0,0.0,0.0,-0.0
9.851841926574707,-23.2979679107666,-0.00046874998952262104,-0.39990234375,5.859374869032763e-05,-0.03195800632238388,0.020546874031424522,-3.0,0.0,-0.3199687499989523,0.0,-0.04200390428304673,-0.0,0.04539624999987427,0.0002633150143083185,0.1,0.3106907308101654,3.141592653589793,-3.140516519546509,0.0,0.0,0.0,-0.0
9.856348514556885,-23.2979679107666,-0.00046874998952262104,-0.39990234375,5.859374869032763e-05,-0.03195800632238388,0.020546874031424522,-3.0,0.0,-0.3199687499989523,0.0,-0.04200390428304673,-0.0,0.04539624999987427,0.0002633150143083185,0.1,0.3106907308101654,3.141592653589793,-3.140516519546509,0.0,0.0,0.0,-0.0
9.861113786697388,-23.2979679107666,-0.00046874998952262104,-0.39990234375,5.859374869032763e-05,-0.03195800632238388,0.020546874031424522,-3.0,0.0,-0.3199687499989523,0.0,-0.04200390428304673,-0.0,0.04539624999987427,0.0002633150143083185,0.1,0.3106907308101654,3.141592653589793,-3.140516519546509,0.0,0.0,0.0,-0.0
9.865877628326416,-23.2979679107666,-0.00046874998952262104,-0.39990234375,5.859374869032763e-05,-0.03195800632238388,0.020546874031424522,-3.0,0.0,-0.3199687499989523,0.0,-0.04200390428304673,-0.0,0.04539624999987427,0.0002633150143083185,0.1,0.3106907308101654,3.141592653589793,-3.140516519546509,0.0,0.0,0.0,-0.0
9.870765686035156,-23.2979679107666,-0.00046874998952262104,-0.39990234375,5.859374869032763e-05,-0.03195800632238388,0.020546874031424522,-3.0,0.0,-0.3199687499989523,0.0,-0.04200390428304673,-0.0,0.04539624999987427,0.0002633150143083185,0.1,0.3106907308101654,3.141592653589793,-3.140516519546509,0.0,0.0,0.0,-0.0
9.875171899795532,-23.2979679107666,-0.00046874998952262104,-0.39990234375,5.859374869032763e-05,-0.03195800632238388,0.020546874031424522,-3.0,0.0,-0.3199687499989523,0.0,-0.04200390428304673,-0.0,0.04539624999987427,0.0002633150143083185,0.1,0.3106907308101654,3.141592653589793,-3.140516519546509,0.0,0.0,0.0,-0.0
9.87963318824768,-23.2979679107666,-0.00046874998952262104,-0.39990234375,5.859374869032763e-05,-0.03195800632238388,0.020546874031424522,-3.0,0.0,-0.3199687499989523,0.0,-0.04200390428304673,-0.0,0.04539624999987427,0.0002633150143083185,0.1,0.3106907308101654,3.141592653589793,-3.140516519546509,0.0,0.0,0.0,-0.0
9.883965253829956,-23.2979679107666,-0.00046874998952262104,-0.39990234375,5.859374869032763e-05,-0.03195800632238388,0.020546874031424522,-3.0,0.0,-0.3199687499989523,0.0,-0.04200390428304673,-0.0,0.04539624999987427,0.0002633150143083185,0.1,0.3106907308101654,3.141592653589793,-3.140516519546509,0.0,0.0,0.0,-0.0
9.888549566268921,-23.2979679107666,-0.00046874998952262104,-0.39990234375,5.859374869032763e-05,-0.03195800632238388,0.020546874031424522,-3.0,0.0,-0.3199687499989523,0.0,-0.04200390428304673,-0.0,0.04539624999987427,0.0002633150143083185,0.1,0.3106907308101654,3.141592653589793,-3.140516519546509,0.0,0.0,0.0,-0.0
9.893455505371094,-23.2979679107666,-0.00046874998952262104,-0.39990234375,5.859374869032763e-05,-0.03195800632238388,0.020546874031424522,-3.0,0.0,-0.3199687499989523,0.0,-0.04200390428304673,-0.0,0.04539624999987427,0.0002633150143083185,0.1,0.3106907308101654,3.141592653589793,-3.140516519546509,0.0,0.0,0.0,-0.0
9.898133754730225,-23.2979679107666,-0.00046874998952262104,-0.39990234375,5.859374869032763e-05,-0.03195800632238388,0.020546874031424522,-3.0,0.0,-0.3199687499989523,0.0,-0.04200390428304673,-0.0,0.04539624999987427,0.0002633150143083185,0.1,0.3106907308101654,3.141592653589793,-3.140516519546509,0.0,0.0,0.0,-0.0
9.902460098266602,-23.2979679107666,-0.00046874998952262104,-0.39990234375,5.859374869032763e-05,-0.03195800632238388,0.020546874031424522,-3.0,0.0,-0.3199687499989523,0.0,-0.04200390428304673,-0.0,0.04539624999987427,0.0002633150143083185,0.1,0.3106907308101654,3.141592653589793,-3.140516519546509,0.0,0.0,0.0,-0.0
9.907132625579834,-23.2979679107666,-0.00046874998952262104,-0.39990234375,5.859374869032763e-05,-0.03195800632238388,0.020546874031424522,-3.0,0.0,-0.3199687499989523,0.0,-0.04200390428304673,-0.0,0.04539624999987427,0.0002633150143083185,0.1,0.3106907308101654,3.141592653589793,-3.140516519546509,0.0,0.0,0.0,-0.0
9.911802291870117,-23.2979679107666,-0.00046874998952262104,-0.39990234375,5.859374869032763e-05,-0.03195800632238388,0.020546874031424522,-3.0,0.0,-0.3199687499989523,0.0,-0.04200390428304673,-0.0,0.04539624999987427,0.0002633150143083185,0.1,0.3106907308101654,3.141592653589793,-3.140516519546509,0.0,0.0,0.0,-0.0
9.916097640991211,-23.2979679107666,-0.00046874998952262104,-0.39990234375,5.859374869032763e-05,-0.03195800632238388,0.020546874031424522,-3.0,0.0,-0.3199687499989523,0.0,-0.04200390428304673,-0.0,0.04539624999987427,0.0002633150143083185,0.1,0.3106907308101654,3.141592653589793,-3.140516519546509,0.0,0.0,0.0,-0.0
9.920732736587524,-23.2979679107666,-0.00046874998952262104,-0.39990234375,5.859374869032763e-05,-0.03195800632238388,0.020546874031424522,-3.0,0.0,-0.3199687499989523,0.0,-0.04200390428304673,-0.0,0.04539624999987427,0.0002633150143083185,0.1,0.3106907308101654,3.141592653589793,-3.140516519546509,0.0,0.0,0.0,-0.0
9.925164461135864,-23.2979679107666,-0.00046874998952262104,-0.39990234375,5.859374869032763e-05,-0.03195800632238388,0.020546874031424522,-3.0,0.0,-0.3199687499989523,0.0,-0.04200390428304673,-0.0,0.04539624999987427,0.0002633150143083185,0.1,0.3106907308101654,3.141592653589793,-3.140516519546509,0.0,0.0,0.0,-0.0
9.929519891738892,-23.2979679107666,-0.00046874998952262104,-0.39990234375,5.859374869032763e-05,-0.03195800632238388,0.020546874031424522,-3.0,0.0,-0.3199687499989523,0.0,-0.04200390428304673,-0.0,0.04539624999987427,0.0002633150143083185,0.1,0.3106907308101654,3.141592653589793,-3.140516519546509,0.0,0.0,0.0,-0.0
9.934244632720947,-23.2979679107666,-0.00046874998952262104,-0.39990234375,5.859374869032763e-05,-0.03195800632238388,0.020546874031424522,-3.0,0.0,-0.3199687499989523,0.0,-0.04200390428304673,-0.0,0.04539624999987427,0.0002633150143083185,0.1,0.3106907308101654,3.141592653589793,-3.140516519546509,0.0,0.0,0.0,-0.0
9.938854217529297,-23.2979679107666,-0.00046874998952262104,-0.39990234375,5.859374869032763e-05,-0.03195800632238388,0.020546874031424522,-3.0,0.0,-0.3199687499989523,0.0,-0.04200390428304673,-0.0,0.04539624999987427,0.0002633150143083185,0.1,0.3106907308101654,3.141592653589793,-3.140516519546509,0.0,0.0,0.0,-0.0
9.943544864654541,-23.2979679107666,-0.00046874998952262104,-0.39990234375,5.859374869032763e-05,-0.03195800632238388,0.020546874031424522,-3.0,0.0,-0.3199687499989523,0.0,-0.04200390428304673,-0.0,0.04539624999987427,0.0002633150143083185,0.1,0.3106907308101654,3.141592653589793,-3.140516519546509,0.0,0.0,0.0,-0.0
9.948144435882568,-23.2979679107666,-0.00046874998952262104,-0.39990234375,5.859374869032763e-05,-0.03195800632238388,0.020546874031424522,-3.0,0.0,-0.3199687499989523,0.0,-0.04200390428304673,-0.0,0.04539624999987427,0.0002633150143083185,0.1,0.3106907308101654,3.141592653589793,-3.140516519546509,0.0,0.0,0.0,-0.0
9.952465295791626,-23.2979679107666,-0.00046874998952262104,-0.39990234375,5.859374869032763e-05,-0.03195800632238388,0.020546874031424522,-3.0,0.0,-0.3199687499989523,0.0,-0.04200390428304673,-0.0,0.04539624999987427,0.0002633150143083185,0.1,0.3106907308101654,3.141592653589793,-3.140516519546509,0.0,0.0,0.0,-0.0
9.957017660140991,-23.2979679107666,-0.00046874998952262104,-0.39990234375,5.859374869032763e-05,-0.03195800632238388,0.020546874031424522,-3.0,0.0,-0.3199687499989523,0.0,-0.04200390428304673,-0.0,0.04539624999987427,0.0002633150143083185,0.1,0.3106907308101654,3.141592653589793,-3.140516519546509,0.0,0.0,0.0,-0.0
9.96176528930664,-23.2979679107666,-0.00046874998952262104,-0.39990234375,5.859374869032763e-05,-0.03195800632238388,0.020546874031424522,-3.0,0.0,-0.3199687499989523,0.0,-0.04200390428304673,-0.0,0.04539624999987427,0.0002633150143083185,0.1,0.3106907308101654,3.141592653589793,-3.140516519546509,0.0,0.0,0.0,-0.0
9.966136455535889,-23.2979679107666,-0.00046874998952262104,-0.39990234375,5.859374869032763e-05,-0.03195800632238388,0.020546874031424522,-3.0,0.0,-0.3199687499989523,0.0,-0.04200390428304673,-0.0,0.04539624999987427,0.0002633150143083185,0.1,0.3106907308101654,3.141592653589793,-3.140516519546509,0.0,0.0,0.0,-0.0
9.97076678276062,-23.2979679107666,-0.00046874998952262104,-0.39990234375,5.859374869032763e-05,-0.03195800632238388,0.020546874031424522,-3.0,0.0,-0.3199687499989523,0.0,-0.04200390428304673,-0.0,0.04539624999987427,0.0002633150143083185,0.1,0.3106907308101654,3.141592653589793,-3.140516519546509,0.0,0.0,0.0,-0.0
9.97539210319519,-23.2979679107666,-0.00046874998952262104,-0.39990234375,5.859374869032763e-05,-0.03195800632238388,0.020546874031424522,-3.0,0.0,-0.3199687499989523,0.0,-0.04200390428304673,-0.0,0.04539624999987427,0.0002633150143083185,0.1,0.3106907308101654,3.141592653589793,-3.140516519546509,0.0,0.0,0.0,-0.0
9.979765176773071,-23.2979679107666,-0.00046874998952262104,-0.39990234375,5.859374869032763e-05,-0.03195800632238388,0.020546874031424522,-3.0,0.0,-0.3199687499989523,0.0,-0.04200390428304673,-0.0,0.04539624999987427,0.0002633150143083185,0.1,0.3106907308101654,3.141592653589793,-3.140516519546509,0.0,0.0,0.0,-0.0
9.984296798706055,-23.2979679107666,-0.00046874998952262104,-0.39990234375,5.859374869032763e-05,-0.03195800632238388,0.020546874031424522,-3.0,0.0,-0.3199687499989523,0.0,-0.04200390428304673,-0.0,0.04539624999987427,0.0002633150143083185,0.1,0.3106907308101654,3.141592653589793,-3.140516519546509,0.0,0.0,0.0,-0.0
9.988770484924316,-23.2979679107666,-0.00046874998952262104,-0.39990234375,5.859374869032763e-05,-0.03195800632238388,0.020546874031424522,-3.0,0.0,-0.3199687499989523,0.0,-0.04200390428304673,-0.0,0.04539624999987427,0.0002633150143083185,0.1,0.3106907308101654,3.141592653589793,-3.140516519546509,0.0,0.0,0.0,-0.0
9.993249893188477,-23.2979679107666,-0.00046874998952262104,-0.39990234375,5.859374869032763e-05,-0.03195800632238388,0.020546874031424522,-3.0,0.0,-0.3199687499989523,0.0,-0.04200390428304673,-0.0,0.04539624999987427,0.0002633150143083185,0.1,0.3106907308101654,3.141592653589793,-3.140516519546509,0.0,0.0,0.0,-0.0
9.998037099838257,-23.2979679107666,-0.00046874998952262104,-0.39990234375,5.859374869032763e-05,-0.03195800632238388,0.020546874031424522,-3.0,0.0,-0.3199687499989523,0.0,-0.04200390428304673,-0.0,0.04539624999987427,0.0002633150143083185,0.1,0.3106907308101654,3.141592653589793,-3.140516519546509,0.0,0.0,0.0,-0.0
10.002607822418213,-23.2979679107666,-0.00046874998952262104,-0.39990234375,5.859374869032763e-05,-0.03195800632238388,0.020546874031424522,-3.0,0.0,-0.3199687499989523,0.0,-0.04200390428304673,-0.0,0.04539624999987427,0.0002633150143083185,0.1,0.3106907308101654,3.141592653589793,-3.140516519546509,0.0,0.0,0.0,-0.0
10.007630348205566,-23.2979679107666,-0.00046874998952262104,-0.39990234375,5.859374869032763e-05,-0.03195800632238388,0.020546874031424522,-3.0,0.0,-0.3199687499989523,0.0,-0.04200390428304673,-0.0,0.04539624999987427,0.0002633150143083185,0.1,0.3106907308101654,3.141592653589793,-3.140516519546509,0.0,0.0,0.0,-0.0
10.012397527694702,-23.2979679107666,-0.00046874998952262104,-0.39990234375,5.859374869032763e-05,-0.03195800632238388,0.020546874031424522,-3.0,0.0,-0.3199687499989523,0.0,-0.04200390428304673,-0.0,0.04539624999987427,0.0002633150143083185,0.1,0.3106907308101654,3.141592653589793,-3.140516519546509,0.0,0.0,0.0,-0.0
10.017062425613403,-23.2979679107666,-0.00046874998952262104,-0.39990234375,5.859374869032763e-05,-0.03195800632238388,0.020546874031424522,-3.0,0.0,-0.3199687499989523,0.0,-0.04200390428304673,-0.0,0.04539624999987427,0.0002633150143083185,0.1,0.3106907308101654,3.141592653589793,-3.140516519546509,0.0,0.0,0.0,-0.0
10.021698951721191,-23.2979679107666,-0.00046874998952262104,-0.39990234375,5.859374869032763e-05,-0.03195800632238388,0.020546874031424522,-3.0,0.0,-0.3199687499989523,0.0,-0.04200390428304673,-0.0,0.04539624999987427,0.0002633150143083185,0.1,0.3106907308101654,3.141592653589793,-3.140516519546509,0.0,0.0,0.0,-0.0
10.027219772338867,-23.2979679107666,-0.00046874998952262104,-0.39990234375,5.859374869032763e-05,-0.03195800632238388,0.020546874031424522,-3.0,0.0,-0.3199687499989523,0.0,-0.04200390428304673,-0.0,0.04539624999987427,0.0002633150143083185,0.1,0.3106907308101654,3.141592653589793,-3.140516519546509,0.0,0.0,0.0,-0.0
10.03214144706726,-23.2979679107666,-0.00046874998952262104,-0.39990234375,5.859374869032763e-05,-0.03195800632238388,0.020546874031424522,-3.0,0.0,-0.3199687499989523,0.0,-0.04200390428304673,-0.0,0.04539624999987427,0.0002633150143083185,0.1,0.3106907308101654,3.141592653589793,-3.140516519546509,0.0,0.0,0.0,-0.0
10.03711748123169,-23.2979679107666,-0.00046874998952262104,-0.39990234375,5.859374869032763e-05,-0.03195800632238388,0.020546874031424522,-3.0,0.0,-0.3199687499989523,0.0,-0.04200390428304673,-0.0,0.04539624999987427,0.0002633150143083185,0.1,0.3106907308101654,3.141592653589793,-3.140516519546509,0.0,0.0,0.0,-0.0
10.041714191436768,-23.2979679107666,-0.00046874998952262104,-0.39990234375,5.859374869032763e-05,-0.03195800632238388,0.020546874031424522,-3.0,0.0,-0.3199687499989523,0.0,-0.04200390428304673,-0.0,0.04539624999987427,0.0002633150143083185,0.1,0.3106907308101654,3.141592653589793,-3.140516519546509,0.0,0.0,0.0,-0.0
10.046574592590332,-23.2979679107666,-0.00046874998952262104,-0.39990234375,5.859374869032763e-05,-0.03195800632238388,0.020546874031424522,-3.0,0.0,-0.3199687499989523,0.0,-0.04200390428304673,-0.0,0.04539624999987427,0.0002633150143083185,0.1,0.3106907308101654,3.141592653589793,-3.140516519546509,0.0,0.0,0.0,-0.0
10.0513596534729,-23.2979679107666,-0.00046874998952262104,-0.39990234375,5.859374869032763e-05,-0.03195800632238388,0.020546874031424522,-3.0,0.0,-0.3199687499989523,0.0,-0.04200390428304673,-0.0,0.04539624999987427,0.0002633150143083185,0.1,0.3106907308101654,3.141592653589793,-3.140516519546509,0.0,0.0,0.0,-0.0
10.056243658065796,-23.2979679107666,-0.00046874998952262104,-0.39990234375,5.859374869032763e-05,-0.03195800632238388,0.020546874031424522,-3.0,0.0,-0.3199687499989523,0.0,-0.04200390428304673,-0.0,0.04539624999987427,0.0002633150143083185,0.1,0.3106907308101654,3.141592653589793,-3.140516519546509,0.0,0.0,0.0,-0.0
10.06083059310913,-23.2979679107666,-0.00046874998952262104,-0.39990234375,5.859374869032763e-05,-0.03195800632238388,0.020546874031424522,-3.0,0.0,-0.3199687499989523,0.0,-0.04200390428304673,-0.0,0.04539624999987427,0.0002633150143083185,0.1,0.3106907308101654,3.141592653589793,-3.140516519546509,0.0,0.0,0.0,-0.0
10.065513372421265,-23.2979679107666,-0.00046874998952262104,-0.39990234375,5.859374869032763e-05,-0.03195800632238388,0.020546874031424522,-3.0,0.0,-0.3199687499989523,0.0,-0.04200390428304673,-0.0,0.04539624999987427,0.0002633150143083185,0.1,0.3106907308101654,3.141592653589793,-3.140516519546509,0.0,0.0,0.0,-0.0
10.07027792930603,-23.2979679107666,-0.00046874998952262104,-0.39990234375,5.859374869032763e-05,-0.03195800632238388,0.020546874031424522,-3.0,0.0,-0.3199687499989523,0.0,-0.04200390428304673,-0.0,0.04539624999987427,0.0002633150143083185,0.1,0.3106907308101654,3.141592653589793,-3.140516519546509,0.0,0.0,0.0,-0.0
10.074967622756958,-23.2979679107666,-0.00046874998952262104,-0.39990234375,5.859374869032763e-05,-0.03195800632238388,0.020546874031424522,-3.0,0.0,-0.3199687499989523,0.0,-0.04200390428304673,-0.0,0.04539624999987427,0.0002633150143083185,0.1,0.3106907308101654,3.141592653589793,-3.140516519546509,0.0,0.0,0.0,-0.0
10.079452276229858,-23.2979679107666,-0.00046874998952262104,-0.39990234375,5.859374869032763e-05,-0.03195800632238388,0.020546874031424522,-3.0,0.0,-0.3199687499989523,0.0,-0.04200390428304673,-0.0,0.04539624999987427,0.0002633150143083185,0.1,0.3106907308101654,3.141592653589793,-3.140516519546509,0.0,0.0,0.0,-0.0
10.083803653717041,-23.2979679107666,-0.00046874998952262104,-0.39990234375,5.859374869032763e-05,-0.03195800632238388,0.020546874031424522,-3.0,0.0,-0.3199687499989523,0.0,-0.04200390428304673,-0.0,0.04539624999987427,0.0002633150143083185,0.1,0.3106907308101654,3.141592653589793,-3.140516519546509,0.0,0.0,0.0,-0.0
10.088524580001831,-23.2979679107666,-0.00046874998952262104,-0.39990234375,5.859374869032763e-05,-0.03195800632238388,0.020546874031424522,-3.0,0.0,-0.3199687499989523,0.0,-0.04200390428304673,-0.0,0.04539624999987427,0.0002633150143083185,0.1,0.3106907308101654,3.141592653589793,-3.140516519546509,0.0,0.0,0.0,-0.0
10.093270063400269,-23.2979679107666,-0.00046874998952262104,-0.39990234375,5.859374869032763e-05,-0.03195800632238388,0.020546874031424522,-3.0,0.0,-0.3199687499989523,0.0,-0.04200390428304673,-0.0,0.04539624999987427,0.0002633150143083185,0.1,0.3106907308101654,3.141592653589793,-3.140516519546509,0.0,0.0,0.0,-0.0
10.097832679748535,-23.2979679107666,-0.00046874998952262104,-0.39990234375,5.859374869032763e-05,-0.03195800632238388,0.020546874031424522,-3.0,0.0,-0.3199687499989523,0.0,-0.04200390428304673,-0.0,0.04539624999987427,0.0002633150143083185,0.1,0.3106907308101654,3.141592653589793,-3.140516519546509,0.0,0.0,0.0,-0.0
10.102220058441162,-23.2979679107666,-0.00046874998952262104,-0.39990234375,5.859374869032763e-05,-0.03195800632238388,0.020546874031424522,-3.0,0.0,-0.3199687499989523,0.0,-0.04200390428304673,-0.0,0.04539624999987427,0.0002633150143083185,0.1,0.3106907308101654,3.141592653589793,-3.140516519546509,0.0,0.0,0.0,-0.0
10.10690689086914,-23.2979679107666,-0.00046874998952262104,-0.39990234375,5.859374869032763e-05,-0.03195800632238388,0.020546874031424522,-3.0,0.0,-0.3199687499989523,0.0,-0.04200390428304673,-0.0,0.04539624999987427,0.0002633150143083185,0.1,0.3106907308101654,3.141592653589793,-3.140516519546509,0.0,0.0,0.0,-0.0
10.111347198486328,-23.2979679107666,-0.00046874998952262104,-0.39990234375,5.859374869032763e-05,-0.03195800632238388,0.020546874031424522,-3.0,0.0,-0.3199687499989523,0.0,-0.04200390428304673,-0.0,0.04539624999987427,0.0002633150143083185,0.1,0.3106907308101654,3.141592653589793,-3.140516519546509,0.0,0.0,0.0,-0.0
10.115891933441162,-23.2979679107666,-0.00046874998952262104,-0.39990234375,5.859374869032763e-05,-0.03195800632238388,0.020546874031424522,-3.0,0.0,-0.3199687499989523,0.0,-0.04200390428304673,-0.0,0.04539624999987427,0.0002633150143083185,0.1,0.3106907308101654,3.141592653589793,-3.140516519546509,0.0,0.0,0.0,-0.0
10.120357990264893,-23.2979679107666,-0.00046874998952262104,-0.39990234375,5.859374869032763e-05,-0.03195800632238388,0.020546874031424522,-3.0,0.0,-0.3199687499989523,0.0,-0.04200390428304673,-0.0,0.04539624999987427,0.0002633150143083185,0.1,0.3106907308101654,3.141592653589793,-3.140516519546509,0.0,0.0,0.0,-0.0
10.124676704406738,-23.2979679107666,-0.00046874998952262104,-0.39990234375,5.859374869032763e-05,-0.03195800632238388,0.020546874031424522,-3.0,0.0,-0.3199687499989523,0.0,-0.04200390428304673,-0.0,0.04539624999987427,0.0002633150143083185,0.1,0.3106907308101654,3.141592653589793,-3.140516519546509,0.0,0.0,0.0,-0.0
10.129530429840088,-23.2979679107666,-0.00046874998952262104,-0.39990234375,5.859374869032763e-05,-0.03195800632238388,0.020546874031424522,-3.0,0.0,-0.3199687499989523,0.0,-0.04200390428304673,-0.0,0.04539624999987427,0.0002633150143083185,0.1,0.3106907308101654,3.141592653589793,-3.140516519546509,0.0,0.0,0.0,-0.0
10.13415241241455,-23.2979679107666,-0.00046874998952262104,-0.39990234375,5.859374869032763e-05,-0.03195800632238388,0.020546874031424522,-3.0,0.0,-0.3199687499989523,0.0,-0.04200390428304673,-0.0,0.04539624999987427,0.0002633150143083185,0.1,0.3106907308101654,3.141592653589793,-3.140516519546509,0.0,0.0,0.0,-0.0
10.138883352279663,-23.2979679107666,-0.00046874998952262104,-0.39990234375,5.859374869032763e-05,-0.03195800632238388,0.020546874031424522,-3.0,0.0,-0.3199687499989523,0.0,-0.04200390428304673,-0.0,0.04539624999987427,0.0002633150143083185,0.1,0.3106907308101654,3.141592653589793,-3.140516519546509,0.0,0.0,0.0,-0.0
10.143304586410522,-23.2979679107666,-0.00046874998952262104,-0.39990234375,5.859374869032763e-05,-0.03195800632238388,0.020546874031424522,-3.0,0.0,-0.3199687499989523,0.0,-0.04200390428304673,-0.0,0.04539624999987427,0.0002633150143083185,0.1,0.3106907308101654,3.141592653589793,-3.140516519546509,0.0,0.0,0.0,-0.0
10.148107528686523,-23.2979679107666,-0.00046874998952262104,-0.39990234375,5.859374869032763e-05,-0.03195800632238388,0.020546874031424522,-3.0,0.0,-0.3199687499989523,0.0,-0.04200390428304673,-0.0,0.04539624999987427,0.0002633150143083185,0.1,0.3106907308101654,3.141592653589793,-3.140516519546509,0.0,0.0,0.0,-0.0
10.15269136428833,-23.2979679107666,-0.00046874998952262104,-0.39990234375,5.859374869032763e-05,-0.03195800632238388,0.020546874031424522,-3.0,0.0,-0.3199687499989523,0.0,-0.04200390428304673,-0.0,0.04539624999987427,0.0002633150143083185,0.1,0.3106907308101654,3.141592653589793,-3.140516519546509,0.0,0.0,0.0,-0.0
10.157260179519653,-23.2979679107666,-0.00046874998952262104,-0.39990234375,5.859374869032763e-05,-0.03195800632238388,0.020546874031424522,-3.0,0.0,-0.3199687499989523,0.0,-0.04200390428304673,-0.0,0.04539624999987427,0.0002633150143083185,0.1,0.3106907308101654,3.141592653589793,-3.140516519546509,0.0,0.0,0.0,-0.0
10.161976337432861,-23.2979679107666,-0.00046874998952262104,-0.39990234375,5.859374869032763e-05,-0.03195800632238388,0.020546874031424522,-3.0,0.0,-0.3199687499989523,0.0,-0.04200390428304673,-0.0,0.04539624999987427,0.0002633150143083185,0.1,0.3106907308101654,3.141592653589793,-3.140516519546509,0.0,0.0,0.0,-0.0
10.166303634643555,-23.2979679107666,-0.00046874998952262104,-0.39990234375,5.859374869032763e-05,-0.03195800632238388,0.020546874031424522,-3.0,0.0,-0.3199687499989523,0.0,-0.04200390428304673,-0.0,0.04539624999987427,0.0002633150143083185,0.1,0.3106907308101654,3.141592653589793,-3.140516519546509,0.0,0.0,0.0,-0.0
10.170871019363403,-23.2979679107666,-0.00046874998952262104,-0.39990234375,5.859374869032763e-05,-0.03195800632238388,0.020546874031424522,-3.0,0.0,-0.3199687499989523,0.0,-0.04200390428304673,-0.0,0.04539624999987427,0.0002633150143083185,0.1,0.3106907308101654,3.141592653589793,-3.140516519546509,0.0,0.0,0.0,-0.0
10.17549467086792,-23.2979679107666,-0.00046874998952262104,-0.39990234375,5.859374869032763e-05,-0.03195800632238388,0.020546874031424522,-3.0,0.0,-0.3199687499989523,0.0,-0.04200390428304673,-0.0,0.04539624999987427,0.0002633150143083185,0.1,0.3106907308101654,3.141592653589793,-3.140516519546509,0.0,0.0,0.0,-0.0
10.1803879737854,-23.2979679107666,-0.00046874998952262104,-0.39990234375,5.859374869032763e-05,-0.03195800632238388,0.020546874031424522,-3.0,0.0,-0.3199687499989523,0.0,-0.04200390428304673,-0.0,0.04539624999987427,0.0002633150143083185,0.1,0.3106907308101654,3.141592653589793,-3.140516519546509,0.0,0.0,0.0,-0.0
10.185336112976074,-23.2979679107666,-0.00046874998952262104,-0.39990234375,5.859374869032763e-05,-0.03195800632238388,0.020546874031424522,-3.0,0.0,-0.3199687499989523,0.0,-0.04200390428304673,-0.0,0.04539624999987427,0.0002633150143083185,0.1,0.3106907308101654,3.141592653589793,-3.140516519546509,0.0,0.0,0.0,-0.0
10.190078973770142,-23.2979679107666,-0.00046874998952262104,-0.39990234375,5.859374869032763e-05,-0.03195800632238388,0.020546874031424522,-3.0,0.0,-0.3199687499989523,0.0,-0.04200390428304673,-0.0,0.04539624999987427,0.0002633150143083185,0.1,0.3106907308101654,3.141592653589793,-3.140516519546509,0.0,0.0,0.0,-0.0
10.194820642471313,-23.2979679107666,-0.00046874998952262104,-0.39990234375,5.859374869032763e-05,-0.03195800632238388,0.020546874031424522,-3.0,0.0,-0.3199687499989523,0.0,-0.04200390428304673,-0.0,0.04539624999987427,0.0002633150143083185,0.1,0.3106907308101654,3.141592653589793,-3.140516519546509,0.0,0.0,0.0,-0.0
10.199608325958252,-23.2979679107666,-0.00046874998952262104,-0.39990234375,5.859374869032763e-05,-0.03195800632238388,0.020546874031424522,-3.0,0.0,-0.3199687499989523,0.0,-0.04200390428304673,-0.0,0.04539624999987427,0.0002633150143083185,0.1,0.3106907308101654,3.141592653589793,-3.140516519546509,0.0,0.0,0.0,-0.0
10.20395827293396,-23.2979679107666,-0.00046874998952262104,-0.39990234375,5.859374869032763e-05,-0.03195800632238388,0.020546874031424522,-3.0,0.0,-0.3199687499989523,0.0,-0.04200390428304673,-0.0,0.04539624999987427,0.0002633150143083185,0.1,0.3106907308101654,3.141592653589793,-3.140516519546509,0.0,0.0,0.0,-0.0
10.208655834197998,-23.2979679107666,-0.00046874998952262104,-0.39990234375,5.859374869032763e-05,-0.03195800632238388,0.020546874031424522,-3.0,0.0,-0.3199687499989523,0.0,-0.04200390428304673,-0.0,0.04539624999987427,0.0002633150143083185,0.1,0.3106907308101654,3.141592653589793,-3.140516519546509,0.0,0.0,0.0,-0.0
10.213453769683838,-23.2979679107666,-0.00046874998952262104,-0.39990234375,5.859374869032763e-05,-0.03195800632238388,0.020546874031424522,-3.0,0.0,-0.3199687499989523,0.0,-0.04200390428304673,-0.0,0.04539624999987427,0.0002633150143083185,0.1,0.3106907308101654,3.141592653589793,-3.140516519546509,0.0,0.0,0.0,-0.0
10.218102216720581,-23.2979679107666,-0.00046874998952262104,-0.39990234375,5.859374869032763e-05,-0.03195800632238388,0.020546874031424522,-3.0,0.0,-0.3199687499989523,0.0,-0.04200390428304673,-0.0,0.04539624999987427,0.0002633150143083185,0.1,0.3106907308101654,3.141592653589793,-3.140516519546509,0.0,0.0,0.0,-0.0
10.223392486572266,-23.2979679107666,-0.00046874998952262104,-0.39990234375,5.859374869032763e-05,-0.03195800632238388,0.020546874031424522,-3.0,0.0,-0.3199687499989523,0.0,-0.04200390428304673,-0.0,0.04539624999987427,0.0002633150143083185,0.1,0.3106907308101654,3.141592653589793,-3.140516519546509,0.0,0.0,0.0,-0.0
10.228140354156494,-23.2979679107666,-0.00046874998952262104,-0.39990234375,5.859374869032763e-05,-0.03195800632238388,0.020546874031424522,-3.0,0.0,-0.3199687499989523,0.0,-0.04200390428304673,-0.0,0.04539624999987427,0.0002633150143083185,0.1,0.3106907308101654,3.141592653589793,-3.140516519546509,0.0,0.0,0.0,-0.0
10.232742071151733,-23.2979679107666,-0.00046874998952262104,-0.39990234375,5.859374869032763e-05,-0.03195800632238388,0.020546874031424522,-3.0,0.0,-0.3199687499989523,0.0,-0.04200390428304673,-0.0,0.04539624999987427,0.0002633150143083185,0.1,0.3106907308101654,3.141592653589793,-3.140516519546509,0.0,0.0,0.0,-0.0
10.237562656402588,-23.2979679107666,-0.00046874998952262104,-0.39990234375,5.859374869032763e-05,-0.03195800632238388,0.020546874031424522,-3.0,0.0,-0.3199687499989523,0.0,-0.04200390428304673,-0.0,0.04539624999987427,0.0002633150143083185,0.1,0.3106907308101654,3.141592653589793,-3.140516519546509,0.0,0.0,0.0,-0.0
10.245332479476929,-23.2979679107666,-0.00046874998952262104,-0.39990234375,5.859374869032763e-05,-0.03195800632238388,0.020546874031424522,-3.0,0.0,-0.3199687499989523,0.0,-0.04200390428304673,-0.0,0.04539624999987427,0.0002633150143083185,0.1,0.3106907308101654,3.141592653589793,-3.140516519546509,0.0,0.0,0.0,-0.0
10.249783515930176,-23.2979679107666,-0.00046874998952262104,-0.39990234375,5.859374869032763e-05,-0.03195800632238388,0.020546874031424522,-3.0,0.0,-0.3199687499989523,0.0,-0.04200390428304673,-0.0,0.04539624999987427,0.0002633150143083185,0.1,0.3106907308101654,3.141592653589793,-3.140516519546509,0.0,0.0,0.0,-0.0
10.254426956176758,-23.2979679107666,-0.00046874998952262104,-0.39990234375,5.859374869032763e-05,-0.03195800632238388,0.020546874031424522,-3.0,0.0,-0.3199687499989523,0.0,-0.04200390428304673,-0.0,0.04539624999987427,0.0002633150143083185,0.1,0.3106907308101654,3.141592653589793,-3.140516519546509,0.0,0.0,0.0,-0.0
10.258883237838745,-23.2979679107666,-0.00046874998952262104,-0.39990234375,5.859374869032763e-05,-0.03195800632238388,0.020546874031424522,-3.0,0.0,-0.3199687499989523,0.0,-0.04200390428304673,-0.0,0.04539624999987427,0.0002633150143083185,0.1,0.3106907308101654,3.141592653589793,-3.140516519546509,0.0,0.0,0.0,-0.0
10.26376748085022,-23.2979679107666,-0.00046874998952262104,-0.39990234375,5.859374869032763e-05,-0.03195800632238388,0.020546874031424522,-3.0,0.0,-0.3199687499989523,0.0,-0.04200390428304673,-0.0,0.04539624999987427,0.0002633150143083185,0.1,0.3106907308101654,3.141592653589793,-3.140516519546509,0.0,0.0,0.0,-0.0
10.268076419830322,-23.2979679107666,-0.00046874998952262104,-0.39990234375,5.859374869032763e-05,-0.03195800632238388,0.020546874031424522,-3.0,0.0,-0.3199687499989523,0.0,-0.04200390428304673,-0.0,0.04539624999987427,0.0002633150143083185,0.1,0.3106907308101654,3.141592653589793,-3.140516519546509,0.0,0.0,0.0,-0.0
10.273036003112793,-23.2979679107666,-0.00046874998952262104,-0.39990234375,5.859374869032763e-05,-0.03195800632238388,0.020546874031424522,-3.0,0.0,-0.3199687499989523,0.0,-0.04200390428304673,-0.0,0.04539624999987427,0.0002633150143083185,0.1,0.3106907308101654,3.141592653589793,-3.140516519546509,0.0,0.0,0.0,-0.0
10.277744770050049,-23.2979679107666,-0.00046874998952262104,-0.39990234375,5.859374869032763e-05,-0.03195800632238388,0.020546874031424522,-3.0,0.0,-0.3199687499989523,0.0,-0.04200390428304673,-0.0,0.04539624999987427,0.0002633150143083185,0.1,0.3106907308101654,3.141592653589793,-3.140516519546509,0.0,0.0,0.0,-0.0
10.282569646835327,-23.2979679107666,-0.00046874998952262104,-0.39990234375,5.859374869032763e-05,-0.03195800632238388,0.020546874031424522,-3.0,0.0,-0.3199687499989523,0.0,-0.04200390428304673,-0.0,0.04539624999987427,0.0002633150143083185,0.1,0.3106907308101654,3.141592653589793,-3.140516519546509,0.0,0.0,0.0,-0.0
10.287207841873169,-23.2979679107666,-0.00046874998952262104,-0.39990234375,5.859374869032763e-05,-0.03195800632238388,0.020546874031424522,-3.0,0.0,-0.3199687499989523,0.0,-0.04200390428304673,-0.0,0.04539624999987427,0.0002633150143083185,0.1,0.3106907308101654,3.141592653589793,-3.140516519546509,0.0,0.0,0.0,-0.0
10.291891813278198,-23.2979679107666,-0.00046874998952262104,-0.39990234375,5.859374869032763e-05,-0.03195800632238388,0.020546874031424522,-3.0,0.0,-0.3199687499989523,0.0,-0.04200390428304673,-0.0,0.04539624999987427,0.0002633150143083185,0.1,0.3106907308101654,3.141592653589793,-3.140516519546509,0.0,0.0,0.0,-0.0
10.296580791473389,-23.2979679107666,-0.00046874998952262104,-0.39990234375,5.859374869032763e-05,-0.03195800632238388,0.020546874031424522,-3.0,0.0,-0.3199687499989523,0.0,-0.04200390428304673,-0.0,0.04539624999987427,0.0002633150143083185,0.1,0.3106907308101654,3.141592653589793,-3.140516519546509,0.0,0.0,0.0,-0.0
10.301566123962402,-23.2979679107666,-0.00046874998952262104,-0.39990234375,5.859374869032763e-05,-0.03195800632238388,0.020546874031424522,-3.0,0.0,-0.3199687499989523,0.0,-0.04200390428304673,-0.0,0.04539624999987427,0.0002633150143083185,0.1,0.3106907308101654,3.141592653589793,-3.140516519546509,0.0,0.0,0.0,-0.0
10.306151151657104,-23.2979679107666,-0.00046874998952262104,-0.39990234375,5.859374869032763e-05,-0.03195800632238388,0.020546874031424522,-3.0,0.0,-0.3199687499989523,0.0,-0.04200390428304673,-0.0,0.04539624999987427,0.0002633150143083185,0.1,0.3106907308101654,3.141592653589793,-3.140516519546509,0.0,0.0,0.0,-0.0
10.310975074768066,-23.2979679107666,-0.00046874998952262104,-0.39990234375,5.859374869032763e-05,-0.03195800632238388,0.020546874031424522,-3.0,0.0,-0.3199687499989523,0.0,-0.04200390428304673,-0.0,0.04539624999987427,0.0002633150143083185,0.1,0.3106907308101654,3.141592653589793,-3.140516519546509,0.0,0.0,0.0,-0.0
10.315566539764404,-23.2979679107666,-0.00046874998952262104,-0.39990234375,5.859374869032763e-05,-0.03195800632238388,0.020546874031424522,-3.0,0.0,-0.3199687499989523,0.0,-0.04200390428304673,-0.0,0.04539624999987427,0.0002633150143083185,0.1,0.3106907308101654,3.141592653589793,-3.140516519546509,0.0,0.0,0.0,-0.0
10.320312738418579,-23.2979679107666,-0.00046874998952262104,-0.39990234375,5.859374869032763e-05,-0.03195800632238388,0.020546874031424522,-3.0,0.0,-0.3199687499989523,0.0,-0.04200390428304673,-0.0,0.04539624999987427,0.0002633150143083185,0.1,0.3106907308101654,3.141592653589793,-3.140516519546509,0.0,0.0,0.0,-0.0
10.324815273284912,-23.2979679107666,-0.00046874998952262104,-0.39990234375,5.859374869032763e-05,-0.03195800632238388,0.020546874031424522,-3.0,0.0,-0.3199687499989523,0.0,-0.04200390428304673,-0.0,0.04539624999987427,0.0002633150143083185,0.1,0.3106907308101654,3.141592653589793,-3.140516519546509,0.0,0.0,0.0,-0.0
10.330222129821777,-23.2979679107666,-0.00046874998952262104,-0.39990234375,5.859374869032763e-05,-0.03195800632238388,0.020546874031424522,-3.0,0.0,-0.3199687499989523,0.0,-0.04200390428304673,-0.0,0.04539624999987427,0.0002633150143083185,0.1,0.3106907308101654,3.141592653589793,-3.140516519546509,0.0,0.0,0.0,-0.0
10.335030794143677,-23.2979679107666,-0.00046874998952262104,-0.39990234375,5.859374869032763e-05,-0.03195800632238388,0.020546874031424522,-3.0,0.0,-0.3199687499989523,0.0,-0.04200390428304673,-0.0,0.04539624999987427,0.0002633150143083185,0.1,0.3106907308101654,3.141592653589793,-3.140516519546509,0.0,0.0,0.0,-0.0
10.33971905708313,-23.2979679107666,-0.00046874998952262104,-0.39990234375,5.859374869032763e-05,-0.03195800632238388,0.020546874031424522,-3.0,0.0,-0.3199687499989523,0.0,-0.04200390428304673,-0.0,0.04539624999987427,0.0002633150143083185,0.1,0.3106907308101654,3.141592653589793,-3.140516519546509,0.0,0.0,0.0,-0.0
10.344048500061035,-23.2979679107666,-0.00046874998952262104,-0.39990234375,5.859374869032763e-05,-0.03195800632238388,0.020546874031424522,-3.0,0.0,-0.3199687499989523,0.0,-0.04200390428304673,-0.0,0.04539624999987427,0.0002633150143083185,0.1,0.3106907308101654,3.141592653589793,-3.140516519546509,0.0,0.0,0.0,-0.0
10.348731517791748,-23.2979679107666,-0.00046874998952262104,-0.39990234375,5.859374869032763e-05,-0.03195800632238388,0.020546874031424522,-3.0,0.0,-0.3199687499989523,0.0,-0.04200390428304673,-0.0,0.04539624999987427,0.0002633150143083185,0.1,0.3106907308101654,3.141592653589793,-3.140516519546509,0.0,0.0,0.0,-0.0
10.353451013565063,-23.2979679107666,-0.00046874998952262104,-0.39990234375,5.859374869032763e-05,-0.03195800632238388,0.020546874031424522,-3.0,0.0,-0.3199687499989523,0.0,-0.04200390428304673,-0.0,0.04539624999987427,0.0002633150143083185,0.1,0.3106907308101654,3.141592653589793,-3.140516519546509,0.0,0.0,0.0,-0.0
10.358038902282715,-23.2979679107666,-0.00046874998952262104,-0.39990234375,5.859374869032763e-05,-0.03195800632238388,0.020546874031424522,-3.0,0.0,-0.3199687499989523,0.0,-0.04200390428304673,-0.0,0.04539624999987427,0.0002633150143083185,0.1,0.3106907308101654,3.141592653589793,-3.140516519546509,0.0,0.0,0.0,-0.0
10.362638711929321,-23.2979679107666,-0.00046874998952262104,-0.39990234375,5.859374869032763e-05,-0.03195800632238388,0.020546874031424522,-3.0,0.0,-0.3199687499989523,0.0,-0.04200390428304673,-0.0,0.04539624999987427,0.0002633150143083185,0.1,0.3106907308101654,3.141592653589793,-3.140516519546509,0.0,0.0,0.0,-0.0
10.367396116256714,-23.2979679107666,-0.00046874998952262104,-0.39990234375,5.859374869032763e-05,-0.03195800632238388,0.020546874031424522,-3.0,0.0,-0.3199687499989523,0.0,-0.04200390428304673,-0.0,0.04539624999987427,0.0002633150143083185,0.1,0.3106907308101654,3.141592653589793,-3.140516519546509,0.0,0.0,0.0,-0.0
10.372153282165527,-23.2979679107666,-0.00046874998952262104,-0.39990234375,5.859374869032763e-05,-0.03195800632238388,0.020546874031424522,-3.0,0.0,-0.3199687499989523,0.0,-0.04200390428304673,-0.0,0.04539624999987427,0.0002633150143083185,0.1,0.3106907308101654,3.141592653589793,-3.140516519546509,0.0,0.0,0.0,-0.0
10.376947402954102,-23.2979679107666,-0.00046874998952262104,-0.39990234375,5.859374869032763e-05,-0.03195800632238388,0.020546874031424522,-3.0,0.0,-0.3199687499989523,0.0,-0.04200390428304673,-0.0,0.04539624999987427,0.0002633150143083185,0.1,0.3106907308101654,3.141592653589793,-3.140516519546509,0.0,0.0,0.0,-0.0
10.381324052810669,-23.2979679107666,-0.00046874998952262104,-0.39990234375,5.859374869032763e-05,-0.03195800632238388,0.020546874031424522,-3.0,0.0,-0.3199687499989523,0.0,-0.04200390428304673,-0.0,0.04539624999987427,0.0002633150143083185,0.1,0.3106907308101654,3.141592653589793,-3.140516519546509,0.0,0.0,0.0,-0.0
10.38591742515564,-23.2979679107666,-0.00046874998952262104,-0.39990234375,5.859374869032763e-05,-0.03195800632238388,0.020546874031424522,-3.0,0.0,-0.3199687499989523,0.0,-0.04200390428304673,-0.0,0.04539624999987427,0.0002633150143083185,0.1,0.3106907308101654,3.141592653589793,-3.140516519546509,0.0,0.0,0.0,-0.0
10.390658855438232,-23.2979679107666,-0.00046874998952262104,-0.39990234375,5.859374869032763e-05,-0.03195800632238388,0.020546874031424522,-3.0,0.0,-0.3199687499989523,0.0,-0.04200390428304673,-0.0,0.04539624999987427,0.0002633150143083185,0.1,0.3106907308101654,3.141592653589793,-3.140516519546509,0.0,0.0,0.0,-0.0
10.395382404327393,-23.2979679107666,-0.00046874998952262104,-0.39990234375,5.859374869032763e-05,-0.03195800632238388,0.020546874031424522,-3.0,0.0,-0.3199687499989523,0.0,-0.04200390428304673,-0.0,0.04539624999987427,0.0002633150143083185,0.1,0.3106907308101654,3.141592653589793,-3.140516519546509,0.0,0.0,0.0,-0.0
10.400174856185913,-23.2979679107666,-0.00046874998952262104,-0.39990234375,5.859374869032763e-05,-0.03195800632238388,0.020546874031424522,-3.0,0.0,-0.3199687499989523,0.0,-0.04200390428304673,-0.0,0.04539624999987427,0.0002633150143083185,0.1,0.3106907308101654,3.141592653589793,-3.140516519546509,0.0,0.0,0.0,-0.0
10.404928922653198,-23.2979679107666,-0.00046874998952262104,-0.39990234375,5.859374869032763e-05,-0.03195800632238388,0.020546874031424522,-3.0,0.0,-0.3199687499989523,0.0,-0.04200390428304673,-0.0,0.04539624999987427,0.0002633150143083185,0.1,0.3106907308101654,3.141592653589793,-3.140516519546509,0.0,0.0,0.0,-0.0
10.409607887268066,-23.2979679107666,-0.00046874998952262104,-0.39990234375,5.859374869032763e-05,-0.03195800632238388,0.020546874031424522,-3.0,0.0,-0.3199687499989523,0.0,-0.04200390428304673,-0.0,0.04539624999987427,0.0002633150143083185,0.1,0.3106907308101654,3.141592653589793,-3.140516519546509,0.0,0.0,0.0,-0.0
10.414236783981323,-23.2979679107666,-0.00046874998952262104,-0.39990234375,5.859374869032763e-05,-0.03195800632238388,0.020546874031424522,-3.0,0.0,-0.3199687499989523,0.0,-0.04200390428304673,-0.0,0.04539624999987427,0.0002633150143083185,0.1,0.3106907308101654,3.141592653589793,-3.140516519546509,0.0,0.0,0.0,-0.0
10.418582916259766,-23.2979679107666,-0.00046874998952262104,-0.39990234375,5.859374869032763e-05,-0.03195800632238388,0.020546874031424522,-3.0,0.0,-0.3199687499989523,0.0,-0.04200390428304673,-0.0,0.04539624999987427,0.0002633150143083185,0.1,0.3106907308101654,3.141592653589793,-3.140516519546509,0.0,0.0,0.0,-0.0
10.423187971115112,-23.2979679107666,-0.00046874998952262104,-0.39990234375,5.859374869032763e-05,-0.03195800632238388,0.020546874031424522,-3.0,0.0,-0.3199687499989523,0.0,-0.04200390428304673,-0.0,0.04539624999987427,0.0002633150143083185,0.1,0.3106907308101654,3.141592653589793,-3.140516519546509,0.0,0.0,0.0,-0.0
10.427740097045898,-23.2979679107666,-0.00046874998952262104,-0.39990234375,5.859374869032763e-05,-0.03195800632238388,0.020546874031424522,-3.0,0.0,-0.3199687499989523,0.0,-0.04200390428304673,-0.0,0.04539624999987427,0.0002633150143083185,0.1,0.3106907308101654,3.141592653589793,-3.140516519546509,0.0,0.0,0.0,-0.0
10.432164907455444,-23.2979679107666,-0.00046874998952262104,-0.39990234375,5.859374869032763e-05,-0.03195800632238388,0.020546874031424522,-3.0,0.0,-0.3199687499989523,0.0,-0.04200390428304673,-0.0,0.04539624999987427,0.0002633150143083185,0.1,0.3106907308101654,3.141592653589793,-3.140516519546509,0.0,0.0,0.0,-0.0
10.436792850494385,-23.2979679107666,-0.00046874998952262104,-0.39990234375,5.859374869032763e-05,-0.03195800632238388,0.020546874031424522,-3.0,0.0,-0.3199687499989523,0.0,-0.04200390428304673,-0.0,0.04539624999987427,0.0002633150143083185,0.1,0.3106907308101654,3.141592653589793,-3.140516519546509,0.0,0.0,0.0,-0.0
10.441344499588013,-23.2979679107666,-0.00046874998952262104,-0.39990234375,5.859374869032763e-05,-0.03195800632238388,0.020546874031424522,-3.0,0.0,-0.3199687499989523,0.0,-0.04200390428304673,-0.0,0.04539624999987427,0.0002633150143083185,0.1,0.3106907308101654,3.141592653589793,-3.140516519546509,0.0,0.0,0.0,-0.0
10.446270227432251,-23.2979679107666,-0.00046874998952262104,-0.39990234375,5.859374869032763e-05,-0.03195800632238388,0.020546874031424522,-3.0,0.0,-0.3199687499989523,0.0,-0.04200390428304673,-0.0,0.04539624999987427,0.0002633150143083185,0.1,0.3106907308101654,3.141592653589793,-3.140516519546509,0.0,0.0,0.0,-0.0
10.451054573059082,-23.2979679107666,-0.00046874998952262104,-0.39990234375,5.859374869032763e-05,-0.03195800632238388,0.020546874031424522,-3.0,0.0,-0.3199687499989523,0.0,-0.04200390428304673,-0.0,0.04539624999987427,0.0002633150143083185,0.1,0.3106907308101654,3.141592653589793,-3.140516519546509,0.0,0.0,0.0,-0.0
10.455376148223877,-23.2979679107666,-0.00046874998952262104,-0.39990234375,5.859374869032763e-05,-0.03195800632238388,0.020546874031424522,-3.0,0.0,-0.3199687499989523,0.0,-0.04200390428304673,-0.0,0.04539624999987427,0.0002633150143083185,0.1,0.3106907308101654,3.141592653589793,-3.140516519546509,0.0,0.0,0.0,-0.0
10.460204601287842,-23.2979679107666,-0.00046874998952262104,-0.39990234375,5.859374869032763e-05,-0.03195800632238388,0.020546874031424522,-3.0,0.0,-0.3199687499989523,0.0,-0.04200390428304673,-0.0,0.04539624999987427,0.0002633150143083185,0.1,0.3106907308101654,3.141592653589793,-3.140516519546509,0.0,0.0,0.0,-0.0
10.464935302734375,-23.2979679107666,-0.00046874998952262104,-0.39990234375,5.859374869032763e-05,-0.03195800632238388,0.020546874031424522,-3.0,0.0,-0.3199687499989523,0.0,-0.04200390428304673,-0.0,0.04539624999987427,0.0002633150143083185,0.1,0.3106907308101654,3.141592653589793,-3.140516519546509,0.0,0.0,0.0,-0.0
10.46969485282898,-23.2979679107666,-0.00046874998952262104,-0.39990234375,5.859374869032763e-05,-0.03195800632238388,0.020546874031424522,-3.0,0.0,-0.3199687499989523,0.0,-0.04200390428304673,-0.0,0.04539624999987427,0.0002633150143083185,0.1,0.3106907308101654,3.141592653589793,-3.140516519546509,0.0,0.0,0.0,-0.0
10.474506855010986,-23.2979679107666,-0.00046874998952262104,-0.39990234375,5.859374869032763e-05,-0.03195800632238388,0.020546874031424522,-3.0,0.0,-0.3199687499989523,0.0,-0.04200390428304673,-0.0,0.04539624999987427,0.0002633150143083185,0.1,0.3106907308101654,3.141592653589793,-3.140516519546509,0.0,0.0,0.0,-0.0
10.47916841506958,-23.2979679107666,-0.00046874998952262104,-0.39990234375,5.859374869032763e-05,-0.03195800632238388,0.020546874031424522,-3.0,0.0,-0.3199687499989523,0.0,-0.04200390428304673,-0.0,0.04539624999987427,0.0002633150143083185,0.1,0.3106907308101654,3.141592653589793,-3.140516519546509,0.0,0.0,0.0,-0.0
10.483548164367676,-23.2979679107666,-0.00046874998952262104,-0.39990234375,5.859374869032763e-05,-0.03195800632238388,0.020546874031424522,-3.0,0.0,-0.3199687499989523,0.0,-0.04200390428304673,-0.0,0.04539624999987427,0.0002633150143083185,0.1,0.3106907308101654,3.141592653589793,-3.140516519546509,0.0,0.0,0.0,-0.0
10.488292932510376,-23.2979679107666,-0.00046874998952262104,-0.39990234375,5.859374869032763e-05,-0.03195800632238388,0.020546874031424522,-3.0,0.0,-0.3199687499989523,0.0,-0.04200390428304673,-0.0,0.04539624999987427,0.0002633150143083185,0.1,0.3106907308101654,3.141592653589793,-3.140516519546509,0.0,0.0,0.0,-0.0
10.49310564994812,-23.2979679107666,-0.00046874998952262104,-0.39990234375,5.859374869032763e-05,-0.03195800632238388,0.020546874031424522,-3.0,0.0,-0.3199687499989523,0.0,-0.04200390428304673,-0.0,0.04539624999987427,0.0002633150143083185,0.1,0.3106907308101654,3.141592653589793,-3.140516519546509,0.0,0.0,0.0,-0.0
10.497788190841675,-23.2979679107666,-0.00046874998952262104,-0.39990234375,5.859374869032763e-05,-0.03195800632238388,0.020546874031424522,-3.0,0.0,-0.3199687499989523,0.0,-0.04200390428304673,-0.0,0.04539624999987427,0.0002633150143083185,0.1,0.3106907308101654,3.141592653589793,-3.140516519546509,0.0,0.0,0.0,-0.0
10.502312421798706,-23.2979679107666,-0.00046874998952262104,-0.39990234375,5.859374869032763e-05,-0.03195800632238388,0.020546874031424522,-3.0,0.0,-0.3199687499989523,0.0,-0.04200390428304673,-0.0,0.04539624999987427,0.0002633150143083185,0.1,0.3106907308101654,3.141592653589793,-3.140516519546509,0.0,0.0,0.0,-0.0
10.506901025772095,-23.2979679107666,-0.00046874998952262104,-0.39990234375,5.859374869032763e-05,-0.03195800632238388,0.020546874031424522,-3.0,0.0,-0.3199687499989523,0.0,-0.04200390428304673,-0.0,0.04539624999987427,0.0002633150143083185,0.1,0.3106907308101654,3.141592653589793,-3.140516519546509,0.0,0.0,0.0,-0.0
10.511561155319214,-23.2979679107666,-0.00046874998952262104,-0.39990234375,5.859374869032763e-05,-0.03195800632238388,0.020546874031424522,-3.0,0.0,-0.3199687499989523,0.0,-0.04200390428304673,-0.0,0.04539624999987427,0.0002633150143083185,0.1,0.3106907308101654,3.141592653589793,-3.140516519546509,0.0,0.0,0.0,-0.0
10.516207218170166,-23.2979679107666,-0.00046874998952262104,-0.39990234375,5.859374869032763e-05,-0.03195800632238388,0.020546874031424522,-3.0,0.0,-0.3199687499989523,0.0,-0.04200390428304673,-0.0,0.04539624999987427,0.0002633150143083185,0.1,0.3106907308101654,3.141592653589793,-3.140516519546509,0.0,0.0,0.0,-0.0
10.5205979347229,-23.2979679107666,-0.00046874998952262104,-0.39990234375,5.859374869032763e-05,-0.03195800632238388,0.020546874031424522,-3.0,0.0,-0.3199687499989523,0.0,-0.04200390428304673,-0.0,0.04539624999987427,0.0002633150143083185,0.1,0.3106907308101654,3.141592653589793,-3.140516519546509,0.0,0.0,0.0,-0.0
10.524998664855957,-23.2979679107666,-0.00046874998952262104,-0.39990234375,5.859374869032763e-05,-0.03195800632238388,0.020546874031424522,-3.0,0.0,-0.3199687499989523,0.0,-0.04200390428304673,-0.0,0.04539624999987427,0.0002633150143083185,0.1,0.3106907308101654,3.141592653589793,-3.140516519546509,0.0,0.0,0.0,-0.0
10.529462337493896,-23.2979679107666,-0.00046874998952262104,-0.39990234375,5.859374869032763e-05,-0.03195800632238388,0.020546874031424522,-3.0,0.0,-0.3199687499989523,0.0,-0.04200390428304673,-0.0,0.04539624999987427,0.0002633150143083185,0.1,0.3106907308101654,3.141592653589793,-3.140516519546509,0.0,0.0,0.0,-0.0
10.534014463424683,-23.2979679107666,-0.00046874998952262104,-0.39990234375,5.859374869032763e-05,-0.03195800632238388,0.020546874031424522,-3.0,0.0,-0.3199687499989523,0.0,-0.04200390428304673,-0.0,0.04539624999987427,0.0002633150143083185,0.1,0.3106907308101654,3.141592653589793,-3.140516519546509,0.0,0.0,0.0,-0.0
10.538636684417725,-23.2979679107666,-0.00046874998952262104,-0.39990234375,5.859374869032763e-05,-0.03195800632238388,0.020546874031424522,-3.0,0.0,-0.3199687499989523,0.0,-0.04200390428304673,-0.0,0.04539624999987427,0.0002633150143083185,0.1,0.3106907308101654,3.141592653589793,-3.140516519546509,0.0,0.0,0.0,-0.0
10.543149471282959,-23.2979679107666,-0.00046874998952262104,-0.39990234375,5.859374869032763e-05,-0.03195800632238388,0.020546874031424522,-3.0,0.0,-0.3199687499989523,0.0,-0.04200390428304673,-0.0,0.04539624999987427,0.0002633150143083185,0.1,0.3106907308101654,3.141592653589793,-3.140516519546509,0.0,0.0,0.0,-0.0
10.547932386398315,-23.2979679107666,-0.00046874998952262104,-0.39990234375,5.859374869032763e-05,-0.03195800632238388,0.020546874031424522,-3.0,0.0,-0.3199687499989523,0.0,-0.04200390428304673,-0.0,0.04539624999987427,0.0002633150143083185,0.1,0.3106907308101654,3.141592653589793,-3.140516519546509,0.0,0.0,0.0,-0.0
10.552459239959717,-23.2979679107666,-0.00046874998952262104,-0.39990234375,5.859374869032763e-05,-0.03195800632238388,0.020546874031424522,-3.0,0.0,-0.3199687499989523,0.0,-0.04200390428304673,-0.0,0.04539624999987427,0.0002633150143083185,0.1,0.3106907308101654,3.141592653589793,-3.140516519546509,0.0,0.0,0.0,-0.0
10.557687520980835,-23.2979679107666,-0.00046874998952262104,-0.39990234375,5.859374869032763e-05,-0.03195800632238388,0.020546874031424522,-3.0,0.0,-0.3199687499989523,0.0,-0.04200390428304673,-0.0,0.04539624999987427,0.0002633150143083185,0.1,0.3106907308101654,3.141592653589793,-3.140516519546509,0.0,0.0,0.0,-0.0
10.562568426132202,-23.2979679107666,-0.00046874998952262104,-0.39990234375,5.859374869032763e-05,-0.03195800632238388,0.020546874031424522,-3.0,0.0,-0.3199687499989523,0.0,-0.04200390428304673,-0.0,0.04539624999987427,0.0002633150143083185,0.1,0.3106907308101654,3.141592653589793,-3.140516519546509,0.0,0.0,0.0,-0.0
10.567194700241089,-23.2979679107666,-0.00046874998952262104,-0.39990234375,5.859374869032763e-05,-0.03195800632238388,0.020546874031424522,-3.0,0.0,-0.3199687499989523,0.0,-0.04200390428304673,-0.0,0.04539624999987427,0.0002633150143083185,0.1,0.3106907308101654,3.141592653589793,-3.140516519546509,0.0,0.0,0.0,-0.0
10.571920394897461,-23.2979679107666,-0.00046874998952262104,-0.39990234375,5.859374869032763e-05,-0.03195800632238388,0.020546874031424522,-3.0,0.0,-0.3199687499989523,0.0,-0.04200390428304673,-0.0,0.04539624999987427,0.0002633150143083185,0.1,0.3106907308101654,3.141592653589793,-3.140516519546509,0.0,0.0,0.0,-0.0
10.57663345336914,-23.2979679107666,-0.00046874998952262104,-0.39990234375,5.859374869032763e-05,-0.03195800632238388,0.020546874031424522,-3.0,0.0,-0.3199687499989523,0.0,-0.04200390428304673,-0.0,0.04539624999987427,0.0002633150143083185,0.1,0.3106907308101654,3.141592653589793,-3.140516519546509,0.0,0.0,0.0,-0.0
10.58136248588562,-23.2979679107666,-0.00046874998952262104,-0.39990234375,5.859374869032763e-05,-0.03195800632238388,0.020546874031424522,-3.0,0.0,-0.3199687499989523,0.0,-0.04200390428304673,-0.0,0.04539624999987427,0.0002633150143083185,0.1,0.3106907308101654,3.141592653589793,-3.140516519546509,0.0,0.0,0.0,-0.0
10.585938930511475,-23.2979679107666,-0.00046874998952262104,-0.39990234375,5.859374869032763e-05,-0.03195800632238388,0.020546874031424522,-3.0,0.0,-0.3199687499989523,0.0,-0.04200390428304673,-0.0,0.04539624999987427,0.0002633150143083185,0.1,0.3106907308101654,3.141592653589793,-3.140516519546509,0.0,0.0,0.0,-0.0
10.590590238571167,-23.2979679107666,-0.00046874998952262104,-0.39990234375,5.859374869032763e-05,-0.03195800632238388,0.020546874031424522,-3.0,0.0,-0.3199687499989523,0.0,-0.04200390428304673,-0.0,0.04539624999987427,0.0002633150143083185,0.1,0.3106907308101654,3.141592653589793,-3.140516519546509,0.0,0.0,0.0,-0.0
10.595329523086548,-23.2979679107666,-0.00046874998952262104,-0.39990234375,5.859374869032763e-05,-0.03195800632238388,0.020546874031424522,-3.0,0.0,-0.3199687499989523,0.0,-0.04200390428304673,-0.0,0.04539624999987427,0.0002633150143083185,0.1,0.3106907308101654,3.141592653589793,-3.140516519546509,0.0,0.0,0.0,-0.0
10.600000619888306,-23.2979679107666,-0.00046874998952262104,-0.39990234375,5.859374869032763e-05,-0.03195800632238388,0.020546874031424522,-3.0,0.0,-0.3199687499989523,0.0,-0.04200390428304673,-0.0,0.04539624999987427,0.0002633150143083185,0.1,0.3106907308101654,3.141592653589793,-3.140516519546509,0.0,0.0,0.0,-0.0
10.604753017425537,-23.2979679107666,-0.00046874998952262104,-0.39990234375,5.859374869032763e-05,-0.03195800632238388,0.020546874031424522,-3.0,0.0,-0.3199687499989523,0.0,-0.04200390428304673,-0.0,0.04539624999987427,0.0002633150143083185,0.1,0.3106907308101654,3.141592653589793,-3.140516519546509,0.0,0.0,0.0,-0.0
10.60950779914856,-23.2979679107666,-0.00046874998952262104,-0.39990234375,5.859374869032763e-05,-0.03195800632238388,0.020546874031424522,-3.0,0.0,-0.3199687499989523,0.0,-0.04200390428304673,-0.0,0.04539624999987427,0.0002633150143083185,0.1,0.3106907308101654,3.141592653589793,-3.140516519546509,0.0,0.0,0.0,-0.0
10.613941669464111,-23.2979679107666,-0.00046874998952262104,-0.39990234375,5.859374869032763e-05,-0.03195800632238388,0.020546874031424522,-3.0,0.0,-0.3199687499989523,0.0,-0.04200390428304673,-0.0,0.04539624999987427,0.0002633150143083185,0.1,0.3106907308101654,3.141592653589793,-3.140516519546509,0.0,0.0,0.0,-0.0
10.61864709854126,-23.2979679107666,-0.00046874998952262104,-0.39990234375,5.859374869032763e-05,-0.03195800632238388,0.020546874031424522,-3.0,0.0,-0.3199687499989523,0.0,-0.04200390428304673,-0.0,0.04539624999987427,0.0002633150143083185,0.1,0.3106907308101654,3.141592653589793,-3.140516519546509,0.0,0.0,0.0,-0.0
10.62302541732788,-23.2979679107666,-0.00046874998952262104,-0.39990234375,5.859374869032763e-05,-0.03195800632238388,0.020546874031424522,-3.0,0.0,-0.3199687499989523,0.0,-0.04200390428304673,-0.0,0.04539624999987427,0.0002633150143083185,0.1,0.3106907308101654,3.141592653589793,-3.140516519546509,0.0,0.0,0.0,-0.0
10.627793073654175,-23.2979679107666,-0.00046874998952262104,-0.39990234375,5.859374869032763e-05,-0.03195800632238388,0.020546874031424522,-3.0,0.0,-0.3199687499989523,0.0,-0.04200390428304673,-0.0,0.04539624999987427,0.0002633150143083185,0.1,0.3106907308101654,3.141592653589793,-3.140516519546509,0.0,0.0,0.0,-0.0
10.632402658462524,-23.2979679107666,-0.00046874998952262104,-0.39990234375,5.859374869032763e-05,-0.03195800632238388,0.020546874031424522,-3.0,0.0,-0.3199687499989523,0.0,-0.04200390428304673,-0.0,0.04539624999987427,0.0002633150143083185,0.1,0.3106907308101654,3.141592653589793,-3.140516519546509,0.0,0.0,0.0,-0.0
10.6370370388031,-23.2979679107666,-0.00046874998952262104,-0.39990234375,5.859374869032763e-05,-0.03195800632238388,0.020546874031424522,-3.0,0.0,-0.3199687499989523,0.0,-0.04200390428304673,-0.0,0.04539624999987427,0.0002633150143083185,0.1,0.3106907308101654,3.141592653589793,-3.140516519546509,0.0,0.0,0.0,-0.0
10.641589164733887,-23.2979679107666,-0.00046874998952262104,-0.39990234375,5.859374869032763e-05,-0.03195800632238388,0.020546874031424522,-3.0,0.0,-0.3199687499989523,0.0,-0.04200390428304673,-0.0,0.04539624999987427,0.0002633150143083185,0.1,0.3106907308101654,3.141592653589793,-3.140516519546509,0.0,0.0,0.0,-0.0
10.646167039871216,-23.2979679107666,-0.00046874998952262104,-0.39990234375,5.859374869032763e-05,-0.03195800632238388,0.020546874031424522,-3.0,0.0,-0.3199687499989523,0.0,-0.04200390428304673,-0.0,0.04539624999987427,0.0002633150143083185,0.1,0.3106907308101654,3.141592653589793,-3.140516519546509,0.0,0.0,0.0,-0.0
10.650907516479492,-23.2979679107666,-0.00046874998952262104,-0.39990234375,5.859374869032763e-05,-0.03195800632238388,0.020546874031424522,-3.0,0.0,-0.3199687499989523,0.0,-0.04200390428304673,-0.0,0.04539624999987427,0.0002633150143083185,0.1,0.3106907308101654,3.141592653589793,-3.140516519546509,0.0,0.0,0.0,-0.0
10.6557776927948,-23.2979679107666,-0.00046874998952262104,-0.39990234375,5.859374869032763e-05,-0.03195800632238388,0.020546874031424522,-3.0,0.0,-0.3199687499989523,0.0,-0.04200390428304673,-0.0,0.04539624999987427,0.0002633150143083185,0.1,0.3106907308101654,3.141592653589793,-3.140516519546509,0.0,0.0,0.0,-0.0
10.660225868225098,-23.2979679107666,-0.00046874998952262104,-0.39990234375,5.859374869032763e-05,-0.03195800632238388,0.020546874031424522,-3.0,0.0,-0.3199687499989523,0.0,-0.04200390428304673,-0.0,0.04539624999987427,0.0002633150143083185,0.1,0.3106907308101654,3.141592653589793,-3.140516519546509,0.0,0.0,0.0,-0.0
10.664954423904419,-23.2979679107666,-0.00046874998952262104,-0.39990234375,5.859374869032763e-05,-0.03195800632238388,0.020546874031424522,-3.0,0.0,-0.3199687499989523,0.0,-0.04200390428304673,-0.0,0.04539624999987427,0.0002633150143083185,0.1,0.3106907308101654,3.141592653589793,-3.140516519546509,0.0,0.0,0.0,-0.0
10.669659852981567,-23.2979679107666,-0.00046874998952262104,-0.39990234375,5.859374869032763e-05,-0.03195800632238388,0.020546874031424522,-3.0,0.0,-0.3199687499989523,0.0,-0.04200390428304673,-0.0,0.04539624999987427,0.0002633150143083185,0.1,0.3106907308101654,3.141592653589793,-3.140516519546509,0.0,0.0,0.0,-0.0
10.674009561538696,-23.2979679107666,-0.00046874998952262104,-0.39990234375,5.859374869032763e-05,-0.03195800632238388,0.020546874031424522,-3.0,0.0,-0.3199687499989523,0.0,-0.04200390428304673,-0.0,0.04539624999987427,0.0002633150143083185,0.1,0.3106907308101654,3.141592653589793,-3.140516519546509,0.0,0.0,0.0,-0.0
10.678582191467285,-23.2979679107666,-0.00046874998952262104,-0.39990234375,5.859374869032763e-05,-0.03195800632238388,0.020546874031424522,-3.0,0.0,-0.3199687499989523,0.0,-0.04200390428304673,-0.0,0.04539624999987427,0.0002633150143083185,0.1,0.3106907308101654,3.141592653589793,-3.140516519546509,0.0,0.0,0.0,-0.0
10.683048486709595,-23.2979679107666,-0.00046874998952262104,-0.39990234375,5.859374869032763e-05,-0.03195800632238388,0.020546874031424522,-3.0,0.0,-0.3199687499989523,0.0,-0.04200390428304673,-0.0,0.04539624999987427,0.0002633150143083185,0.1,0.3106907308101654,3.141592653589793,-3.140516519546509,0.0,0.0,0.0,-0.0
10.687645673751831,-23.2979679107666,-0.00046874998952262104,-0.39990234375,5.859374869032763e-05,-0.03195800632238388,0.020546874031424522,-3.0,0.0,-0.3199687499989523,0.0,-0.04200390428304673,-0.0,0.04539624999987427,0.0002633150143083185,0.1,0.3106907308101654,3.141592653589793,-3.140516519546509,0.0,0.0,0.0,-0.0
10.691999673843384,-23.2979679107666,-0.00046874998952262104,-0.39990234375,5.859374869032763e-05,-0.03195800632238388,0.020546874031424522,-3.0,0.0,-0.3199687499989523,0.0,-0.04200390428304673,-0.0,0.04539624999987427,0.0002633150143083185,0.1,0.3106907308101654,3.141592653589793,-3.140516519546509,0.0,0.0,0.0,-0.0
10.697070121765137,-23.2979679107666,-0.00046874998952262104,-0.39990234375,5.859374869032763e-05,-0.03195800632238388,0.020546874031424522,-3.0,0.0,-0.3199687499989523,0.0,-0.04200390428304673,-0.0,0.04539624999987427,0.0002633150143083185,0.1,0.3106907308101654,3.141592653589793,-3.140516519546509,0.0,0.0,0.0,-0.0
10.70198392868042,-23.2979679107666,-0.00046874998952262104,-0.39990234375,5.859374869032763e-05,-0.03195800632238388,0.020546874031424522,-3.0,0.0,-0.3199687499989523,0.0,-0.04200390428304673,-0.0,0.04539624999987427,0.0002633150143083185,0.1,0.3106907308101654,3.141592653589793,-3.140516519546509,0.0,0.0,0.0,-0.0
10.7065589427948,-23.2979679107666,-0.00046874998952262104,-0.39990234375,5.859374869032763e-05,-0.03195800632238388,0.020546874031424522,-3.0,0.0,-0.3199687499989523,0.0,-0.04200390428304673,-0.0,0.04539624999987427,0.0002633150143083185,0.1,0.3106907308101654,3.141592653589793,-3.140516519546509,0.0,0.0,0.0,-0.0
10.711265563964844,-23.2979679107666,-0.00046874998952262104,-0.39990234375,5.859374869032763e-05,-0.03195800632238388,0.020546874031424522,-3.0,0.0,-0.3199687499989523,0.0,-0.04200390428304673,-0.0,0.04539624999987427,0.0002633150143083185,0.1,0.3106907308101654,3.141592653589793,-3.140516519546509,0.0,0.0,0.0,-0.0
10.715915203094482,-23.2979679107666,-0.00046874998952262104,-0.39990234375,5.859374869032763e-05,-0.03195800632238388,0.020546874031424522,-3.0,0.0,-0.3199687499989523,0.0,-0.04200390428304673,-0.0,0.04539624999987427,0.0002633150143083185,0.1,0.3106907308101654,3.141592653589793,-3.140516519546509,0.0,0.0,0.0,-0.0
10.720698833465576,-23.2979679107666,-0.00046874998952262104,-0.39990234375,5.859374869032763e-05,-0.03195800632238388,0.020546874031424522,-3.0,0.0,-0.3199687499989523,0.0,-0.04200390428304673,-0.0,0.04539624999987427,0.0002633150143083185,0.1,0.3106907308101654,3.141592653589793,-3.140516519546509,0.0,0.0,0.0,-0.0
10.725529909133911,-23.2979679107666,-0.00046874998952262104,-0.39990234375,5.859374869032763e-05,-0.03195800632238388,0.020546874031424522,-3.0,0.0,-0.3199687499989523,0.0,-0.04200390428304673,-0.0,0.04539624999987427,0.0002633150143083185,0.1,0.3106907308101654,3.141592653589793,-3.140516519546509,0.0,0.0,0.0,-0.0
10.730027437210083,-23.2979679107666,-0.00046874998952262104,-0.39990234375,5.859374869032763e-05,-0.03195800632238388,0.020546874031424522,-3.0,0.0,-0.3199687499989523,0.0,-0.04200390428304673,-0.0,0.04539624999987427,0.0002633150143083185,0.1,0.3106907308101654,3.141592653589793,-3.140516519546509,0.0,0.0,0.0,-0.0
10.734750270843506,-23.2979679107666,-0.00046874998952262104,-0.39990234375,5.859374869032763e-05,-0.03195800632238388,0.020546874031424522,-3.0,0.0,-0.3199687499989523,0.0,-0.04200390428304673,-0.0,0.04539624999987427,0.0002633150143083185,0.1,0.3106907308101654,3.141592653589793,-3.140516519546509,0.0,0.0,0.0,-0.0
10.739732503890991,-23.2979679107666,-0.00046874998952262104,-0.39990234375,5.859374869032763e-05,-0.03195800632238388,0.020546874031424522,-3.0,0.0,-0.3199687499989523,0.0,-0.04200390428304673,-0.0,0.04539624999987427,0.0002633150143083185,0.1,0.3106907308101654,3.141592653589793,-3.140516519546509,0.0,0.0,0.0,-0.0
10.744164228439331,-23.2979679107666,-0.00046874998952262104,-0.39990234375,5.859374869032763e-05,-0.03195800632238388,0.020546874031424522,-3.0,0.0,-0.3199687499989523,0.0,-0.04200390428304673,-0.0,0.04539624999987427,0.0002633150143083185,0.1,0.3106907308101654,3.141592653589793,-3.140516519546509,0.0,0.0,0.0,-0.0
10.74888563156128,-23.2979679107666,-0.00046874998952262104,-0.39990234375,5.859374869032763e-05,-0.03195800632238388,0.020546874031424522,-3.0,0.0,-0.3199687499989523,0.0,-0.04200390428304673,-0.0,0.04539624999987427,0.0002633150143083185,0.1,0.3106907308101654,3.141592653589793,-3.140516519546509,0.0,0.0,0.0,-0.0
10.753989219665527,-23.2979679107666,-0.00046874998952262104,-0.39990234375,5.859374869032763e-05,-0.03195800632238388,0.020546874031424522,-3.0,0.0,-0.3199687499989523,0.0,-0.04200390428304673,-0.0,0.04539624999987427,0.0002633150143083185,0.1,0.3106907308101654,3.141592653589793,-3.140516519546509,0.0,0.0,0.0,-0.0
10.75848937034607,-23.2979679107666,-0.00046874998952262104,-0.39990234375,5.859374869032763e-05,-0.03195800632238388,0.020546874031424522,-3.0,0.0,-0.3199687499989523,0.0,-0.04200390428304673,-0.0,0.04539624999987427,0.0002633150143083185,0.1,0.3106907308101654,3.141592653589793,-3.140516519546509,0.0,0.0,0.0,-0.0
10.76330280303955,-23.2979679107666,-0.00046874998952262104,-0.39990234375,5.859374869032763e-05,-0.03195800632238388,0.020546874031424522,-3.0,0.0,-0.3199687499989523,0.0,-0.04200390428304673,-0.0,0.04539624999987427,0.0002633150143083185,0.1,0.3106907308101654,3.141592653589793,-3.140516519546509,0.0,0.0,0.0,-0.0
10.76802921295166,-23.2979679107666,-0.00046874998952262104,-0.39990234375,5.859374869032763e-05,-0.03195800632238388,0.020546874031424522,-3.0,0.0,-0.3199687499989523,0.0,-0.04200390428304673,-0.0,0.04539624999987427,0.0002633150143083185,0.1,0.3106907308101654,3.141592653589793,-3.140516519546509,0.0,0.0,0.0,-0.0
10.772796630859375,-23.2979679107666,-0.00046874998952262104,-0.39990234375,5.859374869032763e-05,-0.03195800632238388,0.020546874031424522,-3.0,0.0,-0.3199687499989523,0.0,-0.04200390428304673,-0.0,0.04539624999987427,0.0002633150143083185,0.1,0.3106907308101654,3.141592653589793,-3.140516519546509,0.0,0.0,0.0,-0.0
10.777220726013184,-23.2979679107666,-0.00046874998952262104,-0.39990234375,5.859374869032763e-05,-0.03195800632238388,0.020546874031424522,-3.0,0.0,-0.3199687499989523,0.0,-0.04200390428304673,-0.0,0.04539624999987427,0.0002633150143083185,0.1,0.3106907308101654,3.141592653589793,-3.140516519546509,0.0,0.0,0.0,-0.0
10.781902313232422,-23.2979679107666,-0.00046874998952262104,-0.39990234375,5.859374869032763e-05,-0.03195800632238388,0.020546874031424522,-3.0,0.0,-0.3199687499989523,0.0,-0.04200390428304673,-0.0,0.04539624999987427,0.0002633150143083185,0.1,0.3106907308101654,3.141592653589793,-3.140516519546509,0.0,0.0,0.0,-0.0
10.786791563034058,-23.2979679107666,-0.00046874998952262104,-0.39990234375,5.859374869032763e-05,-0.03195800632238388,0.020546874031424522,-3.0,0.0,-0.3199687499989523,0.0,-0.04200390428304673,-0.0,0.04539624999987427,0.0002633150143083185,0.1,0.3106907308101654,3.141592653589793,-3.140516519546509,0.0,0.0,0.0,-0.0
10.791476488113403,-23.2979679107666,-0.00046874998952262104,-0.39990234375,5.859374869032763e-05,-0.03195800632238388,0.020546874031424522,-3.0,0.0,-0.3199687499989523,0.0,-0.04200390428304673,-0.0,0.04539624999987427,0.0002633150143083185,0.1,0.3106907308101654,3.141592653589793,-3.140516519546509,0.0,0.0,0.0,-0.0
10.795967817306519,-23.2979679107666,-0.00046874998952262104,-0.39990234375,5.859374869032763e-05,-0.03195800632238388,0.020546874031424522,-3.0,0.0,-0.3199687499989523,0.0,-0.04200390428304673,-0.0,0.04539624999987427,0.0002633150143083185,0.1,0.3106907308101654,3.141592653589793,-3.140516519546509,0.0,0.0,0.0,-0.0
10.80034852027893,-23.2979679107666,-0.00046874998952262104,-0.39990234375,5.859374869032763e-05,-0.03195800632238388,0.020546874031424522,-3.0,0.0,-0.3199687499989523,0.0,-0.04200390428304673,-0.0,0.04539624999987427,0.0002633150143083185,0.1,0.3106907308101654,3.141592653589793,-3.140516519546509,0.0,0.0,0.0,-0.0
10.80471920967102,-23.2979679107666,-0.00046874998952262104,-0.39990234375,5.859374869032763e-05,-0.03195800632238388,0.020546874031424522,-3.0,0.0,-0.3199687499989523,0.0,-0.04200390428304673,-0.0,0.04539624999987427,0.0002633150143083185,0.1,0.3106907308101654,3.141592653589793,-3.140516519546509,0.0,0.0,0.0,-0.0
10.809426546096802,-23.2979679107666,-0.00046874998952262104,-0.39990234375,5.859374869032763e-05,-0.03195800632238388,0.020546874031424522,-3.0,0.0,-0.3199687499989523,0.0,-0.04200390428304673,-0.0,0.04539624999987427,0.0002633150143083185,0.1,0.3106907308101654,3.141592653589793,-3.140516519546509,0.0,0.0,0.0,-0.0
10.813804388046265,-23.2979679107666,-0.00046874998952262104,-0.39990234375,5.859374869032763e-05,-0.03195800632238388,0.020546874031424522,-3.0,0.0,-0.3199687499989523,0.0,-0.04200390428304673,-0.0,0.04539624999987427,0.0002633150143083185,0.1,0.3106907308101654,3.141592653589793,-3.140516519546509,0.0,0.0,0.0,-0.0
10.818422079086304,-23.2979679107666,-0.00046874998952262104,-0.39990234375,5.859374869032763e-05,-0.03195800632238388,0.020546874031424522,-3.0,0.0,-0.3199687499989523,0.0,-0.04200390428304673,-0.0,0.04539624999987427,0.0002633150143083185,0.1,0.3106907308101654,3.141592653589793,-3.140516519546509,0.0,0.0,0.0,-0.0
10.823113441467285,-23.2979679107666,-0.00046874998952262104,-0.39990234375,5.859374869032763e-05,-0.03195800632238388,0.020546874031424522,-3.0,0.0,-0.3199687499989523,0.0,-0.04200390428304673,-0.0,0.04539624999987427,0.0002633150143083185,0.1,0.3106907308101654,3.141592653589793,-3.140516519546509,0.0,0.0,0.0,-0.0
10.827734470367432,-23.2979679107666,-0.00046874998952262104,-0.39990234375,5.859374869032763e-05,-0.03195800632238388,0.020546874031424522,-3.0,0.0,-0.3199687499989523,0.0,-0.04200390428304673,-0.0,0.04539624999987427,0.0002633150143083185,0.1,0.3106907308101654,3.141592653589793,-3.140516519546509,0.0,0.0,0.0,-0.0
10.832119941711426,-23.2979679107666,-0.00046874998952262104,-0.39990234375,5.859374869032763e-05,-0.03195800632238388,0.020546874031424522,-3.0,0.0,-0.3199687499989523,0.0,-0.04200390428304673,-0.0,0.04539624999987427,0.0002633150143083185,0.1,0.3106907308101654,3.141592653589793,-3.140516519546509,0.0,0.0,0.0,-0.0
10.83689832687378,-23.2979679107666,-0.00046874998952262104,-0.39990234375,5.859374869032763e-05,-0.03195800632238388,0.020546874031424522,-3.0,0.0,-0.3199687499989523,0.0,-0.04200390428304673,-0.0,0.04539624999987427,0.0002633150143083185,0.1,0.3106907308101654,3.141592653589793,-3.140516519546509,0.0,0.0,0.0,-0.0
10.841596603393555,-23.2979679107666,-0.00046874998952262104,-0.39990234375,5.859374869032763e-05,-0.03195800632238388,0.020546874031424522,-3.0,0.0,-0.3199687499989523,0.0,-0.04200390428304673,-0.0,0.04539624999987427,0.0002633150143083185,0.1,0.3106907308101654,3.141592653589793,-3.140516519546509,0.0,0.0,0.0,-0.0
10.84619927406311,-23.2979679107666,-0.00046874998952262104,-0.39990234375,5.859374869032763e-05,-0.03195800632238388,0.020546874031424522,-3.0,0.0,-0.3199687499989523,0.0,-0.04200390428304673,-0.0,0.04539624999987427,0.0002633150143083185,0.1,0.3106907308101654,3.141592653589793,-3.140516519546509,0.0,0.0,0.0,-0.0
10.850581407546997,-23.2979679107666,-0.00046874998952262104,-0.39990234375,5.859374869032763e-05,-0.03195800632238388,0.020546874031424522,-3.0,0.0,-0.3199687499989523,0.0,-0.04200390428304673,-0.0,0.04539624999987427,0.0002633150143083185,0.1,0.3106907308101654,3.141592653589793,-3.140516519546509,0.0,0.0,0.0,-0.0
10.854909896850586,-23.2979679107666,-0.00046874998952262104,-0.39990234375,5.859374869032763e-05,-0.03195800632238388,0.020546874031424522,-3.0,0.0,-0.3199687499989523,0.0,-0.04200390428304673,-0.0,0.04539624999987427,0.0002633150143083185,0.1,0.3106907308101654,3.141592653589793,-3.140516519546509,0.0,0.0,0.0,-0.0
10.859580993652344,-23.2979679107666,-0.00046874998952262104,-0.39990234375,5.859374869032763e-05,-0.03195800632238388,0.020546874031424522,-3.0,0.0,-0.3199687499989523,0.0,-0.04200390428304673,-0.0,0.04539624999987427,0.0002633150143083185,0.1,0.3106907308101654,3.141592653589793,-3.140516519546509,0.0,0.0,0.0,-0.0
10.864081382751465,-23.2979679107666,-0.00046874998952262104,-0.39990234375,5.859374869032763e-05,-0.03195800632238388,0.020546874031424522,-3.0,0.0,-0.3199687499989523,0.0,-0.04200390428304673,-0.0,0.04539624999987427,0.0002633150143083185,0.1,0.3106907308101654,3.141592653589793,-3.140516519546509,0.0,0.0,0.0,-0.0
10.868690252304077,-23.2979679107666,-0.00046874998952262104,-0.39990234375,5.859374869032763e-05,-0.03195800632238388,0.020546874031424522,-3.0,0.0,-0.3199687499989523,0.0,-0.04200390428304673,-0.0,0.04539624999987427,0.0002633150143083185,0.1,0.3106907308101654,3.141592653589793,-3.140516519546509,0.0,0.0,0.0,-0.0
10.873384952545166,-23.2979679107666,-0.00046874998952262104,-0.39990234375,5.859374869032763e-05,-0.03195800632238388,0.020546874031424522,-3.0,0.0,-0.3199687499989523,0.0,-0.04200390428304673,-0.0,0.04539624999987427,0.0002633150143083185,0.1,0.3106907308101654,3.141592653589793,-3.140516519546509,0.0,0.0,0.0,-0.0
10.877771615982056,-23.2979679107666,-0.00046874998952262104,-0.39990234375,5.859374869032763e-05,-0.03195800632238388,0.020546874031424522,-3.0,0.0,-0.3199687499989523,0.0,-0.04200390428304673,-0.0,0.04539624999987427,0.0002633150143083185,0.1,0.3106907308101654,3.141592653589793,-3.140516519546509,0.0,0.0,0.0,-0.0
10.882336139678955,-23.2979679107666,-0.00046874998952262104,-0.39990234375,5.859374869032763e-05,-0.03195800632238388,0.020546874031424522,-3.0,0.0,-0.3199687499989523,0.0,-0.04200390428304673,-0.0,0.04539624999987427,0.0002633150143083185,0.1,0.3106907308101654,3.141592653589793,-3.140516519546509,0.0,0.0,0.0,-0.0
10.887333869934082,-23.2979679107666,-0.00046874998952262104,-0.39990234375,5.859374869032763e-05,-0.03195800632238388,0.020546874031424522,-3.0,0.0,-0.3199687499989523,0.0,-0.04200390428304673,-0.0,0.04539624999987427,0.0002633150143083185,0.1,0.3106907308101654,3.141592653589793,-3.140516519546509,0.0,0.0,0.0,-0.0
10.892226457595825,-23.2979679107666,-0.00046874998952262104,-0.39990234375,5.859374869032763e-05,-0.03195800632238388,0.020546874031424522,-3.0,0.0,-0.3199687499989523,0.0,-0.04200390428304673,-0.0,0.04539624999987427,0.0002633150143083185,0.1,0.3106907308101654,3.141592653589793,-3.140516519546509,0.0,0.0,0.0,-0.0
10.897144079208374,-23.2979679107666,-0.00046874998952262104,-0.39990234375,5.859374869032763e-05,-0.03195800632238388,0.020546874031424522,-3.0,0.0,-0.3199687499989523,0.0,-0.04200390428304673,-0.0,0.04539624999987427,0.0002633150143083185,0.1,0.3106907308101654,3.141592653589793,-3.140516519546509,0.0,0.0,0.0,-0.0
10.901628732681274,-23.2979679107666,-0.00046874998952262104,-0.39990234375,5.859374869032763e-05,-0.03195800632238388,0.020546874031424522,-3.0,0.0,-0.3199687499989523,0.0,-0.04200390428304673,-0.0,0.04539624999987427,0.0002633150143083185,0.1,0.3106907308101654,3.141592653589793,-3.140516519546509,0.0,0.0,0.0,-0.0
10.906488418579102,-23.2979679107666,-0.00046874998952262104,-0.39990234375,5.859374869032763e-05,-0.03195800632238388,0.020546874031424522,-3.0,0.0,-0.3199687499989523,0.0,-0.04200390428304673,-0.0,0.04539624999987427,0.0002633150143083185,0.1,0.3106907308101654,3.141592653589793,-3.140516519546509,0.0,0.0,0.0,-0.0
10.911244869232178,-23.2979679107666,-0.00046874998952262104,-0.39990234375,5.859374869032763e-05,-0.03195800632238388,0.020546874031424522,-3.0,0.0,-0.3199687499989523,0.0,-0.04200390428304673,-0.0,0.04539624999987427,0.0002633150143083185,0.1,0.3106907308101654,3.141592653589793,-3.140516519546509,0.0,0.0,0.0,-0.0
10.915727376937866,-23.2979679107666,-0.00046874998952262104,-0.39990234375,5.859374869032763e-05,-0.03195800632238388,0.020546874031424522,-3.0,0.0,-0.3199687499989523,0.0,-0.04200390428304673,-0.0,0.04539624999987427,0.0002633150143083185,0.1,0.3106907308101654,3.141592653589793,-3.140516519546509,0.0,0.0,0.0,-0.0
10.920133829116821,-23.2979679107666,-0.00046874998952262104,-0.39990234375,5.859374869032763e-05,-0.03195800632238388,0.020546874031424522,-3.0,0.0,-0.3199687499989523,0.0,-0.04200390428304673,-0.0,0.04539624999987427,0.0002633150143083185,0.1,0.3106907308101654,3.141592653589793,-3.140516519546509,0.0,0.0,0.0,-0.0
10.924607038497925,-23.2979679107666,-0.00046874998952262104,-0.39990234375,5.859374869032763e-05,-0.03195800632238388,0.020546874031424522,-3.0,0.0,-0.3199687499989523,0.0,-0.04200390428304673,-0.0,0.04539624999987427,0.0002633150143083185,0.1,0.3106907308101654,3.141592653589793,-3.140516519546509,0.0,0.0,0.0,-0.0
10.929359436035156,-23.2979679107666,-0.00046874998952262104,-0.39990234375,5.859374869032763e-05,-0.03195800632238388,0.020546874031424522,-3.0,0.0,-0.3199687499989523,0.0,-0.04200390428304673,-0.0,0.04539624999987427,0.0002633150143083185,0.1,0.3106907308101654,3.141592653589793,-3.140516519546509,0.0,0.0,0.0,-0.0
10.933952331542969,-23.2979679107666,-0.00046874998952262104,-0.39990234375,5.859374869032763e-05,-0.03195800632238388,0.020546874031424522,-3.0,0.0,-0.3199687499989523,0.0,-0.04200390428304673,-0.0,0.04539624999987427,0.0002633150143083185,0.1,0.3106907308101654,3.141592653589793,-3.140516519546509,0.0,0.0,0.0,-0.0
10.938727617263794,-23.2979679107666,-0.00046874998952262104,-0.39990234375,5.859374869032763e-05,-0.03195800632238388,0.020546874031424522,-3.0,0.0,-0.3199687499989523,0.0,-0.04200390428304673,-0.0,0.04539624999987427,0.0002633150143083185,0.1,0.3106907308101654,3.141592653589793,-3.140516519546509,0.0,0.0,0.0,-0.0
10.94347858428955,-23.2979679107666,-0.00046874998952262104,-0.39990234375,5.859374869032763e-05,-0.03195800632238388,0.020546874031424522,-3.0,0.0,-0.3199687499989523,0.0,-0.04200390428304673,-0.0,0.04539624999987427,0.0002633150143083185,0.1,0.3106907308101654,3.141592653589793,-3.140516519546509,0.0,0.0,0.0,-0.0
10.948068618774414,-23.2979679107666,-0.00046874998952262104,-0.39990234375,5.859374869032763e-05,-0.03195800632238388,0.020546874031424522,-3.0,0.0,-0.3199687499989523,0.0,-0.04200390428304673,-0.0,0.04539624999987427,0.0002633150143083185,0.1,0.3106907308101654,3.141592653589793,-3.140516519546509,0.0,0.0,0.0,-0.0
10.952813625335693,-23.2979679107666,-0.00046874998952262104,-0.39990234375,5.859374869032763e-05,-0.03195800632238388,0.020546874031424522,-3.0,0.0,-0.3199687499989523,0.0,-0.04200390428304673,-0.0,0.04539624999987427,0.0002633150143083185,0.1,0.3106907308101654,3.141592653589793,-3.140516519546509,0.0,0.0,0.0,-0.0
10.957629442214966,-23.2979679107666,-0.00046874998952262104,-0.39990234375,5.859374869032763e-05,-0.03195800632238388,0.020546874031424522,-3.0,0.0,-0.3199687499989523,0.0,-0.04200390428304673,-0.0,0.04539624999987427,0.0002633150143083185,0.1,0.3106907308101654,3.141592653589793,-3.140516519546509,0.0,0.0,0.0,-0.0
10.962308645248413,-23.2979679107666,-0.00046874998952262104,-0.39990234375,5.859374869032763e-05,-0.03195800632238388,0.020546874031424522,-3.0,0.0,-0.3199687499989523,0.0,-0.04200390428304673,-0.0,0.04539624999987427,0.0002633150143083185,0.1,0.3106907308101654,3.141592653589793,-3.140516519546509,0.0,0.0,0.0,-0.0
10.966932773590088,-23.2979679107666,-0.00046874998952262104,-0.39990234375,5.859374869032763e-05,-0.03195800632238388,0.020546874031424522,-3.0,0.0,-0.3199687499989523,0.0,-0.04200390428304673,-0.0,0.04539624999987427,0.0002633150143083185,0.1,0.3106907308101654,3.141592653589793,-3.140516519546509,0.0,0.0,0.0,-0.0
10.971632480621338,-23.2979679107666,-0.00046874998952262104,-0.39990234375,5.859374869032763e-05,-0.03195800632238388,0.020546874031424522,-3.0,0.0,-0.3199687499989523,0.0,-0.04200390428304673,-0.0,0.04539624999987427,0.0002633150143083185,0.1,0.3106907308101654,3.141592653589793,-3.140516519546509,0.0,0.0,0.0,-0.0
10.976414203643799,-23.2979679107666,-0.00046874998952262104,-0.39990234375,5.859374869032763e-05,-0.03195800632238388,0.020546874031424522,-3.0,0.0,-0.3199687499989523,0.0,-0.04200390428304673,-0.0,0.04539624999987427,0.0002633150143083185,0.1,0.3106907308101654,3.141592653589793,-3.140516519546509,0.0,0.0,0.0,-0.0
10.98124074935913,-23.2979679107666,-0.00046874998952262104,-0.39990234375,5.859374869032763e-05,-0.03195800632238388,0.020546874031424522,-3.0,0.0,-0.3199687499989523,0.0,-0.04200390428304673,-0.0,0.04539624999987427,0.0002633150143083185,0.1,0.3106907308101654,3.141592653589793,-3.140516519546509,0.0,0.0,0.0,-0.0
10.985799789428711,-23.2979679107666,-0.00046874998952262104,-0.39990234375,5.859374869032763e-05,-0.03195800632238388,0.020546874031424522,-3.0,0.0,-0.3199687499989523,0.0,-0.04200390428304673,-0.0,0.04539624999987427,0.0002633150143083185,0.1,0.3106907308101654,3.141592653589793,-3.140516519546509,0.0,0.0,0.0,-0.0
10.99045181274414,-23.2979679107666,-0.00046874998952262104,-0.39990234375,5.859374869032763e-05,-0.03195800632238388,0.020546874031424522,-3.0,0.0,-0.3199687499989523,0.0,-0.04200390428304673,-0.0,0.04539624999987427,0.0002633150143083185,0.1,0.3106907308101654,3.141592653589793,-3.140516519546509,0.0,0.0,0.0,-0.0
10.995147228240967,-23.2979679107666,-0.00046874998952262104,-0.39990234375,5.859374869032763e-05,-0.03195800632238388,0.020546874031424522,-3.0,0.0,-0.3199687499989523,0.0,-0.04200390428304673,-0.0,0.04539624999987427,0.0002633150143083185,0.1,0.3106907308101654,3.141592653589793,-3.140516519546509,0.0,0.0,0.0,-0.0
10.999825954437256,-23.2979679107666,-0.00046874998952262104,-0.39990234375,5.859374869032763e-05,-0.03195800632238388,0.020546874031424522,-3.0,0.0,-0.3199687499989523,0.0,-0.04200390428304673,-0.0,0.04539624999987427,0.0002633150143083185,0.1,0.3106907308101654,3.141592653589793,-3.140516519546509,0.0,0.0,0.0,-0.0
11.004705905914307,-23.2979679107666,-0.00046874998952262104,-0.39990234375,5.859374869032763e-05,-0.03195800632238388,0.020546874031424522,-3.0,0.0,-0.3199687499989523,0.0,-0.04200390428304673,-0.0,0.04539624999987427,0.0002633150143083185,0.1,0.3106907308101654,3.141592653589793,-3.140516519546509,0.0,0.0,0.0,-0.0
11.009395837783813,-23.2979679107666,-0.00046874998952262104,-0.39990234375,5.859374869032763e-05,-0.03195800632238388,0.020546874031424522,-3.0,0.0,-0.3199687499989523,0.0,-0.04200390428304673,-0.0,0.04539624999987427,0.0002633150143083185,0.1,0.3106907308101654,3.141592653589793,-3.140516519546509,0.0,0.0,0.0,-0.0
11.014168977737427,-23.2979679107666,-0.00046874998952262104,-0.39990234375,5.859374869032763e-05,-0.03195800632238388,0.020546874031424522,-3.0,0.0,-0.3199687499989523,0.0,-0.04200390428304673,-0.0,0.04539624999987427,0.0002633150143083185,0.1,0.3106907308101654,3.141592653589793,-3.140516519546509,0.0,0.0,0.0,-0.0
11.018848896026611,-23.2979679107666,-0.00046874998952262104,-0.39990234375,5.859374869032763e-05,-0.03195800632238388,0.020546874031424522,-3.0,0.0,-0.3199687499989523,0.0,-0.04200390428304673,-0.0,0.04539624999987427,0.0002633150143083185,0.1,0.3106907308101654,3.141592653589793,-3.140516519546509,0.0,0.0,0.0,-0.0
11.02337384223938,-23.2979679107666,-0.00046874998952262104,-0.39990234375,5.859374869032763e-05,-0.03195800632238388,0.020546874031424522,-3.0,0.0,-0.3199687499989523,0.0,-0.04200390428304673,-0.0,0.04539624999987427,0.0002633150143083185,0.1,0.3106907308101654,3.141592653589793,-3.140516519546509,0.0,0.0,0.0,-0.0
11.027945280075073,-23.2979679107666,-0.00046874998952262104,-0.39990234375,5.859374869032763e-05,-0.03195800632238388,0.020546874031424522,-3.0,0.0,-0.3199687499989523,0.0,-0.04200390428304673,-0.0,0.04539624999987427,0.0002633150143083185,0.1,0.3106907308101654,3.141592653589793,-3.140516519546509,0.0,0.0,0.0,-0.0
11.032567024230957,-23.2979679107666,-0.00046874998952262104,-0.39990234375,5.859374869032763e-05,-0.03195800632238388,0.020546874031424522,-3.0,0.0,-0.3199687499989523,0.0,-0.04200390428304673,-0.0,0.04539624999987427,0.0002633150143083185,0.1,0.3106907308101654,3.141592653589793,-3.140516519546509,0.0,0.0,0.0,-0.0
11.037235975265503,-23.2979679107666,-0.00046874998952262104,-0.39990234375,5.859374869032763e-05,-0.03195800632238388,0.020546874031424522,-3.0,0.0,-0.3199687499989523,0.0,-0.04200390428304673,-0.0,0.04539624999987427,0.0002633150143083185,0.1,0.3106907308101654,3.141592653589793,-3.140516519546509,0.0,0.0,0.0,-0.0
11.04197907447815,-23.2979679107666,-0.00046874998952262104,-0.39990234375,5.859374869032763e-05,-0.03195800632238388,0.020546874031424522,-3.0,0.0,-0.3199687499989523,0.0,-0.04200390428304673,-0.0,0.04539624999987427,0.0002633150143083185,0.1,0.3106907308101654,3.141592653589793,-3.140516519546509,0.0,0.0,0.0,-0.0
11.046717643737793,-23.2979679107666,-0.00046874998952262104,-0.39990234375,5.859374869032763e-05,-0.03195800632238388,0.020546874031424522,-3.0,0.0,-0.3199687499989523,0.0,-0.04200390428304673,-0.0,0.04539624999987427,0.0002633150143083185,0.1,0.3106907308101654,3.141592653589793,-3.140516519546509,0.0,0.0,0.0,-0.0
11.051494121551514,-23.2979679107666,-0.00046874998952262104,-0.39990234375,5.859374869032763e-05,-0.03195800632238388,0.020546874031424522,-3.0,0.0,-0.3199687499989523,0.0,-0.04200390428304673,-0.0,0.04539624999987427,0.0002633150143083185,0.1,0.3106907308101654,3.141592653589793,-3.140516519546509,0.0,0.0,0.0,-0.0
11.05605411529541,-23.2979679107666,-0.00046874998952262104,-0.39990234375,5.859374869032763e-05,-0.03195800632238388,0.020546874031424522,-3.0,0.0,-0.3199687499989523,0.0,-0.04200390428304673,-0.0,0.04539624999987427,0.0002633150143083185,0.1,0.3106907308101654,3.141592653589793,-3.140516519546509,0.0,0.0,0.0,-0.0
11.060773611068726,-23.2979679107666,-0.00046874998952262104,-0.39990234375,5.859374869032763e-05,-0.03195800632238388,0.020546874031424522,-3.0,0.0,-0.3199687499989523,0.0,-0.04200390428304673,-0.0,0.04539624999987427,0.0002633150143083185,0.1,0.3106907308101654,3.141592653589793,-3.140516519546509,0.0,0.0,0.0,-0.0
11.06542420387268,-23.2979679107666,-0.00046874998952262104,-0.39990234375,5.859374869032763e-05,-0.03195800632238388,0.020546874031424522,-3.0,0.0,-0.3199687499989523,0.0,-0.04200390428304673,-0.0,0.04539624999987427,0.0002633150143083185,0.1,0.3106907308101654,3.141592653589793,-3.140516519546509,0.0,0.0,0.0,-0.0
11.070186138153076,-23.2979679107666,-0.00046874998952262104,-0.39990234375,5.859374869032763e-05,-0.03195800632238388,0.020546874031424522,-3.0,0.0,-0.3199687499989523,0.0,-0.04200390428304673,-0.0,0.04539624999987427,0.0002633150143083185,0.1,0.3106907308101654,3.141592653589793,-3.140516519546509,0.0,0.0,0.0,-0.0
11.074939966201782,-23.2979679107666,-0.00046874998952262104,-0.39990234375,5.859374869032763e-05,-0.03195800632238388,0.020546874031424522,-3.0,0.0,-0.3199687499989523,0.0,-0.04200390428304673,-0.0,0.04539624999987427,0.0002633150143083185,0.1,0.3106907308101654,3.141592653589793,-3.140516519546509,0.0,0.0,0.0,-0.0
11.07974624633789,-23.2979679107666,-0.00046874998952262104,-0.39990234375,5.859374869032763e-05,-0.03195800632238388,0.020546874031424522,-3.0,0.0,-0.3199687499989523,0.0,-0.04200390428304673,-0.0,0.04539624999987427,0.0002633150143083185,0.1,0.3106907308101654,3.141592653589793,-3.140516519546509,0.0,0.0,0.0,-0.0
11.084412574768066,-23.2979679107666,-0.00046874998952262104,-0.39990234375,5.859374869032763e-05,-0.03195800632238388,0.020546874031424522,-3.0,0.0,-0.3199687499989523,0.0,-0.04200390428304673,-0.0,0.04539624999987427,0.0002633150143083185,0.1,0.3106907308101654,3.141592653589793,-3.140516519546509,0.0,0.0,0.0,-0.0
11.08913803100586,-23.2979679107666,-0.00046874998952262104,-0.39990234375,5.859374869032763e-05,-0.03195800632238388,0.020546874031424522,-3.0,0.0,-0.3199687499989523,0.0,-0.04200390428304673,-0.0,0.04539624999987427,0.0002633150143083185,0.1,0.3106907308101654,3.141592653589793,-3.140516519546509,0.0,0.0,0.0,-0.0
11.09387493133545,-23.2979679107666,-0.00046874998952262104,-0.39990234375,5.859374869032763e-05,-0.03195800632238388,0.020546874031424522,-3.0,0.0,-0.3199687499989523,0.0,-0.04200390428304673,-0.0,0.04539624999987427,0.0002633150143083185,0.1,0.3106907308101654,3.141592653589793,-3.140516519546509,0.0,0.0,0.0,-0.0
11.098568439483643,-23.2979679107666,-0.00046874998952262104,-0.39990234375,5.859374869032763e-05,-0.03195800632238388,0.020546874031424522,-3.0,0.0,-0.3199687499989523,0.0,-0.04200390428304673,-0.0,0.04539624999987427,0.0002633150143083185,0.1,0.3106907308101654,3.141592653589793,-3.140516519546509,0.0,0.0,0.0,-0.0
11.103415489196777,-23.2979679107666,-0.00046874998952262104,-0.39990234375,5.859374869032763e-05,-0.03195800632238388,0.020546874031424522,-3.0,0.0,-0.3199687499989523,0.0,-0.04200390428304673,-0.0,0.04539624999987427,0.0002633150143083185,0.1,0.3106907308101654,3.141592653589793,-3.140516519546509,0.0,0.0,0.0,-0.0
11.107941389083862,-23.2979679107666,-0.00046874998952262104,-0.39990234375,5.859374869032763e-05,-0.03195800632238388,0.020546874031424522,-3.0,0.0,-0.3199687499989523,0.0,-0.04200390428304673,-0.0,0.04539624999987427,0.0002633150143083185,0.1,0.3106907308101654,3.141592653589793,-3.140516519546509,0.0,0.0,0.0,-0.0
11.11264944076538,-23.2979679107666,-0.00046874998952262104,-0.39990234375,5.859374869032763e-05,-0.03195800632238388,0.020546874031424522,-3.0,0.0,-0.3199687499989523,0.0,-0.04200390428304673,-0.0,0.04539624999987427,0.0002633150143083185,0.1,0.3106907308101654,3.141592653589793,-3.140516519546509,0.0,0.0,0.0,-0.0
11.117311000823975,-23.2979679107666,-0.00046874998952262104,-0.39990234375,5.859374869032763e-05,-0.03195800632238388,0.020546874031424522,-3.0,0.0,-0.3199687499989523,0.0,-0.04200390428304673,-0.0,0.04539624999987427,0.0002633150143083185,0.1,0.3106907308101654,3.141592653589793,-3.140516519546509,0.0,0.0,0.0,-0.0
11.121979236602783,-23.2979679107666,-0.00046874998952262104,-0.39990234375,5.859374869032763e-05,-0.03195800632238388,0.020546874031424522,-3.0,0.0,-0.3199687499989523,0.0,-0.04200390428304673,-0.0,0.04539624999987427,0.0002633150143083185,0.1,0.3106907308101654,3.141592653589793,-3.140516519546509,0.0,0.0,0.0,-0.0
11.126687049865723,-23.2979679107666,-0.00046874998952262104,-0.39990234375,5.859374869032763e-05,-0.03195800632238388,0.020546874031424522,-3.0,0.0,-0.3199687499989523,0.0,-0.04200390428304673,-0.0,0.04539624999987427,0.0002633150143083185,0.1,0.3106907308101654,3.141592653589793,-3.140516519546509,0.0,0.0,0.0,-0.0
11.131370544433594,-23.2979679107666,-0.00046874998952262104,-0.39990234375,5.859374869032763e-05,-0.03195800632238388,0.020546874031424522,-3.0,0.0,-0.3199687499989523,0.0,-0.04200390428304673,-0.0,0.04539624999987427,0.0002633150143083185,0.1,0.3106907308101654,3.141592653589793,-3.140516519546509,0.0,0.0,0.0,-0.0
11.135968685150146,-23.2979679107666,-0.00046874998952262104,-0.39990234375,5.859374869032763e-05,-0.03195800632238388,0.020546874031424522,-3.0,0.0,-0.3199687499989523,0.0,-0.04200390428304673,-0.0,0.04539624999987427,0.0002633150143083185,0.1,0.3106907308101654,3.141592653589793,-3.140516519546509,0.0,0.0,0.0,-0.0
11.140827178955078,-23.2979679107666,-0.00046874998952262104,-0.39990234375,5.859374869032763e-05,-0.03195800632238388,0.020546874031424522,-3.0,0.0,-0.3199687499989523,0.0,-0.04200390428304673,-0.0,0.04539624999987427,0.0002633150143083185,0.1,0.3106907308101654,3.141592653589793,-3.140516519546509,0.0,0.0,0.0,-0.0
11.145430326461792,-23.2979679107666,-0.00046874998952262104,-0.39990234375,5.859374869032763e-05,-0.03195800632238388,0.020546874031424522,-3.0,0.0,-0.3199687499989523,0.0,-0.04200390428304673,-0.0,0.04539624999987427,0.0002633150143083185,0.1,0.3106907308101654,3.141592653589793,-3.140516519546509,0.0,0.0,0.0,-0.0
11.150013446807861,-23.2979679107666,-0.00046874998952262104,-0.39990234375,5.859374869032763e-05,-0.03195800632238388,0.020546874031424522,-3.0,0.0,-0.3199687499989523,0.0,-0.04200390428304673,-0.0,0.04539624999987427,0.0002633150143083185,0.1,0.3106907308101654,3.141592653589793,-3.140516519546509,0.0,0.0,0.0,-0.0
11.154746294021606,-23.2979679107666,-0.00046874998952262104,-0.39990234375,5.859374869032763e-05,-0.03195800632238388,0.020546874031424522,-3.0,0.0,-0.3199687499989523,0.0,-0.04200390428304673,-0.0,0.04539624999987427,0.0002633150143083185,0.1,0.3106907308101654,3.141592653589793,-3.140516519546509,0.0,0.0,0.0,-0.0
11.159462690353394,-23.2979679107666,-0.00046874998952262104,-0.39990234375,5.859374869032763e-05,-0.03195800632238388,0.020546874031424522,-3.0,0.0,-0.3199687499989523,0.0,-0.04200390428304673,-0.0,0.04539624999987427,0.0002633150143083185,0.1,0.3106907308101654,3.141592653589793,-3.140516519546509,0.0,0.0,0.0,-0.0
11.163996458053589,-23.2979679107666,-0.00046874998952262104,-0.39990234375,5.859374869032763e-05,-0.03195800632238388,0.020546874031424522,-3.0,0.0,-0.3199687499989523,0.0,-0.04200390428304673,-0.0,0.04539624999987427,0.0002633150143083185,0.1,0.3106907308101654,3.141592653589793,-3.140516519546509,0.0,0.0,0.0,-0.0
11.169009923934937,-23.2979679107666,-0.00046874998952262104,-0.39990234375,5.859374869032763e-05,-0.03195800632238388,0.020546874031424522,-3.0,0.0,-0.3199687499989523,0.0,-0.04200390428304673,-0.0,0.04539624999987427,0.0002633150143083185,0.1,0.3106907308101654,3.141592653589793,-3.140516519546509,0.0,0.0,0.0,-0.0
11.173912286758423,-23.2979679107666,-0.00046874998952262104,-0.39990234375,5.859374869032763e-05,-0.03195800632238388,0.020546874031424522,-3.0,0.0,-0.3199687499989523,0.0,-0.04200390428304673,-0.0,0.04539624999987427,0.0002633150143083185,0.1,0.3106907308101654,3.141592653589793,-3.140516519546509,0.0,0.0,0.0,-0.0
11.178739070892334,-23.2979679107666,-0.00046874998952262104,-0.39990234375,5.859374869032763e-05,-0.03195800632238388,0.020546874031424522,-3.0,0.0,-0.3199687499989523,0.0,-0.04200390428304673,-0.0,0.04539624999987427,0.0002633150143083185,0.1,0.3106907308101654,3.141592653589793,-3.140516519546509,0.0,0.0,0.0,-0.0
11.183495283126831,-23.2979679107666,-0.00046874998952262104,-0.39990234375,5.859374869032763e-05,-0.03195800632238388,0.020546874031424522,-3.0,0.0,-0.3199687499989523,0.0,-0.04200390428304673,-0.0,0.04539624999987427,0.0002633150143083185,0.1,0.3106907308101654,3.141592653589793,-3.140516519546509,0.0,0.0,0.0,-0.0
11.188076972961426,-23.2979679107666,-0.00046874998952262104,-0.39990234375,5.859374869032763e-05,-0.03195800632238388,0.020546874031424522,-3.0,0.0,-0.3199687499989523,0.0,-0.04200390428304673,-0.0,0.04539624999987427,0.0002633150143083185,0.1,0.3106907308101654,3.141592653589793,-3.140516519546509,0.0,0.0,0.0,-0.0
11.192912340164185,-23.2979679107666,-0.00046874998952262104,-0.39990234375,5.859374869032763e-05,-0.03195800632238388,0.020546874031424522,-3.0,0.0,-0.3199687499989523,0.0,-0.04200390428304673,-0.0,0.04539624999987427,0.0002633150143083185,0.1,0.3106907308101654,3.141592653589793,-3.140516519546509,0.0,0.0,0.0,-0.0
11.197786092758179,-23.2979679107666,-0.00046874998952262104,-0.39990234375,5.859374869032763e-05,-0.03195800632238388,0.020546874031424522,-3.0,0.0,-0.3199687499989523,0.0,-0.04200390428304673,-0.0,0.04539624999987427,0.0002633150143083185,0.1,0.3106907308101654,3.141592653589793,-3.140516519546509,0.0,0.0,0.0,-0.0
11.202354192733765,-23.2979679107666,-0.00046874998952262104,-0.39990234375,5.859374869032763e-05,-0.03195800632238388,0.020546874031424522,-3.0,0.0,-0.3199687499989523,0.0,-0.04200390428304673,-0.0,0.04539624999987427,0.0002633150143083185,0.1,0.3106907308101654,3.141592653589793,-3.140516519546509,0.0,0.0,0.0,-0.0
11.207167148590088,-23.2979679107666,-0.00046874998952262104,-0.39990234375,5.859374869032763e-05,-0.03195800632238388,0.020546874031424522,-3.0,0.0,-0.3199687499989523,0.0,-0.04200390428304673,-0.0,0.04539624999987427,0.0002633150143083185,0.1,0.3106907308101654,3.141592653589793,-3.140516519546509,0.0,0.0,0.0,-0.0
11.211966514587402,-23.2979679107666,-0.00046874998952262104,-0.39990234375,5.859374869032763e-05,-0.03195800632238388,0.020546874031424522,-3.0,0.0,-0.3199687499989523,0.0,-0.04200390428304673,-0.0,0.04539624999987427,0.0002633150143083185,0.1,0.3106907308101654,3.141592653589793,-3.140516519546509,0.0,0.0,0.0,-0.0
11.21663212776184,-23.2979679107666,-0.00046874998952262104,-0.39990234375,5.859374869032763e-05,-0.03195800632238388,0.020546874031424522,-3.0,0.0,-0.3199687499989523,0.0,-0.04200390428304673,-0.0,0.04539624999987427,0.0002633150143083185,0.1,0.3106907308101654,3.141592653589793,-3.140516519546509,0.0,0.0,0.0,-0.0
11.221456289291382,-23.2979679107666,-0.00046874998952262104,-0.39990234375,5.859374869032763e-05,-0.03195800632238388,0.020546874031424522,-3.0,0.0,-0.3199687499989523,0.0,-0.04200390428304673,-0.0,0.04539624999987427,0.0002633150143083185,0.1,0.3106907308101654,3.141592653589793,-3.140516519546509,0.0,0.0,0.0,-0.0
11.22610878944397,-23.2979679107666,-0.00046874998952262104,-0.39990234375,5.859374869032763e-05,-0.03195800632238388,0.020546874031424522,-3.0,0.0,-0.3199687499989523,0.0,-0.04200390428304673,-0.0,0.04539624999987427,0.0002633150143083185,0.1,0.3106907308101654,3.141592653589793,-3.140516519546509,0.0,0.0,0.0,-0.0
11.231143236160278,-23.2979679107666,-0.00046874998952262104,-0.39990234375,5.859374869032763e-05,-0.03195800632238388,0.020546874031424522,-3.0,0.0,-0.3199687499989523,0.0,-0.04200390428304673,-0.0,0.04539624999987427,0.0002633150143083185,0.1,0.3106907308101654,3.141592653589793,-3.140516519546509,0.0,0.0,0.0,-0.0
11.236294984817505,-23.2979679107666,-0.00046874998952262104,-0.39990234375,5.859374869032763e-05,-0.03195800632238388,0.020546874031424522,-3.0,0.0,-0.3199687499989523,0.0,-0.04200390428304673,-0.0,0.04539624999987427,0.0002633150143083185,0.1,0.3106907308101654,3.141592653589793,-3.140516519546509,0.0,0.0,0.0,-0.0
11.24090027809143,-23.2979679107666,-0.00046874998952262104,-0.39990234375,5.859374869032763e-05,-0.03195800632238388,0.020546874031424522,-3.0,0.0,-0.3199687499989523,0.0,-0.04200390428304673,-0.0,0.04539624999987427,0.0002633150143083185,0.1,0.3106907308101654,3.141592653589793,-3.140516519546509,0.0,0.0,0.0,-0.0
11.245604515075684,-23.2979679107666,-0.00046874998952262104,-0.39990234375,5.859374869032763e-05,-0.03195800632238388,0.020546874031424522,-3.0,0.0,-0.3199687499989523,0.0,-0.04200390428304673,-0.0,0.04539624999987427,0.0002633150143083185,0.1,0.3106907308101654,3.141592653589793,-3.140516519546509,0.0,0.0,0.0,-0.0
11.250104904174805,-23.2979679107666,-0.00046874998952262104,-0.39990234375,5.859374869032763e-05,-0.03195800632238388,0.020546874031424522,-3.0,0.0,-0.3199687499989523,0.0,-0.04200390428304673,-0.0,0.04539624999987427,0.0002633150143083185,0.1,0.3106907308101654,3.141592653589793,-3.140516519546509,0.0,0.0,0.0,-0.0
11.254481554031372,-23.2979679107666,-0.00046874998952262104,-0.39990234375,5.859374869032763e-05,-0.03195800632238388,0.020546874031424522,-3.0,0.0,-0.3199687499989523,0.0,-0.04200390428304673,-0.0,0.04539624999987427,0.0002633150143083185,0.1,0.3106907308101654,3.141592653589793,-3.140516519546509,0.0,0.0,0.0,-0.0
11.259167194366455,-23.2979679107666,-0.00046874998952262104,-0.39990234375,5.859374869032763e-05,-0.03195800632238388,0.020546874031424522,-3.0,0.0,-0.3199687499989523,0.0,-0.04200390428304673,-0.0,0.04539624999987427,0.0002633150143083185,0.1,0.3106907308101654,3.141592653589793,-3.140516519546509,0.0,0.0,0.0,-0.0
11.263958930969238,-23.2979679107666,-0.00046874998952262104,-0.39990234375,5.859374869032763e-05,-0.03195800632238388,0.020546874031424522,-3.0,0.0,-0.3199687499989523,0.0,-0.04200390428304673,-0.0,0.04539624999987427,0.0002633150143083185,0.1,0.3106907308101654,3.141592653589793,-3.140516519546509,0.0,0.0,0.0,-0.0
11.26877236366272,-23.2979679107666,-0.00046874998952262104,-0.39990234375,5.859374869032763e-05,-0.03195800632238388,0.020546874031424522,-3.0,0.0,-0.3199687499989523,0.0,-0.04200390428304673,-0.0,0.04539624999987427,0.0002633150143083185,0.1,0.3106907308101654,3.141592653589793,-3.140516519546509,0.0,0.0,0.0,-0.0
11.273585319519043,-23.2979679107666,-0.00046874998952262104,-0.39990234375,5.859374869032763e-05,-0.03195800632238388,0.020546874031424522,-3.0,0.0,-0.3199687499989523,0.0,-0.04200390428304673,-0.0,0.04539624999987427,0.0002633150143083185,0.1,0.3106907308101654,3.141592653589793,-3.140516519546509,0.0,0.0,0.0,-0.0
11.278174877166748,-23.2979679107666,-0.00046874998952262104,-0.39990234375,5.859374869032763e-05,-0.03195800632238388,0.020546874031424522,-3.0,0.0,-0.3199687499989523,0.0,-0.04200390428304673,-0.0,0.04539624999987427,0.0002633150143083185,0.1,0.3106907308101654,3.141592653589793,-3.140516519546509,0.0,0.0,0.0,-0.0
11.28300952911377,-23.2979679107666,-0.00046874998952262104,-0.39990234375,5.859374869032763e-05,-0.03195800632238388,0.020546874031424522,-3.0,0.0,-0.3199687499989523,0.0,-0.04200390428304673,-0.0,0.04539624999987427,0.0002633150143083185,0.1,0.3106907308101654,3.141592653589793,-3.140516519546509,0.0,0.0,0.0,-0.0
11.287834882736206,-23.2979679107666,-0.00046874998952262104,-0.39990234375,5.859374869032763e-05,-0.03195800632238388,0.020546874031424522,-3.0,0.0,-0.3199687499989523,0.0,-0.04200390428304673,-0.0,0.04539624999987427,0.0002633150143083185,0.1,0.3106907308101654,3.141592653589793,-3.140516519546509,0.0,0.0,0.0,-0.0
11.292585372924805,-23.2979679107666,-0.00046874998952262104,-0.39990234375,5.859374869032763e-05,-0.03195800632238388,0.020546874031424522,-3.0,0.0,-0.3199687499989523,0.0,-0.04200390428304673,-0.0,0.04539624999987427,0.0002633150143083185,0.1,0.3106907308101654,3.141592653589793,-3.140516519546509,0.0,0.0,0.0,-0.0
11.297300100326538,-23.2979679107666,-0.00046874998952262104,-0.39990234375,5.859374869032763e-05,-0.03195800632238388,0.020546874031424522,-3.0,0.0,-0.3199687499989523,0.0,-0.04200390428304673,-0.0,0.04539624999987427,0.0002633150143083185,0.1,0.3106907308101654,3.141592653589793,-3.140516519546509,0.0,0.0,0.0,-0.0
11.302115201950073,-23.2979679107666,-0.00046874998952262104,-0.39990234375,5.859374869032763e-05,-0.03195800632238388,0.020546874031424522,-3.0,0.0,-0.3199687499989523,0.0,-0.04200390428304673,-0.0,0.04539624999987427,0.0002633150143083185,0.1,0.3106907308101654,3.141592653589793,-3.140516519546509,0.0,0.0,0.0,-0.0
11.306873321533203,-23.2979679107666,-0.00046874998952262104,-0.39990234375,5.859374869032763e-05,-0.03195800632238388,0.020546874031424522,-3.0,0.0,-0.3199687499989523,0.0,-0.04200390428304673,-0.0,0.04539624999987427,0.0002633150143083185,0.1,0.3106907308101654,3.141592653589793,-3.140516519546509,0.0,0.0,0.0,-0.0
11.311626434326172,-23.2979679107666,-0.00046874998952262104,-0.39990234375,5.859374869032763e-05,-0.03195800632238388,0.020546874031424522,-3.0,0.0,-0.3199687499989523,0.0,-0.04200390428304673,-0.0,0.04539624999987427,0.0002633150143083185,0.1,0.3106907308101654,3.141592653589793,-3.140516519546509,0.0,0.0,0.0,-0.0
11.316171169281006,-23.2979679107666,-0.00046874998952262104,-0.39990234375,5.859374869032763e-05,-0.03195800632238388,0.020546874031424522,-3.0,0.0,-0.3199687499989523,0.0,-0.04200390428304673,-0.0,0.04539624999987427,0.0002633150143083185,0.1,0.3106907308101654,3.141592653589793,-3.140516519546509,0.0,0.0,0.0,-0.0
11.320787191390991,-23.2979679107666,-0.00046874998952262104,-0.39990234375,5.859374869032763e-05,-0.03195800632238388,0.020546874031424522,-3.0,0.0,-0.3199687499989523,0.0,-0.04200390428304673,-0.0,0.04539624999987427,0.0002633150143083185,0.1,0.3106907308101654,3.141592653589793,-3.140516519546509,0.0,0.0,0.0,-0.0
11.325329303741455,-23.2979679107666,-0.00046874998952262104,-0.39990234375,5.859374869032763e-05,-0.03195800632238388,0.020546874031424522,-3.0,0.0,-0.3199687499989523,0.0,-0.04200390428304673,-0.0,0.04539624999987427,0.0002633150143083185,0.1,0.3106907308101654,3.141592653589793,-3.140516519546509,0.0,0.0,0.0,-0.0
11.330811262130737,-23.2979679107666,-0.00046874998952262104,-0.39990234375,5.859374869032763e-05,-0.03195800632238388,0.020546874031424522,-3.0,0.0,-0.3199687499989523,0.0,-0.04200390428304673,-0.0,0.04539624999987427,0.0002633150143083185,0.1,0.3106907308101654,3.141592653589793,-3.140516519546509,0.0,0.0,0.0,-0.0
11.335592985153198,-23.2979679107666,-0.00046874998952262104,-0.39990234375,5.859374869032763e-05,-0.03195800632238388,0.020546874031424522,-3.0,0.0,-0.3199687499989523,0.0,-0.04200390428304673,-0.0,0.04539624999987427,0.0002633150143083185,0.1,0.3106907308101654,3.141592653589793,-3.140516519546509,0.0,0.0,0.0,-0.0
11.340250015258789,-23.2979679107666,-0.00046874998952262104,-0.39990234375,5.859374869032763e-05,-0.03195800632238388,0.020546874031424522,-3.0,0.0,-0.3199687499989523,0.0,-0.04200390428304673,-0.0,0.04539624999987427,0.0002633150143083185,0.1,0.3106907308101654,3.141592653589793,-3.140516519546509,0.0,0.0,0.0,-0.0
11.344932556152344,-23.2979679107666,-0.00046874998952262104,-0.39990234375,5.859374869032763e-05,-0.03195800632238388,0.020546874031424522,-3.0,0.0,-0.3199687499989523,0.0,-0.04200390428304673,-0.0,0.04539624999987427,0.0002633150143083185,0.1,0.3106907308101654,3.141592653589793,-3.140516519546509,0.0,0.0,0.0,-0.0
11.34960150718689,-23.2979679107666,-0.00046874998952262104,-0.39990234375,5.859374869032763e-05,-0.03195800632238388,0.020546874031424522,-3.0,0.0,-0.3199687499989523,0.0,-0.04200390428304673,-0.0,0.04539624999987427,0.0002633150143083185,0.1,0.3106907308101654,3.141592653589793,-3.140516519546509,0.0,0.0,0.0,-0.0
11.354026556015015,-23.2979679107666,-0.00046874998952262104,-0.39990234375,5.859374869032763e-05,-0.03195800632238388,0.020546874031424522,-3.0,0.0,-0.3199687499989523,0.0,-0.04200390428304673,-0.0,0.04539624999987427,0.0002633150143083185,0.1,0.3106907308101654,3.141592653589793,-3.140516519546509,0.0,0.0,0.0,-0.0
11.358428955078125,-23.2979679107666,-0.00046874998952262104,-0.39990234375,5.859374869032763e-05,-0.03195800632238388,0.020546874031424522,-3.0,0.0,-0.3199687499989523,0.0,-0.04200390428304673,-0.0,0.04539624999987427,0.0002633150143083185,0.1,0.3106907308101654,3.141592653589793,-3.140516519546509,0.0,0.0,0.0,-0.0
11.363120079040527,-23.2979679107666,-0.00046874998952262104,-0.39990234375,5.859374869032763e-05,-0.03195800632238388,0.020546874031424522,-3.0,0.0,-0.3199687499989523,0.0,-0.04200390428304673,-0.0,0.04539624999987427,0.0002633150143083185,0.1,0.3106907308101654,3.141592653589793,-3.140516519546509,0.0,0.0,0.0,-0.0
11.367740392684937,-23.2979679107666,-0.00046874998952262104,-0.39990234375,5.859374869032763e-05,-0.03195800632238388,0.020546874031424522,-3.0,0.0,-0.3199687499989523,0.0,-0.04200390428304673,-0.0,0.04539624999987427,0.0002633150143083185,0.1,0.3106907308101654,3.141592653589793,-3.140516519546509,0.0,0.0,0.0,-0.0
11.372398138046265,-23.2979679107666,-0.00046874998952262104,-0.39990234375,5.859374869032763e-05,-0.03195800632238388,0.020546874031424522,-3.0,0.0,-0.3199687499989523,0.0,-0.04200390428304673,-0.0,0.04539624999987427,0.0002633150143083185,0.1,0.3106907308101654,3.141592653589793,-3.140516519546509,0.0,0.0,0.0,-0.0
11.377039432525635,-23.2979679107666,-0.00046874998952262104,-0.39990234375,5.859374869032763e-05,-0.03195800632238388,0.020546874031424522,-3.0,0.0,-0.3199687499989523,0.0,-0.04200390428304673,-0.0,0.04539624999987427,0.0002633150143083185,0.1,0.3106907308101654,3.141592653589793,-3.140516519546509,0.0,0.0,0.0,-0.0
11.38182282447815,-23.2979679107666,-0.00046874998952262104,-0.39990234375,5.859374869032763e-05,-0.03195800632238388,0.020546874031424522,-3.0,0.0,-0.3199687499989523,0.0,-0.04200390428304673,-0.0,0.04539624999987427,0.0002633150143083185,0.1,0.3106907308101654,3.141592653589793,-3.140516519546509,0.0,0.0,0.0,-0.0
11.3864586353302,-23.2979679107666,-0.00046874998952262104,-0.39990234375,5.859374869032763e-05,-0.03195800632238388,0.020546874031424522,-3.0,0.0,-0.3199687499989523,0.0,-0.04200390428304673,-0.0,0.04539624999987427,0.0002633150143083185,0.1,0.3106907308101654,3.141592653589793,-3.140516519546509,0.0,0.0,0.0,-0.0
11.39117693901062,-23.2979679107666,-0.00046874998952262104,-0.39990234375,5.859374869032763e-05,-0.03195800632238388,0.020546874031424522,-3.0,0.0,-0.3199687499989523,0.0,-0.04200390428304673,-0.0,0.04539624999987427,0.0002633150143083185,0.1,0.3106907308101654,3.141592653589793,-3.140516519546509,0.0,0.0,0.0,-0.0
11.39602255821228,-23.2979679107666,-0.00046874998952262104,-0.39990234375,5.859374869032763e-05,-0.03195800632238388,0.020546874031424522,-3.0,0.0,-0.3199687499989523,0.0,-0.04200390428304673,-0.0,0.04539624999987427,0.0002633150143083185,0.1,0.3106907308101654,3.141592653589793,-3.140516519546509,0.0,0.0,0.0,-0.0
11.400648355484009,-23.2979679107666,-0.00046874998952262104,-0.39990234375,5.859374869032763e-05,-0.03195800632238388,0.020546874031424522,-3.0,0.0,-0.3199687499989523,0.0,-0.04200390428304673,-0.0,0.04539624999987427,0.0002633150143083185,0.1,0.3106907308101654,3.141592653589793,-3.140516519546509,0.0,0.0,0.0,-0.0
11.405469417572021,-23.2979679107666,-0.00046874998952262104,-0.39990234375,5.859374869032763e-05,-0.03195800632238388,0.020546874031424522,-3.0,0.0,-0.3199687499989523,0.0,-0.04200390428304673,-0.0,0.04539624999987427,0.0002633150143083185,0.1,0.3106907308101654,3.141592653589793,-3.140516519546509,0.0,0.0,0.0,-0.0
11.41022801399231,-23.2979679107666,-0.00046874998952262104,-0.39990234375,5.859374869032763e-05,-0.03195800632238388,0.020546874031424522,-3.0,0.0,-0.3199687499989523,0.0,-0.04200390428304673,-0.0,0.04539624999987427,0.0002633150143083185,0.1,0.3106907308101654,3.141592653589793,-3.140516519546509,0.0,0.0,0.0,-0.0
11.415020227432251,-23.2979679107666,-0.00046874998952262104,-0.39990234375,5.859374869032763e-05,-0.03195800632238388,0.020546874031424522,-3.0,0.0,-0.3199687499989523,0.0,-0.04200390428304673,-0.0,0.04539624999987427,0.0002633150143083185,0.1,0.3106907308101654,3.141592653589793,-3.140516519546509,0.0,0.0,0.0,-0.0
11.419831991195679,-23.2979679107666,-0.00046874998952262104,-0.39990234375,5.859374869032763e-05,-0.03195800632238388,0.020546874031424522,-3.0,0.0,-0.3199687499989523,0.0,-0.04200390428304673,-0.0,0.04539624999987427,0.0002633150143083185,0.1,0.3106907308101654,3.141592653589793,-3.140516519546509,0.0,0.0,0.0,-0.0
11.424528360366821,-23.2979679107666,-0.00046874998952262104,-0.39990234375,5.859374869032763e-05,-0.03195800632238388,0.020546874031424522,-3.0,0.0,-0.3199687499989523,0.0,-0.04200390428304673,-0.0,0.04539624999987427,0.0002633150143083185,0.1,0.3106907308101654,3.141592653589793,-3.140516519546509,0.0,0.0,0.0,-0.0
11.429033756256104,-23.2979679107666,-0.00046874998952262104,-0.39990234375,5.859374869032763e-05,-0.03195800632238388,0.020546874031424522,-3.0,0.0,-0.3199687499989523,0.0,-0.04200390428304673,-0.0,0.04539624999987427,0.0002633150143083185,0.1,0.3106907308101654,3.141592653589793,-3.140516519546509,0.0,0.0,0.0,-0.0
11.433471202850342,-23.2979679107666,-0.00046874998952262104,-0.39990234375,5.859374869032763e-05,-0.03195800632238388,0.020546874031424522,-3.0,0.0,-0.3199687499989523,0.0,-0.04200390428304673,-0.0,0.04539624999987427,0.0002633150143083185,0.1,0.3106907308101654,3.141592653589793,-3.140516519546509,0.0,0.0,0.0,-0.0
11.438334226608276,-23.2979679107666,-0.00046874998952262104,-0.39990234375,5.859374869032763e-05,-0.03195800632238388,0.020546874031424522,-3.0,0.0,-0.3199687499989523,0.0,-0.04200390428304673,-0.0,0.04539624999987427,0.0002633150143083185,0.1,0.3106907308101654,3.141592653589793,-3.140516519546509,0.0,0.0,0.0,-0.0
11.443127393722534,-23.2979679107666,-0.00046874998952262104,-0.39990234375,5.859374869032763e-05,-0.03195800632238388,0.020546874031424522,-3.0,0.0,-0.3199687499989523,0.0,-0.04200390428304673,-0.0,0.04539624999987427,0.0002633150143083185,0.1,0.3106907308101654,3.141592653589793,-3.140516519546509,0.0,0.0,0.0,-0.0
11.447596549987793,-23.2979679107666,-0.00046874998952262104,-0.39990234375,5.859374869032763e-05,-0.03195800632238388,0.020546874031424522,-3.0,0.0,-0.3199687499989523,0.0,-0.04200390428304673,-0.0,0.04539624999987427,0.0002633150143083185,0.1,0.3106907308101654,3.141592653589793,-3.140516519546509,0.0,0.0,0.0,-0.0
11.452107667922974,-23.2979679107666,-0.00046874998952262104,-0.39990234375,5.859374869032763e-05,-0.03195800632238388,0.020546874031424522,-3.0,0.0,-0.3199687499989523,0.0,-0.04200390428304673,-0.0,0.04539624999987427,0.0002633150143083185,0.1,0.3106907308101654,3.141592653589793,-3.140516519546509,0.0,0.0,0.0,-0.0
11.45670747756958,-23.2979679107666,-0.00046874998952262104,-0.39990234375,5.859374869032763e-05,-0.03195800632238388,0.020546874031424522,-3.0,0.0,-0.3199687499989523,0.0,-0.04200390428304673,-0.0,0.04539624999987427,0.0002633150143083185,0.1,0.3106907308101654,3.141592653589793,-3.140516519546509,0.0,0.0,0.0,-0.0
11.461710453033447,-23.2979679107666,-0.00046874998952262104,-0.39990234375,5.859374869032763e-05,-0.03195800632238388,0.020546874031424522,-3.0,0.0,-0.3199687499989523,0.0,-0.04200390428304673,-0.0,0.04539624999987427,0.0002633150143083185,0.1,0.3106907308101654,3.141592653589793,-3.140516519546509,0.0,0.0,0.0,-0.0
11.466787099838257,-23.2979679107666,-0.00046874998952262104,-0.39990234375,5.859374869032763e-05,-0.03195800632238388,0.020546874031424522,-3.0,0.0,-0.3199687499989523,0.0,-0.04200390428304673,-0.0,0.04539624999987427,0.0002633150143083185,0.1,0.3106907308101654,3.141592653589793,-3.140516519546509,0.0,0.0,0.0,-0.0
11.471457958221436,-23.2979679107666,-0.00046874998952262104,-0.39990234375,5.859374869032763e-05,-0.03195800632238388,0.020546874031424522,-3.0,0.0,-0.3199687499989523,0.0,-0.04200390428304673,-0.0,0.04539624999987427,0.0002633150143083185,0.1,0.3106907308101654,3.141592653589793,-3.140516519546509,0.0,0.0,0.0,-0.0
11.476149559020996,-23.2979679107666,-0.00046874998952262104,-0.39990234375,5.859374869032763e-05,-0.03195800632238388,0.020546874031424522,-3.0,0.0,-0.3199687499989523,0.0,-0.04200390428304673,-0.0,0.04539624999987427,0.0002633150143083185,0.1,0.3106907308101654,3.141592653589793,-3.140516519546509,0.0,0.0,0.0,-0.0
11.48076319694519,-23.2979679107666,-0.00046874998952262104,-0.39990234375,5.859374869032763e-05,-0.03195800632238388,0.020546874031424522,-3.0,0.0,-0.3199687499989523,0.0,-0.04200390428304673,-0.0,0.04539624999987427,0.0002633150143083185,0.1,0.3106907308101654,3.141592653589793,-3.140516519546509,0.0,0.0,0.0,-0.0
11.485841512680054,-23.2979679107666,-0.00046874998952262104,-0.39990234375,5.859374869032763e-05,-0.03195800632238388,0.020546874031424522,-3.0,0.0,-0.3199687499989523,0.0,-0.04200390428304673,-0.0,0.04539624999987427,0.0002633150143083185,0.1,0.3106907308101654,3.141592653589793,-3.140516519546509,0.0,0.0,0.0,-0.0
11.490972995758057,-23.2979679107666,-0.00046874998952262104,-0.39990234375,5.859374869032763e-05,-0.03195800632238388,0.020546874031424522,-3.0,0.0,-0.3199687499989523,0.0,-0.04200390428304673,-0.0,0.04539624999987427,0.0002633150143083185,0.1,0.3106907308101654,3.141592653589793,-3.140516519546509,0.0,0.0,0.0,-0.0
11.49568772315979,-23.2979679107666,-0.00046874998952262104,-0.39990234375,5.859374869032763e-05,-0.03195800632238388,0.020546874031424522,-3.0,0.0,-0.3199687499989523,0.0,-0.04200390428304673,-0.0,0.04539624999987427,0.0002633150143083185,0.1,0.3106907308101654,3.141592653589793,-3.140516519546509,0.0,0.0,0.0,-0.0
11.500361680984497,-23.2979679107666,-0.00046874998952262104,-0.39990234375,5.859374869032763e-05,-0.03195800632238388,0.020546874031424522,-3.0,0.0,-0.3199687499989523,0.0,-0.04200390428304673,-0.0,0.04539624999987427,0.0002633150143083185,0.1,0.3106907308101654,3.141592653589793,-3.140516519546509,0.0,0.0,0.0,-0.0
11.50490951538086,-23.2979679107666,-0.00046874998952262104,-0.39990234375,5.859374869032763e-05,-0.03195800632238388,0.020546874031424522,-3.0,0.0,-0.3199687499989523,0.0,-0.04200390428304673,-0.0,0.04539624999987427,0.0002633150143083185,0.1,0.3106907308101654,3.141592653589793,-3.140516519546509,0.0,0.0,0.0,-0.0
11.509927034378052,-23.2979679107666,-0.00046874998952262104,-0.39990234375,5.859374869032763e-05,-0.03195800632238388,0.020546874031424522,-3.0,0.0,-0.3199687499989523,0.0,-0.04200390428304673,-0.0,0.04539624999987427,0.0002633150143083185,0.1,0.3106907308101654,3.141592653589793,-3.140516519546509,0.0,0.0,0.0,-0.0
11.514620304107666,-23.2979679107666,-0.00046874998952262104,-0.39990234375,5.859374869032763e-05,-0.03195800632238388,0.020546874031424522,-3.0,0.0,-0.3199687499989523,0.0,-0.04200390428304673,-0.0,0.04539624999987427,0.0002633150143083185,0.1,0.3106907308101654,3.141592653589793,-3.140516519546509,0.0,0.0,0.0,-0.0
11.519699811935425,-23.2979679107666,-0.00046874998952262104,-0.39990234375,5.859374869032763e-05,-0.03195800632238388,0.020546874031424522,-3.0,0.0,-0.3199687499989523,0.0,-0.04200390428304673,-0.0,0.04539624999987427,0.0002633150143083185,0.1,0.3106907308101654,3.141592653589793,-3.140516519546509,0.0,0.0,0.0,-0.0
11.524787664413452,-23.2979679107666,-0.00046874998952262104,-0.39990234375,5.859374869032763e-05,-0.03195800632238388,0.020546874031424522,-3.0,0.0,-0.3199687499989523,0.0,-0.04200390428304673,-0.0,0.04539624999987427,0.0002633150143083185,0.1,0.3106907308101654,3.141592653589793,-3.140516519546509,0.0,0.0,0.0,-0.0
11.529942989349365,-23.2979679107666,-0.00046874998952262104,-0.39990234375,5.859374869032763e-05,-0.03195800632238388,0.020546874031424522,-3.0,0.0,-0.3199687499989523,0.0,-0.04200390428304673,-0.0,0.04539624999987427,0.0002633150143083185,0.1,0.3106907308101654,3.141592653589793,-3.140516519546509,0.0,0.0,0.0,-0.0
11.53453016281128,-23.2979679107666,-0.00046874998952262104,-0.39990234375,5.859374869032763e-05,-0.03195800632238388,0.020546874031424522,-3.0,0.0,-0.3199687499989523,0.0,-0.04200390428304673,-0.0,0.04539624999987427,0.0002633150143083185,0.1,0.3106907308101654,3.141592653589793,-3.140516519546509,0.0,0.0,0.0,-0.0
11.539555788040161,-23.2979679107666,-0.00046874998952262104,-0.39990234375,5.859374869032763e-05,-0.03195800632238388,0.020546874031424522,-3.0,0.0,-0.3199687499989523,0.0,-0.04200390428304673,-0.0,0.04539624999987427,0.0002633150143083185,0.1,0.3106907308101654,3.141592653589793,-3.140516519546509,0.0,0.0,0.0,-0.0
11.544310569763184,-23.2979679107666,-0.00046874998952262104,-0.39990234375,5.859374869032763e-05,-0.03195800632238388,0.020546874031424522,-3.0,0.0,-0.3199687499989523,0.0,-0.04200390428304673,-0.0,0.04539624999987427,0.0002633150143083185,0.1,0.3106907308101654,3.141592653589793,-3.140516519546509,0.0,0.0,0.0,-0.0
11.548918962478638,-23.2979679107666,-0.00046874998952262104,-0.39990234375,5.859374869032763e-05,-0.03195800632238388,0.020546874031424522,-3.0,0.0,-0.3199687499989523,0.0,-0.04200390428304673,-0.0,0.04539624999987427,0.0002633150143083185,0.1,0.3106907308101654,3.141592653589793,-3.140516519546509,0.0,0.0,0.0,-0.0
11.553626298904419,-23.2979679107666,-0.00046874998952262104,-0.39990234375,5.859374869032763e-05,-0.03195800632238388,0.020546874031424522,-3.0,0.0,-0.3199687499989523,0.0,-0.04200390428304673,-0.0,0.04539624999987427,0.0002633150143083185,0.1,0.3106907308101654,3.141592653589793,-3.140516519546509,0.0,0.0,0.0,-0.0
11.558069944381714,-23.2979679107666,-0.00046874998952262104,-0.39990234375,5.859374869032763e-05,-0.03195800632238388,0.020546874031424522,-3.0,0.0,-0.3199687499989523,0.0,-0.04200390428304673,-0.0,0.04539624999987427,0.0002633150143083185,0.1,0.3106907308101654,3.141592653589793,-3.140516519546509,0.0,0.0,0.0,-0.0
11.56275486946106,-23.2979679107666,-0.00046874998952262104,-0.39990234375,5.859374869032763e-05,-0.03195800632238388,0.020546874031424522,-3.0,0.0,-0.3199687499989523,0.0,-0.04200390428304673,-0.0,0.04539624999987427,0.0002633150143083185,0.1,0.3106907308101654,3.141592653589793,-3.140516519546509,0.0,0.0,0.0,-0.0
11.567381143569946,-23.2979679107666,-0.00046874998952262104,-0.39990234375,5.859374869032763e-05,-0.03195800632238388,0.020546874031424522,-3.0,0.0,-0.3199687499989523,0.0,-0.04200390428304673,-0.0,0.04539624999987427,0.0002633150143083185,0.1,0.3106907308101654,3.141592653589793,-3.140516519546509,0.0,0.0,0.0,-0.0
11.571845293045044,-23.2979679107666,-0.00046874998952262104,-0.39990234375,5.859374869032763e-05,-0.03195800632238388,0.020546874031424522,-3.0,0.0,-0.3199687499989523,0.0,-0.04200390428304673,-0.0,0.04539624999987427,0.0002633150143083185,0.1,0.3106907308101654,3.141592653589793,-3.140516519546509,0.0,0.0,0.0,-0.0
11.57679271697998,-23.2979679107666,-0.00046874998952262104,-0.39990234375,5.859374869032763e-05,-0.03195800632238388,0.020546874031424522,-3.0,0.0,-0.3199687499989523,0.0,-0.04200390428304673,-0.0,0.04539624999987427,0.0002633150143083185,0.1,0.3106907308101654,3.141592653589793,-3.140516519546509,0.0,0.0,0.0,-0.0
11.581554174423218,-23.2979679107666,-0.00046874998952262104,-0.39990234375,5.859374869032763e-05,-0.03195800632238388,0.020546874031424522,-3.0,0.0,-0.3199687499989523,0.0,-0.04200390428304673,-0.0,0.04539624999987427,0.0002633150143083185,0.1,0.3106907308101654,3.141592653589793,-3.140516519546509,0.0,0.0,0.0,-0.0
11.58595871925354,-23.2979679107666,-0.00046874998952262104,-0.39990234375,5.859374869032763e-05,-0.03195800632238388,0.020546874031424522,-3.0,0.0,-0.3199687499989523,0.0,-0.04200390428304673,-0.0,0.04539624999987427,0.0002633150143083185,0.1,0.3106907308101654,3.141592653589793,-3.140516519546509,0.0,0.0,0.0,-0.0
11.59102487564087,-23.2979679107666,-0.00046874998952262104,-0.39990234375,5.859374869032763e-05,-0.03195800632238388,0.020546874031424522,-3.0,0.0,-0.3199687499989523,0.0,-0.04200390428304673,-0.0,0.04539624999987427,0.0002633150143083185,0.1,0.3106907308101654,3.141592653589793,-3.140516519546509,0.0,0.0,0.0,-0.0
11.595884561538696,-23.2979679107666,-0.00046874998952262104,-0.39990234375,5.859374869032763e-05,-0.03195800632238388,0.020546874031424522,-3.0,0.0,-0.3199687499989523,0.0,-0.04200390428304673,-0.0,0.04539624999987427,0.0002633150143083185,0.1,0.3106907308101654,3.141592653589793,-3.140516519546509,0.0,0.0,0.0,-0.0
11.60047435760498,-23.2979679107666,-0.00046874998952262104,-0.39990234375,5.859374869032763e-05,-0.03195800632238388,0.020546874031424522,-3.0,0.0,-0.3199687499989523,0.0,-0.04200390428304673,-0.0,0.04539624999987427,0.0002633150143083185,0.1,0.3106907308101654,3.141592653589793,-3.140516519546509,0.0,0.0,0.0,-0.0
11.605039834976196,-23.2979679107666,-0.00046874998952262104,-0.39990234375,5.859374869032763e-05,-0.03195800632238388,0.020546874031424522,-3.0,0.0,-0.3199687499989523,0.0,-0.04200390428304673,-0.0,0.04539624999987427,0.0002633150143083185,0.1,0.3106907308101654,3.141592653589793,-3.140516519546509,0.0,0.0,0.0,-0.0
11.60982084274292,-23.2979679107666,-0.00046874998952262104,-0.39990234375,5.859374869032763e-05,-0.03195800632238388,0.020546874031424522,-3.0,0.0,-0.3199687499989523,0.0,-0.04200390428304673,-0.0,0.04539624999987427,0.0002633150143083185,0.1,0.3106907308101654,3.141592653589793,-3.140516519546509,0.0,0.0,0.0,-0.0
11.614729404449463,-23.2979679107666,-0.00046874998952262104,-0.39990234375,5.859374869032763e-05,-0.03195800632238388,0.020546874031424522,-3.0,0.0,-0.3199687499989523,0.0,-0.04200390428304673,-0.0,0.04539624999987427,0.0002633150143083185,0.1,0.3106907308101654,3.141592653589793,-3.140516519546509,0.0,0.0,0.0,-0.0
11.619876861572266,-23.2979679107666,-0.00046874998952262104,-0.39990234375,5.859374869032763e-05,-0.03195800632238388,0.020546874031424522,-3.0,0.0,-0.3199687499989523,0.0,-0.04200390428304673,-0.0,0.04539624999987427,0.0002633150143083185,0.1,0.3106907308101654,3.141592653589793,-3.140516519546509,0.0,0.0,0.0,-0.0
11.624587297439575,-23.2979679107666,-0.00046874998952262104,-0.39990234375,5.859374869032763e-05,-0.03195800632238388,0.020546874031424522,-3.0,0.0,-0.3199687499989523,0.0,-0.04200390428304673,-0.0,0.04539624999987427,0.0002633150143083185,0.1,0.3106907308101654,3.141592653589793,-3.140516519546509,0.0,0.0,0.0,-0.0
11.629267454147339,-23.2979679107666,-0.00046874998952262104,-0.39990234375,5.859374869032763e-05,-0.03195800632238388,0.020546874031424522,-3.0,0.0,-0.3199687499989523,0.0,-0.04200390428304673,-0.0,0.04539624999987427,0.0002633150143083185,0.1,0.3106907308101654,3.141592653589793,-3.140516519546509,0.0,0.0,0.0,-0.0
11.633831024169922,-23.2979679107666,-0.00046874998952262104,-0.39990234375,5.859374869032763e-05,-0.03195800632238388,0.020546874031424522,-3.0,0.0,-0.3199687499989523,0.0,-0.04200390428304673,-0.0,0.04539624999987427,0.0002633150143083185,0.1,0.3106907308101654,3.141592653589793,-3.140516519546509,0.0,0.0,0.0,-0.0
11.638513088226318,-23.2979679107666,-0.00046874998952262104,-0.39990234375,5.859374869032763e-05,-0.03195800632238388,0.020546874031424522,-3.0,0.0,-0.3199687499989523,0.0,-0.04200390428304673,-0.0,0.04539624999987427,0.0002633150143083185,0.1,0.3106907308101654,3.141592653589793,-3.140516519546509,0.0,0.0,0.0,-0.0
11.643477201461792,-23.2979679107666,-0.00046874998952262104,-0.39990234375,5.859374869032763e-05,-0.03195800632238388,0.020546874031424522,-3.0,0.0,-0.3199687499989523,0.0,-0.04200390428304673,-0.0,0.04539624999987427,0.0002633150143083185,0.1,0.3106907308101654,3.141592653589793,-3.140516519546509,0.0,0.0,0.0,-0.0
11.648145198822021,-23.2979679107666,-0.00046874998952262104,-0.39990234375,5.859374869032763e-05,-0.03195800632238388,0.020546874031424522,-3.0,0.0,-0.3199687499989523,0.0,-0.04200390428304673,-0.0,0.04539624999987427,0.0002633150143083185,0.1,0.3106907308101654,3.141592653589793,-3.140516519546509,0.0,0.0,0.0,-0.0
11.652664422988892,-23.2979679107666,-0.00046874998952262104,-0.39990234375,5.859374869032763e-05,-0.03195800632238388,0.020546874031424522,-3.0,0.0,-0.3199687499989523,0.0,-0.04200390428304673,-0.0,0.04539624999987427,0.0002633150143083185,0.1,0.3106907308101654,3.141592653589793,-3.140516519546509,0.0,0.0,0.0,-0.0
11.657483339309692,-23.2979679107666,-0.00046874998952262104,-0.39990234375,5.859374869032763e-05,-0.03195800632238388,0.020546874031424522,-3.0,0.0,-0.3199687499989523,0.0,-0.04200390428304673,-0.0,0.04539624999987427,0.0002633150143083185,0.1,0.3106907308101654,3.141592653589793,-3.140516519546509,0.0,0.0,0.0,-0.0
11.662226915359497,-23.2979679107666,-0.00046874998952262104,-0.39990234375,5.859374869032763e-05,-0.03195800632238388,0.020546874031424522,-3.0,0.0,-0.3199687499989523,0.0,-0.04200390428304673,-0.0,0.04539624999987427,0.0002633150143083185,0.1,0.3106907308101654,3.141592653589793,-3.140516519546509,0.0,0.0,0.0,-0.0
11.666876077651978,-23.2979679107666,-0.00046874998952262104,-0.39990234375,5.859374869032763e-05,-0.03195800632238388,0.020546874031424522,-3.0,0.0,-0.3199687499989523,0.0,-0.04200390428304673,-0.0,0.04539624999987427,0.0002633150143083185,0.1,0.3106907308101654,3.141592653589793,-3.140516519546509,0.0,0.0,0.0,-0.0
11.671463966369629,-23.2979679107666,-0.00046874998952262104,-0.39990234375,5.859374869032763e-05,-0.03195800632238388,0.020546874031424522,-3.0,0.0,-0.3199687499989523,0.0,-0.04200390428304673,-0.0,0.04539624999987427,0.0002633150143083185,0.1,0.3106907308101654,3.141592653589793,-3.140516519546509,0.0,0.0,0.0,-0.0
11.676140069961548,-23.2979679107666,-0.00046874998952262104,-0.39990234375,5.859374869032763e-05,-0.03195800632238388,0.020546874031424522,-3.0,0.0,-0.3199687499989523,0.0,-0.04200390428304673,-0.0,0.04539624999987427,0.0002633150143083185,0.1,0.3106907308101654,3.141592653589793,-3.140516519546509,0.0,0.0,0.0,-0.0
11.680623292922974,-23.2979679107666,-0.00046874998952262104,-0.39990234375,5.859374869032763e-05,-0.03195800632238388,0.020546874031424522,-3.0,0.0,-0.3199687499989523,0.0,-0.04200390428304673,-0.0,0.04539624999987427,0.0002633150143083185,0.1,0.3106907308101654,3.141592653589793,-3.140516519546509,0.0,0.0,0.0,-0.0
11.685596942901611,-23.2979679107666,-0.00046874998952262104,-0.39990234375,5.859374869032763e-05,-0.03195800632238388,0.020546874031424522,-3.0,0.0,-0.3199687499989523,0.0,-0.04200390428304673,-0.0,0.04539624999987427,0.0002633150143083185,0.1,0.3106907308101654,3.141592653589793,-3.140516519546509,0.0,0.0,0.0,-0.0
11.690544605255127,-23.2979679107666,-0.00046874998952262104,-0.39990234375,5.859374869032763e-05,-0.03195800632238388,0.020546874031424522,-3.0,0.0,-0.3199687499989523,0.0,-0.04200390428304673,-0.0,0.04539624999987427,0.0002633150143083185,0.1,0.3106907308101654,3.141592653589793,-3.140516519546509,0.0,0.0,0.0,-0.0
11.695393800735474,-23.2979679107666,-0.00046874998952262104,-0.39990234375,5.859374869032763e-05,-0.03195800632238388,0.020546874031424522,-3.0,0.0,-0.3199687499989523,0.0,-0.04200390428304673,-0.0,0.04539624999987427,0.0002633150143083185,0.1,0.3106907308101654,3.141592653589793,-3.140516519546509,0.0,0.0,0.0,-0.0
11.700106382369995,-23.2979679107666,-0.00046874998952262104,-0.39990234375,5.859374869032763e-05,-0.03195800632238388,0.020546874031424522,-3.0,0.0,-0.3199687499989523,0.0,-0.04200390428304673,-0.0,0.04539624999987427,0.0002633150143083185,0.1,0.3106907308101654,3.141592653589793,-3.140516519546509,0.0,0.0,0.0,-0.0
11.704971551895142,-23.2979679107666,-0.00046874998952262104,-0.39990234375,5.859374869032763e-05,-0.03195800632238388,0.020546874031424522,-3.0,0.0,-0.3199687499989523,0.0,-0.04200390428304673,-0.0,0.04539624999987427,0.0002633150143083185,0.1,0.3106907308101654,3.141592653589793,-3.140516519546509,0.0,0.0,0.0,-0.0
11.709604740142822,-23.2979679107666,-0.00046874998952262104,-0.39990234375,5.859374869032763e-05,-0.03195800632238388,0.020546874031424522,-3.0,0.0,-0.3199687499989523,0.0,-0.04200390428304673,-0.0,0.04539624999987427,0.0002633150143083185,0.1,0.3106907308101654,3.141592653589793,-3.140516519546509,0.0,0.0,0.0,-0.0
11.714223384857178,-23.2979679107666,-0.00046874998952262104,-0.39990234375,5.859374869032763e-05,-0.03195800632238388,0.020546874031424522,-3.0,0.0,-0.3199687499989523,0.0,-0.04200390428304673,-0.0,0.04539624999987427,0.0002633150143083185,0.1,0.3106907308101654,3.141592653589793,-3.140516519546509,0.0,0.0,0.0,-0.0
11.718862771987915,-23.2979679107666,-0.00046874998952262104,-0.39990234375,5.859374869032763e-05,-0.03195800632238388,0.020546874031424522,-3.0,0.0,-0.3199687499989523,0.0,-0.04200390428304673,-0.0,0.04539624999987427,0.0002633150143083185,0.1,0.3106907308101654,3.141592653589793,-3.140516519546509,0.0,0.0,0.0,-0.0
11.723541259765625,-23.2979679107666,-0.00046874998952262104,-0.39990234375,5.859374869032763e-05,-0.03195800632238388,0.020546874031424522,-3.0,0.0,-0.3199687499989523,0.0,-0.04200390428304673,-0.0,0.04539624999987427,0.0002633150143083185,0.1,0.3106907308101654,3.141592653589793,-3.140516519546509,0.0,0.0,0.0,-0.0
11.728212118148804,-23.2979679107666,-0.00046874998952262104,-0.39990234375,5.859374869032763e-05,-0.03195800632238388,0.020546874031424522,-3.0,0.0,-0.3199687499989523,0.0,-0.04200390428304673,-0.0,0.04539624999987427,0.0002633150143083185,0.1,0.3106907308101654,3.141592653589793,-3.140516519546509,0.0,0.0,0.0,-0.0
11.7329261302948,-23.2979679107666,-0.00046874998952262104,-0.39990234375,5.859374869032763e-05,-0.03195800632238388,0.020546874031424522,-3.0,0.0,-0.3199687499989523,0.0,-0.04200390428304673,-0.0,0.04539624999987427,0.0002633150143083185,0.1,0.3106907308101654,3.141592653589793,-3.140516519546509,0.0,0.0,0.0,-0.0
11.737581253051758,-23.2979679107666,-0.00046874998952262104,-0.39990234375,5.859374869032763e-05,-0.03195800632238388,0.020546874031424522,-3.0,0.0,-0.3199687499989523,0.0,-0.04200390428304673,-0.0,0.04539624999987427,0.0002633150143083185,0.1,0.3106907308101654,3.141592653589793,-3.140516519546509,0.0,0.0,0.0,-0.0
11.742365837097168,-23.2979679107666,-0.00046874998952262104,-0.39990234375,5.859374869032763e-05,-0.03195800632238388,0.020546874031424522,-3.0,0.0,-0.3199687499989523,0.0,-0.04200390428304673,-0.0,0.04539624999987427,0.0002633150143083185,0.1,0.3106907308101654,3.141592653589793,-3.140516519546509,0.0,0.0,0.0,-0.0
11.746882915496826,-23.2979679107666,-0.00046874998952262104,-0.39990234375,5.859374869032763e-05,-0.03195800632238388,0.020546874031424522,-3.0,0.0,-0.3199687499989523,0.0,-0.04200390428304673,-0.0,0.04539624999987427,0.0002633150143083185,0.1,0.3106907308101654,3.141592653589793,-3.140516519546509,0.0,0.0,0.0,-0.0
11.751695394515991,-23.2979679107666,-0.00046874998952262104,-0.39990234375,5.859374869032763e-05,-0.03195800632238388,0.020546874031424522,-3.0,0.0,-0.3199687499989523,0.0,-0.04200390428304673,-0.0,0.04539624999987427,0.0002633150143083185,0.1,0.3106907308101654,3.141592653589793,-3.140516519546509,0.0,0.0,0.0,-0.0
11.756437063217163,-23.2979679107666,-0.00046874998952262104,-0.39990234375,5.859374869032763e-05,-0.03195800632238388,0.020546874031424522,-3.0,0.0,-0.3199687499989523,0.0,-0.04200390428304673,-0.0,0.04539624999987427,0.0002633150143083185,0.1,0.3106907308101654,3.141592653589793,-3.140516519546509,0.0,0.0,0.0,-0.0
11.761207580566406,-23.2979679107666,-0.00046874998952262104,-0.39990234375,5.859374869032763e-05,-0.03195800632238388,0.020546874031424522,-3.0,0.0,-0.3199687499989523,0.0,-0.04200390428304673,-0.0,0.04539624999987427,0.0002633150143083185,0.1,0.3106907308101654,3.141592653589793,-3.140516519546509,0.0,0.0,0.0,-0.0
11.765812397003174,-23.2979679107666,-0.00046874998952262104,-0.39990234375,5.859374869032763e-05,-0.03195800632238388,0.020546874031424522,-3.0,0.0,-0.3199687499989523,0.0,-0.04200390428304673,-0.0,0.04539624999987427,0.0002633150143083185,0.1,0.3106907308101654,3.141592653589793,-3.140516519546509,0.0,0.0,0.0,-0.0
11.770575046539307,-23.2979679107666,-0.00046874998952262104,-0.39990234375,5.859374869032763e-05,-0.03195800632238388,0.020546874031424522,-3.0,0.0,-0.3199687499989523,0.0,-0.04200390428304673,-0.0,0.04539624999987427,0.0002633150143083185,0.1,0.3106907308101654,3.141592653589793,-3.140516519546509,0.0,0.0,0.0,-0.0
11.77529525756836,-23.2979679107666,-0.00046874998952262104,-0.39990234375,5.859374869032763e-05,-0.03195800632238388,0.020546874031424522,-3.0,0.0,-0.3199687499989523,0.0,-0.04200390428304673,-0.0,0.04539624999987427,0.0002633150143083185,0.1,0.3106907308101654,3.141592653589793,-3.140516519546509,0.0,0.0,0.0,-0.0
11.780143737792969,-23.2979679107666,-0.00046874998952262104,-0.39990234375,5.859374869032763e-05,-0.03195800632238388,0.020546874031424522,-3.0,0.0,-0.3199687499989523,0.0,-0.04200390428304673,-0.0,0.04539624999987427,0.0002633150143083185,0.1,0.3106907308101654,3.141592653589793,-3.140516519546509,0.0,0.0,0.0,-0.0
11.784443140029907,-23.2979679107666,-0.00046874998952262104,-0.39990234375,5.859374869032763e-05,-0.03195800632238388,0.020546874031424522,-3.0,0.0,-0.3199687499989523,0.0,-0.04200390428304673,-0.0,0.04539624999987427,0.0002633150143083185,0.1,0.3106907308101654,3.141592653589793,-3.140516519546509,0.0,0.0,0.0,-0.0
11.789226055145264,-23.2979679107666,-0.00046874998952262104,-0.39990234375,5.859374869032763e-05,-0.03195800632238388,0.020546874031424522,-3.0,0.0,-0.3199687499989523,0.0,-0.04200390428304673,-0.0,0.04539624999987427,0.0002633150143083185,0.1,0.3106907308101654,3.141592653589793,-3.140516519546509,0.0,0.0,0.0,-0.0
11.793962717056274,-23.2979679107666,-0.00046874998952262104,-0.39990234375,5.859374869032763e-05,-0.03195800632238388,0.020546874031424522,-3.0,0.0,-0.3199687499989523,0.0,-0.04200390428304673,-0.0,0.04539624999987427,0.0002633150143083185,0.1,0.3106907308101654,3.141592653589793,-3.140516519546509,0.0,0.0,0.0,-0.0
11.798954010009766,-23.2979679107666,-0.00046874998952262104,-0.39990234375,5.859374869032763e-05,-0.03195800632238388,0.020546874031424522,-3.0,0.0,-0.3199687499989523,0.0,-0.04200390428304673,-0.0,0.04539624999987427,0.0002633150143083185,0.1,0.3106907308101654,3.141592653589793,-3.140516519546509,0.0,0.0,0.0,-0.0
11.803504228591919,-23.2979679107666,-0.00046874998952262104,-0.39990234375,5.859374869032763e-05,-0.03195800632238388,0.020546874031424522,-3.0,0.0,-0.3199687499989523,0.0,-0.04200390428304673,-0.0,0.04539624999987427,0.0002633150143083185,0.1,0.3106907308101654,3.141592653589793,-3.140516519546509,0.0,0.0,0.0,-0.0
11.808244466781616,-23.2979679107666,-0.00046874998952262104,-0.39990234375,5.859374869032763e-05,-0.03195800632238388,0.020546874031424522,-3.0,0.0,-0.3199687499989523,0.0,-0.04200390428304673,-0.0,0.04539624999987427,0.0002633150143083185,0.1,0.3106907308101654,3.141592653589793,-3.140516519546509,0.0,0.0,0.0,-0.0
11.812921524047852,-23.2979679107666,-0.00046874998952262104,-0.39990234375,5.859374869032763e-05,-0.03195800632238388,0.020546874031424522,-3.0,0.0,-0.3199687499989523,0.0,-0.04200390428304673,-0.0,0.04539624999987427,0.0002633150143083185,0.1,0.3106907308101654,3.141592653589793,-3.140516519546509,0.0,0.0,0.0,-0.0
11.81743597984314,-23.2979679107666,-0.00046874998952262104,-0.39990234375,5.859374869032763e-05,-0.03195800632238388,0.020546874031424522,-3.0,0.0,-0.3199687499989523,0.0,-0.04200390428304673,-0.0,0.04539624999987427,0.0002633150143083185,0.1,0.3106907308101654,3.141592653589793,-3.140516519546509,0.0,0.0,0.0,-0.0
11.822380065917969,-23.2979679107666,-0.00046874998952262104,-0.39990234375,5.859374869032763e-05,-0.03195800632238388,0.020546874031424522,-3.0,0.0,-0.3199687499989523,0.0,-0.04200390428304673,-0.0,0.04539624999987427,0.0002633150143083185,0.1,0.3106907308101654,3.141592653589793,-3.140516519546509,0.0,0.0,0.0,-0.0
11.82709527015686,-23.2979679107666,-0.00046874998952262104,-0.39990234375,5.859374869032763e-05,-0.03195800632238388,0.020546874031424522,-3.0,0.0,-0.3199687499989523,0.0,-0.04200390428304673,-0.0,0.04539624999987427,0.0002633150143083185,0.1,0.3106907308101654,3.141592653589793,-3.140516519546509,0.0,0.0,0.0,-0.0
11.831815481185913,-23.2979679107666,-0.00046874998952262104,-0.39990234375,5.859374869032763e-05,-0.03195800632238388,0.020546874031424522,-3.0,0.0,-0.3199687499989523,0.0,-0.04200390428304673,-0.0,0.04539624999987427,0.0002633150143083185,0.1,0.3106907308101654,3.141592653589793,-3.140516519546509,0.0,0.0,0.0,-0.0
11.836450338363647,-23.2979679107666,-0.00046874998952262104,-0.39990234375,5.859374869032763e-05,-0.03195800632238388,0.020546874031424522,-3.0,0.0,-0.3199687499989523,0.0,-0.04200390428304673,-0.0,0.04539624999987427,0.0002633150143083185,0.1,0.3106907308101654,3.141592653589793,-3.140516519546509,0.0,0.0,0.0,-0.0
11.841248035430908,-23.2979679107666,-0.00046874998952262104,-0.39990234375,5.859374869032763e-05,-0.03195800632238388,0.020546874031424522,-3.0,0.0,-0.3199687499989523,0.0,-0.04200390428304673,-0.0,0.04539624999987427,0.0002633150143083185,0.1,0.3106907308101654,3.141592653589793,-3.140516519546509,0.0,0.0,0.0,-0.0
11.846024513244629,-23.2979679107666,-0.00046874998952262104,-0.39990234375,5.859374869032763e-05,-0.03195800632238388,0.020546874031424522,-3.0,0.0,-0.3199687499989523,0.0,-0.04200390428304673,-0.0,0.04539624999987427,0.0002633150143083185,0.1,0.3106907308101654,3.141592653589793,-3.140516519546509,0.0,0.0,0.0,-0.0
11.850854635238647,-23.2979679107666,-0.00046874998952262104,-0.39990234375,5.859374869032763e-05,-0.03195800632238388,0.020546874031424522,-3.0,0.0,-0.3199687499989523,0.0,-0.04200390428304673,-0.0,0.04539624999987427,0.0002633150143083185,0.1,0.3106907308101654,3.141592653589793,-3.140516519546509,0.0,0.0,0.0,-0.0
11.855428218841553,-23.2979679107666,-0.00046874998952262104,-0.39990234375,5.859374869032763e-05,-0.03195800632238388,0.020546874031424522,-3.0,0.0,-0.3199687499989523,0.0,-0.04200390428304673,-0.0,0.04539624999987427,0.0002633150143083185,0.1,0.3106907308101654,3.141592653589793,-3.140516519546509,0.0,0.0,0.0,-0.0
11.860112190246582,-23.2979679107666,-0.00046874998952262104,-0.39990234375,5.859374869032763e-05,-0.03195800632238388,0.020546874031424522,-3.0,0.0,-0.3199687499989523,0.0,-0.04200390428304673,-0.0,0.04539624999987427,0.0002633150143083185,0.1,0.3106907308101654,3.141592653589793,-3.140516519546509,0.0,0.0,0.0,-0.0
11.864916801452637,-23.2979679107666,-0.00046874998952262104,-0.39990234375,5.859374869032763e-05,-0.03195800632238388,0.020546874031424522,-3.0,0.0,-0.3199687499989523,0.0,-0.04200390428304673,-0.0,0.04539624999987427,0.0002633150143083185,0.1,0.3106907308101654,3.141592653589793,-3.140516519546509,0.0,0.0,0.0,-0.0
11.869745254516602,-23.2979679107666,-0.00046874998952262104,-0.39990234375,5.859374869032763e-05,-0.03195800632238388,0.020546874031424522,-3.0,0.0,-0.3199687499989523,0.0,-0.04200390428304673,-0.0,0.04539624999987427,0.0002633150143083185,0.1,0.3106907308101654,3.141592653589793,-3.140516519546509,0.0,0.0,0.0,-0.0
11.874557495117188,-23.2979679107666,-0.00046874998952262104,-0.39990234375,5.859374869032763e-05,-0.03195800632238388,0.020546874031424522,-3.0,0.0,-0.3199687499989523,0.0,-0.04200390428304673,-0.0,0.04539624999987427,0.0002633150143083185,0.1,0.3106907308101654,3.141592653589793,-3.140516519546509,0.0,0.0,0.0,-0.0
11.879387617111206,-23.2979679107666,-0.00046874998952262104,-0.39990234375,5.859374869032763e-05,-0.03195800632238388,0.020546874031424522,-3.0,0.0,-0.3199687499989523,0.0,-0.04200390428304673,-0.0,0.04539624999987427,0.0002633150143083185,0.1,0.3106907308101654,3.141592653589793,-3.140516519546509,0.0,0.0,0.0,-0.0
11.883907556533813,-23.2979679107666,-0.00046874998952262104,-0.39990234375,5.859374869032763e-05,-0.03195800632238388,0.020546874031424522,-3.0,0.0,-0.3199687499989523,0.0,-0.04200390428304673,-0.0,0.04539624999987427,0.0002633150143083185,0.1,0.3106907308101654,3.141592653589793,-3.140516519546509,0.0,0.0,0.0,-0.0
11.88884687423706,-23.2979679107666,-0.00046874998952262104,-0.39990234375,5.859374869032763e-05,-0.03195800632238388,0.020546874031424522,-3.0,0.0,-0.3199687499989523,0.0,-0.04200390428304673,-0.0,0.04539624999987427,0.0002633150143083185,0.1,0.3106907308101654,3.141592653589793,-3.140516519546509,0.0,0.0,0.0,-0.0
11.89351749420166,-23.2979679107666,-0.00046874998952262104,-0.39990234375,5.859374869032763e-05,-0.03195800632238388,0.020546874031424522,-3.0,0.0,-0.3199687499989523,0.0,-0.04200390428304673,-0.0,0.04539624999987427,0.0002633150143083185,0.1,0.3106907308101654,3.141592653589793,-3.140516519546509,0.0,0.0,0.0,-0.0
11.898345708847046,-23.2979679107666,-0.00046874998952262104,-0.39990234375,5.859374869032763e-05,-0.03195800632238388,0.020546874031424522,-3.0,0.0,-0.3199687499989523,0.0,-0.04200390428304673,-0.0,0.04539624999987427,0.0002633150143083185,0.1,0.3106907308101654,3.141592653589793,-3.140516519546509,0.0,0.0,0.0,-0.0
11.902857542037964,-23.2979679107666,-0.00046874998952262104,-0.39990234375,5.859374869032763e-05,-0.03195800632238388,0.020546874031424522,-3.0,0.0,-0.3199687499989523,0.0,-0.04200390428304673,-0.0,0.04539624999987427,0.0002633150143083185,0.1,0.3106907308101654,3.141592653589793,-3.140516519546509,0.0,0.0,0.0,-0.0
11.907562732696533,-23.2979679107666,-0.00046874998952262104,-0.39990234375,5.859374869032763e-05,-0.03195800632238388,0.020546874031424522,-3.0,0.0,-0.3199687499989523,0.0,-0.04200390428304673,-0.0,0.04539624999987427,0.0002633150143083185,0.1,0.3106907308101654,3.141592653589793,-3.140516519546509,0.0,0.0,0.0,-0.0
11.912247657775879,-23.2979679107666,-0.00046874998952262104,-0.39990234375,5.859374869032763e-05,-0.03195800632238388,0.020546874031424522,-3.0,0.0,-0.3199687499989523,0.0,-0.04200390428304673,-0.0,0.04539624999987427,0.0002633150143083185,0.1,0.3106907308101654,3.141592653589793,-3.140516519546509,0.0,0.0,0.0,-0.0
11.916974782943726,-23.2979679107666,-0.00046874998952262104,-0.39990234375,5.859374869032763e-05,-0.03195800632238388,0.020546874031424522,-3.0,0.0,-0.3199687499989523,0.0,-0.04200390428304673,-0.0,0.04539624999987427,0.0002633150143083185,0.1,0.3106907308101654,3.141592653589793,-3.140516519546509,0.0,0.0,0.0,-0.0
11.921590566635132,-23.2979679107666,-0.00046874998952262104,-0.39990234375,5.859374869032763e-05,-0.03195800632238388,0.020546874031424522,-3.0,0.0,-0.3199687499989523,0.0,-0.04200390428304673,-0.0,0.04539624999987427,0.0002633150143083185,0.1,0.3106907308101654,3.141592653589793,-3.140516519546509,0.0,0.0,0.0,-0.0
11.92625880241394,-23.2979679107666,-0.00046874998952262104,-0.39990234375,5.859374869032763e-05,-0.03195800632238388,0.020546874031424522,-3.0,0.0,-0.3199687499989523,0.0,-0.04200390428304673,-0.0,0.04539624999987427,0.0002633150143083185,0.1,0.3106907308101654,3.141592653589793,-3.140516519546509,0.0,0.0,0.0,-0.0
11.93102502822876,-23.2979679107666,-0.00046874998952262104,-0.39990234375,5.859374869032763e-05,-0.03195800632238388,0.020546874031424522,-3.0,0.0,-0.3199687499989523,0.0,-0.04200390428304673,-0.0,0.04539624999987427,0.0002633150143083185,0.1,0.3106907308101654,3.141592653589793,-3.140516519546509,0.0,0.0,0.0,-0.0
11.935546159744263,-23.2979679107666,-0.00046874998952262104,-0.39990234375,5.859374869032763e-05,-0.03195800632238388,0.020546874031424522,-3.0,0.0,-0.3199687499989523,0.0,-0.04200390428304673,-0.0,0.04539624999987427,0.0002633150143083185,0.1,0.3106907308101654,3.141592653589793,-3.140516519546509,0.0,0.0,0.0,-0.0
11.940034866333008,-23.2979679107666,-0.00046874998952262104,-0.39990234375,5.859374869032763e-05,-0.03195800632238388,0.020546874031424522,-3.0,0.0,-0.3199687499989523,0.0,-0.04200390428304673,-0.0,0.04539624999987427,0.0002633150143083185,0.1,0.3106907308101654,3.141592653589793,-3.140516519546509,0.0,0.0,0.0,-0.0
11.944841384887695,-23.2979679107666,-0.00046874998952262104,-0.39990234375,5.859374869032763e-05,-0.03195800632238388,0.020546874031424522,-3.0,0.0,-0.3199687499989523,0.0,-0.04200390428304673,-0.0,0.04539624999987427,0.0002633150143083185,0.1,0.3106907308101654,3.141592653589793,-3.140516519546509,0.0,0.0,0.0,-0.0
11.94972562789917,-23.2979679107666,-0.00046874998952262104,-0.39990234375,5.859374869032763e-05,-0.03195800632238388,0.020546874031424522,-3.0,0.0,-0.3199687499989523,0.0,-0.04200390428304673,-0.0,0.04539624999987427,0.0002633150143083185,0.1,0.3106907308101654,3.141592653589793,-3.140516519546509,0.0,0.0,0.0,-0.0
11.954404592514038,-23.2979679107666,-0.00046874998952262104,-0.39990234375,5.859374869032763e-05,-0.03195800632238388,0.020546874031424522,-3.0,0.0,-0.3199687499989523,0.0,-0.04200390428304673,-0.0,0.04539624999987427,0.0002633150143083185,0.1,0.3106907308101654,3.141592653589793,-3.140516519546509,0.0,0.0,0.0,-0.0
11.959219455718994,-23.2979679107666,-0.00046874998952262104,-0.39990234375,5.859374869032763e-05,-0.03195800632238388,0.020546874031424522,-3.0,0.0,-0.3199687499989523,0.0,-0.04200390428304673,-0.0,0.04539624999987427,0.0002633150143083185,0.1,0.3106907308101654,3.141592653589793,-3.140516519546509,0.0,0.0,0.0,-0.0
11.963603734970093,-23.2979679107666,-0.00046874998952262104,-0.39990234375,5.859374869032763e-05,-0.03195800632238388,0.020546874031424522,-3.0,0.0,-0.3199687499989523,0.0,-0.04200390428304673,-0.0,0.04539624999987427,0.0002633150143083185,0.1,0.3106907308101654,3.141592653589793,-3.140516519546509,0.0,0.0,0.0,-0.0
11.968238592147827,-23.2979679107666,-0.00046874998952262104,-0.39990234375,5.859374869032763e-05,-0.03195800632238388,0.020546874031424522,-3.0,0.0,-0.3199687499989523,0.0,-0.04200390428304673,-0.0,0.04539624999987427,0.0002633150143083185,0.1,0.3106907308101654,3.141592653589793,-3.140516519546509,0.0,0.0,0.0,-0.0
11.972917795181274,-23.2979679107666,-0.00046874998952262104,-0.39990234375,5.859374869032763e-05,-0.03195800632238388,0.020546874031424522,-3.0,0.0,-0.3199687499989523,0.0,-0.04200390428304673,-0.0,0.04539624999987427,0.0002633150143083185,0.1,0.3106907308101654,3.141592653589793,-3.140516519546509,0.0,0.0,0.0,-0.0
11.977592706680298,-23.2979679107666,-0.00046874998952262104,-0.39990234375,5.859374869032763e-05,-0.03195800632238388,0.020546874031424522,-3.0,0.0,-0.3199687499989523,0.0,-0.04200390428304673,-0.0,0.04539624999987427,0.0002633150143083185,0.1,0.3106907308101654,3.141592653589793,-3.140516519546509,0.0,0.0,0.0,-0.0
11.982183694839478,-23.2979679107666,-0.00046874998952262104,-0.39990234375,5.859374869032763e-05,-0.03195800632238388,0.020546874031424522,-3.0,0.0,-0.3199687499989523,0.0,-0.04200390428304673,-0.0,0.04539624999987427,0.0002633150143083185,0.1,0.3106907308101654,3.141592653589793,-3.140516519546509,0.0,0.0,0.0,-0.0
11.986939668655396,-23.2979679107666,-0.00046874998952262104,-0.39990234375,5.859374869032763e-05,-0.03195800632238388,0.020546874031424522,-3.0,0.0,-0.3199687499989523,0.0,-0.04200390428304673,-0.0,0.04539624999987427,0.0002633150143083185,0.1,0.3106907308101654,3.141592653589793,-3.140516519546509,0.0,0.0,0.0,-0.0
11.991917610168457,-23.2979679107666,-0.00046874998952262104,-0.39990234375,5.859374869032763e-05,-0.03195800632238388,0.020546874031424522,-3.0,0.0,-0.3199687499989523,0.0,-0.04200390428304673,-0.0,0.04539624999987427,0.0002633150143083185,0.1,0.3106907308101654,3.141592653589793,-3.140516519546509,0.0,0.0,0.0,-0.0
11.996549844741821,-23.2979679107666,-0.00046874998952262104,-0.39990234375,5.859374869032763e-05,-0.03195800632238388,0.020546874031424522,-3.0,0.0,-0.3199687499989523,0.0,-0.04200390428304673,-0.0,0.04539624999987427,0.0002633150143083185,0.1,0.3106907308101654,3.141592653589793,-3.140516519546509,0.0,0.0,0.0,-0.0
12.001075506210327,-23.2979679107666,-0.00046874998952262104,-0.39990234375,5.859374869032763e-05,-0.03195800632238388,0.020546874031424522,-3.0,0.0,-0.3199687499989523,0.0,-0.04200390428304673,-0.0,0.04539624999987427,0.0002633150143083185,0.1,0.3106907308101654,3.141592653589793,-3.140516519546509,0.0,0.0,0.0,-0.0
12.005677461624146,-23.2979679107666,-0.00046874998952262104,-0.39990234375,5.859374869032763e-05,-0.03195800632238388,0.020546874031424522,-3.0,0.0,-0.3199687499989523,0.0,-0.04200390428304673,-0.0,0.04539624999987427,0.0002633150143083185,0.1,0.3106907308101654,3.141592653589793,-3.140516519546509,0.0,0.0,0.0,-0.0
12.010082483291626,-23.2979679107666,-0.00046874998952262104,-0.39990234375,5.859374869032763e-05,-0.03195800632238388,0.020546874031424522,-3.0,0.0,-0.3199687499989523,0.0,-0.04200390428304673,-0.0,0.04539624999987427,0.0002633150143083185,0.1,0.3106907308101654,3.141592653589793,-3.140516519546509,0.0,0.0,0.0,-0.0
12.01499891281128,-23.2979679107666,-0.00046874998952262104,-0.39990234375,5.859374869032763e-05,-0.03195800632238388,0.020546874031424522,-3.0,0.0,-0.3199687499989523,0.0,-0.04200390428304673,-0.0,0.04539624999987427,0.0002633150143083185,0.1,0.3106907308101654,3.141592653589793,-3.140516519546509,0.0,0.0,0.0,-0.0
12.019702672958374,-23.2979679107666,-0.00046874998952262104,-0.39990234375,5.859374869032763e-05,-0.03195800632238388,0.020546874031424522,-3.0,0.0,-0.3199687499989523,0.0,-0.04200390428304673,-0.0,0.04539624999987427,0.0002633150143083185,0.1,0.3106907308101654,3.141592653589793,-3.140516519546509,0.0,0.0,0.0,-0.0
12.024502515792847,-23.2979679107666,-0.00046874998952262104,-0.39990234375,5.859374869032763e-05,-0.03195800632238388,0.020546874031424522,-3.0,0.0,-0.3199687499989523,0.0,-0.04200390428304673,-0.0,0.04539624999987427,0.0002633150143083185,0.1,0.3106907308101654,3.141592653589793,-3.140516519546509,0.0,0.0,0.0,-0.0
12.02897024154663,-23.2979679107666,-0.00046874998952262104,-0.39990234375,5.859374869032763e-05,-0.03195800632238388,0.020546874031424522,-3.0,0.0,-0.3199687499989523,0.0,-0.04200390428304673,-0.0,0.04539624999987427,0.0002633150143083185,0.1,0.3106907308101654,3.141592653589793,-3.140516519546509,0.0,0.0,0.0,-0.0
12.033788204193115,-23.2979679107666,-0.00046874998952262104,-0.39990234375,5.859374869032763e-05,-0.03195800632238388,0.020546874031424522,-3.0,0.0,-0.3199687499989523,0.0,-0.04200390428304673,-0.0,0.04539624999987427,0.0002633150143083185,0.1,0.3106907308101654,3.141592653589793,-3.140516519546509,0.0,0.0,0.0,-0.0
12.03912615776062,-23.2979679107666,-0.00046874998952262104,-0.39990234375,5.859374869032763e-05,-0.03195800632238388,0.020546874031424522,-3.0,0.0,-0.3199687499989523,0.0,-0.04200390428304673,-0.0,0.04539624999987427,0.0002633150143083185,0.1,0.3106907308101654,3.141592653589793,-3.140516519546509,0.0,0.0,0.0,-0.0
12.044041633605957,-23.2979679107666,-0.00046874998952262104,-0.39990234375,5.859374869032763e-05,-0.03195800632238388,0.020546874031424522,-3.0,0.0,-0.3199687499989523,0.0,-0.04200390428304673,-0.0,0.04539624999987427,0.0002633150143083185,0.1,0.3106907308101654,3.141592653589793,-3.140516519546509,0.0,0.0,0.0,-0.0
12.048616409301758,-23.2979679107666,-0.00046874998952262104,-0.39990234375,5.859374869032763e-05,-0.03195800632238388,0.020546874031424522,-3.0,0.0,-0.3199687499989523,0.0,-0.04200390428304673,-0.0,0.04539624999987427,0.0002633150143083185,0.1,0.3106907308101654,3.141592653589793,-3.140516519546509,0.0,0.0,0.0,-0.0
12.053462266921997,-23.2979679107666,-0.00046874998952262104,-0.39990234375,5.859374869032763e-05,-0.03195800632238388,0.020546874031424522,-3.0,0.0,-0.3199687499989523,0.0,-0.04200390428304673,-0.0,0.04539624999987427,0.0002633150143083185,0.1,0.3106907308101654,3.141592653589793,-3.140516519546509,0.0,0.0,0.0,-0.0
12.058381080627441,-23.2979679107666,-0.00046874998952262104,-0.39990234375,5.859374869032763e-05,-0.03195800632238388,0.020546874031424522,-3.0,0.0,-0.3199687499989523,0.0,-0.04200390428304673,-0.0,0.04539624999987427,0.0002633150143083185,0.1,0.3106907308101654,3.141592653589793,-3.140516519546509,0.0,0.0,0.0,-0.0
12.063145160675049,-23.2979679107666,-0.00046874998952262104,-0.39990234375,5.859374869032763e-05,-0.03195800632238388,0.020546874031424522,-3.0,0.0,-0.3199687499989523,0.0,-0.04200390428304673,-0.0,0.04539624999987427,0.0002633150143083185,0.1,0.3106907308101654,3.141592653589793,-3.140516519546509,0.0,0.0,0.0,-0.0
12.067667484283447,-23.2979679107666,-0.00046874998952262104,-0.39990234375,5.859374869032763e-05,-0.03195800632238388,0.020546874031424522,-3.0,0.0,-0.3199687499989523,0.0,-0.04200390428304673,-0.0,0.04539624999987427,0.0002633150143083185,0.1,0.3106907308101654,3.141592653589793,-3.140516519546509,0.0,0.0,0.0,-0.0
12.072287797927856,-23.2979679107666,-0.00046874998952262104,-0.39990234375,5.859374869032763e-05,-0.03195800632238388,0.020546874031424522,-3.0,0.0,-0.3199687499989523,0.0,-0.04200390428304673,-0.0,0.04539624999987427,0.0002633150143083185,0.1,0.3106907308101654,3.141592653589793,-3.140516519546509,0.0,0.0,0.0,-0.0
12.07721996307373,-23.2979679107666,-0.00046874998952262104,-0.39990234375,5.859374869032763e-05,-0.03195800632238388,0.020546874031424522,-3.0,0.0,-0.3199687499989523,0.0,-0.04200390428304673,-0.0,0.04539624999987427,0.0002633150143083185,0.1,0.3106907308101654,3.141592653589793,-3.140516519546509,0.0,0.0,0.0,-0.0
12.082183122634888,-23.2979679107666,-0.00046874998952262104,-0.39990234375,5.859374869032763e-05,-0.03195800632238388,0.020546874031424522,-3.0,0.0,-0.3199687499989523,0.0,-0.04200390428304673,-0.0,0.04539624999987427,0.0002633150143083185,0.1,0.3106907308101654,3.141592653589793,-3.140516519546509,0.0,0.0,0.0,-0.0
12.087116241455078,-23.2979679107666,-0.00046874998952262104,-0.39990234375,5.859374869032763e-05,-0.03195800632238388,0.020546874031424522,-3.0,0.0,-0.3199687499989523,0.0,-0.04200390428304673,-0.0,0.04539624999987427,0.0002633150143083185,0.1,0.3106907308101654,3.141592653589793,-3.140516519546509,0.0,0.0,0.0,-0.0
12.091637134552002,-23.2979679107666,-0.00046874998952262104,-0.39990234375,5.859374869032763e-05,-0.03195800632238388,0.020546874031424522,-3.0,0.0,-0.3199687499989523,0.0,-0.04200390428304673,-0.0,0.04539624999987427,0.0002633150143083185,0.1,0.3106907308101654,3.141592653589793,-3.140516519546509,0.0,0.0,0.0,-0.0
12.096535444259644,-23.2979679107666,-0.00046874998952262104,-0.39990234375,5.859374869032763e-05,-0.03195800632238388,0.020546874031424522,-3.0,0.0,-0.3199687499989523,0.0,-0.04200390428304673,-0.0,0.04539624999987427,0.0002633150143083185,0.1,0.3106907308101654,3.141592653589793,-3.140516519546509,0.0,0.0,0.0,-0.0
12.100950241088867,-23.2979679107666,-0.00046874998952262104,-0.39990234375,5.859374869032763e-05,-0.03195800632238388,0.020546874031424522,-3.0,0.0,-0.3199687499989523,0.0,-0.04200390428304673,-0.0,0.04539624999987427,0.0002633150143083185,0.1,0.3106907308101654,3.141592653589793,-3.140516519546509,0.0,0.0,0.0,-0.0
12.10588026046753,-23.2979679107666,-0.00046874998952262104,-0.39990234375,5.859374869032763e-05,-0.03195800632238388,0.020546874031424522,-3.0,0.0,-0.3199687499989523,0.0,-0.04200390428304673,-0.0,0.04539624999987427,0.0002633150143083185,0.1,0.3106907308101654,3.141592653589793,-3.140516519546509,0.0,0.0,0.0,-0.0
12.110549211502075,-23.2979679107666,-0.00046874998952262104,-0.39990234375,5.859374869032763e-05,-0.03195800632238388,0.020546874031424522,-3.0,0.0,-0.3199687499989523,0.0,-0.04200390428304673,-0.0,0.04539624999987427,0.0002633150143083185,0.1,0.3106907308101654,3.141592653589793,-3.140516519546509,0.0,0.0,0.0,-0.0
12.115209341049194,-23.2979679107666,-0.00046874998952262104,-0.39990234375,5.859374869032763e-05,-0.03195800632238388,0.020546874031424522,-3.0,0.0,-0.3199687499989523,0.0,-0.04200390428304673,-0.0,0.04539624999987427,0.0002633150143083185,0.1,0.3106907308101654,3.141592653589793,-3.140516519546509,0.0,0.0,0.0,-0.0
12.119741678237915,-23.2979679107666,-0.00046874998952262104,-0.39990234375,5.859374869032763e-05,-0.03195800632238388,0.020546874031424522,-3.0,0.0,-0.3199687499989523,0.0,-0.04200390428304673,-0.0,0.04539624999987427,0.0002633150143083185,0.1,0.3106907308101654,3.141592653589793,-3.140516519546509,0.0,0.0,0.0,-0.0
12.12413477897644,-23.2979679107666,-0.00046874998952262104,-0.39990234375,5.859374869032763e-05,-0.03195800632238388,0.020546874031424522,-3.0,0.0,-0.3199687499989523,0.0,-0.04200390428304673,-0.0,0.04539624999987427,0.0002633150143083185,0.1,0.3106907308101654,3.141592653589793,-3.140516519546509,0.0,0.0,0.0,-0.0
12.128551483154297,-23.2979679107666,-0.00046874998952262104,-0.39990234375,5.859374869032763e-05,-0.03195800632238388,0.020546874031424522,-3.0,0.0,-0.3199687499989523,0.0,-0.04200390428304673,-0.0,0.04539624999987427,0.0002633150143083185,0.1,0.3106907308101654,3.141592653589793,-3.140516519546509,0.0,0.0,0.0,-0.0
12.132927656173706,-23.2979679107666,-0.00046874998952262104,-0.39990234375,5.859374869032763e-05,-0.03195800632238388,0.020546874031424522,-3.0,0.0,-0.3199687499989523,0.0,-0.04200390428304673,-0.0,0.04539624999987427,0.0002633150143083185,0.1,0.3106907308101654,3.141592653589793,-3.140516519546509,0.0,0.0,0.0,-0.0
12.137741804122925,-23.2979679107666,-0.00046874998952262104,-0.39990234375,5.859374869032763e-05,-0.03195800632238388,0.020546874031424522,-3.0,0.0,-0.3199687499989523,0.0,-0.04200390428304673,-0.0,0.04539624999987427,0.0002633150143083185,0.1,0.3106907308101654,3.141592653589793,-3.140516519546509,0.0,0.0,0.0,-0.0
12.142463684082031,-23.2979679107666,-0.00046874998952262104,-0.39990234375,5.859374869032763e-05,-0.03195800632238388,0.020546874031424522,-3.0,0.0,-0.3199687499989523,0.0,-0.04200390428304673,-0.0,0.04539624999987427,0.0002633150143083185,0.1,0.3106907308101654,3.141592653589793,-3.140516519546509,0.0,0.0,0.0,-0.0
12.147072792053223,-23.2979679107666,-0.00046874998952262104,-0.39990234375,5.859374869032763e-05,-0.03195800632238388,0.020546874031424522,-3.0,0.0,-0.3199687499989523,0.0,-0.04200390428304673,-0.0,0.04539624999987427,0.0002633150143083185,0.1,0.3106907308101654,3.141592653589793,-3.140516519546509,0.0,0.0,0.0,-0.0
12.151647806167603,-23.2979679107666,-0.00046874998952262104,-0.39990234375,5.859374869032763e-05,-0.03195800632238388,0.020546874031424522,-3.0,0.0,-0.3199687499989523,0.0,-0.04200390428304673,-0.0,0.04539624999987427,0.0002633150143083185,0.1,0.3106907308101654,3.141592653589793,-3.140516519546509,0.0,0.0,0.0,-0.0
12.156170129776001,-23.2979679107666,-0.00046874998952262104,-0.39990234375,5.859374869032763e-05,-0.03195800632238388,0.020546874031424522,-3.0,0.0,-0.3199687499989523,0.0,-0.04200390428304673,-0.0,0.04539624999987427,0.0002633150143083185,0.1,0.3106907308101654,3.141592653589793,-3.140516519546509,0.0,0.0,0.0,-0.0
12.161226272583008,-23.2979679107666,-0.00046874998952262104,-0.39990234375,5.859374869032763e-05,-0.03195800632238388,0.020546874031424522,-3.0,0.0,-0.3199687499989523,0.0,-0.04200390428304673,-0.0,0.04539624999987427,0.0002633150143083185,0.1,0.3106907308101654,3.141592653589793,-3.140516519546509,0.0,0.0,0.0,-0.0
12.16604733467102,-23.2979679107666,-0.00046874998952262104,-0.39990234375,5.859374869032763e-05,-0.03195800632238388,0.020546874031424522,-3.0,0.0,-0.3199687499989523,0.0,-0.04200390428304673,-0.0,0.04539624999987427,0.0002633150143083185,0.1,0.3106907308101654,3.141592653589793,-3.140516519546509,0.0,0.0,0.0,-0.0
12.170740604400635,-23.2979679107666,-0.00046874998952262104,-0.39990234375,5.859374869032763e-05,-0.03195800632238388,0.020546874031424522,-3.0,0.0,-0.3199687499989523,0.0,-0.04200390428304673,-0.0,0.04539624999987427,0.0002633150143083185,0.1,0.3106907308101654,3.141592653589793,-3.140516519546509,0.0,0.0,0.0,-0.0
12.175121545791626,-23.2979679107666,-0.00046874998952262104,-0.39990234375,5.859374869032763e-05,-0.03195800632238388,0.020546874031424522,-3.0,0.0,-0.3199687499989523,0.0,-0.04200390428304673,-0.0,0.04539624999987427,0.0002633150143083185,0.1,0.3106907308101654,3.141592653589793,-3.140516519546509,0.0,0.0,0.0,-0.0
12.179866552352905,-23.2979679107666,-0.00046874998952262104,-0.39990234375,5.859374869032763e-05,-0.03195800632238388,0.020546874031424522,-3.0,0.0,-0.3199687499989523,0.0,-0.04200390428304673,-0.0,0.04539624999987427,0.0002633150143083185,0.1,0.3106907308101654,3.141592653589793,-3.140516519546509,0.0,0.0,0.0,-0.0
12.184248685836792,-23.2979679107666,-0.00046874998952262104,-0.39990234375,5.859374869032763e-05,-0.03195800632238388,0.020546874031424522,-3.0,0.0,-0.3199687499989523,0.0,-0.04200390428304673,-0.0,0.04539624999987427,0.0002633150143083185,0.1,0.3106907308101654,3.141592653589793,-3.140516519546509,0.0,0.0,0.0,-0.0
12.188676595687866,-23.2979679107666,-0.00046874998952262104,-0.39990234375,5.859374869032763e-05,-0.03195800632238388,0.020546874031424522,-3.0,0.0,-0.3199687499989523,0.0,-0.04200390428304673,-0.0,0.04539624999987427,0.0002633150143083185,0.1,0.3106907308101654,3.141592653589793,-3.140516519546509,0.0,0.0,0.0,-0.0
12.193315505981445,-23.2979679107666,-0.00046874998952262104,-0.39990234375,5.859374869032763e-05,-0.03195800632238388,0.020546874031424522,-3.0,0.0,-0.3199687499989523,0.0,-0.04200390428304673,-0.0,0.04539624999987427,0.0002633150143083185,0.1,0.3106907308101654,3.141592653589793,-3.140516519546509,0.0,0.0,0.0,-0.0
12.198071718215942,-23.2979679107666,-0.00046874998952262104,-0.39990234375,5.859374869032763e-05,-0.03195800632238388,0.020546874031424522,-3.0,0.0,-0.3199687499989523,0.0,-0.04200390428304673,-0.0,0.04539624999987427,0.0002633150143083185,0.1,0.3106907308101654,3.141592653589793,-3.140516519546509,0.0,0.0,0.0,-0.0
12.202624797821045,-23.2979679107666,-0.00046874998952262104,-0.39990234375,5.859374869032763e-05,-0.03195800632238388,0.020546874031424522,-3.0,0.0,-0.3199687499989523,0.0,-0.04200390428304673,-0.0,0.04539624999987427,0.0002633150143083185,0.1,0.3106907308101654,3.141592653589793,-3.140516519546509,0.0,0.0,0.0,-0.0
12.207136154174805,-23.2979679107666,-0.00046874998952262104,-0.39990234375,5.859374869032763e-05,-0.03195800632238388,0.020546874031424522,-3.0,0.0,-0.3199687499989523,0.0,-0.04200390428304673,-0.0,0.04539624999987427,0.0002633150143083185,0.1,0.3106907308101654,3.141592653589793,-3.140516519546509,0.0,0.0,0.0,-0.0
12.21169376373291,-23.2979679107666,-0.00046874998952262104,-0.39990234375,5.859374869032763e-05,-0.03195800632238388,0.020546874031424522,-3.0,0.0,-0.3199687499989523,0.0,-0.04200390428304673,-0.0,0.04539624999987427,0.0002633150143083185,0.1,0.3106907308101654,3.141592653589793,-3.140516519546509,0.0,0.0,0.0,-0.0
12.21640419960022,-23.2979679107666,-0.00046874998952262104,-0.39990234375,5.859374869032763e-05,-0.03195800632238388,0.020546874031424522,-3.0,0.0,-0.3199687499989523,0.0,-0.04200390428304673,-0.0,0.04539624999987427,0.0002633150143083185,0.1,0.3106907308101654,3.141592653589793,-3.140516519546509,0.0,0.0,0.0,-0.0
12.221170663833618,-23.2979679107666,-0.00046874998952262104,-0.39990234375,5.859374869032763e-05,-0.03195800632238388,0.020546874031424522,-3.0,0.0,-0.3199687499989523,0.0,-0.04200390428304673,-0.0,0.04539624999987427,0.0002633150143083185,0.1,0.3106907308101654,3.141592653589793,-3.140516519546509,0.0,0.0,0.0,-0.0
12.225847959518433,-23.2979679107666,-0.00046874998952262104,-0.39990234375,5.859374869032763e-05,-0.03195800632238388,0.020546874031424522,-3.0,0.0,-0.3199687499989523,0.0,-0.04200390428304673,-0.0,0.04539624999987427,0.0002633150143083185,0.1,0.3106907308101654,3.141592653589793,-3.140516519546509,0.0,0.0,0.0,-0.0
12.230274438858032,-23.2979679107666,-0.00046874998952262104,-0.39990234375,5.859374869032763e-05,-0.03195800632238388,0.020546874031424522,-3.0,0.0,-0.3199687499989523,0.0,-0.04200390428304673,-0.0,0.04539624999987427,0.0002633150143083185,0.1,0.3106907308101654,3.141592653589793,-3.140516519546509,0.0,0.0,0.0,-0.0
12.234638690948486,-23.2979679107666,-0.00046874998952262104,-0.39990234375,5.859374869032763e-05,-0.03195800632238388,0.020546874031424522,-3.0,0.0,-0.3199687499989523,0.0,-0.04200390428304673,-0.0,0.04539624999987427,0.0002633150143083185,0.1,0.3106907308101654,3.141592653589793,-3.140516519546509,0.0,0.0,0.0,-0.0
12.239341974258423,-23.2979679107666,-0.00046874998952262104,-0.39990234375,5.859374869032763e-05,-0.03195800632238388,0.020546874031424522,-3.0,0.0,-0.3199687499989523,0.0,-0.04200390428304673,-0.0,0.04539624999987427,0.0002633150143083185,0.1,0.3106907308101654,3.141592653589793,-3.140516519546509,0.0,0.0,0.0,-0.0
12.243824481964111,-23.2979679107666,-0.00046874998952262104,-0.39990234375,5.859374869032763e-05,-0.03195800632238388,0.020546874031424522,-3.0,0.0,-0.3199687499989523,0.0,-0.04200390428304673,-0.0,0.04539624999987427,0.0002633150143083185,0.1,0.3106907308101654,3.141592653589793,-3.140516519546509,0.0,0.0,0.0,-0.0
12.248619318008423,-23.2979679107666,-0.00046874998952262104,-0.39990234375,5.859374869032763e-05,-0.03195800632238388,0.020546874031424522,-3.0,0.0,-0.3199687499989523,0.0,-0.04200390428304673,-0.0,0.04539624999987427,0.0002633150143083185,0.1,0.3106907308101654,3.141592653589793,-3.140516519546509,0.0,0.0,0.0,-0.0
12.25316333770752,-23.2979679107666,-0.00046874998952262104,-0.39990234375,5.859374869032763e-05,-0.03195800632238388,0.020546874031424522,-3.0,0.0,-0.3199687499989523,0.0,-0.04200390428304673,-0.0,0.04539624999987427,0.0002633150143083185,0.1,0.3106907308101654,3.141592653589793,-3.140516519546509,0.0,0.0,0.0,-0.0
12.257870435714722,-23.2979679107666,-0.00046874998952262104,-0.39990234375,5.859374869032763e-05,-0.03195800632238388,0.020546874031424522,-3.0,0.0,-0.3199687499989523,0.0,-0.04200390428304673,-0.0,0.04539624999987427,0.0002633150143083185,0.1,0.3106907308101654,3.141592653589793,-3.140516519546509,0.0,0.0,0.0,-0.0
12.262423992156982,-23.2979679107666,-0.00046874998952262104,-0.39990234375,5.859374869032763e-05,-0.03195800632238388,0.020546874031424522,-3.0,0.0,-0.3199687499989523,0.0,-0.04200390428304673,-0.0,0.04539624999987427,0.0002633150143083185,0.1,0.3106907308101654,3.141592653589793,-3.140516519546509,0.0,0.0,0.0,-0.0
12.267804861068726,-23.2979679107666,-0.00046874998952262104,-0.39990234375,5.859374869032763e-05,-0.03195800632238388,0.020546874031424522,-3.0,0.0,-0.3199687499989523,0.0,-0.04200390428304673,-0.0,0.04539624999987427,0.0002633150143083185,0.1,0.3106907308101654,3.141592653589793,-3.140516519546509,0.0,0.0,0.0,-0.0
12.272448539733887,-23.2979679107666,-0.00046874998952262104,-0.39990234375,5.859374869032763e-05,-0.03195800632238388,0.020546874031424522,-3.0,0.0,-0.3199687499989523,0.0,-0.04200390428304673,-0.0,0.04539624999987427,0.0002633150143083185,0.1,0.3106907308101654,3.141592653589793,-3.140516519546509,0.0,0.0,0.0,-0.0
12.276973485946655,-23.2979679107666,-0.00046874998952262104,-0.39990234375,5.859374869032763e-05,-0.03195800632238388,0.020546874031424522,-3.0,0.0,-0.3199687499989523,0.0,-0.04200390428304673,-0.0,0.04539624999987427,0.0002633150143083185,0.1,0.3106907308101654,3.141592653589793,-3.140516519546509,0.0,0.0,0.0,-0.0
12.281710386276245,-23.2979679107666,-0.00046874998952262104,-0.39990234375,5.859374869032763e-05,-0.03195800632238388,0.020546874031424522,-3.0,0.0,-0.3199687499989523,0.0,-0.04200390428304673,-0.0,0.04539624999987427,0.0002633150143083185,0.1,0.3106907308101654,3.141592653589793,-3.140516519546509,0.0,0.0,0.0,-0.0
12.286736488342285,-23.2979679107666,-0.00046874998952262104,-0.39990234375,5.859374869032763e-05,-0.03195800632238388,0.020546874031424522,-3.0,0.0,-0.3199687499989523,0.0,-0.04200390428304673,-0.0,0.04539624999987427,0.0002633150143083185,0.1,0.3106907308101654,3.141592653589793,-3.140516519546509,0.0,0.0,0.0,-0.0
12.291497945785522,-23.2979679107666,-0.00046874998952262104,-0.39990234375,5.859374869032763e-05,-0.03195800632238388,0.020546874031424522,-3.0,0.0,-0.3199687499989523,0.0,-0.04200390428304673,-0.0,0.04539624999987427,0.0002633150143083185,0.1,0.3106907308101654,3.141592653589793,-3.140516519546509,0.0,0.0,0.0,-0.0
12.296454191207886,-23.2979679107666,-0.00046874998952262104,-0.39990234375,5.859374869032763e-05,-0.03195800632238388,0.020546874031424522,-3.0,0.0,-0.3199687499989523,0.0,-0.04200390428304673,-0.0,0.04539624999987427,0.0002633150143083185,0.1,0.3106907308101654,3.141592653589793,-3.140516519546509,0.0,0.0,0.0,-0.0
12.301363706588745,-23.2979679107666,-0.00046874998952262104,-0.39990234375,5.859374869032763e-05,-0.03195800632238388,0.020546874031424522,-3.0,0.0,-0.3199687499989523,0.0,-0.04200390428304673,-0.0,0.04539624999987427,0.0002633150143083185,0.1,0.3106907308101654,3.141592653589793,-3.140516519546509,0.0,0.0,0.0,-0.0
12.306084871292114,-23.2979679107666,-0.00046874998952262104,-0.39990234375,5.859374869032763e-05,-0.03195800632238388,0.020546874031424522,-3.0,0.0,-0.3199687499989523,0.0,-0.04200390428304673,-0.0,0.04539624999987427,0.0002633150143083185,0.1,0.3106907308101654,3.141592653589793,-3.140516519546509,0.0,0.0,0.0,-0.0
12.310790777206421,-23.2979679107666,-0.00046874998952262104,-0.39990234375,5.859374869032763e-05,-0.03195800632238388,0.020546874031424522,-3.0,0.0,-0.3199687499989523,0.0,-0.04200390428304673,-0.0,0.04539624999987427,0.0002633150143083185,0.1,0.3106907308101654,3.141592653589793,-3.140516519546509,0.0,0.0,0.0,-0.0
12.315212726593018,-23.2979679107666,-0.00046874998952262104,-0.39990234375,5.859374869032763e-05,-0.03195800632238388,0.020546874031424522,-3.0,0.0,-0.3199687499989523,0.0,-0.04200390428304673,-0.0,0.04539624999987427,0.0002633150143083185,0.1,0.3106907308101654,3.141592653589793,-3.140516519546509,0.0,0.0,0.0,-0.0
12.319899082183838,-23.2979679107666,-0.00046874998952262104,-0.39990234375,5.859374869032763e-05,-0.03195800632238388,0.020546874031424522,-3.0,0.0,-0.3199687499989523,0.0,-0.04200390428304673,-0.0,0.04539624999987427,0.0002633150143083185,0.1,0.3106907308101654,3.141592653589793,-3.140516519546509,0.0,0.0,0.0,-0.0
12.324541330337524,-23.2979679107666,-0.00046874998952262104,-0.39990234375,5.859374869032763e-05,-0.03195800632238388,0.020546874031424522,-3.0,0.0,-0.3199687499989523,0.0,-0.04200390428304673,-0.0,0.04539624999987427,0.0002633150143083185,0.1,0.3106907308101654,3.141592653589793,-3.140516519546509,0.0,0.0,0.0,-0.0
12.329236030578613,-23.2979679107666,-0.00046874998952262104,-0.39990234375,5.859374869032763e-05,-0.03195800632238388,0.020546874031424522,-3.0,0.0,-0.3199687499989523,0.0,-0.04200390428304673,-0.0,0.04539624999987427,0.0002633150143083185,0.1,0.3106907308101654,3.141592653589793,-3.140516519546509,0.0,0.0,0.0,-0.0
12.333743810653687,-23.2979679107666,-0.00046874998952262104,-0.39990234375,5.859374869032763e-05,-0.03195800632238388,0.020546874031424522,-3.0,0.0,-0.3199687499989523,0.0,-0.04200390428304673,-0.0,0.04539624999987427,0.0002633150143083185,0.1,0.3106907308101654,3.141592653589793,-3.140516519546509,0.0,0.0,0.0,-0.0
12.338392734527588,-23.2979679107666,-0.00046874998952262104,-0.39990234375,5.859374869032763e-05,-0.03195800632238388,0.020546874031424522,-3.0,0.0,-0.3199687499989523,0.0,-0.04200390428304673,-0.0,0.04539624999987427,0.0002633150143083185,0.1,0.3106907308101654,3.141592653589793,-3.140516519546509,0.0,0.0,0.0,-0.0
12.343349695205688,-23.2979679107666,-0.00046874998952262104,-0.39990234375,5.859374869032763e-05,-0.03195800632238388,0.020546874031424522,-3.0,0.0,-0.3199687499989523,0.0,-0.04200390428304673,-0.0,0.04539624999987427,0.0002633150143083185,0.1,0.3106907308101654,3.141592653589793,-3.140516519546509,0.0,0.0,0.0,-0.0
12.348001718521118,-23.2979679107666,-0.00046874998952262104,-0.39990234375,5.859374869032763e-05,-0.03195800632238388,0.020546874031424522,-3.0,0.0,-0.3199687499989523,0.0,-0.04200390428304673,-0.0,0.04539624999987427,0.0002633150143083185,0.1,0.3106907308101654,3.141592653589793,-3.140516519546509,0.0,0.0,0.0,-0.0
12.352611303329468,-23.2979679107666,-0.00046874998952262104,-0.39990234375,5.859374869032763e-05,-0.03195800632238388,0.020546874031424522,-3.0,0.0,-0.3199687499989523,0.0,-0.04200390428304673,-0.0,0.04539624999987427,0.0002633150143083185,0.1,0.3106907308101654,3.141592653589793,-3.140516519546509,0.0,0.0,0.0,-0.0
12.357121229171753,-23.2979679107666,-0.00046874998952262104,-0.39990234375,5.859374869032763e-05,-0.03195800632238388,0.020546874031424522,-3.0,0.0,-0.3199687499989523,0.0,-0.04200390428304673,-0.0,0.04539624999987427,0.0002633150143083185,0.1,0.3106907308101654,3.141592653589793,-3.140516519546509,0.0,0.0,0.0,-0.0
12.36159372329712,-23.2979679107666,-0.00046874998952262104,-0.39990234375,5.859374869032763e-05,-0.03195800632238388,0.020546874031424522,-3.0,0.0,-0.3199687499989523,0.0,-0.04200390428304673,-0.0,0.04539624999987427,0.0002633150143083185,0.1,0.3106907308101654,3.141592653589793,-3.140516519546509,0.0,0.0,0.0,-0.0
12.366316795349121,-23.2979679107666,-0.00046874998952262104,-0.39990234375,5.859374869032763e-05,-0.03195800632238388,0.020546874031424522,-3.0,0.0,-0.3199687499989523,0.0,-0.04200390428304673,-0.0,0.04539624999987427,0.0002633150143083185,0.1,0.3106907308101654,3.141592653589793,-3.140516519546509,0.0,0.0,0.0,-0.0
12.3708975315094,-23.2979679107666,-0.00046874998952262104,-0.39990234375,5.859374869032763e-05,-0.03195800632238388,0.020546874031424522,-3.0,0.0,-0.3199687499989523,0.0,-0.04200390428304673,-0.0,0.04539624999987427,0.0002633150143083185,0.1,0.3106907308101654,3.141592653589793,-3.140516519546509,0.0,0.0,0.0,-0.0
12.375541687011719,-23.2979679107666,-0.00046874998952262104,-0.39990234375,5.859374869032763e-05,-0.03195800632238388,0.020546874031424522,-3.0,0.0,-0.3199687499989523,0.0,-0.04200390428304673,-0.0,0.04539624999987427,0.0002633150143083185,0.1,0.3106907308101654,3.141592653589793,-3.140516519546509,0.0,0.0,0.0,-0.0
12.380580425262451,-23.2979679107666,-0.00046874998952262104,-0.39990234375,5.859374869032763e-05,-0.03195800632238388,0.020546874031424522,-3.0,0.0,-0.3199687499989523,0.0,-0.04200390428304673,-0.0,0.04539624999987427,0.0002633150143083185,0.1,0.3106907308101654,3.141592653589793,-3.140516519546509,0.0,0.0,0.0,-0.0
12.385435342788696,-23.2979679107666,-0.00046874998952262104,-0.39990234375,5.859374869032763e-05,-0.03195800632238388,0.020546874031424522,-3.0,0.0,-0.3199687499989523,0.0,-0.04200390428304673,-0.0,0.04539624999987427,0.0002633150143083185,0.1,0.3106907308101654,3.141592653589793,-3.140516519546509,0.0,0.0,0.0,-0.0
12.39011287689209,-23.2979679107666,-0.00046874998952262104,-0.39990234375,5.859374869032763e-05,-0.03195800632238388,0.020546874031424522,-3.0,0.0,-0.3199687499989523,0.0,-0.04200390428304673,-0.0,0.04539624999987427,0.0002633150143083185,0.1,0.3106907308101654,3.141592653589793,-3.140516519546509,0.0,0.0,0.0,-0.0
12.394892692565918,-23.2979679107666,-0.00046874998952262104,-0.39990234375,5.859374869032763e-05,-0.03195800632238388,0.020546874031424522,-3.0,0.0,-0.3199687499989523,0.0,-0.04200390428304673,-0.0,0.04539624999987427,0.0002633150143083185,0.1,0.3106907308101654,3.141592653589793,-3.140516519546509,0.0,0.0,0.0,-0.0
12.399563074111938,-23.2979679107666,-0.00046874998952262104,-0.39990234375,5.859374869032763e-05,-0.03195800632238388,0.020546874031424522,-3.0,0.0,-0.3199687499989523,0.0,-0.04200390428304673,-0.0,0.04539624999987427,0.0002633150143083185,0.1,0.3106907308101654,3.141592653589793,-3.140516519546509,0.0,0.0,0.0,-0.0
12.404083490371704,-23.2979679107666,-0.00046874998952262104,-0.39990234375,5.859374869032763e-05,-0.03195800632238388,0.020546874031424522,-3.0,0.0,-0.3199687499989523,0.0,-0.04200390428304673,-0.0,0.04539624999987427,0.0002633150143083185,0.1,0.3106907308101654,3.141592653589793,-3.140516519546509,0.0,0.0,0.0,-0.0
12.408864736557007,-23.2979679107666,-0.00046874998952262104,-0.39990234375,5.859374869032763e-05,-0.03195800632238388,0.020546874031424522,-3.0,0.0,-0.3199687499989523,0.0,-0.04200390428304673,-0.0,0.04539624999987427,0.0002633150143083185,0.1,0.3106907308101654,3.141592653589793,-3.140516519546509,0.0,0.0,0.0,-0.0
12.413485288619995,-23.2979679107666,-0.00046874998952262104,-0.39990234375,5.859374869032763e-05,-0.03195800632238388,0.020546874031424522,-3.0,0.0,-0.3199687499989523,0.0,-0.04200390428304673,-0.0,0.04539624999987427,0.0002633150143083185,0.1,0.3106907308101654,3.141592653589793,-3.140516519546509,0.0,0.0,0.0,-0.0
12.41812014579773,-23.2979679107666,-0.00046874998952262104,-0.39990234375,5.859374869032763e-05,-0.03195800632238388,0.020546874031424522,-3.0,0.0,-0.3199687499989523,0.0,-0.04200390428304673,-0.0,0.04539624999987427,0.0002633150143083185,0.1,0.3106907308101654,3.141592653589793,-3.140516519546509,0.0,0.0,0.0,-0.0
12.422913789749146,-23.2979679107666,-0.00046874998952262104,-0.39990234375,5.859374869032763e-05,-0.03195800632238388,0.020546874031424522,-3.0,0.0,-0.3199687499989523,0.0,-0.04200390428304673,-0.0,0.04539624999987427,0.0002633150143083185,0.1,0.3106907308101654,3.141592653589793,-3.140516519546509,0.0,0.0,0.0,-0.0
12.427608013153076,-23.2979679107666,-0.00046874998952262104,-0.39990234375,5.859374869032763e-05,-0.03195800632238388,0.020546874031424522,-3.0,0.0,-0.3199687499989523,0.0,-0.04200390428304673,-0.0,0.04539624999987427,0.0002633150143083185,0.1,0.3106907308101654,3.141592653589793,-3.140516519546509,0.0,0.0,0.0,-0.0
12.431992530822754,-23.2979679107666,-0.00046874998952262104,-0.39990234375,5.859374869032763e-05,-0.03195800632238388,0.020546874031424522,-3.0,0.0,-0.3199687499989523,0.0,-0.04200390428304673,-0.0,0.04539624999987427,0.0002633150143083185,0.1,0.3106907308101654,3.141592653589793,-3.140516519546509,0.0,0.0,0.0,-0.0
12.437035322189331,-23.2979679107666,-0.00046874998952262104,-0.39990234375,5.859374869032763e-05,-0.03195800632238388,0.020546874031424522,-3.0,0.0,-0.3199687499989523,0.0,-0.04200390428304673,-0.0,0.04539624999987427,0.0002633150143083185,0.1,0.3106907308101654,3.141592653589793,-3.140516519546509,0.0,0.0,0.0,-0.0
12.442009449005127,-23.2979679107666,-0.00046874998952262104,-0.39990234375,5.859374869032763e-05,-0.03195800632238388,0.020546874031424522,-3.0,0.0,-0.3199687499989523,0.0,-0.04200390428304673,-0.0,0.04539624999987427,0.0002633150143083185,0.1,0.3106907308101654,3.141592653589793,-3.140516519546509,0.0,0.0,0.0,-0.0
12.44663119316101,-23.2979679107666,-0.00046874998952262104,-0.39990234375,5.859374869032763e-05,-0.03195800632238388,0.020546874031424522,-3.0,0.0,-0.3199687499989523,0.0,-0.04200390428304673,-0.0,0.04539624999987427,0.0002633150143083185,0.1,0.3106907308101654,3.141592653589793,-3.140516519546509,0.0,0.0,0.0,-0.0
12.450965881347656,-23.2979679107666,-0.00046874998952262104,-0.39990234375,5.859374869032763e-05,-0.03195800632238388,0.020546874031424522,-3.0,0.0,-0.3199687499989523,0.0,-0.04200390428304673,-0.0,0.04539624999987427,0.0002633150143083185,0.1,0.3106907308101654,3.141592653589793,-3.140516519546509,0.0,0.0,0.0,-0.0
12.455689668655396,-23.2979679107666,-0.00046874998952262104,-0.39990234375,5.859374869032763e-05,-0.03195800632238388,0.020546874031424522,-3.0,0.0,-0.3199687499989523,0.0,-0.04200390428304673,-0.0,0.04539624999987427,0.0002633150143083185,0.1,0.3106907308101654,3.141592653589793,-3.140516519546509,0.0,0.0,0.0,-0.0
12.46035623550415,-23.2979679107666,-0.00046874998952262104,-0.39990234375,5.859374869032763e-05,-0.03195800632238388,0.020546874031424522,-3.0,0.0,-0.3199687499989523,0.0,-0.04200390428304673,-0.0,0.04539624999987427,0.0002633150143083185,0.1,0.3106907308101654,3.141592653589793,-3.140516519546509,0.0,0.0,0.0,-0.0
12.465141534805298,-23.2979679107666,-0.00046874998952262104,-0.39990234375,5.859374869032763e-05,-0.03195800632238388,0.020546874031424522,-3.0,0.0,-0.3199687499989523,0.0,-0.04200390428304673,-0.0,0.04539624999987427,0.0002633150143083185,0.1,0.3106907308101654,3.141592653589793,-3.140516519546509,0.0,0.0,0.0,-0.0
12.469852685928345,-23.2979679107666,-0.00046874998952262104,-0.39990234375,5.859374869032763e-05,-0.03195800632238388,0.020546874031424522,-3.0,0.0,-0.3199687499989523,0.0,-0.04200390428304673,-0.0,0.04539624999987427,0.0002633150143083185,0.1,0.3106907308101654,3.141592653589793,-3.140516519546509,0.0,0.0,0.0,-0.0
12.474295616149902,-23.2979679107666,-0.00046874998952262104,-0.39990234375,5.859374869032763e-05,-0.03195800632238388,0.020546874031424522,-3.0,0.0,-0.3199687499989523,0.0,-0.04200390428304673,-0.0,0.04539624999987427,0.0002633150143083185,0.1,0.3106907308101654,3.141592653589793,-3.140516519546509,0.0,0.0,0.0,-0.0
12.479084968566895,-23.2979679107666,-0.00046874998952262104,-0.39990234375,5.859374869032763e-05,-0.03195800632238388,0.020546874031424522,-3.0,0.0,-0.3199687499989523,0.0,-0.04200390428304673,-0.0,0.04539624999987427,0.0002633150143083185,0.1,0.3106907308101654,3.141592653589793,-3.140516519546509,0.0,0.0,0.0,-0.0
12.483826160430908,-23.2979679107666,-0.00046874998952262104,-0.39990234375,5.859374869032763e-05,-0.03195800632238388,0.020546874031424522,-3.0,0.0,-0.3199687499989523,0.0,-0.04200390428304673,-0.0,0.04539624999987427,0.0002633150143083185,0.1,0.3106907308101654,3.141592653589793,-3.140516519546509,0.0,0.0,0.0,-0.0
12.488531112670898,-23.2979679107666,-0.00046874998952262104,-0.39990234375,5.859374869032763e-05,-0.03195800632238388,0.020546874031424522,-3.0,0.0,-0.3199687499989523,0.0,-0.04200390428304673,-0.0,0.04539624999987427,0.0002633150143083185,0.1,0.3106907308101654,3.141592653589793,-3.140516519546509,0.0,0.0,0.0,-0.0
12.493205308914185,-23.2979679107666,-0.00046874998952262104,-0.39990234375,5.859374869032763e-05,-0.03195800632238388,0.020546874031424522,-3.0,0.0,-0.3199687499989523,0.0,-0.04200390428304673,-0.0,0.04539624999987427,0.0002633150143083185,0.1,0.3106907308101654,3.141592653589793,-3.140516519546509,0.0,0.0,0.0,-0.0
12.49803352355957,-23.2979679107666,-0.00046874998952262104,-0.39990234375,5.859374869032763e-05,-0.03195800632238388,0.020546874031424522,-3.0,0.0,-0.3199687499989523,0.0,-0.04200390428304673,-0.0,0.04539624999987427,0.0002633150143083185,0.1,0.3106907308101654,3.141592653589793,-3.140516519546509,0.0,0.0,0.0,-0.0
12.502775430679321,-23.2979679107666,-0.00046874998952262104,-0.39990234375,5.859374869032763e-05,-0.03195800632238388,0.020546874031424522,-3.0,0.0,-0.3199687499989523,0.0,-0.04200390428304673,-0.0,0.04539624999987427,0.0002633150143083185,0.1,0.3106907308101654,3.141592653589793,-3.140516519546509,0.0,0.0,0.0,-0.0
12.507346868515015,-23.2979679107666,-0.00046874998952262104,-0.39990234375,5.859374869032763e-05,-0.03195800632238388,0.020546874031424522,-3.0,0.0,-0.3199687499989523,0.0,-0.04200390428304673,-0.0,0.04539624999987427,0.0002633150143083185,0.1,0.3106907308101654,3.141592653589793,-3.140516519546509,0.0,0.0,0.0,-0.0
12.51213812828064,-23.2979679107666,-0.00046874998952262104,-0.39990234375,5.859374869032763e-05,-0.03195800632238388,0.020546874031424522,-3.0,0.0,-0.3199687499989523,0.0,-0.04200390428304673,-0.0,0.04539624999987427,0.0002633150143083185,0.1,0.3106907308101654,3.141592653589793,-3.140516519546509,0.0,0.0,0.0,-0.0
12.517150163650513,-23.2979679107666,-0.00046874998952262104,-0.39990234375,5.859374869032763e-05,-0.03195800632238388,0.020546874031424522,-3.0,0.0,-0.3199687499989523,0.0,-0.04200390428304673,-0.0,0.04539624999987427,0.0002633150143083185,0.1,0.3106907308101654,3.141592653589793,-3.140516519546509,0.0,0.0,0.0,-0.0
12.521645545959473,-23.2979679107666,-0.00046874998952262104,-0.39990234375,5.859374869032763e-05,-0.03195800632238388,0.020546874031424522,-3.0,0.0,-0.3199687499989523,0.0,-0.04200390428304673,-0.0,0.04539624999987427,0.0002633150143083185,0.1,0.3106907308101654,3.141592653589793,-3.140516519546509,0.0,0.0,0.0,-0.0
12.526165008544922,-23.2979679107666,-0.00046874998952262104,-0.39990234375,5.859374869032763e-05,-0.03195800632238388,0.020546874031424522,-3.0,0.0,-0.3199687499989523,0.0,-0.04200390428304673,-0.0,0.04539624999987427,0.0002633150143083185,0.1,0.3106907308101654,3.141592653589793,-3.140516519546509,0.0,0.0,0.0,-0.0
12.530758380889893,-23.2979679107666,-0.00046874998952262104,-0.39990234375,5.859374869032763e-05,-0.03195800632238388,0.020546874031424522,-3.0,0.0,-0.3199687499989523,0.0,-0.04200390428304673,-0.0,0.04539624999987427,0.0002633150143083185,0.1,0.3106907308101654,3.141592653589793,-3.140516519546509,0.0,0.0,0.0,-0.0
12.535584449768066,-23.2979679107666,-0.00046874998952262104,-0.39990234375,5.859374869032763e-05,-0.03195800632238388,0.020546874031424522,-3.0,0.0,-0.3199687499989523,0.0,-0.04200390428304673,-0.0,0.04539624999987427,0.0002633150143083185,0.1,0.3106907308101654,3.141592653589793,-3.140516519546509,0.0,0.0,0.0,-0.0
12.540295362472534,-23.2979679107666,-0.00046874998952262104,-0.39990234375,5.859374869032763e-05,-0.03195800632238388,0.020546874031424522,-3.0,0.0,-0.3199687499989523,0.0,-0.04200390428304673,-0.0,0.04539624999987427,0.0002633150143083185,0.1,0.3106907308101654,3.141592653589793,-3.140516519546509,0.0,0.0,0.0,-0.0
12.545032262802124,-23.2979679107666,-0.00046874998952262104,-0.39990234375,5.859374869032763e-05,-0.03195800632238388,0.020546874031424522,-3.0,0.0,-0.3199687499989523,0.0,-0.04200390428304673,-0.0,0.04539624999987427,0.0002633150143083185,0.1,0.3106907308101654,3.141592653589793,-3.140516519546509,0.0,0.0,0.0,-0.0
12.549903869628906,-23.2979679107666,-0.00046874998952262104,-0.39990234375,5.859374869032763e-05,-0.03195800632238388,0.020546874031424522,-3.0,0.0,-0.3199687499989523,0.0,-0.04200390428304673,-0.0,0.04539624999987427,0.0002633150143083185,0.1,0.3106907308101654,3.141592653589793,-3.140516519546509,0.0,0.0,0.0,-0.0
12.554500341415405,-23.2979679107666,-0.00046874998952262104,-0.39990234375,5.859374869032763e-05,-0.03195800632238388,0.020546874031424522,-3.0,0.0,-0.3199687499989523,0.0,-0.04200390428304673,-0.0,0.04539624999987427,0.0002633150143083185,0.1,0.3106907308101654,3.141592653589793,-3.140516519546509,0.0,0.0,0.0,-0.0
12.559176921844482,-23.2979679107666,-0.00046874998952262104,-0.39990234375,5.859374869032763e-05,-0.03195800632238388,0.020546874031424522,-3.0,0.0,-0.3199687499989523,0.0,-0.04200390428304673,-0.0,0.04539624999987427,0.0002633150143083185,0.1,0.3106907308101654,3.141592653589793,-3.140516519546509,0.0,0.0,0.0,-0.0
12.563817024230957,-23.2979679107666,-0.00046874998952262104,-0.39990234375,5.859374869032763e-05,-0.03195800632238388,0.020546874031424522,-3.0,0.0,-0.3199687499989523,0.0,-0.04200390428304673,-0.0,0.04539624999987427,0.0002633150143083185,0.1,0.3106907308101654,3.141592653589793,-3.140516519546509,0.0,0.0,0.0,-0.0
12.568235635757446,-23.2979679107666,-0.00046874998952262104,-0.39990234375,5.859374869032763e-05,-0.03195800632238388,0.020546874031424522,-3.0,0.0,-0.3199687499989523,0.0,-0.04200390428304673,-0.0,0.04539624999987427,0.0002633150143083185,0.1,0.3106907308101654,3.141592653589793,-3.140516519546509,0.0,0.0,0.0,-0.0
12.572699069976807,-23.2979679107666,-0.00046874998952262104,-0.39990234375,5.859374869032763e-05,-0.03195800632238388,0.020546874031424522,-3.0,0.0,-0.3199687499989523,0.0,-0.04200390428304673,-0.0,0.04539624999987427,0.0002633150143083185,0.1,0.3106907308101654,3.141592653589793,-3.140516519546509,0.0,0.0,0.0,-0.0
12.57728123664856,-23.2979679107666,-0.00046874998952262104,-0.39990234375,5.859374869032763e-05,-0.03195800632238388,0.020546874031424522,-3.0,0.0,-0.3199687499989523,0.0,-0.04200390428304673,-0.0,0.04539624999987427,0.0002633150143083185,0.1,0.3106907308101654,3.141592653589793,-3.140516519546509,0.0,0.0,0.0,-0.0
12.582079887390137,-23.2979679107666,-0.00046874998952262104,-0.39990234375,5.859374869032763e-05,-0.03195800632238388,0.020546874031424522,-3.0,0.0,-0.3199687499989523,0.0,-0.04200390428304673,-0.0,0.04539624999987427,0.0002633150143083185,0.1,0.3106907308101654,3.141592653589793,-3.140516519546509,0.0,0.0,0.0,-0.0
12.586665868759155,-23.2979679107666,-0.00046874998952262104,-0.39990234375,5.859374869032763e-05,-0.03195800632238388,0.020546874031424522,-3.0,0.0,-0.3199687499989523,0.0,-0.04200390428304673,-0.0,0.04539624999987427,0.0002633150143083185,0.1,0.3106907308101654,3.141592653589793,-3.140516519546509,0.0,0.0,0.0,-0.0
12.591262578964233,-23.2979679107666,-0.00046874998952262104,-0.39990234375,5.859374869032763e-05,-0.03195800632238388,0.020546874031424522,-3.0,0.0,-0.3199687499989523,0.0,-0.04200390428304673,-0.0,0.04539624999987427,0.0002633150143083185,0.1,0.3106907308101654,3.141592653589793,-3.140516519546509,0.0,0.0,0.0,-0.0
12.595975160598755,-23.2979679107666,-0.00046874998952262104,-0.39990234375,5.859374869032763e-05,-0.03195800632238388,0.020546874031424522,-3.0,0.0,-0.3199687499989523,0.0,-0.04200390428304673,-0.0,0.04539624999987427,0.0002633150143083185,0.1,0.3106907308101654,3.141592653589793,-3.140516519546509,0.0,0.0,0.0,-0.0
12.60071063041687,-23.2979679107666,-0.00046874998952262104,-0.39990234375,5.859374869032763e-05,-0.03195800632238388,0.020546874031424522,-3.0,0.0,-0.3199687499989523,0.0,-0.04200390428304673,-0.0,0.04539624999987427,0.0002633150143083185,0.1,0.3106907308101654,3.141592653589793,-3.140516519546509,0.0,0.0,0.0,-0.0
12.6054208278656,-23.2979679107666,-0.00046874998952262104,-0.39990234375,5.859374869032763e-05,-0.03195800632238388,0.020546874031424522,-3.0,0.0,-0.3199687499989523,0.0,-0.04200390428304673,-0.0,0.04539624999987427,0.0002633150143083185,0.1,0.3106907308101654,3.141592653589793,-3.140516519546509,0.0,0.0,0.0,-0.0
12.610144138336182,-23.2979679107666,-0.00046874998952262104,-0.39990234375,5.859374869032763e-05,-0.03195800632238388,0.020546874031424522,-3.0,0.0,-0.3199687499989523,0.0,-0.04200390428304673,-0.0,0.04539624999987427,0.0002633150143083185,0.1,0.3106907308101654,3.141592653589793,-3.140516519546509,0.0,0.0,0.0,-0.0
12.614907026290894,-23.2979679107666,-0.00046874998952262104,-0.39990234375,5.859374869032763e-05,-0.03195800632238388,0.020546874031424522,-3.0,0.0,-0.3199687499989523,0.0,-0.04200390428304673,-0.0,0.04539624999987427,0.0002633150143083185,0.1,0.3106907308101654,3.141592653589793,-3.140516519546509,0.0,0.0,0.0,-0.0
12.619686603546143,-23.2979679107666,-0.00046874998952262104,-0.39990234375,5.859374869032763e-05,-0.03195800632238388,0.020546874031424522,-3.0,0.0,-0.3199687499989523,0.0,-0.04200390428304673,-0.0,0.04539624999987427,0.0002633150143083185,0.1,0.3106907308101654,3.141592653589793,-3.140516519546509,0.0,0.0,0.0,-0.0
12.624320983886719,-23.2979679107666,-0.00046874998952262104,-0.39990234375,5.859374869032763e-05,-0.03195800632238388,0.020546874031424522,-3.0,0.0,-0.3199687499989523,0.0,-0.04200390428304673,-0.0,0.04539624999987427,0.0002633150143083185,0.1,0.3106907308101654,3.141592653589793,-3.140516519546509,0.0,0.0,0.0,-0.0
12.628987550735474,-23.2979679107666,-0.00046874998952262104,-0.39990234375,5.859374869032763e-05,-0.03195800632238388,0.020546874031424522,-3.0,0.0,-0.3199687499989523,0.0,-0.04200390428304673,-0.0,0.04539624999987427,0.0002633150143083185,0.1,0.3106907308101654,3.141592653589793,-3.140516519546509,0.0,0.0,0.0,-0.0
12.63371205329895,-23.2979679107666,-0.00046874998952262104,-0.39990234375,5.859374869032763e-05,-0.03195800632238388,0.020546874031424522,-3.0,0.0,-0.3199687499989523,0.0,-0.04200390428304673,-0.0,0.04539624999987427,0.0002633150143083185,0.1,0.3106907308101654,3.141592653589793,-3.140516519546509,0.0,0.0,0.0,-0.0
12.638279914855957,-23.2979679107666,-0.00046874998952262104,-0.39990234375,5.859374869032763e-05,-0.03195800632238388,0.020546874031424522,-3.0,0.0,-0.3199687499989523,0.0,-0.04200390428304673,-0.0,0.04539624999987427,0.0002633150143083185,0.1,0.3106907308101654,3.141592653589793,-3.140516519546509,0.0,0.0,0.0,-0.0
12.642950773239136,-23.2979679107666,-0.00046874998952262104,-0.39990234375,5.859374869032763e-05,-0.03195800632238388,0.020546874031424522,-3.0,0.0,-0.3199687499989523,0.0,-0.04200390428304673,-0.0,0.04539624999987427,0.0002633150143083185,0.1,0.3106907308101654,3.141592653589793,-3.140516519546509,0.0,0.0,0.0,-0.0
12.647701740264893,-23.2979679107666,-0.00046874998952262104,-0.39990234375,5.859374869032763e-05,-0.03195800632238388,0.020546874031424522,-3.0,0.0,-0.3199687499989523,0.0,-0.04200390428304673,-0.0,0.04539624999987427,0.0002633150143083185,0.1,0.3106907308101654,3.141592653589793,-3.140516519546509,0.0,0.0,0.0,-0.0
12.65235185623169,-23.2979679107666,-0.00046874998952262104,-0.39990234375,5.859374869032763e-05,-0.03195800632238388,0.020546874031424522,-3.0,0.0,-0.3199687499989523,0.0,-0.04200390428304673,-0.0,0.04539624999987427,0.0002633150143083185,0.1,0.3106907308101654,3.141592653589793,-3.140516519546509,0.0,0.0,0.0,-0.0
12.657022476196289,-23.2979679107666,-0.00046874998952262104,-0.39990234375,5.859374869032763e-05,-0.03195800632238388,0.020546874031424522,-3.0,0.0,-0.3199687499989523,0.0,-0.04200390428304673,-0.0,0.04539624999987427,0.0002633150143083185,0.1,0.3106907308101654,3.141592653589793,-3.140516519546509,0.0,0.0,0.0,-0.0
12.661426782608032,-23.2979679107666,-0.00046874998952262104,-0.39990234375,5.859374869032763e-05,-0.03195800632238388,0.020546874031424522,-3.0,0.0,-0.3199687499989523,0.0,-0.04200390428304673,-0.0,0.04539624999987427,0.0002633150143083185,0.1,0.3106907308101654,3.141592653589793,-3.140516519546509,0.0,0.0,0.0,-0.0
12.666138648986816,-23.2979679107666,-0.00046874998952262104,-0.39990234375,5.859374869032763e-05,-0.03195800632238388,0.020546874031424522,-3.0,0.0,-0.3199687499989523,0.0,-0.04200390428304673,-0.0,0.04539624999987427,0.0002633150143083185,0.1,0.3106907308101654,3.141592653589793,-3.140516519546509,0.0,0.0,0.0,-0.0
12.670896530151367,-23.2979679107666,-0.00046874998952262104,-0.39990234375,5.859374869032763e-05,-0.03195800632238388,0.020546874031424522,-3.0,0.0,-0.3199687499989523,0.0,-0.04200390428304673,-0.0,0.04539624999987427,0.0002633150143083185,0.1,0.3106907308101654,3.141592653589793,-3.140516519546509,0.0,0.0,0.0,-0.0
12.675552606582642,-23.2979679107666,-0.00046874998952262104,-0.39990234375,5.859374869032763e-05,-0.03195800632238388,0.020546874031424522,-3.0,0.0,-0.3199687499989523,0.0,-0.04200390428304673,-0.0,0.04539624999987427,0.0002633150143083185,0.1,0.3106907308101654,3.141592653589793,-3.140516519546509,0.0,0.0,0.0,-0.0
12.680267333984375,-23.2979679107666,-0.00046874998952262104,-0.39990234375,5.859374869032763e-05,-0.03195800632238388,0.020546874031424522,-3.0,0.0,-0.3199687499989523,0.0,-0.04200390428304673,-0.0,0.04539624999987427,0.0002633150143083185,0.1,0.3106907308101654,3.141592653589793,-3.140516519546509,0.0,0.0,0.0,-0.0
12.684697389602661,-23.2979679107666,-0.00046874998952262104,-0.39990234375,5.859374869032763e-05,-0.03195800632238388,0.020546874031424522,-3.0,0.0,-0.3199687499989523,0.0,-0.04200390428304673,-0.0,0.04539624999987427,0.0002633150143083185,0.1,0.3106907308101654,3.141592653589793,-3.140516519546509,0.0,0.0,0.0,-0.0
12.689055442810059,-23.2979679107666,-0.00046874998952262104,-0.39990234375,5.859374869032763e-05,-0.03195800632238388,0.020546874031424522,-3.0,0.0,-0.3199687499989523,0.0,-0.04200390428304673,-0.0,0.04539624999987427,0.0002633150143083185,0.1,0.3106907308101654,3.141592653589793,-3.140516519546509,0.0,0.0,0.0,-0.0
12.694119453430176,-23.2979679107666,-0.00046874998952262104,-0.39990234375,5.859374869032763e-05,-0.03195800632238388,0.020546874031424522,-3.0,0.0,-0.3199687499989523,0.0,-0.04200390428304673,-0.0,0.04539624999987427,0.0002633150143083185,0.1,0.3106907308101654,3.141592653589793,-3.140516519546509,0.0,0.0,0.0,-0.0
12.698638916015625,-23.2979679107666,-0.00046874998952262104,-0.39990234375,5.859374869032763e-05,-0.03195800632238388,0.020546874031424522,-3.0,0.0,-0.3199687499989523,0.0,-0.04200390428304673,-0.0,0.04539624999987427,0.0002633150143083185,0.1,0.3106907308101654,3.141592653589793,-3.140516519546509,0.0,0.0,0.0,-0.0
12.703179836273193,-23.2979679107666,-0.00046874998952262104,-0.39990234375,5.859374869032763e-05,-0.03195800632238388,0.020546874031424522,-3.0,0.0,-0.3199687499989523,0.0,-0.04200390428304673,-0.0,0.04539624999987427,0.0002633150143083185,0.1,0.3106907308101654,3.141592653589793,-3.140516519546509,0.0,0.0,0.0,-0.0
12.707982301712036,-23.2979679107666,-0.00046874998952262104,-0.39990234375,5.859374869032763e-05,-0.03195800632238388,0.020546874031424522,-3.0,0.0,-0.3199687499989523,0.0,-0.04200390428304673,-0.0,0.04539624999987427,0.0002633150143083185,0.1,0.3106907308101654,3.141592653589793,-3.140516519546509,0.0,0.0,0.0,-0.0
12.712430477142334,-23.2979679107666,-0.00046874998952262104,-0.39990234375,5.859374869032763e-05,-0.03195800632238388,0.020546874031424522,-3.0,0.0,-0.3199687499989523,0.0,-0.04200390428304673,-0.0,0.04539624999987427,0.0002633150143083185,0.1,0.3106907308101654,3.141592653589793,-3.140516519546509,0.0,0.0,0.0,-0.0
12.716923236846924,-23.2979679107666,-0.00046874998952262104,-0.39990234375,5.859374869032763e-05,-0.03195800632238388,0.020546874031424522,-3.0,0.0,-0.3199687499989523,0.0,-0.04200390428304673,-0.0,0.04539624999987427,0.0002633150143083185,0.1,0.3106907308101654,3.141592653589793,-3.140516519546509,0.0,0.0,0.0,-0.0
12.721694946289062,-23.2979679107666,-0.00046874998952262104,-0.39990234375,5.859374869032763e-05,-0.03195800632238388,0.020546874031424522,-3.0,0.0,-0.3199687499989523,0.0,-0.04200390428304673,-0.0,0.04539624999987427,0.0002633150143083185,0.1,0.3106907308101654,3.141592653589793,-3.140516519546509,0.0,0.0,0.0,-0.0
12.726399421691895,-23.2979679107666,-0.00046874998952262104,-0.39990234375,5.859374869032763e-05,-0.03195800632238388,0.020546874031424522,-3.0,0.0,-0.3199687499989523,0.0,-0.04200390428304673,-0.0,0.04539624999987427,0.0002633150143083185,0.1,0.3106907308101654,3.141592653589793,-3.140516519546509,0.0,0.0,0.0,-0.0
12.731091260910034,-23.2979679107666,-0.00046874998952262104,-0.39990234375,5.859374869032763e-05,-0.03195800632238388,0.020546874031424522,-3.0,0.0,-0.3199687499989523,0.0,-0.04200390428304673,-0.0,0.04539624999987427,0.0002633150143083185,0.1,0.3106907308101654,3.141592653589793,-3.140516519546509,0.0,0.0,0.0,-0.0
12.73574185371399,-23.2979679107666,-0.00046874998952262104,-0.39990234375,5.859374869032763e-05,-0.03195800632238388,0.020546874031424522,-3.0,0.0,-0.3199687499989523,0.0,-0.04200390428304673,-0.0,0.04539624999987427,0.0002633150143083185,0.1,0.3106907308101654,3.141592653589793,-3.140516519546509,0.0,0.0,0.0,-0.0
12.74050760269165,-23.2979679107666,-0.00046874998952262104,-0.39990234375,5.859374869032763e-05,-0.03195800632238388,0.020546874031424522,-3.0,0.0,-0.3199687499989523,0.0,-0.04200390428304673,-0.0,0.04539624999987427,0.0002633150143083185,0.1,0.3106907308101654,3.141592653589793,-3.140516519546509,0.0,0.0,0.0,-0.0
12.745312690734863,-23.2979679107666,-0.00046874998952262104,-0.39990234375,5.859374869032763e-05,-0.03195800632238388,0.020546874031424522,-3.0,0.0,-0.3199687499989523,0.0,-0.04200390428304673,-0.0,0.04539624999987427,0.0002633150143083185,0.1,0.3106907308101654,3.141592653589793,-3.140516519546509,0.0,0.0,0.0,-0.0
12.750054359436035,-23.2979679107666,-0.00046874998952262104,-0.39990234375,5.859374869032763e-05,-0.03195800632238388,0.020546874031424522,-3.0,0.0,-0.3199687499989523,0.0,-0.04200390428304673,-0.0,0.04539624999987427,0.0002633150143083185,0.1,0.3106907308101654,3.141592653589793,-3.140516519546509,0.0,0.0,0.0,-0.0
12.754514455795288,-23.2979679107666,-0.00046874998952262104,-0.39990234375,5.859374869032763e-05,-0.03195800632238388,0.020546874031424522,-3.0,0.0,-0.3199687499989523,0.0,-0.04200390428304673,-0.0,0.04539624999987427,0.0002633150143083185,0.1,0.3106907308101654,3.141592653589793,-3.140516519546509,0.0,0.0,0.0,-0.0
12.759342193603516,-23.2979679107666,-0.00046874998952262104,-0.39990234375,5.859374869032763e-05,-0.03195800632238388,0.020546874031424522,-3.0,0.0,-0.3199687499989523,0.0,-0.04200390428304673,-0.0,0.04539624999987427,0.0002633150143083185,0.1,0.3106907308101654,3.141592653589793,-3.140516519546509,0.0,0.0,0.0,-0.0
12.764188051223755,-23.2979679107666,-0.00046874998952262104,-0.39990234375,5.859374869032763e-05,-0.03195800632238388,0.020546874031424522,-3.0,0.0,-0.3199687499989523,0.0,-0.04200390428304673,-0.0,0.04539624999987427,0.0002633150143083185,0.1,0.3106907308101654,3.141592653589793,-3.140516519546509,0.0,0.0,0.0,-0.0
12.76882290840149,-23.2979679107666,-0.00046874998952262104,-0.39990234375,5.859374869032763e-05,-0.03195800632238388,0.020546874031424522,-3.0,0.0,-0.3199687499989523,0.0,-0.04200390428304673,-0.0,0.04539624999987427,0.0002633150143083185,0.1,0.3106907308101654,3.141592653589793,-3.140516519546509,0.0,0.0,0.0,-0.0
12.773497581481934,-23.2979679107666,-0.00046874998952262104,-0.39990234375,5.859374869032763e-05,-0.03195800632238388,0.020546874031424522,-3.0,0.0,-0.3199687499989523,0.0,-0.04200390428304673,-0.0,0.04539624999987427,0.0002633150143083185,0.1,0.3106907308101654,3.141592653589793,-3.140516519546509,0.0,0.0,0.0,-0.0
12.778465270996094,-23.2979679107666,-0.00046874998952262104,-0.39990234375,5.859374869032763e-05,-0.03195800632238388,0.020546874031424522,-3.0,0.0,-0.3199687499989523,0.0,-0.04200390428304673,-0.0,0.04539624999987427,0.0002633150143083185,0.1,0.3106907308101654,3.141592653589793,-3.140516519546509,0.0,0.0,0.0,-0.0
12.783346176147461,-23.2979679107666,-0.00046874998952262104,-0.39990234375,5.859374869032763e-05,-0.03195800632238388,0.020546874031424522,-3.0,0.0,-0.3199687499989523,0.0,-0.04200390428304673,-0.0,0.04539624999987427,0.0002633150143083185,0.1,0.3106907308101654,3.141592653589793,-3.140516519546509,0.0,0.0,0.0,-0.0
12.787952184677124,-23.2979679107666,-0.00046874998952262104,-0.39990234375,5.859374869032763e-05,-0.03195800632238388,0.020546874031424522,-3.0,0.0,-0.3199687499989523,0.0,-0.04200390428304673,-0.0,0.04539624999987427,0.0002633150143083185,0.1,0.3106907308101654,3.141592653589793,-3.140516519546509,0.0,0.0,0.0,-0.0
12.792575359344482,-23.2979679107666,-0.00046874998952262104,-0.39990234375,5.859374869032763e-05,-0.03195800632238388,0.020546874031424522,-3.0,0.0,-0.3199687499989523,0.0,-0.04200390428304673,-0.0,0.04539624999987427,0.0002633150143083185,0.1,0.3106907308101654,3.141592653589793,-3.140516519546509,0.0,0.0,0.0,-0.0
12.797200679779053,-23.2979679107666,-0.00046874998952262104,-0.39990234375,5.859374869032763e-05,-0.03195800632238388,0.020546874031424522,-3.0,0.0,-0.3199687499989523,0.0,-0.04200390428304673,-0.0,0.04539624999987427,0.0002633150143083185,0.1,0.3106907308101654,3.141592653589793,-3.140516519546509,0.0,0.0,0.0,-0.0
12.801964044570923,-23.2979679107666,-0.00046874998952262104,-0.39990234375,5.859374869032763e-05,-0.03195800632238388,0.020546874031424522,-3.0,0.0,-0.3199687499989523,0.0,-0.04200390428304673,-0.0,0.04539624999987427,0.0002633150143083185,0.1,0.3106907308101654,3.141592653589793,-3.140516519546509,0.0,0.0,0.0,-0.0
12.807077884674072,-23.2979679107666,-0.00046874998952262104,-0.39990234375,5.859374869032763e-05,-0.03195800632238388,0.020546874031424522,-3.0,0.0,-0.3199687499989523,0.0,-0.04200390428304673,-0.0,0.04539624999987427,0.0002633150143083185,0.1,0.3106907308101654,3.141592653589793,-3.140516519546509,0.0,0.0,0.0,-0.0
12.81182861328125,-23.2979679107666,-0.00046874998952262104,-0.39990234375,5.859374869032763e-05,-0.03195800632238388,0.020546874031424522,-3.0,0.0,-0.3199687499989523,0.0,-0.04200390428304673,-0.0,0.04539624999987427,0.0002633150143083185,0.1,0.3106907308101654,3.141592653589793,-3.140516519546509,0.0,0.0,0.0,-0.0
12.81650972366333,-23.2979679107666,-0.00046874998952262104,-0.39990234375,5.859374869032763e-05,-0.03195800632238388,0.020546874031424522,-3.0,0.0,-0.3199687499989523,0.0,-0.04200390428304673,-0.0,0.04539624999987427,0.0002633150143083185,0.1,0.3106907308101654,3.141592653589793,-3.140516519546509,0.0,0.0,0.0,-0.0
12.821158647537231,-23.2979679107666,-0.00046874998952262104,-0.39990234375,5.859374869032763e-05,-0.03195800632238388,0.020546874031424522,-3.0,0.0,-0.3199687499989523,0.0,-0.04200390428304673,-0.0,0.04539624999987427,0.0002633150143083185,0.1,0.3106907308101654,3.141592653589793,-3.140516519546509,0.0,0.0,0.0,-0.0
12.825977325439453,-23.2979679107666,-0.00046874998952262104,-0.39990234375,5.859374869032763e-05,-0.03195800632238388,0.020546874031424522,-3.0,0.0,-0.3199687499989523,0.0,-0.04200390428304673,-0.0,0.04539624999987427,0.0002633150143083185,0.1,0.3106907308101654,3.141592653589793,-3.140516519546509,0.0,0.0,0.0,-0.0
12.830638647079468,-23.2979679107666,-0.00046874998952262104,-0.39990234375,5.859374869032763e-05,-0.03195800632238388,0.020546874031424522,-3.0,0.0,-0.3199687499989523,0.0,-0.04200390428304673,-0.0,0.04539624999987427,0.0002633150143083185,0.1,0.3106907308101654,3.141592653589793,-3.140516519546509,0.0,0.0,0.0,-0.0
12.835452318191528,-23.2979679107666,-0.00046874998952262104,-0.39990234375,5.859374869032763e-05,-0.03195800632238388,0.020546874031424522,-3.0,0.0,-0.3199687499989523,0.0,-0.04200390428304673,-0.0,0.04539624999987427,0.0002633150143083185,0.1,0.3106907308101654,3.141592653589793,-3.140516519546509,0.0,0.0,0.0,-0.0
12.84000539779663,-23.2979679107666,-0.00046874998952262104,-0.39990234375,5.859374869032763e-05,-0.03195800632238388,0.020546874031424522,-3.0,0.0,-0.3199687499989523,0.0,-0.04200390428304673,-0.0,0.04539624999987427,0.0002633150143083185,0.1,0.3106907308101654,3.141592653589793,-3.140516519546509,0.0,0.0,0.0,-0.0
12.844310760498047,-23.2979679107666,-0.00046874998952262104,-0.39990234375,5.859374869032763e-05,-0.03195800632238388,0.020546874031424522,-3.0,0.0,-0.3199687499989523,0.0,-0.04200390428304673,-0.0,0.04539624999987427,0.0002633150143083185,0.1,0.3106907308101654,3.141592653589793,-3.140516519546509,0.0,0.0,0.0,-0.0
12.849140167236328,-23.2979679107666,-0.00046874998952262104,-0.39990234375,5.859374869032763e-05,-0.03195800632238388,0.020546874031424522,-3.0,0.0,-0.3199687499989523,0.0,-0.04200390428304673,-0.0,0.04539624999987427,0.0002633150143083185,0.1,0.3106907308101654,3.141592653589793,-3.140516519546509,0.0,0.0,0.0,-0.0
12.85361909866333,-23.2979679107666,-0.00046874998952262104,-0.39990234375,5.859374869032763e-05,-0.03195800632238388,0.020546874031424522,-3.0,0.0,-0.3199687499989523,0.0,-0.04200390428304673,-0.0,0.04539624999987427,0.0002633150143083185,0.1,0.3106907308101654,3.141592653589793,-3.140516519546509,0.0,0.0,0.0,-0.0
12.858374834060669,-23.2979679107666,-0.00046874998952262104,-0.39990234375,5.859374869032763e-05,-0.03195800632238388,0.020546874031424522,-3.0,0.0,-0.3199687499989523,0.0,-0.04200390428304673,-0.0,0.04539624999987427,0.0002633150143083185,0.1,0.3106907308101654,3.141592653589793,-3.140516519546509,0.0,0.0,0.0,-0.0
12.863114356994629,-23.2979679107666,-0.00046874998952262104,-0.39990234375,5.859374869032763e-05,-0.03195800632238388,0.020546874031424522,-3.0,0.0,-0.3199687499989523,0.0,-0.04200390428304673,-0.0,0.04539624999987427,0.0002633150143083185,0.1,0.3106907308101654,3.141592653589793,-3.140516519546509,0.0,0.0,0.0,-0.0
12.867778778076172,-23.2979679107666,-0.00046874998952262104,-0.39990234375,5.859374869032763e-05,-0.03195800632238388,0.020546874031424522,-3.0,0.0,-0.3199687499989523,0.0,-0.04200390428304673,-0.0,0.04539624999987427,0.0002633150143083185,0.1,0.3106907308101654,3.141592653589793,-3.140516519546509,0.0,0.0,0.0,-0.0
12.872329711914062,-23.2979679107666,-0.00046874998952262104,-0.39990234375,5.859374869032763e-05,-0.03195800632238388,0.020546874031424522,-3.0,0.0,-0.3199687499989523,0.0,-0.04200390428304673,-0.0,0.04539624999987427,0.0002633150143083185,0.1,0.3106907308101654,3.141592653589793,-3.140516519546509,0.0,0.0,0.0,-0.0
12.877055644989014,-23.2979679107666,-0.00046874998952262104,-0.39990234375,5.859374869032763e-05,-0.03195800632238388,0.020546874031424522,-3.0,0.0,-0.3199687499989523,0.0,-0.04200390428304673,-0.0,0.04539624999987427,0.0002633150143083185,0.1,0.3106907308101654,3.141592653589793,-3.140516519546509,0.0,0.0,0.0,-0.0
12.88180947303772,-23.2979679107666,-0.00046874998952262104,-0.39990234375,5.859374869032763e-05,-0.03195800632238388,0.020546874031424522,-3.0,0.0,-0.3199687499989523,0.0,-0.04200390428304673,-0.0,0.04539624999987427,0.0002633150143083185,0.1,0.3106907308101654,3.141592653589793,-3.140516519546509,0.0,0.0,0.0,-0.0
12.886428833007812,-23.2979679107666,-0.00046874998952262104,-0.39990234375,5.859374869032763e-05,-0.03195800632238388,0.020546874031424522,-3.0,0.0,-0.3199687499989523,0.0,-0.04200390428304673,-0.0,0.04539624999987427,0.0002633150143083185,0.1,0.3106907308101654,3.141592653589793,-3.140516519546509,0.0,0.0,0.0,-0.0
12.891122579574585,-23.2979679107666,-0.00046874998952262104,-0.39990234375,5.859374869032763e-05,-0.03195800632238388,0.020546874031424522,-3.0,0.0,-0.3199687499989523,0.0,-0.04200390428304673,-0.0,0.04539624999987427,0.0002633150143083185,0.1,0.3106907308101654,3.141592653589793,-3.140516519546509,0.0,0.0,0.0,-0.0
12.895896434783936,-23.2979679107666,-0.00046874998952262104,-0.39990234375,5.859374869032763e-05,-0.03195800632238388,0.020546874031424522,-3.0,0.0,-0.3199687499989523,0.0,-0.04200390428304673,-0.0,0.04539624999987427,0.0002633150143083185,0.1,0.3106907308101654,3.141592653589793,-3.140516519546509,0.0,0.0,0.0,-0.0
12.900551557540894,-23.2979679107666,-0.00046874998952262104,-0.39990234375,5.859374869032763e-05,-0.03195800632238388,0.020546874031424522,-3.0,0.0,-0.3199687499989523,0.0,-0.04200390428304673,-0.0,0.04539624999987427,0.0002633150143083185,0.1,0.3106907308101654,3.141592653589793,-3.140516519546509,0.0,0.0,0.0,-0.0
12.90536880493164,-23.2979679107666,-0.00046874998952262104,-0.39990234375,5.859374869032763e-05,-0.03195800632238388,0.020546874031424522,-3.0,0.0,-0.3199687499989523,0.0,-0.04200390428304673,-0.0,0.04539624999987427,0.0002633150143083185,0.1,0.3106907308101654,3.141592653589793,-3.140516519546509,0.0,0.0,0.0,-0.0
12.909736394882202,-23.2979679107666,-0.00046874998952262104,-0.39990234375,5.859374869032763e-05,-0.03195800632238388,0.020546874031424522,-3.0,0.0,-0.3199687499989523,0.0,-0.04200390428304673,-0.0,0.04539624999987427,0.0002633150143083185,0.1,0.3106907308101654,3.141592653589793,-3.140516519546509,0.0,0.0,0.0,-0.0
12.914498567581177,-23.2979679107666,-0.00046874998952262104,-0.39990234375,5.859374869032763e-05,-0.03195800632238388,0.020546874031424522,-3.0,0.0,-0.3199687499989523,0.0,-0.04200390428304673,-0.0,0.04539624999987427,0.0002633150143083185,0.1,0.3106907308101654,3.141592653589793,-3.140516519546509,0.0,0.0,0.0,-0.0
12.91919207572937,-23.2979679107666,-0.00046874998952262104,-0.39990234375,5.859374869032763e-05,-0.03195800632238388,0.020546874031424522,-3.0,0.0,-0.3199687499989523,0.0,-0.04200390428304673,-0.0,0.04539624999987427,0.0002633150143083185,0.1,0.3106907308101654,3.141592653589793,-3.140516519546509,0.0,0.0,0.0,-0.0
12.923635959625244,-23.2979679107666,-0.00046874998952262104,-0.39990234375,5.859374869032763e-05,-0.03195800632238388,0.020546874031424522,-3.0,0.0,-0.3199687499989523,0.0,-0.04200390428304673,-0.0,0.04539624999987427,0.0002633150143083185,0.1,0.3106907308101654,3.141592653589793,-3.140516519546509,0.0,0.0,0.0,-0.0
12.928350687026978,-23.2979679107666,-0.00046874998952262104,-0.39990234375,5.859374869032763e-05,-0.03195800632238388,0.020546874031424522,-3.0,0.0,-0.3199687499989523,0.0,-0.04200390428304673,-0.0,0.04539624999987427,0.0002633150143083185,0.1,0.3106907308101654,3.141592653589793,-3.140516519546509,0.0,0.0,0.0,-0.0
12.93296766281128,-23.2979679107666,-0.00046874998952262104,-0.39990234375,5.859374869032763e-05,-0.03195800632238388,0.020546874031424522,-3.0,0.0,-0.3199687499989523,0.0,-0.04200390428304673,-0.0,0.04539624999987427,0.0002633150143083185,0.1,0.3106907308101654,3.141592653589793,-3.140516519546509,0.0,0.0,0.0,-0.0
12.937658548355103,-23.2979679107666,-0.00046874998952262104,-0.39990234375,5.859374869032763e-05,-0.03195800632238388,0.020546874031424522,-3.0,0.0,-0.3199687499989523,0.0,-0.04200390428304673,-0.0,0.04539624999987427,0.0002633150143083185,0.1,0.3106907308101654,3.141592653589793,-3.140516519546509,0.0,0.0,0.0,-0.0
12.942325115203857,-23.2979679107666,-0.00046874998952262104,-0.39990234375,5.859374869032763e-05,-0.03195800632238388,0.020546874031424522,-3.0,0.0,-0.3199687499989523,0.0,-0.04200390428304673,-0.0,0.04539624999987427,0.0002633150143083185,0.1,0.3106907308101654,3.141592653589793,-3.140516519546509,0.0,0.0,0.0,-0.0
12.946901321411133,-23.2979679107666,-0.00046874998952262104,-0.39990234375,5.859374869032763e-05,-0.03195800632238388,0.020546874031424522,-3.0,0.0,-0.3199687499989523,0.0,-0.04200390428304673,-0.0,0.04539624999987427,0.0002633150143083185,0.1,0.3106907308101654,3.141592653589793,-3.140516519546509,0.0,0.0,0.0,-0.0
12.951459169387817,-23.2979679107666,-0.00046874998952262104,-0.39990234375,5.859374869032763e-05,-0.03195800632238388,0.020546874031424522,-3.0,0.0,-0.3199687499989523,0.0,-0.04200390428304673,-0.0,0.04539624999987427,0.0002633150143083185,0.1,0.3106907308101654,3.141592653589793,-3.140516519546509,0.0,0.0,0.0,-0.0
12.956063032150269,-23.2979679107666,-0.00046874998952262104,-0.39990234375,5.859374869032763e-05,-0.03195800632238388,0.020546874031424522,-3.0,0.0,-0.3199687499989523,0.0,-0.04200390428304673,-0.0,0.04539624999987427,0.0002633150143083185,0.1,0.3106907308101654,3.141592653589793,-3.140516519546509,0.0,0.0,0.0,-0.0
12.960844039916992,-23.2979679107666,-0.00046874998952262104,-0.39990234375,5.859374869032763e-05,-0.03195800632238388,0.020546874031424522,-3.0,0.0,-0.3199687499989523,0.0,-0.04200390428304673,-0.0,0.04539624999987427,0.0002633150143083185,0.1,0.3106907308101654,3.141592653589793,-3.140516519546509,0.0,0.0,0.0,-0.0
12.979541063308716,-23.2979679107666,-0.00046874998952262104,-0.39990234375,5.859374869032763e-05,-0.03195800632238388,0.020546874031424522,-3.0,0.0,-0.3199687499989523,0.0,-0.04200390428304673,-0.0,0.04539624999987427,0.0002633150143083185,0.1,0.3106907308101654,3.141592653589793,-3.140516519546509,0.0,0.0,0.0,-0.0
12.984199047088623,-23.2979679107666,-0.00046874998952262104,-0.39990234375,5.859374869032763e-05,-0.03195800632238388,0.020546874031424522,-3.0,0.0,-0.3199687499989523,0.0,-0.04200390428304673,-0.0,0.04539624999987427,0.0002633150143083185,0.1,0.3106907308101654,3.141592653589793,-3.140516519546509,0.0,0.0,0.0,-0.0
12.989142894744873,-23.2979679107666,-0.00046874998952262104,-0.39990234375,5.859374869032763e-05,-0.03195800632238388,0.020546874031424522,-3.0,0.0,-0.3199687499989523,0.0,-0.04200390428304673,-0.0,0.04539624999987427,0.0002633150143083185,0.1,0.3106907308101654,3.141592653589793,-3.140516519546509,0.0,0.0,0.0,-0.0
12.993832349777222,-23.2979679107666,-0.00046874998952262104,-0.39990234375,5.859374869032763e-05,-0.03195800632238388,0.020546874031424522,-3.0,0.0,-0.3199687499989523,0.0,-0.04200390428304673,-0.0,0.04539624999987427,0.0002633150143083185,0.1,0.3106907308101654,3.141592653589793,-3.140516519546509,0.0,0.0,0.0,-0.0
12.998635530471802,-23.2979679107666,-0.00046874998952262104,-0.39990234375,5.859374869032763e-05,-0.03195800632238388,0.020546874031424522,-3.0,0.0,-0.3199687499989523,0.0,-0.04200390428304673,-0.0,0.04539624999987427,0.0002633150143083185,0.1,0.3106907308101654,3.141592653589793,-3.140516519546509,0.0,0.0,0.0,-0.0
13.00314998626709,-23.2979679107666,-0.00046874998952262104,-0.39990234375,5.859374869032763e-05,-0.03195800632238388,0.020546874031424522,-3.0,0.0,-0.3199687499989523,0.0,-0.04200390428304673,-0.0,0.04539624999987427,0.0002633150143083185,0.1,0.3106907308101654,3.141592653589793,-3.140516519546509,0.0,0.0,0.0,-0.0
13.007982969284058,-23.2979679107666,-0.00046874998952262104,-0.39990234375,5.859374869032763e-05,-0.03195800632238388,0.020546874031424522,-3.0,0.0,-0.3199687499989523,0.0,-0.04200390428304673,-0.0,0.04539624999987427,0.0002633150143083185,0.1,0.3106907308101654,3.141592653589793,-3.140516519546509,0.0,0.0,0.0,-0.0
13.012914896011353,-23.2979679107666,-0.00046874998952262104,-0.39990234375,5.859374869032763e-05,-0.03195800632238388,0.020546874031424522,-3.0,0.0,-0.3199687499989523,0.0,-0.04200390428304673,-0.0,0.04539624999987427,0.0002633150143083185,0.1,0.3106907308101654,3.141592653589793,-3.140516519546509,0.0,0.0,0.0,-0.0
13.017617225646973,-23.2979679107666,-0.00046874998952262104,-0.39990234375,5.859374869032763e-05,-0.03195800632238388,0.020546874031424522,-3.0,0.0,-0.3199687499989523,0.0,-0.04200390428304673,-0.0,0.04539624999987427,0.0002633150143083185,0.1,0.3106907308101654,3.141592653589793,-3.140516519546509,0.0,0.0,0.0,-0.0
13.022161483764648,-23.2979679107666,-0.00046874998952262104,-0.39990234375,5.859374869032763e-05,-0.03195800632238388,0.020546874031424522,-3.0,0.0,-0.3199687499989523,0.0,-0.04200390428304673,-0.0,0.04539624999987427,0.0002633150143083185,0.1,0.3106907308101654,3.141592653589793,-3.140516519546509,0.0,0.0,0.0,-0.0
13.026956558227539,-23.2979679107666,-0.00046874998952262104,-0.39990234375,5.859374869032763e-05,-0.03195800632238388,0.020546874031424522,-3.0,0.0,-0.3199687499989523,0.0,-0.04200390428304673,-0.0,0.04539624999987427,0.0002633150143083185,0.1,0.3106907308101654,3.141592653589793,-3.140516519546509,0.0,0.0,0.0,-0.0
13.031613111495972,-23.2979679107666,-0.00046874998952262104,-0.39990234375,5.859374869032763e-05,-0.03195800632238388,0.020546874031424522,-3.0,0.0,-0.3199687499989523,0.0,-0.04200390428304673,-0.0,0.04539624999987427,0.0002633150143083185,0.1,0.3106907308101654,3.141592653589793,-3.140516519546509,0.0,0.0,0.0,-0.0
13.036267280578613,-23.2979679107666,-0.00046874998952262104,-0.39990234375,5.859374869032763e-05,-0.03195800632238388,0.020546874031424522,-3.0,0.0,-0.3199687499989523,0.0,-0.04200390428304673,-0.0,0.04539624999987427,0.0002633150143083185,0.1,0.3106907308101654,3.141592653589793,-3.140516519546509,0.0,0.0,0.0,-0.0
13.041196584701538,-23.2979679107666,-0.00046874998952262104,-0.39990234375,5.859374869032763e-05,-0.03195800632238388,0.020546874031424522,-3.0,0.0,-0.3199687499989523,0.0,-0.04200390428304673,-0.0,0.04539624999987427,0.0002633150143083185,0.1,0.3106907308101654,3.141592653589793,-3.140516519546509,0.0,0.0,0.0,-0.0
13.045880317687988,-23.2979679107666,-0.00046874998952262104,-0.39990234375,5.859374869032763e-05,-0.03195800632238388,0.020546874031424522,-3.0,0.0,-0.3199687499989523,0.0,-0.04200390428304673,-0.0,0.04539624999987427,0.0002633150143083185,0.1,0.3106907308101654,3.141592653589793,-3.140516519546509,0.0,0.0,0.0,-0.0
13.050532341003418,-23.2979679107666,-0.00046874998952262104,-0.39990234375,5.859374869032763e-05,-0.03195800632238388,0.020546874031424522,-3.0,0.0,-0.3199687499989523,0.0,-0.04200390428304673,-0.0,0.04539624999987427,0.0002633150143083185,0.1,0.3106907308101654,3.141592653589793,-3.140516519546509,0.0,0.0,0.0,-0.0
13.055232286453247,-23.2979679107666,-0.00046874998952262104,-0.39990234375,5.859374869032763e-05,-0.03195800632238388,0.020546874031424522,-3.0,0.0,-0.3199687499989523,0.0,-0.04200390428304673,-0.0,0.04539624999987427,0.0002633150143083185,0.1,0.3106907308101654,3.141592653589793,-3.140516519546509,0.0,0.0,0.0,-0.0
13.06018853187561,-23.2979679107666,-0.00046874998952262104,-0.39990234375,5.859374869032763e-05,-0.03195800632238388,0.020546874031424522,-3.0,0.0,-0.3199687499989523,0.0,-0.04200390428304673,-0.0,0.04539624999987427,0.0002633150143083185,0.1,0.3106907308101654,3.141592653589793,-3.140516519546509,0.0,0.0,0.0,-0.0
13.064933061599731,-23.2979679107666,-0.00046874998952262104,-0.39990234375,5.859374869032763e-05,-0.03195800632238388,0.020546874031424522,-3.0,0.0,-0.3199687499989523,0.0,-0.04200390428304673,-0.0,0.04539624999987427,0.0002633150143083185,0.1,0.3106907308101654,3.141592653589793,-3.140516519546509,0.0,0.0,0.0,-0.0
13.069640398025513,-23.2979679107666,-0.00046874998952262104,-0.39990234375,5.859374869032763e-05,-0.03195800632238388,0.020546874031424522,-3.0,0.0,-0.3199687499989523,0.0,-0.04200390428304673,-0.0,0.04539624999987427,0.0002633150143083185,0.1,0.3106907308101654,3.141592653589793,-3.140516519546509,0.0,0.0,0.0,-0.0
13.074224710464478,-23.2979679107666,-0.00046874998952262104,-0.39990234375,5.859374869032763e-05,-0.03195800632238388,0.020546874031424522,-3.0,0.0,-0.3199687499989523,0.0,-0.04200390428304673,-0.0,0.04539624999987427,0.0002633150143083185,0.1,0.3106907308101654,3.141592653589793,-3.140516519546509,0.0,0.0,0.0,-0.0
13.078917264938354,-23.2979679107666,-0.00046874998952262104,-0.39990234375,5.859374869032763e-05,-0.03195800632238388,0.020546874031424522,-3.0,0.0,-0.3199687499989523,0.0,-0.04200390428304673,-0.0,0.04539624999987427,0.0002633150143083185,0.1,0.3106907308101654,3.141592653589793,-3.140516519546509,0.0,0.0,0.0,-0.0
13.083616495132446,-23.2979679107666,-0.00046874998952262104,-0.39990234375,5.859374869032763e-05,-0.03195800632238388,0.020546874031424522,-3.0,0.0,-0.3199687499989523,0.0,-0.04200390428304673,-0.0,0.04539624999987427,0.0002633150143083185,0.1,0.3106907308101654,3.141592653589793,-3.140516519546509,0.0,0.0,0.0,-0.0
13.08820390701294,-23.2979679107666,-0.00046874998952262104,-0.39990234375,5.859374869032763e-05,-0.03195800632238388,0.020546874031424522,-3.0,0.0,-0.3199687499989523,0.0,-0.04200390428304673,-0.0,0.04539624999987427,0.0002633150143083185,0.1,0.3106907308101654,3.141592653589793,-3.140516519546509,0.0,0.0,0.0,-0.0
13.093138456344604,-23.2979679107666,-0.00046874998952262104,-0.39990234375,5.859374869032763e-05,-0.03195800632238388,0.020546874031424522,-3.0,0.0,-0.3199687499989523,0.0,-0.04200390428304673,-0.0,0.04539624999987427,0.0002633150143083185,0.1,0.3106907308101654,3.141592653589793,-3.140516519546509,0.0,0.0,0.0,-0.0
13.09773874282837,-23.2979679107666,-0.00046874998952262104,-0.39990234375,5.859374869032763e-05,-0.03195800632238388,0.020546874031424522,-3.0,0.0,-0.3199687499989523,0.0,-0.04200390428304673,-0.0,0.04539624999987427,0.0002633150143083185,0.1,0.3106907308101654,3.141592653589793,-3.140516519546509,0.0,0.0,0.0,-0.0
13.102314472198486,-23.2979679107666,-0.00046874998952262104,-0.39990234375,5.859374869032763e-05,-0.03195800632238388,0.020546874031424522,-3.0,0.0,-0.3199687499989523,0.0,-0.04200390428304673,-0.0,0.04539624999987427,0.0002633150143083185,0.1,0.3106907308101654,3.141592653589793,-3.140516519546509,0.0,0.0,0.0,-0.0
13.10731840133667,-23.2979679107666,-0.00046874998952262104,-0.39990234375,5.859374869032763e-05,-0.03195800632238388,0.020546874031424522,-3.0,0.0,-0.3199687499989523,0.0,-0.04200390428304673,-0.0,0.04539624999987427,0.0002633150143083185,0.1,0.3106907308101654,3.141592653589793,-3.140516519546509,0.0,0.0,0.0,-0.0
13.111719846725464,-23.2979679107666,-0.00046874998952262104,-0.39990234375,5.859374869032763e-05,-0.03195800632238388,0.020546874031424522,-3.0,0.0,-0.3199687499989523,0.0,-0.04200390428304673,-0.0,0.04539624999987427,0.0002633150143083185,0.1,0.3106907308101654,3.141592653589793,-3.140516519546509,0.0,0.0,0.0,-0.0
13.116364002227783,-23.2979679107666,-0.00046874998952262104,-0.39990234375,5.859374869032763e-05,-0.03195800632238388,0.020546874031424522,-3.0,0.0,-0.3199687499989523,0.0,-0.04200390428304673,-0.0,0.04539624999987427,0.0002633150143083185,0.1,0.3106907308101654,3.141592653589793,-3.140516519546509,0.0,0.0,0.0,-0.0
13.121050834655762,-23.2979679107666,-0.00046874998952262104,-0.39990234375,5.859374869032763e-05,-0.03195800632238388,0.020546874031424522,-3.0,0.0,-0.3199687499989523,0.0,-0.04200390428304673,-0.0,0.04539624999987427,0.0002633150143083185,0.1,0.3106907308101654,3.141592653589793,-3.140516519546509,0.0,0.0,0.0,-0.0
13.12561583518982,-23.2979679107666,-0.00046874998952262104,-0.39990234375,5.859374869032763e-05,-0.03195800632238388,0.020546874031424522,-3.0,0.0,-0.3199687499989523,0.0,-0.04200390428304673,-0.0,0.04539624999987427,0.0002633150143083185,0.1,0.3106907308101654,3.141592653589793,-3.140516519546509,0.0,0.0,0.0,-0.0
13.130019187927246,-23.2979679107666,-0.00046874998952262104,-0.39990234375,5.859374869032763e-05,-0.03195800632238388,0.020546874031424522,-3.0,0.0,-0.3199687499989523,0.0,-0.04200390428304673,-0.0,0.04539624999987427,0.0002633150143083185,0.1,0.3106907308101654,3.141592653589793,-3.140516519546509,0.0,0.0,0.0,-0.0
13.134840488433838,-23.2979679107666,-0.00046874998952262104,-0.39990234375,5.859374869032763e-05,-0.03195800632238388,0.020546874031424522,-3.0,0.0,-0.3199687499989523,0.0,-0.04200390428304673,-0.0,0.04539624999987427,0.0002633150143083185,0.1,0.3106907308101654,3.141592653589793,-3.140516519546509,0.0,0.0,0.0,-0.0
13.139629602432251,-23.2979679107666,-0.00046874998952262104,-0.39990234375,5.859374869032763e-05,-0.03195800632238388,0.020546874031424522,-3.0,0.0,-0.3199687499989523,0.0,-0.04200390428304673,-0.0,0.04539624999987427,0.0002633150143083185,0.1,0.3106907308101654,3.141592653589793,-3.140516519546509,0.0,0.0,0.0,-0.0
13.144042253494263,-23.2979679107666,-0.00046874998952262104,-0.39990234375,5.859374869032763e-05,-0.03195800632238388,0.020546874031424522,-3.0,0.0,-0.3199687499989523,0.0,-0.04200390428304673,-0.0,0.04539624999987427,0.0002633150143083185,0.1,0.3106907308101654,3.141592653589793,-3.140516519546509,0.0,0.0,0.0,-0.0
13.148415088653564,-23.2979679107666,-0.00046874998952262104,-0.39990234375,5.859374869032763e-05,-0.03195800632238388,0.020546874031424522,-3.0,0.0,-0.3199687499989523,0.0,-0.04200390428304673,-0.0,0.04539624999987427,0.0002633150143083185,0.1,0.3106907308101654,3.141592653589793,-3.140516519546509,0.0,0.0,0.0,-0.0
13.152730941772461,-23.2979679107666,-0.00046874998952262104,-0.39990234375,5.859374869032763e-05,-0.03195800632238388,0.020546874031424522,-3.0,0.0,-0.3199687499989523,0.0,-0.04200390428304673,-0.0,0.04539624999987427,0.0002633150143083185,0.1,0.3106907308101654,3.141592653589793,-3.140516519546509,0.0,0.0,0.0,-0.0
13.157392024993896,-23.2979679107666,-0.00046874998952262104,-0.39990234375,5.859374869032763e-05,-0.03195800632238388,0.020546874031424522,-3.0,0.0,-0.3199687499989523,0.0,-0.04200390428304673,-0.0,0.04539624999987427,0.0002633150143083185,0.1,0.3106907308101654,3.141592653589793,-3.140516519546509,0.0,0.0,0.0,-0.0
13.162076950073242,-23.2979679107666,-0.00046874998952262104,-0.39990234375,5.859374869032763e-05,-0.03195800632238388,0.020546874031424522,-3.0,0.0,-0.3199687499989523,0.0,-0.04200390428304673,-0.0,0.04539624999987427,0.0002633150143083185,0.1,0.3106907308101654,3.141592653589793,-3.140516519546509,0.0,0.0,0.0,-0.0
13.166952133178711,-23.2979679107666,-0.00046874998952262104,-0.39990234375,5.859374869032763e-05,-0.03195800632238388,0.020546874031424522,-3.0,0.0,-0.3199687499989523,0.0,-0.04200390428304673,-0.0,0.04539624999987427,0.0002633150143083185,0.1,0.3106907308101654,3.141592653589793,-3.140516519546509,0.0,0.0,0.0,-0.0
13.172001838684082,-23.2979679107666,-0.00046874998952262104,-0.39990234375,5.859374869032763e-05,-0.03195800632238388,0.020546874031424522,-3.0,0.0,-0.3199687499989523,0.0,-0.04200390428304673,-0.0,0.04539624999987427,0.0002633150143083185,0.1,0.3106907308101654,3.141592653589793,-3.140516519546509,0.0,0.0,0.0,-0.0
13.176860332489014,-23.2979679107666,-0.00046874998952262104,-0.39990234375,5.859374869032763e-05,-0.03195800632238388,0.020546874031424522,-3.0,0.0,-0.3199687499989523,0.0,-0.04200390428304673,-0.0,0.04539624999987427,0.0002633150143083185,0.1,0.3106907308101654,3.141592653589793,-3.140516519546509,0.0,0.0,0.0,-0.0
13.181862831115723,-23.2979679107666,-0.00046874998952262104,-0.39990234375,5.859374869032763e-05,-0.03195800632238388,0.020546874031424522,-3.0,0.0,-0.3199687499989523,0.0,-0.04200390428304673,-0.0,0.04539624999987427,0.0002633150143083185,0.1,0.3106907308101654,3.141592653589793,-3.140516519546509,0.0,0.0,0.0,-0.0
13.186480283737183,-23.2979679107666,-0.00046874998952262104,-0.39990234375,5.859374869032763e-05,-0.03195800632238388,0.020546874031424522,-3.0,0.0,-0.3199687499989523,0.0,-0.04200390428304673,-0.0,0.04539624999987427,0.0002633150143083185,0.1,0.3106907308101654,3.141592653589793,-3.140516519546509,0.0,0.0,0.0,-0.0
13.191073894500732,-23.2979679107666,-0.00046874998952262104,-0.39990234375,5.859374869032763e-05,-0.03195800632238388,0.020546874031424522,-3.0,0.0,-0.3199687499989523,0.0,-0.04200390428304673,-0.0,0.04539624999987427,0.0002633150143083185,0.1,0.3106907308101654,3.141592653589793,-3.140516519546509,0.0,0.0,0.0,-0.0
13.195857286453247,-23.2979679107666,-0.00046874998952262104,-0.39990234375,5.859374869032763e-05,-0.03195800632238388,0.020546874031424522,-3.0,0.0,-0.3199687499989523,0.0,-0.04200390428304673,-0.0,0.04539624999987427,0.0002633150143083185,0.1,0.3106907308101654,3.141592653589793,-3.140516519546509,0.0,0.0,0.0,-0.0
13.200696229934692,-23.2979679107666,-0.00046874998952262104,-0.39990234375,5.859374869032763e-05,-0.03195800632238388,0.020546874031424522,-3.0,0.0,-0.3199687499989523,0.0,-0.04200390428304673,-0.0,0.04539624999987427,0.0002633150143083185,0.1,0.3106907308101654,3.141592653589793,-3.140516519546509,0.0,0.0,0.0,-0.0
13.205453634262085,-23.2979679107666,-0.00046874998952262104,-0.39990234375,5.859374869032763e-05,-0.03195800632238388,0.020546874031424522,-3.0,0.0,-0.3199687499989523,0.0,-0.04200390428304673,-0.0,0.04539624999987427,0.0002633150143083185,0.1,0.3106907308101654,3.141592653589793,-3.140516519546509,0.0,0.0,0.0,-0.0
13.210315942764282,-23.2979679107666,-0.00046874998952262104,-0.39990234375,5.859374869032763e-05,-0.03195800632238388,0.020546874031424522,-3.0,0.0,-0.3199687499989523,0.0,-0.04200390428304673,-0.0,0.04539624999987427,0.0002633150143083185,0.1,0.3106907308101654,3.141592653589793,-3.140516519546509,0.0,0.0,0.0,-0.0
13.214735269546509,-23.2979679107666,-0.00046874998952262104,-0.39990234375,5.859374869032763e-05,-0.03195800632238388,0.020546874031424522,-3.0,0.0,-0.3199687499989523,0.0,-0.04200390428304673,-0.0,0.04539624999987427,0.0002633150143083185,0.1,0.3106907308101654,3.141592653589793,-3.140516519546509,0.0,0.0,0.0,-0.0
13.219495058059692,-23.2979679107666,-0.00046874998952262104,-0.39990234375,5.859374869032763e-05,-0.03195800632238388,0.020546874031424522,-3.0,0.0,-0.3199687499989523,0.0,-0.04200390428304673,-0.0,0.04539624999987427,0.0002633150143083185,0.1,0.3106907308101654,3.141592653589793,-3.140516519546509,0.0,0.0,0.0,-0.0
13.224368572235107,-23.2979679107666,-0.00046874998952262104,-0.39990234375,5.859374869032763e-05,-0.03195800632238388,0.020546874031424522,-3.0,0.0,-0.3199687499989523,0.0,-0.04200390428304673,-0.0,0.04539624999987427,0.0002633150143083185,0.1,0.3106907308101654,3.141592653589793,-3.140516519546509,0.0,0.0,0.0,-0.0
13.22895884513855,-23.2979679107666,-0.00046874998952262104,-0.39990234375,5.859374869032763e-05,-0.03195800632238388,0.020546874031424522,-3.0,0.0,-0.3199687499989523,0.0,-0.04200390428304673,-0.0,0.04539624999987427,0.0002633150143083185,0.1,0.3106907308101654,3.141592653589793,-3.140516519546509,0.0,0.0,0.0,-0.0
13.23355484008789,-23.2979679107666,-0.00046874998952262104,-0.39990234375,5.859374869032763e-05,-0.03195800632238388,0.020546874031424522,-3.0,0.0,-0.3199687499989523,0.0,-0.04200390428304673,-0.0,0.04539624999987427,0.0002633150143083185,0.1,0.3106907308101654,3.141592653589793,-3.140516519546509,0.0,0.0,0.0,-0.0
13.23833179473877,-23.2979679107666,-0.00046874998952262104,-0.39990234375,5.859374869032763e-05,-0.03195800632238388,0.020546874031424522,-3.0,0.0,-0.3199687499989523,0.0,-0.04200390428304673,-0.0,0.04539624999987427,0.0002633150143083185,0.1,0.3106907308101654,3.141592653589793,-3.140516519546509,0.0,0.0,0.0,-0.0
13.242803812026978,-23.2979679107666,-0.00046874998952262104,-0.39990234375,5.859374869032763e-05,-0.03195800632238388,0.020546874031424522,-3.0,0.0,-0.3199687499989523,0.0,-0.04200390428304673,-0.0,0.04539624999987427,0.0002633150143083185,0.1,0.3106907308101654,3.141592653589793,-3.140516519546509,0.0,0.0,0.0,-0.0
13.247276067733765,-23.2979679107666,-0.00046874998952262104,-0.39990234375,5.859374869032763e-05,-0.03195800632238388,0.020546874031424522,-3.0,0.0,-0.3199687499989523,0.0,-0.04200390428304673,-0.0,0.04539624999987427,0.0002633150143083185,0.1,0.3106907308101654,3.141592653589793,-3.140516519546509,0.0,0.0,0.0,-0.0
13.251895427703857,-23.2979679107666,-0.00046874998952262104,-0.39990234375,5.859374869032763e-05,-0.03195800632238388,0.020546874031424522,-3.0,0.0,-0.3199687499989523,0.0,-0.04200390428304673,-0.0,0.04539624999987427,0.0002633150143083185,0.1,0.3106907308101654,3.141592653589793,-3.140516519546509,0.0,0.0,0.0,-0.0
13.256445169448853,-23.2979679107666,-0.00046874998952262104,-0.39990234375,5.859374869032763e-05,-0.03195800632238388,0.020546874031424522,-3.0,0.0,-0.3199687499989523,0.0,-0.04200390428304673,-0.0,0.04539624999987427,0.0002633150143083185,0.1,0.3106907308101654,3.141592653589793,-3.140516519546509,0.0,0.0,0.0,-0.0
13.261836528778076,-23.2979679107666,-0.00046874998952262104,-0.39990234375,5.859374869032763e-05,-0.03195800632238388,0.020546874031424522,-3.0,0.0,-0.3199687499989523,0.0,-0.04200390428304673,-0.0,0.04539624999987427,0.0002633150143083185,0.1,0.3106907308101654,3.141592653589793,-3.140516519546509,0.0,0.0,0.0,-0.0
13.266495704650879,-23.2979679107666,-0.00046874998952262104,-0.39990234375,5.859374869032763e-05,-0.03195800632238388,0.020546874031424522,-3.0,0.0,-0.3199687499989523,0.0,-0.04200390428304673,-0.0,0.04539624999987427,0.0002633150143083185,0.1,0.3106907308101654,3.141592653589793,-3.140516519546509,0.0,0.0,0.0,-0.0
13.271296977996826,-23.2979679107666,-0.00046874998952262104,-0.39990234375,5.859374869032763e-05,-0.03195800632238388,0.020546874031424522,-3.0,0.0,-0.3199687499989523,0.0,-0.04200390428304673,-0.0,0.04539624999987427,0.0002633150143083185,0.1,0.3106907308101654,3.141592653589793,-3.140516519546509,0.0,0.0,0.0,-0.0
13.275698900222778,-23.2979679107666,-0.00046874998952262104,-0.39990234375,5.859374869032763e-05,-0.03195800632238388,0.020546874031424522,-3.0,0.0,-0.3199687499989523,0.0,-0.04200390428304673,-0.0,0.04539624999987427,0.0002633150143083185,0.1,0.3106907308101654,3.141592653589793,-3.140516519546509,0.0,0.0,0.0,-0.0
13.280425786972046,-23.2979679107666,-0.00046874998952262104,-0.39990234375,5.859374869032763e-05,-0.03195800632238388,0.020546874031424522,-3.0,0.0,-0.3199687499989523,0.0,-0.04200390428304673,-0.0,0.04539624999987427,0.0002633150143083185,0.1,0.3106907308101654,3.141592653589793,-3.140516519546509,0.0,0.0,0.0,-0.0
13.285243034362793,-23.2979679107666,-0.00046874998952262104,-0.39990234375,5.859374869032763e-05,-0.03195800632238388,0.020546874031424522,-3.0,0.0,-0.3199687499989523,0.0,-0.04200390428304673,-0.0,0.04539624999987427,0.0002633150143083185,0.1,0.3106907308101654,3.141592653589793,-3.140516519546509,0.0,0.0,0.0,-0.0
13.289983034133911,-23.2979679107666,-0.00046874998952262104,-0.39990234375,5.859374869032763e-05,-0.03195800632238388,0.020546874031424522,-3.0,0.0,-0.3199687499989523,0.0,-0.04200390428304673,-0.0,0.04539624999987427,0.0002633150143083185,0.1,0.3106907308101654,3.141592653589793,-3.140516519546509,0.0,0.0,0.0,-0.0
13.294748067855835,-23.2979679107666,-0.00046874998952262104,-0.39990234375,5.859374869032763e-05,-0.03195800632238388,0.020546874031424522,-3.0,0.0,-0.3199687499989523,0.0,-0.04200390428304673,-0.0,0.04539624999987427,0.0002633150143083185,0.1,0.3106907308101654,3.141592653589793,-3.140516519546509,0.0,0.0,0.0,-0.0
13.29911494255066,-23.2979679107666,-0.00046874998952262104,-0.39990234375,5.859374869032763e-05,-0.03195800632238388,0.020546874031424522,-3.0,0.0,-0.3199687499989523,0.0,-0.04200390428304673,-0.0,0.04539624999987427,0.0002633150143083185,0.1,0.3106907308101654,3.141592653589793,-3.140516519546509,0.0,0.0,0.0,-0.0
13.304212808609009,-23.2979679107666,-0.00046874998952262104,-0.39990234375,5.859374869032763e-05,-0.03195800632238388,0.020546874031424522,-3.0,0.0,-0.3199687499989523,0.0,-0.04200390428304673,-0.0,0.04539624999987427,0.0002633150143083185,0.1,0.3106907308101654,3.141592653589793,-3.140516519546509,0.0,0.0,0.0,-0.0
13.308775901794434,-23.2979679107666,-0.00046874998952262104,-0.39990234375,5.859374869032763e-05,-0.03195800632238388,0.020546874031424522,-3.0,0.0,-0.3199687499989523,0.0,-0.04200390428304673,-0.0,0.04539624999987427,0.0002633150143083185,0.1,0.3106907308101654,3.141592653589793,-3.140516519546509,0.0,0.0,0.0,-0.0
13.313449382781982,-23.2979679107666,-0.00046874998952262104,-0.39990234375,5.859374869032763e-05,-0.03195800632238388,0.020546874031424522,-3.0,0.0,-0.3199687499989523,0.0,-0.04200390428304673,-0.0,0.04539624999987427,0.0002633150143083185,0.1,0.3106907308101654,3.141592653589793,-3.140516519546509,0.0,0.0,0.0,-0.0
13.318162441253662,-23.2979679107666,-0.00046874998952262104,-0.39990234375,5.859374869032763e-05,-0.03195800632238388,0.020546874031424522,-3.0,0.0,-0.3199687499989523,0.0,-0.04200390428304673,-0.0,0.04539624999987427,0.0002633150143083185,0.1,0.3106907308101654,3.141592653589793,-3.140516519546509,0.0,0.0,0.0,-0.0
13.323205471038818,-23.2979679107666,-0.00046874998952262104,-0.39990234375,5.859374869032763e-05,-0.03195800632238388,0.020546874031424522,-3.0,0.0,-0.3199687499989523,0.0,-0.04200390428304673,-0.0,0.04539624999987427,0.0002633150143083185,0.1,0.3106907308101654,3.141592653589793,-3.140516519546509,0.0,0.0,0.0,-0.0
13.328192472457886,-23.2979679107666,-0.00046874998952262104,-0.39990234375,5.859374869032763e-05,-0.03195800632238388,0.020546874031424522,-3.0,0.0,-0.3199687499989523,0.0,-0.04200390428304673,-0.0,0.04539624999987427,0.0002633150143083185,0.1,0.3106907308101654,3.141592653589793,-3.140516519546509,0.0,0.0,0.0,-0.0
13.332993984222412,-23.2979679107666,-0.00046874998952262104,-0.39990234375,5.859374869032763e-05,-0.03195800632238388,0.020546874031424522,-3.0,0.0,-0.3199687499989523,0.0,-0.04200390428304673,-0.0,0.04539624999987427,0.0002633150143083185,0.1,0.3106907308101654,3.141592653589793,-3.140516519546509,0.0,0.0,0.0,-0.0
13.337367296218872,-23.2979679107666,-0.00046874998952262104,-0.39990234375,5.859374869032763e-05,-0.03195800632238388,0.020546874031424522,-3.0,0.0,-0.3199687499989523,0.0,-0.04200390428304673,-0.0,0.04539624999987427,0.0002633150143083185,0.1,0.3106907308101654,3.141592653589793,-3.140516519546509,0.0,0.0,0.0,-0.0
13.342212200164795,-23.2979679107666,-0.00046874998952262104,-0.39990234375,5.859374869032763e-05,-0.03195800632238388,0.020546874031424522,-3.0,0.0,-0.3199687499989523,0.0,-0.04200390428304673,-0.0,0.04539624999987427,0.0002633150143083185,0.1,0.3106907308101654,3.141592653589793,-3.140516519546509,0.0,0.0,0.0,-0.0
13.347106456756592,-23.2979679107666,-0.00046874998952262104,-0.39990234375,5.859374869032763e-05,-0.03195800632238388,0.020546874031424522,-3.0,0.0,-0.3199687499989523,0.0,-0.04200390428304673,-0.0,0.04539624999987427,0.0002633150143083185,0.1,0.3106907308101654,3.141592653589793,-3.140516519546509,0.0,0.0,0.0,-0.0
13.351839303970337,-23.2979679107666,-0.00046874998952262104,-0.39990234375,5.859374869032763e-05,-0.03195800632238388,0.020546874031424522,-3.0,0.0,-0.3199687499989523,0.0,-0.04200390428304673,-0.0,0.04539624999987427,0.0002633150143083185,0.1,0.3106907308101654,3.141592653589793,-3.140516519546509,0.0,0.0,0.0,-0.0
13.356688022613525,-23.2979679107666,-0.00046874998952262104,-0.39990234375,5.859374869032763e-05,-0.03195800632238388,0.020546874031424522,-3.0,0.0,-0.3199687499989523,0.0,-0.04200390428304673,-0.0,0.04539624999987427,0.0002633150143083185,0.1,0.3106907308101654,3.141592653589793,-3.140516519546509,0.0,0.0,0.0,-0.0
13.361394882202148,-23.2979679107666,-0.00046874998952262104,-0.39990234375,5.859374869032763e-05,-0.03195800632238388,0.020546874031424522,-3.0,0.0,-0.3199687499989523,0.0,-0.04200390428304673,-0.0,0.04539624999987427,0.0002633150143083185,0.1,0.3106907308101654,3.141592653589793,-3.140516519546509,0.0,0.0,0.0,-0.0
13.366133689880371,-23.2979679107666,-0.00046874998952262104,-0.39990234375,5.859374869032763e-05,-0.03195800632238388,0.020546874031424522,-3.0,0.0,-0.3199687499989523,0.0,-0.04200390428304673,-0.0,0.04539624999987427,0.0002633150143083185,0.1,0.3106907308101654,3.141592653589793,-3.140516519546509,0.0,0.0,0.0,-0.0
13.370685815811157,-23.2979679107666,-0.00046874998952262104,-0.39990234375,5.859374869032763e-05,-0.03195800632238388,0.020546874031424522,-3.0,0.0,-0.3199687499989523,0.0,-0.04200390428304673,-0.0,0.04539624999987427,0.0002633150143083185,0.1,0.3106907308101654,3.141592653589793,-3.140516519546509,0.0,0.0,0.0,-0.0
13.3753662109375,-23.2979679107666,-0.00046874998952262104,-0.39990234375,5.859374869032763e-05,-0.03195800632238388,0.020546874031424522,-3.0,0.0,-0.3199687499989523,0.0,-0.04200390428304673,-0.0,0.04539624999987427,0.0002633150143083185,0.1,0.3106907308101654,3.141592653589793,-3.140516519546509,0.0,0.0,0.0,-0.0
13.38028597831726,-23.2979679107666,-0.00046874998952262104,-0.39990234375,5.859374869032763e-05,-0.03195800632238388,0.020546874031424522,-3.0,0.0,-0.3199687499989523,0.0,-0.04200390428304673,-0.0,0.04539624999987427,0.0002633150143083185,0.1,0.3106907308101654,3.141592653589793,-3.140516519546509,0.0,0.0,0.0,-0.0
13.385292053222656,-23.2979679107666,-0.00046874998952262104,-0.39990234375,5.859374869032763e-05,-0.03195800632238388,0.020546874031424522,-3.0,0.0,-0.3199687499989523,0.0,-0.04200390428304673,-0.0,0.04539624999987427,0.0002633150143083185,0.1,0.3106907308101654,3.141592653589793,-3.140516519546509,0.0,0.0,0.0,-0.0
13.390006303787231,-23.2979679107666,-0.00046874998952262104,-0.39990234375,5.859374869032763e-05,-0.03195800632238388,0.020546874031424522,-3.0,0.0,-0.3199687499989523,0.0,-0.04200390428304673,-0.0,0.04539624999987427,0.0002633150143083185,0.1,0.3106907308101654,3.141592653589793,-3.140516519546509,0.0,0.0,0.0,-0.0
13.39454174041748,-23.2979679107666,-0.00046874998952262104,-0.39990234375,5.859374869032763e-05,-0.03195800632238388,0.020546874031424522,-3.0,0.0,-0.3199687499989523,0.0,-0.04200390428304673,-0.0,0.04539624999987427,0.0002633150143083185,0.1,0.3106907308101654,3.141592653589793,-3.140516519546509,0.0,0.0,0.0,-0.0
13.399078845977783,-23.2979679107666,-0.00046874998952262104,-0.39990234375,5.859374869032763e-05,-0.03195800632238388,0.020546874031424522,-3.0,0.0,-0.3199687499989523,0.0,-0.04200390428304673,-0.0,0.04539624999987427,0.0002633150143083185,0.1,0.3106907308101654,3.141592653589793,-3.140516519546509,0.0,0.0,0.0,-0.0
13.4036123752594,-23.2979679107666,-0.00046874998952262104,-0.39990234375,5.859374869032763e-05,-0.03195800632238388,0.020546874031424522,-3.0,0.0,-0.3199687499989523,0.0,-0.04200390428304673,-0.0,0.04539624999987427,0.0002633150143083185,0.1,0.3106907308101654,3.141592653589793,-3.140516519546509,0.0,0.0,0.0,-0.0
13.40839147567749,-23.2979679107666,-0.00046874998952262104,-0.39990234375,5.859374869032763e-05,-0.03195800632238388,0.020546874031424522,-3.0,0.0,-0.3199687499989523,0.0,-0.04200390428304673,-0.0,0.04539624999987427,0.0002633150143083185,0.1,0.3106907308101654,3.141592653589793,-3.140516519546509,0.0,0.0,0.0,-0.0
13.413218021392822,-23.2979679107666,-0.00046874998952262104,-0.39990234375,5.859374869032763e-05,-0.03195800632238388,0.020546874031424522,-3.0,0.0,-0.3199687499989523,0.0,-0.04200390428304673,-0.0,0.04539624999987427,0.0002633150143083185,0.1,0.3106907308101654,3.141592653589793,-3.140516519546509,0.0,0.0,0.0,-0.0
13.417574405670166,-23.2979679107666,-0.00046874998952262104,-0.39990234375,5.859374869032763e-05,-0.03195800632238388,0.020546874031424522,-3.0,0.0,-0.3199687499989523,0.0,-0.04200390428304673,-0.0,0.04539624999987427,0.0002633150143083185,0.1,0.3106907308101654,3.141592653589793,-3.140516519546509,0.0,0.0,0.0,-0.0
13.421947717666626,-23.2979679107666,-0.00046874998952262104,-0.39990234375,5.859374869032763e-05,-0.03195800632238388,0.020546874031424522,-3.0,0.0,-0.3199687499989523,0.0,-0.04200390428304673,-0.0,0.04539624999987427,0.0002633150143083185,0.1,0.3106907308101654,3.141592653589793,-3.140516519546509,0.0,0.0,0.0,-0.0
13.426795721054077,-23.2979679107666,-0.00046874998952262104,-0.39990234375,5.859374869032763e-05,-0.03195800632238388,0.020546874031424522,-3.0,0.0,-0.3199687499989523,0.0,-0.04200390428304673,-0.0,0.04539624999987427,0.0002633150143083185,0.1,0.3106907308101654,3.141592653589793,-3.140516519546509,0.0,0.0,0.0,-0.0
13.431488513946533,-23.2979679107666,-0.00046874998952262104,-0.39990234375,5.859374869032763e-05,-0.03195800632238388,0.020546874031424522,-3.0,0.0,-0.3199687499989523,0.0,-0.04200390428304673,-0.0,0.04539624999987427,0.0002633150143083185,0.1,0.3106907308101654,3.141592653589793,-3.140516519546509,0.0,0.0,0.0,-0.0
13.436354160308838,-23.2979679107666,-0.00046874998952262104,-0.39990234375,5.859374869032763e-05,-0.03195800632238388,0.020546874031424522,-3.0,0.0,-0.3199687499989523,0.0,-0.04200390428304673,-0.0,0.04539624999987427,0.0002633150143083185,0.1,0.3106907308101654,3.141592653589793,-3.140516519546509,0.0,0.0,0.0,-0.0
13.44105577468872,-23.2979679107666,-0.00046874998952262104,-0.39990234375,5.859374869032763e-05,-0.03195800632238388,0.020546874031424522,-3.0,0.0,-0.3199687499989523,0.0,-0.04200390428304673,-0.0,0.04539624999987427,0.0002633150143083185,0.1,0.3106907308101654,3.141592653589793,-3.140516519546509,0.0,0.0,0.0,-0.0
13.44571828842163,-23.2979679107666,-0.00046874998952262104,-0.39990234375,5.859374869032763e-05,-0.03195800632238388,0.020546874031424522,-3.0,0.0,-0.3199687499989523,0.0,-0.04200390428304673,-0.0,0.04539624999987427,0.0002633150143083185,0.1,0.3106907308101654,3.141592653589793,-3.140516519546509,0.0,0.0,0.0,-0.0
13.450437068939209,-23.2979679107666,-0.00046874998952262104,-0.39990234375,5.859374869032763e-05,-0.03195800632238388,0.020546874031424522,-3.0,0.0,-0.3199687499989523,0.0,-0.04200390428304673,-0.0,0.04539624999987427,0.0002633150143083185,0.1,0.3106907308101654,3.141592653589793,-3.140516519546509,0.0,0.0,0.0,-0.0
13.45477843284607,-23.2979679107666,-0.00046874998952262104,-0.39990234375,5.859374869032763e-05,-0.03195800632238388,0.020546874031424522,-3.0,0.0,-0.3199687499989523,0.0,-0.04200390428304673,-0.0,0.04539624999987427,0.0002633150143083185,0.1,0.3106907308101654,3.141592653589793,-3.140516519546509,0.0,0.0,0.0,-0.0
13.459331274032593,-23.2979679107666,-0.00046874998952262104,-0.39990234375,5.859374869032763e-05,-0.03195800632238388,0.020546874031424522,-3.0,0.0,-0.3199687499989523,0.0,-0.04200390428304673,-0.0,0.04539624999987427,0.0002633150143083185,0.1,0.3106907308101654,3.141592653589793,-3.140516519546509,0.0,0.0,0.0,-0.0
13.46415090560913,-23.2979679107666,-0.00046874998952262104,-0.39990234375,5.859374869032763e-05,-0.03195800632238388,0.020546874031424522,-3.0,0.0,-0.3199687499989523,0.0,-0.04200390428304673,-0.0,0.04539624999987427,0.0002633150143083185,0.1,0.3106907308101654,3.141592653589793,-3.140516519546509,0.0,0.0,0.0,-0.0
13.468652725219727,-23.2979679107666,-0.00046874998952262104,-0.39990234375,5.859374869032763e-05,-0.03195800632238388,0.020546874031424522,-3.0,0.0,-0.3199687499989523,0.0,-0.04200390428304673,-0.0,0.04539624999987427,0.0002633150143083185,0.1,0.3106907308101654,3.141592653589793,-3.140516519546509,0.0,0.0,0.0,-0.0
13.473258972167969,-23.2979679107666,-0.00046874998952262104,-0.39990234375,5.859374869032763e-05,-0.03195800632238388,0.020546874031424522,-3.0,0.0,-0.3199687499989523,0.0,-0.04200390428304673,-0.0,0.04539624999987427,0.0002633150143083185,0.1,0.3106907308101654,3.141592653589793,-3.140516519546509,0.0,0.0,0.0,-0.0
13.478061437606812,-23.2979679107666,-0.00046874998952262104,-0.39990234375,5.859374869032763e-05,-0.03195800632238388,0.020546874031424522,-3.0,0.0,-0.3199687499989523,0.0,-0.04200390428304673,-0.0,0.04539624999987427,0.0002633150143083185,0.1,0.3106907308101654,3.141592653589793,-3.140516519546509,0.0,0.0,0.0,-0.0
13.482930660247803,-23.2979679107666,-0.00046874998952262104,-0.39990234375,5.859374869032763e-05,-0.03195800632238388,0.020546874031424522,-3.0,0.0,-0.3199687499989523,0.0,-0.04200390428304673,-0.0,0.04539624999987427,0.0002633150143083185,0.1,0.3106907308101654,3.141592653589793,-3.140516519546509,0.0,0.0,0.0,-0.0
13.487497091293335,-23.2979679107666,-0.00046874998952262104,-0.39990234375,5.859374869032763e-05,-0.03195800632238388,0.020546874031424522,-3.0,0.0,-0.3199687499989523,0.0,-0.04200390428304673,-0.0,0.04539624999987427,0.0002633150143083185,0.1,0.3106907308101654,3.141592653589793,-3.140516519546509,0.0,0.0,0.0,-0.0
13.492009401321411,-23.2979679107666,-0.00046874998952262104,-0.39990234375,5.859374869032763e-05,-0.03195800632238388,0.020546874031424522,-3.0,0.0,-0.3199687499989523,0.0,-0.04200390428304673,-0.0,0.04539624999987427,0.0002633150143083185,0.1,0.3106907308101654,3.141592653589793,-3.140516519546509,0.0,0.0,0.0,-0.0
13.496835231781006,-23.2979679107666,-0.00046874998952262104,-0.39990234375,5.859374869032763e-05,-0.03195800632238388,0.020546874031424522,-3.0,0.0,-0.3199687499989523,0.0,-0.04200390428304673,-0.0,0.04539624999987427,0.0002633150143083185,0.1,0.3106907308101654,3.141592653589793,-3.140516519546509,0.0,0.0,0.0,-0.0
13.50188422203064,-23.2979679107666,-0.00046874998952262104,-0.39990234375,5.859374869032763e-05,-0.03195800632238388,0.020546874031424522,-3.0,0.0,-0.3199687499989523,0.0,-0.04200390428304673,-0.0,0.04539624999987427,0.0002633150143083185,0.1,0.3106907308101654,3.141592653589793,-3.140516519546509,0.0,0.0,0.0,-0.0
13.506472110748291,-23.2979679107666,-0.00046874998952262104,-0.39990234375,5.859374869032763e-05,-0.03195800632238388,0.020546874031424522,-3.0,0.0,-0.3199687499989523,0.0,-0.04200390428304673,-0.0,0.04539624999987427,0.0002633150143083185,0.1,0.3106907308101654,3.141592653589793,-3.140516519546509,0.0,0.0,0.0,-0.0
13.510926246643066,-23.2979679107666,-0.00046874998952262104,-0.39990234375,5.859374869032763e-05,-0.03195800632238388,0.020546874031424522,-3.0,0.0,-0.3199687499989523,0.0,-0.04200390428304673,-0.0,0.04539624999987427,0.0002633150143083185,0.1,0.3106907308101654,3.141592653589793,-3.140516519546509,0.0,0.0,0.0,-0.0
13.515528678894043,-23.2979679107666,-0.00046874998952262104,-0.39990234375,5.859374869032763e-05,-0.03195800632238388,0.020546874031424522,-3.0,0.0,-0.3199687499989523,0.0,-0.04200390428304673,-0.0,0.04539624999987427,0.0002633150143083185,0.1,0.3106907308101654,3.141592653589793,-3.140516519546509,0.0,0.0,0.0,-0.0
13.520234107971191,-23.2979679107666,-0.00046874998952262104,-0.39990234375,5.859374869032763e-05,-0.03195800632238388,0.020546874031424522,-3.0,0.0,-0.3199687499989523,0.0,-0.04200390428304673,-0.0,0.04539624999987427,0.0002633150143083185,0.1,0.3106907308101654,3.141592653589793,-3.140516519546509,0.0,0.0,0.0,-0.0
13.525042295455933,-23.2979679107666,-0.00046874998952262104,-0.39990234375,5.859374869032763e-05,-0.03195800632238388,0.020546874031424522,-3.0,0.0,-0.3199687499989523,0.0,-0.04200390428304673,-0.0,0.04539624999987427,0.0002633150143083185,0.1,0.3106907308101654,3.141592653589793,-3.140516519546509,0.0,0.0,0.0,-0.0
13.529795169830322,-23.2979679107666,-0.00046874998952262104,-0.39990234375,5.859374869032763e-05,-0.03195800632238388,0.020546874031424522,-3.0,0.0,-0.3199687499989523,0.0,-0.04200390428304673,-0.0,0.04539624999987427,0.0002633150143083185,0.1,0.3106907308101654,3.141592653589793,-3.140516519546509,0.0,0.0,0.0,-0.0
13.534490585327148,-23.2979679107666,-0.00046874998952262104,-0.39990234375,5.859374869032763e-05,-0.03195800632238388,0.020546874031424522,-3.0,0.0,-0.3199687499989523,0.0,-0.04200390428304673,-0.0,0.04539624999987427,0.0002633150143083185,0.1,0.3106907308101654,3.141592653589793,-3.140516519546509,0.0,0.0,0.0,-0.0
13.538851976394653,-23.2979679107666,-0.00046874998952262104,-0.39990234375,5.859374869032763e-05,-0.03195800632238388,0.020546874031424522,-3.0,0.0,-0.3199687499989523,0.0,-0.04200390428304673,-0.0,0.04539624999987427,0.0002633150143083185,0.1,0.3106907308101654,3.141592653589793,-3.140516519546509,0.0,0.0,0.0,-0.0
13.543331861495972,-23.2979679107666,-0.00046874998952262104,-0.39990234375,5.859374869032763e-05,-0.03195800632238388,0.020546874031424522,-3.0,0.0,-0.3199687499989523,0.0,-0.04200390428304673,-0.0,0.04539624999987427,0.0002633150143083185,0.1,0.3106907308101654,3.141592653589793,-3.140516519546509,0.0,0.0,0.0,-0.0
13.548033237457275,-23.2979679107666,-0.00046874998952262104,-0.39990234375,5.859374869032763e-05,-0.03195800632238388,0.020546874031424522,-3.0,0.0,-0.3199687499989523,0.0,-0.04200390428304673,-0.0,0.04539624999987427,0.0002633150143083185,0.1,0.3106907308101654,3.141592653589793,-3.140516519546509,0.0,0.0,0.0,-0.0
13.552584648132324,-23.2979679107666,-0.00046874998952262104,-0.39990234375,5.859374869032763e-05,-0.03195800632238388,0.020546874031424522,-3.0,0.0,-0.3199687499989523,0.0,-0.04200390428304673,-0.0,0.04539624999987427,0.0002633150143083185,0.1,0.3106907308101654,3.141592653589793,-3.140516519546509,0.0,0.0,0.0,-0.0
13.55712080001831,-23.2979679107666,-0.00046874998952262104,-0.39990234375,5.859374869032763e-05,-0.03195800632238388,0.020546874031424522,-3.0,0.0,-0.3199687499989523,0.0,-0.04200390428304673,-0.0,0.04539624999987427,0.0002633150143083185,0.1,0.3106907308101654,3.141592653589793,-3.140516519546509,0.0,0.0,0.0,-0.0
13.56160855293274,-23.2979679107666,-0.00046874998952262104,-0.39990234375,5.859374869032763e-05,-0.03195800632238388,0.020546874031424522,-3.0,0.0,-0.3199687499989523,0.0,-0.04200390428304673,-0.0,0.04539624999987427,0.0002633150143083185,0.1,0.3106907308101654,3.141592653589793,-3.140516519546509,0.0,0.0,0.0,-0.0
13.566200256347656,-23.2979679107666,-0.00046874998952262104,-0.39990234375,5.859374869032763e-05,-0.03195800632238388,0.020546874031424522,-3.0,0.0,-0.3199687499989523,0.0,-0.04200390428304673,-0.0,0.04539624999987427,0.0002633150143083185,0.1,0.3106907308101654,3.141592653589793,-3.140516519546509,0.0,0.0,0.0,-0.0
13.57072114944458,-23.2979679107666,-0.00046874998952262104,-0.39990234375,5.859374869032763e-05,-0.03195800632238388,0.020546874031424522,-3.0,0.0,-0.3199687499989523,0.0,-0.04200390428304673,-0.0,0.04539624999987427,0.0002633150143083185,0.1,0.3106907308101654,3.141592653589793,-3.140516519546509,0.0,0.0,0.0,-0.0
13.575320720672607,-23.2979679107666,-0.00046874998952262104,-0.39990234375,5.859374869032763e-05,-0.03195800632238388,0.020546874031424522,-3.0,0.0,-0.3199687499989523,0.0,-0.04200390428304673,-0.0,0.04539624999987427,0.0002633150143083185,0.1,0.3106907308101654,3.141592653589793,-3.140516519546509,0.0,0.0,0.0,-0.0
13.580047607421875,-23.2979679107666,-0.00046874998952262104,-0.39990234375,5.859374869032763e-05,-0.03195800632238388,0.020546874031424522,-3.0,0.0,-0.3199687499989523,0.0,-0.04200390428304673,-0.0,0.04539624999987427,0.0002633150143083185,0.1,0.3106907308101654,3.141592653589793,-3.140516519546509,0.0,0.0,0.0,-0.0
13.584359169006348,-23.2979679107666,-0.00046874998952262104,-0.39990234375,5.859374869032763e-05,-0.03195800632238388,0.020546874031424522,-3.0,0.0,-0.3199687499989523,0.0,-0.04200390428304673,-0.0,0.04539624999987427,0.0002633150143083185,0.1,0.3106907308101654,3.141592653589793,-3.140516519546509,0.0,0.0,0.0,-0.0
13.589330911636353,-23.2979679107666,-0.00046874998952262104,-0.39990234375,5.859374869032763e-05,-0.03195800632238388,0.020546874031424522,-3.0,0.0,-0.3199687499989523,0.0,-0.04200390428304673,-0.0,0.04539624999987427,0.0002633150143083185,0.1,0.3106907308101654,3.141592653589793,-3.140516519546509,0.0,0.0,0.0,-0.0
13.594035863876343,-23.2979679107666,-0.00046874998952262104,-0.39990234375,5.859374869032763e-05,-0.03195800632238388,0.020546874031424522,-3.0,0.0,-0.3199687499989523,0.0,-0.04200390428304673,-0.0,0.04539624999987427,0.0002633150143083185,0.1,0.3106907308101654,3.141592653589793,-3.140516519546509,0.0,0.0,0.0,-0.0
13.598658561706543,-23.2979679107666,-0.00046874998952262104,-0.39990234375,5.859374869032763e-05,-0.03195800632238388,0.020546874031424522,-3.0,0.0,-0.3199687499989523,0.0,-0.04200390428304673,-0.0,0.04539624999987427,0.0002633150143083185,0.1,0.3106907308101654,3.141592653589793,-3.140516519546509,0.0,0.0,0.0,-0.0
13.603373289108276,-23.2979679107666,-0.00046874998952262104,-0.39990234375,5.859374869032763e-05,-0.03195800632238388,0.020546874031424522,-3.0,0.0,-0.3199687499989523,0.0,-0.04200390428304673,-0.0,0.04539624999987427,0.0002633150143083185,0.1,0.3106907308101654,3.141592653589793,-3.140516519546509,0.0,0.0,0.0,-0.0
13.608055830001831,-23.2979679107666,-0.00046874998952262104,-0.39990234375,5.859374869032763e-05,-0.03195800632238388,0.020546874031424522,-3.0,0.0,-0.3199687499989523,0.0,-0.04200390428304673,-0.0,0.04539624999987427,0.0002633150143083185,0.1,0.3106907308101654,3.141592653589793,-3.140516519546509,0.0,0.0,0.0,-0.0
13.612821102142334,-23.2979679107666,-0.00046874998952262104,-0.39990234375,5.859374869032763e-05,-0.03195800632238388,0.020546874031424522,-3.0,0.0,-0.3199687499989523,0.0,-0.04200390428304673,-0.0,0.04539624999987427,0.0002633150143083185,0.1,0.3106907308101654,3.141592653589793,-3.140516519546509,0.0,0.0,0.0,-0.0
13.617474555969238,-23.2979679107666,-0.00046874998952262104,-0.39990234375,5.859374869032763e-05,-0.03195800632238388,0.020546874031424522,-3.0,0.0,-0.3199687499989523,0.0,-0.04200390428304673,-0.0,0.04539624999987427,0.0002633150143083185,0.1,0.3106907308101654,3.141592653589793,-3.140516519546509,0.0,0.0,0.0,-0.0
13.622227191925049,-23.2979679107666,-0.00046874998952262104,-0.39990234375,5.859374869032763e-05,-0.03195800632238388,0.020546874031424522,-3.0,0.0,-0.3199687499989523,0.0,-0.04200390428304673,-0.0,0.04539624999987427,0.0002633150143083185,0.1,0.3106907308101654,3.141592653589793,-3.140516519546509,0.0,0.0,0.0,-0.0
13.626794815063477,-23.2979679107666,-0.00046874998952262104,-0.39990234375,5.859374869032763e-05,-0.03195800632238388,0.020546874031424522,-3.0,0.0,-0.3199687499989523,0.0,-0.04200390428304673,-0.0,0.04539624999987427,0.0002633150143083185,0.1,0.3106907308101654,3.141592653589793,-3.140516519546509,0.0,0.0,0.0,-0.0
13.63149356842041,-23.2979679107666,-0.00046874998952262104,-0.39990234375,5.859374869032763e-05,-0.03195800632238388,0.020546874031424522,-3.0,0.0,-0.3199687499989523,0.0,-0.04200390428304673,-0.0,0.04539624999987427,0.0002633150143083185,0.1,0.3106907308101654,3.141592653589793,-3.140516519546509,0.0,0.0,0.0,-0.0
13.636143207550049,-23.2979679107666,-0.00046874998952262104,-0.39990234375,5.859374869032763e-05,-0.03195800632238388,0.020546874031424522,-3.0,0.0,-0.3199687499989523,0.0,-0.04200390428304673,-0.0,0.04539624999987427,0.0002633150143083185,0.1,0.3106907308101654,3.141592653589793,-3.140516519546509,0.0,0.0,0.0,-0.0
13.640907049179077,-23.2979679107666,-0.00046874998952262104,-0.39990234375,5.859374869032763e-05,-0.03195800632238388,0.020546874031424522,-3.0,0.0,-0.3199687499989523,0.0,-0.04200390428304673,-0.0,0.04539624999987427,0.0002633150143083185,0.1,0.3106907308101654,3.141592653589793,-3.140516519546509,0.0,0.0,0.0,-0.0
13.645525217056274,-23.2979679107666,-0.00046874998952262104,-0.39990234375,5.859374869032763e-05,-0.03195800632238388,0.020546874031424522,-3.0,0.0,-0.3199687499989523,0.0,-0.04200390428304673,-0.0,0.04539624999987427,0.0002633150143083185,0.1,0.3106907308101654,3.141592653589793,-3.140516519546509,0.0,0.0,0.0,-0.0
13.650314807891846,-23.2979679107666,-0.00046874998952262104,-0.39990234375,5.859374869032763e-05,-0.03195800632238388,0.020546874031424522,-3.0,0.0,-0.3199687499989523,0.0,-0.04200390428304673,-0.0,0.04539624999987427,0.0002633150143083185,0.1,0.3106907308101654,3.141592653589793,-3.140516519546509,0.0,0.0,0.0,-0.0
13.654829978942871,-23.2979679107666,-0.00046874998952262104,-0.39990234375,5.859374869032763e-05,-0.03195800632238388,0.020546874031424522,-3.0,0.0,-0.3199687499989523,0.0,-0.04200390428304673,-0.0,0.04539624999987427,0.0002633150143083185,0.1,0.3106907308101654,3.141592653589793,-3.140516519546509,0.0,0.0,0.0,-0.0
13.659351110458374,-23.2979679107666,-0.00046874998952262104,-0.39990234375,5.859374869032763e-05,-0.03195800632238388,0.020546874031424522,-3.0,0.0,-0.3199687499989523,0.0,-0.04200390428304673,-0.0,0.04539624999987427,0.0002633150143083185,0.1,0.3106907308101654,3.141592653589793,-3.140516519546509,0.0,0.0,0.0,-0.0
13.664214372634888,-23.2979679107666,-0.00046874998952262104,-0.39990234375,5.859374869032763e-05,-0.03195800632238388,0.020546874031424522,-3.0,0.0,-0.3199687499989523,0.0,-0.04200390428304673,-0.0,0.04539624999987427,0.0002633150143083185,0.1,0.3106907308101654,3.141592653589793,-3.140516519546509,0.0,0.0,0.0,-0.0
13.668737888336182,-23.2979679107666,-0.00046874998952262104,-0.39990234375,5.859374869032763e-05,-0.03195800632238388,0.020546874031424522,-3.0,0.0,-0.3199687499989523,0.0,-0.04200390428304673,-0.0,0.04539624999987427,0.0002633150143083185,0.1,0.3106907308101654,3.141592653589793,-3.140516519546509,0.0,0.0,0.0,-0.0
13.673534393310547,-23.2979679107666,-0.00046874998952262104,-0.39990234375,5.859374869032763e-05,-0.03195800632238388,0.020546874031424522,-3.0,0.0,-0.3199687499989523,0.0,-0.04200390428304673,-0.0,0.04539624999987427,0.0002633150143083185,0.1,0.3106907308101654,3.141592653589793,-3.140516519546509,0.0,0.0,0.0,-0.0
13.678273439407349,-23.2979679107666,-0.00046874998952262104,-0.39990234375,5.859374869032763e-05,-0.03195800632238388,0.020546874031424522,-3.0,0.0,-0.3199687499989523,0.0,-0.04200390428304673,-0.0,0.04539624999987427,0.0002633150143083185,0.1,0.3106907308101654,3.141592653589793,-3.140516519546509,0.0,0.0,0.0,-0.0
13.68298625946045,-23.2979679107666,-0.00046874998952262104,-0.39990234375,5.859374869032763e-05,-0.03195800632238388,0.020546874031424522,-3.0,0.0,-0.3199687499989523,0.0,-0.04200390428304673,-0.0,0.04539624999987427,0.0002633150143083185,0.1,0.3106907308101654,3.141592653589793,-3.140516519546509,0.0,0.0,0.0,-0.0
13.687390565872192,-23.2979679107666,-0.00046874998952262104,-0.39990234375,5.859374869032763e-05,-0.03195800632238388,0.020546874031424522,-3.0,0.0,-0.3199687499989523,0.0,-0.04200390428304673,-0.0,0.04539624999987427,0.0002633150143083185,0.1,0.3106907308101654,3.141592653589793,-3.140516519546509,0.0,0.0,0.0,-0.0
13.691834926605225,-23.2979679107666,-0.00046874998952262104,-0.39990234375,5.859374869032763e-05,-0.03195800632238388,0.020546874031424522,-3.0,0.0,-0.3199687499989523,0.0,-0.04200390428304673,-0.0,0.04539624999987427,0.0002633150143083185,0.1,0.3106907308101654,3.141592653589793,-3.140516519546509,0.0,0.0,0.0,-0.0
13.696596384048462,-23.2979679107666,-0.00046874998952262104,-0.39990234375,5.859374869032763e-05,-0.03195800632238388,0.020546874031424522,-3.0,0.0,-0.3199687499989523,0.0,-0.04200390428304673,-0.0,0.04539624999987427,0.0002633150143083185,0.1,0.3106907308101654,3.141592653589793,-3.140516519546509,0.0,0.0,0.0,-0.0
13.7013680934906,-23.2979679107666,-0.00046874998952262104,-0.39990234375,5.859374869032763e-05,-0.03195800632238388,0.020546874031424522,-3.0,0.0,-0.3199687499989523,0.0,-0.04200390428304673,-0.0,0.04539624999987427,0.0002633150143083185,0.1,0.3106907308101654,3.141592653589793,-3.140516519546509,0.0,0.0,0.0,-0.0
13.70609426498413,-23.2979679107666,-0.00046874998952262104,-0.39990234375,5.859374869032763e-05,-0.03195800632238388,0.020546874031424522,-3.0,0.0,-0.3199687499989523,0.0,-0.04200390428304673,-0.0,0.04539624999987427,0.0002633150143083185,0.1,0.3106907308101654,3.141592653589793,-3.140516519546509,0.0,0.0,0.0,-0.0
13.710803747177124,-23.2979679107666,-0.00046874998952262104,-0.39990234375,5.859374869032763e-05,-0.03195800632238388,0.020546874031424522,-3.0,0.0,-0.3199687499989523,0.0,-0.04200390428304673,-0.0,0.04539624999987427,0.0002633150143083185,0.1,0.3106907308101654,3.141592653589793,-3.140516519546509,0.0,0.0,0.0,-0.0
13.715214014053345,-23.2979679107666,-0.00046874998952262104,-0.39990234375,5.859374869032763e-05,-0.03195800632238388,0.020546874031424522,-3.0,0.0,-0.3199687499989523,0.0,-0.04200390428304673,-0.0,0.04539624999987427,0.0002633150143083185,0.1,0.3106907308101654,3.141592653589793,-3.140516519546509,0.0,0.0,0.0,-0.0
13.720016479492188,-23.2979679107666,-0.00046874998952262104,-0.39990234375,5.859374869032763e-05,-0.03195800632238388,0.020546874031424522,-3.0,0.0,-0.3199687499989523,0.0,-0.04200390428304673,-0.0,0.04539624999987427,0.0002633150143083185,0.1,0.3106907308101654,3.141592653589793,-3.140516519546509,0.0,0.0,0.0,-0.0
13.724743604660034,-23.2979679107666,-0.00046874998952262104,-0.39990234375,5.859374869032763e-05,-0.03195800632238388,0.020546874031424522,-3.0,0.0,-0.3199687499989523,0.0,-0.04200390428304673,-0.0,0.04539624999987427,0.0002633150143083185,0.1,0.3106907308101654,3.141592653589793,-3.140516519546509,0.0,0.0,0.0,-0.0
13.729475259780884,-23.2979679107666,-0.00046874998952262104,-0.39990234375,5.859374869032763e-05,-0.03195800632238388,0.020546874031424522,-3.0,0.0,-0.3199687499989523,0.0,-0.04200390428304673,-0.0,0.04539624999987427,0.0002633150143083185,0.1,0.3106907308101654,3.141592653589793,-3.140516519546509,0.0,0.0,0.0,-0.0
13.734161615371704,-23.2979679107666,-0.00046874998952262104,-0.39990234375,5.859374869032763e-05,-0.03195800632238388,0.020546874031424522,-3.0,0.0,-0.3199687499989523,0.0,-0.04200390428304673,-0.0,0.04539624999987427,0.0002633150143083185,0.1,0.3106907308101654,3.141592653589793,-3.140516519546509,0.0,0.0,0.0,-0.0
13.738884210586548,-23.2979679107666,-0.00046874998952262104,-0.39990234375,5.859374869032763e-05,-0.03195800632238388,0.020546874031424522,-3.0,0.0,-0.3199687499989523,0.0,-0.04200390428304673,-0.0,0.04539624999987427,0.0002633150143083185,0.1,0.3106907308101654,3.141592653589793,-3.140516519546509,0.0,0.0,0.0,-0.0
13.743688344955444,-23.2979679107666,-0.00046874998952262104,-0.39990234375,5.859374869032763e-05,-0.03195800632238388,0.020546874031424522,-3.0,0.0,-0.3199687499989523,0.0,-0.04200390428304673,-0.0,0.04539624999987427,0.0002633150143083185,0.1,0.3106907308101654,3.141592653589793,-3.140516519546509,0.0,0.0,0.0,-0.0
13.748236417770386,-23.2979679107666,-0.00046874998952262104,-0.39990234375,5.859374869032763e-05,-0.03195800632238388,0.020546874031424522,-3.0,0.0,-0.3199687499989523,0.0,-0.04200390428304673,-0.0,0.04539624999987427,0.0002633150143083185,0.1,0.3106907308101654,3.141592653589793,-3.140516519546509,0.0,0.0,0.0,-0.0
13.752898931503296,-23.2979679107666,-0.00046874998952262104,-0.39990234375,5.859374869032763e-05,-0.03195800632238388,0.020546874031424522,-3.0,0.0,-0.3199687499989523,0.0,-0.04200390428304673,-0.0,0.04539624999987427,0.0002633150143083185,0.1,0.3106907308101654,3.141592653589793,-3.140516519546509,0.0,0.0,0.0,-0.0
13.75750732421875,-23.2979679107666,-0.00046874998952262104,-0.39990234375,5.859374869032763e-05,-0.03195800632238388,0.020546874031424522,-3.0,0.0,-0.3199687499989523,0.0,-0.04200390428304673,-0.0,0.04539624999987427,0.0002633150143083185,0.1,0.3106907308101654,3.141592653589793,-3.140516519546509,0.0,0.0,0.0,-0.0
13.762345314025879,-23.2979679107666,-0.00046874998952262104,-0.39990234375,5.859374869032763e-05,-0.03195800632238388,0.020546874031424522,-3.0,0.0,-0.3199687499989523,0.0,-0.04200390428304673,-0.0,0.04539624999987427,0.0002633150143083185,0.1,0.3106907308101654,3.141592653589793,-3.140516519546509,0.0,0.0,0.0,-0.0
13.766884803771973,-23.2979679107666,-0.00046874998952262104,-0.39990234375,5.859374869032763e-05,-0.03195800632238388,0.020546874031424522,-3.0,0.0,-0.3199687499989523,0.0,-0.04200390428304673,-0.0,0.04539624999987427,0.0002633150143083185,0.1,0.3106907308101654,3.141592653589793,-3.140516519546509,0.0,0.0,0.0,-0.0
13.7714102268219,-23.2979679107666,-0.00046874998952262104,-0.39990234375,5.859374869032763e-05,-0.03195800632238388,0.020546874031424522,-3.0,0.0,-0.3199687499989523,0.0,-0.04200390428304673,-0.0,0.04539624999987427,0.0002633150143083185,0.1,0.3106907308101654,3.141592653589793,-3.140516519546509,0.0,0.0,0.0,-0.0
13.776109218597412,-23.2979679107666,-0.00046874998952262104,-0.39990234375,5.859374869032763e-05,-0.03195800632238388,0.020546874031424522,-3.0,0.0,-0.3199687499989523,0.0,-0.04200390428304673,-0.0,0.04539624999987427,0.0002633150143083185,0.1,0.3106907308101654,3.141592653589793,-3.140516519546509,0.0,0.0,0.0,-0.0
13.780908107757568,-23.2979679107666,-0.00046874998952262104,-0.39990234375,5.859374869032763e-05,-0.03195800632238388,0.020546874031424522,-3.0,0.0,-0.3199687499989523,0.0,-0.04200390428304673,-0.0,0.04539624999987427,0.0002633150143083185,0.1,0.3106907308101654,3.141592653589793,-3.140516519546509,0.0,0.0,0.0,-0.0
13.785386800765991,-23.2979679107666,-0.00046874998952262104,-0.39990234375,5.859374869032763e-05,-0.03195800632238388,0.020546874031424522,-3.0,0.0,-0.3199687499989523,0.0,-0.04200390428304673,-0.0,0.04539624999987427,0.0002633150143083185,0.1,0.3106907308101654,3.141592653589793,-3.140516519546509,0.0,0.0,0.0,-0.0
13.790557861328125,-23.2979679107666,-0.00046874998952262104,-0.39990234375,5.859374869032763e-05,-0.03195800632238388,0.020546874031424522,-3.0,0.0,-0.3199687499989523,0.0,-0.04200390428304673,-0.0,0.04539624999987427,0.0002633150143083185,0.1,0.3106907308101654,3.141592653589793,-3.140516519546509,0.0,0.0,0.0,-0.0
13.79511547088623,-23.2979679107666,-0.00046874998952262104,-0.39990234375,5.859374869032763e-05,-0.03195800632238388,0.020546874031424522,-3.0,0.0,-0.3199687499989523,0.0,-0.04200390428304673,-0.0,0.04539624999987427,0.0002633150143083185,0.1,0.3106907308101654,3.141592653589793,-3.140516519546509,0.0,0.0,0.0,-0.0
13.800347805023193,-23.2979679107666,-0.00046874998952262104,-0.39990234375,5.859374869032763e-05,-0.03195800632238388,0.020546874031424522,-3.0,0.0,-0.3199687499989523,0.0,-0.04200390428304673,-0.0,0.04539624999987427,0.0002633150143083185,0.1,0.3106907308101654,3.141592653589793,-3.140516519546509,0.0,0.0,0.0,-0.0
13.805011510848999,-23.2979679107666,-0.00046874998952262104,-0.39990234375,5.859374869032763e-05,-0.03195800632238388,0.020546874031424522,-3.0,0.0,-0.3199687499989523,0.0,-0.04200390428304673,-0.0,0.04539624999987427,0.0002633150143083185,0.1,0.3106907308101654,3.141592653589793,-3.140516519546509,0.0,0.0,0.0,-0.0
13.809795618057251,-23.2979679107666,-0.00046874998952262104,-0.39990234375,5.859374869032763e-05,-0.03195800632238388,0.020546874031424522,-3.0,0.0,-0.3199687499989523,0.0,-0.04200390428304673,-0.0,0.04539624999987427,0.0002633150143083185,0.1,0.3106907308101654,3.141592653589793,-3.140516519546509,0.0,0.0,0.0,-0.0
13.814626693725586,-23.2979679107666,-0.00046874998952262104,-0.39990234375,5.859374869032763e-05,-0.03195800632238388,0.020546874031424522,-3.0,0.0,-0.3199687499989523,0.0,-0.04200390428304673,-0.0,0.04539624999987427,0.0002633150143083185,0.1,0.3106907308101654,3.141592653589793,-3.140516519546509,0.0,0.0,0.0,-0.0
13.819409608840942,-23.2979679107666,-0.00046874998952262104,-0.39990234375,5.859374869032763e-05,-0.03195800632238388,0.020546874031424522,-3.0,0.0,-0.3199687499989523,0.0,-0.04200390428304673,-0.0,0.04539624999987427,0.0002633150143083185,0.1,0.3106907308101654,3.141592653589793,-3.140516519546509,0.0,0.0,0.0,-0.0
13.824029922485352,-23.2979679107666,-0.00046874998952262104,-0.39990234375,5.859374869032763e-05,-0.03195800632238388,0.020546874031424522,-3.0,0.0,-0.3199687499989523,0.0,-0.04200390428304673,-0.0,0.04539624999987427,0.0002633150143083185,0.1,0.3106907308101654,3.141592653589793,-3.140516519546509,0.0,0.0,0.0,-0.0
13.828600883483887,-23.2979679107666,-0.00046874998952262104,-0.39990234375,5.859374869032763e-05,-0.03195800632238388,0.020546874031424522,-3.0,0.0,-0.3199687499989523,0.0,-0.04200390428304673,-0.0,0.04539624999987427,0.0002633150143083185,0.1,0.3106907308101654,3.141592653589793,-3.140516519546509,0.0,0.0,0.0,-0.0
13.833230972290039,-23.2979679107666,-0.00046874998952262104,-0.39990234375,5.859374869032763e-05,-0.03195800632238388,0.020546874031424522,-3.0,0.0,-0.3199687499989523,0.0,-0.04200390428304673,-0.0,0.04539624999987427,0.0002633150143083185,0.1,0.3106907308101654,3.141592653589793,-3.140516519546509,0.0,0.0,0.0,-0.0
13.837799549102783,-23.2979679107666,-0.00046874998952262104,-0.39990234375,5.859374869032763e-05,-0.03195800632238388,0.020546874031424522,-3.0,0.0,-0.3199687499989523,0.0,-0.04200390428304673,-0.0,0.04539624999987427,0.0002633150143083185,0.1,0.3106907308101654,3.141592653589793,-3.140516519546509,0.0,0.0,0.0,-0.0
13.842177152633667,-23.2979679107666,-0.00046874998952262104,-0.39990234375,5.859374869032763e-05,-0.03195800632238388,0.020546874031424522,-3.0,0.0,-0.3199687499989523,0.0,-0.04200390428304673,-0.0,0.04539624999987427,0.0002633150143083185,0.1,0.3106907308101654,3.141592653589793,-3.140516519546509,0.0,0.0,0.0,-0.0
13.847042798995972,-23.2979679107666,-0.00046874998952262104,-0.39990234375,5.859374869032763e-05,-0.03195800632238388,0.020546874031424522,-3.0,0.0,-0.3199687499989523,0.0,-0.04200390428304673,-0.0,0.04539624999987427,0.0002633150143083185,0.1,0.3106907308101654,3.141592653589793,-3.140516519546509,0.0,0.0,0.0,-0.0
13.85169768333435,-23.2979679107666,-0.00046874998952262104,-0.39990234375,5.859374869032763e-05,-0.03195800632238388,0.020546874031424522,-3.0,0.0,-0.3199687499989523,0.0,-0.04200390428304673,-0.0,0.04539624999987427,0.0002633150143083185,0.1,0.3106907308101654,3.141592653589793,-3.140516519546509,0.0,0.0,0.0,-0.0
13.856273412704468,-23.2979679107666,-0.00046874998952262104,-0.39990234375,5.859374869032763e-05,-0.03195800632238388,0.020546874031424522,-3.0,0.0,-0.3199687499989523,0.0,-0.04200390428304673,-0.0,0.04539624999987427,0.0002633150143083185,0.1,0.3106907308101654,3.141592653589793,-3.140516519546509,0.0,0.0,0.0,-0.0
13.860714673995972,-23.2979679107666,-0.00046874998952262104,-0.39990234375,5.859374869032763e-05,-0.03195800632238388,0.020546874031424522,-3.0,0.0,-0.3199687499989523,0.0,-0.04200390428304673,-0.0,0.04539624999987427,0.0002633150143083185,0.1,0.3106907308101654,3.141592653589793,-3.140516519546509,0.0,0.0,0.0,-0.0
13.865322351455688,-23.2979679107666,-0.00046874998952262104,-0.39990234375,5.859374869032763e-05,-0.03195800632238388,0.020546874031424522,-3.0,0.0,-0.3199687499989523,0.0,-0.04200390428304673,-0.0,0.04539624999987427,0.0002633150143083185,0.1,0.3106907308101654,3.141592653589793,-3.140516519546509,0.0,0.0,0.0,-0.0
13.870251417160034,-23.2979679107666,-0.00046874998952262104,-0.39990234375,5.859374869032763e-05,-0.03195800632238388,0.020546874031424522,-3.0,0.0,-0.3199687499989523,0.0,-0.04200390428304673,-0.0,0.04539624999987427,0.0002633150143083185,0.1,0.3106907308101654,3.141592653589793,-3.140516519546509,0.0,0.0,0.0,-0.0
13.875011682510376,-23.2979679107666,-0.00046874998952262104,-0.39990234375,5.859374869032763e-05,-0.03195800632238388,0.020546874031424522,-3.0,0.0,-0.3199687499989523,0.0,-0.04200390428304673,-0.0,0.04539624999987427,0.0002633150143083185,0.1,0.3106907308101654,3.141592653589793,-3.140516519546509,0.0,0.0,0.0,-0.0
13.87967300415039,-23.2979679107666,-0.00046874998952262104,-0.39990234375,5.859374869032763e-05,-0.03195800632238388,0.020546874031424522,-3.0,0.0,-0.3199687499989523,0.0,-0.04200390428304673,-0.0,0.04539624999987427,0.0002633150143083185,0.1,0.3106907308101654,3.141592653589793,-3.140516519546509,0.0,0.0,0.0,-0.0
13.884434938430786,-23.2979679107666,-0.00046874998952262104,-0.39990234375,5.859374869032763e-05,-0.03195800632238388,0.020546874031424522,-3.0,0.0,-0.3199687499989523,0.0,-0.04200390428304673,-0.0,0.04539624999987427,0.0002633150143083185,0.1,0.3106907308101654,3.141592653589793,-3.140516519546509,0.0,0.0,0.0,-0.0
13.88878345489502,-23.2979679107666,-0.00046874998952262104,-0.39990234375,5.859374869032763e-05,-0.03195800632238388,0.020546874031424522,-3.0,0.0,-0.3199687499989523,0.0,-0.04200390428304673,-0.0,0.04539624999987427,0.0002633150143083185,0.1,0.3106907308101654,3.141592653589793,-3.140516519546509,0.0,0.0,0.0,-0.0
13.89352297782898,-23.2979679107666,-0.00046874998952262104,-0.39990234375,5.859374869032763e-05,-0.03195800632238388,0.020546874031424522,-3.0,0.0,-0.3199687499989523,0.0,-0.04200390428304673,-0.0,0.04539624999987427,0.0002633150143083185,0.1,0.3106907308101654,3.141592653589793,-3.140516519546509,0.0,0.0,0.0,-0.0
13.898279190063477,-23.2979679107666,-0.00046874998952262104,-0.39990234375,5.859374869032763e-05,-0.03195800632238388,0.020546874031424522,-3.0,0.0,-0.3199687499989523,0.0,-0.04200390428304673,-0.0,0.04539624999987427,0.0002633150143083185,0.1,0.3106907308101654,3.141592653589793,-3.140516519546509,0.0,0.0,0.0,-0.0
13.902969360351562,-23.2979679107666,-0.00046874998952262104,-0.39990234375,5.859374869032763e-05,-0.03195800632238388,0.020546874031424522,-3.0,0.0,-0.3199687499989523,0.0,-0.04200390428304673,-0.0,0.04539624999987427,0.0002633150143083185,0.1,0.3106907308101654,3.141592653589793,-3.140516519546509,0.0,0.0,0.0,-0.0
13.907861232757568,-23.2979679107666,-0.00046874998952262104,-0.39990234375,5.859374869032763e-05,-0.03195800632238388,0.020546874031424522,-3.0,0.0,-0.3199687499989523,0.0,-0.04200390428304673,-0.0,0.04539624999987427,0.0002633150143083185,0.1,0.3106907308101654,3.141592653589793,-3.140516519546509,0.0,0.0,0.0,-0.0
13.912545442581177,-23.2979679107666,-0.00046874998952262104,-0.39990234375,5.859374869032763e-05,-0.03195800632238388,0.020546874031424522,-3.0,0.0,-0.3199687499989523,0.0,-0.04200390428304673,-0.0,0.04539624999987427,0.0002633150143083185,0.1,0.3106907308101654,3.141592653589793,-3.140516519546509,0.0,0.0,0.0,-0.0
13.917373895645142,-23.2979679107666,-0.00046874998952262104,-0.39990234375,5.859374869032763e-05,-0.03195800632238388,0.020546874031424522,-3.0,0.0,-0.3199687499989523,0.0,-0.04200390428304673,-0.0,0.04539624999987427,0.0002633150143083185,0.1,0.3106907308101654,3.141592653589793,-3.140516519546509,0.0,0.0,0.0,-0.0
13.922016620635986,-23.2979679107666,-0.00046874998952262104,-0.39990234375,5.859374869032763e-05,-0.03195800632238388,0.020546874031424522,-3.0,0.0,-0.3199687499989523,0.0,-0.04200390428304673,-0.0,0.04539624999987427,0.0002633150143083185,0.1,0.3106907308101654,3.141592653589793,-3.140516519546509,0.0,0.0,0.0,-0.0
13.926681518554688,-23.2979679107666,-0.00046874998952262104,-0.39990234375,5.859374869032763e-05,-0.03195800632238388,0.020546874031424522,-3.0,0.0,-0.3199687499989523,0.0,-0.04200390428304673,-0.0,0.04539624999987427,0.0002633150143083185,0.1,0.3106907308101654,3.141592653589793,-3.140516519546509,0.0,0.0,0.0,-0.0
13.931418895721436,-23.2979679107666,-0.00046874998952262104,-0.39990234375,5.859374869032763e-05,-0.03195800632238388,0.020546874031424522,-3.0,0.0,-0.3199687499989523,0.0,-0.04200390428304673,-0.0,0.04539624999987427,0.0002633150143083185,0.1,0.3106907308101654,3.141592653589793,-3.140516519546509,0.0,0.0,0.0,-0.0
13.936017036437988,-23.2979679107666,-0.00046874998952262104,-0.39990234375,5.859374869032763e-05,-0.03195800632238388,0.020546874031424522,-3.0,0.0,-0.3199687499989523,0.0,-0.04200390428304673,-0.0,0.04539624999987427,0.0002633150143083185,0.1,0.3106907308101654,3.141592653589793,-3.140516519546509,0.0,0.0,0.0,-0.0
13.940678596496582,-23.2979679107666,-0.00046874998952262104,-0.39990234375,5.859374869032763e-05,-0.03195800632238388,0.020546874031424522,-3.0,0.0,-0.3199687499989523,0.0,-0.04200390428304673,-0.0,0.04539624999987427,0.0002633150143083185,0.1,0.3106907308101654,3.141592653589793,-3.140516519546509,0.0,0.0,0.0,-0.0
13.945268630981445,-23.2979679107666,-0.00046874998952262104,-0.39990234375,5.859374869032763e-05,-0.03195800632238388,0.020546874031424522,-3.0,0.0,-0.3199687499989523,0.0,-0.04200390428304673,-0.0,0.04539624999987427,0.0002633150143083185,0.1,0.3106907308101654,3.141592653589793,-3.140516519546509,0.0,0.0,0.0,-0.0
13.950050592422485,-23.2979679107666,-0.00046874998952262104,-0.39990234375,5.859374869032763e-05,-0.03195800632238388,0.020546874031424522,-3.0,0.0,-0.3199687499989523,0.0,-0.04200390428304673,-0.0,0.04539624999987427,0.0002633150143083185,0.1,0.3106907308101654,3.141592653589793,-3.140516519546509,0.0,0.0,0.0,-0.0
13.954633474349976,-23.2979679107666,-0.00046874998952262104,-0.39990234375,5.859374869032763e-05,-0.03195800632238388,0.020546874031424522,-3.0,0.0,-0.3199687499989523,0.0,-0.04200390428304673,-0.0,0.04539624999987427,0.0002633150143083185,0.1,0.3106907308101654,3.141592653589793,-3.140516519546509,0.0,0.0,0.0,-0.0
13.959340333938599,-23.2979679107666,-0.00046874998952262104,-0.39990234375,5.859374869032763e-05,-0.03195800632238388,0.020546874031424522,-3.0,0.0,-0.3199687499989523,0.0,-0.04200390428304673,-0.0,0.04539624999987427,0.0002633150143083185,0.1,0.3106907308101654,3.141592653589793,-3.140516519546509,0.0,0.0,0.0,-0.0
13.964064836502075,-23.2979679107666,-0.00046874998952262104,-0.39990234375,5.859374869032763e-05,-0.03195800632238388,0.020546874031424522,-3.0,0.0,-0.3199687499989523,0.0,-0.04200390428304673,-0.0,0.04539624999987427,0.0002633150143083185,0.1,0.3106907308101654,3.141592653589793,-3.140516519546509,0.0,0.0,0.0,-0.0
13.968905448913574,-23.2979679107666,-0.00046874998952262104,-0.39990234375,5.859374869032763e-05,-0.03195800632238388,0.020546874031424522,-3.0,0.0,-0.3199687499989523,0.0,-0.04200390428304673,-0.0,0.04539624999987427,0.0002633150143083185,0.1,0.3106907308101654,3.141592653589793,-3.140516519546509,0.0,0.0,0.0,-0.0
13.973783493041992,-23.2979679107666,-0.00046874998952262104,-0.39990234375,5.859374869032763e-05,-0.03195800632238388,0.020546874031424522,-3.0,0.0,-0.3199687499989523,0.0,-0.04200390428304673,-0.0,0.04539624999987427,0.0002633150143083185,0.1,0.3106907308101654,3.141592653589793,-3.140516519546509,0.0,0.0,0.0,-0.0
13.978591918945312,-23.2979679107666,-0.00046874998952262104,-0.39990234375,5.859374869032763e-05,-0.03195800632238388,0.020546874031424522,-3.0,0.0,-0.3199687499989523,0.0,-0.04200390428304673,-0.0,0.04539624999987427,0.0002633150143083185,0.1,0.3106907308101654,3.141592653589793,-3.140516519546509,0.0,0.0,0.0,-0.0
13.98327350616455,-23.2979679107666,-0.00046874998952262104,-0.39990234375,5.859374869032763e-05,-0.03195800632238388,0.020546874031424522,-3.0,0.0,-0.3199687499989523,0.0,-0.04200390428304673,-0.0,0.04539624999987427,0.0002633150143083185,0.1,0.3106907308101654,3.141592653589793,-3.140516519546509,0.0,0.0,0.0,-0.0
13.987878561019897,-23.2979679107666,-0.00046874998952262104,-0.39990234375,5.859374869032763e-05,-0.03195800632238388,0.020546874031424522,-3.0,0.0,-0.3199687499989523,0.0,-0.04200390428304673,-0.0,0.04539624999987427,0.0002633150143083185,0.1,0.3106907308101654,3.141592653589793,-3.140516519546509,0.0,0.0,0.0,-0.0
13.992384672164917,-23.2979679107666,-0.00046874998952262104,-0.39990234375,5.859374869032763e-05,-0.03195800632238388,0.020546874031424522,-3.0,0.0,-0.3199687499989523,0.0,-0.04200390428304673,-0.0,0.04539624999987427,0.0002633150143083185,0.1,0.3106907308101654,3.141592653589793,-3.140516519546509,0.0,0.0,0.0,-0.0
13.997262716293335,-23.2979679107666,-0.00046874998952262104,-0.39990234375,5.859374869032763e-05,-0.03195800632238388,0.020546874031424522,-3.0,0.0,-0.3199687499989523,0.0,-0.04200390428304673,-0.0,0.04539624999987427,0.0002633150143083185,0.1,0.3106907308101654,3.141592653589793,-3.140516519546509,0.0,0.0,0.0,-0.0
14.001736402511597,-23.2979679107666,-0.00046874998952262104,-0.39990234375,5.859374869032763e-05,-0.03195800632238388,0.020546874031424522,-3.0,0.0,-0.3199687499989523,0.0,-0.04200390428304673,-0.0,0.04539624999987427,0.0002633150143083185,0.1,0.3106907308101654,3.141592653589793,-3.140516519546509,0.0,0.0,0.0,-0.0
14.006559133529663,-23.2979679107666,-0.00046874998952262104,-0.39990234375,5.859374869032763e-05,-0.03195800632238388,0.020546874031424522,-3.0,0.0,-0.3199687499989523,0.0,-0.04200390428304673,-0.0,0.04539624999987427,0.0002633150143083185,0.1,0.3106907308101654,3.141592653589793,-3.140516519546509,0.0,0.0,0.0,-0.0
14.011236190795898,-23.2979679107666,-0.00046874998952262104,-0.39990234375,5.859374869032763e-05,-0.03195800632238388,0.020546874031424522,-3.0,0.0,-0.3199687499989523,0.0,-0.04200390428304673,-0.0,0.04539624999987427,0.0002633150143083185,0.1,0.3106907308101654,3.141592653589793,-3.140516519546509,0.0,0.0,0.0,-0.0
14.015780210494995,-23.2979679107666,-0.00046874998952262104,-0.39990234375,5.859374869032763e-05,-0.03195800632238388,0.020546874031424522,-3.0,0.0,-0.3199687499989523,0.0,-0.04200390428304673,-0.0,0.04539624999987427,0.0002633150143083185,0.1,0.3106907308101654,3.141592653589793,-3.140516519546509,0.0,0.0,0.0,-0.0
14.020616054534912,-23.2979679107666,-0.00046874998952262104,-0.39990234375,5.859374869032763e-05,-0.03195800632238388,0.020546874031424522,-3.0,0.0,-0.3199687499989523,0.0,-0.04200390428304673,-0.0,0.04539624999987427,0.0002633150143083185,0.1,0.3106907308101654,3.141592653589793,-3.140516519546509,0.0,0.0,0.0,-0.0
14.025347471237183,-23.2979679107666,-0.00046874998952262104,-0.39990234375,5.859374869032763e-05,-0.03195800632238388,0.020546874031424522,-3.0,0.0,-0.3199687499989523,0.0,-0.04200390428304673,-0.0,0.04539624999987427,0.0002633150143083185,0.1,0.3106907308101654,3.141592653589793,-3.140516519546509,0.0,0.0,0.0,-0.0
14.029909133911133,-23.2979679107666,-0.00046874998952262104,-0.39990234375,5.859374869032763e-05,-0.03195800632238388,0.020546874031424522,-3.0,0.0,-0.3199687499989523,0.0,-0.04200390428304673,-0.0,0.04539624999987427,0.0002633150143083185,0.1,0.3106907308101654,3.141592653589793,-3.140516519546509,0.0,0.0,0.0,-0.0
14.034491062164307,-23.2979679107666,-0.00046874998952262104,-0.39990234375,5.859374869032763e-05,-0.03195800632238388,0.020546874031424522,-3.0,0.0,-0.3199687499989523,0.0,-0.04200390428304673,-0.0,0.04539624999987427,0.0002633150143083185,0.1,0.3106907308101654,3.141592653589793,-3.140516519546509,0.0,0.0,0.0,-0.0
14.039181232452393,-23.2979679107666,-0.00046874998952262104,-0.39990234375,5.859374869032763e-05,-0.03195800632238388,0.020546874031424522,-3.0,0.0,-0.3199687499989523,0.0,-0.04200390428304673,-0.0,0.04539624999987427,0.0002633150143083185,0.1,0.3106907308101654,3.141592653589793,-3.140516519546509,0.0,0.0,0.0,-0.0
14.043966054916382,-23.2979679107666,-0.00046874998952262104,-0.39990234375,5.859374869032763e-05,-0.03195800632238388,0.020546874031424522,-3.0,0.0,-0.3199687499989523,0.0,-0.04200390428304673,-0.0,0.04539624999987427,0.0002633150143083185,0.1,0.3106907308101654,3.141592653589793,-3.140516519546509,0.0,0.0,0.0,-0.0
14.048856973648071,-23.2979679107666,-0.00046874998952262104,-0.39990234375,5.859374869032763e-05,-0.03195800632238388,0.020546874031424522,-3.0,0.0,-0.3199687499989523,0.0,-0.04200390428304673,-0.0,0.04539624999987427,0.0002633150143083185,0.1,0.3106907308101654,3.141592653589793,-3.140516519546509,0.0,0.0,0.0,-0.0
14.053244829177856,-23.2979679107666,-0.00046874998952262104,-0.39990234375,5.859374869032763e-05,-0.03195800632238388,0.020546874031424522,-3.0,0.0,-0.3199687499989523,0.0,-0.04200390428304673,-0.0,0.04539624999987427,0.0002633150143083185,0.1,0.3106907308101654,3.141592653589793,-3.140516519546509,0.0,0.0,0.0,-0.0
14.057996273040771,-23.2979679107666,-0.00046874998952262104,-0.39990234375,5.859374869032763e-05,-0.03195800632238388,0.020546874031424522,-3.0,0.0,-0.3199687499989523,0.0,-0.04200390428304673,-0.0,0.04539624999987427,0.0002633150143083185,0.1,0.3106907308101654,3.141592653589793,-3.140516519546509,0.0,0.0,0.0,-0.0
14.062918186187744,-23.2979679107666,-0.00046874998952262104,-0.39990234375,5.859374869032763e-05,-0.03195800632238388,0.020546874031424522,-3.0,0.0,-0.3199687499989523,0.0,-0.04200390428304673,-0.0,0.04539624999987427,0.0002633150143083185,0.1,0.3106907308101654,3.141592653589793,-3.140516519546509,0.0,0.0,0.0,-0.0
14.067529678344727,-23.2979679107666,-0.00046874998952262104,-0.39990234375,5.859374869032763e-05,-0.03195800632238388,0.020546874031424522,-3.0,0.0,-0.3199687499989523,0.0,-0.04200390428304673,-0.0,0.04539624999987427,0.0002633150143083185,0.1,0.3106907308101654,3.141592653589793,-3.140516519546509,0.0,0.0,0.0,-0.0
14.072249412536621,-23.2979679107666,-0.00046874998952262104,-0.39990234375,5.859374869032763e-05,-0.03195800632238388,0.020546874031424522,-3.0,0.0,-0.3199687499989523,0.0,-0.04200390428304673,-0.0,0.04539624999987427,0.0002633150143083185,0.1,0.3106907308101654,3.141592653589793,-3.140516519546509,0.0,0.0,0.0,-0.0
14.077149152755737,-23.2979679107666,-0.00046874998952262104,-0.39990234375,5.859374869032763e-05,-0.03195800632238388,0.020546874031424522,-3.0,0.0,-0.3199687499989523,0.0,-0.04200390428304673,-0.0,0.04539624999987427,0.0002633150143083185,0.1,0.3106907308101654,3.141592653589793,-3.140516519546509,0.0,0.0,0.0,-0.0
14.081901550292969,-23.2979679107666,-0.00046874998952262104,-0.39990234375,5.859374869032763e-05,-0.03195800632238388,0.020546874031424522,-3.0,0.0,-0.3199687499989523,0.0,-0.04200390428304673,-0.0,0.04539624999987427,0.0002633150143083185,0.1,0.3106907308101654,3.141592653589793,-3.140516519546509,0.0,0.0,0.0,-0.0
14.086474657058716,-23.2979679107666,-0.00046874998952262104,-0.39990234375,5.859374869032763e-05,-0.03195800632238388,0.020546874031424522,-3.0,0.0,-0.3199687499989523,0.0,-0.04200390428304673,-0.0,0.04539624999987427,0.0002633150143083185,0.1,0.3106907308101654,3.141592653589793,-3.140516519546509,0.0,0.0,0.0,-0.0
14.090991258621216,-23.2979679107666,-0.00046874998952262104,-0.39990234375,5.859374869032763e-05,-0.03195800632238388,0.020546874031424522,-3.0,0.0,-0.3199687499989523,0.0,-0.04200390428304673,-0.0,0.04539624999987427,0.0002633150143083185,0.1,0.3106907308101654,3.141592653589793,-3.140516519546509,0.0,0.0,0.0,-0.0
14.095537185668945,-23.2979679107666,-0.00046874998952262104,-0.39990234375,5.859374869032763e-05,-0.03195800632238388,0.020546874031424522,-3.0,0.0,-0.3199687499989523,0.0,-0.04200390428304673,-0.0,0.04539624999987427,0.0002633150143083185,0.1,0.3106907308101654,3.141592653589793,-3.140516519546509,0.0,0.0,0.0,-0.0
14.100114822387695,-23.2979679107666,-0.00046874998952262104,-0.39990234375,5.859374869032763e-05,-0.03195800632238388,0.020546874031424522,-3.0,0.0,-0.3199687499989523,0.0,-0.04200390428304673,-0.0,0.04539624999987427,0.0002633150143083185,0.1,0.3106907308101654,3.141592653589793,-3.140516519546509,0.0,0.0,0.0,-0.0
14.104602813720703,-23.2979679107666,-0.00046874998952262104,-0.39990234375,5.859374869032763e-05,-0.03195800632238388,0.020546874031424522,-3.0,0.0,-0.3199687499989523,0.0,-0.04200390428304673,-0.0,0.04539624999987427,0.0002633150143083185,0.1,0.3106907308101654,3.141592653589793,-3.140516519546509,0.0,0.0,0.0,-0.0
14.109251499176025,-23.2979679107666,-0.00046874998952262104,-0.39990234375,5.859374869032763e-05,-0.03195800632238388,0.020546874031424522,-3.0,0.0,-0.3199687499989523,0.0,-0.04200390428304673,-0.0,0.04539624999987427,0.0002633150143083185,0.1,0.3106907308101654,3.141592653589793,-3.140516519546509,0.0,0.0,0.0,-0.0
14.113980054855347,-23.2979679107666,-0.00046874998952262104,-0.39990234375,5.859374869032763e-05,-0.03195800632238388,0.020546874031424522,-3.0,0.0,-0.3199687499989523,0.0,-0.04200390428304673,-0.0,0.04539624999987427,0.0002633150143083185,0.1,0.3106907308101654,3.141592653589793,-3.140516519546509,0.0,0.0,0.0,-0.0
14.11838698387146,-23.2979679107666,-0.00046874998952262104,-0.39990234375,5.859374869032763e-05,-0.03195800632238388,0.020546874031424522,-3.0,0.0,-0.3199687499989523,0.0,-0.04200390428304673,-0.0,0.04539624999987427,0.0002633150143083185,0.1,0.3106907308101654,3.141592653589793,-3.140516519546509,0.0,0.0,0.0,-0.0
14.122772693634033,-23.2979679107666,-0.00046874998952262104,-0.39990234375,5.859374869032763e-05,-0.03195800632238388,0.020546874031424522,-3.0,0.0,-0.3199687499989523,0.0,-0.04200390428304673,-0.0,0.04539624999987427,0.0002633150143083185,0.1,0.3106907308101654,3.141592653589793,-3.140516519546509,0.0,0.0,0.0,-0.0
14.127439737319946,-23.2979679107666,-0.00046874998952262104,-0.39990234375,5.859374869032763e-05,-0.03195800632238388,0.020546874031424522,-3.0,0.0,-0.3199687499989523,0.0,-0.04200390428304673,-0.0,0.04539624999987427,0.0002633150143083185,0.1,0.3106907308101654,3.141592653589793,-3.140516519546509,0.0,0.0,0.0,-0.0
14.132183074951172,-23.2979679107666,-0.00046874998952262104,-0.39990234375,5.859374869032763e-05,-0.03195800632238388,0.020546874031424522,-3.0,0.0,-0.3199687499989523,0.0,-0.04200390428304673,-0.0,0.04539624999987427,0.0002633150143083185,0.1,0.3106907308101654,3.141592653589793,-3.140516519546509,0.0,0.0,0.0,-0.0
14.13666033744812,-23.2979679107666,-0.00046874998952262104,-0.39990234375,5.859374869032763e-05,-0.03195800632238388,0.020546874031424522,-3.0,0.0,-0.3199687499989523,0.0,-0.04200390428304673,-0.0,0.04539624999987427,0.0002633150143083185,0.1,0.3106907308101654,3.141592653589793,-3.140516519546509,0.0,0.0,0.0,-0.0
14.141631841659546,-23.2979679107666,-0.00046874998952262104,-0.39990234375,5.859374869032763e-05,-0.03195800632238388,0.020546874031424522,-3.0,0.0,-0.3199687499989523,0.0,-0.04200390428304673,-0.0,0.04539624999987427,0.0002633150143083185,0.1,0.3106907308101654,3.141592653589793,-3.140516519546509,0.0,0.0,0.0,-0.0
14.146552324295044,-23.2979679107666,-0.00046874998952262104,-0.39990234375,5.859374869032763e-05,-0.03195800632238388,0.020546874031424522,-3.0,0.0,-0.3199687499989523,0.0,-0.04200390428304673,-0.0,0.04539624999987427,0.0002633150143083185,0.1,0.3106907308101654,3.141592653589793,-3.140516519546509,0.0,0.0,0.0,-0.0
14.151246309280396,-23.2979679107666,-0.00046874998952262104,-0.39990234375,5.859374869032763e-05,-0.03195800632238388,0.020546874031424522,-3.0,0.0,-0.3199687499989523,0.0,-0.04200390428304673,-0.0,0.04539624999987427,0.0002633150143083185,0.1,0.3106907308101654,3.141592653589793,-3.140516519546509,0.0,0.0,0.0,-0.0
14.155771970748901,-23.2979679107666,-0.00046874998952262104,-0.39990234375,5.859374869032763e-05,-0.03195800632238388,0.020546874031424522,-3.0,0.0,-0.3199687499989523,0.0,-0.04200390428304673,-0.0,0.04539624999987427,0.0002633150143083185,0.1,0.3106907308101654,3.141592653589793,-3.140516519546509,0.0,0.0,0.0,-0.0
14.160451173782349,-23.2979679107666,-0.00046874998952262104,-0.39990234375,5.859374869032763e-05,-0.03195800632238388,0.020546874031424522,-3.0,0.0,-0.3199687499989523,0.0,-0.04200390428304673,-0.0,0.04539624999987427,0.0002633150143083185,0.1,0.3106907308101654,3.141592653589793,-3.140516519546509,0.0,0.0,0.0,-0.0
14.165123701095581,-23.2979679107666,-0.00046874998952262104,-0.39990234375,5.859374869032763e-05,-0.03195800632238388,0.020546874031424522,-3.0,0.0,-0.3199687499989523,0.0,-0.04200390428304673,-0.0,0.04539624999987427,0.0002633150143083185,0.1,0.3106907308101654,3.141592653589793,-3.140516519546509,0.0,0.0,0.0,-0.0
14.169799566268921,-23.2979679107666,-0.00046874998952262104,-0.39990234375,5.859374869032763e-05,-0.03195800632238388,0.020546874031424522,-3.0,0.0,-0.3199687499989523,0.0,-0.04200390428304673,-0.0,0.04539624999987427,0.0002633150143083185,0.1,0.3106907308101654,3.141592653589793,-3.140516519546509,0.0,0.0,0.0,-0.0
14.174555540084839,-23.2979679107666,-0.00046874998952262104,-0.39990234375,5.859374869032763e-05,-0.03195800632238388,0.020546874031424522,-3.0,0.0,-0.3199687499989523,0.0,-0.04200390428304673,-0.0,0.04539624999987427,0.0002633150143083185,0.1,0.3106907308101654,3.141592653589793,-3.140516519546509,0.0,0.0,0.0,-0.0
14.17920994758606,-23.2979679107666,-0.00046874998952262104,-0.39990234375,5.859374869032763e-05,-0.03195800632238388,0.020546874031424522,-3.0,0.0,-0.3199687499989523,0.0,-0.04200390428304673,-0.0,0.04539624999987427,0.0002633150143083185,0.1,0.3106907308101654,3.141592653589793,-3.140516519546509,0.0,0.0,0.0,-0.0
14.183826446533203,-23.2979679107666,-0.00046874998952262104,-0.39990234375,5.859374869032763e-05,-0.03195800632238388,0.020546874031424522,-3.0,0.0,-0.3199687499989523,0.0,-0.04200390428304673,-0.0,0.04539624999987427,0.0002633150143083185,0.1,0.3106907308101654,3.141592653589793,-3.140516519546509,0.0,0.0,0.0,-0.0
14.188307523727417,-23.2979679107666,-0.00046874998952262104,-0.39990234375,5.859374869032763e-05,-0.03195800632238388,0.020546874031424522,-3.0,0.0,-0.3199687499989523,0.0,-0.04200390428304673,-0.0,0.04539624999987427,0.0002633150143083185,0.1,0.3106907308101654,3.141592653589793,-3.140516519546509,0.0,0.0,0.0,-0.0
14.192866563796997,-23.2979679107666,-0.00046874998952262104,-0.39990234375,5.859374869032763e-05,-0.03195800632238388,0.020546874031424522,-3.0,0.0,-0.3199687499989523,0.0,-0.04200390428304673,-0.0,0.04539624999987427,0.0002633150143083185,0.1,0.3106907308101654,3.141592653589793,-3.140516519546509,0.0,0.0,0.0,-0.0
14.197421073913574,-23.2979679107666,-0.00046874998952262104,-0.39990234375,5.859374869032763e-05,-0.03195800632238388,0.020546874031424522,-3.0,0.0,-0.3199687499989523,0.0,-0.04200390428304673,-0.0,0.04539624999987427,0.0002633150143083185,0.1,0.3106907308101654,3.141592653589793,-3.140516519546509,0.0,0.0,0.0,-0.0
14.202107667922974,-23.2979679107666,-0.00046874998952262104,-0.39990234375,5.859374869032763e-05,-0.03195800632238388,0.020546874031424522,-3.0,0.0,-0.3199687499989523,0.0,-0.04200390428304673,-0.0,0.04539624999987427,0.0002633150143083185,0.1,0.3106907308101654,3.141592653589793,-3.140516519546509,0.0,0.0,0.0,-0.0
14.206676006317139,-23.2979679107666,-0.00046874998952262104,-0.39990234375,5.859374869032763e-05,-0.03195800632238388,0.020546874031424522,-3.0,0.0,-0.3199687499989523,0.0,-0.04200390428304673,-0.0,0.04539624999987427,0.0002633150143083185,0.1,0.3106907308101654,3.141592653589793,-3.140516519546509,0.0,0.0,0.0,-0.0
14.21116304397583,-23.2979679107666,-0.00046874998952262104,-0.39990234375,5.859374869032763e-05,-0.03195800632238388,0.020546874031424522,-3.0,0.0,-0.3199687499989523,0.0,-0.04200390428304673,-0.0,0.04539624999987427,0.0002633150143083185,0.1,0.3106907308101654,3.141592653589793,-3.140516519546509,0.0,0.0,0.0,-0.0
14.216261625289917,-23.2979679107666,-0.00046874998952262104,-0.39990234375,5.859374869032763e-05,-0.03195800632238388,0.020546874031424522,-3.0,0.0,-0.3199687499989523,0.0,-0.04200390428304673,-0.0,0.04539624999987427,0.0002633150143083185,0.1,0.3106907308101654,3.141592653589793,-3.140516519546509,0.0,0.0,0.0,-0.0
14.220690250396729,-23.2979679107666,-0.00046874998952262104,-0.39990234375,5.859374869032763e-05,-0.03195800632238388,0.020546874031424522,-3.0,0.0,-0.3199687499989523,0.0,-0.04200390428304673,-0.0,0.04539624999987427,0.0002633150143083185,0.1,0.3106907308101654,3.141592653589793,-3.140516519546509,0.0,0.0,0.0,-0.0
14.225432872772217,-23.2979679107666,-0.00046874998952262104,-0.39990234375,5.859374869032763e-05,-0.03195800632238388,0.020546874031424522,-3.0,0.0,-0.3199687499989523,0.0,-0.04200390428304673,-0.0,0.04539624999987427,0.0002633150143083185,0.1,0.3106907308101654,3.141592653589793,-3.140516519546509,0.0,0.0,0.0,-0.0
14.229835987091064,-23.2979679107666,-0.00046874998952262104,-0.39990234375,5.859374869032763e-05,-0.03195800632238388,0.020546874031424522,-3.0,0.0,-0.3199687499989523,0.0,-0.04200390428304673,-0.0,0.04539624999987427,0.0002633150143083185,0.1,0.3106907308101654,3.141592653589793,-3.140516519546509,0.0,0.0,0.0,-0.0
14.234236001968384,-23.2979679107666,-0.00046874998952262104,-0.39990234375,5.859374869032763e-05,-0.03195800632238388,0.020546874031424522,-3.0,0.0,-0.3199687499989523,0.0,-0.04200390428304673,-0.0,0.04539624999987427,0.0002633150143083185,0.1,0.3106907308101654,3.141592653589793,-3.140516519546509,0.0,0.0,0.0,-0.0
14.238923072814941,-23.2979679107666,-0.00046874998952262104,-0.39990234375,5.859374869032763e-05,-0.03195800632238388,0.020546874031424522,-3.0,0.0,-0.3199687499989523,0.0,-0.04200390428304673,-0.0,0.04539624999987427,0.0002633150143083185,0.1,0.3106907308101654,3.141592653589793,-3.140516519546509,0.0,0.0,0.0,-0.0
14.243835687637329,-23.2979679107666,-0.00046874998952262104,-0.39990234375,5.859374869032763e-05,-0.03195800632238388,0.020546874031424522,-3.0,0.0,-0.3199687499989523,0.0,-0.04200390428304673,-0.0,0.04539624999987427,0.0002633150143083185,0.1,0.3106907308101654,3.141592653589793,-3.140516519546509,0.0,0.0,0.0,-0.0
14.248878955841064,-23.2979679107666,-0.00046874998952262104,-0.39990234375,5.859374869032763e-05,-0.03195800632238388,0.020546874031424522,-3.0,0.0,-0.3199687499989523,0.0,-0.04200390428304673,-0.0,0.04539624999987427,0.0002633150143083185,0.1,0.3106907308101654,3.141592653589793,-3.140516519546509,0.0,0.0,0.0,-0.0
14.253388166427612,-23.2979679107666,-0.00046874998952262104,-0.39990234375,5.859374869032763e-05,-0.03195800632238388,0.020546874031424522,-3.0,0.0,-0.3199687499989523,0.0,-0.04200390428304673,-0.0,0.04539624999987427,0.0002633150143083185,0.1,0.3106907308101654,3.141592653589793,-3.140516519546509,0.0,0.0,0.0,-0.0
14.258039712905884,-23.2979679107666,-0.00046874998952262104,-0.39990234375,5.859374869032763e-05,-0.03195800632238388,0.020546874031424522,-3.0,0.0,-0.3199687499989523,0.0,-0.04200390428304673,-0.0,0.04539624999987427,0.0002633150143083185,0.1,0.3106907308101654,3.141592653589793,-3.140516519546509,0.0,0.0,0.0,-0.0
14.262863636016846,-23.2979679107666,-0.00046874998952262104,-0.39990234375,5.859374869032763e-05,-0.03195800632238388,0.020546874031424522,-3.0,0.0,-0.3199687499989523,0.0,-0.04200390428304673,-0.0,0.04539624999987427,0.0002633150143083185,0.1,0.3106907308101654,3.141592653589793,-3.140516519546509,0.0,0.0,0.0,-0.0
14.26741909980774,-23.2979679107666,-0.00046874998952262104,-0.39990234375,5.859374869032763e-05,-0.03195800632238388,0.020546874031424522,-3.0,0.0,-0.3199687499989523,0.0,-0.04200390428304673,-0.0,0.04539624999987427,0.0002633150143083185,0.1,0.3106907308101654,3.141592653589793,-3.140516519546509,0.0,0.0,0.0,-0.0
14.27225399017334,-23.2979679107666,-0.00046874998952262104,-0.39990234375,5.859374869032763e-05,-0.03195800632238388,0.020546874031424522,-3.0,0.0,-0.3199687499989523,0.0,-0.04200390428304673,-0.0,0.04539624999987427,0.0002633150143083185,0.1,0.3106907308101654,3.141592653589793,-3.140516519546509,0.0,0.0,0.0,-0.0
14.276853799819946,-23.2979679107666,-0.00046874998952262104,-0.39990234375,5.859374869032763e-05,-0.03195800632238388,0.020546874031424522,-3.0,0.0,-0.3199687499989523,0.0,-0.04200390428304673,-0.0,0.04539624999987427,0.0002633150143083185,0.1,0.3106907308101654,3.141592653589793,-3.140516519546509,0.0,0.0,0.0,-0.0
14.281638860702515,-23.2979679107666,-0.00046874998952262104,-0.39990234375,5.859374869032763e-05,-0.03195800632238388,0.020546874031424522,-3.0,0.0,-0.3199687499989523,0.0,-0.04200390428304673,-0.0,0.04539624999987427,0.0002633150143083185,0.1,0.3106907308101654,3.141592653589793,-3.140516519546509,0.0,0.0,0.0,-0.0
14.286438703536987,-23.2979679107666,-0.00046874998952262104,-0.39990234375,5.859374869032763e-05,-0.03195800632238388,0.020546874031424522,-3.0,0.0,-0.3199687499989523,0.0,-0.04200390428304673,-0.0,0.04539624999987427,0.0002633150143083185,0.1,0.3106907308101654,3.141592653589793,-3.140516519546509,0.0,0.0,0.0,-0.0
