t,x_cmd,x_act,y_cmd,y_act,z_cmd,z_act,vx_cmd,vx_act,vy_cmd,vy_act,vz_cmd,vz_act,roll_cmd,roll_act,pitch_cmd,pitch_act,yaw_cmd,yaw_act,roll_rate_act,pitch_rate_act,yaw_rate_act
0.0007200241088867188,5.0,-0.00046874998952262104,0.0,6.83593752910383e-05,-3.0,0.020546874031424522,0.5,0.0,-5.468750023283065e-05,0.0,-0.25,-0.0,-6.562500027939678e-06,0.0002653716364875436,0.06,0.31068477034568787,0.0,-3.1405141353607178,0.0,0.0,-0.0
0.005733489990234375,5.0,-0.00046874998952262104,0.0,6.83593752910383e-05,-3.0,0.020546874031424522,0.5,0.0,-5.468750023283065e-05,0.0,-0.25,-0.0,-6.567983506270747e-06,0.0002653716364875436,0.060050134658813474,0.31068477034568787,0.0,-3.1405141353607178,0.0,0.0,-0.0
0.028196096420288086,5.0,-0.0007031249697320163,0.0,6.83593752910383e-05,-3.0,0.02041015587747097,0.5,-0.032427769154310226,-5.468750023283065e-05,1.021613661578158e-05,-0.25,-0.029651042073965073,-1.2371141752638326e-05,0.0014967926545068622,0.07861699538206698,0.30766424536705017,0.0,-3.1367228031158447,-0.007049456238746643,-0.415531188249588,0.44291219115257263
0.03284120559692383,5.0,-0.0007031249697320163,0.0,6.83593752910383e-05,-3.0,0.02041015587747097,0.5,-0.032427769154310226,-5.468750023283065e-05,1.021613661578158e-05,-0.25,-0.029651042073965073,-7.829107686755178e-06,0.0014967926545068622,0.06423012496827749,0.30766424536705017,0.0,-3.1367228031158447,-0.007049456238746643,-0.415531188249588,0.44291219115257263
0.03742504119873047,5.0,-0.0007031249697320163,0.0,6.83593752910383e-05,-3.0,0.02041015587747097,0.5,-0.032427769154310226,-5.468750023283065e-05,1.021613661578158e-05,-0.25,-0.029651042073965073,-7.835057838780645e-06,0.004239888861775398,0.06427893619555028,0.3009892702102661,0.0,-3.129948139190674,-0.15684813261032104,-0.9679298400878906,0.9247342944145203
0.0421597957611084,5.0,-0.0013671874767169356,0.0,6.83593752910383e-05,-3.0,0.019609374925494194,0.5,-0.07837099581956863,-5.468750023283065e-05,-3.998290776507929e-05,-0.25,-0.10165291279554367,0.00010420991987372699,0.004239888861775398,0.1668809118147577,0.3009892702102661,0.0,-3.129948139190674,-0.15684813261032104,-0.9679298400878906,0.9247342944145203
0.04686141014099121,5.0,-0.0013671874767169356,0.0,6.83593752910383e-05,-3.0,0.019609374925494194,0.5,-0.07837099581956863,-5.468750023283065e-05,-3.998290776507929e-05,-0.25,-0.10165291279554367,-1.813947672270767e-06,0.00850415788590908,0.06990127783742242,0.292581170797348,0.0,-3.121324062347412,-0.32660025358200073,-1.4057502746582031,1.4031665325164795
0.05210733413696289,5.0,-0.0027343749534338713,0.0,6.83593752910383e-05,-3.0,0.0178076159209013,0.5,-0.13862980902194977,-5.468750023283065e-05,-0.0006951728137210011,-0.25,-0.19548997282981873,0.0013258264753242537,0.015487701632082462,0.19206721262143867,0.2801707684993744,0.0,-3.107851266860962,-0.4643601179122925,-1.7777416706085205,1.9835410118103027
0.05684542655944824,5.0,-0.0027343749534338713,0.0,6.83593752910383e-05,-3.0,0.0178076159209013,0.5,-0.13862980902194977,-5.468750023283065e-05,-0.0006951728137210011,-0.25,-0.19548997282981873,7.69367333601528e-05,0.015487701632082462,0.07725985723167997,0.2801707684993744,0.0,-3.107851266860962,-0.4643601179122925,-1.7777416706085205,1.9835410118103027
0.06144261360168457,5.0,-0.0045312498696148396,0.0,5.859374869032763e-05,-3.0,0.014980467967689037,0.5,-0.20096495747566223,-5.468750023283065e-05,-0.0024064029566943645,-0.25,-0.31773048639297485,7.6995621975831e-05,0.027790267020463943,0.0773185752453364,0.25797876715660095,0.0,-3.075716495513916,-0.20306086540222168,-1.69601571559906,2.8346099853515625
0.06601405143737793,5.0,-0.0045312498696148396,0.0,5.859374869032763e-05,-3.0,0.014980467967689037,0.5,-0.20096495747566223,0.00016674765001961227,-0.0024064029566943645,-0.25,-0.31773048639297485,0.004536847478382825,0.027790267020463943,0.22122074231973662,0.25797876715660095,0.0,-3.075716495513916,-0.20306086540222168,-1.69601571559906,2.8346099853515625
0.07075786590576172,5.0,-0.0073437499813735485,0.0,9.765624781721272e-06,-3.0,0.010244140401482582,0.5,-0.26986128091812134,-4.687499895226211e-05,-0.0055152010172605515,-0.25,-0.467477023601532,-0.00016657844230201578,0.0354340523481369,0.08492938636848595,0.24238285422325134,0.0,-3.045445680618286,0.09958314895629883,-1.4390922784805298,3.3315815925598145
0.07541847229003906,5.0,-0.0073437499813735485,0.0,9.765624781721272e-06,-3.0,0.010244140401482582,0.5,-0.26986128091812134,0.0010398649885231153,-0.0055152010172605515,-0.25,-0.467477023601532,0.00978994456671087,0.0354340523481369,0.2410956571959006,0.24238285422325134,0.0,-3.045445680618286,0.09958314895629883,-1.4390922784805298,3.3315815925598145
0.07998919486999512,5.0,-0.0073437499813735485,0.0,9.765624781721272e-06,-3.0,0.010244140401482582,0.5,-0.26986128091812134,-7.812499825377018e-06,-0.0055152010172605515,-0.25,-0.467477023601532,-0.0016295508989516516,0.0354340523481369,0.09333908203640068,0.24238285422325134,0.0,-3.045445680618286,0.09958314895629883,-1.4390922784805298,3.3315815925598145
0.08467602729797363,5.0,-0.009843749925494194,0.0,-5.859374869032763e-05,-3.0,0.0057128905318677425,0.5,-0.3194684684276581,0.0015054160183403415,-0.008013274520635605,-0.25,-0.5879952311515808,0.009703509286712816,0.04025169834494591,0.2052124992272742,0.23098872601985931,0.0,-3.015639305114746,0.3427470028400421,-1.1301482915878296,3.6282989978790283
0.08945989608764648,5.0,-0.009843749925494194,0.0,-5.859374869032763e-05,-3.0,0.0057128905318677425,0.5,-0.3194684684276581,4.687499895226211e-05,-0.008013274520635605,-0.25,-0.5879952311515808,-0.002078281036834339,0.04234299063682556,0.09944716335798037,0.22550950944423676,0.0,-2.9974205493927,0.44199228286743164,-0.9392998218536377,3.7378077507019043
0.09432291984558105,5.0,-0.015156249515712261,0.0,-0.00019531248835846782,-3.0,-0.0047802734188735485,0.5,-0.40869152545928955,0.002967643610655589,-0.011829978786408901,-0.25,-0.8324116468429565,0.015635021342899683,0.04234299063682556,0.2937146956162628,0.22550950944423676,0.0,-2.9974205493927,0.44199228286743164,-0.9392998218536377,3.7378077507019043
0.09929561614990234,5.0,-0.015156249515712261,0.0,-0.00019531248835846782,-3.0,-0.0047802734188735485,0.5,-0.40869152545928955,0.00015624999068677428,-0.011829978786408901,-0.25,-0.8324116468429565,-0.004209307251790896,0.04609619453549385,0.11033268291112339,0.21722649037837982,0.0,-2.9542996883392334,0.5235976576805115,-0.4628638029098511,3.8140017986297607
0.1040046215057373,5.0,-0.019999999552965164,0.0,-0.00033203125349245965,-3.0,-0.01506835874170065,0.5,-0.4797162413597107,0.00015624999068677428,-0.01316211186349392,-0.25,-1.0434308052062988,0.001445482017088312,0.04609619453549385,0.11041826357632718,0.21722649037837982,0.0,-2.9542996883392334,0.5235976576805115,-0.4628638029098511,3.8140017986297607
0.10850739479064941,5.0,-0.019999999552965164,0.0,-0.00033203125349245965,-3.0,-0.01506835874170065,0.5,-0.4797162413597107,0.003301948541269889,-0.01316211186349392,-0.25,-1.0434308052062988,0.011928912723194242,0.04887853190302849,0.2767649501855065,0.21284888684749603,0.0,-2.9200687408447266,0.4938794672489166,-0.21562939882278442,3.7707812786102295
0.11319351196289062,5.0,-0.019999999552965164,0.0,-0.00033203125349245965,-3.0,-0.01506835874170065,0.5,-0.4797162413597107,0.0002656250027939677,-0.01316211186349392,-0.25,-1.0434308052062988,-0.0048581975146121175,0.04887853190302849,0.11912127958879667,0.21284888684749603,0.0,-2.9200687408447266,0.4938794672489166,-0.21562939882278442,3.7707812786102295
0.11765503883361816,5.0,-0.024648437276482582,0.0,-0.00044921872904524207,-3.0,-0.025458984076976776,0.5,-0.538303017616272,0.002985997638400719,-0.013137176632881165,-0.25,-1.220560073852539,0.007987608640863533,0.051862481981515884,0.2575598703870191,0.20949266850948334,0.0,-2.8861258029937744,0.43577155470848083,-0.17612069845199585,3.6500070095062256
0.12239456176757812,5.0,-0.024648437276482582,0.0,-0.00044921872904524207,-3.0,-0.025458984076976776,0.5,-0.538303017616272,0.00035937498323619367,-0.013137176632881165,-0.25,-1.220560073852539,-0.003909775847847606,0.051862481981515884,0.12634276229513292,0.20949266850948334,0.0,-2.8861258029937744,0.43577155470848083,-0.17612069845199585,3.6500070095062256
0.12722373008728027,5.0,-0.028632812201976776,0.0,-0.0005371093866415322,-3.0,-0.03477539122104645,0.5,-0.5860253572463989,0.002249683247248304,-0.012430544942617416,-0.25,-1.369848608970642,0.004226737185936369,0.054281871765851974,0.23099536687972944,0.2071657031774521,0.0,-2.860489845275879,0.39959466457366943,-0.14880584180355072,3.5251989364624023
0.13221430778503418,5.0,-0.028632812201976776,0.0,-0.0005371093866415322,-3.0,-0.03477539122104645,0.5,-0.5860253572463989,0.00042968750931322576,-0.012430544942617416,-0.25,-1.369848608970642,-0.0020883407414242655,0.054281871765851974,0.1322827329142817,0.2071657031774521,0.0,-2.860489845275879,0.39959466457366943,-0.14880584180355072,3.5251989364624023
0.13707733154296875,5.0,-0.03824218735098839,0.0,-0.0006835937383584678,-3.0,-0.058222655206918716,0.5,-0.6950981020927429,0.00042968750931322576,-0.008946368470788002,-0.25,-1.7296322584152222,0.0015597738974473326,0.0583033487200737,0.13238836025656187,0.20457231998443604,0.0,-2.8178811073303223,0.3796367943286896,-0.020145349204540253,3.2791895866394043
0.14175009727478027,5.0,-0.03824218735098839,0.0,-0.0006835937383584678,-3.0,-0.058222655206918716,0.5,-0.6950981020927429,0.00368172831148758,-0.008946368470788002,-0.25,-1.7296322584152222,0.0010363134705570663,0.0583033487200737,0.35,0.20457231998443604,0.0,-2.8178811073303223,0.3796367943286896,-0.020145349204540253,3.2791895866394043
0.14648842811584473,5.0,-0.03824218735098839,0.0,-0.0006835937383584678,-3.0,-0.058222655206918716,0.5,-0.6950981020927429,0.0005468749906867743,-0.008946368470788002,-0.25,-1.7296322584152222,-0.00545812933698153,0.060675621032714844,0.14570203331118026,0.2024977058172226,0.0,-2.788189649581909,0.4097134470939636,-0.07860425114631653,3.120532751083374
0.1511850357055664,5.0,-0.046757809817790985,0.0,-0.0007519531063735485,-3.0,-0.07984374463558197,0.5,-0.7787672877311707,0.002057067691977995,-0.004273358266800642,-0.25,-2.008108377456665,-0.005955388105161752,0.060675621032714844,0.33401058229743985,0.2024977058172226,0.0,-2.788189649581909,0.4097134470939636,-0.07860425114631653,3.120532751083374
0.15571928024291992,5.0,-0.046757809817790985,0.0,-0.0007519531063735485,-3.0,-0.07984374463558197,0.5,-0.7787672877311707,0.0006015624850988388,-0.004273358266800642,-0.25,-2.008108377456665,-0.0026053750210326162,0.06228617578744888,0.15597841782255134,0.2003410905599594,0.0,-2.761488437652588,0.44484958052635193,0.011477038264274597,3.0003507137298584
0.16046476364135742,5.0,-0.051874998956918716,0.0,-0.0007617187220603228,-3.0,-0.0932324230670929,0.5,-0.8273782730102539,0.0008151625627442189,-0.0007554575568065047,-0.25,-2.1750102043151855,-0.006754757285404303,0.06228617578744888,0.2643740364199991,0.2003410905599594,0.0,-2.761488437652588,0.44484958052635193,0.011477038264274597,3.0003507137298584
0.16536664962768555,5.0,-0.051874998956918716,0.0,-0.0007617187220603228,-3.0,-0.0932324230670929,0.5,-0.8273782730102539,0.0006093749776482582,-0.0007554575568065047,-0.25,-2.1750102043151855,-0.00023608778246979992,0.06336485594511032,0.16206785022630218,0.19875586032867432,0.0,-2.7288832664489746,0.5074290037155151,0.03305906057357788,2.904078245162964
0.169999361038208,5.0,-0.06367187201976776,0.0,-0.0006933593540452421,-3.0,-0.1247851550579071,0.5,-0.9270821809768677,-0.0009208926243399735,0.008372782729566097,-0.25,-2.518770694732666,-0.024103218798381603,0.06336485594511032,0.35,0.19875586032867432,0.0,-2.7288832664489746,0.5074290037155151,0.03305906057357788,2.904078245162964
0.17466950416564941,5.0,-0.06367187201976776,0.0,-0.0006933593540452421,-3.0,-0.1247851550579071,0.5,-0.9270821809768677,0.0005546874832361937,0.008372782729566097,-0.25,-2.518770694732666,0.002239786240568417,0.06379950791597366,0.1742978379411628,0.19792293012142181,0.0,-2.701788902282715,0.5410098433494568,0.12820285558700562,2.85793137550354
0.17938494682312012,5.0,-0.07472655922174454,0.0,-0.0005175780970603228,-3.0,-0.15535156428813934,0.5,-1.0171005725860596,-0.0033137160100495623,0.01966759003698826,-0.25,-2.8387138843536377,-0.03489806495530717,0.06379950791597366,0.35,0.19792293012142181,0.0,-2.701788902282715,0.5410098433494568,0.12820285558700562,2.85793137550354
0.1841282844543457,5.0,-0.07472655922174454,0.0,-0.0005175780970603228,-3.0,-0.15535156428813934,0.5,-1.0171005725860596,0.0004140624776482582,0.01966759003698826,-0.25,-2.8387138843536377,0.005562914638853134,0.06399181485176086,0.18538704335410475,0.1980980485677719,0.0,-2.6700637340545654,0.5602338314056396,0.25189870595932007,2.8437771797180176
0.1887803077697754,5.0,-0.07472655922174454,0.0,-0.0005175780970603228,-3.0,-0.15535156428813934,0.5,-1.0171005725860596,0.0004140624776482582,0.01966759003698826,-0.25,-2.8387138843536377,-0.0022978544625185276,0.06399181485176086,0.18552819509881519,0.1980980485677719,0.0,-2.6700637340545654,0.5602338314056396,0.25189870595932007,2.8437771797180176
0.19324851036071777,5.0,-0.0817578136920929,0.0,-0.00035156248486600816,-3.0,-0.17527343332767487,0.5,-1.0715349912643433,-0.003434239827426881,0.027907414361834526,-0.25,-3.0341084003448486,-0.030804897769691923,0.06401532143354416,0.31402697398869583,0.19875429570674896,0.0,-2.6570112705230713,0.5739096403121948,0.3603819012641907,2.8464784622192383
0.1978754997253418,5.0,-0.0817578136920929,0.0,-0.00035156248486600816,-3.0,-0.17527343332767487,0.5,-1.0715349912643433,0.00028124998789280653,0.027907414361834526,-0.25,-3.0341084003448486,0.004722109292474257,0.06401532143354416,0.192346193588418,0.19875429570674896,0.0,-2.6570112705230713,0.5739096403121948,0.3603819012641907,2.8464784622192383
0.20263242721557617,5.0,-0.09949218481779099,0.0,0.0002929687325377017,-3.0,-0.22645018994808197,0.5,-1.1999179124832153,-0.013783692664865616,0.05143103003501892,-0.25,-3.498708486557007,-0.0868433244760613,0.06408946961164474,0.35,0.20118258893489838,0.0,-2.6184616088867188,0.5843949317932129,0.3719971776008606,2.8867881298065186
0.20724248886108398,5.0,-0.09949218481779099,0.0,0.0002929687325377017,-3.0,-0.22645018994808197,0.5,-1.1999179124832153,-0.00023437498603016139,0.05143103003501892,-0.25,-3.498708486557007,0.023187146479985175,0.06408946961164474,0.20807060638704034,0.20118258893489838,0.0,-2.6184616088867188,0.5843949317932129,0.3719971776008606,2.8867881298065186
0.21182870864868164,5.0,-0.11316405981779099,0.0,0.0009863281156867743,-3.0,-0.26667478680610657,0.5,-1.2941350936889648,-0.015907382487245235,0.07320506125688553,-0.25,-3.84208345413208,-0.0923566318841346,0.06412173062562943,0.35,0.20303772389888763,0.0,-2.5929806232452393,0.6059690713882446,0.41859060525894165,2.9185032844543457
0.2164921760559082,5.0,-0.11316405981779099,0.0,0.0009863281156867743,-3.0,-0.26667478680610657,0.5,-1.2941350936889648,-0.0007890624925494194,0.07320506125688553,-0.25,-3.84208345413208,0.02352049819935243,0.06412173062562943,0.21970857189976786,0.20303772389888763,0.0,-2.5929806232452393,0.6059690713882446,0.41859060525894165,2.9185032844543457
0.2211461067199707,5.0,-0.11316405981779099,0.0,0.0009863281156867743,-3.0,-0.26667478680610657,0.5,-1.2941350936889648,-0.0007890624925494194,0.07320506125688553,-0.25,-3.84208345413208,-0.00890501382927378,0.06392745673656464,0.21987556750632767,0.20543836057186127,0.0,-2.567164182662964,0.6463662385940552,0.49087363481521606,2.947017192840576
0.22579216957092285,5.0,-0.12140624970197678,0.0,0.001503906212747097,-3.0,-0.29136228561401367,0.5,-1.349300503730774,-0.012343269080694419,0.08766310662031174,-0.25,-4.043956279754639,-0.06802350829978521,0.06339149177074432,0.3454030799213457,0.20836244523525238,0.0,-2.539341449737549,0.693534791469574,0.5075784921646118,2.97301983833313
0.2304079532623291,5.0,-0.12140624970197678,0.0,0.001503906212747097,-3.0,-0.29136228561401367,0.5,-1.349300503730774,-0.0012031249701976777,0.08766310662031174,-0.25,-4.043956279754639,0.01342772881273183,0.06339149177074432,0.22683797546086995,0.20836244523525238,0.0,-2.539341449737549,0.693534791469574,0.5075784921646118,2.97301983833313
0.23514890670776367,5.0,-0.14292968809604645,0.0,0.0032031249720603228,-3.0,-0.3566991984844208,0.5,-1.4872148036956787,-0.038403787576655045,0.12900571525096893,-0.25,-4.552341461181641,-0.18581800899015447,0.06283465772867203,0.35,0.21095214784145355,0.0,-2.5141680240631104,0.7257526516914368,0.5253680348396301,2.992539644241333
0.23978281021118164,5.0,-0.14292968809604645,0.0,0.0032031249720603228,-3.0,-0.3566991984844208,0.5,-1.4872148036956787,-0.0025624999776482586,0.12900571525096893,-0.25,-4.552341461181641,0.06148631056443164,0.06283465772867203,0.2437602885468843,0.21095214784145355,0.0,-2.5141680240631104,0.7257526516914368,0.5253680348396301,2.992539644241333
0.2444777488708496,5.0,-0.15996094048023224,0.0,0.0048632812686264515,-3.0,-0.40922850370407104,0.5,-1.5909597873687744,-0.03925117851537089,0.16625629365444183,-0.25,-4.936561107635498,-0.1822386389859933,0.06166309863328934,0.35,0.2147439569234848,0.0,-2.481513261795044,0.817236602306366,0.5725982189178467,3.0063469409942627
0.24902915954589844,5.0,-0.15996094048023224,0.0,0.0048632812686264515,-3.0,-0.40922850370407104,0.5,-1.5909597873687744,-0.0038906250149011615,0.16625629365444183,-0.25,-4.936561107635498,0.05716771701639442,0.06166309863328934,0.25659636148043297,0.2147439569234848,0.0,-2.481513261795044,0.817236602306366,0.5725982189178467,3.0063469409942627
0.25368165969848633,5.0,-0.15996094048023224,0.0,0.0048632812686264515,-3.0,-0.40922850370407104,0.5,-1.5909597873687744,-0.0038906250149011615,0.16625629365444183,-0.25,-4.936561107635498,-0.020539530026166368,0.06166309863328934,0.2567909252950287,0.2147439569234848,0.0,-2.481513261795044,0.817236602306366,0.5725982189178467,3.0063469409942627
0.2584061622619629,5.0,-0.17374999821186066,0.0,0.006425781175494194,-3.0,-0.452216774225235,0.5,-1.671034812927246,-0.03821288780563052,0.19869866967201233,-0.25,-5.234279155731201,-0.1698893727167636,0.06043383851647377,0.35,0.2174241542816162,0.0,-2.461214780807495,0.8964338898658752,0.6143743991851807,3.0069966316223145
0.26289963722229004,5.0,-0.17374999821186066,0.0,0.006425781175494194,-3.0,-0.452216774225235,0.5,-1.671034812927246,-0.005140624940395355,0.19869866967201233,-0.25,-5.234279155731201,0.04897731919393362,0.06043383851647377,0.26680017936422445,0.2174241542816162,0.0,-2.461214780807495,0.8964338898658752,0.6143743991851807,3.0069966316223145
0.26753783226013184,5.0,-0.19464842975139618,0.0,0.00920898374170065,-3.0,-0.5181787014007568,0.5,-1.7861131429672241,-0.06737334334295443,0.2511083483695984,-0.25,-5.6654052734375,-0.2855802321515687,0.05669340118765831,0.35,0.22286449372768402,0.0,-2.424114465713501,1.0244450569152832,0.635948657989502,2.999073028564453
0.2722353935241699,5.0,-0.19464842975139618,0.0,0.00920898374170065,-3.0,-0.5181787014007568,0.5,-1.7861131429672241,-0.00736718699336052,0.2511083483695984,-0.25,-5.6654052734375,0.09650545782456628,0.05363840237259865,0.2810364308726472,0.22702167928218842,0.0,-2.3974993228912354,1.0170962810516357,0.649489164352417,2.9919698238372803
0.27690672874450684,5.0,-0.21824218332767487,0.0,0.012890624813735485,-3.0,-0.5937890410423279,0.5,-1.9077717065811157,-0.08912596320524757,0.31687837839126587,-0.25,-6.126689910888672,-0.35,0.05363840237259865,0.35,0.22702167928218842,0.0,-2.3974993228912354,1.0170962810516357,0.649489164352417,2.9919698238372803
0.2817237377166748,5.0,-0.21824218332767487,0.0,0.012890624813735485,-3.0,-0.5937890410423279,0.5,-1.9077717065811157,-0.010312499850988388,0.31687837839126587,-0.25,-6.126689910888672,0.12406614904491564,0.05363840237259865,0.2959326047897339,0.22702167928218842,0.0,-2.3974993228912354,1.0170962810516357,0.649489164352417,2.9919698238372803
0.2863614559173584,5.0,-0.23656249046325684,0.0,0.016152342781424522,-3.0,-0.6528759598731995,0.5,-1.9943917989730835,-0.08325210617429651,0.3701316714286804,-0.25,-6.457827568054199,-0.3268352580831656,0.05063236504793167,0.35,0.23136042058467865,0.0,-2.370628833770752,1.024186372756958,0.6576216220855713,2.9810571670532227
0.2909731864929199,5.0,-0.23656249046325684,0.0,0.016152342781424522,-3.0,-0.6528759598731995,0.5,-1.9943917989730835,-0.012921874225139619,0.3701316714286804,-0.25,-6.457827568054199,0.10617321201397714,0.05063236504793167,0.30632701587677,0.23136042058467865,0.0,-2.370628833770752,1.024186372756958,0.6576216220855713,2.9810571670532227
0.29565858840942383,5.0,-0.23656249046325684,0.0,0.016152342781424522,-3.0,-0.6528759598731995,0.5,-1.9943917989730835,-0.012921874225139619,0.3701316714286804,-0.25,-6.457827568054199,-0.04636559027292473,0.04791877418756485,0.30632701587677,0.23482583463191986,0.0,-2.349968194961548,1.1496353149414062,0.6682170033454895,2.9703757762908936
0.3002457618713379,5.0,-0.2614453136920929,0.0,0.02120117098093033,-3.0,-0.73388671875,0.5,-2.1004111766815186,-0.12702497167299792,0.4436294138431549,-0.046862818347193524,-6.866761207580566,-0.35,0.037596914917230606,0.35,0.24169717729091644,0.0,-2.312864065170288,1.6368556022644043,0.7088692784309387,2.9486608505249023
0.30488157272338867,5.0,-0.2614453136920929,0.0,0.02120117098093033,-3.0,-0.73388671875,0.5,-2.1004111766815186,-0.016960936784744262,0.4436294138431549,-0.25,-6.866761207580566,0.18165625881483255,0.037596914917230606,0.31904934120178224,0.24169717729091644,0.0,-2.312864065170288,1.6368556022644043,0.7088692784309387,2.9486608505249023
0.30953335762023926,5.0,-0.2836328148841858,0.0,0.026201171800494194,-3.0,-0.8067041039466858,0.5,-2.1869187355041504,-0.128446578553101,0.5154175162315369,-0.18927230702254993,-7.214692115783691,-0.35,0.03038594126701355,0.35,0.24685786664485931,0.0,-2.2873568534851074,1.6183836460113525,0.7234588265419006,2.9403960704803467
0.31423044204711914,5.0,-0.2836328148841858,0.0,0.026201171800494194,-3.0,-0.8067041039466858,0.5,-2.1869187355041504,-0.020960937440395358,0.5154175162315369,-0.25,-7.214692115783691,0.16386487971833455,0.03038594126701355,0.32943024826049805,0.24685786664485931,0.0,-2.2873568534851074,1.6183836460113525,0.7234588265419006,2.9403960704803467
0.31880784034729004,5.0,-0.30687499046325684,0.0,0.032001953572034836,-3.0,-0.8836669921875,0.5,-2.2585506439208984,-0.15232817459521839,0.583665132522583,-0.011698887108378075,-7.498851776123047,-0.35,0.025523150339722633,0.35,0.2521495819091797,0.0,-2.2625274658203125,1.1805386543273926,0.7376449108123779,2.9397542476654053
0.3234977722167969,5.0,-0.30687499046325684,0.0,0.032001953572034836,-3.0,-0.8836669921875,0.5,-2.2585506439208984,-0.02560156285762787,0.583665132522583,-0.25,-7.498851776123047,0.19636887648288465,0.025523150339722633,0.3380260772705078,0.2521495819091797,0.0,-2.2625274658203125,1.1805386543273926,0.7376449108123779,2.9397542476654053
0.3280971050262451,5.0,-0.30687499046325684,0.0,0.032001953572034836,-3.0,-0.8836669921875,0.5,-2.2585506439208984,-0.02560156285762787,0.583665132522583,-0.25,-7.498851776123047,-0.07389708837326667,0.02169809862971306,0.3380260772705078,0.25871384143829346,0.0,-2.2323760986328125,1.1995453834533691,0.7320988774299622,2.9423980712890625
0.33272719383239746,5.0,-0.3330078125,0.0,0.039189450442790985,-3.0,-0.9708593487739563,0.5,-2.329824209213257,-0.18658609627081366,0.6591318249702454,0.25,-7.782700061798096,-0.35,0.02169809862971306,0.35,0.25871384143829346,0.0,-2.2323760986328125,1.1995453834533691,0.7320988774299622,2.9423980712890625
0.3373985290527344,5.0,-0.3330078125,0.0,0.039189450442790985,-3.0,-0.9708593487739563,0.5,-2.329824209213257,-0.03135156035423279,0.6591318249702454,-0.25,-7.782700061798096,0.24852707101150412,0.018910007551312447,0.3465789051055908,0.2639511823654175,0.0,-2.2082486152648926,1.0483133792877197,0.7207314968109131,2.947134494781494
0.34207797050476074,5.0,-0.35695311427116394,0.0,0.046269528567790985,-3.0,-1.0510400533676147,0.5,-2.3881540298461914,-0.1883174010169678,0.7283924221992493,0.15429946002735728,-8.017717361450195,-0.35,0.01720375567674637,0.35,0.2693882882595062,0.0,-2.1827242374420166,1.0810915231704712,0.6964967250823975,2.9539997577667236
0.34668493270874023,5.0,-0.35695311427116394,0.0,0.046269528567790985,-3.0,-1.0510400533676147,0.5,-2.3881540298461914,-0.03701562285423279,0.7283924221992493,-0.25,-8.017717361450195,0.23548664538021524,0.01720375567674637,0.35,0.2693882882595062,0.0,-2.1827242374420166,1.0810915231704712,0.6964967250823975,2.9539997577667236
0.35149645805358887,5.0,-0.35695311427116394,0.0,0.046269528567790985,-3.0,-1.0510400533676147,0.5,-2.3881540298461914,-0.03701562285423279,0.7283924221992493,-0.25,-8.017717361450195,-0.09300684842457063,0.01720375567674637,0.35,0.2693882882595062,0.0,-2.1827242374420166,1.0810915231704712,0.6964967250823975,2.9539997577667236
0.3561136722564697,5.0,-0.3823828101158142,0.0,0.054375000298023224,-3.0,-1.1366162300109863,0.5,-2.444063425064087,-0.21904896491878623,0.8006646633148193,0.25,-8.243776321411133,-0.35,0.016229022294282913,0.35,0.27455684542655945,0.0,-2.1574959754943848,0.9340792298316956,0.6709502339363098,2.961829423904419
0.36067867279052734,5.0,-0.3823828101158142,0.0,0.054375000298023224,-3.0,-1.1366162300109863,0.5,-2.444063425064087,-0.04350000023841858,0.8006646633148193,-0.25,-8.243776321411133,0.28192521489585054,0.017107432708144188,0.35,0.2803886830806732,0.0,-2.12748122215271,0.7210018038749695,0.6447063684463501,2.9717655181884766
0.3654816150665283,5.0,-0.4109765589237213,0.0,0.0642382800579071,-3.0,-1.2334520816802979,0.5,-2.5067667961120605,-0.2567497392113791,0.8880207538604736,0.25,-8.508511543273926,-0.35,0.017107432708144188,0.35,0.2803886830806732,0.0,-2.12748122215271,0.7210018038749695,0.6447063684463501,2.9717655181884766
0.36981964111328125,5.0,-0.4109765589237213,0.0,0.0642382800579071,-3.0,-1.2334520816802979,0.5,-2.5067667961120605,-0.05139062404632569,0.8880207538604736,-0.25,-8.508511543273926,0.35,0.018316788598895073,0.35,0.2851961553096771,0.0,-2.101314067840576,0.6106682419776917,0.6124821901321411,2.979523181915283
0.3744323253631592,5.0,-0.44289061427116394,0.0,0.07607422024011612,-3.0,-1.3421533107757568,0.5,-2.5686376094818115,-0.31745487549431034,0.98123699426651,0.25,-8.76742172241211,-0.35,0.018316788598895073,0.35,0.2851961553096771,0.0,-2.101314067840576,0.6106682419776917,0.6124821901321411,2.979523181915283
0.3791213035583496,5.0,-0.44289061427116394,0.0,0.07607422024011612,-3.0,-1.3421533107757568,0.5,-2.5686376094818115,-0.0608593761920929,0.98123699426651,-0.25,-8.76742172241211,0.35,0.02028164453804493,0.35,0.28946101665496826,0.0,-2.0762991905212402,0.6391357779502869,0.5749869346618652,2.985489845275879
0.38384199142456055,5.0,-0.4704687297344208,0.0,0.08695312589406967,-3.0,-1.436464786529541,0.5,-2.612708568572998,-0.0608593761920929,1.0521572828292847,-0.25,-8.941516876220703,-0.12688807828105467,0.02028164453804493,0.35,0.28946101665496826,0.0,-2.0762991905212402,0.6391357779502869,0.5749869346618652,2.985489845275879
0.3883974552154541,5.0,-0.4704687297344208,0.0,0.08695312589406967,-3.0,-1.436464786529541,0.5,-2.612708568572998,-0.30837255723904283,1.0521572828292847,0.25,-8.941516876220703,-0.35,0.023732950910925865,0.35,0.29360494017601013,0.0,-2.0494680404663086,0.46182721853256226,0.5331668853759766,2.98934006690979
0.39304256439208984,5.0,-0.4704687297344208,0.0,0.08695312589406967,-3.0,-1.436464786529541,0.5,-2.612708568572998,-0.06956250071525574,1.0521572828292847,-0.25,-8.941516876220703,0.35,0.023732950910925865,0.35,0.29360494017601013,0.0,-2.0494680404663086,0.46182721853256226,0.5331668853759766,2.98934006690979
0.3976008892059326,5.0,-0.5002734065055847,0.0,0.09944335371255875,-3.0,-1.5387890338897705,0.5,-2.6644060611724854,-0.35356384924443374,1.1382708549499512,0.25,-9.159712791442871,-0.35,0.030362678691744804,0.35,0.29831981658935547,0.0,-2.014098882675171,0.40993109345436096,0.48399877548217773,2.992091417312622
0.40235185623168945,5.0,-0.5002734065055847,0.0,0.09944335371255875,-3.0,-1.5387890338897705,0.5,-2.6644060611724854,-0.079554682970047,1.1382708549499512,-0.25,-9.159712791442871,0.35,0.030362678691744804,0.35,0.29831981658935547,0.0,-2.014098882675171,0.40993109345436096,0.48399877548217773,2.992091417312622
0.4071767330169678,5.0,-0.5002734065055847,0.0,0.09944335371255875,-3.0,-1.5387890338897705,0.5,-2.6644060611724854,-0.079554682970047,1.1382708549499512,-0.25,-9.159712791442871,-0.14857298496789237,0.03321070969104767,0.35,0.3013477325439453,0.0,-1.9879428148269653,0.717248797416687,0.44643300771713257,2.991300344467163
0.411998987197876,5.0,-0.5285546779632568,0.0,0.11190429329872131,-3.0,-1.6362500190734863,0.5,-2.7099905014038086,-0.3479283033722906,1.2175477743148804,0.25,-9.350428581237793,-0.35,0.03321070969104767,0.35,0.3013477325439453,0.0,-1.9879428148269653,0.717248797416687,0.44643300771713257,2.991300344467163
0.41679883003234863,5.0,-0.5285546779632568,0.0,0.11190429329872131,-3.0,-1.6362500190734863,0.5,-2.7099905014038086,-0.08952343463897705,1.2175477743148804,-0.25,-9.350428581237793,0.35,0.03752261772751808,0.35,0.3046761453151703,0.0,-1.9551247358322144,0.38773974776268005,0.4120517075061798,2.9879403114318848
0.42159152030944824,5.0,-0.5558984279632568,0.0,0.12452147901058197,-3.0,-1.7308398485183716,0.5,-2.7497992515563965,-0.3628761251047943,1.2908120155334473,0.25,-9.5162992477417,-0.35,0.03752261772751808,0.35,0.3046761453151703,0.0,-1.9551247358322144,0.38773974776268005,0.4120517075061798,2.9879403114318848
0.42621731758117676,5.0,-0.5558984279632568,0.0,0.12452147901058197,-3.0,-1.7308398485183716,0.5,-2.7497992515563965,-0.09961718320846558,1.2908120155334473,-0.25,-9.5162992477417,0.35,0.04013264551758766,0.35,0.30642175674438477,0.0,-1.935787320137024,0.6314641833305359,0.39449310302734375,2.985004425048828
0.4308042526245117,5.0,-0.5854687094688416,0.0,0.13889648020267487,-3.0,-1.8336035013198853,0.5,-2.7939095497131348,-0.42450730319119545,1.374909520149231,0.25,-9.709396362304688,-0.35,0.04013264551758766,0.35,0.30642175674438477,0.0,-1.935787320137024,0.6314641833305359,0.39449310302734375,2.985004425048828
0.43558192253112793,5.0,-0.5854687094688416,0.0,0.13889648020267487,-3.0,-1.8336035013198853,0.5,-2.7939095497131348,-0.11111718416213989,1.374909520149231,-0.25,-9.709396362304688,0.35,0.03364533185958862,0.35,0.3095541000366211,0.0,-1.8972657918930054,1.5883618593215942,0.3576582670211792,2.976924419403076
0.4401984214782715,5.0,-0.6146484017372131,0.0,0.15366210043430328,-3.0,-1.935302734375,0.5,-2.8333985805511475,-0.4427742292293308,1.4616990089416504,0.25,-9.903928756713867,-0.35,0.03364533185958862,0.35,0.3095541000366211,0.0,-1.8972657918930054,1.5883618593215942,0.3576582670211792,2.976924419403076
0.4448873996734619,5.0,-0.6146484017372131,0.0,0.15366210043430328,-3.0,-1.935302734375,0.5,-2.8333985805511475,-0.12292968034744263,1.4616990089416504,-0.25,-9.903928756713867,0.35,0.02700234018266201,0.35,0.3117043673992157,0.0,-1.8712501525878906,1.819993019104004,0.3444342613220215,2.970466375350952
0.44954729080200195,5.0,-0.6446484327316284,0.0,0.16965819895267487,-3.0,-2.040898323059082,0.5,-2.8701181411743164,-0.47899849571880404,1.557334542274475,0.25,-10.11645221710205,-0.35,0.02700234018266201,0.35,0.3117043673992157,0.0,-1.8712501525878906,1.819993019104004,0.3444342613220215,2.970466375350952
0.45432043075561523,5.0,-0.6446484327316284,0.0,0.16965819895267487,-3.0,-2.040898323059082,0.5,-2.8701181411743164,-0.1357265591621399,1.557334542274475,-0.25,-10.11645221710205,0.35,0.021126076579093933,0.35,0.3140755593776703,0.0,-1.8435903787612915,1.519116759300232,0.3356698155403137,2.9629642963409424
0.4589383602142334,5.0,-0.6446484327316284,0.0,0.16965819895267487,-3.0,-2.040898323059082,0.5,-2.8701181411743164,-0.1357265591621399,1.557334542274475,-0.25,-10.11645221710205,-0.2073041506780079,0.021126076579093933,0.35,0.3140755593776703,0.0,-1.8435903787612915,1.519116759300232,0.3356698155403137,2.9629642963409424
0.46378040313720703,5.0,-0.6787890195846558,0.0,0.18886718153953552,-3.0,-2.161992073059082,0.5,-2.9048287868499756,-0.5,1.6658233404159546,0.25,-10.34876537322998,-0.35,0.01806594803929329,0.35,0.3172074556350708,0.0,-1.8073571920394897,1.0201338529586792,0.32128971815109253,2.9545881748199463
0.46838974952697754,5.0,-0.6787890195846558,0.0,0.18886718153953552,-3.0,-2.161992073059082,0.5,-2.9048287868499756,-0.15109374523162844,1.6658233404159546,-0.25,-10.34876537322998,0.35,0.01806594803929329,0.35,0.3172074556350708,0.0,-1.8073571920394897,1.0201338529586792,0.32128971815109253,2.9545881748199463
0.47281408309936523,5.0,-0.7076953053474426,0.0,0.2059374898672104,-3.0,-2.265688419342041,0.5,-2.9306254386901855,-0.5,1.7616649866104126,0.25,-10.551424026489258,-0.35,0.01885211654007435,0.35,0.31924888491630554,0.0,-1.7831171751022339,0.8645121455192566,0.31260597705841064,2.950770139694214
0.47749924659729004,5.0,-0.7076953053474426,0.0,0.2059374898672104,-3.0,-2.265688419342041,0.5,-2.9306254386901855,-0.16474999189376832,1.7616649866104126,-0.25,-10.551424026489258,0.35,0.01885211654007435,0.35,0.31924888491630554,0.0,-1.7831171751022339,0.8645121455192566,0.31260597705841064,2.950770139694214
0.48233532905578613,5.0,-0.7442187070846558,0.0,0.2286035120487213,-3.0,-2.398076057434082,0.5,-2.958418846130371,-0.5,1.8799556493759155,0.25,-10.793306350708008,-0.35,0.02099495567381382,0.35,0.3217705488204956,0.0,-1.750616192817688,0.697544515132904,0.29132094979286194,2.9486355781555176
0.4870262145996094,5.0,-0.7442187070846558,0.0,0.2286035120487213,-3.0,-2.398076057434082,0.5,-2.958418846130371,-0.18288280963897707,1.8799556493759155,-0.25,-10.793306350708008,0.35,0.02099495567381382,0.35,0.3217705488204956,0.0,-1.750616192817688,0.697544515132904,0.29132094979286194,2.9486355781555176
0.4918036460876465,5.0,-0.7442187070846558,0.0,0.2286035120487213,-3.0,-2.398076057434082,0.5,-2.958418846130371,-0.18288280963897707,1.8799556493759155,-0.25,-10.793306350708008,-0.2530561337781897,0.02199680171906948,0.35,0.3226141631603241,0.0,-1.7387399673461914,0.6960962414741516,0.28212273120880127,2.9486396312713623
0.49658870697021484,5.0,-0.7787890434265137,0.0,0.25121092796325684,-3.0,-2.524955987930298,0.5,-2.9766342639923096,-0.5,1.9697574377059937,0.25,-10.95014476776123,-0.35,0.02199680171906948,0.35,0.3226141631603241,0.0,-1.7387399673461914,0.6960962414741516,0.28212273120880127,2.9486396312713623
0.5012671947479248,5.0,-0.7787890434265137,0.0,0.25121092796325684,-3.0,-2.524955987930298,0.5,-2.9766342639923096,-0.20096874237060547,1.9697574377059937,-0.25,-10.95014476776123,0.35,0.04030848294496536,0.35,0.32480332255363464,0.0,-1.6961675882339478,-0.8283332586288452,0.22987496852874756,2.958378791809082
0.5061943531036377,5.0,-0.80921870470047,0.0,0.2716308534145355,-3.0,-2.6369969844818115,0.5,-2.9872264862060547,-0.5,2.0218312740325928,0.25,-11.004753112792969,-0.35,0.055481866002082825,0.35,0.32553303241729736,0.0,-1.6693377494812012,-0.6915047764778137,0.2295140027999878,2.9619712829589844
0.5106644630432129,5.0,-0.80921870470047,0.0,0.2716308534145355,-3.0,-2.6369969844818115,0.5,-2.9872264862060547,-0.21730468273162842,2.0218312740325928,-0.25,-11.004753112792969,0.35,0.055481866002082825,0.35,0.32553303241729736,0.0,-1.6693377494812012,-0.6915047764778137,0.2295140027999878,2.9619712829589844
0.5153577327728271,5.0,-0.80921870470047,0.0,0.2716308534145355,-3.0,-2.6369969844818115,0.5,-2.9872264862060547,-0.21730468273162842,2.0218312740325928,-0.25,-11.004753112792969,-0.2753101769189722,0.055481866002082825,0.35,0.32553303241729736,0.0,-1.6693377494812012,-0.6915047764778137,0.2295140027999878,2.9619712829589844
0.5200707912445068,5.0,-0.8442187309265137,0.0,0.2955371141433716,-3.0,-2.7656590938568115,0.5,-2.9948348999023438,-0.5,2.0591952800750732,0.25,-10.998950004577637,-0.35,0.07069964706897736,0.35,0.32592082023620605,0.0,-1.6396968364715576,-0.46102941036224365,0.2353215217590332,2.9635212421417236
0.5247313976287842,5.0,-0.8442187309265137,0.0,0.2955371141433716,-3.0,-2.7656590938568115,0.5,-2.9948348999023438,-0.23642969131469727,2.0591952800750732,-0.1874727249145508,-10.998950004577637,0.28305293467939086,0.07650425285100937,0.35,0.3259750306606293,0.0,-1.6272332668304443,-0.46560364961624146,0.23020553588867188,2.964409351348877
0.5292174816131592,5.0,-0.8767968416213989,0.0,0.31809568405151367,-3.0,-2.8847997188568115,0.5,-2.9999449253082275,-0.5,2.08481764793396,0.25,-10.965632438659668,-0.35,0.07650425285100937,0.35,0.3259750306606293,0.0,-1.6272332668304443,-0.46560364961624146,0.23020553588867188,2.964409351348877
0.5340330600738525,5.0,-0.8767968416213989,0.0,0.31809568405151367,-3.0,-2.8847997188568115,0.5,-2.9999449253082275,-0.25447654724121094,2.08481764793396,-0.09216022491455078,-10.965632438659668,0.22213715721864674,0.08276724815368652,0.35,0.3266841173171997,0.0,-1.5882079601287842,0.7113531231880188,0.3015681505203247,2.9564566612243652
0.5385897159576416,5.0,-0.90589839220047,0.0,0.3384960889816284,-3.0,-2.9910595417022705,0.5,-3.008002281188965,-0.5,2.1217997074127197,0.25,-10.97697639465332,-0.35,0.08276724815368652,0.35,0.3266841173171997,0.0,-1.5882079601287842,0.7113531231880188,0.3015681505203247,2.9564566612243652
0.5433974266052246,5.0,-0.90589839220047,0.0,0.3384960889816284,-3.0,-2.9910595417022705,0.5,-3.008002281188965,-0.27079687118530277,2.1217997074127197,-0.007152366638183594,-10.97697639465332,0.18262909988140352,0.08209310472011566,0.35,0.3271772563457489,0.0,-1.5630561113357544,1.285543441772461,0.3070406913757324,2.9573209285736084
0.5479874610900879,5.0,-0.9399999976158142,0.0,0.3628808557987213,-3.0,-3.1155662536621094,0.5,-3.020226001739502,-0.5,2.184272527694702,0.25,-11.045473098754883,-0.35,0.08209310472011566,0.35,0.3271772563457489,0.0,-1.5630561113357544,1.285543441772461,0.3070406913757324,2.9573209285736084
0.5523152351379395,5.0,-0.9399999976158142,0.0,0.3628808557987213,-3.0,-3.1155662536621094,0.5,-3.020226001739502,-0.2903046846389771,2.184272527694702,0.0924530029296875,-11.045473098754883,0.1805846150840839,0.07729977369308472,0.35,0.3276922404766083,0.0,-1.5334867238998413,1.6888954639434814,0.2824631929397583,2.963395595550537
0.5567197799682617,5.0,-0.9399999976158142,0.0,0.3628808557987213,-3.0,-3.1155662536621094,0.5,-3.020226001739502,-0.2903046846389771,2.184272527694702,0.0924530029296875,-11.045473098754883,-0.3039492654800415,0.07729977369308472,0.35,0.3276922404766083,0.0,-1.5334867238998413,1.6888954639434814,0.2824631929397583,2.963395595550537
0.5611011981964111,5.0,-0.9564452767372131,0.0,0.3748828172683716,-3.0,-3.1757469177246094,0.5,-3.0258922576904297,-0.5,2.2197933197021484,0.25,-11.093820571899414,-0.35,0.07260890305042267,0.35,0.3279550075531006,0.0,-1.5038701295852661,1.401564359664917,0.23776108026504517,2.973295211791992
0.565899133682251,5.0,-0.9564452767372131,0.0,0.3748828172683716,-3.0,-3.1757469177246094,0.5,-3.0258922576904297,-0.29990625381469727,2.2197933197021484,0.1405975341796875,-11.093820571899414,0.10767739484722916,0.07260890305042267,0.35,0.3279550075531006,0.0,-1.5038701295852661,1.401564359664917,0.23776108026504517,2.973295211791992
0.5705020427703857,5.0,-0.9981640577316284,0.0,0.4063769578933716,-3.0,-3.329775333404541,0.5,-3.0405726432800293,-0.5,2.3372962474823,0.25,-11.295211791992188,-0.35,0.07026740163564682,0.35,0.32804378867149353,0.0,-1.4793583154678345,1.349170446395874,0.21897059679031372,2.979856252670288
0.5751996040344238,5.0,-0.9981640577316284,0.0,0.4063769578933716,-3.0,-3.329775333404541,0.5,-3.0405726432800293,-0.3251015663146973,2.3372962474823,0.25,-11.295211791992188,0.045829777443583464,0.07026740163564682,0.35,0.32804378867149353,0.0,-1.4793583154678345,1.349170446395874,0.21897059679031372,2.979856252670288
0.5800464153289795,5.0,-1.0360546112060547,0.0,0.43632811307907104,-3.0,-3.471914052963257,0.5,-3.048367738723755,-0.5,2.4570107460021973,0.25,-11.51441764831543,-0.35,0.06684859097003937,0.35,0.3281205892562866,0.0,-1.4535090923309326,1.4052660465240479,0.21291905641555786,2.9846675395965576
0.584815502166748,5.0,-1.0360546112060547,0.0,0.43632811307907104,-3.0,-3.471914052963257,0.5,-3.048367738723755,-0.3490624904632569,2.4570107460021973,0.25,-11.51441764831543,-0.02723736208979699,0.06684859097003937,0.35,0.3281205892562866,0.0,-1.4535090923309326,1.4052660465240479,0.21291905641555786,2.9846675395965576
0.5894515514373779,5.0,-1.0534765720367432,0.0,0.45060545206069946,-3.0,-3.5381884574890137,0.5,-3.049764633178711,-0.5,2.5160977840423584,0.25,-11.626744270324707,-0.35,0.06194192171096802,0.35,0.32830488681793213,0.0,-1.421933889389038,1.5754258632659912,0.21094387769699097,2.988043785095215
0.594200849533081,5.0,-1.0534765720367432,0.0,0.45060545206069946,-3.0,-3.5381884574890137,0.5,-3.049764633178711,-0.36048436164855957,2.5160977840423584,0.25,-11.626744270324707,-0.05842931531423545,0.06194192171096802,0.35,0.32830488681793213,0.0,-1.421933889389038,1.5754258632659912,0.21094387769699097,2.988043785095215
0.5988028049468994,5.0,-1.0939452648162842,0.0,0.4852636754512787,-3.0,-3.695009708404541,0.5,-3.046905517578125,-0.5,2.6627159118652344,0.25,-11.91513442993164,-0.35,0.0561051182448864,0.35,0.32864150404930115,0.0,-1.3922092914581299,1.6692345142364502,0.2129477858543396,2.9890542030334473
0.6034817695617676,5.0,-1.0939452648162842,0.0,0.4852636754512787,-3.0,-3.695009708404541,0.5,-3.046905517578125,-0.388210940361023,2.6627159118652344,0.25,-11.91513442993164,-0.1341928528403989,0.0561051182448864,0.35,0.32864150404930115,0.0,-1.3922092914581299,1.6692345142364502,0.2129477858543396,2.9890542030334473
0.608130693435669,5.0,-1.0939452648162842,0.0,0.4852636754512787,-3.0,-3.695009708404541,0.5,-3.046905517578125,-0.388210940361023,2.6627159118652344,0.25,-11.91513442993164,-0.35,0.048021622002124786,0.35,0.329137921333313,0.0,-1.3608916997909546,1.9301843643188477,0.20265448093414307,2.988412618637085
0.6128571033477783,5.0,-1.129335880279541,0.0,0.5171582102775574,-3.0,-3.8355517387390137,0.5,-3.033984422683716,-0.5,2.7970025539398193,0.25,-12.186591148376465,-0.35,0.048021622002124786,0.35,0.329137921333313,0.0,-1.3608916997909546,1.9301843643188477,0.20265448093414307,2.988412618637085
0.6174273490905762,5.0,-1.129335880279541,0.0,0.5171582102775574,-3.0,-3.8355517387390137,0.5,-3.033984422683716,-0.4137265682220459,2.7970025539398193,0.25,-12.186591148376465,-0.20351551907384294,0.03969677910208702,0.35,0.32961878180503845,0.0,-1.3362067937850952,2.157217502593994,0.1886533498764038,2.986806869506836
0.622112512588501,5.0,-1.1541796922683716,0.0,0.5406347513198853,-3.0,-3.936713695526123,0.5,-3.0180177688598633,-0.5,2.8946964740753174,0.25,-12.389122009277344,-0.35,0.032089412212371826,0.35,0.3300594091415405,0.0,-1.317094326019287,2.3495047092437744,0.17577195167541504,2.985306978225708
0.6270134449005127,5.0,-1.1541796922683716,0.0,0.5406347513198853,-3.0,-3.936713695526123,0.5,-3.0180177688598633,-0.43250780105590825,2.8946964740753174,0.25,-12.389122009277344,-0.2685515338369181,0.032089412212371826,0.35,0.3300594091415405,0.0,-1.317094326019287,2.3495047092437744,0.17577195167541504,2.985306978225708
0.6316099166870117,5.0,-1.195742130279541,0.0,0.5822656154632568,-3.0,-4.111709117889404,0.5,-2.976607084274292,-0.43250780105590825,3.0631511211395264,0.25,-12.74880599975586,-0.35,0.014620971865952015,0.35,0.3312012851238251,0.0,-1.2796307802200317,2.5580897331237793,0.16312360763549805,2.983050584793091
0.6362166404724121,5.0,-1.195742130279541,0.0,0.5822656154632568,-3.0,-4.111709117889404,0.5,-2.976607084274292,-0.5,3.0631511211395264,0.25,-12.74880599975586,-0.35,0.014620971865952015,0.3343010169693481,0.3312012851238251,0.0,-1.2796307802200317,2.5580897331237793,0.16312360763549805,2.983050584793091
0.6410074234008789,5.0,-1.195742130279541,0.0,0.5822656154632568,-3.0,-4.111709117889404,0.5,-2.976607084274292,-0.4658124923706055,3.0631511211395264,0.25,-12.74880599975586,-0.35,0.0012320149689912796,0.35,0.33234116435050964,0.0,-1.2531336545944214,2.6481146812438965,0.15843653678894043,2.982008457183838
0.6455440521240234,5.0,-1.2268359661102295,0.0,0.6153905987739563,-3.0,-4.248012542724609,0.5,-2.9299840927124023,-0.5,3.190547227859497,0.25,-13.03018569946289,-0.35,0.0012320149689912796,0.31582796289340925,0.33234116435050964,0.0,-1.2531336545944214,2.6481146812438965,0.15843653678894043,2.982008457183838
0.6501586437225342,5.0,-1.2268359661102295,0.0,0.6153905987739563,-3.0,-4.248012542724609,0.5,-2.9299840927124023,-0.4923124790191651,3.190547227859497,0.25,-13.03018569946289,-0.35,-0.012779475189745426,0.35,0.33374738693237305,0.0,-1.2265456914901733,2.7174572944641113,0.14247357845306396,2.9814298152923584
0.6548287868499756,5.0,-1.2500780820846558,0.0,0.641357421875,-3.0,-4.353188514709473,0.5,-2.886045455932617,-0.5,3.285715341567993,0.25,-13.246317863464355,-0.35,-0.019101236015558243,0.3192413215691736,0.33442577719688416,0.0,-1.2148144245147705,2.7377374172210693,0.1307525634765625,2.9813051223754883
0.65948486328125,5.0,-1.2500780820846558,0.0,0.641357421875,-3.0,-4.353188514709473,0.5,-2.886045455932617,-0.5,3.285715341567993,0.25,-13.246317863464355,-0.35,-0.019101236015558243,0.35,0.33442577719688416,0.0,-1.2148144245147705,2.7377374172210693,0.1307525634765625,2.9813051223754883
0.6639080047607422,5.0,-1.2500780820846558,0.0,0.641357421875,-3.0,-4.353188514709473,0.5,-2.886045455932617,-0.5,3.285715341567993,0.25,-13.246317863464355,-0.35,-0.019101236015558243,0.35,0.33442577719688416,0.0,-1.2148144245147705,2.7377374172210693,0.1307525634765625,2.9813051223754883
0.6686947345733643,5.0,-1.2942187786102295,0.0,0.6945117115974426,-3.0,-4.564467906951904,0.5,-2.7796242237091064,-0.5,3.4674160480499268,0.25,-13.675355911254883,-0.35,-0.04189365357160568,0.1782293601996776,0.3369638919830322,0.0,-1.172605037689209,2.7293858528137207,0.08065497875213623,2.9814748764038086
0.673408031463623,5.0,-1.2942187786102295,0.0,0.6945117115974426,-3.0,-4.564467906951904,0.5,-2.7796242237091064,-0.5,3.4674160480499268,0.25,-13.675355911254883,-0.35,-0.04189365357160568,0.35,0.3369638919830322,0.0,-1.172605037689209,2.7293858528137207,0.08065497875213623,2.9814748764038086
0.6778171062469482,5.0,-1.3216015100479126,0.0,0.7299218773841858,-3.0,-4.703197956085205,0.5,-2.695739269256592,-0.5,3.578181266784668,0.25,-13.95124626159668,-0.35,-0.05845744162797928,0.2002334806014956,0.33912429213523865,0.0,-1.1407095193862915,2.645627021789551,0.03456401824951172,2.9817707538604736
0.6824688911437988,5.0,-1.3216015100479126,0.0,0.7299218773841858,-3.0,-4.703197956085205,0.5,-2.695739269256592,-0.5,3.578181266784668,0.25,-13.95124626159668,-0.35,-0.07058551907539368,0.35,0.3402683734893799,0.0,-1.115834355354309,2.5552799701690674,-0.0777198076248169,2.979450225830078
0.687138557434082,5.0,-1.3216015100479126,0.0,0.7299218773841858,-3.0,-4.703197956085205,0.5,-2.695739269256592,-0.5,3.578181266784668,0.25,-13.95124626159668,-0.35,-0.07058551907539368,0.35,0.3402683734893799,0.0,-1.115834355354309,2.5552799701690674,-0.0777198076248169,2.979450225830078
0.691953182220459,5.0,-1.3427734375,0.0,0.7589550614356995,-3.0,-4.815883636474609,0.5,-2.6210267543792725,-0.5,3.6630001068115234,0.25,-14.171540260314941,-0.35,-0.08457829803228378,0.2263449397520156,0.34074923396110535,0.0,-1.0840411186218262,2.3936948776245117,-0.21256041526794434,2.963679790496826
0.6966309547424316,5.0,-1.3427734375,0.0,0.7589550614356995,-3.0,-4.815883636474609,0.5,-2.6210267543792725,-0.5,3.6630001068115234,0.25,-14.171540260314941,-0.35,-0.08457829803228378,0.35,0.34074923396110535,0.0,-1.0840411186218262,2.3936948776245117,-0.21256041526794434,2.963679790496826
0.701329231262207,5.0,-1.3762500286102295,0.0,0.808398425579071,-3.0,-5.005835056304932,0.5,-2.485283374786377,-0.5,3.7955257892608643,0.25,-14.534770965576172,-0.35,-0.09423015266656876,0.07631235674539943,0.3409373462200165,0.0,-1.0601855516433716,2.2794673442840576,-0.26879453659057617,2.9439408779144287
0.7060277462005615,5.0,-1.3762500286102295,0.0,0.808398425579071,-3.0,-5.005835056304932,0.5,-2.485283374786377,-0.5,3.7955257892608643,0.25,-14.534770965576172,-0.35,-0.09423015266656876,0.35,0.3409373462200165,0.0,-1.0601855516433716,2.2794673442840576,-0.26879453659057617,2.9439408779144287
0.7106082439422607,5.0,-1.4054296016693115,0.0,0.8552050590515137,-3.0,-5.184399127960205,0.5,-2.347041368484497,-0.5,3.9066219329833984,0.25,-14.865720748901367,-0.35,-0.1032433807849884,0.046839321911248066,0.34096500277519226,0.0,-1.0360583066940308,2.1674773693084717,-0.3100053071975708,2.9129929542541504
0.7153134346008301,5.0,-1.4054296016693115,0.0,0.8552050590515137,-3.0,-5.184399127960205,0.5,-2.347041368484497,-0.5,3.9066219329833984,0.25,-14.865720748901367,-0.35,-0.1032433807849884,0.3486449642181396,0.34096500277519226,0.0,-1.0360583066940308,2.1674773693084717,-0.3100053071975708,2.9129929542541504
0.720090389251709,5.0,-1.4054296016693115,0.0,0.8552050590515137,-3.0,-5.184399127960205,0.5,-2.347041368484497,-0.5,3.9066219329833984,0.25,-14.865720748901367,-0.35,-0.11377299576997757,0.3486449642181396,0.3400131165981293,0.0,-1.0056027173995972,2.0523533821105957,-0.46265295147895813,2.8576889038085938
0.724799394607544,5.0,-1.4230077266693115,0.0,0.8855273127555847,-3.0,-5.299604415893555,0.5,-2.254218816757202,-0.5,3.9715774059295654,0.25,-15.07331657409668,-0.35,-0.11377299576997757,0.14038915001633231,0.3400131165981293,0.0,-1.0056027173995972,2.0523533821105957,-0.46265295147895813,2.8576889038085938
0.7294607162475586,5.0,-1.4230077266693115,0.0,0.8855273127555847,-3.0,-5.299604415893555,0.5,-2.254218816757202,-0.5,3.9715774059295654,0.25,-15.07331657409668,-0.35,-0.12161122262477875,0.33750625801086426,0.3382682502269745,0.0,-0.9812314510345459,1.962149739265442,-0.5573195219039917,2.7967398166656494
0.7341873645782471,5.0,-1.4516406059265137,0.0,0.9393749833106995,-3.0,-5.503579139709473,0.5,-2.085855722427368,-0.5,4.074672222137451,0.25,-15.430273056030273,-0.35,-0.12161122262477875,-0.03889706110190627,0.3382682502269745,0.0,-0.9812314510345459,1.962149739265442,-0.5573195219039917,2.7967398166656494
0.7387454509735107,5.0,-1.4516406059265137,0.0,0.9393749833106995,-3.0,-5.503579139709473,0.5,-2.085855722427368,-0.5,4.074672222137451,0.25,-15.430273056030273,-0.35,-0.13046514987945557,0.3173026866912842,0.3361360728740692,0.0,-0.9528671503067017,1.8757729530334473,-0.5956763029098511,2.7193055152893066
0.743433952331543,5.0,-1.4748437404632568,0.0,0.9872753620147705,-3.0,-5.685043811798096,0.5,-1.931946873664856,-0.5,4.1524529457092285,0.25,-15.736522674560547,-0.35,-0.1385228931903839,-0.029435126749335072,0.33364400267601013,0.0,-0.9264960885047913,1.813658356666565,-0.7084571719169617,2.6380581855773926
0.7480344772338867,5.0,-1.4748437404632568,0.0,0.9872753620147705,-3.0,-5.685043811798096,0.5,-1.931946873664856,-0.5,4.1524529457092285,0.25,-15.736522674560547,-0.35,-0.1385228931903839,0.2988336248397827,0.33364400267601013,0.0,-0.9264960885047913,1.813658356666565,-0.7084571719169617,2.6380581855773926
0.7527167797088623,5.0,-1.4919921159744263,0.0,1.0259374380111694,-3.0,-5.831723690032959,0.5,-1.8069356679916382,-0.5,4.206052303314209,0.25,-15.97421932220459,-0.35,-0.14496667683124542,0.016845671879552604,0.3306995630264282,0.0,-0.905347466468811,1.7727208137512207,-0.8422454595565796,2.5682027339935303
0.7573318481445312,5.0,-1.4919921159744263,0.0,1.0259374380111694,-3.0,-5.831723690032959,0.5,-1.8069356679916382,-0.5,4.206052303314209,0.25,-15.97421932220459,-0.35,-0.14496667683124542,0.2838322801589966,0.3306995630264282,0.0,-0.905347466468811,1.7727208137512207,-0.8422454595565796,2.5682027339935303
0.7619760036468506,5.0,-1.4919921159744263,0.0,1.0259374380111694,-3.0,-5.831723690032959,0.5,-1.8069356679916382,-0.5,4.206052303314209,0.25,-15.97421932220459,-0.35,-0.14496667683124542,0.2838322801589966,0.3306995630264282,0.0,-0.905347466468811,1.7727208137512207,-0.8422454595565796,2.5682027339935303
0.7666783332824707,5.0,-1.5114452838897705,0.0,1.0746777057647705,-3.0,-6.017309665679932,0.5,-1.6496038436889648,-0.5,4.26330041885376,0.25,-16.26454734802246,-0.35,-0.1546478122472763,-0.06963025943876211,0.3213210105895996,0.0,-0.8733395934104919,1.7229690551757812,-1.3469420671463013,2.455657720565796
0.7714264392852783,5.0,-1.5114452838897705,0.0,1.0746777057647705,-3.0,-6.017309665679932,0.5,-1.6496038436889648,-0.5,4.26330041885376,0.25,-16.26454734802246,-0.35,-0.16273856163024902,0.2649524612426758,0.3117416799068451,0.0,-0.847009003162384,1.6592869758605957,-1.3972691297531128,2.365508556365967
0.7760913372039795,5.0,-1.5298047065734863,0.0,1.125429630279541,-3.0,-6.211723327636719,0.5,-1.4848123788833618,-0.5,4.308051109313965,0.25,-16.563247680664062,-0.35,-0.16273856163024902,-0.10808097308454348,0.3117416799068451,0.0,-0.847009003162384,1.6592869758605957,-1.3972691297531128,2.365508556365967
0.7806861400604248,5.0,-1.5298047065734863,0.0,1.125429630279541,-3.0,-6.211723327636719,0.5,-1.4848123788833618,-0.5,4.308051109313965,0.25,-16.563247680664062,-0.35,-0.16911311447620392,0.2451774854660034,0.30375969409942627,0.0,-0.8264697790145874,1.6041741371154785,-1.4104238748550415,2.2964706420898438
0.7853765487670898,5.0,-1.543007731437683,0.0,1.1661425828933716,-3.0,-6.369028091430664,0.5,-1.3533883094787598,-0.5,4.3338117599487305,0.25,-16.798686981201172,-0.35,-0.16911311447620392,-0.05079088164056947,0.30375969409942627,0.0,-0.8264697790145874,1.6041741371154785,-1.4104238748550415,2.2964706420898438
0.790158748626709,5.0,-1.543007731437683,0.0,1.1661425828933716,-3.0,-6.369028091430664,0.5,-1.3533883094787598,-0.5,4.3338117599487305,0.25,-16.798686981201172,-0.35,-0.17222312092781067,0.22940659713745118,0.29975149035453796,0.0,-0.8164876103401184,1.5786454677581787,-1.4710572957992554,2.2635858058929443
0.7948434352874756,5.0,-1.543007731437683,0.0,1.1661425828933716,-3.0,-6.369028091430664,0.5,-1.3533883094787598,-0.5,4.3338117599487305,0.25,-16.798686981201172,-0.35,-0.17222312092781067,0.22940659713745118,0.29975149035453796,0.0,-0.8164876103401184,1.5786454677581787,-1.4710572957992554,2.2635858058929443
0.7995200157165527,5.0,-1.5575389862060547,0.0,1.2169336080551147,-3.0,-6.567455768585205,0.5,-1.1912157535552979,-0.5,4.354992866516113,0.25,-17.08750343322754,-0.35,-0.18139402568340302,-0.13683004635643842,0.284989595413208,0.0,-0.7865222692489624,1.5034427642822266,-1.7564969062805176,2.1669507026672363
0.8041932582855225,5.0,-1.5575389862060547,0.0,1.2169336080551147,-3.0,-6.567455768585205,0.5,-1.1912157535552979,-0.5,4.354992866516113,0.25,-17.08750343322754,-0.35,-0.18139402568340302,0.20994589042663575,0.284989595413208,0.0,-0.7865222692489624,1.5034427642822266,-1.7564969062805176,2.1669507026672363
0.8087997436523438,5.0,-1.570703148841858,0.0,1.2692773342132568,-3.0,-6.774633407592773,0.5,-1.0262588262557983,-0.5,4.361311912536621,0.25,-17.383054733276367,-0.35,-0.1891496777534485,-0.1679460890300402,0.27222177386283875,0.0,-0.761499285697937,1.4263442754745483,-1.6324388980865479,2.092219829559326
0.8134713172912598,5.0,-1.570703148841858,0.0,1.2692773342132568,-3.0,-6.774633407592773,0.5,-1.0262588262557983,-0.5,4.361311912536621,0.25,-17.383054733276367,-0.35,-0.1891496777534485,0.1901510591506958,0.27222177386283875,0.0,-0.761499285697937,1.4263442754745483,-1.6324388980865479,2.092219829559326
0.8181297779083252,5.0,-1.570703148841858,0.0,1.2692773342132568,-3.0,-6.774633407592773,0.5,-1.0262588262557983,-0.5,4.361311912536621,0.25,-17.383054733276367,-0.35,-0.19520308077335358,0.1901510591506958,0.2626999616622925,0.0,-0.7421301603317261,1.3708899021148682,-1.593101143836975,2.0369012355804443
0.8228051662445068,5.0,-1.5798437595367432,0.0,1.3112890720367432,-3.0,-6.94351053237915,0.5,-0.8966698050498962,-0.5,4.356436729431152,0.25,-17.61524772644043,-0.35,-0.19520308077335358,-0.10257236689222765,0.2626999616622925,0.0,-0.7421301603317261,1.3708899021148682,-1.593101143836975,2.0369012355804443
0.82747483253479,5.0,-1.5798437595367432,0.0,1.3112890720367432,-3.0,-6.94351053237915,0.5,-0.8966698050498962,-0.5,4.356436729431152,0.25,-17.61524772644043,-0.35,-0.19924311339855194,0.17460037660598754,0.2560340166091919,0.0,-0.7291852831840515,1.341908574104309,-1.6676713228225708,2.0014758110046387
0.8322138786315918,5.0,-1.588906168937683,0.0,1.3608886003494263,-3.0,-7.146625995635986,0.5,-0.7453166246414185,-0.5,4.34106969833374,0.25,-17.888322830200195,-0.35,-0.20877565443515778,-0.16293678493939243,0.24167798459529877,0.0,-0.6988051533699036,1.2496321201324463,-1.4687384366989136,1.918776035308838
0.836862325668335,5.0,-1.588906168937683,0.0,1.3608886003494263,-3.0,-7.146625995635986,0.5,-0.7453166246414185,-0.5,4.34106969833374,0.25,-17.888322830200195,-0.35,-0.20877565443515778,0.15643799495697022,0.24167798459529877,0.0,-0.6988051533699036,1.2496321201324463,-1.4687384366989136,1.918776035308838
0.8416509628295898,5.0,-1.5963671207427979,0.0,1.4097167253494263,-3.0,-7.350297451019287,0.5,-0.5985544919967651,-0.5,4.3143134117126465,0.25,-18.15529441833496,-0.35,-0.2155267298221588,-0.16765342112966872,0.23221753537654877,0.0,-0.6775478720664978,1.1956610679626465,-1.4017153978347778,1.8634999990463257
0.8463356494903564,5.0,-1.5963671207427979,0.0,1.4097167253494263,-3.0,-7.350297451019287,0.5,-0.5985544919967651,-0.5,4.3143134117126465,0.25,-18.15529441833496,-0.35,-0.2155267298221588,0.1388265390396118,0.23221753537654877,0.0,-0.6775478720664978,1.1956610679626465,-1.4017153978347778,1.8634999990463257
0.8511600494384766,5.0,-1.6014842987060547,0.0,1.4517089128494263,-3.0,-7.529096603393555,0.5,-0.47422221302986145,-0.5,4.2833380699157715,0.25,-18.382444381713867,-0.35,-0.22074554860591888,-0.1338088644586553,0.2250424474477768,0.0,-0.661173403263092,1.1569894552230835,-1.3903659582138062,1.8216190338134766
0.8557982444763184,5.0,-1.6014842987060547,0.0,1.4517089128494263,-3.0,-7.529096603393555,0.5,-0.47422221302986145,-0.5,4.2833380699157715,0.25,-18.382444381713867,-0.35,-0.22074554860591888,0.12390666556358337,0.2250424474477768,0.0,-0.661173403263092,1.1569894552230835,-1.3903659582138062,1.8216190338134766
0.8604269027709961,5.0,-1.6014842987060547,0.0,1.4517089128494263,-3.0,-7.529096603393555,0.5,-0.47422221302986145,-0.5,4.2833380699157715,0.25,-18.382444381713867,-0.35,-0.2270779311656952,0.12390666556358337,0.21516096591949463,0.0,-0.6409527063369751,1.1133744716644287,-1.5309319496154785,1.7695037126541138
0.8651177883148193,5.0,-1.6056640148162842,0.0,1.4981738328933716,-3.0,-7.731645107269287,0.5,-0.3380850851535797,-0.5,4.241210460662842,0.25,-18.632856369018555,-0.35,-0.2270779311656952,-0.1826460540763608,0.21516096591949463,0.0,-0.6409527063369751,1.1133744716644287,-1.5309319496154785,1.7695037126541138
0.8699164390563965,5.0,-1.6056640148162842,0.0,1.4981738328933716,-3.0,-7.731645107269287,0.5,-0.3380850851535797,-0.5,4.241210460662842,0.25,-18.632856369018555,-0.35,-0.23200589418411255,0.10757021021842955,0.20685778558254242,0.0,-0.6251207590103149,1.0759187936782837,-1.519195318222046,1.7305378913879395
0.8745348453521729,5.0,-1.6086328029632568,0.0,1.5474706888198853,-3.0,-7.95165491104126,0.5,-0.19616298377513885,-0.5,4.1856584548950195,0.25,-18.898820877075195,-0.35,-0.23200589418411255,-0.21675714191084688,0.20685778558254242,0.0,-0.6251207590103149,1.0759187936782837,-1.519195318222046,1.7305378913879395
0.8791177272796631,5.0,-1.6086328029632568,0.0,1.5474706888198853,-3.0,-7.95165491104126,0.5,-0.19616298377513885,-0.5,4.1856584548950195,0.25,-18.898820877075195,-0.35,-0.23822756111621857,0.09053955805301667,0.19604860246181488,0.0,-0.6049665808677673,1.0268657207489014,-1.5851653814315796,1.6808487176895142
0.883814811706543,5.0,-1.6098828315734863,0.0,1.5878612995147705,-3.0,-8.136664390563965,0.5,-0.0822412446141243,-0.5,4.1324076652526855,0.25,-19.115772247314453,-0.35,-0.23822756111621857,-0.16566818391365193,0.19604860246181488,0.0,-0.6049665808677673,1.0268657207489014,-1.5851653814315796,1.6808487176895142
0.8883843421936035,5.0,-1.6098828315734863,0.0,1.5878612995147705,-3.0,-8.136664390563965,0.5,-0.0822412446141243,-0.5,4.1324076652526855,0.25,-19.115772247314453,-0.35,-0.24285028874874115,0.0768689493536949,0.18708859384059906,0.0,-0.5896897315979004,0.9909764528274536,-1.676345705986023,1.642899990081787
0.8930802345275879,5.0,-1.6098437309265137,0.0,1.634121060371399,-3.0,-8.35500431060791,0.5,0.04611193388700485,-0.5,4.063087463378906,0.25,-19.36540412902832,-0.35,-0.24830755591392517,-0.2118641845034836,0.1744156926870346,0.0,-0.570874035358429,0.943695068359375,-1.8535287380218506,1.5943714380264282
0.8976683616638184,5.0,-1.6098437309265137,0.0,1.634121060371399,-3.0,-8.35500431060791,0.5,0.04611193388700485,-0.5,4.063087463378906,0.25,-19.36540412902832,-0.35,-0.24830755591392517,0.06146656793355942,0.1744156926870346,0.0,-0.570874035358429,0.943695068359375,-1.8535287380218506,1.5943714380264282
0.902348518371582,5.0,-1.6098437309265137,0.0,1.634121060371399,-3.0,-8.35500431060791,0.5,0.04611193388700485,-0.5,4.063087463378906,0.25,-19.36540412902832,-0.35,-0.24830755591392517,0.06146656793355942,0.1744156926870346,0.0,-0.570874035358429,0.943695068359375,-1.8535287380218506,1.5943714380264282
0.9070127010345459,5.0,-1.6084765195846558,0.0,1.6798534393310547,-3.0,-8.577104568481445,0.5,0.16884534060955048,-0.5,3.9837141036987305,0.25,-19.613853454589844,-0.35,-0.25384271144866943,-0.2164016641262259,0.16085277497768402,0.0,-0.5516455769538879,0.8930724859237671,-1.8812909126281738,1.5464749336242676
0.911780834197998,5.0,-1.6084765195846558,0.0,1.6798534393310547,-3.0,-8.577104568481445,0.5,0.16884534060955048,-0.5,3.9837141036987305,0.25,-19.613853454589844,-0.35,-0.25384271144866943,0.04673855912685394,0.16085277497768402,0.0,-0.5516455769538879,0.8930724859237671,-1.8812909126281738,1.5464749336242676
0.9164161682128906,5.0,-1.6062499284744263,0.0,1.718505859375,-3.0,-8.770825386047363,0.5,0.2698317766189575,-0.5,3.908562421798706,0.25,-19.826175689697266,-0.35,-0.25913918018341064,-0.18324207659310218,0.14803658425807953,0.0,-0.5332266688346863,0.8371967673301697,-1.7420376539230347,1.4989339113235474
0.9210860729217529,5.0,-1.6062499284744263,0.0,1.718505859375,-3.0,-8.770825386047363,0.5,0.2698317766189575,-0.5,3.908562421798706,0.25,-19.826175689697266,-0.35,-0.25913918018341064,0.034620186805725095,0.14803658425807953,0.0,-0.5332266688346863,0.8371967673301697,-1.7420376539230347,1.4989339113235474
0.925696849822998,5.0,-1.6021093130111694,0.0,1.7642089128494263,-3.0,-9.008607864379883,0.5,0.3868660032749176,-0.5,3.8106679916381836,0.25,-20.080780029296875,-0.31196359660969536,-0.2624521553516388,-0.23325148386576536,0.14026807248592377,0.0,-0.5217180252075195,0.804505467414856,-1.6816011667251587,1.4679840803146362
0.9302735328674316,5.0,-1.6021093130111694,0.0,1.7642089128494263,-3.0,-9.008607864379883,0.5,0.3868660032749176,-0.5,3.8106679916381836,0.25,-20.080780029296875,-0.35,-0.2684672176837921,0.020576079607009884,0.1285252571105957,0.0,-0.5011972784996033,0.734738826751709,-1.320595145225525,1.4081482887268066
0.9348993301391602,5.0,-1.6021093130111694,0.0,1.7642089128494263,-3.0,-9.008607864379883,0.5,0.3868660032749176,-0.5,3.8106679916381836,0.25,-20.080780029296875,-0.35,-0.2684672176837921,0.020576079607009884,0.1285252571105957,0.0,-0.5011972784996033,0.734738826751709,-1.320595145225525,1.4081482887268066
0.939690351486206,5.0,-1.59792959690094,0.0,1.7998534440994263,-3.0,-9.200092315673828,0.5,0.47548773884773254,-0.5,3.727449655532837,0.25,-20.279512405395508,-0.34059751676297007,-0.27239957451820374,-0.17503314921410415,0.12163352221250534,0.0,-0.4876541793346405,0.6809679269790649,-1.2371830940246582,1.3675380945205688
0.9443352222442627,5.0,-1.59792959690094,0.0,1.7998534440994263,-3.0,-9.200092315673828,0.5,0.47548773884773254,-0.5,3.727449655532837,0.25,-20.279512405395508,-0.35,-0.27239957451820374,0.009941471338272095,0.12163352221250534,0.0,-0.4876541793346405,0.6809679269790649,-1.2371830940246582,1.3675380945205688
0.9489178657531738,5.0,-1.592812418937683,0.0,1.8352831602096558,-3.0,-9.396781921386719,0.5,0.5622619390487671,-0.5,3.6390535831451416,0.25,-20.478595733642578,-0.31079324023702887,-0.2768098711967468,-0.18983116601690633,0.1143571063876152,0.0,-0.47220104932785034,0.633454442024231,-1.1579281091690063,1.3202606439590454
0.9535245895385742,5.0,-1.592812418937683,0.0,1.8352831602096558,-3.0,-9.396781921386719,0.5,0.5622619390487671,-0.5,3.6390535831451416,0.25,-20.478595733642578,-0.35,-0.2768098711967468,-0.00048287564237955386,0.1143571063876152,0.0,-0.47220104932785034,0.633454442024231,-1.1579281091690063,1.3202606439590454
0.9581987857818604,5.0,-1.5883593559265137,0.0,1.861914038658142,-3.0,-9.549145698547363,0.5,0.626731276512146,-0.5,3.568845510482788,0.25,-20.629480361938477,-0.34505794174760557,-0.27831023931503296,-0.14615708275081163,0.11183737963438034,0.0,-0.4668610990047455,0.6204160451889038,-1.145809292793274,1.3039699792861938
0.9628369808197021,5.0,-1.5883593559265137,0.0,1.861914038658142,-3.0,-9.549145698547363,0.5,0.626731276512146,-0.5,3.568845510482788,0.25,-20.629480361938477,-0.35,-0.27831023931503296,-0.008242799562673781,0.11183737963438034,0.0,-0.4668610990047455,0.6204160451889038,-1.145809292793274,1.3039699792861938
0.9674842357635498,5.0,-1.5883593559265137,0.0,1.861914038658142,-3.0,-9.549145698547363,0.5,0.626731276512146,-0.5,3.568845510482788,0.25,-20.629480361938477,-0.35,-0.28322741389274597,-0.008254578613700004,0.10402297228574753,0.0,-0.4494488835334778,0.5845413208007812,-1.0438159704208374,1.2498211860656738
0.9721221923828125,5.0,-1.5772265195846558,0.0,1.9164745807647705,-3.0,-9.8760986328125,0.5,0.7579224109649658,-0.5,3.4144275188446045,0.25,-20.944425582885742,-0.1437872833439619,-0.287312775850296,-0.30688552206787434,0.09752976149320602,0.0,-0.43512049317359924,0.5625837445259094,-1.0579493045806885,1.2075070142745972
0.9767642021179199,5.0,-1.5772265195846558,0.0,1.9164745807647705,-3.0,-9.8760986328125,0.5,0.7579224109649658,-0.5,3.4144275188446045,0.25,-20.944425582885742,-0.35,-0.287312775850296,-0.02404538497395424,0.09752976149320602,0.0,-0.43512049317359924,0.5625837445259094,-1.0579493045806885,1.2075070142745972
0.9811701774597168,5.0,-1.5696483850479126,0.0,1.9481542110443115,-3.0,-10.074809074401855,0.5,0.8318414688110352,-0.5,3.318758964538574,0.25,-21.12571907043457,-0.24811741773597085,-0.287312775850296,-0.20071493526708353,0.09752976149320602,0.0,-0.43512049317359924,0.5625837445259094,-1.0579493045806885,1.2075070142745972
0.9857096672058105,5.0,-1.5696483850479126,0.0,1.9481542110443115,-3.0,-10.074809074401855,0.5,0.8318414688110352,-0.5,3.318758964538574,0.25,-21.12571907043457,-0.35,-0.29100170731544495,-0.03297504144096183,0.09071623533964157,0.0,-0.42105603218078613,0.45417019724845886,-1.1486927270889282,1.166807770729065
0.9903163909912109,5.0,-1.5645312070846558,0.0,1.96755850315094,-3.0,-10.200121879577637,0.5,0.8726145029067993,-0.5,3.262160062789917,0.25,-21.218488693237305,-0.3355977025146058,-0.29214736819267273,-0.12640979583688083,0.08754336088895798,0.0,-0.4152887463569641,0.40659934282302856,-1.187835693359375,1.1505820751190186
0.9950685501098633,5.0,-1.5645312070846558,0.0,1.96755850315094,-3.0,-10.200121879577637,0.5,0.8726145029067993,-0.5,3.262160062789917,0.25,-21.218488693237305,-0.35,-0.29214736819267273,-0.03793755064247466,0.08754336088895798,0.0,-0.4152887463569641,0.40659934282302856,-1.187835693359375,1.1505820751190186
0.9996392726898193,5.0,-1.5505468845367432,0.0,2.0149219036102295,-3.0,-10.51956558227539,0.5,0.9757530093193054,-0.5,3.109898328781128,0.25,-21.475177764892578,-0.10706381009480781,-0.29526016116142273,-0.2760079933418801,0.07656370848417282,0.0,-0.3965546786785126,0.33500778675079346,-1.2378308773040771,1.0987892150878906
1.00419282913208,5.0,-1.5505468845367432,0.0,2.0149219036102295,-3.0,-10.51956558227539,0.5,0.9757530093193054,-0.5,3.109898328781128,0.25,-21.475177764892578,-0.35,-0.29526016116142273,-0.05040098947602917,0.07656370848417282,0.0,-0.3965546786785126,0.33500778675079346,-1.2378308773040771,1.0987892150878906
1.0088467597961426,5.0,-1.5505468845367432,0.0,2.0149219036102295,-3.0,-10.51956558227539,0.5,0.9757530093193054,-0.5,3.109898328781128,0.25,-21.475177764892578,-0.35,-0.29677653312683105,-0.05044527190640099,0.06961130350828171,0.0,-0.385680615901947,0.24308332800865173,-1.32137930393219,1.0700889825820923
1.0136234760284424,5.0,-1.5407030582427979,0.0,2.044609308242798,-3.0,-10.7296142578125,0.5,1.0356475114822388,-0.5,3.0117440223693848,0.25,-21.625835418701172,-0.22292438126181552,-0.29677653312683105,-0.18307223011007423,0.06961130350828171,0.0,-0.385680615901947,0.24308332800865173,-1.32137930393219,1.0700889825820923
1.0183074474334717,5.0,-1.5407030582427979,0.0,2.044609308242798,-3.0,-10.7296142578125,0.5,1.0356475114822388,-0.5,3.0117440223693848,0.25,-21.625835418701172,-0.35,-0.2969490587711334,-0.05773396404174991,0.059163689613342285,0.0,-0.3716297447681427,0.05948368459939957,-1.4539973735809326,1.0337907075881958
1.0229721069335938,5.0,-1.5302734375,0.0,2.0734667778015137,-3.0,-10.941655158996582,0.5,1.0900510549545288,-0.5,2.914362668991089,0.25,-21.765941619873047,-0.20795940067760174,-0.2969490587711334,-0.1809466217723254,0.059163689613342285,0.0,-0.3716297447681427,0.05948368459939957,-1.4539973735809326,1.0337907075881958
1.0276579856872559,5.0,-1.5302734375,0.0,2.0734667778015137,-3.0,-10.941655158996582,0.5,1.0900510549545288,-0.5,2.914362668991089,0.25,-21.765941619873047,-0.35,-0.296270489692688,-0.06437273515764548,0.04836678504943848,0.0,-0.357904314994812,-0.00027716904878616333,-1.4349846839904785,0.9981411695480347
1.032381296157837,5.0,-1.5302734375,0.0,2.0734667778015137,-3.0,-10.941655158996582,0.5,1.0900510549545288,-0.5,2.914362668991089,0.25,-21.765941619873047,-0.35,-0.296270489692688,-0.06442847504416636,0.04836678504943848,0.0,-0.357904314994812,-0.00027716904878616333,-1.4349846839904785,0.9981411695480347
1.036907434463501,5.0,-1.51492178440094,0.0,2.111464738845825,-3.0,-11.236469268798828,0.5,1.1631230115890503,-0.5,2.7712199687957764,0.25,-21.986146926879883,-0.0832884948648484,-0.2952244281768799,-0.23470151177945228,0.037750836461782455,0.0,-0.34461450576782227,-0.06344146281480789,-1.4074259996414185,0.965254545211792
1.0417404174804688,5.0,-1.51492178440094,0.0,2.111464738845825,-3.0,-11.236469268798828,0.5,1.1631230115890503,-0.5,2.7712199687957764,0.25,-21.986146926879883,-0.35,-0.2952244281768799,-0.07332123481465476,0.037750836461782455,0.0,-0.34461450576782227,-0.06344146281480789,-1.4074259996414185,0.965254545211792
1.0463624000549316,5.0,-1.5030077695846558,0.0,2.1384081840515137,-3.0,-11.45641040802002,0.5,1.2121045589447021,-0.5,2.6627845764160156,0.25,-22.15404510498047,-0.15192618465945035,-0.294391930103302,-0.18524003547478796,0.029944656416773796,0.0,-0.33468881249427795,-0.09845736622810364,-1.3509272336959839,0.9400269985198975
1.0510594844818115,5.0,-1.5030077695846558,0.0,2.1384081840515137,-3.0,-11.45641040802002,0.5,1.2121045589447021,-0.5,2.6627845764160156,0.25,-22.15404510498047,-0.35,-0.294391930103302,-0.07933174349926832,0.029944656416773796,0.0,-0.33468881249427795,-0.09845736622810364,-1.3509272336959839,0.9400269985198975
1.0557453632354736,5.0,-1.4911718368530273,0.0,2.163222551345825,-3.0,-11.668500900268555,0.5,1.2530224323272705,-0.5,2.562028408050537,0.25,-22.30158805847168,-0.1594225480726076,-0.292792409658432,-0.1716341245425683,0.02221226505935192,0.0,-0.3250487744808197,-0.211350217461586,-1.3367079496383667,0.9145292043685913
1.0603456497192383,5.0,-1.4911718368530273,0.0,2.163222551345825,-3.0,-11.668500900268555,0.5,1.2530224323272705,-0.5,2.562028408050537,0.25,-22.30158805847168,-0.35,-0.292792409658432,-0.08438174211985813,0.02221226505935192,0.0,-0.3250487744808197,-0.211350217461586,-1.3367079496383667,0.9145292043685913
1.0649795532226562,5.0,-1.4741406440734863,0.0,2.1958301067352295,-3.0,-11.96462345123291,0.5,1.3046646118164062,-0.5,2.4195659160614014,0.25,-22.51655387878418,-0.049912738081309305,-0.2905159890651703,-0.20209760562907414,0.013353586196899414,0.0,-0.3137857913970947,-0.22822043299674988,-1.2443747520446777,0.8829106688499451
1.06964111328125,5.0,-1.4741406440734863,0.0,2.1958301067352295,-3.0,-11.96462345123291,0.5,1.3046646118164062,-0.5,2.4195659160614014,0.25,-22.51655387878418,-0.35,-0.2905159890651703,-0.09072839827013,0.013353586196899414,0.0,-0.3137857913970947,-0.22822043299674988,-1.2443747520446777,0.8829106688499451
1.0742568969726562,5.0,-1.4614453315734863,0.0,2.218398332595825,-3.0,-12.180961608886719,0.5,1.3366138935089111,-0.5,2.3176417350769043,0.25,-22.668869018554688,-0.12430037597782356,-0.2877841591835022,-0.16385700332622982,0.004599809180945158,0.0,-0.30253326892852783,-0.3026154637336731,-1.1845163106918335,0.8521190285682678
1.0788476467132568,5.0,-1.4614453315734863,0.0,2.218398332595825,-3.0,-12.180961608886719,0.5,1.3366138935089111,-0.5,2.3176417350769043,0.25,-22.668869018554688,-0.3451170082092285,-0.2846719026565552,-0.09471635834883603,-0.0022953746374696493,0.0,-0.2937675714492798,-0.43187811970710754,-1.1625674962997437,0.827067494392395
1.0835316181182861,5.0,-1.4614453315734863,0.0,2.218398332595825,-3.0,-12.180961608886719,0.5,1.3366138935089111,-0.5,2.3176417350769043,0.25,-22.668869018554688,-0.3451170082092285,-0.2846719026565552,-0.09479473185992095,-0.0022953746374696493,0.0,-0.2937675714492798,-0.43187811970710754,-1.1625674962997437,0.827067494392395
1.0881531238555908,5.0,-1.44851553440094,0.0,2.2399609088897705,-3.0,-12.398344039916992,0.5,1.3643286228179932,-0.5,2.217348337173462,0.25,-22.81886863708496,-0.11606725237992396,-0.28190648555755615,-0.15816943600719735,-0.00732529116794467,0.0,-0.2874174416065216,-0.5006000399589539,-1.1360619068145752,0.8086763620376587
1.092766284942627,5.0,-1.44851553440094,0.0,2.2399609088897705,-3.0,-12.398344039916992,0.5,1.3643286228179932,-0.5,2.217348337173462,0.25,-22.81886863708496,-0.3330818004608154,-0.28190648555755615,-0.09828013511418009,-0.00732529116794467,0.0,-0.2874174416065216,-0.5006000399589539,-1.1360619068145752,0.8086763620376587
1.097637414932251,5.0,-1.431249976158142,0.0,2.2664549350738525,-3.0,-12.684077262878418,0.5,1.395366907119751,-0.5,2.088251829147339,0.25,-23.01409339904785,-0.05256648106099132,-0.27835872769355774,-0.1658108167994805,-0.015334605239331722,0.0,-0.2766028046607971,-0.3148706555366516,-0.9911084771156311,0.7752265930175781
1.102299451828003,5.0,-1.431249976158142,0.0,2.2664549350738525,-3.0,-12.684077262878418,0.5,1.395366907119751,-0.5,2.088251829147339,0.25,-23.01409339904785,-0.3175902194976807,-0.27835872769355774,-0.10217544287337535,-0.015334605239331722,0.0,-0.2766028046607971,-0.3148706555366516,-0.9911084771156311,0.7752265930175781
1.1070868968963623,5.0,-1.41433584690094,0.0,2.2906150817871094,-3.0,-12.961127281188965,0.5,1.419202208518982,-0.5,1.9664268493652344,0.25,-23.197845458984375,-0.048503592441756394,-0.2758403718471527,-0.15491079323650855,-0.022372720763087273,0.0,-0.2665382921695709,-0.2313455492258072,-0.8884800672531128,0.7448673844337463
1.1118531227111816,5.0,-1.41433584690094,0.0,2.2906150817871094,-3.0,-12.961127281188965,0.5,1.419202208518982,-0.5,1.9664268493652344,0.25,-23.197845458984375,-0.30297122192382814,-0.2758403718471527,-0.10521131414878869,-0.022372720763087273,0.0,-0.2665382921695709,-0.2313455492258072,-0.8884800672531128,0.7448673844337463
1.1164464950561523,5.0,-1.41433584690094,0.0,2.2906150817871094,-3.0,-12.961127281188965,0.5,1.419202208518982,-0.5,1.9664268493652344,0.25,-23.197845458984375,-0.30297122192382814,-0.2740912437438965,-0.10529575890886964,-0.027234314009547234,0.0,-0.2592392861843109,-0.2600444257259369,-0.8327279686927795,0.7224563956260681
1.1212153434753418,5.0,-1.4003124237060547,0.0,2.309375047683716,-3.0,-13.1901216506958,0.5,1.4352080821990967,-0.5,1.8680909872055054,0.25,-23.345285415649414,-0.08496628892761435,-0.27232447266578674,-0.14086905472280548,-0.030666349455714226,0.0,-0.2540040612220764,-0.35951918363571167,-0.8063820004463196,0.7060942649841309
1.125833511352539,5.0,-1.4003124237060547,0.0,2.309375047683716,-3.0,-13.1901216506958,0.5,1.4352080821990967,-0.5,1.8680909872055054,0.25,-23.345285415649414,-0.29117091846466064,-0.27232447266578674,-0.1073920400206457,-0.030666349455714226,0.0,-0.2540040612220764,-0.35951918363571167,-0.8063820004463196,0.7060942649841309
1.1304142475128174,5.0,-1.3843358755111694,0.0,2.3291893005371094,-3.0,-13.448920249938965,0.5,1.4499398469924927,-0.5,1.7593464851379395,0.25,-23.509096145629883,-0.040726325002583025,-0.2688453793525696,-0.14140713634861218,-0.03662693127989769,0.0,-0.24449050426483154,-0.3588199019432068,-0.7295883297920227,0.6764265894889832
1.1351044178009033,5.0,-1.3843358755111694,0.0,2.3291893005371094,-3.0,-13.448920249938965,0.5,1.4499398469924927,-0.5,1.7593464851379395,0.25,-23.509096145629883,-0.27812157821655276,-0.2688453793525696,-0.10933598786491405,-0.03662693127989769,0.0,-0.24449050426483154,-0.3588199019432068,-0.7295883297920227,0.6764265894889832
1.1397817134857178,5.0,-1.367226481437683,0.0,2.3490917682647705,-3.0,-13.72652816772461,0.5,1.4615495204925537,-0.5,1.6461424827575684,0.25,-23.68025016784668,-0.02250834882294611,-0.2656170725822449,-0.13564043526053066,-0.04149937257170677,0.0,-0.23641632497310638,-0.3926246464252472,-0.6784235239028931,0.6525139212608337
1.1445088386535645,5.0,-1.367226481437683,0.0,2.3490917682647705,-3.0,-13.72652816772461,0.5,1.4615495204925537,-0.5,1.6461424827575684,0.25,-23.68025016784668,-0.2645370979309082,-0.2656170725822449,-0.1109100050121491,-0.04149937257170677,0.0,-0.23641632497310638,-0.3926246464252472,-0.6784235239028931,0.6525139212608337
1.1491155624389648,5.0,-1.367226481437683,0.0,2.3490917682647705,-3.0,-13.72652816772461,0.5,1.4615495204925537,-0.5,1.6461424827575684,0.25,-23.68025016784668,-0.2645370979309082,-0.2625048756599426,-0.11099859687308695,-0.04517495259642601,0.0,-0.23018859326839447,-0.47941353917121887,-0.6470919251441956,0.6343640089035034
1.1538307666778564,5.0,-1.3526171445846558,0.0,2.364882707595825,-3.0,-13.962631225585938,0.5,1.4684875011444092,-0.5,1.5529018640518188,0.25,-23.821840286254883,-0.055603621370396844,-0.2625048756599426,-0.12663654866767057,-0.04517495259642601,0.0,-0.23018859326839447,-0.47941353917121887,-0.6470919251441956,0.6343640089035034
1.1584172248840332,5.0,-1.3526171445846558,0.0,2.364882707595825,-3.0,-13.962631225585938,0.5,1.4684875011444092,-0.5,1.5529018640518188,0.25,-23.821840286254883,-0.25334822368621823,-0.2604542672634125,-0.11201132542766788,-0.04699873924255371,0.0,-0.227091446518898,-0.5605959892272949,-0.6352528929710388,0.6255339980125427
1.1629395484924316,5.0,-1.3357421159744263,0.0,2.381845712661743,-3.0,-14.236586570739746,0.5,1.4735429286956787,-0.5,1.4488786458969116,0.25,-23.981464385986328,-0.010843822155457317,-0.2504834532737732,-0.1238848577561704,-0.05290233716368675,0.0,-0.21702638268470764,-0.8804945945739746,-0.595703661441803,0.5973726511001587
1.1675760746002197,5.0,-1.3357421159744263,0.0,2.381845712661743,-3.0,-14.236586570739746,0.5,1.4735429286956787,-0.5,1.4488786458969116,0.25,-23.981464385986328,-0.2408654375076294,-0.2504834532737732,-0.11279630740134382,-0.05290233716368675,0.0,-0.21702638268470764,-0.8804945945739746,-0.595703661441803,0.5973726511001587
1.171996831893921,5.0,-1.3357421159744263,0.0,2.381845712661743,-3.0,-14.236586570739746,0.5,1.4735429286956787,-0.5,1.4488786458969116,0.25,-23.981464385986328,-0.2408654375076294,-0.2504834532737732,-0.11288238334139906,-0.05290233716368675,0.0,-0.21702638268470764,-0.8804945945739746,-0.595703661441803,0.5973726511001587
1.176424503326416,5.0,-1.3204686641693115,0.0,2.396240234375,-3.0,-14.485013961791992,0.5,1.4747827053070068,-0.5,1.359947681427002,0.25,-24.121984481811523,-0.02934104824800507,-0.24300314486026764,-0.11591754150237778,-0.056343551725149155,0.0,-0.21117280423641205,-1.0138349533081055,-0.5714329481124878,0.5819284319877625
1.1810853481292725,5.0,-1.3204686641693115,0.0,2.396240234375,-3.0,-14.485013961791992,0.5,1.4747827053070068,-0.5,1.359947681427002,0.25,-24.121984481811523,-0.23019372177124023,-0.24300314486026764,-0.11320834310362089,-0.056343551725149155,0.0,-0.21117280423641205,-1.0138349533081055,-0.5714329481124878,0.5819284319877625
1.1857690811157227,5.0,-1.306054711341858,0.0,2.409052610397339,-3.0,-14.721283912658691,0.5,1.4733376502990723,-0.5,1.2802190780639648,0.25,-24.252477645874023,-0.050401804765995956,-0.23547810316085815,-0.11004085015005387,-0.05944156274199486,0.0,-0.20587465167045593,-0.9997878074645996,-0.5445109605789185,0.5681257843971252
1.1903088092803955,5.0,-1.306054711341858,0.0,2.409052610397339,-3.0,-14.721283912658691,0.5,1.4733376502990723,-0.5,1.2802190780639648,0.25,-24.252477645874023,-0.22062628936767578,-0.22970916330814362,-0.11321448734275794,-0.06175791844725609,0.0,-0.20185130834579468,-0.9915149211883545,-0.5208451151847839,0.5576352477073669
1.1950509548187256,5.0,-1.289492130279541,0.0,2.4228222370147705,-3.0,-14.99571704864502,0.5,1.4690138101577759,-0.5,1.1930851936340332,0.25,-24.39997100830078,-0.026426633492494245,-0.22970916330814362,-0.10366963217470292,-0.06175791844725609,0.0,-0.20185130834579468,-0.9915149211883545,-0.5208451151847839,0.5576352477073669
1.1997158527374268,5.0,-1.289492130279541,0.0,2.4228222370147705,-3.0,-14.99571704864502,0.5,1.4690138101577759,-0.5,1.1930851936340332,0.25,-24.39997100830078,-0.21017022323608398,-0.21717312932014465,-0.11287793762625473,-0.06624459475278854,0.0,-0.19354300200939178,-0.9522155523300171,-0.45457723736763,0.535130500793457
1.2043418884277344,5.0,-1.289492130279541,0.0,2.4228222370147705,-3.0,-14.99571704864502,0.5,1.4690138101577759,-0.5,1.1930851936340332,0.25,-24.39997100830078,-0.21017022323608398,-0.21717312932014465,-0.11296759147565853,-0.06624459475278854,0.0,-0.19354300200939178,-0.9522155523300171,-0.45457723736763,0.535130500793457
1.2089464664459229,5.0,-1.2732421159744263,0.0,2.4355664253234863,-3.0,-15.268051147460938,0.5,1.461755633354187,-0.5,1.1131073236465454,0.25,-24.541601181030273,-0.026880806140438446,-0.21057114005088806,-0.09642222224286118,-0.06858944147825241,0.0,-0.1889365017414093,-0.8725324273109436,-0.41826409101486206,0.5226984620094299
1.2135844230651855,5.0,-1.2732421159744263,0.0,2.4355664253234863,-3.0,-15.268051147460938,0.5,1.461755633354187,-0.5,1.1131073236465454,0.25,-24.541601181030273,-0.20057287883758546,-0.21057114005088806,-0.11227439145430866,-0.06858944147825241,0.0,-0.1889365017414093,-0.8725324273109436,-0.41826409101486206,0.5226984620094299
1.2182137966156006,5.0,-1.2591406106948853,0.0,2.445986270904541,-3.0,-15.507163047790527,0.5,1.4535149335861206,-0.5,1.0472441911697388,0.25,-24.66234588623047,-0.05039706727059473,-0.2050568163394928,-0.0935728948964551,-0.07073508948087692,0.0,-0.1845030039548874,-0.7189775705337524,-0.38727155327796936,0.5105958580970764
1.22294020652771,5.0,-1.2591406106948853,0.0,2.445986270904541,-3.0,-15.507163047790527,0.5,1.4535149335861206,-0.5,1.0472441911697388,0.25,-24.66234588623047,-0.19266930294036866,-0.2050568163394928,-0.111463925067079,-0.07073508948087692,0.0,-0.1845030039548874,-0.7189775705337524,-0.38727155327796936,0.5105958580970764
1.227522611618042,5.0,-1.2424218654632568,0.0,2.45751953125,-3.0,-15.793022155761719,0.5,1.4419541358947754,-0.5,0.9726061820983887,0.25,-24.802576065063477,-0.02083318930237893,-0.2013256847858429,-0.08493428959855094,-0.07229685038328171,0.0,-0.1810738444328308,-0.6222813129425049,-0.3606785833835602,0.5010550022125244
1.232163429260254,5.0,-1.2424218654632568,0.0,2.45751953125,-3.0,-15.793022155761719,0.5,1.4419541358947754,-0.5,0.9726061820983887,0.25,-24.802576065063477,-0.18371274185180664,-0.2013256847858429,-0.11025038640010154,-0.07229685038328171,0.0,-0.1810738444328308,-0.6222813129425049,-0.3606785833835602,0.5010550022125244
1.2368559837341309,5.0,-1.2265233993530273,0.0,2.467841625213623,-3.0,-16.068510055541992,0.5,1.4292032718658447,-0.5,0.9047471284866333,0.25,-24.933082580566406,-0.03095960562670816,-0.1942714899778366,-0.08163494601533333,-0.07499217987060547,0.0,-0.1740865260362625,-0.5589901208877563,-0.28767234086990356,0.4808434844017029
1.241614580154419,5.0,-1.2265233993530273,0.0,2.467841625213623,-3.0,-16.068510055541992,0.5,1.4292032718658447,-0.5,0.9047471284866333,0.25,-24.933082580566406,-0.175569655418396,-0.1942714899778366,-0.10889592352330499,-0.07499217987060547,0.0,-0.1740865260362625,-0.5589901208877563,-0.28767234086990356,0.4808434844017029
1.2463104724884033,5.0,-1.2265233993530273,0.0,2.467841625213623,-3.0,-16.068510055541992,0.5,1.4292032718658447,-0.5,0.9047471284866333,0.25,-24.933082580566406,-0.175569655418396,-0.1896546334028244,-0.10898319229372636,-0.07652044296264648,0.0,-0.16936787962913513,-0.5263252854347229,-0.2471221536397934,0.4672469198703766
1.2509536743164062,5.0,-1.2106249332427979,0.0,2.4775586128234863,-3.0,-16.349037170410156,0.5,1.4150439500808716,-0.5,0.8391381502151489,0.25,-25.06175994873047,-0.026395422698475113,-0.1896546334028244,-0.07687431151225868,-0.07652044296264648,0.0,-0.16936787962913513,-0.5263252854347229,-0.2471221536397934,0.4672469198703766
1.2556242942810059,5.0,-1.2106249332427979,0.0,2.4775586128234863,-3.0,-16.349037170410156,0.5,1.4150439500808716,-0.5,0.8391381502151489,0.25,-25.06175994873047,-0.16769657802581786,-0.18515492975711823,-0.10745452480519863,-0.07779835909605026,0.0,-0.16470259428024292,-0.4891689121723175,-0.215306356549263,0.45372942090034485
1.2602059841156006,5.0,-1.1948827505111694,0.0,2.4864842891693115,-3.0,-16.630483627319336,0.5,1.3999742269515991,-0.5,0.7763906121253967,0.25,-25.186899185180664,-0.023214045230038477,-0.18170933425426483,-0.07283743599292039,-0.07860409468412399,0.0,-0.1611422449350357,-0.507006824016571,-0.18377290666103363,0.4431222081184387
1.2649202346801758,5.0,-1.1948827505111694,0.0,2.4864842891693115,-3.0,-16.630483627319336,0.5,1.3999742269515991,-0.5,0.7763906121253967,0.25,-25.186899185180664,-0.1601668734550476,-0.18170933425426483,-0.10581348016517654,-0.07860409468412399,0.0,-0.1611422449350357,-0.507006824016571,-0.18377290666103363,0.4431222081184387
1.2698049545288086,5.0,-1.1948827505111694,0.0,2.4864842891693115,-3.0,-16.630483627319336,0.5,1.3999742269515991,-0.5,0.7763906121253967,0.25,-25.186899185180664,-0.1601668734550476,-0.17728479206562042,-0.10590140260456951,-0.07943557947874069,0.0,-0.15679949522018433,-0.5206252336502075,-0.15501999855041504,0.43071502447128296
1.2746496200561523,5.0,-1.1793359518051147,0.0,2.494755744934082,-3.0,-16.912328720092773,0.5,1.3840892314910889,-0.5,0.7168868780136108,0.25,-25.307889938354492,-0.030203221621475818,-0.17728479206562042,-0.07129223359200251,-0.07943557947874069,0.0,-0.15679949522018433,-0.5206252336502075,-0.15501999855041504,0.43071502447128296
1.279367446899414,5.0,-1.1793359518051147,0.0,2.494755744934082,-3.0,-16.912328720092773,0.5,1.3840892314910889,-0.5,0.7168868780136108,0.25,-25.307889938354492,-0.1530264253616333,-0.17374752461910248,-0.10416428507992964,-0.07995056360960007,0.0,-0.15351858735084534,-0.5053755640983582,-0.1434294581413269,0.42143234610557556
1.2841129302978516,5.0,-1.1655858755111694,0.0,2.501601457595825,-3.0,-17.165512084960938,0.5,1.3693199157714844,-0.5,0.666030764579773,0.25,-25.41330337524414,-0.03975628821259526,-0.17374752461910248,-0.07135158418675895,-0.07995056360960007,0.0,-0.15351858735084534,-0.5053755640983582,-0.1434294581413269,0.42143234610557556
1.2886683940887451,5.0,-1.1655858755111694,0.0,2.501601457595825,-3.0,-17.165512084960938,0.5,1.3693199157714844,-0.5,0.666030764579773,0.25,-25.41330337524414,-0.14692369174957276,-0.17016398906707764,-0.10255367716612158,-0.0804520845413208,0.0,-0.15013167262077332,-0.4953952133655548,-0.13194037973880768,0.411906898021698
1.293370246887207,5.0,-1.149843692779541,0.0,2.508867025375366,-3.0,-17.46072769165039,0.5,1.3516758680343628,-0.5,0.6094714403152466,0.25,-25.53248405456543,-0.019845005473091495,-0.16534149646759033,-0.06299074653978837,-0.08082079887390137,0.0,-0.146108940243721,-0.5453183650970459,-0.09907349199056625,0.400231271982193
1.2979671955108643,5.0,-1.149843692779541,0.0,2.508867025375366,-3.0,-17.46072769165039,0.5,1.3516758680343628,-0.5,0.6094714403152466,0.25,-25.53248405456543,-0.1401365728378296,-0.16534149646759033,-0.10059478273312425,-0.08082079887390137,0.0,-0.146108940243721,-0.5453183650970459,-0.09907349199056625,0.400231271982193
1.3027830123901367,5.0,-1.149843692779541,0.0,2.508867025375366,-3.0,-17.46072769165039,0.5,1.3516758680343628,-0.5,0.6094714403152466,0.25,-25.53248405456543,-0.1401365728378296,-0.16534149646759033,-0.10067681303354323,-0.08082079887390137,0.0,-0.146108940243721,-0.5453183650970459,-0.09907349199056625,0.400231271982193
1.3074419498443604,5.0,-1.134921908378601,0.0,2.5153026580810547,-3.0,-17.745092391967773,0.5,1.334261417388916,-0.5,0.558333694934845,0.25,-25.643136978149414,-0.024237364921274096,-0.16038750112056732,-0.06128622578280474,-0.08104264736175537,0.0,-0.14224055409431458,-0.5594859719276428,-0.07913533598184586,0.3896050751209259
1.3121094703674316,5.0,-1.134921908378601,0.0,2.5153026580810547,-3.0,-17.745092391967773,0.5,1.334261417388916,-0.5,0.558333694934845,0.25,-25.643136978149414,-0.1340000433921814,-0.16038750112056732,-0.09874269303711673,-0.08104264736175537,0.0,-0.14224055409431458,-0.5594859719276428,-0.07913533598184586,0.3896050751209259
1.3168046474456787,5.0,-1.1203124523162842,0.0,2.5211522579193115,-3.0,-18.028461456298828,0.5,1.3166381120681763,-0.5,0.5102900266647339,0.25,-25.749845504760742,-0.02590923066130263,-0.15570779144763947,-0.05916967072748878,-0.08119308203458786,0.0,-0.138605535030365,-0.5208595395088196,-0.0767875537276268,0.37972304224967957
1.3215832710266113,5.0,-1.1203124523162842,0.0,2.5211522579193115,-3.0,-18.028461456298828,0.5,1.3166381120681763,-0.5,0.5102900266647339,0.25,-25.749845504760742,-0.12823480319976807,-0.15282835066318512,-0.09678262973231642,-0.08124720305204391,0.0,-0.13637901842594147,-0.5252955555915833,-0.06461115926504135,0.3736904561519623
1.3262419700622559,5.0,-1.1051561832427979,0.0,2.5267088413238525,-3.0,-18.328685760498047,0.5,1.2977948188781738,-0.5,0.4621555507183075,0.25,-25.859201431274414,-0.019136954213116036,-0.15282835066318512,-0.05414822476807136,-0.08124720305204391,0.0,-0.13637901842594147,-0.5252955555915833,-0.06461115926504135,0.3736904561519623
1.3309621810913086,5.0,-1.1051561832427979,0.0,2.5267088413238525,-3.0,-18.328685760498047,0.5,1.2977948188781738,-0.5,0.4621555507183075,0.25,-25.859201431274414,-0.1224586660861969,-0.14698535203933716,-0.09467108346664292,-0.0810467004776001,0.0,-0.1322755366563797,-0.5581978559494019,-0.028325268998742104,0.36220690608024597
1.335585355758667,5.0,-1.0931249856948853,0.0,2.530820369720459,-3.0,-18.570463180541992,0.5,1.2825478315353394,-0.5,0.4258221685886383,0.25,-25.944225311279297,-0.039508979450893406,-0.14698535203933716,-0.05993432707753595,-0.0810467004776001,0.0,-0.1322755366563797,-0.5581978559494019,-0.028325268998742104,0.36220690608024597
1.3403820991516113,5.0,-1.0931249856948853,0.0,2.530820369720459,-3.0,-18.570463180541992,0.5,1.2825478315353394,-0.5,0.4258221685886383,0.25,-25.944225311279297,-0.11809866023063659,-0.1417415887117386,-0.09298887571452939,-0.08062707632780075,0.0,-0.1289079636335373,-0.5879196524620056,0.0032390858978033066,0.35300108790397644
1.3450467586517334,5.0,-1.0931249856948853,0.0,2.530820369720459,-3.0,-18.570463180541992,0.5,1.2825478315353394,-0.5,0.4258221685886383,0.25,-25.944225311279297,-0.11809866023063659,-0.1417415887117386,-0.09306188209806282,-0.08062707632780075,0.0,-0.1289079636335373,-0.5879196524620056,0.0032390858978033066,0.35300108790397644
1.3497002124786377,5.0,-1.0785937309265137,0.0,2.535400390625,-3.0,-18.867006301879883,0.5,1.2638846635818481,-0.5,0.3839725852012634,0.25,-26.045194625854492,-0.023144404147709352,-0.13734470307826996,-0.050787340035509686,-0.08011233061552048,0.0,-0.12626661360263824,-0.6027582287788391,0.02638164907693863,0.3457397520542145
1.354384183883667,5.0,-1.0785937309265137,0.0,2.535400390625,-3.0,-18.867006301879883,0.5,1.2638846635818481,-0.5,0.3839725852012634,0.25,-26.045194625854492,-0.11307671022415161,-0.13734470307826996,-0.09096495626228421,-0.08011233061552048,0.0,-0.12626661360263824,-0.6027582287788391,0.02638164907693863,0.3457397520542145
1.3590118885040283,5.0,-1.069374918937683,0.0,2.5381152629852295,-3.0,-19.0589599609375,0.5,1.2518702745437622,-0.5,0.35844549536705017,0.25,-26.108739852905273,-0.05485200916068691,-0.13439442217350006,-0.0636309429265833,-0.07972609251737595,0.0,-0.12449212372303009,-0.5756009221076965,0.026178155094385147,0.34085968136787415
1.3636474609375,5.0,-1.069374918937683,0.0,2.5381152629852295,-3.0,-19.0589599609375,0.5,1.2518702745437622,-0.5,0.35844549536705017,0.25,-26.108739852905273,-0.110013459444046,-0.13439442217350006,-0.0896625252309467,-0.07972609251737595,0.0,-0.12449212372303009,-0.5756009221076965,0.026178155094385147,0.34085968136787415
1.368241310119629,5.0,-1.0505858659744263,0.0,2.543095588684082,-3.0,-19.457279205322266,0.5,1.227117896080017,-0.5,0.30858269333839417,0.25,-26.23642349243164,0.004512608458101447,-0.12933175265789032,-0.03287747992474232,-0.079200379550457,0.0,-0.12082577496767044,-0.44029998779296875,-0.008024878799915314,0.33069199323654175
1.3729240894317627,5.0,-1.0505858659744263,0.0,2.543095588684082,-3.0,-19.457279205322266,0.5,1.227117896080017,-0.5,0.30858269333839417,0.25,-26.23642349243164,-0.1040299232006073,-0.12583288550376892,-0.08682714386716657,-0.07897055149078369,0.0,-0.11770311743021011,-0.35575148463249207,-0.025732282549142838,0.3223816454410553
1.3776731491088867,5.0,-1.0505858659744263,0.0,2.543095588684082,-3.0,-19.457279205322266,0.5,1.227117896080017,-0.5,0.30858269333839417,0.25,-26.23642349243164,-0.1040299232006073,-0.12583288550376892,-0.08689620639278234,-0.07897055149078369,0.0,-0.11770311743021011,-0.35575148463249207,-0.025732282549142838,0.3223816454410553
1.3823275566101074,5.0,-1.0392968654632568,0.0,2.545790910720825,-3.0,-19.700580596923828,0.5,1.2120859622955322,-0.5,0.28002846240997314,0.25,-26.311445236206055,-0.0392546166980893,-0.12583288550376892,-0.05286253365757421,-0.07897055149078369,0.0,-0.11770311743021011,-0.35575148463249207,-0.025732282549142838,0.3223816454410553
1.3870344161987305,5.0,-1.0392968654632568,0.0,2.545790910720825,-3.0,-19.700580596923828,0.5,1.2120859622955322,-0.5,0.28002846240997314,0.25,-26.311445236206055,-0.10060341548919677,-0.12283255159854889,-0.0852256948763237,-0.07874583452939987,0.0,-0.11477380990982056,-0.34245315194129944,-0.011234762147068977,0.3145688474178314
1.3914289474487305,5.0,-1.0302734375,0.0,2.547792911529541,-3.0,-19.898197174072266,0.5,1.1999319791793823,-0.5,0.2576947808265686,0.25,-26.37089729309082,-0.04710184049606322,-0.11943116784095764,-0.05617167055940993,-0.07834017276763916,0.0,-0.11140187829732895,-0.3363015055656433,0.008161681704223156,0.30526483058929443
1.396040678024292,5.0,-1.0302734375,0.0,2.547792911529541,-3.0,-19.898197174072266,0.5,1.1999319791793823,-0.5,0.2576947808265686,0.25,-26.37089729309082,-0.09792337369918822,-0.11943116784095764,-0.08389329231567717,-0.07834017276763916,0.0,-0.11140187829732895,-0.3363015055656433,0.008161681704223156,0.30526483058929443
1.4006965160369873,5.0,-1.0129687786102295,0.0,2.5511717796325684,-3.0,-20.283920288085938,0.5,1.1764256954193115,-0.5,0.2160853147506714,0.25,-26.48333168029785,-0.09792337369918822,-0.11646545678377151,-0.08395846771397646,-0.07785224914550781,0.0,-0.10855411738157272,-0.3346841633319855,0.02221120521426201,0.29757362604141235
1.4053006172180176,5.0,-1.0129687786102295,0.0,2.5511717796325684,-3.0,-20.283920288085938,0.5,1.1764256954193115,-0.5,0.2160853147506714,0.25,-26.48333168029785,-0.002555451378904533,-0.11646545678377151,-0.030144902179032006,-0.07785224914550781,0.0,-0.10855411738157272,-0.3346841633319855,0.02221120521426201,0.29757362604141235
1.4101591110229492,5.0,-1.0129687786102295,0.0,2.5511717796325684,-3.0,-20.283920288085938,0.5,1.1764256954193115,-0.5,0.2160853147506714,0.25,-26.48333168029785,-0.09293023777008055,-0.11646545678377151,-0.08126572851064498,-0.07785224914550781,0.0,-0.10855411738157272,-0.3346841633319855,0.02221120521426201,0.29757362604141235
1.4152071475982666,5.0,-0.9998828172683716,0.0,2.553398370742798,-3.0,-20.582807540893555,0.5,1.1584742069244385,-0.5,0.18574479222297668,0.25,-26.56707763671875,-0.029185764336109664,-0.11408141255378723,-0.04361670182231857,-0.07740997523069382,0.0,-0.10625524073839188,-0.3135039806365967,0.020260248333215714,0.2913052439689636
1.4201691150665283,5.0,-0.9998828172683716,0.0,2.553398370742798,-3.0,-20.582807540893555,0.5,1.1584742069244385,-0.5,0.18574479222297668,0.25,-26.56707763671875,-0.08928937506675719,-0.11172714829444885,-0.07924337648073833,-0.07689499855041504,0.0,-0.10410353541374207,-0.3416847884654999,0.04454634338617325,0.2854117453098297
1.4249334335327148,5.0,-0.992968738079071,0.0,2.554453134536743,-3.0,-20.742895126342773,0.5,1.1489667892456055,-0.5,0.17011582851409912,0.25,-26.610754013061523,-0.05460970335503523,-0.11172714829444885,-0.05820886190561586,-0.07689499855041504,0.0,-0.10410353541374207,-0.3416847884654999,0.04454634338617325,0.2854117453098297
1.4295024871826172,5.0,-0.992968738079071,0.0,2.554453134536743,-3.0,-20.742895126342773,0.5,1.1489667892456055,-0.5,0.17011582851409912,0.25,-26.610754013061523,-0.08741389942169189,-0.10894682258367538,-0.07822362732997863,-0.07620596140623093,0.0,-0.10168153047561646,-0.331767737865448,0.04716561362147331,0.2785300314426422
1.4342327117919922,5.0,-0.9760156273841858,0.0,2.556650400161743,-3.0,-21.140844345092773,0.5,1.1256966590881348,-0.5,0.13302555680274963,0.25,-26.71624755859375,-0.004551839497781568,-0.10894682258367538,-0.026295848974165682,-0.07620596140623093,0.0,-0.10168153047561646,-0.331767737865448,0.04716561362147331,0.2785300314426422
1.4388082027435303,5.0,-0.9760156273841858,0.0,2.556650400161743,-3.0,-21.140844345092773,0.5,1.1256966590881348,-0.5,0.13302555680274963,0.25,-26.71624755859375,-0.08296306681632995,-0.10658404231071472,-0.0755476628138199,-0.07560979574918747,0.0,-0.09959857165813446,-0.32264119386672974,0.048497509211301804,0.2728007733821869
1.4434642791748047,5.0,-0.9639062285423279,0.0,2.557919979095459,-3.0,-21.429956436157227,0.5,1.1091558933258057,-0.5,0.10774266719818115,0.25,-26.78985595703125,-0.0256282726061546,-0.10383991152048111,-0.038094379956878095,-0.07488047331571579,0.0,-0.09719660133123398,-0.32466253638267517,0.0583527572453022,0.26617923378944397
1.4480547904968262,5.0,-0.9639062285423279,0.0,2.557919979095459,-3.0,-21.429956436157227,0.5,1.1091558933258057,-0.5,0.10774266719818115,0.25,-26.78985595703125,-0.07992912006378172,-0.10383991152048111,-0.07367542319080189,-0.07488047331571579,0.0,-0.09719660133123398,-0.32466253638267517,0.0583527572453022,0.26617923378944397
1.452746868133545,5.0,-0.9639062285423279,0.0,2.557919979095459,-3.0,-21.429956436157227,0.5,1.1091558933258057,-0.5,0.10774266719818115,0.25,-26.78985595703125,-0.07992912006378172,-0.10383991152048111,-0.07373258732568888,-0.07488047331571579,0.0,-0.09719660133123398,-0.32466253638267517,0.0583527572453022,0.26617923378944397
1.457566261291504,5.0,-0.9556249976158142,0.0,2.558652400970459,-3.0,-21.63155746459961,0.5,1.09780752658844,-0.5,0.09086399525403976,0.25,-26.839786529541016,-0.042881278495489214,-0.10153735429048538,-0.048881110752588455,-0.0742039680480957,0.0,-0.09527485817670822,-0.33096396923065186,0.06986544281244278,0.26085832715034485
1.462209939956665,5.0,-0.9556249976158142,0.0,2.558652400970459,-3.0,-21.63155746459961,0.5,1.09780752658844,-0.5,0.09086399525403976,0.25,-26.839786529541016,-0.07790367943048476,-0.10153735429048538,-0.07248392522841517,-0.0742039680480957,0.0,-0.09527485817670822,-0.33096396923065186,0.06986544281244278,0.26085832715034485
1.4669139385223389,5.0,-0.9396483898162842,0.0,2.5597167015075684,-3.0,-22.029447555541992,0.5,1.0758718252182007,-0.5,0.05921696871519089,0.25,-26.93528938293457,-0.006829173600105723,-0.0982573851943016,-0.023273786630871394,-0.07316314429044724,0.0,-0.09257987886667252,-0.31134939193725586,0.06849555671215057,0.25320523977279663
1.471756935119629,5.0,-0.9396483898162842,0.0,2.5597167015075684,-3.0,-22.029447555541992,0.5,1.0758718252182007,-0.5,0.05921696871519089,0.25,-26.93528938293457,-0.0741060362458229,-0.09543178230524063,-0.06996159797458334,-0.07223546504974365,0.0,-0.09020757675170898,-0.3038352131843567,0.07372476905584335,0.24667386710643768
1.4764063358306885,5.0,-0.9396483898162842,0.0,2.5597167015075684,-3.0,-22.029447555541992,0.5,1.0758718252182007,-0.5,0.05921696871519089,0.25,-26.93528938293457,-0.0741060362458229,-0.09543178230524063,-0.07001514715205633,-0.07223546504974365,0.0,-0.09020757675170898,-0.3038352131843567,0.07372476905584335,0.24667386710643768
1.4811005592346191,5.0,-0.9291015267372131,0.0,2.560175657272339,-3.0,-22.295726776123047,0.5,1.0615702867507935,-0.5,0.039321787655353546,0.25,-26.99675750732422,-0.029336351579945685,-0.09543178230524063,-0.03788543507316615,-0.07223546504974365,0.0,-0.09020757675170898,-0.3038352131843567,0.07372476905584335,0.24667386710643768
1.4857821464538574,5.0,-0.9291015267372131,0.0,2.560175657272339,-3.0,-22.295726776123047,0.5,1.0615702867507935,-0.5,0.039321787655353546,0.25,-26.99675750732422,-0.07171861451864242,-0.09249111264944077,-0.06840426606917095,-0.07112932205200195,0.0,-0.08795157819986343,-0.32562628388404846,0.099208302795887,0.24043865501880646
1.4903278350830078,5.0,-0.9210937023162842,0.0,2.5604100227355957,-3.0,-22.501264572143555,0.5,1.050749659538269,-0.5,0.024625925347208977,0.25,-27.042951583862305,-0.03762587886790026,-0.09123887121677399,-0.04335170754156714,-0.070633165538311,0.0,-0.08701269328594208,-0.31970885396003723,0.09926807135343552,0.23784483969211578
1.4949774742126465,5.0,-0.9210937023162842,0.0,2.5604100227355957,-3.0,-22.501264572143555,0.5,1.050749659538269,-0.5,0.024625925347208977,0.25,-27.042951583862305,-0.06995511104166507,-0.09123887121677399,-0.06720707727631793,-0.070633165538311,0.0,-0.08701269328594208,-0.31970885396003723,0.09926807135343552,0.23784483969211578
1.499567985534668,5.0,-0.9063671827316284,0.0,2.5605273246765137,-3.0,-22.88504409790039,0.5,1.0310273170471191,-0.5,-0.0014799648197367787,0.25,-27.126726150512695,-0.009953161700191226,-0.08796586096286774,-0.02192586955827574,-0.06935393065214157,0.0,-0.08431617170572281,-0.28151944279670715,0.08506488054990768,0.2302696257829666
1.504237174987793,5.0,-0.9063671827316284,0.0,2.5605273246765137,-3.0,-22.88504409790039,0.5,1.0310273170471191,-0.5,-0.0014799648197367787,0.25,-27.126726150512695,-0.06682240422163158,-0.08796586096286774,-0.06493873925856565,-0.06935393065214157,0.0,-0.08431617170572281,-0.28151944279670715,0.08506488054990768,0.2302696257829666
1.5088138580322266,5.0,-0.9063671827316284,0.0,2.5605273246765137,-3.0,-22.88504409790039,0.5,1.0310273170471191,-0.5,-0.0014799648197367787,0.25,-27.126726150512695,-0.06682240422163158,-0.0855301171541214,-0.06498734613292685,-0.0683814287185669,0.0,-0.0822211429476738,-0.2707570195198059,0.08690772950649261,0.22458258271217346
1.513460636138916,5.0,-0.8948827981948853,0.0,2.560370922088623,-3.0,-23.19144058227539,0.5,1.01576828956604,-0.5,-0.02099669724702835,0.25,-27.19092559814453,-0.022479827378730763,-0.0855301171541214,-0.030366330479030722,-0.0683814287185669,0.0,-0.0822211429476738,-0.2707570195198059,0.08690772950649261,0.22458258271217346
1.5183935165405273,5.0,-0.8948827981948853,0.0,2.560370922088623,-3.0,-23.19144058227539,0.5,1.01576828956604,-0.5,-0.02099669724702835,0.25,-27.19092559814453,-0.0644803963303566,-0.08346244692802429,-0.06325508051686643,-0.06747722625732422,0.0,-0.0805400013923645,-0.27571746706962585,0.09834782779216766,0.2200196087360382
1.523205041885376,5.0,-0.8848828077316284,0.0,2.56005859375,-3.0,-23.461713790893555,0.5,1.0026475191116333,-0.5,-0.03736400231719017,0.25,-27.24578094482422,-0.028499445867816962,-0.08346244692802429,-0.03445949671333201,-0.06747722625732422,0.0,-0.0805400013923645,-0.27571746706962585,0.09834782779216766,0.2200196087360382
1.5279514789581299,5.0,-0.8848828077316284,0.0,2.56005859375,-3.0,-23.461713790893555,0.5,1.0026475191116333,-0.5,-0.03736400231719017,0.25,-27.24578094482422,-0.06251631972193718,-0.08191940933465958,-0.06177667378427702,-0.0667726993560791,0.0,-0.07930321991443634,-0.2779749929904938,0.10565683990716934,0.21665489673614502
1.5327064990997314,5.0,-0.8737890720367432,0.0,2.559511661529541,-3.0,-23.765649795532227,0.5,0.9882655739784241,-0.5,-0.0549129843711853,0.25,-27.30569076538086,-0.023504221646316166,-0.07905170321464539,-0.02985146134389018,-0.06539177149534225,0.0,-0.07703476399183273,-0.2751970589160919,0.11396503448486328,0.21038804948329926
1.5373497009277344,5.0,-0.8737890720367432,0.0,2.559511661529541,-3.0,-23.765649795532227,0.5,0.9882655739784241,-0.5,-0.0549129843711853,0.25,-27.30569076538086,-0.060410441875457764,-0.07905170321464539,-0.060142616933179224,-0.06539177149534225,0.0,-0.07703476399183273,-0.2751970589160919,0.11396503448486328,0.21038804948329926
1.5420241355895996,5.0,-0.862109363079071,0.0,2.5587401390075684,-3.0,-24.092153549194336,0.5,0.9733361601829529,-0.5,-0.0726398378610611,0.25,-27.36769676208496,-0.02036023032069388,-0.07647642493247986,-0.026456901643702117,-0.06406855583190918,0.0,-0.07509739696979523,-0.2774215340614319,0.12402791529893875,0.2051885426044464
1.546764850616455,5.0,-0.862109363079071,0.0,2.5587401390075684,-3.0,-24.092153549194336,0.5,0.9733361601829529,-0.5,-0.0726398378610611,0.25,-27.36769676208496,-0.05828321945667267,-0.07647642493247986,-0.058440217893746815,-0.06406855583190918,0.0,-0.07509739696979523,-0.2774215340614319,0.12402791529893875,0.2051885426044464
1.551499843597412,5.0,-0.862109363079071,0.0,2.5587401390075684,-3.0,-24.092153549194336,0.5,0.9733361601829529,-0.5,-0.0726398378610611,0.25,-27.36769676208496,-0.05828321945667267,-0.07415521889925003,-0.058485042761668805,-0.06281828880310059,0.0,-0.07340163737535477,-0.2797042727470398,0.13325461745262146,0.20062588155269623
1.5561943054199219,5.0,-0.8536328077316284,0.0,2.558037042617798,-3.0,-24.3332462310791,0.5,0.962655246257782,-0.5,-0.08503878116607666,0.25,-27.41206169128418,-0.030383493796891516,-0.07415521889925003,-0.03449461298239005,-0.06281828880310059,0.0,-0.07340163737535477,-0.2797042727470398,0.13325461745262146,0.20062588155269623
1.5607693195343018,5.0,-0.8536328077316284,0.0,2.558037042617798,-3.0,-24.3332462310791,0.5,0.962655246257782,-0.5,-0.08503878116607666,0.25,-27.41206169128418,-0.056795346260070795,-0.0718260183930397,-0.05728910452409354,-0.06151842698454857,0.0,-0.07168769836425781,-0.26090866327285767,0.12536390125751495,0.19582659006118774
1.5652263164520264,5.0,-0.8413671851158142,0.0,2.5567967891693115,-3.0,-24.685237884521484,0.5,0.9475443959236145,-0.5,-0.10222692042589188,0.25,-27.47494888305664,-0.016168373887183334,-0.0718260183930397,-0.021612037635858693,-0.06151842698454857,0.0,-0.07168769836425781,-0.26090866327285767,0.12536390125751495,0.19582659006118774
1.570033311843872,5.0,-0.8413671851158142,0.0,2.5567967891693115,-3.0,-24.685237884521484,0.5,0.9475443959236145,-0.5,-0.10222692042589188,0.25,-27.47494888305664,-0.05473276954889297,-0.06999749690294266,-0.055558723440834,-0.060487862676382065,0.0,-0.07030146569013596,-0.24880823493003845,0.12093961238861084,0.19204163551330566
1.5747385025024414,5.0,-0.8413671851158142,0.0,2.5567967891693115,-3.0,-24.685237884521484,0.5,0.9475443959236145,-0.5,-0.10222692042589188,0.25,-27.47494888305664,-0.05473276954889297,-0.06999749690294266,-0.0556008390750539,-0.060487862676382065,0.0,-0.07030146569013596,-0.24880823493003845,0.12093961238861084,0.19204163551330566
1.5793824195861816,5.0,-0.8305858969688416,0.0,2.5555174350738525,-3.0,-25.001283645629883,0.5,0.9345167279243469,-0.5,-0.1166638657450676,0.25,-27.529264450073242,-0.0219124741637801,-0.0678190141916275,-0.026024687895919232,-0.05924367532134056,0.0,-0.06858930736780167,-0.23686516284942627,0.11805658787488937,0.1873927116394043
1.5840904712677002,5.0,-0.8305858969688416,0.0,2.5555174350738525,-3.0,-25.001283645629883,0.5,0.9345167279243469,-0.5,-0.1166638657450676,0.25,-27.529264450073242,-0.053000336110591885,-0.0678190141916275,-0.05411879065249241,-0.05924367532134056,0.0,-0.06858930736780167,-0.23686516284942627,0.11805658787488937,0.1873927116394043
1.5886578559875488,5.0,-0.822265625,0.0,2.5544238090515137,-3.0,-25.24643898010254,0.5,0.9247238039970398,-0.5,-0.12730522453784943,0.25,-27.570131301879883,-0.028424790944480353,-0.06629250198602676,-0.03154144969292311,-0.05836665257811546,0.0,-0.06732860952615738,-0.2176075577735901,0.10642185062170029,0.18398785591125488
1.593327522277832,5.0,-0.822265625,0.0,2.5544238090515137,-3.0,-25.24643898010254,0.5,0.9247238039970398,-0.5,-0.12730522453784943,0.25,-27.570131301879883,-0.051723373055458065,-0.06629250198602676,-0.05302210369007031,-0.05836665257811546,0.0,-0.06732860952615738,-0.2176075577735901,0.10642185062170029,0.18398785591125488
1.5979907512664795,5.0,-0.8103905916213989,0.0,2.5526366233825684,-3.0,-25.60601043701172,0.5,0.9107671976089478,-0.5,-0.1422012895345688,0.25,-27.628324508666992,-0.01799217482280302,-0.06450285762548447,-0.021456560163139814,-0.05735313519835472,0.0,-0.06567638367414474,-0.19262290000915527,0.0916554182767868,0.17940327525138855
1.60267972946167,5.0,-0.8103905916213989,0.0,2.5526366233825684,-3.0,-25.60601043701172,0.5,0.9107671976089478,-0.5,-0.1422012895345688,0.25,-27.628324508666992,-0.04993584525585174,-0.06279575079679489,-0.05142414252222653,-0.05637466907501221,0.0,-0.06402364373207092,-0.18282131850719452,0.08968828618526459,0.17502370476722717
1.6073224544525146,5.0,-0.7997655868530273,0.0,2.5508689880371094,-3.0,-25.93169403076172,0.5,0.8985568881034851,-0.5,-0.15494464337825775,0.25,-27.679035186767578,-0.020958637864706125,-0.06279575079679489,-0.023696036429638002,-0.05637466907501221,0.0,-0.06402364373207092,-0.18282131850719452,0.08968828618526459,0.17502370476722717
1.6121931076049805,5.0,-0.7997655868530273,0.0,2.5508689880371094,-3.0,-25.93169403076172,0.5,0.8985568881034851,-0.5,-0.15494464337825775,0.25,-27.679035186767578,-0.048406642794609066,-0.061150457710027695,-0.05003473782933401,-0.05537557601928711,0.0,-0.06248300522565842,-0.18922953307628632,0.10192544758319855,0.1709219515323639
1.6169137954711914,5.0,-0.7997655868530273,0.0,2.5508689880371094,-3.0,-25.93169403076172,0.5,0.8985568881034851,-0.5,-0.15494464337825775,0.25,-27.679035186767578,-0.048406642794609066,-0.061150457710027695,-0.050072367082647305,-0.05537557601928711,0.0,-0.06248300522565842,-0.18922953307628632,0.10192544758319855,0.1709219515323639
1.6213414669036865,5.0,-0.7914843559265137,0.0,2.5493555068969727,-3.0,-26.1904239654541,0.5,0.889136552810669,-0.5,-0.16461046040058136,0.25,-27.718074798583984,-0.025416269817893293,-0.06007986143231392,-0.027700337545427334,-0.054684754461050034,0.0,-0.06155117601156235,-0.19772662222385406,0.11363700777292252,0.1684124767780304
1.6259994506835938,5.0,-0.7914843559265137,0.0,2.5493555068969727,-3.0,-26.1904239654541,0.5,0.889136552810669,-0.5,-0.16461046040058136,0.25,-27.718074798583984,-0.047246744751930234,-0.06007986143231392,-0.049012638058496975,-0.054684754461050034,0.0,-0.06155117601156235,-0.19772662222385406,0.11363700777292252,0.1684124767780304
1.6306490898132324,5.0,-0.7823437452316284,0.0,2.5475780963897705,-3.0,-26.47783660888672,0.5,0.8789477348327637,-0.5,-0.17492976784706116,0.25,-27.760351181030273,-0.02381464645131748,-0.06007986143231392,-0.025912082191325528,-0.054684754461050034,0.0,-0.06155117601156235,-0.19772662222385406,0.11363700777292252,0.1684124767780304
1.6353380680084229,5.0,-0.7823437452316284,0.0,2.5475780963897705,-3.0,-26.47783660888672,0.5,0.8789477348327637,-0.5,-0.17492976784706116,0.25,-27.760351181030273,-0.04600842785835266,-0.05760631710290909,-0.04786075685878262,-0.05296408757567406,0.0,-0.059620797634124756,-0.21676422655582428,0.13974611461162567,0.16302093863487244
1.640132188796997,5.0,-0.773632824420929,0.0,2.545771360397339,-3.0,-26.756107330322266,0.5,0.8694772124290466,-0.5,-0.18436065316200256,0.25,-27.7999210357666,-0.025204949191675662,-0.05591732636094093,-0.027005269573246653,-0.05173933133482933,0.0,-0.058386437594890594,-0.2180785834789276,0.14530019462108612,0.15967559814453125
1.6448817253112793,5.0,-0.773632824420929,0.0,2.545771360397339,-3.0,-26.756107330322266,0.5,0.8694772124290466,-0.5,-0.18436065316200256,0.25,-27.7999210357666,-0.04487672162055969,-0.05591732636094093,-0.04679481744826933,-0.05173933133482933,0.0,-0.058386437594890594,-0.2180785834789276,0.14530019462108612,0.15967559814453125
1.649784803390503,5.0,-0.763476550579071,0.0,2.543515682220459,-3.0,-27.08473014831543,0.5,0.8587480187416077,-0.5,-0.1948787122964859,0.25,-27.84518814086914,-0.02216260339386005,-0.05391357094049454,-0.023659926127709053,-0.05026363953948021,0.0,-0.05691320449113846,-0.2064436972141266,0.1388823539018631,0.1556623876094818
1.654545783996582,5.0,-0.763476550579071,0.0,2.543515682220459,-3.0,-27.08473014831543,0.5,0.8587480187416077,-0.5,-0.1948787122964859,0.25,-27.84518814086914,-0.043614554524421686,-0.05391357094049454,-0.04557665344390375,-0.05026363953948021,0.0,-0.05691320449113846,-0.2064436972141266,0.1388823539018631,0.1556623876094818
1.6592090129852295,5.0,-0.763476550579071,0.0,2.543515682220459,-3.0,-27.08473014831543,0.5,0.8587480187416077,-0.5,-0.1948787122964859,0.25,-27.84518814086914,-0.043614554524421686,-0.05312686786055565,-0.04561011192711606,-0.049682971090078354,0.0,-0.05631224066019058,-0.19765563309192657,0.13224561512470245,0.1540190428495407
1.6638519763946533,5.0,-0.75550776720047,0.0,2.541630744934082,-3.0,-27.3452091217041,0.5,0.8505438566207886,-0.5,-0.20281478762626648,0.25,-27.88005828857422,-0.025569531379887562,-0.05312686786055565,-0.026988065125615756,-0.049682971090078354,0.0,-0.05631224066019058,-0.19765563309192657,0.13224561512470245,0.1540190428495407
1.6684050559997559,5.0,-0.75550776720047,0.0,2.541630744934082,-3.0,-27.3452091217041,0.5,0.8505438566207886,-0.5,-0.20281478762626648,0.25,-27.88005828857422,-0.04266222548484802,-0.050715118646621704,-0.04469008480029703,-0.04787921532988548,0.0,-0.05440065637230873,-0.1770745813846588,0.11908362805843353,0.1487358808517456
1.6732537746429443,5.0,-0.7473828196525574,0.0,2.539628744125366,-3.0,-27.61347198486328,0.5,0.8424110412597656,-0.5,-0.2105722725391388,0.25,-27.914892196655273,-0.025732286138790583,-0.049515098333358765,-0.02697422917348132,-0.046994443982839584,0.0,-0.05333457887172699,-0.15958310663700104,0.10522163659334183,0.1458778977394104
1.6778690814971924,5.0,-0.7473828196525574,0.0,2.539628744125366,-3.0,-27.61347198486328,0.5,0.8424110412597656,-0.5,-0.2105722725391388,0.25,-27.914892196655273,-0.04173132729530334,-0.049515098333358765,-0.043778958693476,-0.046994443982839584,0.0,-0.05333457887172699,-0.15958310663700104,0.10522163659334183,0.1458778977394104
1.6825823783874512,5.0,-0.7376952767372131,0.0,2.5371289253234863,-3.0,-27.935697555541992,0.5,0.8329763412475586,-0.5,-0.21945039927959442,0.25,-27.95546531677246,-0.02182961109803246,-0.04821547120809555,-0.022660984374743637,-0.046053048223257065,0.0,-0.05203987658023834,-0.13994134962558746,0.0898328498005867,0.14241553843021393
1.6872456073760986,5.0,-0.7376952767372131,0.0,2.5371289253234863,-3.0,-27.935697555541992,0.5,0.8329763412475586,-0.5,-0.21945039927959442,0.25,-27.95546531677246,-0.040665952086448666,-0.04821547120809555,-0.042709237917626576,-0.046053048223257065,0.0,-0.05203987658023834,-0.13994134962558746,0.0898328498005867,0.14241553843021393
1.6919128894805908,5.0,-0.7376952767372131,0.0,2.5371289253234863,-3.0,-27.935697555541992,0.5,0.8329763412475586,-0.5,-0.21945039927959442,0.25,-27.95546531677246,-0.040665952086448666,-0.04821547120809555,-0.042740319808001054,-0.046053048223257065,0.0,-0.05203987658023834,-0.13994134962558746,0.0898328498005867,0.14241553843021393
1.6965892314910889,5.0,-0.7282421588897705,0.0,2.5345311164855957,-3.0,-28.256986618041992,0.5,0.8238545060157776,-0.5,-0.22792492806911469,0.25,-27.994720458984375,-0.021526876481201492,-0.04708149656653404,-0.02216964116193991,-0.04525279998779297,0.0,-0.05071612820029259,-0.11569934338331223,0.06966619938611984,0.13875848054885864
1.7012882232666016,5.0,-0.7282421588897705,0.0,2.5345311164855957,-3.0,-28.256986618041992,0.5,0.8238545060157776,-0.5,-0.22792492806911469,0.25,-27.994720458984375,-0.039649008631706235,-0.04708149656653404,-0.041706424462027374,-0.04525279998779297,0.0,-0.05071612820029259,-0.11569934338331223,0.06966619938611984,0.13875848054885864
1.7061097621917725,5.0,-0.7186718583106995,0.0,2.531816244125366,-3.0,-28.58408546447754,0.5,0.8148377537727356,-0.5,-0.2361842691898346,0.25,-28.03331756591797,-0.021527794486519158,-0.046136077493429184,-0.021953790214474075,-0.04461824521422386,0.0,-0.04940735548734665,-0.09592527896165848,0.05312449112534523,0.1352778524160385
1.7106773853302002,5.0,-0.7186718583106995,0.0,2.531816244125366,-3.0,-28.58408546447754,0.5,0.8148377537727356,-0.5,-0.2361842691898346,0.25,-28.03331756591797,-0.038657887697219846,-0.04542926698923111,-0.04068353544674056,-0.044142480939626694,0.0,-0.048361361026763916,-0.09275918453931808,0.05303690955042839,0.13249368965625763
1.7154655456542969,5.0,-0.7106640338897705,0.0,2.529433488845825,-3.0,-28.8621826171875,0.5,0.8073397874832153,-0.5,-0.2429744452238083,0.25,-28.065162658691406,-0.023661887217469046,-0.04542926698923111,-0.024153822797957906,-0.044142480939626694,0.0,-0.048361361026763916,-0.09275918453931808,0.05303690955042839,0.13249368965625763
1.7203660011291504,5.0,-0.7106640338897705,0.0,2.529433488845825,-3.0,-28.8621826171875,0.5,0.8073397874832153,-0.5,-0.2429744452238083,0.25,-28.065162658691406,-0.037843066573143,-0.044736310839653015,-0.03984333343441125,-0.04365396127104759,0.0,-0.04736461490392685,-0.09504132717847824,0.05838877707719803,0.12980709969997406
1.7250425815582275,5.0,-0.7106640338897705,0.0,2.529433488845825,-3.0,-28.8621826171875,0.5,0.8073397874832153,-0.5,-0.2429744452238083,0.25,-28.065162658691406,-0.037843066573143,-0.044736310839653015,-0.039872079419115664,-0.04365396127104759,0.0,-0.04736461490392685,-0.09504132717847824,0.05838877707719803,0.12980709969997406
1.729623556137085,5.0,-0.7012499570846558,0.0,2.5265331268310547,-3.0,-29.190141677856445,0.5,0.7986781001091003,-0.5,-0.25074276328086853,0.25,-28.101713180541992,-0.01995308371804762,-0.04392991214990616,-0.01995208393075055,-0.04306923970580101,0.0,-0.04619111493229866,-0.0896964743733406,0.05570389702916145,0.12652799487113953
1.7343342304229736,5.0,-0.7012499570846558,0.0,2.5265331268310547,-3.0,-29.190141677856445,0.5,0.7986781001091003,-0.5,-0.25074276328086853,0.25,-28.101713180541992,-0.036910868406295774,-0.04392991214990616,-0.038888181174817925,-0.04306923970580101,0.0,-0.04619111493229866,-0.0896964743733406,0.05570389702916145,0.12652799487113953
1.7389018535614014,5.0,-0.6923828125,0.0,2.523671865463257,-3.0,-29.504926681518555,0.5,0.7905766367912292,-0.5,-0.2579258382320404,0.25,-28.1356143951416,-0.020322831972965257,-0.043306201696395874,-0.020205834735736138,-0.042617082595825195,0.0,-0.04524797573685646,-0.08534301072359085,0.053065232932567596,0.12399034202098846
1.7436342239379883,5.0,-0.6923828125,0.0,2.523671865463257,-3.0,-29.504926681518555,0.5,0.7905766367912292,-0.5,-0.2579258382320404,0.25,-28.1356143951416,-0.03604889941215515,-0.042515773326158524,-0.03797005279342886,-0.042017098516225815,0.0,-0.04411805421113968,-0.09078998118638992,0.06159232556819916,0.12092233449220657
1.748241901397705,5.0,-0.6849609017372131,0.0,2.5212109088897705,-3.0,-29.770551681518555,0.5,0.7838863730430603,-0.5,-0.26380419731140137,0.25,-28.16341209411621,-0.022585747693841602,-0.042515773326158524,-0.022673564418544782,-0.042017098516225815,0.0,-0.04411805421113968,-0.09078998118638992,0.06159232556819916,0.12092233449220657
1.7529544830322266,5.0,-0.6849609017372131,0.0,2.5212109088897705,-3.0,-29.770551681518555,0.5,0.7838863730430603,-0.5,-0.26380419731140137,0.25,-28.16341209411621,-0.03534349632263183,-0.042515773326158524,-0.03722013903465029,-0.042017098516225815,0.0,-0.04411805421113968,-0.09078998118638992,0.06159232556819916,0.12092233449220657
1.757617473602295,5.0,-0.6849609017372131,0.0,2.5212109088897705,-3.0,-29.770551681518555,0.5,0.7838863730430603,-0.5,-0.26380419731140137,0.25,-28.16341209411621,-0.03534349632263183,-0.0417940579354763,-0.037246614224259705,-0.041432857513427734,0.0,-0.043200843036174774,-0.09853283315896988,0.07222401350736618,0.11840535700321198
1.7622852325439453,5.0,-0.6787499785423279,0.0,2.5190820693969727,-3.0,-29.99492645263672,0.5,0.7783476710319519,-0.5,-0.268636018037796,0.25,-28.186330795288086,-0.02441219913488219,-0.0417940579354763,-0.024742085325615972,-0.041432857513427734,0.0,-0.043200843036174774,-0.09853283315896988,0.07222401350736618,0.11840535700321198
1.7670421600341797,5.0,-0.6787499785423279,0.0,2.5190820693969727,-3.0,-29.99492645263672,0.5,0.7783476710319519,-0.5,-0.268636018037796,0.25,-28.186330795288086,-0.034763677835464475,-0.04085821658372879,-0.03663443677329713,-0.04064333438873291,0.0,-0.04209119826555252,-0.09935972839593887,0.07566109299659729,0.11522622406482697
1.771864652633667,5.0,-0.6680859327316284,0.0,2.5153026580810547,-3.0,-30.383548736572266,0.5,0.7689993977546692,-0.5,-0.2767297625541687,0.25,-28.224945068359375,-0.017009106695902484,-0.0399458147585392,-0.01615385565481935,-0.03986465930938721,0.0,-0.041007958352565765,-0.09669896215200424,0.07490061223506927,0.11220458149909973
1.776538610458374,5.0,-0.6680859327316284,0.0,2.5153026580810547,-3.0,-30.383548736572266,0.5,0.7689993977546692,-0.5,-0.2767297625541687,0.25,-28.224945068359375,-0.033792428493499754,-0.0399458147585392,-0.0355637347689215,-0.03986465930938721,0.0,-0.041007958352565765,-0.09669896215200424,0.07490061223506927,0.11220458149909973
1.781320571899414,5.0,-0.659375011920929,0.0,2.5121190547943115,-3.0,-30.70371437072754,0.5,0.7615672945976257,-0.5,-0.28310078382492065,0.25,-28.255573272705078,-0.01970487657470349,-0.0391085259616375,-0.019154943057383394,-0.039138078689575195,0.0,-0.04002287983894348,-0.09769654273986816,0.07822563499212265,0.10947620868682861
1.7859890460968018,5.0,-0.659375011920929,0.0,2.5121190547943115,-3.0,-30.70371437072754,0.5,0.7615672945976257,-0.5,-0.28310078382492065,0.25,-28.255573272705078,-0.03302790594100952,-0.0391085259616375,-0.03472132088773054,-0.039138078689575195,0.0,-0.04002287983894348,-0.09769654273986816,0.07822563499212265,0.10947620868682861
1.7905499935150146,5.0,-0.6551171541213989,0.0,2.510507822036743,-3.0,-30.86349105834961,0.5,0.7579420208930969,-0.5,-0.28619006276130676,0.25,-28.27049446105957,-0.02588386523393331,-0.0387447364628315,-0.026361307049658417,-0.03881478309631348,0.0,-0.03961292281746864,-0.09767478704452515,0.07912427932024002,0.10834196209907532
1.7952380180358887,5.0,-0.6551171541213989,0.0,2.510507822036743,-3.0,-30.86349105834961,0.5,0.7579420208930969,-0.5,-0.28619006276130676,0.25,-28.27049446105957,-0.03265719246864319,-0.0387447364628315,-0.03433400201345012,-0.03881478309631348,0.0,-0.03961292281746864,-0.09767478704452515,0.07912427932024002,0.10834196209907532
1.800112247467041,5.0,-0.6551171541213989,0.0,2.510507822036743,-3.0,-30.86349105834961,0.5,0.7579420208930969,-0.5,-0.28619006276130676,0.25,-28.27049446105957,-0.03265719246864319,-0.03757614642381668,-0.03435914738524548,-0.03775870427489281,0.0,-0.03830639272928238,-0.09431181102991104,0.07840023934841156,0.10466514527797699
1.8047685623168945,5.0,-0.6429296731948853,0.0,2.5057811737060547,-3.0,-31.323558807373047,0.5,0.7478039860725403,-0.5,-0.29477250576019287,0.25,-28.312238693237305,-0.013195463671296051,-0.03757614642381668,-0.011393002824305925,-0.03775870427489281,0.0,-0.03830639272928238,-0.09431181102991104,0.07840023934841156,0.10466514527797699
1.8094375133514404,5.0,-0.6429296731948853,0.0,2.5057811737060547,-3.0,-31.323558807373047,0.5,0.7478039860725403,-0.5,-0.29477250576019287,0.25,-28.312238693237305,-0.03162729930877685,-0.03692047297954559,-0.033188799967925495,-0.03715991973876953,0.0,-0.03755801171064377,-0.08955495059490204,0.07458853721618652,0.10260704904794693
1.814124584197998,5.0,-0.6359765529632568,0.0,2.502988338470459,-3.0,-31.5888614654541,0.5,0.7421722412109375,-0.5,-0.29950180649757385,0.25,-28.335432052612305,-0.020969684537753875,-0.03612577170133591,-0.02052020306459878,-0.036432500928640366,0.0,-0.03660881519317627,-0.08546199649572372,0.07203001528978348,0.10001496970653534
1.8187031745910645,5.0,-0.6359765529632568,0.0,2.502988338470459,-3.0,-31.5888614654541,0.5,0.7421722412109375,-0.5,-0.29950180649757385,0.25,-28.335432052612305,-0.031059783220291137,-0.03612577170133591,-0.03255786830350718,-0.036432500928640366,0.0,-0.03660881519317627,-0.08546199649572372,0.07203001528978348,0.10001496970653534
1.8235552310943604,5.0,-0.6301562190055847,0.0,2.500605344772339,-3.0,-31.812679290771484,0.5,0.7375293374061584,-0.5,-0.30338165163993835,0.25,-28.354528427124023,-0.022597911694613223,-0.03612577170133591,-0.022454829861035863,-0.036432500928640366,0.0,-0.03660881519317627,-0.08546199649572372,0.07203001528978348,0.10001496970653534
1.8281524181365967,5.0,-0.6301562190055847,0.0,2.500605344772339,-3.0,-31.812679290771484,0.5,0.7375293374061584,-0.5,-0.30338165163993835,0.25,-28.354528427124023,-0.030594201803207394,-0.03582484647631645,-0.03204560929810089,-0.03615438938140869,0.0,-0.03624678775668144,-0.0832592323422432,0.07027006149291992,0.09903421998023987
1.8328619003295898,5.0,-0.6301562190055847,0.0,2.500605344772339,-3.0,-31.812679290771484,0.5,0.7375293374061584,-0.5,-0.30338165163993835,0.25,-28.354528427124023,-0.030594201803207394,-0.03582484647631645,-0.03206798210179744,-0.03615438938140869,0.0,-0.03624678775668144,-0.0832592323422432,0.07027006149291992,0.09903421998023987
1.8374698162078857,5.0,-0.6195703148841858,0.0,2.496142625808716,-3.0,-32.223236083984375,0.5,0.7292351126670837,-0.5,-0.31027621030807495,0.25,-28.388593673706055,-0.014804431727898807,-0.034763310104608536,-0.013093852796506503,-0.03516840562224388,0.0,-0.03488244488835335,-0.07523679733276367,0.06406563520431519,0.09528620541095734
1.8421494960784912,5.0,-0.6195703148841858,0.0,2.496142625808716,-3.0,-32.223236083984375,0.5,0.7292351126670837,-0.5,-0.31027621030807495,0.25,-28.388593673706055,-0.029766854763031005,-0.034763310104608536,-0.03111525599426659,-0.03516840562224388,0.0,-0.03488244488835335,-0.07523679733276367,0.06406563520431519,0.09528620541095734
1.8468756675720215,5.0,-0.6111718416213989,0.0,2.4925389289855957,-3.0,-32.55131149291992,0.5,0.7228339314460754,-0.5,-0.3155606687068939,0.25,-28.414772033691406,-0.017951453044785806,-0.03409858047962189,-0.01682406185375733,-0.034545063972473145,0.0,-0.03399981930851936,-0.07095114886760712,0.060771550983190536,0.09298033267259598
1.85178542137146,5.0,-0.6111718416213989,0.0,2.4925389289855957,-3.0,-32.55131149291992,0.5,0.7228339314460754,-0.5,-0.3155606687068939,0.25,-28.414772033691406,-0.029132719755172728,-0.03409858047962189,-0.03039005847006865,-0.034545063972473145,0.0,-0.03399981930851936,-0.07095114886760712,0.060771550983190536,0.09298033267259598
1.8565342426300049,5.0,-0.606640636920929,0.0,2.490546703338623,-3.0,-32.73001480102539,0.5,0.7194225788116455,-0.5,-0.31836557388305664,0.25,-28.428688049316406,-0.022889601864026173,-0.03351908549666405,-0.022817958457633767,-0.03398680314421654,0.0,-0.03326351195573807,-0.07415774464607239,0.06605423986911774,0.09104159474372864
1.8612077236175537,5.0,-0.606640636920929,0.0,2.490546703338623,-3.0,-32.73001480102539,0.5,0.7194225788116455,-0.5,-0.31836557388305664,0.25,-28.428688049316406,-0.0287961311340332,-0.03270415961742401,-0.030022045471080675,-0.033185359090566635,0.0,-0.03225192055106163,-0.07190495729446411,0.06526429206132889,0.08826963603496552
1.8659451007843018,5.0,-0.5970702767372131,0.0,2.486220598220825,-3.0,-33.11149978637695,0.5,0.7123100757598877,-0.5,-0.3241930603981018,0.25,-28.457660675048828,-0.015795750719011875,-0.03270415961742401,-0.014175072638866549,-0.033185359090566635,0.0,-0.03225192055106163,-0.07190495729446411,0.06526429206132889,0.08826963603496552
1.8705101013183594,5.0,-0.5970702767372131,0.0,2.486220598220825,-3.0,-33.11149978637695,0.5,0.7123100757598877,-0.5,-0.3241930603981018,0.25,-28.457660675048828,-0.028096832752227782,-0.03231213241815567,-0.029208044875157838,-0.03279733285307884,0.0,-0.031760167330503464,-0.06982354819774628,0.0635673850774765,0.08694382011890411
1.8751683235168457,5.0,-0.5970702767372131,0.0,2.486220598220825,-3.0,-33.11149978637695,0.5,0.7123100757598877,-0.5,-0.3241930603981018,0.25,-28.457660675048828,-0.028096832752227782,-0.03231213241815567,-0.029227824625315178,-0.03279733285307884,0.0,-0.031760167330503464,-0.06982354819774628,0.0635673850774765,0.08694382011890411
1.8800194263458252,5.0,-0.5883983969688416,0.0,2.4821972846984863,-3.0,-33.460941314697266,0.5,0.7060220241546631,-0.5,-0.3293192982673645,0.25,-28.48321533203125,-0.016914524430062028,-0.031636763364076614,-0.015531139677186752,-0.03212391957640648,0.0,-0.030906561762094498,-0.06865241378545761,0.06355375051498413,0.08464031666517258
1.8846702575683594,5.0,-0.5883983969688416,0.0,2.4821972846984863,-3.0,-33.460941314697266,0.5,0.7060220241546631,-0.5,-0.3293192982673645,0.25,-28.48321533203125,-0.02748168420791626,-0.031636763364076614,-0.028512410586421767,-0.03212391957640648,0.0,-0.030906561762094498,-0.06865241378545761,0.06355375051498413,0.08464031666517258
1.8890717029571533,5.0,-0.5827343463897705,0.0,2.4795312881469727,-3.0,-33.68966293334961,0.5,0.7020130157470703,-0.5,-0.33257654309272766,0.25,-28.499479293823242,-0.019690416692260362,-0.031246865168213844,-0.018940721901249066,-0.031732913106679916,0.0,-0.030408067628741264,-0.06536344438791275,0.060332074761390686,0.08328631520271301
1.8939249515533447,5.0,-0.5827343463897705,0.0,2.4795312881469727,-3.0,-33.68966293334961,0.5,0.7020130157470703,-0.5,-0.33257654309272766,0.25,-28.499479293823242,-0.02709081482887268,-0.030602382495999336,-0.028068720950345096,-0.031087752431631088,0.0,-0.029532691463828087,-0.059533849358558655,0.05464108660817146,0.08084488660097122
1.8986601829528809,5.0,-0.5738281011581421,0.0,2.4752538204193115,-3.0,-34.05259323120117,0.5,0.6958023905754089,-0.5,-0.3376075029373169,0.25,-28.524608612060547,-0.015862571678134728,-0.030602382495999336,-0.01422620965360742,-0.031087752431631088,0.0,-0.029532691463828087,-0.059533849358558655,0.05464108660817146,0.08084488660097122
1.9032180309295654,5.0,-0.5738281011581421,0.0,2.4752538204193115,-3.0,-34.05259323120117,0.5,0.6958023905754089,-0.5,-0.3376075029373169,0.25,-28.524608612060547,-0.02648709964752197,-0.030602382495999336,-0.02735983807289915,-0.031087752431631088,0.0,-0.029532691463828087,-0.059533849358558655,0.05464108660817146,0.08084488660097122
1.9080092906951904,5.0,-0.5660547018051147,0.0,2.471425771713257,-3.0,-34.372806549072266,0.5,0.6904847621917725,-0.5,-0.3418985605239868,0.25,-28.546016693115234,-0.017016161590624766,-0.030094783753156662,-0.015641374194620413,-0.030578728765249252,0.0,-0.02881721220910549,-0.05679335817694664,0.052345626056194305,0.07888437062501907
1.9127354621887207,5.0,-0.5660547018051147,0.0,2.471425771713257,-3.0,-34.372806549072266,0.5,0.6904847621917725,-0.5,-0.3418985605239868,0.25,-28.546016693115234,-0.02597217273712158,-0.029556823894381523,-0.026757981179464308,-0.030028818175196648,0.0,-0.02809193916618824,-0.059782519936561584,0.05709730461239815,0.07689584791660309
1.9172813892364502,5.0,-0.5660547018051147,0.0,2.471425771713257,-3.0,-34.372806549072266,0.5,0.6904847621917725,-0.5,-0.3418985605239868,0.25,-28.546016693115234,-0.02597217273712158,-0.029556823894381523,-0.026775299776116868,-0.030028818175196648,0.0,-0.02809193916618824,-0.059782519936561584,0.05709730461239815,0.07689584791660309
1.9218683242797852,5.0,-0.5594921708106995,0.0,2.468144416809082,-3.0,-34.645423889160156,0.5,0.6860672831535339,-0.5,-0.3454533815383911,0.25,-28.563732147216797,-0.017795711165338488,-0.029556823894381523,-0.016631703745512556,-0.030028818175196648,0.0,-0.02809193916618824,-0.059782519936561584,0.05709730461239815,0.07689584791660309
1.9261493682861328,5.0,-0.5594921708106995,0.0,2.468144416809082,-3.0,-34.645423889160156,0.5,0.6860672831535339,-0.5,-0.3454533815383911,0.25,-28.563732147216797,-0.025545594215393066,-0.029328862205147743,-0.02627820310690498,-0.02979135327041149,0.0,-0.027806363999843597,-0.0624663420021534,0.06082931533455849,0.07611241191625595
1.9307749271392822,5.0,-0.5594921708106995,0.0,2.468144416809082,-3.0,-34.645423889160156,0.5,0.6860672831535339,-0.5,-0.3454533815383911,0.25,-28.563732147216797,-0.025545594215393066,-0.029328862205147743,-0.026295416410282428,-0.02979135327041149,0.0,-0.027806363999843597,-0.0624663420021534,0.06082931533455849,0.07611241191625595
1.935229778289795,5.0,-0.5503124594688416,0.0,2.463456869125366,-3.0,-35.030357360839844,0.5,0.6799962520599365,-0.5,-0.3503282070159912,0.25,-28.588029861450195,-0.01401788034405911,-0.028525114059448242,-0.011955019720956155,-0.028941629454493523,0.0,-0.026829281821846962,-0.062064968049526215,0.06178505718708038,0.07336486130952835
1.9399280548095703,5.0,-0.5503124594688416,0.0,2.463456869125366,-3.0,-35.030357360839844,0.5,0.6799962520599365,-0.5,-0.3503282070159912,0.25,-28.588029861450195,-0.024960615158081054,-0.028076639398932457,-0.0255998432525563,-0.02846371941268444,0.0,-0.026284825056791306,-0.058827344328165054,0.05848127603530884,0.07188423722982407
1.9445774555206299,5.0,-0.5436718463897705,0.0,2.4599902629852295,-3.0,-35.31196594238281,0.5,0.675700843334198,-0.5,-0.35376986861228943,0.25,-28.605199813842773,-0.017145238965335586,-0.028076639398932457,-0.01586210348971904,-0.02846371941268444,0.0,-0.026284825056791306,-0.058827344328165054,0.05848127603530884,0.07188423722982407
1.9491713047027588,5.0,-0.5436718463897705,0.0,2.4599902629852295,-3.0,-35.31196594238281,0.5,0.675700843334198,-0.5,-0.35376986861228943,0.25,-28.605199813842773,-0.02454761576652527,-0.027517378330230713,-0.025116875141495312,-0.02786385826766491,0.0,-0.025608915835618973,-0.05827657878398895,0.05866526439785957,0.07005144655704498
1.9539575576782227,5.0,-0.5370702743530273,0.0,2.4565234184265137,-3.0,-35.591732025146484,0.5,0.6715428233146667,-0.5,-0.35709667205810547,0.25,-28.62179946899414,-0.01719765215501987,-0.027517378330230713,-0.015946911519247528,-0.02786385826766491,0.0,-0.025608915835618973,-0.05827657878398895,0.05866526439785957,0.07005144655704498
1.9585132598876953,5.0,-0.5370702743530273,0.0,2.4565234184265137,-3.0,-35.591732025146484,0.5,0.6715428233146667,-0.5,-0.35709667205810547,0.25,-28.62179946899414,-0.02414839935302734,-0.02700445055961609,-0.024649963646505627,-0.027310607954859734,0.0,-0.02498059719800949,-0.0555717758834362,0.05614374205470085,0.06830766052007675
1.9631836414337158,5.0,-0.5301562547683716,0.0,2.452812433242798,-3.0,-35.88764953613281,0.5,0.6672507524490356,-0.5,-0.3605268895626068,0.25,-28.638919830322266,-0.016392153823215648,-0.02700445055961609,-0.014960558569299655,-0.027310607954859734,0.0,-0.02498059719800949,-0.0555717758834362,0.05614374205470085,0.06830766052007675
1.9677679538726807,5.0,-0.5301562547683716,0.0,2.452812433242798,-3.0,-35.88764953613281,0.5,0.6672507524490356,-0.5,-0.3605268895626068,0.25,-28.638919830322266,-0.02373677325248718,-0.026616167277097702,-0.02416587223328338,-0.02689051441848278,0.0,-0.024496594443917274,-0.05374521762132645,0.05444188043475151,0.06699814647436142
1.9724984169006348,5.0,-0.5224218368530273,0.0,2.4485838413238525,-3.0,-36.221683502197266,0.5,0.6625500321388245,-0.5,-0.3642788529396057,0.25,-28.657630920410156,-0.015355044778944307,-0.026616167277097702,-0.013680039389500579,-0.02689051441848278,0.0,-0.024496594443917274,-0.05374521762132645,0.05444188043475151,0.06699814647436142
1.9772043228149414,5.0,-0.5224218368530273,0.0,2.4485838413238525,-3.0,-36.221683502197266,0.5,0.6625500321388245,-0.5,-0.3642788529396057,0.25,-28.657630920410156,-0.023286537647247314,-0.02615436725318432,-0.023632463437554804,-0.026390431448817253,0.0,-0.023906998336315155,-0.05135319381952286,0.05213895067572594,0.06540711969137192
1.981877088546753,5.0,-0.5224218368530273,0.0,2.4485838413238525,-3.0,-36.221683502197266,0.5,0.6625500321388245,-0.5,-0.3642788529396057,0.25,-28.657630920410156,-0.023286537647247314,-0.02615436725318432,-0.023647654601952468,-0.026390431448817253,0.0,-0.023906998336315155,-0.05135319381952286,0.05213895067572594,0.06540711969137192
1.986562728881836,5.0,-0.5152734518051147,0.0,2.444628953933716,-3.0,-36.53057861328125,0.5,0.6583231687545776,-0.5,-0.3676491975784302,0.25,-28.674406051635742,-0.015689174090415377,-0.025792181491851807,-0.014134380508026482,-0.02599632553756237,0.0,-0.0234393123537302,-0.0506429485976696,0.05177876353263855,0.06414391845464706
1.9912300109863281,5.0,-0.5152734518051147,0.0,2.444628953933716,-3.0,-36.53057861328125,0.5,0.6583231687545776,-0.5,-0.3676491975784302,0.25,-28.674406051635742,-0.022882096290588377,-0.025792181491851807,-0.023170046682197836,-0.02599632553756237,0.0,-0.0234393123537302,-0.0506429485976696,0.05177876353263855,0.06414391845464706
1.9958534240722656,5.0,-0.5077733993530273,0.0,2.4403905868530273,-3.0,-36.85857009887695,0.5,0.6539461612701416,-0.5,-0.37113678455352783,0.25,-28.691730499267578,-0.01492026902189349,-0.02531653828918934,-0.0131919926506697,-0.025473712012171745,0.0,-0.02284667268395424,-0.051781732589006424,0.05390259996056557,0.06249559670686722
2.000455141067505,5.0,-0.5077733993530273,0.0,2.4403905868530273,-3.0,-36.85857009887695,0.5,0.6539461612701416,-0.5,-0.37113678455352783,0.25,-28.691730499267578,-0.02246358585357666,-0.024941569194197655,-0.02267320925132981,-0.02505671977996826,0.0,-0.022408446297049522,-0.05328774452209473,0.056232720613479614,0.06132400035858154
2.0051074028015137,5.0,-0.5077733993530273,0.0,2.4403905868530273,-3.0,-36.85857009887695,0.5,0.6539461612701416,-0.5,-0.37113678455352783,0.25,-28.691730499267578,-0.02246358585357666,-0.024941569194197655,-0.0226875332080333,-0.02505671977996826,0.0,-0.022408446297049522,-0.05328774452209473,0.056232720613479614,0.06132400035858154
2.0098812580108643,5.0,-0.5015234351158142,0.0,2.436826229095459,-3.0,-37.13337326049805,0.5,0.650388777256012,-0.5,-0.37397050857543945,0.25,-28.705793380737305,-0.016187615283188187,-0.024426518008112907,-0.014823200387529701,-0.024477601051330566,0.0,-0.021841954439878464,-0.05547622963786125,0.059535298496484756,0.05980300158262253
2.0145199298858643,5.0,-0.5015234351158142,0.0,2.436826229095459,-3.0,-37.13337326049805,0.5,0.650388777256012,-0.5,-0.37397050857543945,0.25,-28.705793380737305,-0.022123538970947265,-0.024426518008112907,-0.022288957895119834,-0.024477601051330566,0.0,-0.021841954439878464,-0.05547622963786125,0.059535298496484756,0.05980300158262253
2.019148349761963,5.0,-0.49421873688697815,0.0,2.4325878620147705,-3.0,-37.457035064697266,0.5,0.6463208794593811,-0.5,-0.37721189856529236,0.25,-28.72188949584961,-0.014731339802103616,-0.024032900109887123,-0.01302539899453527,-0.024033663794398308,0.0,-0.021408457309007645,-0.052708182483911514,0.05647635832428932,0.05863358452916145
2.023771047592163,5.0,-0.49421873688697815,0.0,2.4325878620147705,-3.0,-37.457035064697266,0.5,0.6463208794593811,-0.5,-0.37721189856529236,0.25,-28.72188949584961,-0.021734572172164915,-0.024032900109887123,-0.02182788279309949,-0.024033663794398308,0.0,-0.021408457309007645,-0.052708182483911514,0.05647635832428932,0.05863358452916145
2.0283918380737305,5.0,-0.48683592677116394,0.0,2.428232431411743,-3.0,-37.78683853149414,0.5,0.6422948241233826,-0.5,-0.38042154908180237,0.25,-28.737823486328125,-0.014403307098161629,-0.02352583222091198,-0.012644991733874114,-0.023459553718566895,0.0,-0.020846163854002953,-0.052166521549224854,0.05634947866201401,0.05706053227186203
2.033111333847046,5.0,-0.48683592677116394,0.0,2.428232431411743,-3.0,-37.78683853149414,0.5,0.6422948241233826,-0.5,-0.38042154908180237,0.25,-28.737823486328125,-0.021349414110183713,-0.02352583222091198,-0.02137133764057768,-0.023459553718566895,0.0,-0.020846163854002953,-0.052166521549224854,0.05634947866201401,0.05706053227186203
2.0377655029296875,5.0,-0.4805077910423279,0.0,2.4244627952575684,-3.0,-38.07062911987305,0.5,0.6389427781105042,-0.5,-0.38309594988822937,0.25,-28.75110626220703,-0.015282238382655853,-0.023164177313447,-0.013779781645161589,-0.023049114271998405,0.0,-0.0204522293061018,-0.051473844796419144,0.05580868944525719,0.055981576442718506
2.0424864292144775,5.0,-0.4805077910423279,0.0,2.4244627952575684,-3.0,-38.07062911987305,0.5,0.6389427781105042,-0.5,-0.38309594988822937,0.25,-28.75110626220703,-0.021028486013412475,-0.023164177313447,-0.020995144154940307,-0.023049114271998405,0.0,-0.0204522293061018,-0.051473844796419144,0.05580868944525719,0.055981576442718506
2.047114849090576,5.0,-0.4805077910423279,0.0,2.4244627952575684,-3.0,-38.07062911987305,0.5,0.6389427781105042,-0.5,-0.38309594988822937,0.25,-28.75110626220703,-0.021028486013412475,-0.022672025486826897,-0.021008005865257248,-0.022487161681056023,0.0,-0.019926073029637337,-0.05107787251472473,0.0557335801422596,0.054539721459150314
2.0519461631774902,5.0,-0.4730859398841858,0.0,2.4199414253234863,-3.0,-38.40835189819336,0.5,0.6350756883621216,-0.5,-0.38618481159210205,0.25,-28.766448974609375,-0.0142644032445577,-0.022282136604189873,-0.012552787651799275,-0.022041678428649902,0.0,-0.01951114647090435,-0.049611594527959824,0.05421239882707596,0.05340497940778732
2.056645631790161,5.0,-0.4730859398841858,0.0,2.4199414253234863,-3.0,-38.40835189819336,0.5,0.6350756883621216,-0.5,-0.38618481159210205,0.25,-28.766448974609375,-0.020657822608947753,-0.022282136604189873,-0.02056970263612686,-0.022041678428649902,0.0,-0.01951114647090435,-0.049611594527959824,0.05421239882707596,0.05340497940778732
2.061372756958008,5.0,-0.46632811427116394,0.0,2.4157910346984863,-3.0,-38.71572494506836,0.5,0.6316585540771484,-0.5,-0.3889174163341522,0.25,-28.780025482177734,-0.014549219567313849,-0.021858692169189453,-0.012943314913408818,-0.021557090803980827,0.0,-0.019052501767873764,-0.04841358959674835,0.05305425077676773,0.05211079493165016
2.0660059452056885,5.0,-0.46632811427116394,0.0,2.4157910346984863,-3.0,-38.71572494506836,0.5,0.6316585540771484,-0.5,-0.3889174163341522,0.25,-28.780025482177734,-0.020329910039901734,-0.021858692169189453,-0.020184293828530032,-0.021557090803980827,0.0,-0.019052501767873764,-0.04841358959674835,0.05305425077676773,0.05211079493165016
2.070632219314575,5.0,-0.459296852350235,0.0,2.411435604095459,-3.0,-39.03752517700195,0.5,0.6281982064247131,-0.5,-0.39168882369995117,0.25,-28.793781280517578,-0.014006759317209731,-0.02143418788909912,-0.012301141499186492,-0.02107226848602295,0.0,-0.018578091636300087,-0.044703539460897446,0.04872012138366699,0.05080963298678398
2.075268268585205,5.0,-0.459296852350235,0.0,2.411435604095459,-3.0,-39.03752517700195,0.5,0.6281982064247131,-0.5,-0.39168882369995117,0.25,-28.793781280517578,-0.019997341156005856,-0.02143418788909912,-0.01979280037512939,-0.02107226848602295,0.0,-0.018578091636300087,-0.044703539460897446,0.04872012138366699,0.05080963298678398
2.079963207244873,5.0,-0.459296852350235,0.0,2.411435604095459,-3.0,-39.03752517700195,0.5,0.6281982064247131,-0.5,-0.39168882369995117,0.25,-28.793781280517578,-0.019997341156005856,-0.021122591570019722,-0.01980483802943826,-0.020717976614832878,0.0,-0.018203485757112503,-0.04053178429603577,0.043733254075050354,0.049788445234298706
2.0847456455230713,5.0,-0.45195311307907104,0.0,2.406806468963623,-3.0,-39.37660598754883,0.5,0.6246590614318848,-0.5,-0.39452701807022095,0.25,-28.80783462524414,-0.013722139954311409,-0.021122591570019722,-0.011991769983331492,-0.020717976614832878,0.0,-0.018203485757112503,-0.04053178429603577,0.043733254075050354,0.049788445234298706
2.0894620418548584,5.0,-0.45195311307907104,0.0,2.406806468963623,-3.0,-39.37660598754883,0.5,0.6246590614318848,-0.5,-0.39452701807022095,0.25,-28.80783462524414,-0.019656757831573488,-0.02083657495677471,-0.019403822946442405,-0.020395278930664062,0.0,-0.01783619448542595,-0.03683701157569885,0.03932997211813927,0.04879188910126686
2.0941383838653564,5.0,-0.4454687535762787,0.0,2.4026756286621094,-3.0,-39.67745590209961,0.5,0.6215898394584656,-0.5,-0.3969903588294983,0.25,-28.819982528686523,-0.014093490987569412,-0.020489297807216644,-0.012483591598258492,-0.020004866644740105,0.0,-0.017361022531986237,-0.034950897097587585,0.03724982216954231,0.047457028180360794
2.0987062454223633,5.0,-0.4454687535762787,0.0,2.4026756286621094,-3.0,-39.67745590209961,0.5,0.6215898394584656,-0.5,-0.3969903588294983,0.25,-28.819982528686523,-0.019361156940460204,-0.020489297807216644,-0.019057996334185985,-0.020004866644740105,0.0,-0.017361022531986237,-0.034950897097587585,0.03724982216954231,0.047457028180360794
2.1033554077148438,5.0,-0.43871092796325684,0.0,2.398320198059082,-3.0,-39.99197769165039,0.5,0.6184657216072083,-0.5,-0.39949995279312134,0.25,-28.83226776123047,-0.013662056946876722,-0.020180897787213326,-0.011974373929608473,-0.01965939812362194,0.0,-0.01692228764295578,-0.03254304453730583,0.03446764126420021,0.04629475623369217
2.107966184616089,5.0,-0.43871092796325684,0.0,2.398320198059082,-3.0,-39.99197769165039,0.5,0.6184657216072083,-0.5,-0.39949995279312134,0.25,-28.83226776123047,-0.01906000566482544,-0.020180897787213326,-0.01870504189960758,-0.01965939812362194,0.0,-0.01692228764295578,-0.03254304453730583,0.03446764126420021,0.04629475623369217
2.112672805786133,5.0,-0.43871092796325684,0.0,2.398320198059082,-3.0,-39.99197769165039,0.5,0.6184657216072083,-0.5,-0.39949995279312134,0.25,-28.83226776123047,-0.01906000566482544,-0.020180897787213326,-0.018716193365072402,-0.01965939812362194,0.0,-0.01692228764295578,-0.03254304453730583,0.03446764126420021,0.04629475623369217
2.117332935333252,5.0,-0.4327734410762787,0.0,2.3944530487060547,-3.0,-40.26980972290039,0.5,0.615764319896698,-0.5,-0.40167155861854553,0.25,-28.842824935913086,-0.014139444174205928,-0.019883165135979652,-0.012605976466593834,-0.01932680606842041,0.0,-0.01648944802582264,-0.03163532912731171,0.033546678721904755,0.045143552124500275
2.1220381259918213,5.0,-0.4327734410762787,0.0,2.3944530487060547,-3.0,-40.26980972290039,0.5,0.615764319896698,-0.5,-0.40167155861854553,0.25,-28.842824935913086,-0.018799412965774535,-0.019883165135979652,-0.018413708558295695,-0.01932680606842041,0.0,-0.01648944802582264,-0.03163532912731171,0.033546678721904755,0.045143552124500275
2.1267616748809814,5.0,-0.4256249964237213,0.0,2.3897557258605957,-3.0,-40.605716705322266,0.5,0.6125616431236267,-0.5,-0.4042477607727051,0.25,-28.85526466369629,-0.0130363140333404,-0.019765449687838554,-0.01125978695251987,-0.019194720312952995,0.0,-0.016315562650561333,-0.0305373203009367,0.032265227288007736,0.044679056853055954
2.131537914276123,5.0,-0.4256249964237213,0.0,2.3897557258605957,-3.0,-40.605716705322266,0.5,0.6125616431236267,-0.5,-0.4042477607727051,0.25,-28.85526466369629,-0.018490268707275388,-0.019765449687838554,-0.018050773581099293,-0.019194720312952995,0.0,-0.016315562650561333,-0.0305373203009367,0.032265227288007736,0.044679056853055954
2.136190414428711,5.0,-0.41886717081069946,0.0,2.385263681411743,-3.0,-40.92508316040039,0.5,0.6095910668373108,-0.5,-0.4066397249698639,0.25,-28.866703033447266,-0.013061988256255463,-0.019331885501742363,-0.011319598729386086,-0.018710613250732422,0.0,-0.01567600853741169,-0.029134400188922882,0.030844146385788918,0.04293150082230568
2.140880823135376,5.0,-0.41886717081069946,0.0,2.385263681411743,-3.0,-40.92508316040039,0.5,0.6095910668373108,-0.5,-0.4066397249698639,0.25,-28.866703033447266,-0.018203233003616332,-0.019115639850497246,-0.017714782413726367,-0.018468616530299187,0.0,-0.015353956259787083,-0.028158113360404968,0.029785657301545143,0.04207340627908707
2.1455283164978027,5.0,-0.41886717081069946,0.0,2.385263681411743,-3.0,-40.92508316040039,0.5,0.6095910668373108,-0.5,-0.4066397249698639,0.25,-28.866703033447266,-0.018203233003616332,-0.019115639850497246,-0.017724968888840523,-0.018468616530299187,0.0,-0.015353956259787083,-0.028158113360404968,0.029785657301545143,0.04207340627908707
2.1502912044525146,5.0,-0.4118359386920929,0.0,2.3805761337280273,-3.0,-41.25718307495117,0.5,0.6065691113471985,-0.5,-0.40907523036003113,0.25,-28.878244400024414,-0.012797466825435198,-0.019115639850497246,-0.011027689248769248,-0.018468616530299187,0.0,-0.015353956259787083,-0.028158113360404968,0.029785657301545143,0.04207340627908707
2.154790163040161,5.0,-0.4118359386920929,0.0,2.3805761337280273,-3.0,-41.25718307495117,0.5,0.6065691113471985,-0.5,-0.40907523036003113,0.25,-28.878244400024414,-0.017910972356796263,-0.018857842311263084,-0.01738207476513611,-0.018180368468165398,0.0,-0.014966064132750034,-0.027194717898964882,0.028774231672286987,0.041033100336790085
2.159517765045166,5.0,-0.4083593785762787,0.0,2.3782031536102295,-3.0,-41.423851013183594,0.5,0.6050772070884705,-0.5,-0.4102784991264343,0.25,-28.88390350341797,-0.015221381153796561,-0.018857842311263084,-0.014057250014024684,-0.018180368468165398,0.0,-0.014966064132750034,-0.027194717898964882,0.028774231672286987,0.041033100336790085
2.164167881011963,5.0,-0.4083593785762787,0.0,2.3782031536102295,-3.0,-41.423851013183594,0.5,0.6050772070884705,-0.5,-0.4102784991264343,0.25,-28.88390350341797,-0.01776658010482788,-0.018626676872372627,-0.01722275394235555,-0.017924902960658073,0.0,-0.014567735604941845,-0.022343454882502556,0.02295408584177494,0.03992117941379547
2.1688504219055176,5.0,-0.4000781178474426,0.0,2.372568368911743,-3.0,-41.81873321533203,0.5,0.6015939712524414,-0.5,-0.41308921575546265,0.25,-28.897003173828125,-0.011426748284497232,-0.01847647689282894,-0.009375507088107006,-0.01776242069900036,0.0,-0.014270494692027569,-0.019531557336449623,0.019595734775066376,0.039120323956012726
2.173571825027466,5.0,-0.4000781178474426,0.0,2.372568368911743,-3.0,-41.81873321533203,0.5,0.6015939712524414,-0.5,-0.41308921575546265,0.25,-28.897003173828125,-0.017429294109344483,-0.01847647689282894,-0.016823873322391478,-0.01776242069900036,0.0,-0.014270494692027569,-0.019531557336449623,0.019595734775066376,0.039120323956012726
2.1781740188598633,5.0,-0.4000781178474426,0.0,2.372568368911743,-3.0,-41.81873321533203,0.5,0.6015939712524414,-0.5,-0.41308921575546265,0.25,-28.897003173828125,-0.017429294109344483,-0.018318289890885353,-0.016833224425349614,-0.017593741416931152,0.0,-0.013922080397605896,-0.01785082370042801,0.017659323289990425,0.03818045184016228
2.1828088760375977,5.0,-0.3934375047683716,0.0,2.3680076599121094,-3.0,-42.13699722290039,0.5,0.5988388657569885,-0.5,-0.4153130352497101,0.25,-28.907194137573242,-0.012364403362627382,-0.018318289890885353,-0.010567458002801726,-0.017593741416931152,0.0,-0.013922080397605896,-0.01785082370042801,0.017659323289990425,0.03818045184016228
2.187612295150757,5.0,-0.3934375047683716,0.0,2.3680076599121094,-3.0,-42.13699722290039,0.5,0.5988388657569885,-0.5,-0.4153130352497101,0.25,-28.907194137573242,-0.01716243577003479,-0.018187789246439934,-0.016521269136361125,-0.01745426654815674,0.0,-0.013630717992782593,-0.017064303159713745,0.01680631749331951,0.03738745301961899
2.192301034927368,5.0,-0.3887890577316284,0.0,2.364755868911743,-3.0,-42.36332321166992,0.5,0.5969027280807495,-0.5,-0.41687577962875366,0.25,-28.91426658630371,-0.013641933292917303,-0.018187789246439934,-0.012168684756016502,-0.01745426654815674,0.0,-0.013630717992782593,-0.017064303159713745,0.01680631749331951,0.03738745301961899
2.196986198425293,5.0,-0.3887890577316284,0.0,2.364755868911743,-3.0,-42.36332321166992,0.5,0.5969027280807495,-0.5,-0.41687577962875366,0.25,-28.91426658630371,-0.016974906444549562,-0.018021611496806145,-0.016307099751213798,-0.017273783683776855,0.0,-0.013298500329256058,-0.019523123279213905,0.01999885030090809,0.036451783031225204
2.201829671859741,5.0,-0.3797265589237213,0.0,2.358388662338257,-3.0,-42.80290603637695,0.5,0.5931968092918396,-0.5,-0.4198680520057678,0.25,-28.927614212036133,-0.010437886429748421,-0.018021611496806145,-0.008220051436219379,-0.017273783683776855,0.0,-0.013298500329256058,-0.019523123279213905,0.01999885030090809,0.036451783031225204
2.206132173538208,5.0,-0.3797265589237213,0.0,2.358388662338257,-3.0,-42.80290603637695,0.5,0.5931968092918396,-0.5,-0.4198680520057678,0.25,-28.927614212036133,-0.01661583375930786,-0.017822405323386192,-0.015879437010512334,-0.017053959891200066,0.0,-0.01294687669724226,-0.02133970893919468,0.022388869896531105,0.03548527881503105
2.2109057903289795,5.0,-0.3740624785423279,0.0,2.354365110397339,-3.0,-43.07916259765625,0.5,0.5909135937690735,-0.5,-0.4217131733894348,0.25,-28.935712814331055,-0.01661583375930786,-0.017653563991189003,-0.01588833472758597,-0.016864774748682976,0.0,-0.01268294919282198,-0.024272968992590904,0.02612551860511303,0.0347612127661705
2.2159314155578613,5.0,-0.3740624785423279,0.0,2.354365110397339,-3.0,-43.07916259765625,0.5,0.5909135937690735,-0.5,-0.4217131733894348,0.25,-28.935712814331055,-0.01272299265500699,-0.017653563991189003,-0.011080339609742095,-0.016864774748682976,0.0,-0.01268294919282198,-0.024272968992590904,0.02612551860511303,0.0347612127661705
2.2207560539245605,5.0,-0.3740624785423279,0.0,2.354365110397339,-3.0,-43.07916259765625,0.5,0.5909135937690735,-0.5,-0.4217131733894348,0.25,-28.935712814331055,-0.01639441919326782,-0.01750176213681698,-0.015632259322114976,-0.01669299602508545,0.0,-0.01247473806142807,-0.025501275435090065,0.027729570865631104,0.034187112003564835
2.225714683532715,5.0,-0.36933591961860657,0.0,2.3509862422943115,-3.0,-43.31058120727539,0.5,0.5890300869941711,-0.5,-0.4232369065284729,0.25,-28.942340850830078,-0.013138679592388618,-0.01750176213681698,-0.011616625695734612,-0.01669299602508545,0.0,-0.01247473806142807,-0.025501275435090065,0.027729570865631104,0.034187112003564835
2.2306127548217773,5.0,-0.36933591961860657,0.0,2.3509862422943115,-3.0,-43.31058120727539,0.5,0.5890300869941711,-0.5,-0.4232369065284729,0.25,-28.942340850830078,-0.016211571216583252,-0.01720562018454075,-0.015423789367893789,-0.016353724524378777,0.0,-0.01210718508809805,-0.027451494708657265,0.030294343829154968,0.03314697742462158
2.2351295948028564,5.0,-0.36156249046325684,0.0,2.3453710079193115,-3.0,-43.692955017089844,0.5,0.5859775543212891,-0.5,-0.4257105886936188,0.25,-28.953004837036133,-0.01043815242353798,-0.01720562018454075,-0.008307136786461559,-0.016353724524378777,0.0,-0.01210718508809805,-0.027451494708657265,0.030294343829154968,0.03314697742462158
2.239922046661377,5.0,-0.36156249046325684,0.0,2.3453710079193115,-3.0,-43.692955017089844,0.5,0.5859775543212891,-0.5,-0.4257105886936188,0.25,-28.953004837036133,-0.015914729356765744,-0.016945160925388336,-0.015073493250044579,-0.016055462881922722,0.0,-0.011791962198913097,-0.02650575526058674,0.02924109436571598,0.032292649149894714
2.244584798812866,5.0,-0.36156249046325684,0.0,2.3453710079193115,-3.0,-43.692955017089844,0.5,0.5859775543212891,-0.5,-0.4257105886936188,0.25,-28.953004837036133,-0.015914729356765744,-0.016945160925388336,-0.015081511090572406,-0.016055462881922722,0.0,-0.011791962198913097,-0.02650575526058674,0.02924109436571598,0.032292649149894714
2.2491509914398193,5.0,-0.3546093702316284,0.0,2.340283155441284,-3.0,-44.03853988647461,0.5,0.5832938551902771,-0.5,-0.42789125442504883,0.25,-28.962303161621094,-0.010877373299403494,-0.016748620197176933,-0.00888975039347363,-0.015830395743250847,0.0,-0.011549892835319042,-0.0259943138808012,0.028688115999102592,0.031637273728847504
2.2535922527313232,5.0,-0.3546093702316284,0.0,2.340283155441284,-3.0,-44.03853988647461,0.5,0.5832938551902771,-0.5,-0.42789125442504883,0.25,-28.962303161621094,-0.015653049468994137,-0.016748620197176933,-0.01477447250609731,-0.015830395743250847,0.0,-0.011549892835319042,-0.0259943138808012,0.028688115999102592,0.031637273728847504
2.258396863937378,5.0,-0.35023435950279236,0.0,2.337050676345825,-3.0,-44.25653839111328,0.5,0.5816340446472168,-0.5,-0.42924267053604126,0.25,-28.968013763427734,-0.012678131421343965,-0.016563793644309044,-0.011128519748999447,-0.015619037672877312,0.0,-0.011316211894154549,-0.023971866816282272,0.02626253291964531,0.031001359224319458
2.263096570968628,5.0,-0.35023435950279236,0.0,2.337050676345825,-3.0,-44.25653839111328,0.5,0.5816340446472168,-0.5,-0.42924267053604126,0.25,-28.968013763427734,-0.015490879535675049,-0.016563793644309044,-0.014590812759716586,-0.015619037672877312,0.0,-0.011316211894154549,-0.023971866816282272,0.02626253291964531,0.031001359224319458
2.267886161804199,5.0,-0.34242185950279236,0.0,2.3312108516693115,-3.0,-44.64899826049805,0.5,0.5786988139152527,-0.5,-0.4316365718841553,0.25,-28.978036880493164,-0.01020547806711656,-0.016328373923897743,-0.008117769948762238,-0.015354274772107601,0.0,-0.010962496511638165,-0.01940855383872986,0.020723560824990273,0.030015911906957626
2.272681474685669,5.0,-0.34242185950279236,0.0,2.3312108516693115,-3.0,-44.64899826049805,0.5,0.5786988139152527,-0.5,-0.4316365718841553,0.25,-28.978036880493164,-0.015203611373901367,-0.016328373923897743,-0.01425367148296135,-0.015354274772107601,0.0,-0.010962496511638165,-0.01940855383872986,0.020723560824990273,0.030015911906957626
2.2774441242218018,5.0,-0.33589842915534973,0.0,2.3263378143310547,-3.0,-44.97563934326172,0.5,0.5763065814971924,-0.5,-0.43359115719795227,0.25,-28.986085891723633,-0.010865073851504037,-0.016162723302841187,-0.00895096953991397,-0.015170215629041195,0.0,-0.010692376643419266,-0.0178483035415411,0.018853241577744484,0.029284745454788208
2.2821545600891113,5.0,-0.33589842915534973,0.0,2.3263378143310547,-3.0,-44.97563934326172,0.5,0.5763065814971924,-0.5,-0.43359115719795227,0.25,-28.986085891723633,-0.014969061136245727,-0.016162723302841187,-0.013981060768061469,-0.015170215629041195,0.0,-0.010692376643419266,-0.0178483035415411,0.018853241577744484,0.029284745454788208
2.286602020263672,5.0,-0.33589842915534973,0.0,2.3263378143310547,-3.0,-44.97563934326172,0.5,0.5763065814971924,-0.5,-0.43359115719795227,0.25,-28.986085891723633,-0.014969061136245727,-0.0159912146627903,-0.01398784817770678,-0.014979003928601742,0.0,-0.010417782701551914,-0.01877337321639061,0.02003163844347,0.028537213802337646
2.291205883026123,5.0,-0.33156248927116394,0.0,2.3230371475219727,-3.0,-45.19563674926758,0.5,0.57471764087677,-0.5,-0.4348909258842468,0.25,-28.991369247436523,-0.011989875532937507,-0.0159912146627903,-0.010352734539251009,-0.014979003928601742,0.0,-0.010417782701551914,-0.01877337321639061,0.02003163844347,0.028537213802337646
2.295525550842285,5.0,-0.33156248927116394,0.0,2.3230371475219727,-3.0,-45.19563674926758,0.5,0.57471764087677,-0.5,-0.4348909258842468,0.25,-28.991369247436523,-0.01481308889389038,-0.015803197398781776,-0.01381051020631861,-0.014768003486096859,0.0,-0.010146930813789368,-0.01960923708975315,0.021104738116264343,0.027783222496509552
2.3001177310943604,5.0,-0.3236718773841858,0.0,2.3170604705810547,-3.0,-45.592864990234375,0.5,0.5718928575515747,-0.5,-0.4372049570083618,0.25,-29.00066566467285,-0.009496336574810922,-0.015803197398781776,-0.007326848934659595,-0.014768003486096859,0.0,-0.010146930813789368,-0.01960923708975315,0.021104738116264343,0.027783222496509552
2.3046646118164062,5.0,-0.3236718773841858,0.0,2.3170604705810547,-3.0,-45.592864990234375,0.5,0.5718928575515747,-0.5,-0.4372049570083618,0.25,-29.00066566467285,-0.014535405158996581,-0.015652460977435112,-0.013484676871470527,-0.0145988455042243,0.0,-0.009935789741575718,-0.019855504855513573,0.021449025720357895,0.027217235416173935
2.3097081184387207,5.0,-0.3171093761920929,0.0,2.31201171875,-3.0,-45.92670440673828,0.5,0.5695699453353882,-0.5,-0.4391120374202728,0.25,-29.00820541381836,-0.010525296645995358,-0.015652460977435112,-0.00860719661329802,-0.0145988455042243,0.0,-0.009935789741575718,-0.019855504855513573,0.021449025720357895,0.027217235416173935
2.3144259452819824,5.0,-0.3171093761920929,0.0,2.31201171875,-3.0,-45.92670440673828,0.5,0.5695699453353882,-0.5,-0.4391120374202728,0.25,-29.00820541381836,-0.014306555509567258,-0.015423431061208248,-0.013219509314240156,-0.014339684508740902,0.0,-0.00964224524796009,-0.02206553891301155,0.024213453754782677,0.026424363255500793
2.3193140029907227,5.0,-0.31203123927116394,0.0,2.3080859184265137,-3.0,-46.1863899230957,0.5,0.5677955746650696,-0.5,-0.44057172536849976,0.25,-29.01390838623047,-0.011145159905345923,-0.015423431061208248,-0.009383200901254116,-0.014339684508740902,0.0,-0.00964224524796009,-0.02206553891301155,0.024213453754782677,0.026424363255500793
2.323763608932495,5.0,-0.31203123927116394,0.0,2.3080859184265137,-3.0,-46.1863899230957,0.5,0.5677955746650696,-0.5,-0.44057172536849976,0.25,-29.01390838623047,-0.014131392955780028,-0.015301991254091263,-0.013019245879266237,-0.014201520942151546,0.0,-0.009501541964709759,-0.023100340738892555,0.025509901344776154,0.026042889803647995
2.328409194946289,5.0,-0.31203123927116394,0.0,2.3080859184265137,-3.0,-46.1863899230957,0.5,0.5677955746650696,-0.5,-0.44057172536849976,0.25,-29.01390838623047,-0.014131392955780028,-0.015301991254091263,-0.01302554488273546,-0.014201520942151546,0.0,-0.009501541964709759,-0.023100340738892555,0.025509901344776154,0.026042889803647995
2.3331997394561768,5.0,-0.3058203160762787,0.0,2.3032617568969727,-3.0,-46.50345993041992,0.5,0.5656670928001404,-0.5,-0.4423266649246216,0.25,-29.02070426940918,-0.010257459742216165,-0.014976019971072674,-0.008333329048356241,-0.013827203772962093,0.0,-0.00918246153742075,-0.02671443484723568,0.02998082898557186,0.025150783360004425
2.3379833698272705,5.0,-0.3058203160762787,0.0,2.3032617568969727,-3.0,-46.50345993041992,0.5,0.5656670928001404,-0.5,-0.4423266649246216,0.25,-29.02070426940918,-0.01392080020904541,-0.014976019971072674,-0.01278270122355184,-0.013827203772962093,0.0,-0.00918246153742075,-0.02671443484723568,0.02998082898557186,0.025150783360004425
2.3423845767974854,5.0,-0.2994921803474426,0.0,2.2982616424560547,-3.0,-46.83055114746094,0.5,0.5635306239128113,-0.5,-0.44409459829330444,0.25,-29.027488708496094,-0.009691719710762296,-0.014731542207300663,-0.007677637662274483,-0.013546228408813477,0.0,-0.008952654898166656,-0.026025129482150078,0.02918783202767372,0.024516593664884567
2.3471505641937256,5.0,-0.2994921803474426,0.0,2.2982616424560547,-3.0,-46.83055114746094,0.5,0.5635306239128113,-0.5,-0.44409459829330444,0.25,-29.027488708496094,-0.013708648204803466,-0.014731542207300663,-0.012537972908624965,-0.013546228408813477,0.0,-0.008952654898166656,-0.026025129482150078,0.02918783202767372,0.024516593664884567
2.3518993854522705,5.0,-0.2942578196525574,0.0,2.294121026992798,-3.0,-47.100502014160156,0.5,0.561808168888092,-0.5,-0.44552433490753174,0.25,-29.032936096191406,-0.01052636086341068,-0.01449664868414402,-0.008710027427678686,-0.013276219367980957,0.0,-0.008731995709240437,-0.025361506268382072,0.02841419354081154,0.023909738287329674
2.356600046157837,5.0,-0.2942578196525574,0.0,2.294121026992798,-3.0,-47.100502014160156,0.5,0.561808168888092,-0.5,-0.44552433490753174,0.25,-29.032936096191406,-0.01353707981109619,-0.01449664868414402,-0.012342959409201514,-0.013276219367980957,0.0,-0.008731995709240437,-0.025361506268382072,0.02841419354081154,0.023909738287329674
2.3612003326416016,5.0,-0.2880859375,0.0,2.289189338684082,-3.0,-47.42071533203125,0.5,0.5598072409629822,-0.5,-0.4471897780895233,0.25,-29.03923225402832,-0.009716923441902964,-0.014267086051404476,-0.007758778238942814,-0.013013123534619808,0.0,-0.008512770757079124,-0.02427670732140541,0.02710796520113945,0.02329092286527157
2.365968942642212,5.0,-0.2880859375,0.0,2.289189338684082,-3.0,-47.42071533203125,0.5,0.5598072409629822,-0.5,-0.4471897780895233,0.25,-29.03923225402832,-0.0133372266292572,-0.014267086051404476,-0.012114054615180295,-0.013013123534619808,0.0,-0.008512770757079124,-0.02427670732140541,0.02710796520113945,0.02329092286527157
2.3706400394439697,5.0,-0.2880859375,0.0,2.289189338684082,-3.0,-47.42071533203125,0.5,0.5598072409629822,-0.5,-0.4471897780895233,0.25,-29.03923225402832,-0.0133372266292572,-0.014099840074777603,-0.012119641923419976,-0.012822269462049007,0.0,-0.008351296186447144,-0.023378649726510048,0.026021990925073624,0.022845739498734474
2.375062942504883,5.0,-0.2819140553474426,0.0,2.2842187881469727,-3.0,-47.74248504638672,0.5,0.5578479766845703,-0.5,-0.44882598519325256,0.25,-29.045358657836914,-0.00944148551784791,-0.014099840074777603,-0.007459832225566423,-0.012822269462049007,0.0,-0.008351296186447144,-0.023378649726510048,0.026021990925073624,0.022845739498734474
2.3797688484191895,5.0,-0.2819140553474426,0.0,2.2842187881469727,-3.0,-47.74248504638672,0.5,0.5578479766845703,-0.5,-0.44882598519325256,0.25,-29.045358657836914,-0.013140881776809691,-0.013885720632970333,-0.01189509187258568,-0.01257860567420721,0.0,-0.008143214508891106,-0.022318411618471146,0.024735290557146072,0.02227410115301609
2.384549379348755,5.0,-0.27660155296325684,0.0,2.2799315452575684,-3.0,-48.019554138183594,0.5,0.5561971664428711,-0.5,-0.45020827651023865,0.25,-29.05048942565918,-0.010083505148031746,-0.013690777122974396,-0.008249173335032167,-0.012358307838439941,0.0,-0.007938437163829803,-0.020151576027274132,0.022121118381619453,0.021715393289923668
2.3891239166259766,5.0,-0.27660155296325684,0.0,2.2799315452575684,-3.0,-48.019554138183594,0.5,0.5561971664428711,-0.5,-0.45020827651023865,0.25,-29.05048942565918,-0.01297500681877136,-0.013690777122974396,-0.011707509210083799,-0.012358307838439941,0.0,-0.007938437163829803,-0.020151576027274132,0.022121118381619453,0.021715393289923668
2.3937339782714844,5.0,-0.2703515589237213,0.0,2.2748143672943115,-3.0,-48.34922409057617,0.5,0.5542691349983215,-0.5,-0.4518263638019562,0.25,-29.05643653869629,-0.009270932537393722,-0.013516074046492577,-0.007298924252357877,-0.012162208557128906,0.0,-0.007748233154416084,-0.0193314366042614,0.021116748452186584,0.021181941032409668
2.3982796669006348,5.0,-0.2703515589237213,0.0,2.2748143672943115,-3.0,-48.34922409057617,0.5,0.5542691349983215,-0.5,-0.4518263638019562,0.25,-29.05643653869629,-0.012780836343765258,-0.013516074046492577,-0.01148608292969118,-0.012162208557128906,0.0,-0.007748233154416084,-0.0193314366042614,0.021116748452186584,0.021181941032409668
2.402951955795288,5.0,-0.26429685950279236,0.0,2.2698729038238525,-3.0,-48.66704559326172,0.5,0.5524512529373169,-0.5,-0.45335572957992554,0.25,-29.061988830566406,-0.009324043582725107,-0.013375460170209408,-0.00738206433242658,-0.0120048513635993,0.0,-0.007589429616928101,-0.018433574587106705,0.02003231830894947,0.020758062601089478
2.407677412033081,5.0,-0.26429685950279236,0.0,2.2698729038238525,-3.0,-48.66704559326172,0.5,0.5524512529373169,-0.5,-0.45335572957992554,0.25,-29.061988830566406,-0.012597312450408935,-0.013375460170209408,-0.01127779555251027,-0.0120048513635993,0.0,-0.007589429616928101,-0.018433574587106705,0.02003231830894947,0.020758062601089478
2.412414073944092,5.0,-0.26429685950279236,0.0,2.2698729038238525,-3.0,-48.66704559326172,0.5,0.5524512529373169,-0.5,-0.45335572957992554,0.25,-29.061988830566406,-0.012597312450408935,-0.013248695991933346,-0.01128276442954973,-0.011863588355481625,0.0,-0.007442353758960962,-0.01737263984978199,0.018762394785881042,0.020366601645946503
2.4170541763305664,5.0,-0.25800779461860657,0.0,2.2646679878234863,-3.0,-48.99992752075195,0.5,0.5505837798118591,-0.5,-0.45493003726005554,0.25,-29.0676326751709,-0.009015565912104402,-0.013248695991933346,-0.007038724177216887,-0.011863588355481625,0.0,-0.007442353758960962,-0.01737263984978199,0.018762394785881042,0.020366601645946503
2.4218828678131104,5.0,-0.25800779461860657,0.0,2.2646679878234863,-3.0,-48.99992752075195,0.5,0.5505837798118591,-0.5,-0.45493003726005554,0.25,-29.0676326751709,-0.012408395528793335,-0.013093163259327412,-0.011068247002177884,-0.011691569350659847,0.0,-0.007255789823830128,-0.016011416912078857,0.017145231366157532,0.019868599250912666
2.426562547683716,5.0,-0.25507810711860657,0.0,2.2622265815734863,-3.0,-49.15544509887695,0.5,0.5497234463691711,-0.5,-0.4556562602519989,0.25,-29.07021141052246,-0.010769384086654364,-0.012981844134628773,-0.0091312157068174,-0.011570214293897152,0.0,-0.007097154390066862,-0.013304277323186398,0.01393800601363182,0.01942569576203823
2.431337356567383,5.0,-0.25507810711860657,0.0,2.2622265815734863,-3.0,-49.15544509887695,0.5,0.5497234463691711,-0.5,-0.4556562602519989,0.25,-29.07021141052246,-0.01232124876976013,-0.012981844134628773,-0.010974409184345744,-0.011570214293897152,0.0,-0.007097154390066862,-0.013304277323186398,0.01393800601363182,0.01942569576203823
2.436037540435791,5.0,-0.25507810711860657,0.0,2.2622265815734863,-3.0,-49.15544509887695,0.5,0.5497234463691711,-0.5,-0.4556562602519989,0.25,-29.07021141052246,-0.01232124876976013,-0.012981844134628773,-0.010979083371155867,-0.011570214293897152,0.0,-0.007097154390066862,-0.013304277323186398,0.01393800601363182,0.01942569576203823
2.440640449523926,5.0,-0.2462499886751175,0.0,2.254873037338257,-3.0,-49.62297439575195,0.5,0.5471717119216919,-0.5,-0.45781299471855164,0.25,-29.077762603759766,-0.007376850661744382,-0.012868392281234264,-0.005133474901626696,-0.01144862174987793,0.0,-0.006913306191563606,-0.011166833341121674,0.011418953537940979,0.01893780566751957
2.445328950881958,5.0,-0.2462499886751175,0.0,2.254873037338257,-3.0,-49.62297439575195,0.5,0.5471717119216919,-0.5,-0.45781299471855164,0.25,-29.077762603759766,-0.012062440633773803,-0.012868392281234264,-0.010681641072196612,-0.01144862174987793,0.0,-0.006913306191563606,-0.011166833341121674,0.011418953537940979,0.01893780566751957
2.450101613998413,5.0,-0.24003905057907104,0.0,2.249697208404541,-3.0,-49.95164489746094,0.5,0.5454079508781433,-0.5,-0.45930540561676025,0.25,-29.082868576049805,-0.008756353124370224,-0.012774119153618813,-0.006778775078123085,-0.011349438689649105,0.0,-0.00673601683229208,-0.009693033061921597,0.00969895999878645,0.018466226756572723
2.454801321029663,5.0,-0.24003905057907104,0.0,2.249697208404541,-3.0,-49.95164489746094,0.5,0.5454079508781433,-0.5,-0.45930540561676025,0.25,-29.082868576049805,-0.011883351325988768,-0.012718726880848408,-0.010478592165338113,-0.011290669441223145,0.0,-0.006638768594712019,-0.010928049683570862,0.011178416199982166,0.018206313252449036
2.4594123363494873,5.0,-0.2339453101158142,0.0,2.2445311546325684,-3.0,-50.27764892578125,0.5,0.5436773300170898,-0.5,-0.46077078580856323,0.25,-29.08779525756836,-0.008529506737098574,-0.012718726880848408,-0.006521713954507857,-0.011290669441223145,0.0,-0.006638768594712019,-0.010928049683570862,0.011178416199982166,0.018206313252449036
2.464076042175293,5.0,-0.2339453101158142,0.0,2.2445311546325684,-3.0,-50.27764892578125,0.5,0.5436773300170898,-0.5,-0.46077078580856323,0.25,-29.08779525756836,-0.011707505702972411,-0.012570120394229889,-0.010279019563137582,-0.011129021644592285,0.0,-0.006440665107220411,-0.01446162536740303,0.015404470264911652,0.01765851303935051
2.468602418899536,5.0,-0.22874999046325684,0.0,2.2400779724121094,-3.0,-50.55807876586914,0.5,0.5422114133834839,-0.5,-0.4620135724544525,0.25,-29.091903686523438,-0.011707505702972411,-0.012570120394229889,-0.010282973564136912,-0.011129021644592285,0.0,-0.006440665107220411,-0.01446162536740303,0.015404470264911652,0.01765851303935051
2.4733312129974365,5.0,-0.22874999046325684,0.0,2.2400779724121094,-3.0,-50.55807876586914,0.5,0.5422114133834839,-0.5,-0.4620135724544525,0.25,-29.091903686523438,-0.008930245360119323,-0.012570120394229889,-0.0070110759171429626,-0.011129021644592285,0.0,-0.006440665107220411,-0.01446162536740303,0.015404470264911652,0.01765851303935051
2.4778084754943848,5.0,-0.22874999046325684,0.0,2.2400779724121094,-3.0,-50.55807876586914,0.5,0.5422114133834839,-0.5,-0.4620135724544525,0.25,-29.091903686523438,-0.011558371305465697,-0.012415656819939613,-0.010114835581315334,-0.010958552360534668,0.0,-0.006271030753850937,-0.016582578420639038,0.017956150695681572,0.017202021554112434
2.482419967651367,5.0,-0.22355468571186066,0.0,2.235654354095459,-3.0,-50.83698654174805,0.5,0.5407760739326477,-0.5,-0.4632323086261749,0.25,-29.095888137817383,-0.008769299058334347,-0.012286759912967682,-0.006833828475112791,-0.010815738700330257,0.0,-0.006140468176454306,-0.016821496188640594,0.018275093287229538,0.016846098005771637
2.487157106399536,5.0,-0.22355468571186066,0.0,2.235654354095459,-3.0,-50.83698654174805,0.5,0.5407760739326477,-0.5,-0.4632323086261749,0.25,-29.095888137817383,-0.011412122964859009,-0.012286759912967682,-0.009950218856514141,-0.010815738700330257,0.0,-0.006140468176454306,-0.016821496188640594,0.018275093287229538,0.016846098005771637
2.491525650024414,5.0,-0.21921874582767487,0.0,2.2319629192352295,-3.0,-51.068763732910156,0.5,0.5396010875701904,-0.5,-0.4642314910888672,0.25,-29.09912109375,-0.009005000090238628,-0.012188222259283066,-0.007123028125086043,-0.010705828666687012,0.0,-0.006043703760951757,-0.016898980364203453,0.018392672762274742,0.016580360010266304
2.4963603019714355,5.0,-0.21921874582767487,0.0,2.2319629192352295,-3.0,-51.068763732910156,0.5,0.5396010875701904,-0.5,-0.4642314910888672,0.25,-29.09912109375,-0.011292221069335938,-0.012188222259283066,-0.009816509624094636,-0.010705828666687012,0.0,-0.006043703760951757,-0.016898980364203453,0.018392672762274742,0.016580360010266304
2.5008864402770996,5.0,-0.21406249701976776,0.0,2.227529287338257,-3.0,-51.34593200683594,0.5,0.538213849067688,-0.5,-0.4654127061367035,0.25,-29.1029109954834,-0.008540711778555546,-0.012042812071740627,-0.0065885507960159115,-0.010544895194470882,0.0,-0.005890895612537861,-0.014978107064962387,0.016163287684321404,0.016144253313541412
2.505666494369507,5.0,-0.21406249701976776,0.0,2.227529287338257,-3.0,-51.34593200683594,0.5,0.538213849067688,-0.5,-0.4654127061367035,0.25,-29.1029109954834,-0.01115047526359558,-0.012042812071740627,-0.009657153512428239,-0.010544895194470882,0.0,-0.005890895612537861,-0.014978107064962387,0.016163287684321404,0.016144253313541412
2.510420799255371,5.0,-0.21406249701976776,0.0,2.227529287338257,-3.0,-51.34593200683594,0.5,0.538213849067688,-0.5,-0.4654127061367035,0.25,-29.1029109954834,-0.01115047526359558,-0.012011921033263206,-0.009660787118214841,-0.010510802268981934,0.0,-0.005857602693140507,-0.015300696715712547,0.016554703935980797,0.015846876427531242
2.5146894454956055,5.0,-0.21292968094348907,0.0,2.226552724838257,-3.0,-51.40702438354492,0.5,0.5372454524040222,-0.5,-0.4662383794784546,0.25,-29.10552978515625,-0.009117119998778478,-0.012011921033263206,-0.007279132149351613,-0.010510802268981934,0.0,-0.005857602693140507,-0.015300696715712547,0.016554703935980797,0.015846876427531242
2.51932692527771,5.0,-0.21292968094348907,0.0,2.226552724838257,-3.0,-51.40702438354492,0.5,0.5372454524040222,-0.5,-0.4662383794784546,0.25,-29.10552978515625,-0.011051394462585448,-0.011728029698133469,-0.009551213772432334,-0.010196446441113949,0.0,-0.0055791279301047325,-0.015578268095850945,0.016895055770874023,0.015300672501325607
2.5240869522094727,5.0,-0.20222656428813934,0.0,2.217275381088257,-3.0,-51.98485565185547,0.5,0.5350995659828186,-0.5,-0.4680713415145874,0.25,-29.11126708984375,-0.006980700225361958,-0.011728029698133469,-0.004788909655798894,-0.010196446441113949,0.0,-0.0055791279301047325,-0.015578268095850945,0.016895055770874023,0.015300672501325607
2.528657913208008,5.0,-0.20222656428813934,0.0,2.217275381088257,-3.0,-51.98485565185547,0.5,0.5350995659828186,-0.5,-0.4680713415145874,0.25,-29.11126708984375,-0.010831439018249511,-0.01168062537908554,-0.009300257674418787,-0.010144233703613281,0.0,-0.005532022565603256,-0.015103640034794807,0.01634196750819683,0.01519080251455307
2.5332984924316406,5.0,-0.19402343034744263,0.0,2.2100486755371094,-3.0,-52.43367385864258,0.5,0.5329785346984863,-0.5,-0.46988752484321594,0.25,-29.11684799194336,-0.006699797368177012,-0.011498997919261456,-0.004478177160008505,-0.009945511817932129,0.0,-0.00532615976408124,-0.013300970196723938,0.014243654906749725,0.014675946906208992
2.537973165512085,5.0,-0.19402343034744263,0.0,2.2100486755371094,-3.0,-52.43367385864258,0.5,0.5329785346984863,-0.5,-0.46988752484321594,0.25,-29.11684799194336,-0.010613497018814085,-0.011498997919261456,-0.009051877987725618,-0.009945511817932129,0.0,-0.00532615976408124,-0.013300970196723938,0.014243654906749725,0.014675946906208992
2.542679786682129,5.0,-0.19402343034744263,0.0,2.2100486755371094,-3.0,-52.43367385864258,0.5,0.5329785346984863,-0.5,-0.46988752484321594,0.25,-29.11684799194336,-0.010613497018814085,-0.011498997919261456,-0.009054982337116997,-0.009945511817932129,0.0,-0.00532615976408124,-0.013300970196723938,0.014243654906749725,0.014675946906208992
2.5473151206970215,5.0,-0.18906249105930328,0.0,2.2056055068969727,-3.0,-52.707679748535156,0.5,0.5317087173461914,-0.5,-0.47097671031951904,0.25,-29.12013053894043,-0.008133049365093575,-0.01136850193142891,-0.006166113764979302,-0.009801982901990414,0.0,-0.005191646981984377,-0.015136435627937317,0.01640179753303528,0.014327430166304111
2.552104949951172,5.0,-0.18906249105930328,0.0,2.2056055068969727,-3.0,-52.707679748535156,0.5,0.5317087173461914,-0.5,-0.47097671031951904,0.25,-29.12013053894043,-0.010482794761657714,-0.011277423240244389,-0.008908581451602402,-0.009701251983642578,0.0,-0.005109965335577726,-0.015902254730463028,0.017307015135884285,0.01410691998898983
2.556809186935425,5.0,-0.18593749403953552,0.0,2.2028613090515137,-3.0,-52.87774658203125,0.5,0.5309303998947144,-0.5,-0.47164514660835266,0.25,-29.122127532958984,-0.008981658480182009,-0.011277423240244389,-0.0071635903698066645,-0.009701251983642578,0.0,-0.005109965335577726,-0.015902254730463028,0.017307015135884285,0.01410691998898983
2.561645030975342,5.0,-0.18593749403953552,0.0,2.2028613090515137,-3.0,-52.87774658203125,0.5,0.5309303998947144,-0.5,-0.47164514660835266,0.25,-29.122127532958984,-0.010402582406997679,-0.011277423240244389,-0.008821084927847268,-0.009701251983642578,0.0,-0.005109965335577726,-0.015902254730463028,0.017307015135884285,0.01410691998898983
2.5662426948547363,5.0,-0.18492187559604645,0.0,2.201962947845459,-3.0,-52.93293380737305,0.5,0.5291816592216492,-0.5,-0.4731489419937134,0.25,-29.12657928466797,-0.006951345483882376,-0.011277423240244389,-0.0048103775999825075,-0.009701251983642578,0.0,-0.005109965335577726,-0.015902254730463028,0.017307015135884285,0.01410691998898983
2.5710721015930176,5.0,-0.18492187559604645,0.0,2.201962947845459,-3.0,-52.93293380737305,0.5,0.5291816592216492,-0.5,-0.4731489419937134,0.25,-29.12657928466797,-0.010222126960754394,-0.010950385592877865,-0.008616737998323912,-0.009341119788587093,0.0,-0.004799099639058113,-0.013445536606013775,0.01447113137692213,0.013246101327240467
2.575711250305176,5.0,-0.18492187559604645,0.0,2.201962947845459,-3.0,-52.93293380737305,0.5,0.5291816592216492,-0.5,-0.4731489419937134,0.25,-29.12657928466797,-0.010222126960754394,-0.010950385592877865,-0.008619445559459848,-0.009341119788587093,0.0,-0.004799099639058113,-0.013445536606013775,0.01447113137692213,0.013246101327240467
2.5802764892578125,5.0,-0.17167969048023224,0.0,2.190058469772339,-3.0,-53.66545104980469,0.5,0.5274166464805603,-0.5,-0.4746699333190918,0.25,-29.13100242614746,-0.0067079284529310435,-0.010837468318641186,-0.004543947176038999,-0.009216665290296078,0.0,-0.004695328883826733,-0.014401115477085114,0.015594479627907276,0.013005707412958145
2.5852317810058594,5.0,-0.17167969048023224,0.0,2.190058469772339,-3.0,-53.66545104980469,0.5,0.5274166464805603,-0.5,-0.4746699333190918,0.25,-29.13100242614746,-0.010039608001708984,-0.010837468318641186,-0.008412864451019745,-0.009216665290296078,0.0,-0.004695328883826733,-0.014401115477085114,0.015594479627907276,0.013005707412958145
2.590113639831543,5.0,-0.16734375059604645,0.0,2.1861228942871094,-3.0,-53.90672302246094,0.5,0.5263729095458984,-0.5,-0.4755709767341614,0.25,-29.133583068847656,-0.008085785390064337,-0.010779410600662231,-0.006152200176765589,-0.009152649901807308,0.0,-0.004643212538212538,-0.014226346276700497,0.015400191769003868,0.012878135778009892
2.594923973083496,5.0,-0.16734375059604645,0.0,2.1861228942871094,-3.0,-53.90672302246094,0.5,0.5263729095458984,-0.5,-0.4755709767341614,0.25,-29.133583068847656,-0.009931482791900634,-0.010779410600662231,-0.00829272824495962,-0.009152649901807308,0.0,-0.004643212538212538,-0.014226346276700497,0.015400191769003868,0.012878135778009892
2.599505662918091,5.0,-0.1605859398841858,0.0,2.179990291595459,-3.0,-54.2816047668457,0.5,0.5247761011123657,-0.5,-0.4769514501094818,0.25,-29.137495040893555,-0.006752803662878209,-0.010605239309370518,-0.004618186161241509,-0.008961199782788754,0.0,-0.004483444150537252,-0.01336350291967392,0.014427638612687588,0.012435236014425755
2.604186534881592,5.0,-0.1605859398841858,0.0,2.179990291595459,-3.0,-54.2816047668457,0.5,0.5247761011123657,-0.5,-0.4769514501094818,0.25,-29.137495040893555,-0.009765825986862181,-0.010605239309370518,-0.008105701036289078,-0.008961199782788754,0.0,-0.004483444150537252,-0.01336350291967392,0.014427638612687588,0.012435236014425755
2.608814239501953,5.0,-0.15460936725139618,0.0,2.174560546875,-3.0,-54.61244583129883,0.5,0.5233968496322632,-0.5,-0.4781460464000702,0.25,-29.140825271606445,-0.007041073092475863,-0.010518418624997139,-0.0049619338702115556,-0.00886607076972723,0.0,-0.004403619561344385,-0.013074180111289024,0.014106172136962414,0.012208033353090286
2.6135172843933105,5.0,-0.15460936725139618,0.0,2.174560546875,-3.0,-54.61244583129883,0.5,0.5233968496322632,-0.5,-0.4781460464000702,0.25,-29.140825271606445,-0.009622474431991577,-0.010518418624997139,-0.007944557061542411,-0.00886607076972723,0.0,-0.004403619561344385,-0.013074180111289024,0.014106172136962414,0.012208033353090286
2.618163824081421,5.0,-0.15460936725139618,0.0,2.174560546875,-3.0,-54.61244583129883,0.5,0.5233968496322632,-0.5,-0.4781460464000702,0.25,-29.140825271606445,-0.009622474431991577,-0.010369284078478813,-0.007946731349350273,-0.008701919578015804,0.0,-0.004274333361536264,-0.014069215394556522,0.015277325175702572,0.01182506512850523
2.622790575027466,5.0,-0.1492968648672104,0.0,2.169736385345459,-3.0,-54.90619659423828,0.5,0.5221941471099854,-0.5,-0.4791894853115082,0.25,-29.143695831298828,-0.007242031421487409,-0.010369284078478813,-0.005205007005317374,-0.008701919578015804,0.0,-0.004274333361536264,-0.014069215394556522,0.015277325175702572,0.01182506512850523
2.6274659633636475,5.0,-0.1492968648672104,0.0,2.169736385345459,-3.0,-54.90619659423828,0.5,0.5221941471099854,-0.5,-0.4791894853115082,0.25,-29.143695831298828,-0.009497261762619018,-0.01031228993088007,-0.00780653610763028,-0.008638857863843441,0.0,-0.004229050595313311,-0.014833875931799412,0.01616770401597023,0.01168879959732294
2.632296323776245,5.0,-0.1431249976158142,0.0,2.1640429496765137,-3.0,-55.25187683105469,0.5,0.520803689956665,-0.5,-0.4803977906703949,0.25,-29.146982192993164,-0.006850784369305819,-0.01031228993088007,-0.004763112555876815,-0.008638857863843441,0.0,-0.004229050595313311,-0.014833875931799412,0.01616770401597023,0.01168879959732294
2.6370246410369873,5.0,-0.1431249976158142,0.0,2.1640429496765137,-3.0,-55.25187683105469,0.5,0.520803689956665,-0.5,-0.4803977906703949,0.25,-29.146982192993164,-0.009352265119552611,-0.010112021118402481,-0.00764365836456608,-0.008417247794568539,0.0,-0.0040747541934251785,-0.014970499090850353,0.016348065808415413,0.011209736578166485
2.641695261001587,5.0,-0.13792967796325684,0.0,2.1592674255371094,-3.0,-55.5413703918457,0.5,0.5196646451950073,-0.5,-0.4813896417617798,0.25,-29.149641036987305,-0.0071096467660238935,-0.009962351992726326,-0.005070065657581925,-0.008251667022705078,0.0,-0.003966527990996838,-0.015247810631990433,0.01668059080839157,0.010886064730584621
2.646394968032837,5.0,-0.13792967796325684,0.0,2.1592674255371094,-3.0,-55.5413703918457,0.5,0.5196646451950073,-0.5,-0.4813896417617798,0.25,-29.149641036987305,-0.009233242988586425,-0.009962351992726326,-0.0075106582762818445,-0.008251667022705078,0.0,-0.003966527990996838,-0.015247810631990433,0.01668059080839157,0.010886064730584621
2.651076078414917,5.0,-0.1318359375,0.0,2.153564453125,-3.0,-55.8858642578125,0.5,0.5183372497558594,-0.5,-0.48254770040512085,0.25,-29.152711868286133,-0.006620378630411676,-0.009844107553362846,-0.004517445344154124,-0.008121013641357422,0.0,-0.00388315855525434,-0.015138239599764347,0.01656201295554638,0.010639360174536705
2.6556899547576904,5.0,-0.1318359375,0.0,2.153564453125,-3.0,-55.8858642578125,0.5,0.5183372497558594,-0.5,-0.48254770040512085,0.25,-29.152711868286133,-0.009094275951385497,-0.009844107553362846,-0.0073547797134451125,-0.008121013641357422,0.0,-0.00388315855525434,-0.015138239599764347,0.01656201295554638,0.010639360174536705
2.660268783569336,5.0,-0.1318359375,0.0,2.153564453125,-3.0,-55.8858642578125,0.5,0.5183372497558594,-0.5,-0.48254770040512085,0.25,-29.152711868286133,-0.009094275951385497,-0.009784453548491001,-0.007356458975995281,-0.008054970763623714,0.0,-0.0038413461297750473,-0.01480330154299736,0.0161803737282753,0.010516551323235035
2.6649444103240967,5.0,-0.1266796886920929,0.0,2.148730516433716,-3.0,-56.17705535888672,0.5,0.5172362923622131,-0.5,-0.48351001739501953,0.25,-29.15523910522461,-0.006920641775735691,-0.009784453548491001,-0.004871282500569176,-0.008054970763623714,0.0,-0.0038413461297750473,-0.01480330154299736,0.0161803737282753,0.010516551323235035
2.669755220413208,5.0,-0.1266796886920929,0.0,2.148730516433716,-3.0,-56.17705535888672,0.5,0.5172362923622131,-0.5,-0.48351001739501953,0.25,-29.15523910522461,-0.008978797912597656,-0.00956713780760765,-0.007227614308736065,-0.007814048789441586,0.0,-0.0036994845140725374,-0.015025137923657894,0.016437940299510956,0.010100247338414192
2.6745641231536865,5.0,-0.1205468699336052,0.0,2.142958879470825,-3.0,-56.52407455444336,0.5,0.515956461429596,-0.5,-0.48463118076324463,0.25,-29.158151626586914,-0.006512825487389325,-0.00956713780760765,-0.004414190973662885,-0.007814048789441586,0.0,-0.0036994845140725374,-0.015025137923657894,0.016437940299510956,0.010100247338414192
2.67919659614563,5.0,-0.1205468699336052,0.0,2.142958879470825,-3.0,-56.52407455444336,0.5,0.515956461429596,-0.5,-0.48463118076324463,0.25,-29.158151626586914,-0.008844258308410643,-0.009456350468099117,-0.007077047615776337,-0.0076916213147342205,0.0,-0.0036237845197319984,-0.014195360243320465,0.015490292571485043,0.009889938868582249
2.6838762760162354,5.0,-0.1205468699336052,0.0,2.142958879470825,-3.0,-56.52407455444336,0.5,0.515956461429596,-0.5,-0.48463118076324463,0.25,-29.158151626586914,-0.008844258308410643,-0.009456350468099117,-0.0070785410384035016,-0.0076916213147342205,0.0,-0.0036237845197319984,-0.014195360243320465,0.015490292571485043,0.009889938868582249
2.688432455062866,5.0,-0.1146874949336052,0.0,2.1374316215515137,-3.0,-56.85650634765625,0.5,0.5147579312324524,-0.5,-0.4856833219528198,0.25,-29.160856246948242,-0.006408739199256597,-0.009329586289823055,-0.004305502294013131,-0.007552265655249357,0.0,-0.0035328594967722893,-0.013116727583110332,0.014258097857236862,0.009641827084124088
2.6931076049804688,5.0,-0.1146874949336052,0.0,2.1374316215515137,-3.0,-56.85650634765625,0.5,0.5147579312324524,-0.5,-0.4856833219528198,0.25,-29.160856246948242,-0.00871800136566162,-0.009221995249390602,-0.0069374421211070405,-0.007434486877173185,0.0,-0.003446105169132352,-0.011298435740172863,0.01218345295637846,0.009401125833392143
2.6977012157440186,5.0,-0.10988280922174454,0.0,2.1329197883605957,-3.0,-57.12718200683594,0.5,0.5137978196144104,-0.5,-0.48652732372283936,0.25,-29.16300392150879,-0.0067793826989072745,-0.009221995249390602,-0.004733394115829924,-0.007434486877173185,0.0,-0.003446105169132352,-0.011298435740172863,0.01218345295637846,0.009401125833392143
2.7023749351501465,5.0,-0.10988280922174454,0.0,2.1329197883605957,-3.0,-57.12718200683594,0.5,0.5137978196144104,-0.5,-0.48652732372283936,0.25,-29.16300392150879,-0.008616721153259276,-0.009137305431067944,-0.006824786105941769,-0.007342099212110043,0.0,-0.0033743279054760933,-0.010474050417542458,0.011244689114391804,0.00921119935810566
2.7071475982666016,5.0,-0.1039453074336052,0.0,2.1272363662719727,-3.0,-57.46791458129883,0.5,0.5126112103462219,-0.5,-0.4875720739364624,0.25,-29.165626525878906,-0.0063023212545103135,-0.009137305431067944,-0.004197334411056103,-0.007342099212110043,0.0,-0.0033743279054760933,-0.010474050417542458,0.011244689114391804,0.00921119935810566
2.711819887161255,5.0,-0.1039453074336052,0.0,2.1272363662719727,-3.0,-57.46791458129883,0.5,0.5126112103462219,-0.5,-0.4875720739364624,0.25,-29.165626525878906,-0.008491351127624511,-0.009137305431067944,-0.006684775239289593,-0.007342099212110043,0.0,-0.0033743279054760933,-0.010474050417542458,0.011244689114391804,0.00921119935810566
2.7164487838745117,5.0,-0.1039453074336052,0.0,2.1272363662719727,-3.0,-57.46791458129883,0.5,0.5126112103462219,-0.5,-0.4875720739364624,0.25,-29.165626525878906,-0.008491351127624511,-0.009037701413035393,-0.00668594275909203,-0.00723373843356967,0.0,-0.003285741899162531,-0.009800870902836323,0.010482014156877995,0.008978941477835178
2.7211191654205322,5.0,-0.09812499582767487,0.0,2.121659994125366,-3.0,-57.80101776123047,0.5,0.5114706754684448,-0.5,-0.48857757449150085,0.25,-29.168107986450195,-0.006217760845082381,-0.009037701413035393,-0.004108090703373778,-0.00723373843356967,0.0,-0.003285741899162531,-0.009800870902836323,0.010482014156877995,0.008978941477835178
2.7258212566375732,5.0,-0.09812499582767487,0.0,2.121659994125366,-3.0,-57.80101776123047,0.5,0.5114706754684448,-0.5,-0.48857757449150085,0.25,-29.168107986450195,-0.008370691061019897,-0.008984440006315708,-0.0065512287456268165,-0.007176041137427092,0.0,-0.00323816598393023,-0.009892167523503304,0.01058907900005579,0.008854764513671398
2.730419397354126,5.0,-0.09324218332767487,0.0,2.1169629096984863,-3.0,-58.08133316040039,0.5,0.5105233788490295,-0.5,-0.48941344022750854,0.25,-29.170141220092773,-0.0064525529924646064,-0.008876845240592957,-0.004378347728212694,-0.007059692870825529,0.0,-0.003137974301353097,-0.009343938902020454,0.009978762827813625,0.008585930801928043
2.7350897789001465,5.0,-0.09324218332767487,0.0,2.1169629096984863,-3.0,-58.08133316040039,0.5,0.5105233788490295,-0.5,-0.48941344022750854,0.25,-29.170141220092773,-0.008270387172698974,-0.008876845240592957,-0.006439503874719777,-0.007059692870825529,0.0,-0.003137974301353097,-0.009343938902020454,0.009978762827813625,0.008585930801928043
2.739835023880005,5.0,-0.08710937201976776,0.0,2.111093759536743,-3.0,-58.43054962158203,0.5,0.5093619227409363,-0.5,-0.49043944478034973,0.25,-29.17258644104004,-0.0059850925822440785,-0.00878523476421833,-0.0038533966724222796,-0.006960391532629728,0.0,-0.0030550395604223013,-0.009463652968406677,0.010128583759069443,0.008368845097720623
2.744547128677368,5.0,-0.08710937201976776,0.0,2.111093759536743,-3.0,-58.43054962158203,0.5,0.5093619227409363,-0.5,-0.49043944478034973,0.25,-29.17258644104004,-0.008147266626358032,-0.00878523476421833,-0.0063018999213075525,-0.006960391532629728,0.0,-0.0030550395604223013,-0.009463652968406677,0.010128583759069443,0.008368845097720623
2.749181032180786,5.0,-0.08710937201976776,0.0,2.111093759536743,-3.0,-58.43054962158203,0.5,0.5093619227409363,-0.5,-0.49043944478034973,0.25,-29.17258644104004,-0.008147266626358032,-0.008709601126611233,-0.006302767566239311,-0.006878137122839689,0.0,-0.0029907526914030313,-0.010056134313344955,0.010812023654580116,0.008198323659598827
2.7538843154907227,5.0,-0.08121093362569809,0.0,2.1054394245147705,-3.0,-58.7662239074707,0.5,0.5082636475563049,-0.5,-0.4914107918739319,0.25,-29.174869537353516,-0.005965451768862648,-0.008709601126611233,-0.003836627420871067,-0.006878137122839689,0.0,-0.0029907526914030313,-0.010056134313344955,0.010812023654580116,0.008198323659598827
2.7584409713745117,5.0,-0.08121093362569809,0.0,2.1054394245147705,-3.0,-58.7662239074707,0.5,0.5082636475563049,-0.5,-0.4914107918739319,0.25,-29.174869537353516,-0.008030704975128172,-0.008650478906929493,-0.006172504961561345,-0.006813526153564453,0.0,-0.002945727203041315,-0.010711868293583393,0.011564359068870544,0.008078306913375854
2.763293504714966,5.0,-0.07625000178813934,0.0,2.100663900375366,-3.0,-59.04961395263672,0.5,0.5073495507240295,-0.5,-0.4922201335430145,0.25,-29.176742553710938,-0.006265709460024716,-0.008650478906929493,-0.004179774839422596,-0.006813526153564453,0.0,-0.002945727203041315,-0.010711868293583393,0.011564359068870544,0.008078306913375854
2.767866849899292,5.0,-0.07625000178813934,0.0,2.100663900375366,-3.0,-59.04961395263672,0.5,0.5073495507240295,-0.5,-0.4922201335430145,0.25,-29.176742553710938,-0.007933583974838256,-0.008529040031135082,-0.006064198861135026,-0.006680964957922697,0.0,-0.0028554059099406004,-0.010768631473183632,0.011651908047497272,0.007828033529222012
2.772651433944702,5.0,-0.07050780951976776,0.0,2.095097541809082,-3.0,-59.37937927246094,0.5,0.5063056945800781,-0.5,-0.4931457042694092,0.25,-29.178852081298828,-0.005888030237521405,-0.00842837244272232,-0.003757832330839337,-0.006570577155798674,0.0,-0.0027837278321385384,-0.010807710699737072,0.011713043786585331,0.007633933797478676
2.7773072719573975,5.0,-0.07050780951976776,0.0,2.095097541809082,-3.0,-59.37937927246094,0.5,0.5063056945800781,-0.5,-0.4931457042694092,0.25,-29.178852081298828,-0.007822515487670897,-0.00842837244272232,-0.005940126692224965,-0.006570577155798674,0.0,-0.0027837278321385384,-0.010807710699737072,0.011713043786585331,0.007633933797478676
2.781965970993042,5.0,-0.06476562470197678,0.0,2.089492082595825,-3.0,-59.71088409423828,0.5,0.5052757859230042,-0.5,-0.4940601885318756,0.25,-29.180908203125,-0.005749816782520883,-0.008327703922986984,-0.0036063076226272557,-0.006460904609411955,0.0,-0.00271386350505054,-0.010751302354037762,0.011664573103189468,0.007442797534167767
2.7866711616516113,5.0,-0.06476562470197678,0.0,2.089492082595825,-3.0,-59.71088409423828,0.5,0.5052757859230042,-0.5,-0.4940601885318756,0.25,-29.180908203125,-0.007712777376174926,-0.008327703922986984,-0.0058175256909247545,-0.006460904609411955,0.0,-0.00271386350505054,-0.010751302354037762,0.011664573103189468,0.007442797534167767
2.7914514541625977,5.0,-0.06476562470197678,0.0,2.089492082595825,-3.0,-59.71088409423828,0.5,0.5052757859230042,-0.5,-0.4940601885318756,0.25,-29.180908203125,-0.007712777376174926,-0.008230231702327728,-0.005818030086923501,-0.006353973876684904,0.0,-0.0026435800828039646,-0.009715032763779163,0.010510774329304695,0.007243391592055559
2.7961924076080322,5.0,-0.059101562947034836,0.0,2.0839452743530273,-3.0,-60.0379524230957,0.5,0.5042765736579895,-0.5,-0.4949485957622528,0.25,-29.18288230895996,-0.005732268583963407,-0.008230231702327728,-0.0035909113077072685,-0.006353973876684904,0.0,-0.0026435800828039646,-0.009715032763779163,0.010510774329304695,0.007243391592055559
2.800851583480835,5.0,-0.059101562947034836,0.0,2.0839452743530273,-3.0,-60.0379524230957,0.5,0.5042765736579895,-0.5,-0.4949485957622528,0.25,-29.18288230895996,-0.007606168508529663,-0.00814820732921362,-0.005698928622030224,-0.006264447700232267,0.0,-0.0025790769141167402,-0.008699809201061726,0.009377549402415752,0.007067030295729637
2.80553936958313,5.0,-0.05335937440395355,0.0,2.078310489654541,-3.0,-60.36983871459961,0.5,0.5032813549041748,-0.5,-0.49583470821380615,0.25,-29.184814453125,-0.0056095771565464955,-0.00814820732921362,-0.0034568062537658666,-0.006264447700232267,0.0,-0.0025790769141167402,-0.008699809201061726,0.009377549402415752,0.007067030295729637
2.8102426528930664,5.0,-0.05335937440395355,0.0,2.078310489654541,-3.0,-60.36983871459961,0.5,0.5032813549041748,-0.5,-0.49583470821380615,0.25,-29.184814453125,-0.007499835014343261,-0.00814820732921362,-0.005580118680205886,-0.006264447700232267,0.0,-0.0025790769141167402,-0.008699809201061726,0.009377549402415752,0.007067030295729637
2.814558744430542,5.0,-0.048359375447034836,0.0,2.0733397006988525,-3.0,-60.66216278076172,0.5,0.5024179816246033,-0.5,-0.4966042935848236,0.25,-29.186466217041016,-0.007499835014343261,-0.008064585737884045,-0.005580401932768553,-0.00617325259372592,0.0,-0.0025135811883956194,-0.008933033794164658,0.009648741222918034,0.006888076663017273
2.819681406021118,5.0,-0.048359375447034836,0.0,2.0733397006988525,-3.0,-60.66216278076172,0.5,0.5024179816246033,-0.5,-0.4966042935848236,0.25,-29.186466217041016,-0.0059051693085905976,-0.008009189739823341,-0.00379164507403638,-0.006112575065344572,0.0,-0.0024729871656745672,-0.009299258701503277,0.010065915994346142,0.006776520051062107
2.824354648590088,5.0,-0.048359375447034836,0.0,2.0733397006988525,-3.0,-60.66216278076172,0.5,0.5024179816246033,-0.5,-0.4966042935848236,0.25,-29.186466217041016,-0.007407484769821167,-0.008009189739823341,-0.005477270865545052,-0.006112575065344572,0.0,-0.0024729871656745672,-0.009299258701503277,0.010065915994346142,0.006776520051062107
2.828944444656372,5.0,-0.04355468600988388,0.0,2.0685839653015137,-3.0,-60.94131088256836,0.5,0.5016041994094849,-0.5,-0.4973304271697998,0.25,-29.188007354736328,-0.005738288067451148,-0.007894673384726048,-0.003606739480760013,-0.0059875245206058025,0.0,-0.0023986243177205324,-0.010604253970086575,0.011542954482138157,0.006568753160536289
2.833664894104004,5.0,-0.04355468600988388,0.0,2.0685839653015137,-3.0,-60.94131088256836,0.5,0.5016041994094849,-0.5,-0.4973304271697998,0.25,-29.188007354736328,-0.007320348739624023,-0.007894673384726048,-0.005379915709537954,-0.0059875245206058025,0.0,-0.0023986243177205324,-0.010604253970086575,0.011542954482138157,0.006568753160536289
2.8382487297058105,5.0,-0.0387890599668026,0.0,2.063837766647339,-3.0,-61.219573974609375,0.5,0.5008074641227722,-0.5,-0.4980423152446747,0.25,-29.18949317932129,-0.0056818820166808556,-0.007807854562997818,-0.0035462404418056723,-0.005891799461096525,0.0,-0.0023475398775190115,-0.011234709993004799,0.012258660979568958,0.006429939065128565
2.8429043292999268,5.0,-0.0387890599668026,0.0,2.063837766647339,-3.0,-61.219573974609375,0.5,0.5008074641227722,-0.5,-0.4980423152446747,0.25,-29.18949317932129,-0.007234922170639037,-0.007807854562997818,-0.005284456685381145,-0.005891799461096525,0.0,-0.0023475398775190115,-0.011234709993004799,0.012258660979568958,0.006429939065128565
2.8476979732513428,5.0,-0.03296874836087227,0.0,2.0580272674560547,-3.0,-61.55905532836914,0.5,0.49985411763191223,-0.5,-0.4988953769207001,0.25,-29.19125747680664,-0.0053529864814427786,-0.007718374021351337,-0.003181269111959604,-0.005793333053588867,0.0,-0.002299228683114052,-0.011720851063728333,0.012811919674277306,0.006298667751252651
2.852339506149292,5.0,-0.03296874836087227,0.0,2.0580272674560547,-3.0,-61.55905532836914,0.5,0.49985411763191223,-0.5,-0.4988953769207001,0.25,-29.19125747680664,-0.00713255476951599,-0.007718374021351337,-0.005170027577959105,-0.005793333053588867,0.0,-0.002299228683114052,-0.011720851063728333,0.012811919674277306,0.006298667751252651
2.8570737838745117,5.0,-0.028945311903953552,0.0,2.0540623664855957,-3.0,-61.790950775146484,0.5,0.49921542406082153,-0.5,-0.49946779012680054,0.25,-29.192428588867188,-0.005854782745341925,-0.00762835843488574,-0.003744226614776868,-0.005694508086889982,0.0,-0.0022523619700223207,-0.01163412630558014,0.012723310850560665,0.006170602049678564
2.8618428707122803,5.0,-0.028945311903953552,0.0,2.0540623664855957,-3.0,-61.790950775146484,0.5,0.49921542406082153,-0.5,-0.49946779012680054,0.25,-29.192428588867188,-0.007063865184783935,-0.00762835843488574,-0.005093235227204673,-0.005694508086889982,0.0,-0.0022523619700223207,-0.01163412630558014,0.012723310850560665,0.006170602049678564
2.8665921688079834,5.0,-0.028945311903953552,0.0,2.0540623664855957,-3.0,-61.790950775146484,0.5,0.49921542406082153,-0.5,-0.49946779012680054,0.25,-29.192428588867188,-0.007063865184783935,-0.007522897329181433,-0.005093160703504396,-0.005578398238867521,0.0,-0.002194969914853573,-0.010728539898991585,0.011720282956957817,0.006008918397128582
2.871389389038086,5.0,-0.021367186680436134,0.0,2.0464842319488525,-3.0,-62.23299026489258,0.5,0.4980230927467346,-0.5,-0.500538170337677,0.25,-29.194591522216797,-0.004704116993183903,-0.007522897329181433,-0.002464428323467002,-0.005578398238867521,0.0,-0.002194969914853573,-0.010728539898991585,0.011720282956957817,0.006008918397128582
2.876081705093384,5.0,-0.021367186680436134,0.0,2.0464842319488525,-3.0,-62.23299026489258,0.5,0.4980230927467346,-0.5,-0.500538170337677,0.25,-29.194591522216797,-0.006935317419739817,-0.007426490541547537,-0.004949705747151712,-0.005472182761877775,0.0,-0.0021402877755463123,-0.00993251334875822,0.010837563313543797,0.005862121004611254
2.880678653717041,5.0,-0.015742186456918716,0.0,2.040820360183716,-3.0,-62.56317901611328,0.5,0.49715477228164673,-0.5,-0.5013192296028137,0.25,-29.196144104003906,-0.005142387021487582,-0.0073370072059333324,-0.002956339526962783,-0.0053740739822387695,0.0,-0.002085920888930559,-0.009430053643882275,0.010281120426952839,0.005715730134397745
2.88543438911438,5.0,-0.015742186456918716,0.0,2.040820360183716,-3.0,-62.56317901611328,0.5,0.49715477228164673,-0.5,-0.5013192296028137,0.25,-29.196144104003906,-0.006841343541170886,-0.0073370072059333324,-0.004844975081024814,-0.0053740739822387695,0.0,-0.002085920888930559,-0.009430053643882275,0.010281120426952839,0.005715730134397745
2.890273332595825,5.0,-0.010117187164723873,0.0,2.03515625,-3.0,-62.89279556274414,0.5,0.49630293250083923,-0.5,-0.5020864605903625,0.25,-29.197650909423828,-0.005163539801979311,-0.007303451653569937,-0.002982012689842587,-0.005337237846106291,0.0,-0.002065730979666114,-0.009296141564846039,0.010133194737136364,0.005661125294864178
2.8950259685516357,5.0,-0.010117187164723873,0.0,2.03515625,-3.0,-62.89279556274414,0.5,0.49630293250083923,-0.5,-0.5020864605903625,0.25,-29.197650909423828,-0.006748875573615123,-0.007303451653569937,-0.004742045092995853,-0.005337237846106291,0.0,-0.002065730979666114,-0.009296141564846039,0.010133194737136364,0.005661125294864178
2.899639368057251,5.0,-0.010117187164723873,0.0,2.03515625,-3.0,-62.89279556274414,0.5,0.49630293250083923,-0.5,-0.5020864605903625,0.25,-29.197650909423828,-0.006748683060090002,-0.007186806295067072,-0.0047417039720083955,-0.00520896865054965,0.0,-0.001993567682802677,-0.008798519149422646,0.009583885781466961,0.005459723062813282
2.9044418334960938,5.0,-0.0055078123696148396,0.0,2.0304980278015137,-3.0,-63.16381072998047,0.5,0.4956154227256775,-0.5,-0.5027065873146057,0.25,-29.198848724365234,-0.00538274044952052,-0.007186806295067072,-0.0032272049369663127,-0.00520896865054965,0.0,-0.001993567682802677,-0.008798519149422646,0.009583885781466961,0.005459723062813282
2.908977508544922,5.0,-0.0055078123696148396,0.0,2.0304980278015137,-3.0,-63.16381072998047,0.5,0.4956154227256775,-0.5,-0.5027065873146057,0.25,-29.198848724365234,-0.0066737623633291035,-0.007121293339878321,-0.004658383923017652,-0.0051374430768191814,0.0,-0.0019543934613466263,-0.00877870712429285,0.00956405233591795,0.005352755077183247
2.913686513900757,5.0,0.0,0.0,2.0248632431030273,-3.0,-63.49094009399414,0.5,0.49479934573173523,-0.5,-0.5034436583518982,0.25,-29.200252532958984,-0.005019752311561965,-0.007040331605821848,-0.0028269513672656483,-0.005048513412475586,0.0,-0.001904563745483756,-0.00837667379528284,0.009121812880039215,0.005216429475694895
2.918266773223877,5.0,0.0,0.0,2.0248632431030273,-3.0,-63.49094009399414,0.5,0.49479934573173523,-0.5,-0.5034436583518982,0.25,-29.200252532958984,-0.0065846740577761124,-0.007040331605821848,-0.0045594884786645485,-0.005048513412475586,0.0,-0.001904563745483756,-0.00837667379528284,0.009121812880039215,0.005216429475694895
2.922940492630005,5.0,0.0037890623789280653,0.0,2.02099609375,-3.0,-63.71522903442383,0.5,0.49424827098846436,-0.5,-0.5039418935775757,0.25,-29.20119285583496,-0.005458481553759326,-0.006993994116783142,-0.0033137293842780404,-0.004997849464416504,0.0,-0.0018754689954221249,-0.008090030401945114,0.008806386962532997,0.0051368651911616325
2.927616596221924,5.0,0.0037890623789280653,0.0,2.02099609375,-3.0,-63.71522903442383,0.5,0.49424827098846436,-0.5,-0.5039418935775757,0.25,-29.20119285583496,-0.006524148710550264,-0.006993994116783142,-0.0044922839565082326,-0.004997849464416504,0.0,-0.0018754689954221249,-0.008090030401945114,0.008806386962532997,0.0051368651911616325
2.9322967529296875,5.0,0.0037890623789280653,0.0,2.02099609375,-3.0,-63.71522903442383,0.5,0.49424827098846436,-0.5,-0.5039418935775757,0.25,-29.20119285583496,-0.006523779736956896,-0.006904511246830225,-0.00449174557664594,-0.004899978172034025,0.0,-0.0018154525896534324,-0.007432722020894289,0.008083941414952278,0.004969179164618254
2.937087059020996,5.0,0.010781249962747097,0.0,2.0138769149780273,-3.0,-64.1271743774414,0.5,0.49325093626976013,-0.5,-0.504844605922699,0.25,-29.20286750793457,-0.00453053361253733,-0.006904511246830225,-0.0022894334414691087,-0.004899978172034025,0.0,-0.0018154525896534324,-0.007432722020894289,0.008083941414952278,0.004969179164618254
2.941962957382202,5.0,0.010781249962747097,0.0,2.0138769149780273,-3.0,-64.1271743774414,0.5,0.49325093626976013,-0.5,-0.504844605922699,0.25,-29.20286750793457,-0.006414517676515288,-0.006838996894657612,-0.004370760653803842,-0.004827976226806641,0.0,-0.0017708750674501061,-0.00690607400611043,0.007505757734179497,0.004850068595260382
2.946737766265869,5.0,0.016367187723517418,0.0,2.0081443786621094,-3.0,-64.45826721191406,0.5,0.4924650192260742,-0.5,-0.5055570006370544,0.25,-29.204158782958984,-0.004836513819328309,-0.006838996894657612,-0.0026297656000517544,-0.004827976226806641,0.0,-0.0017708750674501061,-0.00690607400611043,0.007505757734179497,0.004850068595260382
2.9515321254730225,5.0,0.016367187723517418,0.0,2.0081443786621094,-3.0,-64.45826721191406,0.5,0.4924650192260742,-0.5,-0.5055570006370544,0.25,-29.204158782958984,-0.006327966793329096,-0.006838996894657612,-0.004275008538609797,-0.004827976226806641,0.0,-0.0017708750674501061,-0.00690607400611043,0.007505757734179497,0.004850068595260382
2.9562928676605225,5.0,0.01894531212747097,0.0,2.0055174827575684,-3.0,-64.60977172851562,0.5,0.4921095669269562,-0.5,-0.5058794021606445,0.25,-29.204740524291992,-0.00561151027048637,-0.006772418972104788,-0.0034849708649852575,-0.0047550201416015625,0.0,-0.001726725371554494,-0.007168704178184271,0.007799764629453421,0.004731582012027502
2.960956335067749,5.0,0.01894531212747097,0.0,2.0055174827575684,-3.0,-64.60977172851562,0.5,0.4921095669269562,-0.5,-0.5058794021606445,0.25,-29.204740524291992,-0.006288170436133214,-0.006772418972104788,-0.004230867040814162,-0.0047550201416015625,0.0,-0.001726725371554494,-0.007168704178184271,0.007799764629453421,0.004731582012027502
2.9656267166137695,5.0,0.01894531212747097,0.0,2.0055174827575684,-3.0,-64.60977172851562,0.5,0.4921095669269562,-0.5,-0.5058794021606445,0.25,-29.204740524291992,-0.0062876212551061595,-0.00669145816937089,-0.004230130014153873,-0.004666208755224943,0.0,-0.0016739261336624622,-0.006951168179512024,0.007565407082438469,0.004584647249430418
2.9701850414276123,5.0,0.026406249031424522,0.0,1.99783194065094,-3.0,-65.053466796875,0.5,0.4910823702812195,-0.5,-0.5068122148513794,0.25,-29.206382751464844,-0.004128669046623371,-0.006638728082180023,-0.001852601364216477,-0.004608392249792814,0.0,-0.0016392591642215848,-0.006665813736617565,0.007254044990986586,0.004490072373300791
2.974954843521118,5.0,0.026406249031424522,0.0,1.99783194065094,-3.0,-65.053466796875,0.5,0.4910823702812195,-0.5,-0.5068122148513794,0.25,-29.206382751464844,-0.0061744128281249,-0.006638728082180023,-0.004105202721030879,-0.004608392249792814,0.0,-0.0016392591642215848,-0.006665813736617565,0.007254044990986586,0.004490072373300791
2.9798052310943604,5.0,0.03218749910593033,0.0,1.9919140338897705,-3.0,-65.39434051513672,0.5,0.49030885100364685,-0.5,-0.5075156688690186,0.25,-29.207599639892578,-0.004638964509710809,-0.006575344130396843,-0.002416682623040382,-0.004538654815405607,0.0,-0.0015972862020134926,-0.007058167830109596,0.007689071353524923,0.004375645890831947
2.9844536781311035,5.0,0.03218749910593033,0.0,1.9919140338897705,-3.0,-65.39434051513672,0.5,0.49030885100364685,-0.5,-0.5075156688690186,0.25,-29.207599639892578,-0.006088570544096797,-0.006575344130396843,-0.004010539315292221,-0.004538654815405607,0.0,-0.0015972862020134926,-0.007058167830109596,0.007689071353524923,0.004375645890831947
2.989029884338379,5.0,0.0358593724668026,0.0,1.988076090812683,-3.0,-65.61546325683594,0.5,0.48981383442878723,-0.5,-0.5079663395881653,0.25,-29.208364486694336,-0.005048947983161658,-0.0065343319438397884,-0.0028684868011417753,-0.004494071006774902,0.0,-0.0015734853222966194,-0.007478189654648304,0.008153392933309078,0.004310532007366419
2.9936835765838623,5.0,0.0358593724668026,0.0,1.988076090812683,-3.0,-65.61546325683594,0.5,0.48981383442878723,-0.5,-0.5079663395881653,0.25,-29.208364486694336,-0.0060330194876904095,-0.0065343319438397884,-0.00394925698083216,-0.004494071006774902,0.0,-0.0015734853222966194,-0.007478189654648304,0.008153392933309078,0.004310532007366419
2.998262405395508,5.0,0.04261718690395355,0.0,1.9811034202575684,-3.0,-66.01592254638672,0.5,0.48893070220947266,-0.5,-0.5087711215019226,0.25,-29.2097110748291,-0.004178027224388801,-0.006456566974520683,-0.0019135379285947674,-0.004408717155456543,0.0,-0.0015318423975259066,-0.00789603777229786,0.008616636507213116,0.004191868472844362
3.002915620803833,5.0,0.04261718690395355,0.0,1.9811034202575684,-3.0,-66.01592254638672,0.5,0.48893070220947266,-0.5,-0.5087711215019226,0.25,-29.2097110748291,-0.005934826150408242,-0.006456566974520683,-0.0038412372695806885,-0.004408717155456543,0.0,-0.0015318423975259066,-0.00789603777229786,0.008616636507213116,0.004191868472844362
3.007610559463501,5.0,0.04261718690395355,0.0,1.9811034202575684,-3.0,-66.01592254638672,0.5,0.48893070220947266,-0.5,-0.5087711215019226,0.25,-29.2097110748291,-0.005934002552859681,-0.006384129635989666,-0.0038401978760980457,-0.00432896614074707,0.0,-0.0014948721509426832,-0.008094830438494682,0.008836179040372372,0.00409148121252656
3.012235403060913,5.0,0.047968748956918716,0.0,1.9755566120147705,-3.0,-66.33460235595703,0.5,0.4882436692714691,-0.5,-0.5093982219696045,0.25,-29.210737228393555,-0.004501942434030948,-0.006384129635989666,-0.0022711396412806294,-0.00432896614074707,0.0,-0.0014948721509426832,-0.008094830438494682,0.008836179040372372,0.00409148121252656
3.0169167518615723,5.0,0.047968748956918716,0.0,1.9755566120147705,-3.0,-66.33460235595703,0.5,0.4882436692714691,-0.5,-0.5093982219696045,0.25,-29.210737228393555,-0.005857001263500876,-0.0063074310310184956,-0.0037555657900245204,-0.004245281219482422,0.0,-0.0014581455616280437,-0.008193183690309525,0.00894406158477068,0.003991649951785803
3.0216259956359863,5.0,0.0524609349668026,0.0,1.9708592891693115,-3.0,-66.60340881347656,0.5,0.48767438530921936,-0.5,-0.5099185109138489,0.25,-29.211578369140625,-0.004688807588610568,-0.006263753864914179,-0.0024772259029987027,-0.004197120666503906,0.0,-0.0014366621617227793,-0.007942350581288338,0.008668494410812855,0.003933568485081196
3.026273727416992,5.0,0.0524609349668026,0.0,1.9708592891693115,-3.0,-66.60340881347656,0.5,0.48767438530921936,-0.5,-0.5099185109138489,0.25,-29.211578369140625,-0.005792710444908209,-0.006263753864914179,-0.003684945105047206,-0.004197120666503906,0.0,-0.0014366621617227793,-0.007942350581288338,0.008668494410812855,0.003933568485081196
3.0308573246002197,5.0,0.05785156041383743,0.0,1.9652440547943115,-3.0,-66.92440795898438,0.5,0.4870053827762604,-0.5,-0.5105306506156921,0.25,-29.212560653686523,-0.004382787665281966,-0.006171077024191618,-0.0021439156919138428,-0.0040954346768558025,0.0,-0.0013949450803920627,-0.008717650547623634,0.009512658230960369,0.003818202530965209
3.035597324371338,5.0,0.05785156041383743,0.0,1.9652440547943115,-3.0,-66.92440795898438,0.5,0.4870053827762604,-0.5,-0.5105306506156921,0.25,-29.212560653686523,-0.005717290009846863,-0.006171077024191618,-0.003602241669620725,-0.0040954346768558025,0.0,-0.0013949450803920627,-0.008717650547623634,0.009512658230960369,0.003818202530965209
3.0403947830200195,5.0,0.05785156041383743,0.0,1.9652440547943115,-3.0,-66.92440795898438,0.5,0.4870053827762604,-0.5,-0.5105306506156921,0.25,-29.212560653686523,-0.005716279602629413,-0.006103964056819677,-0.0036009948468449984,-0.004021763801574707,0.0,-0.0013664554571732879,-0.00888967514038086,0.009696883149445057,0.0037416876293718815
3.0451042652130127,5.0,0.06371093541383743,0.0,1.9591211080551147,-3.0,-67.27472686767578,0.5,0.4862924814224243,-0.5,-0.5111840963363647,0.25,-29.213592529296875,-0.004249301932238317,-0.006103964056819677,-0.0020003981741530045,-0.004021763801574707,0.0,-0.0013664554571732879,-0.00888967514038086,0.009696883149445057,0.0037416876293718815
3.049710512161255,5.0,0.06371093541383743,0.0,1.9591211080551147,-3.0,-67.27472686767578,0.5,0.4862924814224243,-0.5,-0.5111840963363647,0.25,-29.213592529296875,-0.005635782355905519,-0.006016612984240055,-0.0035128927737793285,-0.0039265151135623455,0.0,-0.0013312927912920713,-0.008811650797724724,0.009607122279703617,0.003647236619144678
3.0544273853302,5.0,0.06820312142372131,0.0,1.954384684562683,-3.0,-67.54547882080078,0.5,0.4857533574104309,-0.5,-0.5116789937019348,0.25,-29.214359283447266,-0.004526086475958523,-0.006016612984240055,-0.002303884834304706,-0.0039265151135623455,0.0,-0.0013312927912920713,-0.008811650797724724,0.009607122279703617,0.003647236619144678
3.058983564376831,5.0,0.06820312142372131,0.0,1.954384684562683,-3.0,-67.54547882080078,0.5,0.4857533574104309,-0.5,-0.5116789937019348,0.25,-29.214359283447266,-0.005574228673668642,-0.005983589217066765,-0.0034455556951275244,-0.003890156513080001,0.0,-0.0013174543855711818,-0.008573007769882679,0.009344661608338356,0.0036102384328842163
3.063662528991699,5.0,0.07390625029802322,0.0,1.9483789205551147,-3.0,-67.88835906982422,0.5,0.48508280515670776,-0.5,-0.5122953653335571,0.25,-29.215309143066406,-0.0041817886455231814,-0.005878662224858999,-0.0019305724650359698,-0.0037753579672425985,0.0,-0.0012705990811809897,-0.007496088743209839,0.008160640485584736,0.0034807894844561815
3.068249225616455,5.0,0.07390625029802322,0.0,1.9483789205551147,-3.0,-67.88835906982422,0.5,0.48508280515670776,-0.5,-0.5122953653335571,0.25,-29.215309143066406,-0.005497985584074001,-0.005878662224858999,-0.003362325071199479,-0.0037753579672425985,0.0,-0.0012705990811809897,-0.007496088743209839,0.008160640485584736,0.0034807894844561815
3.0729129314422607,5.0,0.07390625029802322,0.0,1.9483789205551147,-3.0,-67.88835906982422,0.5,0.48508280515670776,-0.5,-0.5122953653335571,0.25,-29.215309143066406,-0.005496838744735271,-0.005878662224858999,-0.003360933683029572,-0.0037753579672425985,0.0,-0.0012705990811809897,-0.007496088743209839,0.008160640485584736,0.0034807894844561815
3.077650785446167,5.0,0.0793749988079071,0.0,1.9426171779632568,-3.0,-68.21632385253906,0.5,0.48445579409599304,-0.5,-0.5128725171089172,0.25,-29.21617889404297,-0.004208189473261265,-0.005809418391436338,-0.0019608121254169235,-0.0036997792776674032,0.0,-0.001238543656654656,-0.007303488440811634,0.007943077012896538,0.0033943899907171726
3.082319974899292,5.0,0.0793749988079071,0.0,1.9426171779632568,-3.0,-68.21632385253906,0.5,0.48445579409599304,-0.5,-0.5128725171089172,0.25,-29.21617889404297,-0.005425158685135159,-0.0057439059019088745,-0.003282767855334925,-0.003628015285357833,0.0,-0.0012073410907760262,-0.006775874178856611,0.00736247468739748,0.003310365602374077
3.0870556831359863,5.0,0.083984375,0.0,1.93777334690094,-3.0,-68.49258422851562,0.5,0.48393699526786804,-0.5,-0.5133506655693054,0.25,-29.216888427734375,-0.0043568501591876325,-0.0057439059019088745,-0.002123486398087602,-0.003628015285357833,0.0,-0.0012073410907760262,-0.006775874178856611,0.00736247468739748,0.003310365602374077
3.091815710067749,5.0,0.083984375,0.0,1.93777334690094,-3.0,-68.49258422851562,0.5,0.48393699526786804,-0.5,-0.5133506655693054,0.25,-29.216888427734375,-0.005365245382197201,-0.005676792468875647,-0.003217461395181005,-0.003554939990863204,0.0,-0.0011761510977521539,-0.006994067225605249,0.0075917355716228485,0.0032234052196145058
3.096503734588623,5.0,0.08945312350988388,0.0,1.9319921731948853,-3.0,-68.8218994140625,0.5,0.48332831263542175,-0.5,-0.5139122605323792,0.25,-29.217716217041016,-0.004098614357998855,-0.005676792468875647,-0.0018444786700718581,-0.003554939990863204,0.0,-0.0011761510977521539,-0.006994067225605249,0.0075917355716228485,0.0032234052196145058
3.100867509841919,5.0,0.08945312350988388,0.0,1.9319921731948853,-3.0,-68.8218994140625,0.5,0.48332831263542175,-0.5,-0.5139122605323792,0.25,-29.217716217041016,-0.00529533536669345,-0.005676792468875647,-0.003141401303769016,-0.003554939990863204,0.0,-0.0011761510977521539,-0.006994067225605249,0.0075917355716228485,0.0032234052196145058
3.1055409908294678,5.0,0.08945312350988388,0.0,1.9319921731948853,-3.0,-68.8218994140625,0.5,0.48332831263542175,-0.5,-0.5139122605323792,0.25,-29.217716217041016,-0.005294034992991612,-0.005622997879981995,-0.0031398430074904417,-0.003496527438983321,0.0,-0.001152041251771152,-0.006910046096891165,0.007496190723031759,0.0031574706081300974
3.1102726459503174,5.0,0.09441406279802322,0.0,1.9266600608825684,-3.0,-69.1247787475586,0.5,0.4827796518802643,-0.5,-0.5144191384315491,0.25,-29.21845054626465,-0.00416059650295692,-0.005622997879981995,-0.0019128205394735576,-0.003496527438983321,0.0,-0.001152041251771152,-0.006910046096891165,0.007496190723031759,0.0031574706081300974
3.1149559020996094,5.0,0.09441406279802322,0.0,1.9266600608825684,-3.0,-69.1247787475586,0.5,0.4827796518802643,-0.5,-0.5144191384315491,0.25,-29.21845054626465,-0.005230494546912723,-0.005551091395318508,-0.0030707611558797795,-0.0034183261450380087,0.0,-0.0011204483453184366,-0.006846544798463583,0.007422090508043766,0.0030707737896591425
3.1197896003723145,5.0,0.09996093809604645,0.0,1.9207714796066284,-3.0,-69.45866394042969,0.5,0.4821862578392029,-0.5,-0.5149679183959961,0.25,-29.21923065185547,-0.004027872842235715,-0.005502623505890369,-0.0017702126277758781,-0.0033656356390565634,0.0,-0.0010984818218275905,-0.006575456354767084,0.007125240750610828,0.003010465996339917
3.1244380474090576,5.0,0.09996093809604645,0.0,1.9207714796066284,-3.0,-69.45866394042969,0.5,0.4821862578392029,-0.5,-0.5149679183959961,0.25,-29.21923065185547,-0.005161802391634865,-0.005502623505890369,-0.0029961756211189373,-0.0033656356390565634,0.0,-0.0010984818218275905,-0.006575456354767084,0.007125240750610828,0.003010465996339917
3.129051446914673,5.0,0.10546875,0.0,1.9149218797683716,-3.0,-69.79100799560547,0.5,0.48160600662231445,-0.5,-0.5155051946640015,0.25,-29.219982147216797,-0.003931299123122138,-0.005438175052404404,-0.0016670963603087315,-0.003295659786090255,0.0,-0.0010711799841374159,-0.0070480406284332275,0.00763179175555706,0.0029325352516025305
3.1337172985076904,5.0,0.10546875,0.0,1.9149218797683716,-3.0,-69.79100799560547,0.5,0.48160600662231445,-0.5,-0.5155051946640015,0.25,-29.219982147216797,-0.005094451707581811,-0.005438175052404404,-0.002923131825427163,-0.003295659786090255,0.0,-0.0010711799841374159,-0.0070480406284332275,0.00763179175555706,0.0029325352516025305
3.138289451599121,5.0,0.10999999940395355,0.0,1.9100780487060547,-3.0,-70.06552124023438,0.5,0.48113662004470825,-0.5,-0.5159404277801514,0.25,-29.220582962036133,-0.0040888445194034295,-0.005372127518057823,-0.0018384600801705654,-0.003223657375201583,0.0,-0.0010444383369758725,-0.007138689048588276,0.0077265789732337,0.0028583696112036705
3.1429603099823,5.0,0.10999999940395355,0.0,1.9100780487060547,-3.0,-70.06552124023438,0.5,0.48113662004470825,-0.5,-0.5159404277801514,0.25,-29.220582962036133,-0.005039276982506179,-0.005372127518057823,-0.0028633183473668854,-0.003223657375201583,0.0,-0.0010444383369758725,-0.007138689048588276,0.0077265789732337,0.0028583696112036705
3.147552013397217,5.0,0.10999999940395355,0.0,1.9100780487060547,-3.0,-70.06552124023438,0.5,0.48113662004470825,-0.5,-0.5159404277801514,0.25,-29.220582962036133,-0.0050378131081727125,-0.0053172665648162365,-0.0028615860464437336,-0.003164171939715743,0.0,-0.0010228356113657355,-0.007079425733536482,0.007658951450139284,0.0027983190957456827
3.152202606201172,5.0,0.1146874949336052,0.0,1.9050878286361694,-3.0,-70.34845733642578,0.5,0.4806612730026245,-0.5,-0.5163816213607788,0.25,-29.221181869506836,-0.004034663736809073,-0.0053172665648162365,-0.001780624271957414,-0.003164171939715743,0.0,-0.0010228356113657355,-0.007079425733536482,0.007658951450139284,0.0027983190957456827
3.1569833755493164,5.0,0.1146874949336052,0.0,1.9050878286361694,-3.0,-70.34845733642578,0.5,0.4806612730026245,-0.5,-0.5163816213607788,0.25,-29.221181869506836,-0.004981779858423578,-0.005273059476166964,-0.002800896590636228,-0.00311636901460588,0.0,-0.0010058083571493626,-0.006976495962589979,0.007544720079749823,0.002751333639025688
3.1616523265838623,5.0,0.12050780653953552,0.0,1.8987988233566284,-3.0,-70.70356750488281,0.5,0.4800757169723511,-0.5,-0.5169256329536438,0.25,-29.221908569335938,-0.0037497491994198874,-0.005273059476166964,-0.0014746203501747207,-0.00311636901460588,0.0,-0.0010058083571493626,-0.006976495962589979,0.007544720079749823,0.002751333639025688
3.1662912368774414,5.0,0.12050780653953552,0.0,1.8987988233566284,-3.0,-70.70356750488281,0.5,0.4800757169723511,-0.5,-0.5169256329536438,0.25,-29.221908569335938,-0.004913347638391314,-0.005195826757699251,-0.002726920817733742,-0.0030324459075927734,0.0,-0.0009763511479832232,-0.006968085188418627,0.0075284866616129875,0.0026681721210479736
3.1709249019622803,5.0,0.12574218213558197,0.0,1.893164038658142,-3.0,-71.021728515625,0.5,0.47956347465515137,-0.5,-0.5174022316932678,0.25,-29.222536087036133,-0.003825986339815142,-0.0051324451342225075,-0.0015580780149144007,-0.0029639003332704306,0.0,-0.0009520119056105614,-0.006681203376501799,0.0072139836847782135,0.0026017087511718273
3.175629138946533,5.0,0.12574218213558197,0.0,1.893164038658142,-3.0,-71.021728515625,0.5,0.47956347465515137,-0.5,-0.5174022316932678,0.25,-29.222536087036133,-0.004852905782929724,-0.0051324451342225075,-0.002661635054223724,-0.0029639003332704306,0.0,-0.0009520119056105614,-0.006681203376501799,0.0072139836847782135,0.0026017087511718273
3.180199146270752,5.0,0.1311328113079071,0.0,1.8873242139816284,-3.0,-71.35047149658203,0.5,0.47904500365257263,-0.5,-0.517885148525238,0.25,-29.223161697387695,-0.003736611959400701,-0.00508290808647871,-0.0014629952099548351,-0.002910256152972579,0.0,-0.000932522292714566,-0.006392877083271742,0.006898737978190184,0.0025488785468041897
3.1848275661468506,5.0,0.1311328113079071,0.0,1.8873242139816284,-3.0,-71.35047149658203,0.5,0.47904500365257263,-0.5,-0.517885148525238,0.25,-29.223161697387695,-0.004791665458359773,-0.00508290808647871,-0.0025955634737465805,-0.002910256152972579,0.0,-0.000932522292714566,-0.006392877083271742,0.006898737978190184,0.0025488785468041897
3.1896705627441406,5.0,0.1311328113079071,0.0,1.8873242139816284,-3.0,-71.35047149658203,0.5,0.47904500365257263,-0.5,-0.517885148525238,0.25,-29.223161697387695,-0.004789933104090778,-0.005050417967140675,-0.0025935337742264445,-0.002875208854675293,0.0,-0.0009194706799462438,-0.00607351865619421,0.006551874801516533,0.002513681072741747
3.1943416595458984,5.0,0.1336718648672104,0.0,1.884560465812683,-3.0,-71.50668334960938,0.5,0.478802353143692,-0.5,-0.5181113481521606,0.25,-29.223451614379883,-0.004276843374599625,-0.005050417967140675,-0.002042963154387344,-0.002875208854675293,0.0,-0.0009194706799462438,-0.00607351865619421,0.006551874801516533,0.002513681072741747
3.1989142894744873,5.0,0.1336718648672104,0.0,1.884560465812683,-3.0,-71.50668334960938,0.5,0.478802353143692,-0.5,-0.5181113481521606,0.25,-29.223451614379883,-0.00475944082179933,-0.004987568128854036,-0.0025604968080634484,-0.0028070209082216024,0.0,-0.0008909263415262103,-0.005043409299105406,0.005437258630990982,0.0024340972304344177
3.2037904262542725,5.0,0.14124999940395355,0.0,1.8763768672943115,-3.0,-71.96843719482422,0.5,0.478095680475235,-0.5,-0.5187707543373108,0.25,-29.224279403686523,-0.003326168772018019,-0.004987568128854036,-0.0010243129012805767,-0.0028070209082216024,0.0,-0.0008909263415262103,-0.005043409299105406,0.005437258630990982,0.0024340972304344177
3.2083358764648438,5.0,0.14124999940395355,0.0,1.8763768672943115,-3.0,-71.96843719482422,0.5,0.478095680475235,-0.5,-0.5187707543373108,0.25,-29.224279403686523,-0.004676775073684041,-0.004943891894072294,-0.002471568618811262,-0.0027596948202699423,0.0,-0.000868339033331722,-0.0043277861550450325,0.004663424100726843,0.0023745978251099586
3.2130773067474365,5.0,0.14124999940395355,0.0,1.8763768672943115,-3.0,-71.96843719482422,0.5,0.478095680475235,-0.5,-0.5187707543373108,0.25,-29.224279403686523,-0.0046749950692232,-0.004943891894072294,-0.002469491462732976,-0.0027596948202699423,0.0,-0.000868339033331722,-0.0043277861550450325,0.004663424100726843,0.0023745978251099586
3.217653751373291,5.0,0.14644530415534973,0.0,1.8707128763198853,-3.0,-72.2873764038086,0.5,0.47761744260787964,-0.5,-0.5192174315452576,0.25,-29.22482681274414,-0.0036435994281510667,-0.004912998527288437,-0.0013650555703830385,-0.0027263162191957235,0.0,-0.0008513408247381449,-0.004246363416314125,0.004572363570332527,0.0023297269362956285
3.2223377227783203,5.0,0.14644530415534973,0.0,1.8707128763198853,-3.0,-72.2873764038086,0.5,0.47761744260787964,-0.5,-0.5192174315452576,0.25,-29.22482681274414,-0.004617834576046505,-0.0048890309408307076,-0.002407957482784611,-0.002700567012652755,0.0,-0.000838272157125175,-0.004093637224286795,0.004406422842293978,0.0022951047867536545
3.227078437805176,5.0,0.15160155296325684,0.0,1.8650487661361694,-3.0,-72.60618591308594,0.5,0.4771455228328705,-0.5,-0.5196585655212402,0.25,-29.225358963012695,-0.003632512558028111,-0.0048890309408307076,-0.0013536990037028487,-0.002700567012652755,0.0,-0.000838272157125175,-0.004093637224286795,0.004406422842293978,0.0022951047867536545
3.2317066192626953,5.0,0.15160155296325684,0.0,1.8650487661361694,-3.0,-72.60618591308594,0.5,0.4771455228328705,-0.5,-0.5196585655212402,0.25,-29.225358963012695,-0.004561214917620589,-0.004831506870687008,-0.0023470446851678456,-0.002638339763507247,0.0,-0.0008103930740617216,-0.004811207763850689,0.005170050077140331,0.0022190732415765524
3.236348867416382,5.0,0.15699218213558197,0.0,1.859130859375,-3.0,-72.93944549560547,0.5,0.47666022181510925,-0.5,-0.5201125741004944,0.25,-29.225887298583984,-0.0035268736243738207,-0.004831506870687008,-0.0012412407296428264,-0.002638339763507247,0.0,-0.0008103930740617216,-0.004811207763850689,0.005170050077140331,0.0022190732415765524
3.2410335540771484,5.0,0.15699218213558197,0.0,1.859130859375,-3.0,-72.93944549560547,0.5,0.47666022181510925,-0.5,-0.5201125741004944,0.25,-29.225887298583984,-0.004502982114758367,-0.004789429251104593,-0.002284454791242212,-0.002593159442767501,0.0,-0.0007928266422823071,-0.005291257984936237,0.005682343617081642,0.0021716949995607138
3.2456915378570557,5.0,0.15699218213558197,0.0,1.859130859375,-3.0,-72.93944549560547,0.5,0.47666022181510925,-0.5,-0.5201125741004944,0.25,-29.225887298583984,-0.004501108433879722,-0.004789429251104593,-0.002282280465077975,-0.002593159442767501,0.0,-0.0007928266422823071,-0.005291257984936237,0.005682343617081642,0.0021716949995607138
3.2502779960632324,5.0,0.16171874105930328,0.0,1.8539354801177979,-3.0,-73.2310791015625,0.5,0.4762425124645233,-0.5,-0.5205036997795105,0.25,-29.226341247558594,-0.0035995088670737517,-0.004746285267174244,-0.0013192311698879992,-0.0025467872619628906,0.0,-0.0007767140632495284,-0.005871005821973085,0.006300896406173706,0.002128105377778411
3.2549502849578857,5.0,0.16171874105930328,0.0,1.8539354801177979,-3.0,-73.2310791015625,0.5,0.4762425124645233,-0.5,-0.5205036997795105,0.25,-29.226341247558594,-0.0044503765809799905,-0.004746285267174244,-0.0022277560516308203,-0.0025467872619628906,0.0,-0.0007767140632495284,-0.005871005821973085,0.006300896406173706,0.002128105377778411
3.2593283653259277,5.0,0.16515624523162842,0.0,1.850185513496399,-3.0,-73.44195556640625,0.5,0.47594505548477173,-0.5,-0.520782470703125,0.25,-29.226659774780273,-0.0037783619612474645,-0.004713795147836208,-0.0015105316276069801,-0.0025117394980043173,0.0,-0.0007652868516743183,-0.005903877783566713,0.006335458252578974,0.002097035525366664
3.264004945755005,5.0,0.16515624523162842,0.0,1.850185513496399,-3.0,-73.44195556640625,0.5,0.47594505548477173,-0.5,-0.520782470703125,0.25,-29.226659774780273,-0.0044131605056913934,-0.004713795147836208,-0.0021877050267990516,-0.0025117394980043173,0.0,-0.0007652868516743183,-0.005903877783566713,0.006335458252578974,0.002097035525366664
3.2690672874450684,5.0,0.17261718213558197,0.0,1.842041015625,-3.0,-73.89894104003906,0.5,0.4753132164478302,-0.5,-0.5213751196861267,0.25,-29.227317810058594,-0.0031691771976449755,-0.0046269758604466915,-0.0008612687437238743,-0.0024183986242860556,0.0,-0.0007373658590950072,-0.006183484569191933,0.006630993448197842,0.002019064500927925
3.2737298011779785,5.0,0.17261718213558197,0.0,1.842041015625,-3.0,-73.89894104003906,0.5,0.4753132164478302,-0.5,-0.5213751196861267,0.25,-29.227317810058594,-0.004337885228759263,-0.0046269758604466915,-0.002107082834348006,-0.0024183986242860556,0.0,-0.0007373658590950072,-0.006183484569191933,0.006630993448197842,0.002019064500927925
3.2785868644714355,5.0,0.17699217796325684,0.0,1.8372656106948853,-3.0,-74.16732025146484,0.5,0.47495177388191223,-0.5,-0.5217145681381226,0.25,-29.227691650390625,-0.004335808822574847,-0.0045715817250311375,-0.0021046847289435114,-0.0023591516073793173,0.0,-0.000719236268196255,-0.00582164665684104,0.00624240143224597,0.0019703051075339317
3.2832040786743164,5.0,0.17699217796325684,0.0,1.8372656106948853,-3.0,-74.16732025146484,0.5,0.47495177388191223,-0.5,-0.5217145681381226,0.25,-29.227691650390625,-0.0035578895793430257,-0.0045715817250311375,-0.0012761833173158177,-0.0023591516073793173,0.0,-0.000719236268196255,-0.00582164665684104,0.00624240143224597,0.0019703051075339317
3.287710189819336,5.0,0.18058593571186066,0.0,1.8333007097244263,-3.0,-74.3896255493164,0.5,0.4746571183204651,-0.5,-0.5219915509223938,0.25,-29.22798728942871,-0.00429111282693708,-0.004519383888691664,-0.002056741158708093,-0.0023026466369628906,0.0,-0.0007014113361947238,-0.005393357016146183,0.005782134365290403,0.0019220393151044846
3.2921998500823975,5.0,0.18058593571186066,0.0,1.8333007097244263,-3.0,-74.3896255493164,0.5,0.4746571183204651,-0.5,-0.5219915509223938,0.25,-29.22798728942871,-0.0036389653594937586,-0.004519383888691664,-0.0013628087473264053,-0.0023026466369628906,0.0,-0.0007014113361947238,-0.005393357016146183,0.005782134365290403,0.0019220393151044846
3.2969722747802734,5.0,0.18058593571186066,0.0,1.8333007097244263,-3.0,-74.3896255493164,0.5,0.4746571183204651,-0.5,-0.5219915509223938,0.25,-29.22798728942871,-0.004253801140563212,-0.004474642686545849,-0.002016687932869019,-0.002254605060443282,0.0,-0.0006833671941421926,-0.004345039837062359,0.004661050625145435,0.0018716257764026523
3.301537275314331,5.0,0.18703123927116394,0.0,1.826210856437683,-3.0,-74.78720092773438,0.5,0.4741388261318207,-0.5,-0.5224791169166565,0.25,-29.228500366210938,-0.003125188441224079,-0.004474642686545849,-0.000816771113873062,-0.002254605060443282,0.0,-0.0006833671941421926,-0.004345039837062359,0.004661050625145435,0.0018716257764026523
3.305905342102051,5.0,0.18703123927116394,0.0,1.826210856437683,-3.0,-74.78720092773438,0.5,0.4741388261318207,-0.5,-0.5224791169166565,0.25,-29.228500366210938,-0.004191277071956677,-0.004435760900378227,-0.0019498724780879972,-0.0022130010183900595,0.0,-0.0006653038435615599,-0.0036558269057422876,0.003922271076589823,0.001823031110689044
3.3105225563049316,5.0,0.19261717796325684,0.0,1.8200585842132568,-3.0,-75.13053131103516,0.5,0.4736996293067932,-0.5,-0.5228926539421082,0.25,-29.228925704956055,-0.0032438967766288494,-0.004435760900378227,-0.0009435241214373638,-0.0022130010183900595,0.0,-0.0006653038435615599,-0.0036558269057422876,0.003922271076589823,0.001823031110689044
3.315338134765625,5.0,0.19261717796325684,0.0,1.8200585842132568,-3.0,-75.13053131103516,0.5,0.4736996293067932,-0.5,-0.5228926539421082,0.25,-29.228925704956055,-0.00413733379573938,-0.004404335282742977,-0.0018922071402102184,-0.002178907161578536,0.0,-0.000648972112685442,-0.0033428329043090343,0.003585321130231023,0.0017790165729820728
3.3199715614318848,5.0,0.19261717796325684,0.0,1.8200585842132568,-3.0,-75.13053131103516,0.5,0.4736996293067932,-0.5,-0.5228926539421082,0.25,-29.228925704956055,-0.004135212367074643,-0.004404335282742977,-0.0018897699234321696,-0.002178907161578536,0.0,-0.000648972112685442,-0.0033428329043090343,0.003585321130231023,0.0017790165729820728
3.324399709701538,5.0,0.1960156261920929,0.0,1.8162890672683716,-3.0,-75.34149932861328,0.5,0.4734329581260681,-0.5,-0.5231438875198364,0.25,-29.229177474975586,-0.003535658807316465,-0.004385160282254219,-0.0012531982518967136,-0.002158283954486251,0.0,-0.0006392918294295669,-0.0035656667314469814,0.003819588804617524,0.0017528327880427241
3.3289382457733154,5.0,0.1960156261920929,0.0,1.8162890672683716,-3.0,-75.34149932861328,0.5,0.4734329581260681,-0.5,-0.5231438875198364,0.25,-29.229177474975586,-0.004100913859070772,-0.004385160282254219,-0.0018530050161777761,-0.002158283954486251,0.0,-0.0006392918294295669,-0.0035656667314469814,0.003819588804617524,0.0017528327880427241
3.3337793350219727,5.0,0.20238280296325684,0.0,1.8092381954193115,-3.0,-75.73493194580078,0.5,0.4729413092136383,-0.5,-0.5236073136329651,0.25,-29.22963523864746,-0.0030857404903772917,-0.004342550411820412,-0.0007758122944135845,-0.0021126267965883017,0.0,-0.0006194088491611183,-0.0037466699723154306,0.004008186515420675,0.0016970504075288773
3.338358163833618,5.0,0.20238280296325684,0.0,1.8092381954193115,-3.0,-75.73493194580078,0.5,0.4729413092136383,-0.5,-0.5236073136329651,0.25,-29.22963523864746,-0.004040855146294405,-0.004342550411820412,-0.0017889093336856668,-0.0021126267965883017,0.0,-0.0006194088491611183,-0.0037466699723154306,0.004008186515420675,0.0016970504075288773
3.3431999683380127,5.0,0.2077343761920929,0.0,1.80325186252594,-3.0,-76.06890869140625,0.5,0.47253134846687317,-0.5,-0.5239940285682678,0.25,-29.230009078979492,-0.003193425846449397,-0.0043036676943302155,-0.0008903434313602429,-0.0020707843359559774,0.0,-0.0006032699020579457,-0.004238945432007313,0.00452913623303175,0.00165299151558429
3.3478689193725586,5.0,0.2077343761920929,0.0,1.80325186252594,-3.0,-76.06890869140625,0.5,0.47253134846687317,-0.5,-0.5239940285682678,0.25,-29.230009078979492,-0.003989885327255934,-0.0043036676943302155,-0.001734489091479532,-0.0020707843359559774,0.0,-0.0006032699020579457,-0.004238945432007313,0.00452913623303175,0.00165299151558429
3.3524982929229736,5.0,0.21214842796325684,0.0,1.798378825187683,-3.0,-76.34021759033203,0.5,0.4722035825252533,-0.5,-0.5243034362792969,0.25,-29.230295181274414,-0.003282148583468729,-0.00426904670894146,-0.0009845699821549594,-0.0020341870840638876,0.0,-0.0005911581101827323,-0.004744275938719511,0.005064869299530983,0.00161972816567868
3.3571794033050537,5.0,0.21214842796325684,0.0,1.798378825187683,-3.0,-76.34021759033203,0.5,0.4722035825252533,-0.5,-0.5243034362792969,0.25,-29.230295181274414,-0.003948230866872791,-0.004242414608597755,-0.0016899812165195563,-0.002005338668823242,0.0,-0.000582739943638444,-0.005140794441103935,0.005484940484166145,0.0015966654755175114
3.3618838787078857,5.0,0.21214842796325684,0.0,1.798378825187683,-3.0,-76.34021759033203,0.5,0.4722035825252533,-0.5,-0.5243034362792969,0.25,-29.230295181274414,-0.003945944168509186,-0.004242414608597755,-0.0016873658652736202,-0.002005338668823242,0.0,-0.000582739943638444,-0.005140794441103935,0.005484940484166145,0.0015966654755175114
3.3666555881500244,5.0,0.21769531071186066,0.0,1.7921679019927979,-3.0,-76.68685150146484,0.5,0.47179198265075684,-0.5,-0.5246922373771667,0.25,-29.230653762817383,-0.0030821269163657256,-0.004242414608597755,-0.0007726981796634481,-0.002005338668823242,0.0,-0.000582739943638444,-0.005140794441103935,0.005484940484166145,0.0015966654755175114
3.371033191680908,5.0,0.21769531071186066,0.0,1.7921679019927979,-3.0,-76.68685150146484,0.5,0.47179198265075684,-0.5,-0.5246922373771667,0.25,-29.230653762817383,-0.0038947696966094435,-0.004160389304161072,-0.0016328122007525114,-0.0019180773524567485,0.0,-0.0005614491528831422,-0.005976865068078041,0.006369748618453741,0.0015364323044195771
3.3757331371307373,5.0,0.22296874225139618,0.0,1.7863476276397705,-3.0,-77.0105209350586,0.5,0.47141799330711365,-0.5,-0.5250459313392639,0.25,-29.230968475341797,-0.0030974230516493096,-0.0041071274317801,-0.0007895155587273079,-0.0018607376841828227,0.0,-0.000548126467037946,-0.006033388432115316,0.006428105756640434,0.0014995801029726863
3.380340099334717,5.0,0.22296874225139618,0.0,1.7863476276397705,-3.0,-77.0105209350586,0.5,0.47141799330711365,-0.5,-0.5250459313392639,0.25,-29.230968475341797,-0.003847664417756221,-0.0041071274317801,-0.0015826132775783046,-0.0018607376841828227,0.0,-0.000548126467037946,-0.006033388432115316,0.006428105756640434,0.0014995801029726863
3.385071039199829,5.0,0.2273828089237213,0.0,1.7814159393310547,-3.0,-77.28483581542969,0.5,0.47110822796821594,-0.5,-0.5253390669822693,0.25,-29.231224060058594,-0.003190476618891107,-0.004061852116137743,-0.0008879428276886741,-0.0018126963404938579,0.0,-0.0005371428560465574,-0.006018138490617275,0.006409847177565098,0.0014692593831568956
3.390216827392578,5.0,0.2273828089237213,0.0,1.7814159393310547,-3.0,-77.28483581542969,0.5,0.47110822796821594,-0.5,-0.5253390669822693,0.25,-29.231224060058594,-0.0038074827991191,-0.004061852116137743,-0.0015397343134012265,-0.0018126963404938579,0.0,-0.0005371428560465574,-0.006018138490617275,0.006409847177565098,0.0014692593831568956
3.395270824432373,5.0,0.2273828089237213,0.0,1.7814159393310547,-3.0,-77.28483581542969,0.5,0.47110822796821594,-0.5,-0.5253390669822693,0.25,-29.231224060058594,-0.003804921527728709,-0.003995273262262344,-0.0015368139347947652,-0.0017416476039215922,0.0,-0.0005214288248680532,-0.0059204790741205215,0.006301091052591801,0.0014246772043406963
3.4004178047180176,5.0,0.23261718451976776,0.0,1.7755663394927979,-3.0,-77.61030578613281,0.5,0.47074803709983826,-0.5,-0.5256803035736084,0.25,-29.23151969909668,-0.0030983455512221415,-0.003995273262262344,-0.0007907697653882798,-0.0017416476039215922,0.0,-0.0005214288248680532,-0.0059204790741205215,0.006301091052591801,0.0014246772043406963
3.40506911277771,5.0,0.23261718451976776,0.0,1.7755663394927979,-3.0,-77.61030578613281,0.5,0.47074803709983826,-0.5,-0.5256803035736084,0.25,-29.23151969909668,-0.003758940676383815,-0.0039505320601165295,-0.0014878586472461854,-0.0016942023066803813,0.0,-0.0005103781004436314,-0.005329270847141743,0.005672902800142765,0.0013950573047623038
3.409691572189331,5.0,0.23828125,0.0,1.7691797018051147,-3.0,-77.9651870727539,0.5,0.470366895198822,-0.5,-0.5260418653488159,0.25,-29.231822967529297,-0.0029309608574350195,-0.0039505320601165295,-0.0006148385305588619,-0.0016942023066803813,0.0,-0.0005103781004436314,-0.005329270847141743,0.005672902800142765,0.0013950573047623038
3.414710283279419,5.0,0.23828125,0.0,1.7691797018051147,-3.0,-77.9651870727539,0.5,0.470366895198822,-0.5,-0.5260418653488159,0.25,-29.231822967529297,-0.0037105317820787034,-0.0038978017400950193,-0.0014364076628065737,-0.0016381739405915141,0.0,-0.000496246269904077,-0.004783021751791239,0.005090765189379454,0.0013574601616710424
3.4193897247314453,5.0,0.2430468648672104,0.0,1.7638475894927979,-3.0,-78.26146697998047,0.5,0.4700559973716736,-0.5,-0.5263370275497437,0.25,-29.232065200805664,-0.0030418837225763013,-0.0038978017400950193,-0.0007319066093056175,-0.0016381739405915141,0.0,-0.000496246269904077,-0.004783021751791239,0.005090765189379454,0.0013574601616710424
3.424290895462036,5.0,0.2430468648672104,0.0,1.7638475894927979,-3.0,-78.26146697998047,0.5,0.4700559973716736,-0.5,-0.5263370275497437,0.25,-29.232065200805664,-0.003670065821027436,-0.003880225121974945,-0.0013933622860212162,-0.00161921966355294,0.0,-0.0004911691648885608,-0.004702212288975716,0.005003328435122967,0.001343969372101128
3.428892135620117,5.0,0.24843749403953552,0.0,1.7578125,-3.0,-78.59661102294922,0.5,0.46971094608306885,-0.5,-0.5266647338867188,0.25,-29.232330322265625,-0.0029160741756685277,-0.003880225121974945,-0.0005992594654374763,-0.00161921966355294,0.0,-0.0004911691648885608,-0.004702212288975716,0.005003328435122967,0.001343969372101128
3.433659315109253,5.0,0.24843749403953552,0.0,1.7578125,-3.0,-78.59661102294922,0.5,0.46971094608306885,-0.5,-0.5266647338867188,0.25,-29.232330322265625,-0.0036257449322537804,-0.0038184402510523796,-0.001346280920032428,-0.001553177717141807,0.0,-0.00047382371849380434,-0.004529784899204969,0.004813999403268099,0.0012965446803718805
3.4382476806640625,5.0,0.24843749403953552,0.0,1.7578125,-3.0,-78.59661102294922,0.5,0.46971094608306885,-0.5,-0.5266647338867188,0.25,-29.232330322265625,-0.0036232979813239008,-0.0038184402510523796,-0.0013435013749988232,-0.001553177717141807,0.0,-0.00047382371849380434,-0.004529784899204969,0.004813999403268099,0.0012965446803718805
3.442894458770752,5.0,0.2530859410762787,0.0,1.7525781393051147,-3.0,-78.88709259033203,0.5,0.46941855549812317,-0.5,-0.5269427299499512,0.25,-29.2325496673584,-0.0029891790003336426,-0.0037827538326382637,-0.0006763394611004825,-0.001515626790933311,0.0,-0.0004637273377738893,-0.004378794692456722,0.004650860093533993,0.0012693831231445074
3.4475300312042236,5.0,0.2530859410762787,0.0,1.7525781393051147,-3.0,-78.88709259033203,0.5,0.46941855549812317,-0.5,-0.5269427299499512,0.25,-29.2325496673584,-0.0035849366164579237,-0.0037827538326382637,-0.0013027371510475239,-0.001515626790933311,0.0,-0.0004637273377738893,-0.004378794692456722,0.004650860093533993,0.0012693831231445074
3.45231032371521,5.0,0.25874999165534973,0.0,1.7462694644927979,-3.0,-79.2368392944336,0.5,0.46907350420951843,-0.5,-0.5272709727287292,0.25,-29.232805252075195,-0.002856281864355792,-0.003749730298295617,-0.0005365537936127843,-0.001480221631936729,0.0,-0.00045378488721325994,-0.00394629780203104,0.004192293155938387,0.0012424895539879799
3.457040309906006,5.0,0.25874999165534973,0.0,1.7462694644927979,-3.0,-79.2368392944336,0.5,0.46907350420951843,-0.5,-0.5272709727287292,0.25,-29.232805252075195,-0.003540360391982176,-0.003727892879396677,-0.0012554486045302168,-0.0014568566111847758,0.0,-0.0004468435072340071,-0.0037728401366621256,0.00400767894461751,0.001223765779286623
3.461796283721924,5.0,0.2643750011920929,0.0,1.7399511337280273,-3.0,-79.58694458007812,0.5,0.4687345325946808,-0.5,-0.527593731880188,0.25,-29.23304557800293,-0.002820365129878247,-0.003727892879396677,-0.0004990699628213468,-0.0014568566111847758,0.0,-0.0004468435072340071,-0.0037728401366621256,0.00400767894461751,0.001223765779286623
3.466461420059204,5.0,0.2643750011920929,0.0,1.7399511337280273,-3.0,-79.58694458007812,0.5,0.4687345325946808,-0.5,-0.527593731880188,0.25,-29.23304557800293,-0.0034964300220555063,-0.0036719664931297302,-0.0012088809025013643,-0.0013977289199829102,0.0,-0.00043046861537732184,-0.004057163838297129,0.0043032206594944,0.0011779852211475372
3.471153497695923,5.0,0.2643750011920929,0.0,1.7399511337280273,-3.0,-79.58694458007812,0.5,0.4687345325946808,-0.5,-0.527593731880188,0.25,-29.23304557800293,-0.003493840583410133,-0.0036719664931297302,-0.0012059469024930831,-0.0013977289199829102,0.0,-0.00043046861537732184,-0.004057163838297129,0.0043032206594944,0.0011779852211475372
3.4758951663970947,5.0,0.2691015601158142,0.0,1.734619140625,-3.0,-79.88218688964844,0.5,0.4684548079967499,-0.5,-0.527860164642334,0.25,-29.233238220214844,-0.0028973299574606955,-0.0036719664931297302,-0.0005794598135885872,-0.0013977289199829102,0.0,-0.00043046861537732184,-0.004057163838297129,0.0043032206594944,0.0011779852211475372
3.480454444885254,5.0,0.2691015601158142,0.0,1.734619140625,-3.0,-79.88218688964844,0.5,0.4684548079967499,-0.5,-0.527860164642334,0.25,-29.233238220214844,-0.0034566861335521247,-0.0036309536080807447,-0.0011665119474433827,-0.0013539789943024516,0.0,-0.00041921334923245013,-0.004168170504271984,0.004417479038238525,0.0011473825434222817
3.485196828842163,5.0,0.27421873807907104,0.0,1.728798747062683,-3.0,-80.20437622070312,0.5,0.4681556522846222,-0.5,-0.5281453728675842,0.25,-29.233444213867188,-0.0028183889788150817,-0.0035995282232761383,-0.0004967799690425206,-0.0013210773468017578,0.0,-0.00041076773777604103,-0.0041217380203306675,0.004367740824818611,0.0011243391782045364
3.490004539489746,5.0,0.27421873807907104,0.0,1.728798747062683,-3.0,-80.20437622070312,0.5,0.4681556522846222,-0.5,-0.5281453728675842,0.25,-29.233444213867188,-0.003417085327050813,-0.0035995282232761383,-0.0011245309313220563,-0.0013210773468017578,0.0,-0.00041076773777604103,-0.0041217380203306675,0.004367740824818611,0.0011243391782045364
3.4946188926696777,5.0,0.27894529700279236,0.0,1.723427653312683,-3.0,-80.50118255615234,0.5,0.46788477897644043,-0.5,-0.5284036993980408,0.25,-29.23362159729004,-0.002823632256637559,-0.0035563854034990072,-0.0005020389605498044,-0.0012750624446198344,0.0,-0.0003997506864834577,-0.004352441523224115,0.0046090795658528805,0.0010933089070022106
3.4992916584014893,5.0,0.27894529700279236,0.0,1.723427653312683,-3.0,-80.50118255615234,0.5,0.46788477897644043,-0.5,-0.5284036993980408,0.25,-29.23362159729004,-0.0033808103727191677,-0.0035563854034990072,-0.0010860609768097908,-0.0012750624446198344,0.0,-0.0003997506864834577,-0.004352441523224115,0.0046090795658528805,0.0010933089070022106
3.5040056705474854,5.0,0.27894529700279236,0.0,1.723427653312683,-3.0,-80.50118255615234,0.5,0.46788477897644043,-0.5,-0.5284036993980408,0.25,-29.23362159729004,-0.0033781324650400957,-0.003514839569106698,-0.0010830331459702625,-0.0012305974960327148,0.0,-0.0003895278205163777,-0.0043747019954025745,0.004631072282791138,0.0010655287187546492
3.508593797683716,5.0,0.28441405296325684,0.0,1.7172460556030273,-3.0,-80.8432388305664,0.5,0.46758031845092773,-0.5,-0.5286943316459656,0.25,-29.23381805419922,-0.002707179340058495,-0.003514839569106698,-0.00037993951591222747,-0.0012305974960327148,0.0,-0.0003895278205163777,-0.0043747019954025745,0.004631072282791138,0.0010655287187546492
3.5132291316986084,5.0,0.28441405296325684,0.0,1.7172460556030273,-3.0,-80.8432388305664,0.5,0.46758031845092773,-0.5,-0.5286943316459656,0.25,-29.23381805419922,-0.003337963374225239,-0.003514839569106698,-0.0010405174494427468,-0.0012305974960327148,0.0,-0.0003895278205163777,-0.0043747019954025745,0.004631072282791138,0.0010655287187546492
3.517850399017334,5.0,0.2896484434604645,0.0,1.7113866806030273,-3.0,-81.16704559326172,0.5,0.46729883551597595,-0.5,-0.5289631485939026,0.25,-29.233993530273438,-0.002721333111426751,-0.00347489258274436,-0.0003946137428176692,-0.0011883974075317383,0.0,-0.00037971598794683814,-0.0040969764813780785,0.00433834083378315,0.0010390473762527108
3.5225627422332764,5.0,0.2896484434604645,0.0,1.7113866806030273,-3.0,-81.16704559326172,0.5,0.46729883551597595,-0.5,-0.5289631485939026,0.25,-29.233993530273438,-0.003300298725496134,-0.00347489258274436,-0.001000635098582052,-0.0011883974075317383,0.0,-0.00037971598794683814,-0.0040969764813780785,0.00433834083378315,0.0010390473762527108
3.5272319316864014,5.0,0.29488280415534973,0.0,1.7054492235183716,-3.0,-81.49525451660156,0.5,0.4670192301273346,-0.5,-0.5292303562164307,0.25,-29.234159469604492,-0.0026932257788507517,-0.003452521516010165,-0.00036517190458360666,-0.0011649130610749125,0.0,-0.00037420677836053073,-0.004042134620249271,0.004279945511370897,0.0010241700801998377
3.5318143367767334,5.0,0.29488280415534973,0.0,1.7054492235183716,-3.0,-81.49525451660156,0.5,0.4670192301273346,-0.5,-0.5292303562164307,0.25,-29.234159469604492,-0.0032628252627112603,-0.003407247830182314,-0.0009609799577332302,-0.0011172293452546,0.0,-0.0003631033468991518,-0.003951310180127621,0.00418205838650465,0.0009933531982824206
3.536634683609009,5.0,0.29488280415534973,0.0,1.7054492235183716,-3.0,-81.49525451660156,0.5,0.4670192301273346,-0.5,-0.5292303562164307,0.25,-29.234159469604492,-0.0032600072536113772,-0.003407247830182314,-0.0009578003827415962,-0.0011172293452546,0.0,-0.0003631033468991518,-0.003951310180127621,0.00418205838650465,0.0009933531982824206
3.541426420211792,5.0,0.2996875047683716,0.0,1.69998037815094,-3.0,-81.79778289794922,0.5,0.4667675197124481,-0.5,-0.5294710993766785,0.25,-29.23430633544922,-0.002725880544029148,-0.003366768127307296,-0.00039910928213370716,-0.0010743140010163188,0.0,-0.00035319477319717407,-0.0038699081633239985,0.004094625823199749,0.0009665510151535273
3.5461630821228027,5.0,0.2996875047683716,0.0,1.69998037815094,-3.0,-81.79778289794922,0.5,0.4667675197124481,-0.5,-0.5294710993766785,0.25,-29.23430633544922,-0.003225501826791628,-0.003366768127307296,-0.0009212620866395878,-0.0010743140010163188,0.0,-0.00035319477319717407,-0.0038699081633239985,0.004094625823199749,0.0009665510151535273
3.550723075866699,5.0,0.3024609386920929,0.0,1.696865200996399,-3.0,-81.96995544433594,0.5,0.4666266143321991,-0.5,-0.5296059846878052,0.25,-29.234386444091797,-0.0029108140006397,-0.0033513216767460108,-0.00059230634161259,-0.001057863119058311,0.0,-0.0003492652904242277,-0.0036720787174999714,0.0038868370465934277,0.0009558434830978513
3.555418014526367,5.0,0.3024609386920929,0.0,1.696865200996399,-3.0,-81.96995544433594,0.5,0.4666266143321991,-0.5,-0.5296059846878052,0.25,-29.234386444091797,-0.003203835561715891,-0.0033513216767460108,-0.0008981760724410329,-0.001057863119058311,0.0,-0.0003492652904242277,-0.0036720787174999714,0.0038868370465934277,0.0009558434830978513
3.560041666030884,5.0,0.3033984303474426,0.0,1.6958105564117432,-3.0,-82.02816009521484,0.5,0.4665793478488922,-0.5,-0.5296512246131897,0.25,-29.234413146972656,-0.0030978202489868843,-0.003344397759065032,-0.0007871859775724403,-0.001050233724527061,0.0,-0.0003473983670119196,-0.003623802214860916,0.0038358953315764666,0.0009507674258202314
3.5648510456085205,5.0,0.3033984303474426,0.0,1.6958105564117432,-3.0,-82.02816009521484,0.5,0.4665793478488922,-0.5,-0.5296512246131897,0.25,-29.234413146972656,-0.0031928127522017464,-0.003344397759065032,-0.0008861989334336615,-0.001050233724527061,0.0,-0.0003473983670119196,-0.003623802214860916,0.0038358953315764666,0.0009507674258202314
3.569458246231079,5.0,0.3033984303474426,0.0,1.6958105564117432,-3.0,-82.02816009521484,0.5,0.4665793478488922,-0.5,-0.5296512246131897,0.25,-29.234413146972656,-0.003190080569391796,-0.003344397759065032,-0.0008831194204457233,-0.001050233724527061,0.0,-0.0003473983670119196,-0.003623802214860916,0.0038358953315764666,0.0009507674258202314
3.5742743015289307,5.0,0.3033984303474426,0.0,1.6958105564117432,-3.0,-82.02816009521484,0.5,0.4665793478488922,-0.5,-0.5296512246131897,0.25,-29.234413146972656,-0.003187224530644073,-0.003344397759065032,-0.0008799003062687234,-0.001050233724527061,0.0,-0.0003473983670119196,-0.003623802214860916,0.0038358953315764666,0.0009507674258202314
3.5790088176727295,5.0,0.3033984303474426,0.0,1.6958105564117432,-3.0,-82.02816009521484,0.5,0.4665793478488922,-0.5,-0.5296512246131897,0.25,-29.234413146972656,-0.003184416846611782,-0.003344397759065032,-0.0008767356939258101,-0.001050233724527061,0.0,-0.0003473983670119196,-0.003623802214860916,0.0038358953315764666,0.0009507674258202314
3.583681583404541,5.0,0.3033984303474426,0.0,1.6958105564117432,-3.0,-82.02816009521484,0.5,0.4665793478488922,-0.5,-0.5296512246131897,0.25,-29.234413146972656,-0.0031816457820862073,-0.003344397759065032,-0.0008736123563636801,-0.001050233724527061,0.0,-0.0003473983670119196,-0.003623802214860916,0.0038358953315764666,0.0009507674258202314
3.5883123874664307,5.0,0.3033984303474426,0.0,1.6958105564117432,-3.0,-82.02816009521484,0.5,0.4665793478488922,-0.5,-0.5296512246131897,0.25,-29.234413146972656,-0.0031788996018586317,-0.003344397759065032,-0.0008705170665290326,-0.001050233724527061,0.0,-0.0003473983670119196,-0.003623802214860916,0.0038358953315764666,0.0009507674258202314
3.592818021774292,5.0,0.3033984303474426,0.0,1.6958105564117432,-3.0,-82.02816009521484,0.5,0.4665793478488922,-0.5,-0.5296512246131897,0.25,-29.234413146972656,-0.0031762276503608856,-0.003344397759065032,-0.0008675054417905705,-0.001050233724527061,0.0,-0.0003473983670119196,-0.003623802214860916,0.0038358953315764666,0.0009507674258202314
3.597362756729126,5.0,0.3033984303474426,0.0,1.6958105564117432,-3.0,-82.02816009521484,0.5,0.4665793478488922,-0.5,-0.5296512246131897,0.25,-29.234413146972656,-0.003173532511221822,-0.003344397759065032,-0.0008644676816696806,-0.001050233724527061,0.0,-0.0003473983670119196,-0.003623802214860916,0.0038358953315764666,0.0009507674258202314
3.601933717727661,5.0,0.3033984303474426,0.0,1.6958105564117432,-3.0,-82.02816009521484,0.5,0.4665793478488922,-0.5,-0.5296512246131897,0.25,-29.234413146972656,-0.0031708218193965084,-0.003344397759065032,-0.0008614123917191144,-0.001050233724527061,0.0,-0.0003473983670119196,-0.003623802214860916,0.0038358953315764666,0.0009507674258202314
3.606604814529419,5.0,0.3033984303474426,0.0,1.6958105564117432,-3.0,-82.02816009521484,0.5,0.4665793478488922,-0.5,-0.5296512246131897,0.25,-29.234413146972656,-0.0031680517445873304,-0.003344397759065032,-0.0008582901696915996,-0.001050233724527061,0.0,-0.0003473983670119196,-0.003623802214860916,0.0038358953315764666,0.0009507674258202314
3.6112701892852783,5.0,0.3033984303474426,0.0,1.6958105564117432,-3.0,-82.02816009521484,0.5,0.4665793478488922,-0.5,-0.5296512246131897,0.25,-29.234413146972656,-0.003165285063091517,-0.003344397759065032,-0.0008551717723541971,-0.001050233724527061,0.0,-0.0003473983670119196,-0.003623802214860916,0.0038358953315764666,0.0009507674258202314
3.6159706115722656,5.0,0.3033984303474426,0.0,1.6958105564117432,-3.0,-82.02816009521484,0.5,0.4665793478488922,-0.5,-0.5296512246131897,0.25,-29.234413146972656,-0.003162497597551351,-0.003344397759065032,-0.0008520299487898633,-0.001050233724527061,0.0,-0.0003473983670119196,-0.003623802214860916,0.0038358953315764666,0.0009507674258202314
3.6204936504364014,5.0,0.3033984303474426,0.0,1.6958105564117432,-3.0,-82.02816009521484,0.5,0.4665793478488922,-0.5,-0.5296512246131897,0.25,-29.234413146972656,-0.003159815324725457,-0.003344397759065032,-0.0008490066906189789,-0.001050233724527061,0.0,-0.0003473983670119196,-0.003623802214860916,0.0038358953315764666,0.0009507674258202314
3.6252191066741943,5.0,0.3033984303474426,0.0,1.6958105564117432,-3.0,-82.02816009521484,0.5,0.4665793478488922,-0.5,-0.5296512246131897,0.25,-29.234413146972656,-0.003157013013439325,-0.003344397759065032,-0.0008458481340354075,-0.001050233724527061,0.0,-0.0003473983670119196,-0.003623802214860916,0.0038358953315764666,0.0009507674258202314
3.6298649311065674,5.0,0.3033984303474426,0.0,1.6958105564117432,-3.0,-82.02816009521484,0.5,0.4665793478488922,-0.5,-0.5296512246131897,0.25,-29.234413146972656,-0.0031542579257641703,-0.003344397759065032,-0.000842742804389218,-0.001050233724527061,0.0,-0.0003473983670119196,-0.003623802214860916,0.0038358953315764666,0.0009507674258202314
3.6344716548919678,5.0,0.3033984303474426,0.0,1.6958105564117432,-3.0,-82.02816009521484,0.5,0.4665793478488922,-0.5,-0.5296512246131897,0.25,-29.234413146972656,-0.003151526025730334,-0.003344397759065032,-0.0008396636101254563,-0.001050233724527061,0.0,-0.0003473983670119196,-0.003623802214860916,0.0038358953315764666,0.0009507674258202314
3.6390252113342285,5.0,0.3033984303474426,0.0,1.6958105564117432,-3.0,-82.02816009521484,0.5,0.4665793478488922,-0.5,-0.5296512246131897,0.25,-29.234413146972656,-0.0031488256552331677,-0.003344397759065032,-0.0008366199536073114,-0.001050233724527061,0.0,-0.0003473983670119196,-0.003623802214860916,0.0038358953315764666,0.0009507674258202314
3.643664836883545,5.0,0.3033984303474426,0.0,1.6958105564117432,-3.0,-82.02816009521484,0.5,0.4665793478488922,-0.5,-0.5296512246131897,0.25,-29.234413146972656,-0.00314607424364749,-0.003344397759065032,-0.0008335187673754098,-0.001050233724527061,0.0,-0.0003473983670119196,-0.003623802214860916,0.0038358953315764666,0.0009507674258202314
3.648223876953125,5.0,0.3033984303474426,0.0,1.6958105564117432,-3.0,-82.02816009521484,0.5,0.4665793478488922,-0.5,-0.5296512246131897,0.25,-29.234413146972656,-0.0031433706212250175,-0.003344397759065032,-0.0008304714455292413,-0.001050233724527061,0.0,-0.0003473983670119196,-0.003623802214860916,0.0038358953315764666,0.0009507674258202314
3.6528007984161377,5.0,0.3033984303474426,0.0,1.6958105564117432,-3.0,-82.02816009521484,0.5,0.4665793478488922,-0.5,-0.5296512246131897,0.25,-29.234413146972656,-0.0031406563946982827,-0.003344397759065032,-0.0008274121715264758,-0.001050233724527061,0.0,-0.0003473983670119196,-0.003623802214860916,0.0038358953315764666,0.0009507674258202314
3.657325029373169,5.0,0.3033984303474426,0.0,1.6958105564117432,-3.0,-82.02816009521484,0.5,0.4665793478488922,-0.5,-0.5296512246131897,0.25,-29.234413146972656,-0.0031379734149321052,-0.003344397759065032,-0.0008243881165451517,-0.001050233724527061,0.0,-0.0003473983670119196,-0.003623802214860916,0.0038358953315764666,0.0009507674258202314
3.661966562271118,5.0,0.3033984303474426,0.0,1.6958105564117432,-3.0,-82.02816009521484,0.5,0.4665793478488922,-0.5,-0.5296512246131897,0.25,-29.234413146972656,-0.003135220872241973,-0.003344397759065032,-0.0008212856554165463,-0.001050233724527061,0.0,-0.0003473983670119196,-0.003623802214860916,0.0038358953315764666,0.0009507674258202314
3.666583776473999,5.0,0.3033984303474426,0.0,1.6958105564117432,-3.0,-82.02816009521484,0.5,0.4665793478488922,-0.5,-0.5296512246131897,0.25,-29.234413146972656,-0.0031324827511336364,-0.003344397759065032,-0.0008181994492209134,-0.001050233724527061,0.0,-0.0003473983670119196,-0.003623802214860916,0.0038358953315764666,0.0009507674258202314
3.6713409423828125,5.0,0.3033984303474426,0.0,1.6958105564117432,-3.0,-82.02816009521484,0.5,0.4665793478488922,-0.5,-0.5296512246131897,0.25,-29.234413146972656,-0.003129661635235948,-0.003344397759065032,-0.0008150196974796419,-0.001050233724527061,0.0,-0.0003473983670119196,-0.003623802214860916,0.0038358953315764666,0.0009507674258202314
3.6758406162261963,5.0,0.3033984303474426,0.0,1.6958105564117432,-3.0,-82.02816009521484,0.5,0.4665793478488922,-0.5,-0.5296512246131897,0.25,-29.234413146972656,-0.0031269932184396225,-0.003344397759065032,-0.0008120120567933781,-0.001050233724527061,0.0,-0.0003473983670119196,-0.003623802214860916,0.0038358953315764666,0.0009507674258202314
3.6807467937469482,5.0,0.3033984303474426,0.0,1.6958105564117432,-3.0,-82.02816009521484,0.5,0.4665793478488922,-0.5,-0.5296512246131897,0.25,-29.234413146972656,-0.003124083735006422,-0.003344397759065032,-0.000808732703747126,-0.001050233724527061,0.0,-0.0003473983670119196,-0.003623802214860916,0.0038358953315764666,0.0009507674258202314
3.685551404953003,5.0,0.3033984303474426,0.0,1.6958105564117432,-3.0,-82.02816009521484,0.5,0.4665793478488922,-0.5,-0.5296512246131897,0.25,-29.234413146972656,-0.003121234482885427,-0.003344397759065032,-0.0008055212389503482,-0.001050233724527061,0.0,-0.0003473983670119196,-0.003623802214860916,0.0038358953315764666,0.0009507674258202314
3.6900582313537598,5.0,0.3033984303474426,0.0,1.6958105564117432,-3.0,-82.02816009521484,0.5,0.4665793478488922,-0.5,-0.5296512246131897,0.25,-29.234413146972656,-0.003118561824447397,-0.003344397759065032,-0.0008025088174014464,-0.001050233724527061,0.0,-0.0003473983670119196,-0.003623802214860916,0.0038358953315764666,0.0009507674258202314
3.694892406463623,5.0,0.3033984303474426,0.0,1.6958105564117432,-3.0,-82.02816009521484,0.5,0.4665793478488922,-0.5,-0.5296512246131897,0.25,-29.234413146972656,-0.003115695040207356,-0.003344397759065032,-0.0007992775917057601,-0.001050233724527061,0.0,-0.0003473983670119196,-0.003623802214860916,0.0038358953315764666,0.0009507674258202314
3.6996164321899414,5.0,0.3033984303474426,0.0,1.6958105564117432,-3.0,-82.02816009521484,0.5,0.4665793478488922,-0.5,-0.5296512246131897,0.25,-29.234413146972656,-0.003112893577249565,-0.003344397759065032,-0.000796119991294717,-0.001050233724527061,0.0,-0.0003473983670119196,-0.003623802214860916,0.0038358953315764666,0.0009507674258202314
3.7042689323425293,5.0,0.3033984303474426,0.0,1.6958105564117432,-3.0,-82.02816009521484,0.5,0.4665793478488922,-0.5,-0.5296512246131897,0.25,-29.234413146972656,-0.00311013453070882,-0.003344397759065032,-0.000793010199510065,-0.001050233724527061,0.0,-0.0003473983670119196,-0.003623802214860916,0.0038358953315764666,0.0009507674258202314
3.7090656757354736,5.0,0.3033984303474426,0.0,1.6958105564117432,-3.0,-82.02816009521484,0.5,0.4665793478488922,-0.5,-0.5296512246131897,0.25,-29.234413146972656,-0.003107289944393699,-0.003344397759065032,-0.0007898039936621902,-0.001050233724527061,0.0,-0.0003473983670119196,-0.003623802214860916,0.0038358953315764666,0.0009507674258202314
3.7138142585754395,5.0,0.3033984303474426,0.0,1.6958105564117432,-3.0,-82.02816009521484,0.5,0.4665793478488922,-0.5,-0.5296512246131897,0.25,-29.234413146972656,-0.0031044739184660553,-0.003344397759065032,-0.000786629978956086,-0.001050233724527061,0.0,-0.0003473983670119196,-0.003623802214860916,0.0038358953315764666,0.0009507674258202314
3.718151330947876,5.0,0.3033984303474426,0.0,1.6958105564117432,-3.0,-82.02816009521484,0.5,0.4665793478488922,-0.5,-0.5296512246131897,0.25,-29.234413146972656,-0.00310190192832448,-0.003344397759065032,-0.0007837310232138182,-0.001050233724527061,0.0,-0.0003473983670119196,-0.003623802214860916,0.0038358953315764666,0.0009507674258202314
3.7228434085845947,5.0,0.3033984303474426,0.0,1.6958105564117432,-3.0,-82.02816009521484,0.5,0.4665793478488922,-0.5,-0.5296512246131897,0.25,-29.234413146972656,-0.0030991194113663026,-0.003344397759065032,-0.000780594777322563,-0.001050233724527061,0.0,-0.0003473983670119196,-0.003623802214860916,0.0038358953315764666,0.0009507674258202314
3.7272536754608154,5.0,0.3033984303474426,0.0,1.6958105564117432,-3.0,-82.02816009521484,0.5,0.4665793478488922,-0.5,-0.5296512246131897,0.25,-29.234413146972656,-0.0030965040150912845,-0.003344397759065032,-0.0007776468974192881,-0.001050233724527061,0.0,-0.0003473983670119196,-0.003623802214860916,0.0038358953315764666,0.0009507674258202314
3.7318291664123535,5.0,0.3033984303474426,0.0,1.6958105564117432,-3.0,-82.02816009521484,0.5,0.4665793478488922,-0.5,-0.5296512246131897,0.25,-29.234413146972656,-0.0030937906368928903,-0.003344397759065032,-0.0007745885795890509,-0.001050233724527061,0.0,-0.0003473983670119196,-0.003623802214860916,0.0038358953315764666,0.0009507674258202314
3.736562728881836,5.0,0.3033984303474426,0.0,1.6958105564117432,-3.0,-82.02816009521484,0.5,0.4665793478488922,-0.5,-0.5296512246131897,0.25,-29.234413146972656,-0.0030909835184128273,-0.003344397759065032,-0.0007714246046944886,-0.001050233724527061,0.0,-0.0003473983670119196,-0.003623802214860916,0.0038358953315764666,0.0009507674258202314
3.74123215675354,5.0,0.3033984303474426,0.0,1.6958105564117432,-3.0,-82.02816009521484,0.5,0.4665793478488922,-0.5,-0.5296512246131897,0.25,-29.234413146972656,-0.0030882144333200475,-0.003344397759065032,-0.0007683034982015899,-0.001050233724527061,0.0,-0.0003473983670119196,-0.003623802214860916,0.0038358953315764666,0.0009507674258202314
3.7458510398864746,5.0,0.3033984303474426,0.0,1.6958105564117432,-3.0,-82.02816009521484,0.5,0.4665793478488922,-0.5,-0.5296512246131897,0.25,-29.234413146972656,-0.003085475322495313,-0.003344397759065032,-0.0007652161764713419,-0.001050233724527061,0.0,-0.0003473983670119196,-0.003623802214860916,0.0038358953315764666,0.0009507674258202314
3.7504520416259766,5.0,0.3033984303474426,0.0,1.6958105564117432,-3.0,-82.02816009521484,0.5,0.4665793478488922,-0.5,-0.5296512246131897,0.25,-29.234413146972656,-0.0030827468157748395,-0.003344397759065032,-0.0007621408068976907,-0.001050233724527061,0.0,-0.0003473983670119196,-0.003623802214860916,0.0038358953315764666,0.0009507674258202314
3.755093812942505,5.0,0.3033984303474426,0.0,1.6958105564117432,-3.0,-82.02816009521484,0.5,0.4665793478488922,-0.5,-0.5296512246131897,0.25,-29.234413146972656,-0.0030799941316966514,-0.003344397759065032,-0.0007590381864069976,-0.001050233724527061,0.0,-0.0003473983670119196,-0.003623802214860916,0.0038358953315764666,0.0009507674258202314
3.7597124576568604,5.0,0.3033984303474426,0.0,1.6958105564117432,-3.0,-82.02816009521484,0.5,0.4665793478488922,-0.5,-0.5296512246131897,0.25,-29.234413146972656,-0.0030772551622599733,-0.003344397759065032,-0.0007559510240388364,-0.001050233724527061,0.0,-0.0003473983670119196,-0.003623802214860916,0.0038358953315764666,0.0009507674258202314
3.764373540878296,5.0,0.3033984303474426,0.0,1.6958105564117432,-3.0,-82.02816009521484,0.5,0.4665793478488922,-0.5,-0.5296512246131897,0.25,-29.234413146972656,-0.0030744910257491822,-0.003344397759065032,-0.0007528354952190171,-0.001050233724527061,0.0,-0.0003473983670119196,-0.003623802214860916,0.0038358953315764666,0.0009507674258202314
3.7689602375030518,5.0,0.3033984303474426,0.0,1.6958105564117432,-3.0,-82.02816009521484,0.5,0.4665793478488922,-0.5,-0.5296512246131897,0.25,-29.234413146972656,-0.003071771002312119,-0.003344397759065032,-0.0007497696873706447,-0.001050233724527061,0.0,-0.0003473983670119196,-0.003623802214860916,0.0038358953315764666,0.0009507674258202314
3.7736241817474365,5.0,0.3033984303474426,0.0,1.6958105564117432,-3.0,-82.02816009521484,0.5,0.4665793478488922,-0.5,-0.5296512246131897,0.25,-29.234413146972656,-0.0030690051691446454,-0.003344397759065032,-0.0007466522462057697,-0.001050233724527061,0.0,-0.0003473983670119196,-0.003623802214860916,0.0038358953315764666,0.0009507674258202314
3.77817702293396,5.0,0.3033984303474426,0.0,1.6958105564117432,-3.0,-82.02816009521484,0.5,0.4665793478488922,-0.5,-0.5296512246131897,0.25,-29.234413146972656,-0.00306630522281165,-0.003344397759065032,-0.000743609067773889,-0.001050233724527061,0.0,-0.0003473983670119196,-0.003623802214860916,0.0038358953315764666,0.0009507674258202314
3.7829766273498535,5.0,0.3033984303474426,0.0,1.6958105564117432,-3.0,-82.02816009521484,0.5,0.4665793478488922,-0.5,-0.5296512246131897,0.25,-29.234413146972656,-0.0030634589398398477,-0.003344397759065032,-0.0007404009495809594,-0.001050233724527061,0.0,-0.0003473983670119196,-0.003623802214860916,0.0038358953315764666,0.0009507674258202314
3.7876503467559814,5.0,0.3033984303474426,0.0,1.6958105564117432,-3.0,-82.02816009521484,0.5,0.4665793478488922,-0.5,-0.5296512246131897,0.25,-29.234413146972656,-0.003060687309762045,-0.003344397759065032,-0.0007372769745704775,-0.001050233724527061,0.0,-0.0003473983670119196,-0.003623802214860916,0.0038358953315764666,0.0009507674258202314
3.7924327850341797,5.0,0.3033984303474426,0.0,1.6958105564117432,-3.0,-82.02816009521484,0.5,0.4665793478488922,-0.5,-0.5296512246131897,0.25,-29.234413146972656,-0.0030578512067303333,-0.003344397759065032,-0.0007340803304478815,-0.001050233724527061,0.0,-0.0003473983670119196,-0.003623802214860916,0.0038358953315764666,0.0009507674258202314
3.7971575260162354,5.0,0.3033984303474426,0.0,1.6958105564117432,-3.0,-82.02816009521484,0.5,0.4665793478488922,-0.5,-0.5296512246131897,0.25,-29.234413146972656,-0.003055049319608372,-0.003344397759065032,-0.0007309222519505743,-0.001050233724527061,0.0,-0.0003473983670119196,-0.003623802214860916,0.0038358953315764666,0.0009507674258202314
3.8018598556518555,5.0,0.3033984303474426,0.0,1.6958105564117432,-3.0,-82.02816009521484,0.5,0.4665793478488922,-0.5,-0.5296512246131897,0.25,-29.234413146972656,-0.003052260722963751,-0.003344397759065032,-0.0007277791534895358,-0.001050233724527061,0.0,-0.0003473983670119196,-0.003623802214860916,0.0038358953315764666,0.0009507674258202314
3.806523561477661,5.0,0.3033984303474426,0.0,1.6958105564117432,-3.0,-82.02816009521484,0.5,0.4665793478488922,-0.5,-0.5296512246131897,0.25,-29.234413146972656,-0.0030494950311843352,-0.003337473375722766,-0.0007246618716867494,-0.0010430811671540141,0.0,-0.0003456002741586417,-0.0009644817328080535,0.0010588959557935596,0.0008906417060643435
3.8111510276794434,5.0,0.3042968809604645,0.0,1.6947948932647705,-3.0,-82.08447265625,0.5,0.4637751579284668,-0.5,-0.5323463082313538,0.25,-29.235631942749023,0.003101010852576514,-0.003337473375722766,0.005675075516910211,-0.0010430811671540141,0.0,-0.0003456002741586417,-0.0009644817328080535,0.0010588959557935596,0.0008906417060643435
3.815786123275757,5.0,0.3042968809604645,0.0,1.6947948932647705,-3.0,-82.08447265625,0.5,0.4637751579284668,-0.5,-0.5323463082313538,0.25,-29.235631942749023,-0.002720092803425984,-0.003337473375722766,-0.0003814483844694237,-0.0010430811671540141,0.0,-0.0003456002741586417,-0.0009644817328080535,0.0010588959557935596,0.0008906417060643435
3.8203377723693848,5.0,0.3741406202316284,0.0,1.61477530002594,-3.0,-86.48683166503906,0.5,0.4632525146007538,0.46621495981162964,-0.5328509211540222,0.25,-29.23575782775879,0.35,-0.0029065737035125494,0.0008328645325498519,-0.0005805492401123047,0.0,-0.00021418293181341141,-0.019780602306127548,0.020629718899726868,0.0008918553940020502
3.8249776363372803,5.0,0.3741406202316284,0.0,1.61477530002594,-3.0,-86.48683166503906,0.5,0.4632525146007538,-0.5,-0.5328509211540222,0.25,-29.23575782775879,-0.35,-0.0029065737035125494,-0.0003119758853033557,-0.0005805492401123047,0.0,-0.00021418293181341141,-0.019780602306127548,0.020629718899726868,0.0008918553940020502
3.8297059535980225,5.0,0.3741406202316284,0.0,1.61477530002594,-3.0,-86.48683166503906,0.5,0.4632525146007538,-0.5,-0.5328509211540222,0.25,-29.23575782775879,-0.0025624362388163603,-0.00013688647595699877,-0.00030850080991331325,-0.0003334283537697047,0.0,-0.00020635308464989066,-0.4154079556465149,0.0275737177580595,0.0008675943245179951
3.8344151973724365,5.0,0.37937498092651367,0.0,1.6087793111801147,-3.0,-86.81560516357422,0.5,0.4630785286426544,-0.5,-0.5328721404075623,0.25,-29.19603157043457,-0.0025117351417101833,-0.00013688647595699877,8.531120683541416e-05,-0.0003334283537697047,0.0,-0.00020635308464989066,-0.4154079556465149,0.0275737177580595,0.0008675943245179951
3.839050054550171,5.0,0.37937498092651367,0.0,1.6087793111801147,-3.0,-86.81560516357422,0.5,0.4630785286426544,-0.5,-0.5328721404075623,0.25,-29.19603157043457,-0.002553746716421926,0.0017780429916456342,-0.0002807225358280917,-0.0002305507514392957,0.0,-0.00020316670997999609,-0.5414146780967712,0.028521142899990082,0.0008515973458997905
3.8438405990600586,5.0,0.380195289850235,0.0,1.6078124046325684,-3.0,-86.86841583251953,0.5,0.46305471658706665,-0.5,-0.532836377620697,0.25,-29.18564796447754,-0.002629545032456602,0.0017780429916456342,-0.00022461896326427146,-0.0002305507514392957,0.0,-0.00020316670997999609,-0.5414146780967712,0.028521142899990082,0.0008515973458997905
3.848419666290283,5.0,0.380195289850235,0.0,1.6078124046325684,-3.0,-86.86841583251953,0.5,0.46305471658706665,-0.5,-0.532836377620697,0.25,-29.18564796447754,-0.0025518849686606013,0.0017780429916456342,-0.00027094182993340696,-0.0002305507514392957,0.0,-0.00020316670997999609,-0.5414146780967712,0.028521142899990082,0.0008515973458997905
3.8531501293182373,5.0,0.380195289850235,0.0,1.6078124046325684,-3.0,-86.86841583251953,0.5,0.46305471658706665,-0.5,-0.532836377620697,0.25,-29.18564796447754,-0.002548778343254469,0.0017780429916456342,-0.0002674464639885639,-0.0002305507514392957,0.0,-0.00020316670997999609,-0.5414146780967712,0.028521142899990082,0.0008515973458997905
3.857776403427124,5.0,0.380195289850235,0.0,1.6078124046325684,-3.0,-86.86841583251953,0.5,0.46305471658706665,-0.5,-0.532836377620697,0.25,-29.18564796447754,-0.002545740141582144,0.0017780429916456342,-0.00026402808382658925,-0.0002305507514392957,0.0,-0.00020316670997999609,-0.5414146780967712,0.028521142899990082,0.0008515973458997905
3.862476110458374,5.0,0.380195289850235,0.0,1.6078124046325684,-3.0,-86.86841583251953,0.5,0.46305471658706665,-0.5,-0.532836377620697,0.25,-29.18564796447754,-0.002542653714486448,0.0017780429916456342,-0.00026055544366204286,-0.0002305507514392957,0.0,-0.00020316670997999609,-0.5414146780967712,0.028521142899990082,0.0008515973458997905
3.867180109024048,5.0,0.38277342915534973,0.0,1.6048632860183716,-3.0,-87.02962493896484,0.5,0.4628203213214874,-0.5,-0.5314794778823853,0.25,-29.13614273071289,-0.0055870867444796435,0.005186328664422035,0.0002693592583054075,-8.165835606632754e-05,0.0,-0.000198142952285707,-0.48903459310531616,0.0158027745783329,0.0006862917798571289
3.8717315196990967,5.0,0.38277342915534973,0.0,1.6048632860183716,-3.0,-87.02962493896484,0.5,0.4628203213214874,-0.5,-0.5314794778823853,0.25,-29.13614273071289,-0.002699654574074145,0.017058057710528374,-0.00022554574896037176,0.00028288361500017345,0.0,-0.00017386958643328398,-0.136825829744339,0.0017327704699710011,0.0005510347546078265
3.8765370845794678,5.0,0.39863279461860657,0.0,1.5867480039596558,-3.0,-88.02503967285156,0.5,0.4626353979110718,-0.5,-0.5276410579681396,0.25,-29.128543853759766,-0.01114505625216568,0.017058057710528374,0.00018504719508053992,0.00028288361500017345,0.0,-0.00017386958643328398,-0.136825829744339,0.0017327704699710011,0.0005510347546078265
3.881199598312378,5.0,0.39863279461860657,0.0,1.5867480039596558,-3.0,-88.02503967285156,0.5,0.4626353979110718,-0.5,-0.5276410579681396,0.25,-29.128543853759766,-0.003155030809587686,0.017310475930571556,-0.00019627951991185548,0.00028288361500017345,0.0,-0.00017234210099559277,-0.08818625658750534,0.0001384831266477704,0.0005313261062838137
3.885941505432129,5.0,0.40367186069488525,0.0,1.5810155868530273,-3.0,-88.34251403808594,0.5,0.46254217624664307,-0.5,-0.5251992344856262,0.25,-29.127941131591797,-0.008595114251222289,0.017310475930571556,1.5050590739275896e-05,0.00028288361500017345,0.0,-0.00017234210099559277,-0.08818625658750534,0.0001384831266477704,0.0005313261062838137
3.8906819820404053,5.0,0.40367186069488525,0.0,1.5810155868530273,-3.0,-88.34251403808594,0.5,0.46254217624664307,-0.5,-0.5251992344856262,0.25,-29.127941131591797,-0.0034432706512683925,0.016761481761932373,-0.00017798913101148717,0.0002509355254005641,0.0,-0.00016766351473052055,0.0934571921825409,-0.0037209722213447094,0.0004641953855752945
3.895385265350342,5.0,0.40367186069488525,0.0,1.5810155868530273,-3.0,-88.34251403808594,0.5,0.46254217624664307,-0.5,-0.5251992344856262,0.25,-29.127941131591797,-0.0034409002684888043,0.016761481761932373,-0.00017446563586577275,0.0002509355254005641,0.0,-0.00016766351473052055,0.0934571921825409,-0.0037209722213447094,0.0004641953855752945
3.9009511470794678,5.0,0.406562477350235,0.0,1.577724575996399,-3.0,-88.5252685546875,0.5,0.4624357223510742,-0.5,-0.5226898789405823,0.25,-29.128419876098633,-0.00824795720592789,0.015728188678622246,3.37519102362599e-05,0.00022006033395882696,0.0,-0.0001654446095926687,0.20586982369422913,-0.00536415446549654,0.0004101617669221014
3.9059078693389893,5.0,0.406562477350235,0.0,1.577724575996399,-3.0,-88.5252685546875,0.5,0.4624357223510742,-0.5,-0.5226898789405823,0.25,-29.128419876098633,-0.0037372478016812352,0.015728188678622246,-0.0001537856880411267,0.00022006033395882696,0.0,-0.0001654446095926687,0.20586982369422913,-0.00536415446549654,0.0004101617669221014
3.9105262756347656,5.0,0.413398414850235,0.0,1.5699999332427979,-3.0,-88.95648193359375,0.5,0.4623468220233917,-0.5,-0.5209854245185852,0.25,-29.129344940185547,-0.007630412323393097,0.012440946884453297,5.285165781877024e-05,0.00014007091522216797,0.0,-0.00016069956473074853,0.23626665771007538,-0.00533698545768857,0.00038275434053502977
3.915393590927124,5.0,0.413398414850235,0.0,1.5699999332427979,-3.0,-88.95648193359375,0.5,0.4623468220233917,-0.5,-0.5209854245185852,0.25,-29.129344940185547,-0.003937801094433041,0.012440946884453297,-0.0001359742974553343,0.00014007091522216797,0.0,-0.00016069956473074853,0.23626665771007538,-0.00533698545768857,0.00038275434053502977
3.9206106662750244,5.0,0.4177343547344208,0.0,1.565126895904541,-3.0,-89.22911834716797,0.5,0.46225181221961975,-0.5,-0.5195042490959167,0.25,-29.130643844604492,-0.006952598533133473,0.011736925691366196,6.147873415791297e-05,0.0001251697540283203,0.0,-0.00015977685688994825,0.23964275419712067,-0.005139554850757122,0.0003762407577596605
3.925774335861206,5.0,0.4177343547344208,0.0,1.565126895904541,-3.0,-89.22911834716797,0.5,0.46225181221961975,-0.5,-0.5195042490959167,0.25,-29.130643844604492,-0.004111492772453346,0.009008308872580528,-0.00011673603482125882,7.61747287469916e-05,0.0,-0.00015582550258841366,0.215336874127388,-0.0035020478535443544,0.0003618906775955111
3.9309868812561035,5.0,0.42042967677116394,0.0,1.562109351158142,-3.0,-89.39851379394531,0.5,0.4621906280517578,-0.5,-0.5187060236930847,0.25,-29.131587982177734,-0.005736684043793874,0.009008308872580528,1.1926402977257433e-05,7.61747287469916e-05,0.0,-0.00015582550258841366,0.215336874127388,-0.0035020478535443544,0.0003618906775955111
3.935649871826172,5.0,0.42042967677116394,0.0,1.562109351158142,-3.0,-89.39851379394531,0.5,0.4621906280517578,-0.5,-0.5187060236930847,0.25,-29.131587982177734,-0.0042035851805983385,0.009008308872580528,-0.00010192617842807398,7.61747287469916e-05,0.0,-0.00015582550258841366,0.215336874127388,-0.0035020478535443544,0.0003618906775955111
3.940326690673828,5.0,0.42042967677116394,0.0,1.562109351158142,-3.0,-89.39851379394531,0.5,0.4621906280517578,-0.5,-0.5187060236930847,0.25,-29.131587982177734,-0.004201835486914888,0.009008308872580528,-9.838962676116201e-05,7.61747287469916e-05,0.0,-0.00015582550258841366,0.215336874127388,-0.0035020478535443544,0.0003618906775955111
3.945064067840576,5.0,0.42976561188697815,0.0,1.5516698360443115,-3.0,-89.98628997802734,0.5,0.46197009086608887,-0.5,-0.516575813293457,0.25,-29.135316848754883,-0.008952493136255204,0.0057128374464809895,0.00039720399445285616,3.993511199951172e-05,0.0,-0.00014880872913636267,0.13245338201522827,-0.000950272602494806,0.0003639686619862914
3.9498322010040283,5.0,0.42976561188697815,0.0,1.5516698360443115,-3.0,-89.98628997802734,0.5,0.46197009086608887,-0.5,-0.516575813293457,0.25,-29.135316848754883,-0.0044543095035803615,0.0057128374464809895,-6.469529059830934e-05,3.993511199951172e-05,0.0,-0.00014880872913636267,0.13245338201522827,-0.000950272602494806,0.0003639686619862914
3.9545791149139404,5.0,0.43160155415534973,0.0,1.5496386289596558,-3.0,-90.1011734008789,0.5,0.461926132440567,-0.5,-0.5162534117698669,0.25,-29.136093139648438,-0.005170635931404541,0.005250828340649605,3.679860688018785e-05,3.7789344787597656e-05,0.0,-0.0001473782176617533,0.11717751622200012,-0.0005985198076814413,0.00036607179208658636
3.959530830383301,5.0,0.43160155415534973,0.0,1.5496386289596558,-3.0,-90.1011734008789,0.5,0.461926132440567,-0.5,-0.5162534117698669,0.25,-29.136093139648438,-0.004489844970073079,0.004676588345319033,-5.203499292579829e-05,3.68356668332126e-05,0.0,-0.00014512565394397825,0.09403450042009354,-0.00016237744421232492,0.000369669811334461
3.964224338531494,5.0,0.4344140589237213,0.0,1.546484351158142,-3.0,-90.27909851074219,0.5,0.46185794472694397,-0.5,-0.5157878994941711,0.25,-29.137338638305664,-0.005536046029564164,0.004676588345319033,0.0001050088439448033,3.68356668332126e-05,0.0,-0.00014512565394397825,0.09403450042009354,-0.00016237744421232492,0.000369669811334461
3.9694674015045166,5.0,0.4344140589237213,0.0,1.546484351158142,-3.0,-90.27909851074219,0.5,0.46185794472694397,-0.5,-0.5157878994941711,0.25,-29.137338638305664,-0.004542568891433008,0.003578426316380501,-3.6272442392431235e-05,4.1604042053222656e-05,0.0,-0.00013856470468454063,0.051453519612550735,0.00042070503695867956,0.000377365096937865
3.9744489192962646,5.0,0.4441015422344208,0.0,1.5356543064117432,-3.0,-90.89236450195312,0.5,0.46162334084510803,-0.5,-0.5144618153572083,0.25,-29.141761779785156,-0.007362266384086829,0.003578426316380501,0.00046665210131878546,4.1604042053222656e-05,0.0,-0.00013856470468454063,0.051453519612550735,0.00042070503695867956,0.000377365096937865
3.979631185531616,5.0,0.4441015422344208,0.0,1.5356543064117432,-3.0,-90.89236450195312,0.5,0.46162334084510803,-0.5,-0.5144618153572083,0.25,-29.141761779785156,-0.004698759252509945,0.0034094620496034622,-3.189350654799264e-07,4.3153759179404005e-05,0.0,-0.00013719202252104878,0.0467567965388298,0.0004469148989301175,0.00037832080852240324
3.98476505279541,5.0,0.44843748211860657,0.0,1.5308300256729126,-3.0,-91.16574096679688,0.5,0.4615195095539093,-0.5,-0.5139643549919128,0.25,-29.14375877380371,-0.005725998521400637,0.003021134063601494,0.00021833960729517716,4.7922130761435255e-05,0.0,-0.0001336285495199263,0.040109552443027496,0.0004950810107402503,0.00037800532300025225
3.9894065856933594,5.0,0.44843748211860657,0.0,1.5308300256729126,-3.0,-91.16574096679688,0.5,0.4615195095539093,-0.5,-0.5139643549919128,0.25,-29.14375877380371,-0.004755724353184462,0.003021134063601494,1.9664063728980392e-05,4.7922130761435255e-05,0.0,-0.0001336285495199263,0.040109552443027496,0.0004950810107402503,0.00037800532300025225
3.9942033290863037,5.0,0.45136716961860657,0.0,1.527587890625,-3.0,-91.34989929199219,0.5,0.46144983172416687,-0.5,-0.5136511921882629,0.25,-29.145109176635742,-0.005444859714872867,0.0027748006395995617,0.0001769844074394429,5.114078157930635e-05,0.0,-0.00013124691031407565,0.03898296505212784,0.0004590250027831644,0.000375559349777177
3.9990615844726562,5.0,0.45136716961860657,0.0,1.527587890625,-3.0,-91.34989929199219,0.5,0.46144983172416687,-0.5,-0.5136511921882629,0.25,-29.145109176635742,-0.004790667844744178,0.0027748006395995617,3.546943985096966e-05,5.114078157930635e-05,0.0,-0.00013124691031407565,0.03898296505212784,0.0004590250027831644,0.000375559349777177
4.004256010055542,5.0,0.45136716961860657,0.0,1.527587890625,-3.0,-91.34989929199219,0.5,0.46144983172416687,-0.5,-0.5136511921882629,0.25,-29.145109176635742,-0.004789249642705386,0.0020756791345775127,3.947435945730014e-05,6.282329559326172e-05,0.0,-0.00012511898239608854,0.04439880698919296,0.0008413637988269329,0.00036345713306218386
4.008708238601685,5.0,0.458984375,0.0,1.5190917253494263,-3.0,-91.83292388916016,0.5,0.46126845479011536,-0.5,-0.5129228234291077,0.25,-29.14861488342285,-0.0065114676290770925,0.0020756791345775127,0.00047207302427544775,6.282329559326172e-05,0.0,-0.00012511898239608854,0.04439880698919296,0.0008413637988269329,0.00036345713306218386
4.013124465942383,5.0,0.458984375,0.0,1.5190917253494263,-3.0,-91.83292388916016,0.5,0.46126845479011536,-0.5,-0.5129228234291077,0.25,-29.14861488342285,-0.004874361784013729,0.001957136206328869,6.810937154594267e-05,6.496905552921817e-05,0.0,-0.0001241707504959777,0.045373622328042984,0.0008975840173661709,0.00036114759859628975
4.017825603485107,5.0,0.46238279342651367,0.0,1.515322208404541,-3.0,-92.04736328125,0.5,0.46118879318237305,-0.5,-0.5126474499702454,0.25,-29.1501407623291,-0.005491976655827212,0.001957136206328869,0.00025076967086038143,6.496905552921817e-05,0.0,-0.0001241707504959777,0.045373622328042984,0.0008975840173661709,0.00036114759859628975
4.022498846054077,5.0,0.46238279342651367,0.0,1.515322208404541,-3.0,-92.04736328125,0.5,0.46118879318237305,-0.5,-0.5126474499702454,0.25,-29.1501407623291,-0.0049050353590079105,0.0014365387614816427,8.49453845810609e-05,7.677077519474551e-05,0.0,-0.00012037132546538487,0.04978691041469574,0.0012538847513496876,0.0003491802781354636
4.0272088050842285,5.0,0.465156227350235,0.0,1.5122557878494263,-3.0,-92.22181701660156,0.5,0.4611244201660156,-0.5,-0.5124420523643494,0.25,-29.1513729095459,-0.005364603169152733,0.0014365387614816427,0.00023300645399087366,7.677077519474551e-05,0.0,-0.00012037132546538487,0.04978691041469574,0.0012538847513496876,0.0003491802781354636
4.031938314437866,5.0,0.465156227350235,0.0,1.5122557878494263,-3.0,-92.22181701660156,0.5,0.4611244201660156,-0.5,-0.5124420523643494,0.25,-29.1513729095459,-0.004927334144516976,0.0014365387614816427,0.00010000944267883789,7.677077519474551e-05,0.0,-0.00012037132546538487,0.04978691041469574,0.0012538847513496876,0.0003491802781354636
4.036638498306274,5.0,0.4740625023841858,0.0,1.5024316310882568,-3.0,-92.78170013427734,0.5,0.4609215557575226,-0.5,-0.5119304656982422,0.25,-29.15522575378418,-0.006076042724333192,0.00045709830010309815,0.0005596362052425667,0.0001022815631586127,0.0,-0.00011394269677111879,0.05072019249200821,0.0013205558061599731,0.0003243820683564991
4.041308641433716,5.0,0.4740625023841858,0.0,1.5024316310882568,-3.0,-92.78170013427734,0.5,0.4609215557575226,-0.5,-0.5119304656982422,0.25,-29.15522575378418,-0.004986488697153732,0.00045709830010309815,0.000131676727718826,0.0001022815631586127,0.0,-0.00011394269677111879,0.05072019249200821,0.0013205558061599731,0.0003243820683564991
4.046015739440918,5.0,0.4740625023841858,0.0,1.5024316310882568,-3.0,-92.78170013427734,0.5,0.4609215557575226,-0.5,-0.5119304656982422,0.25,-29.15522575378418,-0.004985365539727468,0.00045709830010309815,0.000135355649059192,0.0001022815631586127,0.0,-0.00011394269677111879,0.05072019249200821,0.0013205558061599731,0.0003243820683564991
4.0506157875061035,5.0,0.4762890636920929,0.0,1.4999511241912842,-3.0,-92.9232406616211,0.5,0.4608711898326874,-0.5,-0.5118363499641418,0.25,-29.156173706054688,-0.005200167756374262,0.00021645930246450007,0.0002544894450797051,0.00010812281834660098,0.0,-0.00011239694867981598,0.04957134649157524,0.0012524864869192243,0.00031799732823856175
4.055314302444458,5.0,0.4762890636920929,0.0,1.4999511241912842,-3.0,-92.9232406616211,0.5,0.4608711898326874,-0.5,-0.5118363499641418,0.25,-29.156173706054688,-0.004994458206902038,0.00021645930246450007,0.00014867639417130273,0.00010812281834660098,0.0,-0.00011239694867981598,0.04957134649157524,0.0012524864869192243,0.00031799732823856175
4.060137033462524,5.0,0.48191404342651367,0.0,1.4937011003494263,-3.0,-93.27908325195312,0.5,0.4607461094856262,-0.5,-0.5116545557975769,0.25,-29.158510208129883,-0.005392102109912828,-0.00036005934816785157,0.0004268280983113176,0.00012683868408203125,0.0,-0.00010866062802961096,0.046101298183202744,0.0015090169617906213,0.0003024679026566446
4.065125226974487,5.0,0.48191404342651367,0.0,1.4937011003494263,-3.0,-93.27908325195312,0.5,0.4607461094856262,-0.5,-0.5116545557975769,0.25,-29.158510208129883,-0.00501398666754261,-0.00036005934816785157,0.0001713883749655731,0.00012683868408203125,0.0,-0.00010866062802961096,0.046101298183202744,0.0015090169617906213,0.0003024679026566446
4.069883584976196,5.0,0.48960936069488525,0.0,1.4851561784744263,-3.0,-93.76583862304688,0.5,0.46057936549186707,-0.5,-0.5115340948104858,0.25,-29.161590576171875,-0.005280500947867593,-0.00036005934816785157,0.0005455725931667022,0.00012683868408203125,0.0,-0.00010866062802961096,0.046101298183202744,0.0015090169617906213,0.0003024679026566446
4.074678182601929,5.0,0.48960936069488525,0.0,1.4851561784744263,-3.0,-93.76583862304688,0.5,0.46057936549186707,-0.5,-0.5115340948104858,0.25,-29.161590576171875,-0.005026238292074993,-0.0010519485222175717,0.00019892932566190763,0.00015342234109994024,0.0,-0.00010384083725512028,0.03917906433343887,0.0017166915349662304,0.00028412591200321913
4.079462289810181,5.0,0.48960936069488525,0.0,1.4851561784744263,-3.0,-93.76583862304688,0.5,0.46057936549186707,-0.5,-0.5115340948104858,0.25,-29.161590576171875,-0.005025134685152523,-0.0010519485222175717,0.00020270117649599188,0.00015342234109994024,0.0,-0.00010384083725512028,0.03917906433343887,0.0017166915349662304,0.00028412591200321913
4.084117889404297,5.0,0.49312499165534973,0.0,1.4812499284744263,-3.0,-93.98819732666016,0.5,0.46050506830215454,-0.5,-0.5115242004394531,0.25,-29.16295051574707,-0.005046501592989787,-0.0013315804535523057,0.00037488101709273053,0.0001672506332397461,0.0,-0.00010173309419769794,0.03601047024130821,0.0018941970774903893,0.00027716110344044864
4.0888025760650635,5.0,0.49312499165534973,0.0,1.4812499284744263,-3.0,-93.98819732666016,0.5,0.46050506830215454,-0.5,-0.5115242004394531,0.25,-29.16295051574707,-0.005024169223057186,-0.0013315804535523057,0.00021899471861499317,0.0001672506332397461,0.0,-0.00010173309419769794,0.03601047024130821,0.0018941970774903893,0.00027716110344044864
4.0934367179870605,5.0,0.4958593547344208,0.0,1.4781932830810547,-3.0,-94.16238403320312,0.5,0.46044763922691345,-0.5,-0.5115312933921814,0.25,-29.163997650146484,-0.00500694345576951,-0.0015307848807424307,0.00035347805009688905,0.0001784562919056043,0.0,-0.00010012429993366823,0.033348534256219864,0.0018441809806972742,0.0002720167103689164
4.098038911819458,5.0,0.4958593547344208,0.0,1.4781932830810547,-3.0,-94.16238403320312,0.5,0.46044763922691345,-0.5,-0.5115312933921814,0.25,-29.163997650146484,-0.0050211879307807405,-0.0019973707385361195,0.0002331925853235068,0.0002028942108154297,0.0,-9.592364949639887e-05,0.027088841423392296,0.0013286089524626732,0.0002602499444037676
4.102949619293213,5.0,0.5032421946525574,0.0,1.469970703125,-3.0,-94.63134765625,0.5,0.46029677987098694,-0.5,-0.5116162896156311,0.25,-29.16673469543457,-0.00483676404120599,-0.0019973707385361195,0.0005624000587882796,0.0002028942108154297,0.0,-9.592364949639887e-05,0.027088841423392296,0.0013286089524626732,0.0002602499444037676
4.107744455337524,5.0,0.5032421946525574,0.0,1.469970703125,-3.0,-94.63134765625,0.5,0.46029677987098694,-0.5,-0.5116162896156311,0.25,-29.16673469543457,-0.005008733535879117,-0.002051698975265026,0.0002590025346500789,0.00020563600992318243,0.0,-9.539929305901751e-05,0.026475008577108383,0.0012774912174791098,0.0002589562500361353
4.112537145614624,5.0,0.5032421946525574,0.0,1.469970703125,-3.0,-94.63134765625,0.5,0.46029677987098694,-0.5,-0.5116162896156311,0.25,-29.16673469543457,-0.00500762007031318,-0.002051698975265026,0.0002628082393917163,0.00020563600992318243,0.0,-9.539929305901751e-05,0.026475008577108383,0.0012774912174791098,0.0002589562500361353
4.117430210113525,5.0,0.5069921612739563,0.0,1.4658105373382568,-3.0,-94.86882781982422,0.5,0.4602220952510834,-0.5,-0.5116912126541138,0.25,-29.168073654174805,-0.004844364299784568,-0.002051698975265026,0.0004282967414123304,0.00020563600992318243,0.0,-9.539929305901751e-05,0.026475008577108383,0.0012774912174791098,0.0002589562500361353
4.121833324432373,5.0,0.5069921612739563,0.0,1.4658105373382568,-3.0,-94.86882781982422,0.5,0.4602220952510834,-0.5,-0.5116912126541138,0.25,-29.168073654174805,-0.004996455633626681,-0.00233825552277267,0.0002791660440909704,0.00021839140390511602,0.0,-9.235666948370636e-05,0.022752661257982254,0.0011181979207322001,0.0002514852676540613
4.126604795455933,5.0,0.5125781297683716,0.0,1.4596093893051147,-3.0,-95.22230529785156,0.5,0.4601123631000519,-0.5,-0.5118345022201538,0.25,-29.17000961303711,-0.004677826724134663,-0.0024682176299393177,0.0005261158722027321,0.00022530554269906133,0.0,-9.08629663172178e-05,0.021295538172125816,0.001055945991538465,0.00024785863934084773
4.131215810775757,5.0,0.5125781297683716,0.0,1.4596093893051147,-3.0,-95.22230529785156,0.5,0.4601123631000519,-0.5,-0.5118345022201538,0.25,-29.17000961303711,-0.00497704014459265,-0.0024682176299393177,0.0002998188063844222,0.00022530554269906133,0.0,-9.08629663172178e-05,0.021295538172125816,0.001055945991538465,0.00024785863934084773
4.136287689208984,5.0,0.5153515338897705,0.0,1.45654296875,-3.0,-95.39710998535156,0.5,0.4600040316581726,-0.5,-0.5120137929916382,0.25,-29.171892166137695,-0.004600806860606708,-0.002588059986010194,0.0005304680203015752,0.00023174284433480352,0.0,-8.941463602241129e-05,0.01888410933315754,0.0010836936999112368,0.00024104383192025125
4.141075134277344,5.0,0.5153515338897705,0.0,1.45654296875,-3.0,-95.39710998535156,0.5,0.4600040316581726,-0.5,-0.5120137929916382,0.25,-29.171892166137695,-0.0049531562945828115,-0.002588059986010194,0.00032070524322276063,0.00023174284433480352,0.0,-8.941463602241129e-05,0.01888410933315754,0.0010836936999112368,0.00024104383192025125
4.1456544399261475,5.0,0.5238280892372131,0.0,1.447109341621399,-3.0,-95.93468475341797,0.5,0.459896981716156,-0.5,-0.512227475643158,0.25,-29.173715591430664,-0.004459767758770951,-0.0028581039514392614,0.0005709930542358501,0.0002471208281349391,0.0,-8.593287202529609e-05,0.017712455242872238,0.0010094569297507405,0.00023662320745643228
4.150243520736694,5.0,0.5238280892372131,0.0,1.447109341621399,-3.0,-95.93468475341797,0.5,0.459896981716156,-0.5,-0.512227475643158,0.25,-29.173715591430664,-0.0049252722519580626,-0.0028581039514392614,0.00034090483566100605,0.0002471208281349391,0.0,-8.593287202529609e-05,0.017712455242872238,0.0010094569297507405,0.00023662320745643228
4.155288219451904,5.0,0.5238280892372131,0.0,1.447109341621399,-3.0,-95.93468475341797,0.5,0.459896981716156,-0.5,-0.512227475643158,0.25,-29.173715591430664,-0.004924038573344717,-0.0030162963084876537,0.000344950988557257,0.00025725364685058594,0.0,-8.375521429115906e-05,0.01641623117029667,0.001039090915583074,0.0002314039011253044
4.1599767208099365,5.0,0.5264843702316284,0.0,1.4441405534744263,-3.0,-96.10400390625,0.5,0.4598468542098999,-0.5,-0.5123383402824402,0.25,-29.174560546875,-0.004673117133117532,-0.0030162963084876537,0.000461647291204764,0.00025725364685058594,0.0,-8.375521429115906e-05,0.01641623117029667,0.001039090915583074,0.0002314039011253044
4.1647937297821045,5.0,0.5264843702316284,0.0,1.4441405534744263,-3.0,-96.10400390625,0.5,0.4598468542098999,-0.5,-0.5123383402824402,0.25,-29.174560546875,-0.004908389172210604,-0.003108974313363433,0.0003585998121499465,0.0002641677565407008,0.0,-8.239643648266792e-05,0.015325574204325676,0.0012157801538705826,0.00022809271467849612
4.169503688812256,5.0,0.5339453220367432,0.0,1.4357812404632568,-3.0,-96.580078125,0.5,0.4597083032131195,-0.5,-0.512682318687439,0.25,-29.176862716674805,-0.004135595661971516,-0.003108974313363433,0.0006731874105014883,0.0002641677565407008,0.0,-8.239643648266792e-05,0.015325574204325676,0.0012157801538705826,0.00022809271467849612
4.174230098724365,5.0,0.5339453220367432,0.0,1.4357812404632568,-3.0,-96.580078125,0.5,0.4597083032131195,-0.5,-0.512682318687439,0.25,-29.176862716674805,-0.004864718262847191,-0.003283677389845252,0.00038283007808740787,0.0002795457548927516,0.0,-7.972650200827047e-05,0.013914019800722599,0.001263679121620953,0.00022127688862383366
4.17880916595459,5.0,0.5376171469688416,0.0,1.4317187070846558,-3.0,-96.8115234375,0.5,0.4596424102783203,-0.5,-0.5128651857376099,0.25,-29.177940368652344,-0.004442241637391714,-0.0033635725267231464,0.000538333576237631,0.00028717517852783203,0.0,-7.843987987143919e-05,0.013314036652445793,0.0012264904798939824,0.00021780469978693873
4.183530569076538,5.0,0.5376171469688416,0.0,1.4317187070846558,-3.0,-96.8115234375,0.5,0.4596424102783203,-0.5,-0.5128651857376099,0.25,-29.177940368652344,-0.004840381171256127,-0.0033635725267231464,0.00039824412159714453,0.00028717517852783203,0.0,-7.843987987143919e-05,0.013314036652445793,0.0012264904798939824,0.00021780469978693873
4.188221216201782,5.0,0.5432031154632568,0.0,1.4254980087280273,-3.0,-97.16526794433594,0.5,0.459543377161026,-0.5,-0.5131612420082092,0.25,-29.17954444885254,-0.004172456767758565,-0.0035041868686676025,0.0006250523515925259,0.00030517575214616954,0.0,-7.592557085445151e-05,0.011019202880561352,0.0015894229291006923,0.00021081803424749523
4.192963123321533,5.0,0.5432031154632568,0.0,1.4254980087280273,-3.0,-97.16526794433594,0.5,0.459543377161026,-0.5,-0.5131612420082092,0.25,-29.17954444885254,-0.004802371536200723,-0.0035041868686676025,0.00041776028146242074,0.00030517575214616954,0.0,-7.592557085445151e-05,0.011019202880561352,0.0015894229291006923,0.00021081803424749523
4.197622776031494,5.0,0.5432031154632568,0.0,1.4254980087280273,-3.0,-97.16526794433594,0.5,0.459543377161026,-0.5,-0.5131612420082092,0.25,-29.17954444885254,-0.0048011449998609235,-0.0035041868686676025,0.00042153055770737056,0.00030517575214616954,0.0,-7.592557085445151e-05,0.011019202880561352,0.0015894229291006923,0.00021081803424749523
4.202260971069336,5.0,0.5459765791893005,0.0,1.4223828315734863,-3.0,-97.34208679199219,0.5,0.4594545364379883,-0.5,-0.5134500861167908,0.25,-29.180973052978516,-0.004142484919206256,-0.0035041868686676025,0.0006274941851079945,0.00030517575214616954,0.0,-7.592557085445151e-05,0.011019202880561352,0.0015894229291006923,0.00021081803424749523
4.206881523132324,5.0,0.5459765791893005,0.0,1.4223828315734863,-3.0,-97.34208679199219,0.5,0.4594545364379883,-0.5,-0.5134500861167908,0.25,-29.180973052978516,-0.0047639930879143436,-0.0036826191935688257,0.000439699448336028,0.0003340244002174586,0.0,-7.231855852296576e-05,0.009364968165755272,0.0014932781923562288,0.00020040028903167695
4.211368560791016,5.0,0.5515234470367432,0.0,1.4161717891693115,-3.0,-97.69571685791016,0.5,0.4593999683856964,-0.5,-0.5136390328407288,0.25,-29.18185043334961,-0.00476278606705597,-0.0036826191935688257,0.00044333802877386495,0.0003340244002174586,0.0,-7.231855852296576e-05,0.009364968165755272,0.0014932781923562288,0.00020040028903167695
4.215930938720703,5.0,0.5515234470367432,0.0,1.4161717891693115,-3.0,-97.69571685791016,0.5,0.4593999683856964,-0.5,-0.5136390328407288,0.25,-29.18185043334961,-0.004324727045447489,-0.003735349513590336,0.0005731952593476411,0.0003434419340919703,0.0,-7.113458559615538e-05,0.008454475551843643,0.0015460134018212557,0.00019674916984513402
4.220672845840454,5.0,0.5570703148841858,0.0,1.409951090812683,-3.0,-98.04876708984375,0.5,0.4593077003955841,-0.5,-0.5139752626419067,0.25,-29.183317184448242,-0.004737574431196435,-0.003735349513590336,0.0004574412803920033,0.0003434419340919703,0.0,-7.113458559615538e-05,0.008454475551843643,0.0015460134018212557,0.00019674916984513402
4.225289583206177,5.0,0.5570703148841858,0.0,1.409951090812683,-3.0,-98.04876708984375,0.5,0.4593077003955841,-0.5,-0.5139752626419067,0.25,-29.183317184448242,-0.003967652007347856,-0.003735349513590336,0.0006721261541835904,0.0003434419340919703,0.0,-7.113458559615538e-05,0.008454475551843643,0.0015460134018212557,0.00019674916984513402
4.229776382446289,5.0,0.5570703148841858,0.0,1.409951090812683,-3.0,-98.04876708984375,0.5,0.4593077003955841,-0.5,-0.5139752626419067,0.25,-29.183317184448242,-0.0046946823687543425,-0.0037822211161255836,0.00047592231598596844,0.00035214421222917736,0.0,-7.002621714491397e-05,0.00798412598669529,0.0014866768615320325,0.0001934656611410901
4.234628915786743,5.0,0.5647656321525574,0.0,1.4012987613677979,-3.0,-98.5399169921875,0.5,0.45918360352516174,-0.5,-0.5144636034965515,0.25,-29.185272216796875,-0.003628315065459463,-0.003889812622219324,0.0007505114540288066,0.00037872791290283203,0.0,-6.697354547213763e-05,0.00541803939267993,0.0017113330541178584,0.00018460773571860045
4.239153861999512,5.0,0.5647656321525574,0.0,1.4012987613677979,-3.0,-98.5399169921875,0.5,0.45918360352516174,-0.5,-0.5144636034965515,0.25,-29.185272216796875,-0.004633368823275873,-0.003889812622219324,0.0004984690389042319,0.00037872791290283203,0.0,-6.697354547213763e-05,0.00541803939267993,0.0017113330541178584,0.00018460773571860045
4.243929862976074,5.0,0.5682030916213989,0.0,1.3974707126617432,-3.0,-98.75702667236328,0.5,0.45913055539131165,-0.5,-0.5146855711936951,0.25,-29.186105728149414,-0.004140573543795039,-0.003921237774193287,0.0006198109494585451,0.0003931522078346461,0.0,-6.567665695911273e-05,0.003844035789370537,0.0019429605454206467,0.00018099627050105482
4.248581886291504,5.0,0.5682030916213989,0.0,1.3974707126617432,-3.0,-98.75702667236328,0.5,0.45913055539131165,-0.5,-0.5146855711936951,0.25,-29.186105728149414,-0.004603963581179527,-0.003921237774193287,0.0005125411772976627,0.0003931522078346461,0.0,-6.567665695911273e-05,0.003844035789370537,0.0019429605454206467,0.00018099627050105482
4.2529826164245605,5.0,0.5682030916213989,0.0,1.3974707126617432,-3.0,-98.75702667236328,0.5,0.45913055539131165,-0.5,-0.5146855711936951,0.25,-29.186105728149414,-0.004602671036466064,-0.003940945956856012,0.0005161382852258778,0.00040483471821062267,0.0,-6.464785110438243e-05,0.0032539223320782185,0.001953916857019067,0.0001779980375431478
4.257767915725708,5.0,0.5737890601158142,0.0,1.391210913658142,-3.0,-99.1119155883789,0.5,0.45904624462127686,-0.5,-0.5150526165962219,0.25,-29.187435150146484,-0.003790157908690826,-0.003940945956856012,0.0007063621331920376,0.00040483471821062267,0.0,-6.464785110438243e-05,0.0032539223320782185,0.001953916857019067,0.0001779980375431478
4.262455224990845,5.0,0.5737890601158142,0.0,1.391210913658142,-3.0,-99.1119155883789,0.5,0.45904624462127686,-0.5,-0.5150526165962219,0.25,-29.187435150146484,-0.004555773837264553,-0.003940945956856012,0.0005340143555104928,0.00040483471821062267,0.0,-6.464785110438243e-05,0.0032539223320782185,0.001953916857019067,0.0001779980375431478
4.267266750335693,5.0,0.5765624642372131,0.0,1.3881053924560547,-3.0,-99.2879867553711,0.5,0.4590056538581848,-0.5,-0.5152363181114197,0.25,-29.188079833984375,-0.004150468699380596,-0.0039569237269461155,0.0006271916819607359,0.00041711327503435314,0.0,-6.362490967148915e-05,0.002651505172252655,0.001966868992894888,0.00017496111104264855
4.271953582763672,5.0,0.5765624642372131,0.0,1.3881053924560547,-3.0,-99.2879867553711,0.5,0.4590056538581848,-0.5,-0.5152363181114197,0.25,-29.188079833984375,-0.004530835255429565,-0.004004329442977905,0.0005466728264078994,0.00044620034168474376,0.0,-6.08416557952296e-05,0.003022406715899706,0.0015516448765993118,0.00016719150880817324
4.276825666427612,5.0,0.5765624642372131,0.0,1.3881053924560547,-3.0,-99.2879867553711,0.5,0.4590056538581848,-0.5,-0.5152363181114197,0.25,-29.188079833984375,-0.0045293506030981805,-0.004004329442977905,0.0005506673840909287,0.00044620034168474376,0.0,-6.08416557952296e-05,0.003022406715899706,0.0015516448765993118,0.00016719150880817324
4.282007455825806,5.0,0.5826171636581421,0.0,1.3813281059265137,-3.0,-99.67191314697266,0.5,0.45891982316970825,-0.5,-0.5156404972076416,0.25,-29.189443588256836,-0.0036992291165164606,-0.004027232062071562,0.0007308635340290523,0.00045645234058611095,0.0,-5.969361518509686e-05,0.003179508028551936,0.0013918877812102437,0.00016429975221399218
4.286653995513916,5.0,0.5826171636581421,0.0,1.3813281059265137,-3.0,-99.67191314697266,0.5,0.45891982316970825,-0.5,-0.5156404972076416,0.25,-29.189443588256836,-0.004477774712478947,-0.004027232062071562,0.0005690420566443486,0.00045645234058611095,0.0,-5.969361518509686e-05,0.003179508028551936,0.0013918877812102437,0.00016429975221399218
4.2914533615112305,5.0,0.5877343416213989,0.0,1.375585913658142,-3.0,-99.9969711303711,0.5,0.4588494300842285,-0.5,-0.5159868597984314,0.25,-29.190555572509766,-0.0037129926121064957,-0.004048004746437073,0.000728110794198946,0.00046396252582781017,0.0,-5.87507092859596e-05,0.0034211494494229555,0.0012394682271406054,0.0001617271627765149
4.296183109283447,5.0,0.5877343416213989,0.0,1.375585913658142,-3.0,-99.9969711303711,0.5,0.4588494300842285,-0.5,-0.5159868597984314,0.25,-29.190555572509766,-0.004433164389467436,-0.004048004746437073,0.0005853317961500857,0.00046396252582781017,0.0,-5.87507092859596e-05,0.0034211494494229555,0.0012394682271406054,0.0001617271627765149
4.300950288772583,5.0,0.5905859470367432,0.0,1.3723632097244263,-3.0,-100.17938995361328,0.5,0.45877552032470703,-0.5,-0.5163650512695312,0.25,-29.19171714782715,-0.0035928977793677304,-0.004066114779561758,0.0007531702168617532,0.00047183033893816173,0.0,-5.778809645562433e-05,0.0022151314187794924,0.0013224101858213544,0.00015668659762013704
4.305774688720703,5.0,0.5905859470367432,0.0,1.3723632097244263,-3.0,-100.17938995361328,0.5,0.45877552032470703,-0.5,-0.5163650512695312,0.25,-29.19171714782715,-0.004384642079150524,-0.004066114779561758,0.0006021091247239664,0.00047183033893816173,0.0,-5.778809645562433e-05,0.0022151314187794924,0.0013224101858213544,0.00015668659762013704
4.310790300369263,5.0,0.5971093773841858,0.0,1.365029215812683,-3.0,-100.59357452392578,0.5,0.45872506499290466,-0.5,-0.5166323781013489,0.25,-29.192506790161133,-0.003817904933645627,-0.0040900819003582,0.0007129007133882568,0.0004917382611893117,0.0,-5.5666670959908515e-05,0.0011763159418478608,0.0014396756887435913,0.0001534823386464268
4.315313816070557,5.0,0.5971093773841858,0.0,1.365029215812683,-3.0,-100.59357452392578,0.5,0.45872506499290466,-0.5,-0.5166323781013489,0.25,-29.192506790161133,-0.0043493896918756145,-0.0040900819003582,0.0006160383017680422,0.0004917382611893117,0.0,-5.5666670959908515e-05,0.0011763159418478608,0.0014396756887435913,0.0001534823386464268
4.320023536682129,5.0,0.6016796827316284,0.0,1.3598926067352295,-3.0,-100.88352966308594,0.5,0.4586670994758606,-0.5,-0.5169484615325928,0.25,-29.19341278076172,-0.0036387333320118272,-0.0040927454829216,0.000749963831053345,0.0004974603652954102,0.0,-5.509889160748571e-05,0.000668162654619664,0.001501602353528142,0.00015193366562016308
4.324655532836914,5.0,0.6016796827316284,0.0,1.3598926067352295,-3.0,-100.88352966308594,0.5,0.4586670994758606,-0.5,-0.5169484615325928,0.25,-29.19341278076172,-0.004308293125581087,-0.004094875883311033,0.000630716568809901,0.0005155801773071289,0.0,-5.3382140322355554e-05,-3.2574778742855415e-05,0.0015256687765941024,0.00014718674356117845
4.329366445541382,5.0,0.6016796827316284,0.0,1.3598926067352295,-3.0,-100.88352966308594,0.5,0.4586670994758606,-0.5,-0.5169484615325928,0.25,-29.19341278076172,-0.004306696271125987,-0.004094875883311033,0.0006346108825337343,0.0005155801773071289,0.0,-5.3382140322355554e-05,-3.2574778742855415e-05,0.0015256687765941024,0.00014718674356117845
4.333994388580322,5.0,0.6044530868530273,0.0,1.3567675352096558,-3.0,-101.05976104736328,0.5,0.45863261818885803,-0.5,-0.5171407461166382,0.25,-29.193952560424805,-0.0038665495285045374,-0.004094875883311033,0.0007170842777000009,0.0005155801773071289,0.0,-5.3382140322355554e-05,-3.2574778742855415e-05,0.0015256687765941024,0.00014718674356117845
4.338994264602661,5.0,0.6044530868530273,0.0,1.3567675352096558,-3.0,-101.05976104736328,0.5,0.45863261818885803,-0.5,-0.5171407461166382,0.25,-29.193952560424805,-0.00428032156099681,-0.004094875883311033,0.0006467141903163725,0.0005155801773071289,0.0,-5.3382140322355554e-05,-3.2574778742855415e-05,0.0015256687765941024,0.00014718674356117845
4.343434572219849,5.0,0.6138671636581421,0.0,1.3460644483566284,-3.0,-101.66302490234375,0.5,0.45851925015449524,-0.5,-0.5177982449531555,0.25,-29.19572639465332,-0.002719090462632073,-0.0041007352992892265,0.0009193178218795053,0.0005439519300125539,0.0,-5.05577954754699e-05,0.0005471035838127136,0.0012663304805755615,0.00013967286213301122
4.347987174987793,5.0,0.6138671636581421,0.0,1.3460644483566284,-3.0,-101.66302490234375,0.5,0.45851925015449524,-0.5,-0.5177982449531555,0.25,-29.19572639465332,-0.004198220540177204,-0.0041007352992892265,0.0006677790077612824,0.0005439519300125539,0.0,-5.05577954754699e-05,0.0005471035838127136,0.0012663304805755615,0.00013967286213301122
4.352783441543579,5.0,0.6182421445846558,0.0,1.341103434562683,-3.0,-101.94253540039062,0.5,0.4584689140319824,-0.5,-0.5181031823158264,0.25,-29.19651222229004,-0.0035241108198943772,-0.004102333448827267,0.0007827517766126832,0.0005480051040649414,0.0,-5.009322558180429e-05,0.0005428290460258722,0.0012434609234333038,0.00013852992560714483
4.357548475265503,5.0,0.6182421445846558,0.0,1.341103434562683,-3.0,-101.94253540039062,0.5,0.4584689140319824,-0.5,-0.5181031823158264,0.25,-29.19651222229004,-0.0041581662574146205,-0.004102333448827267,0.0006817611661388123,0.0005480051040649414,0.0,-5.009322558180429e-05,0.0005428290460258722,0.0012434609234333038,0.00013852992560714483
4.3623926639556885,5.0,0.6182421445846558,0.0,1.341103434562683,-3.0,-101.94253540039062,0.5,0.4584689140319824,-0.5,-0.5181031823158264,0.25,-29.19651222229004,-0.0041564123527940075,-0.004098605364561081,0.0006857848544775599,0.0005567073822021484,0.0,-4.929770148009993e-05,-0.0006267179851420224,0.001402324065566063,0.00013635233335662633
4.36697793006897,5.0,0.6210156083106995,0.0,1.3379491567611694,-3.0,-102.1200180053711,0.5,0.45840999484062195,-0.5,-0.5184707045555115,0.25,-29.19743537902832,-0.003309087119955003,-0.004098605364561081,0.0008251659584733086,0.0005567073822021484,0.0,-4.929770148009993e-05,-0.0006267179851420224,0.001402324065566063,0.00013635233335662633
4.372060775756836,5.0,0.6210156083106995,0.0,1.3379491567611694,-3.0,-102.1200180053711,0.5,0.45840999484062195,-0.5,-0.5184707045555115,0.25,-29.19743537902832,-0.004108738147298027,-0.004082093480974436,0.0007008970938346395,0.0005805492401123047,0.0,-4.713504313258454e-05,-0.0009446486947126687,0.001357274828478694,0.00013058647164143622
4.376590013504028,5.0,0.6270703077316284,0.0,1.3310644626617432,-3.0,-102.50740051269531,0.5,0.458371639251709,-0.5,-0.5187166929244995,0.25,-29.19803810119629,-0.0035344120256506437,-0.004082093480974436,0.0007939550832176919,0.0005805492401123047,0.0,-4.713504313258454e-05,-0.0009446486947126687,0.001357274828478694,0.00013058647164143622
4.381126642227173,5.0,0.6270703077316284,0.0,1.3310644626617432,-3.0,-102.50740051269531,0.5,0.458371639251709,-0.5,-0.5187166929244995,0.25,-29.19803810119629,-0.004075825882243067,-0.004074103198945522,0.0007130477077026557,0.0005900859250687063,0.0,-4.624462962965481e-05,-0.0011770573910325766,0.0013551554875448346,0.00012815660738851875
4.385976552963257,5.0,0.6321093440055847,0.0,1.3253612518310547,-3.0,-102.82821655273438,0.5,0.4583189785480499,-0.5,-0.5190629363059998,0.25,-29.19886589050293,-0.0033185105866984834,-0.0040671792812645435,0.000831990745662978,0.0005981922149658203,0.0,-4.5514298108173534e-05,-0.0011042635887861252,0.001310340128839016,0.0001260717835975811
4.390897035598755,5.0,0.6321093440055847,0.0,1.3253612518310547,-3.0,-102.82821655273438,0.5,0.4583189785480499,-0.5,-0.5190629363059998,0.25,-29.19886589050293,-0.004030551628732497,-0.0040671792812645435,0.0007275117916560412,0.0005981922149658203,0.0,-4.5514298108173534e-05,-0.0011042635887861252,0.001310340128839016,0.0001260717835975811
4.395603895187378,5.0,0.6321093440055847,0.0,1.3253612518310547,-3.0,-102.82821655273438,0.5,0.4583189785480499,-0.5,-0.5190629363059998,0.25,-29.19886589050293,-0.004028757097441712,-0.0040671792812645435,0.0007314355259657353,0.0005981922149658203,0.0,-4.5514298108173534e-05,-0.0011042635887861252,0.001310340128839016,0.0001260717835975811
4.400297164916992,5.0,0.6348437070846558,0.0,1.322265625,-3.0,-103.00249481201172,0.5,0.45829108357429504,-0.5,-0.5192502737045288,0.25,-29.199302673339844,-0.003605307876757344,-0.00405918899923563,0.000798134065586875,0.000606059969868511,0.0,-4.480644565774128e-05,-0.0013751647202298045,0.0013207773445174098,0.00012396850797813386
4.405153036117554,5.0,0.6348437070846558,0.0,1.322265625,-3.0,-103.00249481201172,0.5,0.45829108357429504,-0.5,-0.5192502737045288,0.25,-29.199302673339844,-0.004002600138087246,-0.00405918899923563,0.0007427486092362011,0.000606059969868511,0.0,-4.480644565774128e-05,-0.0013751647202298045,0.0013207773445174098,0.00012396850797813386
4.409824371337891,5.0,0.6441015601158142,0.0,1.3117382526397705,-3.0,-103.59368896484375,0.5,0.4582005441188812,-0.5,-0.5198799967765808,0.25,-29.200735092163086,-0.002577118066967775,-0.004024568013846874,0.0009513377504452381,0.0006300210952758789,0.0,-4.2763829696923494e-05,-0.0018474387470632792,0.0013188928132876754,0.00011794506281148642
4.414390802383423,5.0,0.6441015601158142,0.0,1.3117382526397705,-3.0,-103.59368896484375,0.5,0.4582005441188812,-0.5,-0.5198799967765808,0.25,-29.200735092163086,-0.0039233604341692395,-0.004012850113213062,0.0007613360159552645,0.0006386041059158742,0.0,-4.20496980950702e-05,-0.001868914463557303,0.0012977173319086432,0.0001160854590125382
4.419066905975342,5.0,0.6459375023841858,0.0,1.3096386194229126,-3.0,-103.71138763427734,0.5,0.45818331837654114,-0.5,-0.5200042128562927,0.25,-29.20100975036621,-0.0036409435325279313,-0.004012850113213062,0.0008041516993944417,0.0006386041059158742,0.0,-4.20496980950702e-05,-0.001868914463557303,0.0012977173319086432,0.0001160854590125382
4.423442840576172,5.0,0.6459375023841858,0.0,1.3096386194229126,-3.0,-103.71138763427734,0.5,0.45818331837654114,-0.5,-0.5200042128562927,0.25,-29.20100975036621,-0.0039048329266279896,-0.003995805978775024,0.0007709736290190663,0.0006471872329711914,0.0,-4.1400086047360674e-05,-0.00283401133492589,0.0014141546562314034,0.00011426949640735984
4.428071737289429,5.0,0.6514452695846558,0.0,1.3033885955810547,-3.0,-104.06183624267578,0.5,0.4581131339073181,-0.5,-0.5205236077308655,0.25,-29.202133178710938,-0.0027185349444749578,-0.003995805978775024,0.0009348960217247801,0.0006471872329711914,0.0,-4.1400086047360674e-05,-0.00283401133492589,0.0014141546562314034,0.00011426949640735984
4.432928562164307,5.0,0.6514452695846558,0.0,1.3033885955810547,-3.0,-104.06183624267578,0.5,0.4581131339073181,-0.5,-0.5205236077308655,0.25,-29.202133178710938,-0.0038386119171008775,-0.003949467558413744,0.0007873423083249228,0.0006694793701171875,0.0,-3.970489342464134e-05,-0.002717558993026614,0.0013468145625665784,0.00010954732715617865
4.437564134597778,5.0,0.6514452695846558,0.0,1.3033885955810547,-3.0,-104.06183624267578,0.5,0.4581131339073181,-0.5,-0.5205236077308655,0.25,-29.202133178710938,-0.0038367091436962257,-0.003949467558413744,0.0007912257003605981,0.0006694793701171875,0.0,-3.970489342464134e-05,-0.002717558993026614,0.0013468145625665784,0.00010954732715617865
4.442273855209351,5.0,0.657031238079071,0.0,1.2970800399780273,-3.0,-104.41610717773438,0.5,0.45808520913124084,-0.5,-0.5207375884056091,0.25,-29.202585220336914,-0.0033547397359252585,-0.003943608608096838,0.0008578166015843152,0.0006721019744873047,0.0,-3.948749144910835e-05,-0.0027872275095432997,0.0013498684857040644,0.00010894844308495522
4.447084426879883,5.0,0.657031238079071,0.0,1.2970800399780273,-3.0,-104.41610717773438,0.5,0.45808520913124084,-0.5,-0.5207375884056091,0.25,-29.202585220336914,-0.0038070829046700392,-0.003943608608096838,0.000802557494690148,0.0006721019744873047,0.0,-3.948749144910835e-05,-0.0027872275095432997,0.0013498684857040644,0.00010894844308495522
4.451481580734253,5.0,0.657031238079071,0.0,1.2970800399780273,-3.0,-104.41610717773438,0.5,0.45808520913124084,-0.5,-0.5207375884056091,0.25,-29.202585220336914,-0.0038052591773342784,-0.003927628975361586,0.0008062436103746214,0.0006800889386795461,0.0,-3.884830584865995e-05,-0.002518029883503914,0.0012915979605168104,0.00010702797590056434
4.456610441207886,5.0,0.6626171469688416,0.0,1.2907617092132568,-3.0,-104.77056121826172,0.5,0.45803916454315186,-0.5,-0.5210993885993958,0.25,-29.203338623046875,-0.003054258607106794,-0.003927628975361586,0.0009058486605075655,0.0006800889386795461,0.0,-3.884830584865995e-05,-0.002518029883503914,0.0012915979605168104,0.00010702797590056434
4.461565256118774,5.0,0.6626171469688416,0.0,1.2907617092132568,-3.0,-104.77056121826172,0.5,0.45803916454315186,-0.5,-0.5210993885993958,0.25,-29.203338623046875,-0.00375758796637092,-0.003902063239365816,0.0008202313498175033,0.0006946325302124023,0.0,-3.766128793358803e-05,-0.0021542906761169434,0.001202970976009965,0.00010343916073907167
4.466296911239624,5.0,0.6653906106948853,0.0,1.2876074314117432,-3.0,-104.94731903076172,0.5,0.4580169916152954,-0.5,-0.5212783217430115,0.25,-29.203704833984375,-0.0033559405093204035,-0.0038903451059013605,0.0008737259118710343,0.0007020234479568899,0.0,-3.7058271118439734e-05,-0.0018912800587713718,0.0011510767508298159,0.00010167917207581922
4.471141815185547,5.0,0.6653906106948853,0.0,1.2876074314117432,-3.0,-104.94731903076172,0.5,0.4580169916152954,-0.5,-0.5212783217430115,0.25,-29.203704833984375,-0.0037320405270367587,-0.0038903451059013605,0.0008309331563522157,0.0007020234479568899,0.0,-3.7058271118439734e-05,-0.0018912800587713718,0.0011510767508298159,0.00010167917207581922
4.475823402404785,5.0,0.6748046875,0.0,1.2768750190734863,-3.0,-105.54830169677734,0.5,0.45794519782066345,-0.5,-0.521880030632019,0.25,-29.20488929748535,-0.002372519938126938,-0.0038903451059013605,0.0009968396105205684,0.0007020234479568899,0.0,-3.7058271118439734e-05,-0.0018912800587713718,0.0011510767508298159,0.00010167917207581922
4.480522871017456,5.0,0.6748046875,0.0,1.2768750190734863,-3.0,-105.54830169677734,0.5,0.45794519782066345,-0.5,-0.521880030632019,0.25,-29.20488929748535,-0.003655730304576593,-0.0038690404035151005,0.0008474387806529362,0.0007175206555984914,0.0,-3.569384352886118e-05,-0.0013444178039208055,0.0010509849525988102,9.797620441531762e-05
4.485059976577759,5.0,0.6765234470367432,0.0,1.2749121189117432,-3.0,-105.65786743164062,0.5,0.4579327404499054,-0.5,-0.5219888091087341,0.25,-29.205097198486328,-0.00340092855486442,-0.003863714402541518,0.0008802075844869752,0.0007216929807327688,0.0,-3.534477582434192e-05,-0.0013949339045211673,0.0010485285893082619,9.709306323202327e-05
4.489815711975098,5.0,0.6765234470367432,0.0,1.2749121189117432,-3.0,-105.65786743164062,0.5,0.4579327404499054,-0.5,-0.5219888091087341,0.25,-29.205097198486328,-0.003638590117252875,-0.003863714402541518,0.0008567521521943601,0.0007216929807327688,0.0,-3.534477582434192e-05,-0.0013949339045211673,0.0010485285893082619,9.709306323202327e-05
4.494373321533203,5.0,0.6792968511581421,0.0,1.2717480659484863,-3.0,-105.8348617553711,0.5,0.457912802696228,-0.5,-0.5221641659736633,0.25,-29.205429077148438,-0.0032307707560158853,-0.003848800202831626,0.0009067270994748144,0.0007286071195267141,0.0,-3.479254519334063e-05,-0.0025107909459620714,0.0011700242757797241,9.563402272760868e-05
4.499057292938232,5.0,0.6792968511581421,0.0,1.2717480659484863,-3.0,-105.8348617553711,0.5,0.457912802696228,-0.5,-0.5221641659736633,0.25,-29.205429077148438,-0.0036134506547748513,-0.003848800202831626,0.000866923727463529,0.0007286071195267141,0.0,-3.479254519334063e-05,-0.0025107909459620714,0.0011700242757797241,9.563402272760868e-05
4.503877878189087,5.0,0.6792968511581421,0.0,1.2717480659484863,-3.0,-105.8348617553711,0.5,0.457912802696228,-0.5,-0.5221641659736633,0.25,-29.205429077148438,-0.0036113137697430485,-0.003797667333856225,0.0008709814259149759,0.0007494687451981008,0.0,-3.3285879908362404e-05,-0.0030123672913759947,0.0012062749592587352,9.151159611064941e-05
4.5086510181427,5.0,0.6878905892372131,0.0,1.2619824409484863,-3.0,-106.38066101074219,0.5,0.45785459876060486,-0.5,-0.5226970911026001,0.25,-29.2064151763916,-0.002428687534914693,-0.003797667333856225,0.0010039297756006516,0.0007494687451981008,0.0,-3.3285879908362404e-05,-0.0030123672913759947,0.0012062749592587352,9.151159611064941e-05
4.513601541519165,5.0,0.6878905892372131,0.0,1.2619824409484863,-3.0,-106.38066101074219,0.5,0.45785459876060486,-0.5,-0.5226970911026001,0.25,-29.2064151763916,-0.003542948776821561,-0.0037768948823213577,0.000886162052041015,0.0007574558258056641,0.0,-3.267350984970108e-05,-0.0028783699963241816,0.0011819968931376934,8.987801265902817e-05
4.518448829650879,5.0,0.6904296875,0.0,1.2590917348861694,-3.0,-106.5423812866211,0.5,0.4578382670879364,-0.5,-0.5228526592254639,0.25,-29.206695556640625,-0.003201126665252248,-0.0037768948823213577,0.0009259016450424791,0.0007574558258056641,0.0,-3.267350984970108e-05,-0.0028783699963241816,0.0011819968931376934,8.987801265902817e-05
4.52345085144043,5.0,0.6904296875,0.0,1.2590917348861694,-3.0,-106.5423812866211,0.5,0.4578382670879364,-0.5,-0.5228526592254639,0.25,-29.206695556640625,-0.0035197789436131758,-0.003760915482416749,0.0008964271322465999,0.0007647275342606008,0.0,-3.215506876586005e-05,-0.0025878893211483955,0.0011406332487240434,8.838252688292414e-05
4.5278520584106445,5.0,0.6960155963897705,0.0,1.2527050971984863,-3.0,-106.89904022216797,0.5,0.4578036367893219,-0.5,-0.5231923460960388,0.25,-29.20730209350586,-0.0027051711325132843,-0.003760915482416749,0.00098298070694131,0.0007647275342606008,0.0,-3.215506876586005e-05,-0.0025878893211483955,0.0011406332487240434,8.838252688292414e-05
4.5330517292022705,5.0,0.6960155963897705,0.0,1.2527050971984863,-3.0,-106.89904022216797,0.5,0.4578036367893219,-0.5,-0.5231923460960388,0.25,-29.20730209350586,-0.0034745631815466136,-0.0037465349305421114,0.0009086852105839394,0.0007712841033935547,0.0,-3.1654628401156515e-05,-0.0023034268524497747,0.0011027442524209619,8.691436960361898e-05
4.5378499031066895,5.0,0.7038671970367432,0.0,1.243749976158142,-3.0,-107.39911651611328,0.5,0.4577582776546478,-0.5,-0.5236613154411316,0.25,-29.208112716674805,-0.0024386249336617776,-0.0036980656441301107,0.0010127161308322145,0.0007908343686722219,0.0,-3.0282517400337383e-05,-0.003482941770926118,0.001205112086609006,8.318066102219746e-05
4.542461156845093,5.0,0.7038671970367432,0.0,1.243749976158142,-3.0,-107.39911651611328,0.5,0.4577582776546478,-0.5,-0.5236613154411316,0.25,-29.208112716674805,-0.003413834071423935,-0.0036980656441301107,0.0009220777153431635,0.0007908343686722219,0.0,-3.0282517400337383e-05,-0.003482941770926118,0.001205112086609006,8.318066102219746e-05
4.547218322753906,5.0,0.7038671970367432,0.0,1.243749976158142,-3.0,-107.39911651611328,0.5,0.4577582776546478,-0.5,-0.5236613154411316,0.25,-29.208112716674805,-0.0034115828553604502,-0.003687945194542408,0.0009260967329725806,0.0007941722287796438,0.0,-3.0064466045587324e-05,-0.0036365326959639788,0.0012177687603980303,8.263117342721671e-05
4.551862955093384,5.0,0.7071093320846558,0.0,1.2400585412979126,-3.0,-107.60472106933594,0.5,0.457740843296051,-0.5,-0.5238507986068726,0.25,-29.20842742919922,-0.0029786677080471196,-0.003687945194542408,0.00096965099501936,0.0007941722287796438,0.0,-3.0064466045587324e-05,-0.0036365326959639788,0.0012177687603980303,8.263117342721671e-05
4.5565667152404785,5.0,0.7071093320846558,0.0,1.2400585412979126,-3.0,-107.60472106933594,0.5,0.457740843296051,-0.5,-0.5238507986068726,0.25,-29.20842742919922,-0.0033843855429416293,-0.0036495958920568228,0.0009360899596645988,0.0008069276809692383,0.0,-2.9275637643877417e-05,-0.0036954025272279978,0.0012105320347473025,8.056814840529114e-05
4.561350345611572,5.0,0.7098827958106995,0.0,1.2368847131729126,-3.0,-107.78142547607422,0.5,0.45772626996040344,-0.5,-0.5240122079849243,0.25,-29.208696365356445,-0.0030252988518441313,-0.0036495958920568228,0.0009723482098823677,0.0008069276809692383,0.0,-2.9275637643877417e-05,-0.0036954025272279978,0.0012105320347473025,8.056814840529114e-05
4.566523790359497,5.0,0.7098827958106995,0.0,1.2368847131729126,-3.0,-107.78142547607422,0.5,0.45772626996040344,-0.5,-0.5240122079849243,0.25,-29.208696365356445,-0.0033602345904018304,-0.0036495958920568228,0.0009462572140536158,0.0008069276809692383,0.0,-2.9275637643877417e-05,-0.0036954025272279978,0.0012105320347473025,8.056814840529114e-05
4.571218490600586,5.0,0.7176171541213989,0.0,1.2280371189117432,-3.0,-108.27462768554688,0.5,0.45768827199935913,-0.5,-0.524454653263092,0.25,-29.209421157836914,-0.0023624093811992165,-0.0035894084721803665,0.0010357277789478725,0.0008287429809570312,0.0,-2.786271579680033e-05,-0.002857770072296262,0.0011068069143220782,7.722626469330862e-05
4.576018333435059,5.0,0.7176171541213989,0.0,1.2280371189117432,-3.0,-108.27462768554688,0.5,0.45768827199935913,-0.5,-0.524454653263092,0.25,-29.209421157836914,-0.0033024974418456162,-0.0035894084721803665,0.000958851579861004,0.0008287429809570312,0.0,-2.786271579680033e-05,-0.002857770072296262,0.0011068069143220782,7.722626469330862e-05
4.580823659896851,5.0,0.7209765315055847,0.0,1.2241796255111694,-3.0,-108.48937225341797,0.5,0.45767292380332947,-0.5,-0.5246438980102539,0.25,-29.209726333618164,-0.0028835967599452916,-0.003575559938326478,0.0009967012370396908,0.0008341073989868164,0.0,-2.7485495593282394e-05,-0.0026067961007356644,0.0010761850280687213,7.633907080162317e-05
4.585458755493164,5.0,0.7209765315055847,0.0,1.2241796255111694,-3.0,-108.48937225341797,0.5,0.45767292380332947,-0.5,-0.5246438980102539,0.25,-29.209726333618164,-0.003275135096218719,-0.003575559938326478,0.0009686850726602072,0.0008341073989868164,0.0,-2.7485495593282394e-05,-0.0026067961007356644,0.0010761850280687213,7.633907080162317e-05
4.589966773986816,5.0,0.7209765315055847,0.0,1.2241796255111694,-3.0,-108.48937225341797,0.5,0.45767292380332947,-0.5,-0.5246438980102539,0.25,-29.209726333618164,-0.0032729131932590005,-0.003536677686497569,0.0009725012975057437,0.0008479356183670461,0.0,-2.6623483790899627e-05,-0.0032536862418055534,0.0011120060225948691,7.401926268357784e-05
4.5947041511535645,5.0,0.7265625,0.0,1.2177734375,-3.0,-108.84579467773438,0.5,0.45764875411987305,-0.5,-0.5249544978141785,0.25,-29.2102108001709,-0.0025776402012770406,-0.003536677686497569,0.001030433460332832,0.0008479356183670461,0.0,-2.6623483790899627e-05,-0.0032536862418055534,0.0011120060225948691,7.401926268357784e-05
4.5996410846710205,5.0,0.7265625,0.0,1.2177734375,-3.0,-108.84579467773438,0.5,0.45764875411987305,-0.5,-0.5249544978141785,0.25,-29.2102108001709,-0.0032308128654916003,-0.003536677686497569,0.000983596041730663,0.0008479356183670461,0.0,-2.6623483790899627e-05,-0.0032536862418055534,0.0011120060225948691,7.401926268357784e-05
4.6044762134552,5.0,0.7294140458106995,0.0,1.214501976966858,-3.0,-109.02765655517578,0.5,0.4576265513896942,-0.5,-0.5252580642700195,0.25,-29.210676193237305,-0.002564107065199059,-0.003536677686497569,0.0010362776162198845,0.0008479356183670461,0.0,-2.6623483790899627e-05,-0.0032536862418055534,0.0011120060225948691,7.401926268357784e-05
4.60916543006897,5.0,0.7294140458106995,0.0,1.214501976966858,-3.0,-109.02765655517578,0.5,0.4576265513896942,-0.5,-0.5252580642700195,0.25,-29.210676193237305,-0.003189573560226848,-0.0034621094819158316,0.0009943319565574593,0.000869274081196636,0.0,-2.5402760002180003e-05,-0.004690224304795265,0.0012039333814755082,7.030682172626257e-05
4.61378288269043,5.0,0.7358984351158142,0.0,1.2070410251617432,-3.0,-109.44245910644531,0.5,0.4576126039028168,-0.5,-0.5254606604576111,0.25,-29.210983276367188,-0.0027241489385198313,-0.0034621094819158316,0.0010301261113976885,0.000869274081196636,0.0,-2.5402760002180003e-05,-0.004690224304795265,0.0012039333814755082,7.030682172626257e-05
4.6187779903411865,5.0,0.7358984351158142,0.0,1.2070410251617432,-3.0,-109.44245910644531,0.5,0.4576126039028168,-0.5,-0.5254606604576111,0.25,-29.210983276367188,-0.003160367175051476,-0.0034328140318393707,0.0010041546829780814,0.0008763074292801321,0.0,-2.501058224879671e-05,-0.005037293303757906,0.0012248490238562226,6.911095988471061e-05
4.623500823974609,5.0,0.7358984351158142,0.0,1.2070410251617432,-3.0,-109.44245910644531,0.5,0.4576126039028168,-0.5,-0.5254606604576111,0.25,-29.210983276367188,-0.003157962245780709,-0.0034328140318393707,0.0010081584553765016,0.0008763074292801321,0.0,-2.501058224879671e-05,-0.005037293303757906,0.0012248490238562226,6.911095988471061e-05
4.628168821334839,5.0,0.740429699420929,0.0,1.2018554210662842,-3.0,-109.73097229003906,0.5,0.45759710669517517,-0.5,-0.5256977081298828,0.25,-29.211339950561523,-0.002619302893311491,-0.003401921596378088,0.0010471756876607563,0.0008835791959427297,0.0,-2.461495023453608e-05,-0.004943018313497305,0.0012127641821280122,6.784539436921477e-05
4.633028745651245,5.0,0.740429699420929,0.0,1.2018554210662842,-3.0,-109.73097229003906,0.5,0.45759710669517517,-0.5,-0.5256977081298828,0.25,-29.211339950561523,-0.00312461961010149,-0.0033220266923308372,0.001018098349218917,0.0009043216123245656,0.0,-2.3544116629636846e-05,-0.004152236506342888,0.0011376829352229834,6.452796515077353e-05
4.638056516647339,5.0,0.7483984231948853,0.0,1.1927050352096558,-3.0,-110.23863220214844,0.5,0.4575729966163635,-0.5,-0.5261017084121704,0.25,-29.21193504333496,-0.0022699773510725134,-0.0033220266923308372,0.0010732116364124225,0.0009043216123245656,0.0,-2.3544116629636846e-05,-0.004152236506342888,0.0011376829352229834,6.452796515077353e-05
4.643387794494629,5.0,0.7483984231948853,0.0,1.1927050352096558,-3.0,-110.23863220214844,0.5,0.4575729966163635,-0.5,-0.5261017084121704,0.25,-29.21193504333496,-0.00307073179878023,-0.0033119069412350655,0.001029781626682904,0.0009070634259842336,0.0,-2.3389129637507722e-05,-0.004047692753374577,0.0011265588691458106,6.410851347027346e-05
4.64831018447876,5.0,0.75160151720047,0.0,1.1890429258346558,-3.0,-110.44210815429688,0.5,0.4575645327568054,-0.5,-0.5262590050697327,0.25,-29.2121639251709,-0.0027297176342096553,-0.0033119069412350655,0.0010521695821772803,0.0009070634259842336,0.0,-2.3389129637507722e-05,-0.004047692753374577,0.0011265588691458106,6.410851347027346e-05
4.65326714515686,5.0,0.75160151720047,0.0,1.1890429258346558,-3.0,-110.44210815429688,0.5,0.4575645327568054,-0.5,-0.5262590050697327,0.25,-29.2121639251709,-0.003046667761490255,-0.0032730246894061565,0.0010391819870580995,0.0009182690992020071,0.0,-2.2778760467190295e-05,-0.0038393994327634573,0.0010914454469457269,6.250347360037267e-05
4.657970190048218,5.0,0.7570703029632568,0.0,1.1827539205551147,-3.0,-110.79124450683594,0.5,0.4575512111186981,-0.5,-0.5265244841575623,0.25,-29.21254539489746,-0.002447831931262799,-0.003251186804845929,0.0010730989149992146,0.0009245871915481985,0.0,-2.2427129806601442e-05,-0.0035763646010309458,0.0010626749135553837,6.154418952064589e-05
4.663065433502197,5.0,0.7570703029632568,0.0,1.1827539205551147,-3.0,-110.79124450683594,0.5,0.4575512111186981,-0.5,-0.5265244841575623,0.25,-29.21254539489746,-0.0030096123800709617,-0.003251186804845929,0.0010490990930983619,0.0009245871915481985,0.0,-2.2427129806601442e-05,-0.0035763646010309458,0.0010626749135553837,6.154418952064589e-05
4.667471170425415,5.0,0.7570703029632568,0.0,1.1827539205551147,-3.0,-110.79124450683594,0.5,0.4575512111186981,-0.5,-0.5265244841575623,0.25,-29.21254539489746,-0.0030072751820865162,-0.003251186804845929,0.0010528394570287663,0.0009245871915481985,0.0,-2.2427129806601442e-05,-0.0035763646010309458,0.0010626749135553837,6.154418952064589e-05
4.671961545944214,5.0,0.7646874785423279,0.0,1.173974633216858,-3.0,-111.27837371826172,0.5,0.4575355052947998,-0.5,-0.5268848538398743,0.25,-29.21305274963379,-0.002159078395160956,-0.0031899341847747564,0.0010935144244405275,0.0009423493756912649,0.0,-2.1486946934601292e-05,-0.0039056697860360146,0.0010436784941703081,5.8890931541100144e-05
4.676673173904419,5.0,0.7646874785423279,0.0,1.173974633216858,-3.0,-111.27837371826172,0.5,0.4575355052947998,-0.5,-0.5268848538398743,0.25,-29.21305274963379,-0.0029590829298377346,-0.003182477317750454,0.0010625393244567925,0.0009443758754059672,0.0,-2.1383177227107808e-05,-0.003918883856385946,0.0010411087423563004,5.860484452568926e-05
4.681159257888794,5.0,0.7655468583106995,0.0,1.1729882955551147,-3.0,-111.33319854736328,0.5,0.45753398537635803,-0.5,-0.5269245505332947,0.25,-29.213109970092773,-0.0028634150903204436,-0.003182477317750454,0.0010699199108110638,0.0009443758754059672,0.0,-2.1383177227107808e-05,-0.003918883856385946,0.0010411087423563004,5.860484452568926e-05
4.686283826828003,5.0,0.7655468583106995,0.0,1.1729882955551147,-3.0,-111.33319854736328,0.5,0.45753398537635803,-0.5,-0.5269245505332947,0.25,-29.213109970092773,-0.002949144076421305,-0.0031611716840416193,0.0010708842372217182,0.0009502171888016164,0.0,-2.1071396986371838e-05,-0.0037530444096773863,0.0010232750792056322,5.774576493422501e-05
4.690939903259277,5.0,0.7709765434265137,0.0,1.1667187213897705,-3.0,-111.68032836914062,0.5,0.4575249254703522,-0.5,-0.5271731615066528,0.25,-29.213451385498047,-0.0023828308422975753,-0.0031611716840416193,0.0010953850114005345,0.0009502171888016164,0.0,-2.1071396986371838e-05,-0.0037530444096773863,0.0010232750792056322,5.774576493422501e-05
4.695557355880737,5.0,0.7709765434265137,0.0,1.1667187213897705,-3.0,-111.68032836914062,0.5,0.4575249254703522,-0.5,-0.5271731615066528,0.25,-29.213451385498047,-0.002914270937564595,-0.0031356054823845625,0.0010798493026957763,0.0009560584439896047,0.0,-2.0741466869367287e-05,-0.004145113751292229,0.0010291116777807474,5.678421803168021e-05
4.700269937515259,5.0,0.7785937190055847,0.0,1.1579296588897705,-3.0,-112.16749572753906,0.5,0.45751503109931946,-0.5,-0.5275108218193054,0.25,-29.213905334472656,-0.0021546506148731495,-0.0031356054823845625,0.0011060365539977979,0.0009560584439896047,0.0,-2.0741466869367287e-05,-0.004145113751292229,0.0010291116777807474,5.678421803168021e-05
4.704715967178345,5.0,0.7785937190055847,0.0,1.1579296588897705,-3.0,-112.16749572753906,0.5,0.45751503109931946,-0.5,-0.5275108218193054,0.25,-29.213905334472656,-0.0028687124815758697,-0.003064765129238367,0.0010888186935427476,0.0009731053723953664,0.0,-1.9875713405781426e-05,-0.004407905973494053,0.0010211209300905466,5.430822056951001e-05
4.709493637084961,5.0,0.7785937190055847,0.0,1.1579296588897705,-3.0,-112.16749572753906,0.5,0.45751503109931946,-0.5,-0.5275108218193054,0.25,-29.213905334472656,-0.002866083729065622,-0.003064765129238367,0.001092878276690754,0.0009731053723953664,0.0,-1.9875713405781426e-05,-0.004407905973494053,0.0010211209300905466,5.430822056951001e-05
4.7141454219818115,5.0,0.782031238079071,0.0,1.153955101966858,-3.0,-112.38714599609375,0.5,0.45751166343688965,-0.5,-0.5276583433151245,0.25,-29.214101791381836,-0.00252867913715428,-0.003030677093192935,0.0011044748341484,0.0009810924530029297,0.0,-1.949612851603888e-05,-0.004595580510795116,0.0010179078672081232,5.3381161706056446e-05
4.718683958053589,5.0,0.782031238079071,0.0,1.153955101966858,-3.0,-112.38714599609375,0.5,0.45751166343688965,-0.5,-0.5276583433151245,0.25,-29.214101791381836,-0.0028432973685168007,-0.0030040456913411617,0.001101092025191092,0.0009870529174804688,0.0,-1.919039095810149e-05,-0.004341737367212772,0.0010017910972237587,5.2658317144960165e-05
4.723370552062988,5.0,0.7848437428474426,0.0,1.1507030725479126,-3.0,-112.56708526611328,0.5,0.457509309053421,-0.5,-0.5277773141860962,0.25,-29.214256286621094,-0.002572563655062718,-0.0030040456913411617,0.0011103809392554096,0.0009870529174804688,0.0,-1.919039095810149e-05,-0.004341737367212772,0.0010017910972237587,5.2658317144960165e-05
4.728060483932495,5.0,0.7848437428474426,0.0,1.1507030725479126,-3.0,-112.56708526611328,0.5,0.457509309053421,-0.5,-0.5277773141860962,0.25,-29.214256286621094,-0.0028238117698939505,-0.0029806094244122505,0.0011093428524727921,0.0009932516841217875,0.0,-1.8891427316702902e-05,-0.0038753936532884836,0.0009785658912733197,5.182221866562031e-05
4.732716798782349,5.0,0.7876562476158142,0.0,1.1474707126617432,-3.0,-112.74571990966797,0.5,0.4575074017047882,-0.5,-0.5278935432434082,0.25,-29.21440887451172,-0.002557650685201696,-0.0029806094244122505,0.0011176251747985247,0.0009932516841217875,0.0,-1.8891427316702902e-05,-0.0038753936532884836,0.0009785658912733197,5.182221866562031e-05
4.737386465072632,5.0,0.7876562476158142,0.0,1.1474707126617432,-3.0,-112.74571990966797,0.5,0.4575074017047882,-0.5,-0.5278935432434082,0.25,-29.21440887451172,-0.0028046615898521168,-0.0029332053381949663,0.00111749743771466,0.001008749008178711,0.0,-1.8108081349055283e-05,-0.0023568030446767807,0.0009202097426168621,4.979260847903788e-05
4.742302179336548,5.0,0.7876562476158142,0.0,1.1474707126617432,-3.0,-112.74571990966797,0.5,0.4575074017047882,-0.5,-0.5278935432434082,0.25,-29.21440887451172,-0.0028019192560842614,-0.0029332053381949663,0.0011216750671456726,0.001008749008178711,0.0,-1.8108081349055283e-05,-0.0023568030446767807,0.0009202097426168621,4.979260847903788e-05
4.746992588043213,5.0,0.7959765195846558,0.0,1.1378710269927979,-3.0,-113.27659606933594,0.5,0.45750412344932556,-0.5,-0.5282297730445862,0.25,-29.214839935302734,-0.002042078073816894,-0.002929477486759424,0.0011330441930289736,0.0010104178218171,0.0,-1.8026554243988357e-05,-0.0022245128639042377,0.0009147250675596297,4.957566852681339e-05
4.751819133758545,5.0,0.7959765195846558,0.0,1.1378710269927979,-3.0,-113.27659606933594,0.5,0.45750412344932556,-0.5,-0.5282297730445862,0.25,-29.214839935302734,-0.0027561984506747302,-0.002929477486759424,0.0011301570842063022,0.0010104178218171,0.0,-1.8026554243988357e-05,-0.0022245128639042377,0.0009147250675596297,4.957566852681339e-05
4.756557464599609,5.0,0.80140620470047,0.0,1.1316211223602295,-3.0,-113.6224365234375,0.5,0.4575037658214569,-0.5,-0.5284438729286194,0.25,-29.215106964111328,-0.002275964301191112,-0.0029113679192960262,0.0011349819788475106,0.0010204314021393657,0.0,-1.748314934957307e-05,-0.0013312826631590724,0.0008822999661788344,4.815787906409241e-05
4.7612409591674805,5.0,0.80140620470047,0.0,1.1316211223602295,-3.0,-113.6224365234375,0.5,0.4575037658214569,-0.5,-0.5284438729286194,0.25,-29.215106964111328,-0.0027251466004969984,-0.0029113679192960262,0.0011382078415298905,0.0010204314021393657,0.0,-1.748314934957307e-05,-0.0013312826631590724,0.0008822999661788344,4.815787906409241e-05
4.76617693901062,5.0,0.8087499737739563,0.0,1.123134732246399,-3.0,-114.09104919433594,0.5,0.4575055241584778,-0.5,-0.5287297964096069,0.25,-29.21544647216797,-0.0021087357140582323,-0.0029017801862210035,0.0011386295929522723,0.0010259150294587016,0.0,-1.7214888430316932e-05,-0.0019988410640507936,0.0008736710879020393,4.6840301365591586e-05
4.770874500274658,5.0,0.8087499737739563,0.0,1.123134732246399,-3.0,-114.09104919433594,0.5,0.4575055241584778,-0.5,-0.5287297964096069,0.25,-29.21544647216797,-0.0026853003892842366,-0.0029017801862210035,0.0011461842866843305,0.0010259150294587016,0.0,-1.7214888430316932e-05,-0.0019988410640507936,0.0008736710879020393,4.6840301365591586e-05
4.775619268417358,5.0,0.8125,0.0,1.1187890768051147,-3.0,-114.33071899414062,0.5,0.4575074017047882,-0.5,-0.5288734436035156,0.25,-29.215612411499023,-0.002362574164509885,-0.0028735508676618338,0.0011460342440773742,0.001036524772644043,0.0,-1.6677538951626047e-05,-0.0025228592567145824,0.0008685090579092503,4.604610148817301e-05
4.780366659164429,5.0,0.8125,0.0,1.1187890768051147,-3.0,-114.33071899414062,0.5,0.4575074017047882,-0.5,-0.5288734436035156,0.25,-29.215612411499023,-0.0026625812997276054,-0.0028543758671730757,0.0011540259110202266,0.0010418891906738281,0.0,-1.641821836528834e-05,-0.003175403457134962,0.0008626786875538528,4.533238825388253e-05
4.785257577896118,5.0,0.8125,0.0,1.1187890768051147,-3.0,-114.33071899414062,0.5,0.4575074017047882,-0.5,-0.5288734436035156,0.25,-29.215612411499023,-0.0026597569464042294,-0.0028543758671730757,0.0011581824679194304,0.0010418891906738281,0.0,-1.641821836528834e-05,-0.003175403457134962,0.0008626786875538528,4.533238825388253e-05
4.790034294128418,5.0,0.8152734041213989,0.0,1.115576148033142,-3.0,-114.50826263427734,0.5,0.4575091302394867,-0.5,-0.5289784669876099,0.25,-29.21573257446289,-0.0024245204662026987,-0.0028543758671730757,0.0011584157129696355,0.0010418891906738281,0.0,-1.641821836528834e-05,-0.003175403457134962,0.0008626786875538528,4.533238825388253e-05
4.795023202896118,5.0,0.8152734041213989,0.0,1.115576148033142,-3.0,-114.50826263427734,0.5,0.4575091302394867,-0.5,-0.5289784669876099,0.25,-29.21573257446289,-0.0026414942834794035,-0.0028122980147600174,0.0011662740417557127,0.0010524987010285258,0.0,-1.590480314916931e-05,-0.0035691356752067804,0.0008499033865518868,4.391921538626775e-05
4.799643278121948,5.0,0.8180859088897705,0.0,1.1123046875,-3.0,-114.68904113769531,0.5,0.4575112760066986,-0.5,-0.5290839076042175,0.25,-29.215848922729492,-0.00239793128586304,-0.0028122980147600174,0.0011652981295613614,0.0010524987010285258,0.0,-1.590480314916931e-05,-0.0035691356752067804,0.0008499033865518868,4.391921538626775e-05
4.804296493530273,5.0,0.8180859088897705,0.0,1.1123046875,-3.0,-114.68904113769531,0.5,0.4575112760066986,-0.5,-0.5290839076042175,0.25,-29.215848922729492,-0.0026234473389266664,-0.0028122980147600174,0.0011738967554155684,0.0010524987010285258,0.0,-1.590480314916931e-05,-0.0035691356752067804,0.0008499033865518868,4.391921538626775e-05
4.80890679359436,5.0,0.8277343511581421,0.0,1.1011816263198853,-3.0,-115.30322265625,0.5,0.45752131938934326,-0.5,-0.5294306874275208,0.25,-29.21622657775879,-0.0018269351436833896,-0.0027473163791000843,0.001154823677247333,0.0010700224665924907,0.0,-1.5064654689922463e-05,-0.002696133917197585,0.0008493709028698504,4.149477535975166e-05
4.813701152801514,5.0,0.8277343511581421,0.0,1.1011816263198853,-3.0,-115.30322265625,0.5,0.45752131938934326,-0.5,-0.5294306874275208,0.25,-29.21622657775879,-0.002576298048382796,-0.0027473163791000843,0.0011806814998469107,0.0010700224665924907,0.0,-1.5064654689922463e-05,-0.002696133917197585,0.0008493709028698504,4.149477535975166e-05
4.81842565536499,5.0,0.8319531083106995,0.0,1.0962694883346558,-3.0,-115.5741195678711,0.5,0.4575271010398865,-0.5,-0.5295788645744324,0.25,-29.21638298034668,-0.0022420864362191102,-0.0027393274940550327,0.0011717633823927708,0.0010726451873779297,0.0,-1.4940199434931856e-05,-0.0025273156352341175,0.0008489284664392471,4.1203704313375056e-05
4.823249340057373,5.0,0.8319531083106995,0.0,1.0962694883346558,-3.0,-115.5741195678711,0.5,0.4575271010398865,-0.5,-0.5295788645744324,0.25,-29.21638298034668,-0.0025528682999979542,-0.0027393274940550327,0.001188098485633133,0.0010726451873779297,0.0,-1.4940199434931856e-05,-0.0025273156352341175,0.0008489284664392471,4.1203704313375056e-05
4.828155040740967,5.0,0.8319531083106995,0.0,1.0962694883346558,-3.0,-115.5741195678711,0.5,0.4575271010398865,-0.5,-0.5295788645744324,0.25,-29.21638298034668,-0.0025499661988746996,-0.0027222835924476385,0.0011922656722223894,0.0010781286982819438,0.0,-1.4707553418702446e-05,-0.002826823852956295,0.0008293393766507506,4.058852937305346e-05
4.832740068435669,5.0,0.8319531083106995,0.0,1.0962694883346558,-3.0,-115.5741195678711,0.5,0.4575271010398865,-0.5,-0.5295788645744324,0.25,-29.21638298034668,-0.0025472538006096673,-0.0027222835924476385,0.0011961604605825178,0.0010781286982819438,0.0,-1.4707553418702446e-05,-0.002826823852956295,0.0008293393766507506,4.058852937305346e-05
4.837565898895264,5.0,0.8319531083106995,0.0,1.0962694883346558,-3.0,-115.5741195678711,0.5,0.4575271010398865,-0.5,-0.5295788645744324,0.25,-29.21638298034668,-0.0025443989488971967,-0.00267754215747118,0.0012002598007726977,0.0010925531387329102,0.0,-1.4059281056688633e-05,-0.0023551136255264282,0.0008244922501035035,3.8779282476752996e-05
4.841967821121216,5.0,0.8410546779632568,0.0,1.0857226848602295,-3.0,-116.1562271118164,0.5,0.45754215121269226,-0.5,-0.5298882722854614,0.25,-29.21670150756836,-0.0018017464355437932,-0.00267754215747118,0.001168001701375992,0.0010925531387329102,0.0,-1.4059281056688633e-05,-0.0023551136255264282,0.0008244922501035035,3.8779282476752996e-05
4.84663724899292,5.0,0.8410546779632568,0.0,1.0857226848602295,-3.0,-116.1562271118164,0.5,0.45754215121269226,-0.5,-0.5298882722854614,0.25,-29.21670150756836,-0.0025018474839394,-0.0026626281905919313,0.0012061567802508642,0.001097679021768272,0.0,-1.381509628117783e-05,-0.002074064686894417,0.0008260285248979926,3.818853656412102e-05
4.851477146148682,5.0,0.8457421660423279,0.0,1.080263614654541,-3.0,-116.45697021484375,0.5,0.45755133032798767,-0.5,-0.5300437808036804,0.25,-29.21685791015625,-0.002158972866848708,-0.0026626281905919313,0.0011901987130862638,0.001097679021768272,0.0,-1.381509628117783e-05,-0.002074064686894417,0.0008260285248979926,3.818853656412102e-05
4.856133937835693,5.0,0.8457421660423279,0.0,1.080263614654541,-3.0,-116.45697021484375,0.5,0.45755133032798767,-0.5,-0.5300437808036804,0.25,-29.21685791015625,-0.00247748013299406,-0.0026519757229834795,0.0012131177225687103,0.001102566602639854,0.0,-1.3602714716398623e-05,-0.001782642095349729,0.000828366435598582,3.758137609111145e-05
4.860722064971924,5.0,0.8484765291213989,0.0,1.0770800113677979,-3.0,-116.6325912475586,0.5,0.45755714178085327,-0.5,-0.5301336050033569,0.25,-29.216941833496094,-0.0022681607862272447,-0.0026519757229834795,0.001203648727220017,0.001102566602639854,0.0,-1.3602714716398623e-05,-0.001782642095349729,0.000828366435598582,3.758137609111145e-05
4.8654046058654785,5.0,0.8484765291213989,0.0,1.0770800113677979,-3.0,-116.6325912475586,0.5,0.45755714178085327,-0.5,-0.5301336050033569,0.25,-29.216941833496094,-0.002461114056062342,-0.0026391923893243074,0.001220289821200537,0.001107454183511436,0.0,-1.339250047749374e-05,-0.00214029336348176,0.0007989509613253176,3.7084850191604346e-05
4.870150327682495,5.0,0.8561718463897705,0.0,1.068203091621399,-3.0,-117.12181091308594,0.5,0.45757490396499634,-0.5,-0.5303785800933838,0.25,-29.217166900634766,-0.0019126317201460298,-0.0025949839036911726,0.0011847573312158857,0.0011200904846191406,0.0,-1.2822367352782749e-05,-0.0028149858117103577,0.0007403834606520832,3.549236134858802e-05
4.8749306201934814,5.0,0.8561718463897705,0.0,1.068203091621399,-3.0,-117.12181091308594,0.5,0.45757490396499634,-0.5,-0.5303785800933838,0.25,-29.217166900634766,-0.0024259293094744407,-0.0025949839036911726,0.0012262412005572963,0.0011200904846191406,0.0,-1.2822367352782749e-05,-0.0028149858117103577,0.0007403834606520832,3.549236134858802e-05
4.879602670669556,5.0,0.8561718463897705,0.0,1.068203091621399,-3.0,-117.12181091308594,0.5,0.45757490396499634,-0.5,-0.5303785800933838,0.25,-29.217166900634766,-0.0024230907042826857,-0.0025949839036911726,0.001230205444359853,0.0011200904846191406,0.0,-1.2822367352782749e-05,-0.0028149858117103577,0.0007403834606520832,3.549236134858802e-05
4.884368419647217,5.0,0.8596093654632568,0.0,1.0642285346984863,-3.0,-117.34073638916016,0.5,0.45758363604545593,-0.5,-0.5304853320121765,0.25,-29.217262268066406,-0.0021833765662206896,-0.0025715481024235487,0.0012148779321501713,0.0011254549026489258,0.0,-1.2574325410241727e-05,-0.00321386125870049,0.000703275843989104,3.482280590105802e-05
4.889117002487183,5.0,0.8596093654632568,0.0,1.0642285346984863,-3.0,-117.34073638916016,0.5,0.45758363604545593,-0.5,-0.5304853320121765,0.25,-29.217262268066406,-0.002404479522740871,-0.0025523731019347906,0.001237228861927917,0.001129746320657432,0.0,-1.237769811268663e-05,-0.0031987398397177458,0.0006976363947615027,3.4231357858516276e-05
4.893993377685547,5.0,0.8623827695846558,0.0,1.0610156059265137,-3.0,-117.51780700683594,0.5,0.4575909972190857,-0.5,-0.5305702686309814,0.25,-29.21733856201172,-0.0022171258595688344,-0.0025523731019347906,0.0012253859802795538,0.001129746320657432,0.0,-1.237769811268663e-05,-0.0031987398397177458,0.0006976363947615027,3.4231357858516276e-05
4.898641347885132,5.0,0.8623827695846558,0.0,1.0610156059265137,-3.0,-117.51780700683594,0.5,0.4575909972190857,-0.5,-0.5305702686309814,0.25,-29.21733856201172,-0.002388463892537289,-0.0025337315164506435,0.0012444238809017055,0.0011339187622070312,0.0,-1.2182845239294693e-05,-0.0028668532613664865,0.0007106466800905764,3.309020394226536e-05
4.903472185134888,5.0,0.8716406226158142,0.0,1.0503125190734863,-3.0,-118.10767364501953,0.5,0.4576176106929779,-0.5,-0.5308437943458557,0.25,-29.21756935119629,-0.0017864531003395192,-0.0025337315164506435,0.0011902343021506312,0.0011339187622070312,0.0,-1.2182845239294693e-05,-0.0028668532613664865,0.0007106466800905764,3.309020394226536e-05
4.908174514770508,5.0,0.8716406226158142,0.0,1.0503125190734863,-3.0,-118.10767364501953,0.5,0.4576176106929779,-0.5,-0.5308437943458557,0.25,-29.21756935119629,-0.002349760025974831,-0.0024948487989604473,0.0012493110318399373,0.0011441707611083984,0.0,-1.174676617665682e-05,-0.0026769533287733793,0.0007156815845519304,3.241442755097523e-05
4.912962913513184,5.0,0.8716406226158142,0.0,1.0503125190734863,-3.0,-118.10767364501953,0.5,0.4576176106929779,-0.5,-0.5308437943458557,0.25,-29.21756935119629,-0.0023468061782535308,-0.0024948487989604473,0.001253369907433324,0.0011441707611083984,0.0,-1.174676617665682e-05,-0.0026769533287733793,0.0007156815845519304,3.241442755097523e-05
4.91774845123291,5.0,0.8734765648841858,0.0,1.048193335533142,-3.0,-118.22431182861328,0.5,0.4576232433319092,-0.5,-0.5308962464332581,0.25,-29.21761131286621,-0.002227949404224913,-0.0024847290478646755,0.001244979774570214,0.0011472702026367188,0.0,-1.162556236522505e-05,-0.0025163411628454924,0.0007225485169328749,3.216293407604098e-05
4.92264986038208,5.0,0.8734765648841858,0.0,1.048193335533142,-3.0,-118.22431182861328,0.5,0.4576232433319092,-0.5,-0.5308962464332581,0.25,-29.21761131286621,-0.0023345261218123024,-0.002452238230034709,0.0012609040185679694,0.0011552571086212993,0.0,-1.1260278370173182e-05,-0.0025759038981050253,0.0006899555446580052,3.1277744710678235e-05
4.927527904510498,5.0,0.8791015148162842,0.0,1.0416796207427979,-3.0,-118.58255767822266,0.5,0.45764127373695374,-0.5,-0.5310547351837158,0.25,-29.217741012573242,-0.0019875754960955766,-0.002452238230034709,0.0012259105590899189,0.0011552571086212993,0.0,-1.1260278370173182e-05,-0.0025759038981050253,0.0006899555446580052,3.1277744710678235e-05
4.932177305221558,5.0,0.8791015148162842,0.0,1.0416796207427979,-3.0,-118.58255767822266,0.5,0.45764127373695374,-0.5,-0.5310547351837158,0.25,-29.217741012573242,-0.002309590026228023,-0.002452238230034709,0.0012668117785214566,0.0011552571086212993,0.0,-1.1260278370173182e-05,-0.0025759038981050253,0.0006899555446580052,3.1277744710678235e-05
4.937020540237427,5.0,0.8873046636581421,0.0,1.0322070121765137,-3.0,-119.10404205322266,0.5,0.45766958594322205,-0.5,-0.531277596950531,0.25,-29.217912673950195,-0.0018196662841249108,-0.002452238230034709,0.0012090574150206226,0.0011552571086212993,0.0,-1.1260278370173182e-05,-0.0025759038981050253,0.0006899555446580052,3.1277744710678235e-05
4.941720724105835,5.0,0.8873046636581421,0.0,1.0322070121765137,-3.0,-119.10404205322266,0.5,0.45766958594322205,-0.5,-0.531277596950531,0.25,-29.217912673950195,-0.0022768767100223505,-0.002401106059551239,0.001271493851227034,0.0011696815490722656,0.0,-1.0668728464224841e-05,-0.0025405925698578358,0.00065383012406528,2.974538438138552e-05
4.946447134017944,5.0,0.8873046636581421,0.0,1.0322070121765137,-3.0,-119.10404205322266,0.5,0.45766958594322205,-0.5,-0.531277596950531,0.25,-29.217912673950195,-0.002273920095137271,-0.002401106059551239,0.0012754952689986668,0.0011696815490722656,0.0,-1.0668728464224841e-05,-0.0025405925698578358,0.00065383012406528,2.974538438138552e-05
4.951080322265625,5.0,0.8901953101158142,0.0,1.0288769006729126,-3.0,-119.28739929199219,0.5,0.4576801657676697,-0.5,-0.5313534736633301,0.25,-29.217967987060547,-0.0020981417410575595,-0.0023920510429888964,0.001255312336714516,0.001171707990579307,0.0,-1.0571670827630442e-05,-0.0026248437352478504,0.0006361952982842922,2.947081702586729e-05
4.955514907836914,5.0,0.8901953101158142,0.0,1.0288769006729126,-3.0,-119.28739929199219,0.5,0.4576801657676697,-0.5,-0.5313534736633301,0.25,-29.217967987060547,-0.0022591287654490206,-0.0023920510429888964,0.001281900623762453,0.001171707990579307,0.0,-1.0571670827630442e-05,-0.0026248437352478504,0.0006361952982842922,2.947081702586729e-05
4.960437774658203,5.0,0.8929687142372131,0.0,1.0256543159484863,-3.0,-119.46480560302734,0.5,0.45769059658050537,-0.5,-0.5314260721206665,0.25,-29.218019485473633,-0.002099850913100964,-0.002376604825258255,0.0012636261045563817,0.001175522687844932,0.0,-1.0404807653685566e-05,-0.0025079180486500263,0.0006390599883161485,2.9005279429838993e-05
4.965202569961548,5.0,0.8929687142372131,0.0,1.0256543159484863,-3.0,-119.46480560302734,0.5,0.45769059658050537,-0.5,-0.5314260721206665,0.25,-29.218019485473633,-0.002244328047196461,-0.002376604825258255,0.0012888465103226276,0.001175522687844932,0.0,-1.0404807653685566e-05,-0.0025079180486500263,0.0006390599883161485,2.9005279429838993e-05
4.970056056976318,5.0,0.90101557970047,0.0,1.0163183212280273,-3.0,-119.97827911376953,0.5,0.4577223062515259,-0.5,-0.5316304564476013,0.25,-29.218158721923828,-0.0017956233494682032,-0.002338788006454706,0.0012238114427365364,0.0011872051982209086,0.0,-9.937112736224663e-06,-0.002048149239271879,0.0006748070009052753,2.7796650101663545e-05
4.9746880531311035,5.0,0.90101557970047,0.0,1.0163183212280273,-3.0,-119.97827911376953,0.5,0.4577223062515259,-0.5,-0.5316304564476013,0.25,-29.218158721923828,-0.0022138013247187016,-0.002338788006454706,0.0012930618368501416,0.0011872051982209086,0.0,-9.937112736224663e-06,-0.002048149239271879,0.0006748070009052753,2.7796650101663545e-05
4.980632305145264,5.0,0.904101550579071,0.0,1.012734293937683,-3.0,-120.17494201660156,0.5,0.4577350914478302,-0.5,-0.5317065119743347,0.25,-29.21820640563965,-0.0020729572129467647,-0.002333994721993804,0.0012750437755209047,0.0011887550354003906,0.0,-9.875905561784748e-06,-0.0020140153355896473,0.0006760816322639585,2.7651585696730763e-05
4.985684156417847,5.0,0.904101550579071,0.0,1.012734293937683,-3.0,-120.17494201660156,0.5,0.4577350914478302,-0.5,-0.5317065119743347,0.25,-29.21820640563965,-0.002197701699900051,-0.0023132218047976494,0.0013008225992905118,0.001195788267068565,0.0,-9.60895158641506e-06,-0.002035709796473384,0.0006509154918603599,2.6898693249677308e-05
4.99032998085022,5.0,0.9096484184265137,0.0,1.0062694549560547,-3.0,-120.52997589111328,0.5,0.45775893330574036,-0.5,-0.5318416953086853,0.25,-29.218292236328125,-0.0018875429431068486,-0.0023132218047976494,0.0012505675723178805,0.001195788267068565,0.0,-9.60895158641506e-06,-0.002035709796473384,0.0006509154918603599,2.6898693249677308e-05
4.995049953460693,5.0,0.9096484184265137,0.0,1.0062694549560547,-3.0,-120.52997589111328,0.5,0.45775893330574036,-0.5,-0.5318416953086853,0.25,-29.218292236328125,-0.002175515242662755,-0.002301504136994481,0.0013058740014919288,0.001200079801492393,0.0,-9.45753254200099e-06,-0.0019539932254701853,0.0006504851626232266,2.6412324586999603e-05
4.999995470046997,5.0,0.9124609231948853,0.0,1.003017544746399,-3.0,-120.70835876464844,0.5,0.45778337121009827,-0.5,-0.5319712162017822,0.25,-29.218368530273438,-0.0018949148726593711,-0.0022903182543814182,0.0012577028534945778,0.0012037752894684672,0.0,-9.308446351496968e-06,-0.0016506263054907322,0.0006888179341331124,2.5453697162447497e-05
5.004605770111084,5.0,0.9124609231948853,0.0,1.003017544746399,-3.0,-120.70835876464844,0.5,0.45778337121009827,-0.5,-0.5319712162017822,0.25,-29.218368530273438,-0.002153862513888839,-0.0022903182543814182,0.0013110097402552578,0.0012037752894684672,0.0,-9.308446351496968e-06,-0.0016506263054907322,0.0006888179341331124,2.5453697162447497e-05
5.009188175201416,5.0,0.9124609231948853,0.0,1.003017544746399,-3.0,-120.70835876464844,0.5,0.45778337121009827,-0.5,-0.5319712162017822,0.25,-29.218368530273438,-0.0021509324126114965,-0.0022679478861391544,0.001314878814148528,0.0012139080790802836,0.0,-8.970343515102286e-06,-0.001470352173782885,0.0007107930141501129,2.489030157448724e-05
5.01407790184021,5.0,0.9189843535423279,0.0,0.9953905940055847,-3.0,-121.12718200683594,0.5,0.4578014612197876,-0.5,-0.5320616960525513,0.25,-29.21841812133789,-0.0019518986581007981,-0.0022679478861391544,0.0012798388463733977,0.0012139080790802836,0.0,-8.970343515102286e-06,-0.001470352173782885,0.0007107930141501129,2.489030157448724e-05
5.018628120422363,5.0,0.9189843535423279,0.0,0.9953905940055847,-3.0,-121.12718200683594,0.5,0.4578014612197876,-0.5,-0.5320616960525513,0.25,-29.21841812133789,-0.002134021617430676,-0.002262621419504285,0.0013206750508755918,0.0012165306834504008,0.0,-8.884529052011203e-06,-0.0015061527956277132,0.0006980071193538606,2.4658655092935078e-05
5.023472309112549,5.0,0.92347651720047,0.0,0.9901854991912842,-3.0,-121.41291046142578,0.5,0.4578229784965515,-0.5,-0.5321642756462097,0.25,-29.218467712402344,-0.00190683782273352,-0.002262621419504285,0.0012777605046728115,0.0012165306834504008,0.0,-8.884529052011203e-06,-0.0015061527956277132,0.0006980071193538606,2.4658655092935078e-05
5.028601408004761,5.0,0.92347651720047,0.0,0.9901854991912842,-3.0,-121.41291046142578,0.5,0.4578229784965515,-0.5,-0.5321642756462097,0.25,-29.218467712402344,-0.0021152963947736795,-0.002253566635772586,0.0013265058489603798,0.0012208223342895508,0.0,-8.746888852328993e-06,-0.0014588938793167472,0.0007005916559137404,2.4292941816383973e-05
5.033737659454346,5.0,0.9313281178474426,0.0,0.9810546636581421,-3.0,-121.9139404296875,0.5,0.45786237716674805,-0.5,-0.5323401093482971,0.25,-29.218549728393555,-0.001748535633196152,-0.002253566635772586,0.0012493995460497315,0.0012208223342895508,0.0,-8.746888852328993e-06,-0.0014588938793167472,0.0007005916559137404,2.4292941816383973e-05
5.0384361743927,5.0,0.9313281178474426,0.0,0.9810546636581421,-3.0,-121.9139404296875,0.5,0.45786237716674805,-0.5,-0.5323401093482971,0.25,-29.218549728393555,-0.002087835202115173,-0.0022242721170186996,0.0013300662820709581,0.0012320280075073242,0.0,-8.36696654005209e-06,-0.0018754382617771626,0.0006016843835823238,2.3220438379212283e-05
5.043113708496094,5.0,0.9313281178474426,0.0,0.9810546636581421,-3.0,-121.9139404296875,0.5,0.45786237716674805,-0.5,-0.5323401093482971,0.25,-29.218549728393555,-0.00208480976282749,-0.0022242721170186996,0.0013340082854277273,0.0012320280075073242,0.0,-8.36696654005209e-06,-0.0018754382617771626,0.0006016843835823238,2.3220438379212283e-05
5.047618389129639,5.0,0.9346093535423279,0.0,0.9772363305091858,-3.0,-122.12308502197266,0.5,0.4578794836997986,-0.5,-0.5324115753173828,0.25,-29.218578338623047,-0.0019146655225034124,-0.0022098913323134184,0.001297775272418313,0.0012356042861938477,0.0,-8.213168257498182e-06,-0.002100928919389844,0.0005462054978124797,2.25748499360634e-05
5.0524070262908936,5.0,0.9346093535423279,0.0,0.9772363305091858,-3.0,-122.12308502197266,0.5,0.4578794836997986,-0.5,-0.5324115753173828,0.25,-29.218578338623047,-0.002070209625144116,-0.0021971079986542463,0.00133978428833484,0.0012389420298859477,0.0,-8.08635559224058e-06,-0.0021283747628331184,0.0005361002404242754,2.2081330826040357e-05
5.057248592376709,5.0,0.9401171803474426,0.0,0.9708105325698853,-3.0,-122.47531127929688,0.5,0.45790883898735046,-0.5,-0.5325295329093933,0.25,-29.218624114990234,-0.0018092696367515884,-0.0021971079986542463,0.0012797055947403133,0.0012389420298859477,0.0,-8.08635559224058e-06,-0.0021283747628331184,0.0005361002404242754,2.2081330826040357e-05
5.062028408050537,5.0,0.9401171803474426,0.0,0.9708105325698853,-3.0,-122.47531127929688,0.5,0.45790883898735046,-0.5,-0.5325295329093933,0.25,-29.218624114990234,-0.002049795133011173,-0.002184857614338398,0.0013443611564048006,0.0012421607971191406,0.0,-7.963155439938419e-06,-0.0020476938225328922,0.0005486516747623682,2.1777725123683922e-05
5.066843271255493,5.0,0.9428515434265137,0.0,0.9676269292831421,-3.0,-122.65019226074219,0.5,0.45793819427490234,-0.5,-0.5326405763626099,0.25,-29.218666076660156,-0.0018027003277513959,-0.002184857614338398,0.0012839208973116334,0.0012421607971191406,0.0,-7.963155439938419e-06,-0.0020476938225328922,0.0005486516747623682,2.1777725123683922e-05
5.071597099304199,5.0,0.9428515434265137,0.0,0.9676269292831421,-3.0,-122.65019226074219,0.5,0.45793819427490234,-0.5,-0.5326405763626099,0.25,-29.218666076660156,-0.0020302233666740785,-0.002184857614338398,0.0013488880505496742,0.0012421607971191406,0.0,-7.963155439938419e-06,-0.0020476938225328922,0.0005486516747623682,2.1777725123683922e-05
5.076434850692749,5.0,0.9428515434265137,0.0,0.9676269292831421,-3.0,-122.65019226074219,0.5,0.45793819427490234,-0.5,-0.5326405763626099,0.25,-29.218666076660156,-0.0020270652268016527,-0.0021544971968978643,0.0013529577417307043,0.0012527703074738383,0.0,-7.619169537065318e-06,-0.0015659502241760492,0.0006515337154269218,2.0843252059421502e-05
5.081031799316406,5.0,0.9491015672683716,0.0,0.9603710770606995,-3.0,-123.04830169677734,0.5,0.4579585790634155,-0.5,-0.5327142477035522,0.25,-29.21868896484375,-0.0018549555543390368,-0.002144377212971449,0.0013100326391312716,0.0012575386790558696,0.0,-7.487037237297045e-06,-0.0015006285393610597,0.0006543843192048371,2.0545861843856983e-05
5.085740089416504,5.0,0.9491015672683716,0.0,0.9603710770606995,-3.0,-123.04830169677734,0.5,0.4579585790634155,-0.5,-0.5327142477035522,0.25,-29.21868896484375,-0.002012136388197575,-0.002144377212971449,0.0013583356762711385,0.0012575386790558696,0.0,-7.487037237297045e-06,-0.0015006285393610597,0.0006543843192048371,2.0545861843856983e-05
5.090139389038086,5.0,0.9540234208106995,0.0,0.9546679258346558,-3.0,-123.36126708984375,0.5,0.45798686146736145,-0.5,-0.5328121185302734,0.25,-29.218717575073242,-0.001775035773138691,-0.0021358546800911427,0.001294349931467513,0.001261711004190147,0.0,-7.372708751063328e-06,-0.0014090684708207846,0.0006684939726255834,2.032165320997592e-05
5.094618082046509,5.0,0.9540234208106995,0.0,0.9546679258346558,-3.0,-123.36126708984375,0.5,0.45798686146736145,-0.5,-0.5328121185302734,0.25,-29.218717575073242,-0.0019945657740612997,-0.0021358546800911427,0.0013624016344827503,0.001261711004190147,0.0,-7.372708751063328e-06,-0.0014090684708207846,0.0006684939726255834,2.032165320997592e-05
5.099416494369507,5.0,0.9618359208106995,0.0,0.9455859065055847,-3.0,-123.8587646484375,0.5,0.4580334722995758,-0.5,-0.532963752746582,0.25,-29.218751907348633,-0.0016571970521535775,-0.0021268001291900873,0.001263697758282024,0.001265525701455772,0.0,-7.261273367475951e-06,-0.0015906445914879441,0.0006007370539009571,1.9635090211522765e-05
5.1041693687438965,5.0,0.9618359208106995,0.0,0.9455859065055847,-3.0,-123.8587646484375,0.5,0.4580334722995758,-0.5,-0.532963752746582,0.25,-29.218751907348633,-0.0019700727430421805,-0.0021268001291900873,0.00136482502137224,0.001265525701455772,0.0,-7.261273367475951e-06,-0.0015906445914879441,0.0006007370539009571,1.9635090211522765e-05
5.108885288238525,5.0,0.9618359208106995,0.0,0.9455859065055847,-3.0,-123.8587646484375,0.5,0.4580334722995758,-0.5,-0.532963752746582,0.25,-29.218751907348633,-0.001966963654958306,-0.0021044297609478235,0.0013687832366943262,0.0012729167938232422,0.0,-7.020128123258473e-06,-0.0018009967170655727,0.0005294422153383493,1.9215523934690282e-05
5.113368034362793,5.0,0.9651171565055847,0.0,0.9417577981948853,-3.0,-124.0687484741211,0.5,0.45805373787879944,-0.5,-0.5330259799957275,0.25,-29.218761444091797,-0.001817720423705568,-0.0021044297609478235,0.001324904099466155,0.0012729167938232422,0.0,-7.020128123258473e-06,-0.0018009967170655727,0.0005294422153383493,1.9215523934690282e-05
5.1180384159088135,5.0,0.9651171565055847,0.0,0.9417577981948853,-3.0,-124.0687484741211,0.5,0.45805373787879944,-0.5,-0.5330259799957275,0.25,-29.218761444091797,-0.0019534505648340994,-0.0020820593927055597,0.0013740301570372244,0.0012778043746948242,0.0,-6.822852810728364e-06,-0.002059557242318988,0.00043667134013958275,1.8578115486889146e-05
5.12287712097168,5.0,0.9678906202316284,0.0,0.9385351538658142,-3.0,-124.2455062866211,0.5,0.45807093381881714,-0.5,-0.5330775380134583,0.25,-29.218769073486328,-0.0018375092154327014,-0.0020820593927055597,0.0013404859820027898,0.0012778043746948242,0.0,-6.822852810728364e-06,-0.002059557242318988,0.00043667134013958275,1.8578115486889146e-05
5.127405881881714,5.0,0.9678906202316284,0.0,0.9385351538658142,-3.0,-124.2455062866211,0.5,0.45807093381881714,-0.5,-0.5330775380134583,0.25,-29.218769073486328,-0.0019410665484702458,-0.002069808542728424,0.0013798220262496554,0.0012804268626496196,0.0,-6.7175819822296035e-06,-0.0019929870031774044,0.0004484236997086555,1.8217860997538082e-05
5.1319568157196045,5.0,0.9706640243530273,0.0,0.9352929592132568,-3.0,-124.42343139648438,0.5,0.4580884575843811,-0.5,-0.533128559589386,0.25,-29.21877670288086,-0.0018198163198245808,-0.002069808542728424,0.001343028039952757,0.0012804268626496196,0.0,-6.7175819822296035e-06,-0.0019929870031774044,0.0004484236997086555,1.8217860997538082e-05
5.136851072311401,5.0,0.9706640243530273,0.0,0.9352929592132568,-3.0,-124.42343139648438,0.5,0.4580884575843811,-0.5,-0.533128559589386,0.25,-29.21877670288086,-0.0019286858482792588,-0.002058623591437936,0.0013856364243683282,0.0012836456298828125,0.0,-6.615098300244426e-06,-0.0017036438221111894,0.0005315363523550332,1.772462019289378e-05
5.141617298126221,5.0,0.9706640243530273,0.0,0.9352929592132568,-3.0,-124.42343139648438,0.5,0.4580884575843811,-0.5,-0.533128559589386,0.25,-29.21877670288086,-0.001925527884360804,-0.002058623591437936,0.0013896316218763327,0.0012836456298828125,0.0,-6.615098300244426e-06,-0.0017036438221111894,0.0005315363523550332,1.772462019289378e-05
5.146011114120483,5.0,0.9799218773841858,0.0,0.9245214462280273,-3.0,-125.01361083984375,0.5,0.45814794301986694,-0.494465493842805,-0.5332920551300049,0.25,-29.21879005432129,0.011729874388261887,-0.0020357202738523483,0.0012507867259413934,0.0012916326522827148,0.0,-6.3826087171037216e-06,-0.001484164735302329,0.0005929720937274396,1.7408388885087334e-05
5.150608777999878,5.0,0.9799218773841858,0.0,0.9245214462280273,-3.0,-125.01361083984375,0.5,0.45814794301986694,-0.5,-0.5332920551300049,0.25,-29.21879005432129,-0.013937083642446557,-0.002030393574386835,0.001390019608178192,0.0012938976287841797,0.0,-6.317816314549418e-06,-0.0013870478142052889,0.0006198670016601682,1.726371920085512e-05
5.155040264129639,5.0,0.9845312237739563,0.0,0.9191308617591858,-3.0,-125.3089828491211,0.5,0.45817869901657104,-0.5,-0.533371090888977,0.25,-29.21879005432129,-0.0017086427489762031,-0.002030393574386835,0.0013206321524535114,0.0012938976287841797,0.0,-6.317816314549418e-06,-0.0013870478142052889,0.0006198670016601682,1.726371920085512e-05
5.159905195236206,5.0,0.9845312237739563,0.0,0.9191308617591858,-3.0,-125.3089828491211,0.5,0.45817869901657104,-0.5,-0.533371090888977,0.25,-29.21879005432129,-0.0018837462478126094,-0.0020229367073625326,0.00139410465383986,0.0012979507446289062,0.0,-6.222600859473459e-06,-0.0012349921744316816,0.0006634716992266476,1.705579779809341e-05
5.164586544036865,5.0,0.9873046875,0.0,0.91590815782547,-3.0,-125.48564147949219,0.5,0.45821475982666016,-0.5,-0.533455491065979,0.25,-29.218786239624023,-0.0016901955921754747,-0.0020229367073625326,0.0013166587699836516,0.0012979507446289062,0.0,-6.222600859473459e-06,-0.0012349921744316816,0.0006634716992266476,1.705579779809341e-05
5.169207811355591,5.0,0.9873046875,0.0,0.91590815782547,-3.0,-125.48564147949219,0.5,0.45821475982666016,-0.5,-0.533455491065979,0.25,-29.218786239624023,-0.0018673937547629294,-0.0017491640755906701,0.0013975515976049446,0.0013077259063720703,0.0,-5.9552012316999026e-06,-0.018548928201198578,0.0005605443730019033,1.6525020328117535e-05
5.173971176147461,5.0,0.9873046875,0.0,0.91590815782547,-3.0,-125.48564147949219,0.5,0.45821475982666016,-0.5,-0.533455491065979,0.25,-29.218786239624023,-0.001864206540598161,-0.0017491640755906701,0.0014015323644421753,0.0013077259063720703,0.0,-5.9552012316999026e-06,-0.018548928201198578,0.0005605443730019033,1.6525020328117535e-05
5.178580045700073,5.0,0.9934765696525574,0.0,0.9087499976158142,-3.0,-125.87810516357422,0.5,0.4582398533821106,-0.5,-0.5334984064102173,0.25,-29.21878433227539,-0.001762854217327028,-0.001704422989860177,0.001347924252884631,0.0013092755107209086,0.0,-5.91873640587437e-06,-0.01885663904249668,0.0005611887900158763,1.6433345081168227e-05
5.1832826137542725,5.0,0.9934765696525574,0.0,0.9087499976158142,-3.0,-125.87810516357422,0.5,0.4582398533821106,-0.5,-0.5334984064102173,0.25,-29.21878433227539,-0.0018528183328652406,-0.001704422989860177,0.0014062980777817978,0.0013092755107209086,0.0,-5.91873640587437e-06,-0.01885663904249668,0.0005611887900158763,1.6433345081168227e-05
5.188050031661987,5.0,0.9983984231948853,0.0,0.9030078053474426,-3.0,-126.19261169433594,0.5,0.45827463269233704,-0.5,-0.5335368514060974,0.25,-29.218780517578125,-0.0017643661214147449,-0.0015211973804980516,0.0013331509154027117,0.001314520719461143,0.0,-5.7544107221474405e-06,-0.01604212448000908,0.0005224189953878522,1.600612267793622e-05
5.192830562591553,5.0,0.9983984231948853,0.0,0.9030078053474426,-3.0,-126.19261169433594,0.5,0.45827463269233704,-0.5,-0.5335368514060974,0.25,-29.218780517578125,-0.0018418007705318477,-0.0015211973804980516,0.0014100923940000305,0.001314520719461143,0.0,-5.7544107221474405e-06,-0.01604212448000908,0.0005224189953878522,1.600612267793622e-05
5.197542667388916,5.0,1.0012109279632568,0.0,0.8997362852096558,-3.0,-126.37169647216797,0.5,0.45829471945762634,-0.5,-0.5335493683815002,0.25,-29.218778610229492,-0.0018105735219949312,-0.0014429005095735192,0.0013689843646915105,0.0013177393702790141,0.0,-5.662105650117155e-06,-0.012765840627253056,0.0004882743232883513,1.5785961295478046e-05
5.2022926807403564,5.0,1.0012109279632568,0.0,0.8997362852096558,-3.0,-126.37169647216797,0.5,0.45829471945762634,-0.5,-0.5335493683815002,0.25,-29.218778610229492,-0.0018339497717346376,-0.0013406351208686829,0.0014155743880037326,0.0013267992762848735,0.0,-5.410151061369106e-06,-0.002686331979930401,0.0005432359175756574,1.5224283743009437e-05
5.207089185714722,5.0,1.0100390911102295,0.0,0.8894628882408142,-3.0,-126.93439483642578,0.5,0.45835912227630615,-0.4973852524357769,-0.5335603952407837,0.25,-29.21876335144043,0.003958962866348904,-0.0013406351208686829,0.0012775703581056044,0.0013267992762848735,0.0,-5.410151061369106e-06,-0.002686331979930401,0.0005432359175756574,1.5224283743009437e-05
5.21189546585083,5.0,1.0100390911102295,0.0,0.8894628882408142,-3.0,-126.93439483642578,0.5,0.45835912227630615,-0.5,-0.5335603952407837,0.25,-29.21876335144043,-0.007266203164490431,-0.0013401025207713246,0.001415843417773999,0.0013304948806762695,0.0,-5.308154868544079e-06,0.0005783564993180335,0.0005693596904166043,1.494937350798864e-05
5.216742277145386,5.0,1.0100390911102295,0.0,0.8894628882408142,-3.0,-126.93439483642578,0.5,0.45835912227630615,-0.5,-0.5335603952407837,0.25,-29.21876335144043,-0.0018226770322982023,-0.0013401025207713246,0.0014198799273033272,0.0013304948806762695,0.0,-5.308154868544079e-06,0.0005783564993180335,0.0005693596904166043,1.494937350798864e-05
5.221201419830322,5.0,1.0123437643051147,0.0,0.886767566204071,-3.0,-127.08183288574219,0.5,0.45837637782096863,-0.5,-0.5335602164268494,0.25,-29.218759536743164,-0.0018201064992849616,-0.0013401025207713246,0.0013828243748698272,0.0013304948806762695,0.0,-5.308154868544079e-06,0.0005783564993180335,0.0005693596904166043,1.494937350798864e-05
5.225888013839722,5.0,1.0123437643051147,0.0,0.886767566204071,-3.0,-127.08183288574219,0.5,0.45837637782096863,-0.5,-0.5335602164268494,0.25,-29.218759536743164,-0.0018165598319134233,-0.0013273191871121526,0.0014254228357181084,0.0013332365779206157,0.0,-5.223293101153104e-06,-0.002099397825077176,0.0004813108535017818,1.4786490282858722e-05
5.230452537536621,5.0,1.015078067779541,0.0,0.8835644125938416,-3.0,-127.25712585449219,0.5,0.4583970606327057,-0.5,-0.5335602164268494,0.25,-29.218753814697266,-0.001813496103850355,-0.001341167837381363,0.001381426758431707,0.001336336019448936,0.0,-5.140359917277237e-06,0.003976621199399233,0.00046679109800606966,1.4294255379354581e-05
5.235197305679321,5.0,1.015078067779541,0.0,0.8835644125938416,-3.0,-127.25712585449219,0.5,0.4583970606327057,-0.5,-0.5335602164268494,0.25,-29.218753814697266,-0.00181031139493507,-0.001341167837381363,0.0014306867763887675,0.001336336019448936,0.0,-5.140359917277237e-06,0.003976621199399233,0.00046679109800606966,1.4294255379354581e-05
5.240089416503906,5.0,1.0233592987060547,0.0,0.8738964796066284,-3.0,-127.7860336303711,0.5,0.45846059918403625,-0.5,-0.5335618257522583,0.25,-29.218725204467773,-0.0018035448784671302,-0.0013986919075250626,0.001297246833513329,0.0013417004374787211,0.0,-4.976467607775703e-06,0.005601122044026852,0.0004897475591860712,1.402964426233666e-05
5.244789361953735,5.0,1.0233592987060547,0.0,0.8738964796066284,-3.0,-127.7860336303711,0.5,0.45846059918403625,-0.5,-0.5335618257522583,0.25,-29.218725204467773,-0.001803679737460243,-0.0013986919075250626,0.0014310311156337427,0.0013417004374787211,0.0,-4.976467607775703e-06,0.005601122044026852,0.0004897475591860712,1.402964426233666e-05
5.249629974365234,5.0,1.0289453268051147,0.0,0.8674023151397705,-3.0,-128.14161682128906,0.5,0.45850425958633423,-0.5,-0.5335725545883179,0.25,-29.218698501586914,-0.001776977830459185,-0.001436508959159255,0.0013396131331360715,0.0013449190882965922,0.0,-4.8986503315973096e-06,0.006277973763644695,0.0004849940014537424,1.3678740288014524e-05
5.254268646240234,5.0,1.0289453268051147,0.0,0.8674023151397705,-3.0,-128.14161682128906,0.5,0.45850425958633423,-0.5,-0.5335725545883179,0.25,-29.218698501586914,-0.001796027401349762,-0.001436508959159255,0.0014336588657591835,0.0013449190882965922,0.0,-4.8986503315973096e-06,0.006277973763644695,0.0004849940014537424,1.3678740288014524e-05
5.258822679519653,5.0,1.0289453268051147,0.0,0.8674023151397705,-3.0,-128.14161682128906,0.5,0.45850425958633423,-0.5,-0.5335725545883179,0.25,-29.218698501586914,-0.0017929695907323556,-0.0015121424803510308,0.0014374383254151428,0.0013496874598786235,0.0,-4.744551006297115e-06,0.00606200797483325,0.0003768589813262224,1.3021448467043228e-05
5.263566732406616,5.0,1.0317187309265137,0.0,0.8641796708106995,-3.0,-128.3179473876953,0.5,0.4585261344909668,-0.5,-0.5335818529129028,0.25,-29.218685150146484,-0.0017690675502619849,-0.0015121424803510308,0.001392638259261959,0.0013496874598786235,0.0,-4.744551006297115e-06,0.00606200797483325,0.0003768589813262224,1.3021448467043228e-05
5.268194913864136,5.0,1.0317187309265137,0.0,0.8641796708106995,-3.0,-128.3179473876953,0.5,0.4585261344909668,-0.5,-0.5335818529129028,0.25,-29.218685150146484,-0.0017855590518777269,-0.0015121424803510308,0.0014425873925936793,0.0013496874598786235,0.0,-4.744551006297115e-06,0.00606200797483325,0.0003768589813262224,1.3021448467043228e-05
5.272912502288818,5.0,1.0391796827316284,0.0,0.8554882407188416,-3.0,-128.7936553955078,0.5,0.4585858881473541,-0.5,-0.5336187481880188,0.25,-29.218639373779297,-0.00169975171623057,-0.0016000272007659078,0.001312663004138415,0.0013555287150666118,0.0,-4.518843525147531e-06,0.003848934080451727,0.00034012875403277576,1.248318403668236e-05
5.277662038803101,5.0,1.0391796827316284,0.0,0.8554882407188416,-3.0,-128.7936553955078,0.5,0.4585858881473541,-0.5,-0.5336187481880188,0.25,-29.218639373779297,-0.0017747661610760593,-0.0016000272007659078,0.001443258405250105,0.0013555287150666118,0.0,-4.518843525147531e-06,0.003848934080451727,0.00034012875403277576,1.248318403668236e-05
5.282289743423462,5.0,1.042812466621399,0.0,0.8512402176856995,-3.0,-129.026123046875,0.5,0.45861539244651794,-0.5,-0.5336418151855469,0.25,-29.21861457824707,-0.0017190389932066695,-0.0016170715680345893,0.0013797924081607358,0.0013576745986938477,0.0,-4.453373549040407e-06,0.003055270528420806,0.0003856220282614231,1.2231378605065402e-05
5.287128686904907,5.0,1.042812466621399,0.0,0.8512402176856995,-3.0,-129.026123046875,0.5,0.45861539244651794,-0.5,-0.5336418151855469,0.25,-29.21861457824707,-0.0017656286168553385,-0.0016170715680345893,0.0014475533596812508,0.0013576745986938477,0.0,-4.453373549040407e-06,0.003055270528420806,0.0003856220282614231,1.2231378605065402e-05
5.292128324508667,5.0,1.042812466621399,0.0,0.8512402176856995,-3.0,-129.026123046875,0.5,0.45861539244651794,-0.5,-0.5336418151855469,0.25,-29.21861457824707,-0.0017622646791701302,-0.0016303869197145104,0.0014516915204840753,0.0013599394587799907,0.0,-4.3852128328580875e-06,0.002209823112934828,0.00033402448752895,1.1897428521479014e-05
5.296864032745361,5.0,1.0455468893051147,0.0,0.84803706407547,-3.0,-129.20152282714844,0.5,0.4586378335952759,-0.5,-0.5336605906486511,0.25,-29.21859359741211,-0.0017171769098032778,-0.0016303869197145104,0.001405529064029453,0.0013599394587799907,0.0,-4.3852128328580875e-06,0.002209823112934828,0.00033402448752895,1.1897428521479014e-05
5.301817417144775,5.0,1.0455468893051147,0.0,0.84803706407547,-3.0,-129.20152282714844,0.5,0.4586378335952759,-0.5,-0.5336605906486511,0.25,-29.21859359741211,-0.0017534888119780023,-0.001646898570470512,0.0014570138198716329,0.0013645886210724711,0.0,-4.21394224758842e-06,0.0006543977651745081,0.00033607633667998016,1.1448129953350872e-05
5.3066089153289795,5.0,1.0539062023162842,0.0,0.8382323980331421,-3.0,-129.7375946044922,0.5,0.45870718359947205,-0.4659596060415806,-0.5337223410606384,0.25,-29.218524932861328,0.07351745733724097,-0.001646898570470512,0.0013079133757976018,0.0013645886210724711,0.0,-4.21394224758842e-06,0.0006543977651745081,0.00033607633667998016,1.1448129953350872e-05
5.311237573623657,5.0,1.0539062023162842,0.0,0.8382323980331421,-3.0,-129.7375946044922,0.5,0.45870718359947205,-0.5,-0.5337223410606384,0.25,-29.218524932861328,-0.07527914409690452,-0.001646898570470512,0.0014564715152070272,0.0013645886210724711,0.0,-4.21394224758842e-06,0.0004792114195879549,0.00035686648334376514,1.142118708230555e-05
5.315683126449585,5.0,1.056679606437683,0.0,0.8349902033805847,-3.0,-129.91482543945312,0.5,0.4587303400039673,-0.5,-0.5337433815002441,0.25,-29.2185001373291,-0.001683609079893438,-0.0012687296839430928,0.0014052731558644308,0.0013699530391022563,0.0,-4.053546490467852e-06,-0.0635782927274704,0.00031067855888977647,1.1169925528520253e-05
5.320270776748657,5.0,1.056679606437683,0.0,0.8349902033805847,-3.0,-129.91482543945312,0.5,0.4587303400039673,-0.5,-0.5337433815002441,0.25,-29.2185001373291,-0.001727842209093184,-0.0012687296839430928,0.0014611486911004757,0.0013699530391022563,0.0,-4.053546490467852e-06,-0.0635782927274704,0.00031067855888977647,1.1169925528520253e-05
5.32498025894165,5.0,1.0623046159744263,0.0,0.8284472227096558,-3.0,-130.27304077148438,0.5,0.458777517080307,-0.5,-0.5337590575218201,0.25,-29.218393325805664,-0.0016894952497724337,-0.0011424962431192398,0.0013591955159108092,0.0013720988063141704,0.0,-3.987293894169852e-06,-0.02015513926744461,0.0003251637099310756,1.095927473215852e-05
5.329955577850342,5.0,1.0623046159744263,0.0,0.8284472227096558,-3.0,-130.27304077148438,0.5,0.458777517080307,-0.5,-0.5337590575218201,0.25,-29.218393325805664,-0.001719422091354489,-0.0011424962431192398,0.0014634720728996047,0.0013720988063141704,0.0,-3.987293894169852e-06,-0.02015513926744461,0.0003251637099310756,1.095927473215852e-05
5.334736585617065,5.0,1.0623046159744263,0.0,0.8284472227096558,-3.0,-130.27304077148438,0.5,0.458777517080307,-0.5,-0.5337590575218201,0.25,-29.218393325805664,-0.0017161940450303075,-0.001112135942094028,0.0014674137731196584,0.0013736486434936523,0.0,-3.927197667508153e-06,0.007067440543323755,0.00036317011108621955,1.0442720849823672e-05
5.339275598526001,5.0,1.0649609565734863,0.0,0.8253417611122131,-3.0,-130.44293212890625,0.5,0.4588238000869751,-0.5,-0.5337303280830383,0.25,-29.218341827392578,-0.0017798739934964554,-0.001112135942094028,0.0013636306799836213,0.0013736486434936523,0.0,-3.927197667508153e-06,0.007067440543323755,0.00036317011108621955,1.0442720849823672e-05
5.344193935394287,5.0,1.0649609565734863,0.0,0.8253417611122131,-3.0,-130.44293212890625,0.5,0.4588238000869751,-0.5,-0.5337303280830383,0.25,-29.218341827392578,-0.0017132615874684816,-0.0012948289513587952,0.0014696481668209737,0.0013794898986816406,0.0,-3.7824227092642104e-06,0.01780773513019085,0.0004435570735950023,1.0104063221660908e-05
5.34885311126709,5.0,1.0733202695846558,0.0,0.8155859112739563,-3.0,-130.97634887695312,0.5,0.45887190103530884,-0.4430786972926274,-0.5337130427360535,0.25,-29.21828842163086,0.1272568907829767,-0.0012948289513587952,0.001364469336791843,0.0013794898986816406,0.0,-3.7824227092642104e-06,0.01780773513019085,0.0004435570735950023,1.0104063221660908e-05
5.3536481857299805,5.0,1.0733202695846558,0.0,0.8155859112739563,-3.0,-130.97634887695312,0.5,0.45887190103530884,-0.5,-0.5337130427360535,0.25,-29.21828842163086,-0.12041151687147926,-0.0012948289513587952,0.001471652759889792,0.0013794898986816406,0.0,-3.7824227092642104e-06,0.01780773513019085,0.0004435570735950023,1.0104063221660908e-05
5.358739376068115,5.0,1.076015591621399,0.0,0.8124414086341858,-3.0,-131.14849853515625,0.5,0.45889541506767273,-0.5,-0.5337147116661072,0.25,-29.21826171875,-0.0016967457647324657,-0.0014945658622309566,0.0014268307749917147,0.001383781316690147,0.0,-3.6956566873413976e-06,0.02189665101468563,0.00045311282156035304,9.845461136137601e-06
5.363505125045776,5.0,1.076015591621399,0.0,0.8124414086341858,-3.0,-131.14849853515625,0.5,0.45889541506767273,-0.5,-0.5337147116661072,0.25,-29.21826171875,-0.0016968103220448266,-0.0009203883237205446,0.001476934383991703,0.0013864039210602641,0.0,-3.6387650652613956e-06,-0.13295355439186096,0.0003491398529149592,9.619270713301376e-06
5.36823582649231,5.0,1.0836718082427979,0.0,0.803515613079071,-3.0,-131.63720703125,0.5,0.4589625895023346,-0.4541344338157415,-0.5336326956748962,0.25,-29.217918395996094,0.10058436022713228,-0.0009203883237205446,0.0013307593920576478,0.0013864039210602641,0.0,-3.6387650652613956e-06,-0.13295355439186096,0.0003491398529149592,9.619270713301376e-06
5.3730363845825195,5.0,1.0836718082427979,0.0,0.803515613079071,-3.0,-131.63720703125,0.5,0.4589625895023346,-0.5,-0.5336326956748962,0.25,-29.217918395996094,-0.09723805578879477,0.0009821084095165133,0.0014766962160356624,0.0013906954554840922,0.0,-3.5146076697856188e-06,-0.1579906940460205,0.0003107512020505965,9.435148967895657e-06
5.378020524978638,5.0,1.0871484279632568,0.0,0.79945307970047,-3.0,-131.8595733642578,0.5,0.45899367332458496,-0.5,-0.533442497253418,0.25,-29.2178955078125,-0.0016925488744134335,0.0009821084095165133,0.001480786940343932,0.0013906954554840922,0.0,-3.5146076697856188e-06,-0.1579906940460205,0.0003107512020505965,9.435148967895657e-06
5.38254451751709,5.0,1.0871484279632568,0.0,0.79945307970047,-3.0,-131.8595733642578,0.5,0.45899367332458496,-0.5,-0.533442497253418,0.25,-29.2178955078125,-0.0021327684202081215,0.0017783606890588999,0.0014120583005875866,0.001392364501953125,0.0,-3.4643189792404883e-06,-0.15487664937973022,0.00032422190997749567,9.333663911093026e-06
5.387097120285034,5.0,1.0871484279632568,0.0,0.79945307970047,-3.0,-131.8595733642578,0.5,0.45899367332458496,-0.5,-0.533442497253418,0.25,-29.2178955078125,-0.001709301804718735,0.0017783606890588999,0.001484500838318581,0.001392364501953125,0.0,-3.4643189792404883e-06,-0.15487664937973022,0.00032422190997749567,9.333663911093026e-06
5.391745090484619,5.0,1.0927343368530273,0.0,0.7929491996765137,-3.0,-132.2160186767578,0.5,0.45904380083084106,-0.4944298906465713,-0.5329864025115967,0.25,-29.217763900756836,0.009910647874109453,0.0020407726988196373,0.0013744446352359182,0.0013971327571198344,0.0,-3.3440717288613087e-06,0.008192394860088825,0.00042375572957098484,8.978469850262627e-06
5.396486043930054,5.0,1.0927343368530273,0.0,0.7929491996765137,-3.0,-132.2160186767578,0.5,0.45904380083084106,-0.5,-0.5329864025115967,0.25,-29.217763900756836,-0.013506243517237827,0.0020407726988196373,0.0014861762301036376,0.0013971327571198344,0.0,-3.3440717288613087e-06,0.008192394860088825,0.00042375572957098484,8.978469850262627e-06
5.401088237762451,5.0,1.0955077409744263,0.0,0.7897167801856995,-3.0,-132.39344787597656,0.5,0.45909109711647034,-0.5,-0.5325672626495361,0.25,-29.21768569946289,-0.0027153596730696552,0.0020407726988196373,0.0013814970902015773,0.0013971327571198344,0.0,-3.3440717288613087e-06,0.008192394860088825,0.00042375572957098484,8.978469850262627e-06
5.40601110458374,5.0,1.0955077409744263,0.0,0.7897167801856995,-3.0,-132.39344787597656,0.5,0.45909109711647034,-0.5,-0.5325672626495361,0.25,-29.21768569946289,-0.001801413923807559,0.0006875820690765977,0.0014882938714529527,0.0014045237330719829,0.0,-3.1877364108368056e-06,0.11106321960687637,0.0004905786481685936,8.6358295448008e-06
5.410700559616089,5.0,1.0955077409744263,0.0,0.7897167801856995,-3.0,-132.39344787597656,0.5,0.45909109711647034,-0.5,-0.5325672626495361,0.25,-29.21768569946289,-0.0017983594695331253,0.0006875820690765977,0.0014921306806628533,0.0014045237330719829,0.0,-3.1877364108368056e-06,0.11106321960687637,0.0004905786481685936,8.6358295448008e-06
5.415197134017944,5.0,1.1014453172683716,0.0,0.7828124761581421,-3.0,-132.77249145507812,0.5,0.45912352204322815,-0.4727041166635233,-0.5323548316955566,0.25,-29.217634201049805,0.06168831975083407,-0.00027643615612760186,0.0014198054856200298,0.0014083384303376079,0.0,-3.121379222648102e-06,0.12817324697971344,0.00046956760343164206,8.514587534591556e-06
5.419846057891846,5.0,1.1014453172683716,0.0,0.7828124761581421,-3.0,-132.77249145507812,0.5,0.45912352204322815,-0.5,-0.5323548316955566,0.25,-29.217634201049805,-0.060529890763944286,-0.00027643615612760186,0.001495716404625369,0.0014083384303376079,0.0,-3.121379222648102e-06,0.12817324697971344,0.00046956760343164206,8.514587534591556e-06
5.424861192703247,5.0,1.1066796779632568,0.0,0.7767577767372131,-3.0,-133.10479736328125,0.5,0.45917201042175293,-0.5,-0.5321779251098633,0.25,-29.21758270263672,-0.0021862250853837513,-0.0010311759542673826,0.0013973088587066447,0.0014114378718659282,0.0,-3.071761284445529e-06,0.12365023046731949,0.0004785392666235566,8.422422979492694e-06
5.429566383361816,5.0,1.1066796779632568,0.0,0.7767577767372131,-3.0,-133.10479736328125,0.5,0.45917201042175293,-0.5,-0.5321779251098633,0.25,-29.21758270263672,-0.0018304515956381242,-0.0010311759542673826,0.0014978350261420975,0.0014114378718659282,0.0,-3.071761284445529e-06,0.12365023046731949,0.0004785392666235566,8.422422979492694e-06
5.434336185455322,5.0,1.114648461341858,0.0,0.7675390243530273,-3.0,-133.6114044189453,0.5,0.45924705266952515,-0.4207579514628278,-0.5321698188781738,0.25,-29.21742820739746,0.17380403557026494,-0.0013709950726479292,0.0013353898246197986,0.001414179801940918,0.0,-3.025411160706426e-06,0.02025998942553997,0.0003625481913331896,8.188045285351109e-06
5.438997745513916,5.0,1.114648461341858,0.0,0.7675390243530273,-3.0,-133.6114044189453,0.5,0.45924705266952515,-0.5,-0.5321698188781738,0.25,-29.21742820739746,-0.17180820252204237,-0.0013709950726479292,0.001496517072510215,0.001414179801940918,0.0,-3.025411160706426e-06,0.02025998942553997,0.0003625481913331896,8.188045285351109e-06
5.443326473236084,5.0,1.1177343130111694,0.0,0.7639940977096558,-3.0,-133.80628967285156,0.5,0.4592762291431427,-0.5,-0.5321760177612305,0.25,-29.21738052368164,-0.0018150117736806812,-0.0013992248568683863,0.0015000452407676048,0.0014178751735016704,0.0,-2.918631253123749e-06,-0.01696680299937725,0.00025597328203730285,8.026926479942631e-06
5.448434352874756,5.0,1.1177343130111694,0.0,0.7639940977096558,-3.0,-133.80628967285156,0.5,0.4592762291431427,-0.5,-0.5321760177612305,0.25,-29.21738052368164,-0.0017988449608642642,-0.0013992248568683863,0.001443583787288829,0.0014178751735016704,0.0,-2.918631253123749e-06,-0.01696680299937725,0.00025597328203730285,8.026926479942631e-06
5.453392505645752,5.0,1.1177343130111694,0.0,0.7639940977096558,-3.0,-133.80628967285156,0.5,0.4592762291431427,-0.5,-0.5321760177612305,0.25,-29.21738052368164,-0.0018077902109619117,-0.0019201389513909817,0.0015047425998792785,0.0014206169871613383,0.0,-2.842171625161427e-06,0.1062292605638504,0.00027091894298791885,7.87976932770107e-06
5.458424091339111,5.0,1.1232812404632568,0.0,0.7575488090515137,-3.0,-134.16009521484375,0.5,0.4593290090560913,-0.4779424778704755,-0.5322118401527405,0.25,-29.216991424560547,0.04475818020585983,-0.002870354801416397,0.0013976046259579818,0.0014226436614990234,0.0,-2.79984897133545e-06,0.15679243206977844,0.0003191329597029835,7.762052518955898e-06
5.463103532791138,5.0,1.1232812404632568,0.0,0.7575488090515137,-3.0,-134.16009521484375,0.5,0.4593290090560913,-0.5,-0.5322118401527405,0.25,-29.216991424560547,-0.048932098888261895,-0.002870354801416397,0.0015063081522671664,0.0014226436614990234,0.0,-2.79984897133545e-06,0.15679243206977844,0.0003191329597029835,7.762052518955898e-06
5.467911720275879,5.0,1.1260937452316284,0.0,0.75428706407547,-3.0,-134.33920288085938,0.5,0.4593794047832489,-0.5,-0.5324716567993164,0.25,-29.21685218811035,-0.0012203520735697734,-0.003961717709898949,0.0013993545766073508,0.001424670103006065,0.0,-2.759871449597995e-06,0.1468861699104309,0.00029540370451286435,7.568478849862004e-06
5.472503662109375,5.0,1.1260937452316284,0.0,0.75428706407547,-3.0,-134.33920288085938,0.5,0.4593794047832489,-0.5,-0.5324716567993164,0.25,-29.21685218811035,-0.0017577328835917,-0.003961717709898949,0.0015078974419686793,0.001424670103006065,0.0,-2.759871449597995e-06,0.1468861699104309,0.00029540370451286435,7.568478849862004e-06
5.477182865142822,5.0,1.1319140195846558,0.0,0.74755859375,-3.0,-134.70822143554688,0.5,0.4594123065471649,-0.4542516543742994,-0.532761812210083,0.25,-29.216747283935547,0.10216385496778432,-0.005376389715820551,0.0014374327030519307,0.0014280080795288086,0.0,-2.680445277292165e-06,0.08089830726385117,0.0002317112812306732,7.472399374819361e-06
5.482017517089844,5.0,1.1319140195846558,0.0,0.74755859375,-3.0,-134.70822143554688,0.5,0.4594123065471649,-0.5,-0.532761812210083,0.25,-29.216747283935547,-0.09633833313818131,-0.005376389715820551,0.001511672138888797,0.0014280080795288086,0.0,-2.680445277292165e-06,0.08089830726385117,0.0002317112812306732,7.472399374819361e-06
5.4867775440216064,5.0,1.1319140195846558,0.0,0.74755859375,-3.0,-134.70822143554688,0.5,0.4594123065471649,-0.5,-0.532761812210083,0.25,-29.216747283935547,-0.0017092801535728208,-0.005619802512228489,0.0015155361091674698,0.0014290808467194438,0.0,-2.644777623572736e-06,0.0441722571849823,0.00016797114221844822,7.388710855593672e-06
5.491347312927246,5.0,1.1372265815734863,0.0,0.7413867115974426,-3.0,-135.04669189453125,0.5,0.4594639241695404,-0.45805041378152794,-0.5332968235015869,0.25,-29.216392517089844,0.09636455827690815,-0.005130312405526638,0.0014000922471480981,0.001429557683877647,0.0,-2.6042737317766296e-06,-0.08059503138065338,0.0001191788469441235,7.301375262613874e-06
5.496143817901611,5.0,1.1372265815734863,0.0,0.7413867115974426,-3.0,-135.04669189453125,0.5,0.4594639241695404,-0.5,-0.5332968235015869,0.25,-29.216392517089844,-0.08909366004391117,-0.005130312405526638,0.001516935434247386,0.001429557683877647,0.0,-2.6042737317766296e-06,-0.08059503138065338,0.0001191788469441235,7.301375262613874e-06
5.501181364059448,5.0,1.144687533378601,0.0,0.7326855063438416,-3.0,-135.52296447753906,0.5,0.4595368802547455,-0.41342134747651205,-0.5339059233665466,0.25,-29.215953826904297,0.18191549999084305,-0.0030338731594383717,0.0013674327521036632,0.001431703451089561,0.0,-2.4957926143542863e-06,-0.21222323179244995,8.273965067928657e-05,7.137132342904806e-06
5.506141185760498,5.0,1.144687533378601,0.0,0.7326855063438416,-3.0,-135.52296447753906,0.5,0.4595368802547455,-0.5,-0.5339059233665466,0.25,-29.215953826904297,-0.1761064230936748,-0.0030338731594383717,0.001516271197879007,0.001431703451089561,0.0,-2.4957926143542863e-06,-0.21222323179244995,8.273965067928657e-05,7.137132342904806e-06
5.510669469833374,5.0,1.1483592987060547,0.0,0.7283984422683716,-3.0,-135.75721740722656,0.5,0.45957300066947937,-0.48804571637985283,-0.5340279936790466,0.25,-29.215816497802734,0.026575633540843024,-0.0026008428540080786,0.0014358318171910315,0.001431703451089561,0.0,-2.4832927465467947e-06,-0.2394115924835205,7.02789329807274e-05,7.089300197549164e-06
5.515475273132324,5.0,1.1483592987060547,0.0,0.7283984422683716,-3.0,-135.75721740722656,0.5,0.45957300066947937,-0.5,-0.5340279936790466,0.25,-29.215816497802734,-0.026399013240331726,-0.0026008428540080786,0.0015194837309895773,0.001431703451089561,0.0,-2.4832927465467947e-06,-0.2394115924835205,7.02789329807274e-05,7.089300197549164e-06
5.520192861557007,5.0,1.1511718034744263,0.0,0.7251366972923279,-3.0,-135.93540954589844,0.5,0.45960021018981934,-0.5,-0.5340282320976257,0.25,-29.215497970581055,-0.001520585087108351,-0.0012181298807263374,0.0014623536226971198,0.0014333724975585938,0.0,-2.40226609093952e-06,-0.021749822422862053,0.00018848224135581404,6.7420460254652426e-06
5.525082111358643,5.0,1.1511718034744263,0.0,0.7251366972923279,-3.0,-135.93540954589844,0.5,0.45960021018981934,-0.5,-0.5340282320976257,0.25,-29.215497970581055,-0.001517763018889411,-0.0012181298807263374,0.0015239808734504546,0.0014333724975585938,0.0,-2.40226609093952e-06,-0.021749822422862053,0.00018848224135581404,6.7420460254652426e-06
5.529804944992065,5.0,1.1511718034744263,0.0,0.7251366972923279,-3.0,-135.93540954589844,0.5,0.45960021018981934,-0.5,-0.5340282320976257,0.25,-29.215497970581055,-0.0015145488253086791,-0.0014966962626203895,0.0015277969031724293,0.001434922101907432,0.0,-2.3630129817320267e-06,0.045562680810689926,0.00021253310842439532,6.706488420604728e-06
5.534427165985107,5.0,1.1539843082427979,0.0,0.7218652367591858,-3.0,-136.11412048339844,0.5,0.45962783694267273,-0.5,-0.5340195894241333,0.25,-29.21535301208496,-0.0015311391215822652,-0.0039036611560732126,0.0014684444408970935,0.001441359519958496,0.0,-2.2684307623421773e-06,0.1570592075586319,0.00045015849173069,6.2970516410132404e-06
5.539446830749512,5.0,1.1539843082427979,0.0,0.7218652367591858,-3.0,-136.11412048339844,0.5,0.45962783694267273,-0.5,-0.5340195894241333,0.25,-29.21535301208496,-0.0015090256862329166,-0.0039036611560732126,0.0015322669685096163,0.001441359519958496,0.0,-2.2684307623421773e-06,0.1570592075586319,0.00045015849173069,6.2970516410132404e-06
5.544076681137085,5.0,1.163124918937683,0.0,0.711181640625,-3.0,-136.69845581054688,0.5,0.45971906185150146,-0.3381906392418508,-0.5342661738395691,0.25,-29.215044021606445,0.35,-0.004326038993895054,0.0013280134661501407,0.0014424322871491313,0.0,-2.257300138808205e-06,0.15794655680656433,0.000483056646771729,6.183888217492495e-06
5.549009084701538,5.0,1.163124918937683,0.0,0.711181640625,-3.0,-136.69845581054688,0.5,0.45971906185150146,-0.5,-0.5342661738395691,0.25,-29.215044021606445,-0.3295116739401836,-0.004326038993895054,0.001529023510650204,0.0014424322871491313,0.0,-2.257300138808205e-06,0.15794655680656433,0.000483056646771729,6.183888217492495e-06
5.553899765014648,5.0,1.1677343845367432,0.0,0.7058007717132568,-3.0,-136.9921112060547,0.5,0.4597657322883606,-0.45461770507108806,-0.5346415042877197,0.25,-29.21495819091797,0.09760170273287955,-0.005712480284273624,0.0014319312270360909,0.0014476776123046875,0.0,-2.223120645794552e-06,0.12862402200698853,0.000563105393666774,6.174677309900289e-06
5.558665752410889,5.0,1.1677343845367432,0.0,0.7058007717132568,-3.0,-136.9921112060547,0.5,0.4597657322883606,-0.5,-0.5346415042877197,0.25,-29.21495819091797,-0.09662291133234138,-0.005712480284273624,0.001531193637303516,0.0014476776123046875,0.0,-2.223120645794552e-06,0.12862402200698853,0.000563105393666774,6.174677309900289e-06
5.563561677932739,5.0,1.1705468893051147,0.0,0.7025195360183716,-3.0,-137.17124938964844,0.5,0.45977652072906494,-0.4949959063895694,-0.5351591110229492,0.25,-29.1837100982666,0.010542960891536857,-0.005712480284273624,0.0015118020985312225,0.0014476776123046875,0.0,-2.223120645794552e-06,0.12862402200698853,0.000563105393666774,6.174677309900289e-06
5.5682454109191895,5.0,1.1705468893051147,0.0,0.7025195360183716,-3.0,-137.17124938964844,0.5,0.45977652072906494,-0.5,-0.5351591110229492,0.25,-29.1837100982666,-0.012016376788765246,-0.005712480284273624,0.0015376055683276198,0.0014476776123046875,0.0,-2.223120645794552e-06,0.12862402200698853,0.000563105393666774,6.174677309900289e-06
5.573150396347046,5.0,1.1705468893051147,0.0,0.7025195360183716,-3.0,-137.17124938964844,0.5,0.45977652072906494,-0.5,-0.5351591110229492,0.25,-29.1837100982666,-0.0013289420212956307,-0.0164966844022274,0.0015415514799212524,0.0014605522155761719,0.0,-2.242681603092933e-06,0.6721106171607971,0.000657652853988111,5.656529538100585e-06
5.577611923217773,5.0,1.176796793937683,0.0,0.6952245831489563,-3.0,-137.56906127929688,0.5,0.4597971737384796,-0.3926716774206774,-0.5359531044960022,0.25,-29.171743392944336,0.2540022727647064,-0.0164966844022274,0.0014963690903238235,0.0014605522155761719,0.0,-2.242681603092933e-06,0.6721106171607971,0.000657652853988111,5.656529538100585e-06
5.582281827926636,5.0,1.176796793937683,0.0,0.6952245831489563,-3.0,-137.56906127929688,0.5,0.4597971737384796,-0.5,-0.5359531044960022,0.25,-29.171743392944336,-0.23104731132371614,-0.019460782408714294,0.0015464153059377558,0.0014635323313996196,0.0,-2.2699509827361908e-06,0.6538244485855103,0.0006453860551118851,5.492588115885155e-06
5.587065696716309,5.0,1.181640625,0.0,0.6895312070846558,-3.0,-137.87808227539062,0.5,0.45983701944351196,-0.4326130045413853,-0.5377013683319092,0.25,-29.163753509521484,0.15160623145689578,-0.019460782408714294,0.0014621847082729074,0.0014635323313996196,0.0,-2.2699509827361908e-06,0.6538244485855103,0.0006453860551118851,5.492588115885155e-06
5.5919177532196045,5.0,1.181640625,0.0,0.6895312070846558,-3.0,-137.87808227539062,0.5,0.45983701944351196,-0.5,-0.5377013683319092,0.25,-29.163753509521484,-0.13987738412285186,-0.02406645193696022,0.0015493739709375792,0.0014706848887726665,0.0,-2.365780119362171e-06,0.19895808398723602,0.0005827370914630592,5.76400316276704e-06
5.596873760223389,5.0,1.184414029121399,0.0,0.6862890720367432,-3.0,-138.05343627929688,0.5,0.45983123779296875,-0.4836129673518172,-0.5385051369667053,0.25,-29.139570236206055,0.035761119920537696,-0.02406645193696022,0.0015657152474012103,0.0014706848887726665,0.0,-2.365780119362171e-06,0.19895808398723602,0.0005827370914630592,5.76400316276704e-06
5.601772785186768,5.0,1.184414029121399,0.0,0.6862890720367432,-3.0,-138.05343627929688,0.5,0.45983123779296875,-0.5,-0.5385051369667053,0.25,-29.139570236206055,-0.034337928849048585,-0.02406645193696022,0.001557985057715398,0.0014706848887726665,0.0,-2.365780119362171e-06,0.19895808398723602,0.0005827370914630592,5.76400316276704e-06
5.606588363647461,5.0,1.184414029121399,0.0,0.6862890720367432,-3.0,-138.05343627929688,0.5,0.45983123779296875,-0.5,-0.5385051369667053,0.25,-29.139570236206055,-0.000884640553354187,-0.02406645193696022,0.001561853774236936,0.0014706848887726665,0.0,-2.365780119362171e-06,0.19895808398723602,0.0005827370914630592,5.76400316276704e-06
5.611243963241577,5.0,1.193750023841858,0.0,0.67529296875,-3.0,-138.6448974609375,0.5,0.4598844051361084,-0.3040434598568649,-0.5426816344261169,0.25,-29.106603622436523,0.35,-0.024400414898991585,0.001445008085898517,0.0014823675155639648,0.0,-2.5309843749710126e-06,-0.14171378314495087,0.0005703739589080215,5.955095275567146e-06
5.615959644317627,5.0,1.193750023841858,0.0,0.67529296875,-3.0,-138.6448974609375,0.5,0.4598844051361084,-0.5,-0.5426816344261169,0.25,-29.106603622436523,-0.35,-0.024400414898991585,0.0015629923830345828,0.0014823675155639648,0.0,-2.5309843749710126e-06,-0.14171378314495087,0.0005703739589080215,5.955095275567146e-06
5.620765686035156,5.0,1.1983983516693115,0.0,0.6698046922683716,-3.0,-138.93807983398438,0.5,0.45993104577064514,-0.42164839713248675,-0.5449865460395813,0.25,-29.10344886779785,0.17715658941307544,-0.023621704429388046,0.0014642011303215119,0.001484513166360557,0.0,-2.5626229671615874e-06,-0.19131501019001007,0.0005758482730016112,6.0226593632251024e-06
5.625256538391113,5.0,1.1983983516693115,0.0,0.6698046922683716,-3.0,-138.93807983398438,0.5,0.45993104577064514,-0.5,-0.5449865460395813,0.25,-29.10344886779785,-0.17453406601756843,-0.022121276706457138,0.0015648458433522865,0.0014880894450470805,0.0,-2.6060224627144635e-06,-0.25003674626350403,0.000584246008656919,6.140393452369608e-06
5.629866600036621,5.0,1.1983983516693115,0.0,0.6698046922683716,-3.0,-138.93807983398438,0.5,0.45993104577064514,-0.5,-0.5449865460395813,0.25,-29.10344886779785,-6.0582189805813424e-05,-0.022121276706457138,0.0015685402503336538,0.0014880894450470805,0.0,-2.6060224627144635e-06,-0.25003674626350403,0.000584246008656919,6.140393452369608e-06
5.634646892547607,5.0,1.201210856437683,0.0,0.6664843559265137,-3.0,-139.11495971679688,0.5,0.45992955565452576,-0.4637286318733805,-0.546574592590332,0.25,-29.06291389465332,0.08368941796487939,-0.022121276706457138,0.001575667240150855,0.0014880894450470805,0.0,-2.6060224627144635e-06,-0.25003674626350403,0.000584246008656919,6.140393452369608e-06
5.639742612838745,5.0,1.201210856437683,0.0,0.6664843559265137,-3.0,-139.11495971679688,0.5,0.45992955565452576,-0.5,-0.546574592590332,0.25,-29.06291389465332,-0.07103741044369809,-0.026339193806052208,0.0015766337886948339,0.0014978646067902446,0.0,-2.734684358074446e-06,0.4863872528076172,0.0005953272921033204,6.4521932472416665e-06
5.644211530685425,5.0,1.20703125,0.0,0.6595312356948853,-3.0,-139.48394775390625,0.5,0.45994776487350464,-0.3720365335836504,-0.5480332374572754,0.25,-29.04909896850586,0.3052940699951642,-0.026339193806052208,0.0015372821132120646,0.0014978646067902446,0.0,-2.734684358074446e-06,0.4863872528076172,0.0005953272921033204,6.4521932472416665e-06
5.648821592330933,5.0,1.20703125,0.0,0.6595312356948853,-3.0,-139.48394775390625,0.5,0.45994776487350464,-0.5,-0.5480332374572754,0.25,-29.04909896850586,-0.2772364595170126,-0.03099866211414337,0.0015817213508439632,0.001502513769082725,0.0,-2.8143815598014044e-06,0.6348437070846558,0.0005869095912203193,6.318601208477048e-06
5.653583288192749,5.0,1.212343692779541,0.0,0.6531542539596558,-3.0,-139.82029724121094,0.5,0.4599999487400055,-0.3886009116796413,-0.5512604117393494,0.25,-29.043046951293945,0.25483420106017896,-0.03099866211414337,0.0014696777211367857,0.001502513769082725,0.0,-2.8143815598014044e-06,0.6348437070846558,0.0005869095912203193,6.318601208477048e-06
5.658318758010864,5.0,1.212343692779541,0.0,0.6531542539596558,-3.0,-139.82029724121094,0.5,0.4599999487400055,-0.5,-0.5512604117393494,0.25,-29.043046951293945,-0.23449855106170883,-0.03422747179865837,0.0015830570291442986,0.0015062092570587993,0.0,-2.890844598368858e-06,0.5272412300109863,0.0005814445903524756,6.372775260388153e-06
5.66305136680603,5.0,1.2150781154632568,0.0,0.649853527545929,-3.0,-139.99365234375,0.5,0.45998504757881165,-0.4501384895430404,-0.5522628426551819,0.25,-29.01185417175293,0.11433427519208765,-0.03488793969154358,0.0016201188168986115,0.001509547233581543,0.0,-2.963398856081767e-06,0.11048328131437302,0.0005424828268587589,6.588439646293409e-06
5.667705535888672,5.0,1.2150781154632568,0.0,0.649853527545929,-3.0,-139.99365234375,0.5,0.45998504757881165,-0.5,-0.5522628426551819,0.25,-29.01185417175293,-0.10625272552740696,-0.03488793969154358,0.001592357397890935,0.001509547233581543,0.0,-2.963398856081767e-06,0.11048328131437302,0.0005424828268587589,6.588439646293409e-06
5.672291040420532,5.0,1.2233202457427979,0.0,0.639941394329071,-3.0,-140.510986328125,0.5,0.4600110650062561,-0.29579079029297656,-0.5569714903831482,0.25,-28.964916229248047,0.35,-0.03288684040307999,0.0015361642771068898,0.0015190838603302836,0.0,-3.1877041237748927e-06,-0.339038223028183,0.0005920578842051327,6.88701038598083e-06
5.677215337753296,5.0,1.2233202457427979,0.0,0.639941394329071,-3.0,-140.510986328125,0.5,0.4600110650062561,-0.5,-0.5569714903831482,0.25,-28.964916229248047,-0.35,-0.03288684040307999,0.0015968410435689574,0.0015190838603302836,0.0,-3.1877041237748927e-06,-0.339038223028183,0.0005920578842051327,6.88701038598083e-06
5.68209433555603,5.0,1.2262499332427979,0.0,0.6363769173622131,-3.0,-140.69578552246094,0.5,0.4600397050380707,-0.4360439693862522,-0.5589034557342529,0.25,-28.960660934448242,0.1444375448600323,-0.03000902757048607,0.0015386029185423416,0.0015233755111694336,0.0,-3.2659643238730496e-06,-0.4700023829936981,0.0006210189312696457,7.209000614238903e-06
5.686835527420044,5.0,1.2262499332427979,0.0,0.6363769173622131,-3.0,-140.69578552246094,0.5,0.4600397050380707,-0.5,-0.5589034557342529,0.25,-28.960660934448242,-0.13317012799894248,-0.03000902757048607,0.0016010927520846673,0.0015233755111694336,0.0,-3.2659643238730496e-06,-0.4700023829936981,0.0006210189312696457,7.209000614238903e-06
5.691661596298218,5.0,1.2262499332427979,0.0,0.6363769173622131,-3.0,-140.69578552246094,0.5,0.4600397050380707,-0.5,-0.5589034557342529,0.25,-28.960660934448242,0.0017299731268242344,-0.024642759934067726,0.0016049497748022354,0.001526474952697754,0.0,-3.3177095701830694e-06,-0.8718680143356323,0.0005786967230960727,7.198955245257821e-06
5.696385860443115,5.0,1.2290624380111694,0.0,0.6329296827316284,-3.0,-140.8739013671875,0.5,0.4600396752357483,-0.43337503561250434,-0.560075581073761,0.25,-28.93821907043457,0.1533858488924804,-0.024642759934067726,0.0016087920971935498,0.001526474952697754,0.0,-3.3177095701830694e-06,-0.8718680143356323,0.0005786967230960727,7.198955245257821e-06
5.70122766494751,5.0,1.2290624380111694,0.0,0.6329296827316284,-3.0,-140.8739013671875,0.5,0.4600396752357483,-0.5,-0.560075581073761,0.25,-28.93821907043457,-0.13571516516122706,-0.00532152783125639,0.0016125986152797783,0.0015350579051300883,0.0,-3.309848352728295e-06,-1.1619927883148193,0.0004660620470531285,8.364633686142042e-06
5.706122159957886,5.0,1.2379686832427979,0.0,0.6220117211341858,-3.0,-141.43588256835938,0.5,0.46011996269226074,-0.2745432265834166,-0.5627719759941101,0.25,-28.919384002685547,0.35,-0.00532152783125639,0.001442831731956027,0.0015350579051300883,0.0,-3.309848352728295e-06,-1.1619927883148193,0.0004660620470531285,8.364633686142042e-06
5.710643529891968,5.0,1.2379686832427979,0.0,0.6220117211341858,-3.0,-141.43588256835938,0.5,0.46011996269226074,-0.49760937690734863,-0.5627719759941101,0.25,-28.919384002685547,-0.35,-0.0021528995130211115,0.0016104742214036768,0.0015361307887360454,0.0,-3.291534085292369e-06,-1.1260548830032349,0.0004622265405487269,8.22273977973964e-06
5.715175151824951,5.0,1.2401171922683716,0.0,0.6193652153015137,-3.0,-141.57176208496094,0.5,0.4601455330848694,-0.43709131992364375,-0.5628067255020142,0.25,-28.9186954498291,0.14343350883873915,-0.0021528995130211115,0.001554591302137469,0.0015361307887360454,0.0,-3.291534085292369e-06,-1.1260548830032349,0.0004622265405487269,8.22273977973964e-06
5.720314979553223,5.0,1.2401171922683716,0.0,0.6193652153015137,-3.0,-141.57176208496094,0.5,0.4601455330848694,-0.49549217224121095,-0.5628067255020142,0.25,-28.9186954498291,-0.11081462904662281,0.010699969716370106,0.0016151147837015567,0.0015403032302856445,0.0,-3.1848303478909656e-06,-1.2581679821014404,0.00032149552134796977,8.792142580205109e-06
5.725038766860962,5.0,1.2456640005111694,0.0,0.6125683188438416,-3.0,-141.92092895507812,0.5,0.4601423442363739,-0.3461680654621928,-0.562118411064148,0.25,-28.871768951416016,0.33532007436500255,0.015739452093839645,0.0016260136455701906,0.0015419720439240336,0.0,-3.110106263193302e-06,-0.843611478805542,0.0002785188262350857,8.863593393471092e-06
5.729558944702148,5.0,1.2456640005111694,0.0,0.6125683188438416,-3.0,-141.92092895507812,0.5,0.4601423442363739,-0.4900546550750733,-0.562118411064148,0.25,-28.871768951416016,-0.31491430277468796,0.015739452093839645,0.0016228663011369515,0.0015419720439240336,0.0,-3.110106263193302e-06,-0.843611478805542,0.0002785188262350857,8.863593393471092e-06
5.734922170639038,5.0,1.2456640005111694,0.0,0.6125683188438416,-3.0,-141.92092895507812,0.5,0.4601423442363739,-0.4900546550750733,-0.562118411064148,0.25,-28.871768951416016,0.003414065518437718,0.01983434148132801,0.0016271416134004532,0.0015430449275299907,0.0,-3.032133463420905e-06,-0.7126103043556213,0.00023026140115689486,8.786607395450119e-06
5.739596128463745,5.0,1.2528514862060547,0.0,0.6038183569908142,-3.0,-142.37118530273438,0.5,0.4601432979106903,-0.29584799308091914,-0.5592463612556458,0.25,-28.814002990722656,0.35,0.01983434148132801,0.0016287125434560476,0.0015430449275299907,0.0,-3.032133463420905e-06,-0.7126103043556213,0.00023026140115689486,8.786607395450119e-06
5.744178533554077,5.0,1.2528514862060547,0.0,0.6038183569908142,-3.0,-142.37118530273438,0.5,0.4601432979106903,-0.4830546855926514,-0.5592463612556458,0.25,-28.814002990722656,-0.35,0.029314424842596054,0.0016344057344651894,0.0015462635783478618,0.0,-2.847756604751339e-06,-0.783928394317627,0.00028311682399362326,8.721848644199781e-06
5.749356746673584,5.0,1.2567968368530273,0.0,0.5990234017372131,-3.0,-142.61895751953125,0.5,0.4601478576660156,-0.38662007504325363,-0.5568208694458008,0.25,-28.784624099731445,0.19678715330270466,0.033091843128204346,0.0016291801675159998,0.0015484093455597758,0.0,-2.7290964226267533e-06,-0.6326667666435242,0.0003590715059544891,8.5835563368164e-06
5.754077672958374,5.0,1.2567968368530273,0.0,0.5990234017372131,-3.0,-142.61895751953125,0.5,0.4601478576660156,-0.4792187213897705,-0.5568208694458008,0.25,-28.784624099731445,-0.19200984848183583,0.033091843128204346,0.001641748602076631,0.0015484093455597758,0.0,-2.7290964226267533e-06,-0.6326667666435242,0.0003590715059544891,8.5835563368164e-06
5.758984088897705,5.0,1.2596484422683716,0.0,0.5955957174301147,-3.0,-142.79690551757812,0.5,0.4601605534553528,-0.40661530760461956,-0.5545989274978638,0.25,-28.76956558227539,0.15604335920558488,0.03798007220029831,0.0016182585923664582,0.0015510320663452148,0.0,-2.5792407996050315e-06,-0.7903000116348267,0.00044206302845850587,8.357898877875414e-06
5.763434886932373,5.0,1.2596484422683716,0.0,0.5955957174301147,-3.0,-142.79690551757812,0.5,0.4601605534553528,-0.4764765739440918,-0.5545989274978638,0.25,-28.76956558227539,-0.1527443292976375,0.03798007220029831,0.001647680831874651,0.0015510320663452148,0.0,-2.5792407996050315e-06,-0.7903000116348267,0.00044206302845850587,8.357898877875414e-06
5.768046617507935,5.0,1.2596484422683716,0.0,0.5955957174301147,-3.0,-142.79690551757812,0.5,0.4601605534553528,-0.4764765739440918,-0.5545989274978638,0.25,-28.76956558227539,0.004226337211180746,0.03798007220029831,0.0016513554077495192,0.0015510320663452148,0.0,-2.5792407996050315e-06,-0.7903000116348267,0.00044206302845850587,8.357898877875414e-06
5.772624731063843,5.0,1.2667187452316284,0.0,0.5870996117591858,-3.0,-143.23838806152344,0.5,0.46009746193885803,-0.2840987603374601,-0.550321102142334,0.25,-28.670412063598633,0.35,0.03892442584037781,0.0018003911222407398,0.0015600918559357524,0.0,-2.1028904484410305e-06,0.3159864544868469,0.0006290385499596596,7.879592885728925e-06
5.777413368225098,5.0,1.2667187452316284,0.0,0.5870996117591858,-3.0,-143.23838806152344,0.5,0.46009746193885803,-0.46967968940734867,-0.550321102142334,0.25,-28.670412063598633,-0.35,0.03322751075029373,0.0016664015322689061,0.0015659331111237407,0.0,-1.8261092691318481e-06,0.7550698518753052,0.0006765675498172641,7.319198630284518e-06
5.782145261764526,5.0,1.2707421779632568,0.0,0.5823144316673279,-3.0,-143.4886474609375,0.5,0.46012815833091736,-0.3647254305558102,-0.5463892221450806,0.25,-28.656705856323242,0.23019310271689106,0.03322751075029373,0.0016016200862431515,0.0015659331111237407,0.0,-1.8261092691318481e-06,0.7550698518753052,0.0006765675498172641,7.319198630284518e-06
5.787042140960693,5.0,1.2707421779632568,0.0,0.5823144316673279,-3.0,-143.4886474609375,0.5,0.46012815833091736,-0.4658515453338623,-0.5463892221450806,0.25,-28.656705856323242,-0.2019379977848648,0.02994706854224205,0.0016703963032614118,0.0015712975291535258,0.0,-1.61396576459083e-06,0.5312203168869019,0.0008680303581058979,6.941224455658812e-06
5.791877508163452,5.0,1.2763671875,0.0,0.5756738185882568,-3.0,-143.8372802734375,0.5,0.4600849747657776,-0.3232048504428159,-0.5436720252037048,0.25,-28.582006454467773,0.31077374732669244,0.02994706854224205,0.0017687461335999506,0.0015712975291535258,0.0,-1.61396576459083e-06,0.5312203168869019,0.0008680303581058979,6.941224455658812e-06
5.796729803085327,5.0,1.2763671875,0.0,0.5756738185882568,-3.0,-143.8372802734375,0.5,0.4600849747657776,-0.4605390548706055,-0.5436720252037048,0.25,-28.582006454467773,-0.2781152054752253,0.025338411331176758,0.0016833119966414918,0.0015771387843415141,0.0,-1.4161431636239286e-06,0.7663348913192749,0.0009524080087430775,6.468625088018598e-06
5.8012776374816895,5.0,1.2791796922683716,0.0,0.5723632574081421,-3.0,-144.01126098632812,0.5,0.4600628614425659,-0.3850963726368676,-0.5414804220199585,0.25,-28.52173614501953,0.17478657647130436,0.02209935151040554,0.0017382219984863774,0.0015825032023712993,0.0,-1.2465494592106552e-06,0.6387458443641663,0.0008974337833933532,5.685809810529463e-06
5.8059515953063965,5.0,1.2791796922683716,0.0,0.5723632574081421,-3.0,-144.01126098632812,0.5,0.4600628614425659,-0.4578906059265137,-0.5414804220199585,0.25,-28.52173614501953,-0.15075327083829243,0.02209935151040554,0.0016933314353005068,0.0015825032023712993,0.0,-1.2465494592106552e-06,0.6387458443641663,0.0008974337833933532,5.685809810529463e-06
5.810642719268799,5.0,1.2791796922683716,0.0,0.5723632574081421,-3.0,-144.01126098632812,0.5,0.4600628614425659,-0.4578906059265137,-0.5414804220199585,0.25,-28.52173614501953,0.004998881020592248,0.02209935151040554,0.0016970784366540383,0.0015825032023712993,0.0,-1.2465494592106552e-06,0.6387458443641663,0.0008974337833933532,5.685809810529463e-06
5.815145492553711,5.0,1.2853906154632568,0.0,0.5650683641433716,-3.0,-144.39633178710938,0.5,0.4600940942764282,-0.2900457958365653,-0.5399366617202759,0.25,-28.510576248168945,0.35,0.011688128113746643,0.0016275606917952388,0.0015941858291625977,0.0,-9.696053666630178e-07,0.9189340472221375,0.000854986603371799,5.154621248948388e-06
5.819925308227539,5.0,1.2853906154632568,0.0,0.5650683641433716,-3.0,-144.39633178710938,0.5,0.4600940942764282,-0.4520546913146973,-0.5399366617202759,0.25,-28.510576248168945,-0.3333989692473757,0.011688128113746643,0.0017007390989877244,0.0015941858291625977,0.0,-9.696053666630178e-07,0.9189340472221375,0.000854986603371799,5.154621248948388e-06
5.8245768547058105,5.0,1.2903125286102295,0.0,0.5592870712280273,-3.0,-144.7021484375,0.5,0.4601483941078186,-0.32314211213362637,-0.5386644005775452,0.25,-28.501909255981445,0.295285780588622,0.0024510780349373817,0.001581195543473338,0.0016037224559113383,0.0,-8.596495604251686e-07,0.8686583042144775,0.0008395837503485382,3.766299641938531e-06
5.8291168212890625,5.0,1.2903125286102295,0.0,0.5592870712280273,-3.0,-144.7021484375,0.5,0.4601483941078186,-0.4474296569824219,-0.5386644005775452,0.25,-28.501909255981445,-0.26778761519588956,0.0024510780349373817,0.0017015490503424916,0.0016037224559113383,0.0,-8.596495604251686e-07,0.8686583042144775,0.0008395837503485382,3.766299641938531e-06
5.833749532699585,5.0,1.2930468320846558,0.0,0.5560839772224426,-3.0,-144.87147521972656,0.5,0.4601238965988159,-0.3757263758492835,-0.5383952856063843,0.25,-28.4400634765625,0.1687578403871606,0.0024510780349373817,0.0017610628604918205,0.0016037224559113383,0.0,-8.596495604251686e-07,0.8686583042144775,0.0008395837503485382,3.766299641938531e-06
5.838348627090454,5.0,1.2930468320846558,0.0,0.5560839772224426,-3.0,-144.87147521972656,0.5,0.4601238965988159,-0.44486718177795415,-0.5383952856063843,0.25,-28.4400634765625,-0.14406130674068363,0.006572455167770386,0.0017118513202771333,0.0016143320826813579,0.0,-7.83471989507234e-07,-0.8064185380935669,0.0003920787130482495,2.3259231056727003e-06
5.843203067779541,5.0,1.2991405725479126,0.0,0.5489550828933716,-3.0,-145.24819946289062,0.5,0.46012380719184875,-0.2923110139105914,-0.5381758809089661,0.25,-28.40901756286621,0.3383877656537443,0.006572455167770386,0.0017159177570009484,0.0016143320826813579,0.0,-7.83471989507234e-07,-0.8064185380935669,0.0003920787130482495,2.3259231056727003e-06
5.8479392528533936,5.0,1.2991405725479126,0.0,0.5489550828933716,-3.0,-145.24819946289062,0.5,0.46012380719184875,-0.4391640663146973,-0.5381758809089661,0.25,-28.40901756286621,-0.30310043414600457,0.011913206428289413,0.0017195108019546685,0.0016164779663085938,0.0,-7.554717740276828e-07,-1.0878183841705322,0.0003770515904761851,2.349536316614831e-06
5.852803707122803,5.0,1.2991405725479126,0.0,0.5489550828933716,-3.0,-145.24819946289062,0.5,0.46012380719184875,-0.4391640663146973,-0.5381758809089661,0.25,-28.40901756286621,0.006975317480544729,0.011913206428289413,0.001723390320281736,0.0016164779663085938,0.0,-7.554717740276828e-07,-1.0878183841705322,0.0003770515904761851,2.349536316614831e-06
5.857520580291748,5.0,1.3042187690734863,0.0,0.543017566204071,-3.0,-145.56190490722656,0.5,0.4601544141769409,-0.3085358180259338,-0.5370087027549744,0.25,-28.382999420166016,0.2969959501115448,0.025566209107637405,0.0016585881199935087,0.0016219614772126079,0.0,-6.360104976010916e-07,-1.2177419662475586,0.0004550432786345482,2.0313073036959395e-06
5.8621320724487305,5.0,1.3042187690734863,0.0,0.543017566204071,-3.0,-145.56190490722656,0.5,0.4601544141769409,-0.43441405296325686,-0.5370087027549744,0.25,-28.382999420166016,-0.2655301127182489,0.025566209107637405,0.001727151365694339,0.0016219614772126079,0.0,-6.360104976010916e-07,-1.2177419662475586,0.0004550432786345482,2.0313073036959395e-06
5.866784334182739,5.0,1.307031273841858,0.0,0.5397655963897705,-3.0,-145.7342987060547,0.5,0.46018558740615845,-0.3619116417712742,-0.5356820821762085,0.25,-28.37749671936035,0.1689853389452439,0.025566209107637405,0.001660108508574386,0.0016219614772126079,0.0,-6.360104976010916e-07,-1.2177419662475586,0.0004550432786345482,2.0313073036959395e-06
5.8717451095581055,5.0,1.307031273841858,0.0,0.5397655963897705,-3.0,-145.7342987060547,0.5,0.46018558740615845,-0.4318124771118164,-0.5356820821762085,0.25,-28.37749671936035,-0.1332913339500524,0.025566209107637405,0.0017310653267032872,0.0016219614772126079,0.0,-6.360104976010916e-07,-1.2177419662475586,0.0004550432786345482,2.0313073036959395e-06
5.8765623569488525,5.0,1.3153514862060547,0.0,0.530078113079071,-3.0,-146.2481231689453,0.5,0.46013250946998596,-0.22296251520960675,-0.5318664312362671,0.25,-28.27006721496582,0.35,0.031228115782141685,0.0018514588333279711,0.0016313790110871196,0.0,-3.1476378126171767e-07,0.1954139620065689,0.0006669887225143611,1.4374259080796037e-06
5.881398677825928,5.0,1.3153514862060547,0.0,0.530078113079071,-3.0,-146.2481231689453,0.5,0.46013250946998596,-0.42406249046325684,-0.5318664312362671,0.25,-28.27006721496582,-0.35,0.031228115782141685,0.0017451319498739504,0.0016313790110871196,0.0,-3.1476378126171767e-07,0.1954139620065689,0.0006669887225143611,1.4374259080796037e-06
5.8862974643707275,5.0,1.3209375143051147,0.0,0.5236620903015137,-3.0,-146.5907745361328,0.5,0.46015438437461853,-0.28795799754417495,-0.528355062007904,0.25,-28.233131408691406,0.294728019405851,0.02701529860496521,0.0017017571438941188,0.0016368626384064555,0.0,-1.462923933104321e-07,0.5790623426437378,0.0006729882443323731,1.3204519291321049e-06
5.8909242153167725,5.0,1.3209375143051147,0.0,0.5236620903015137,-3.0,-146.5907745361328,0.5,0.46015438437461853,-0.41892967224121097,-0.528355062007904,0.25,-28.233131408691406,-0.27471852813766096,0.02701529860496521,0.001750097979427749,0.0016368626384064555,0.0,-1.462923933104321e-07,0.5790623426437378,0.0006729882443323731,1.3204519291321049e-06
5.895736217498779,5.0,1.3209375143051147,0.0,0.5236620903015137,-3.0,-146.5907745361328,0.5,0.46015438437461853,-0.41892967224121097,-0.528355062007904,0.25,-28.233131408691406,0.008366835012630414,0.02500341273844242,0.0017539327232144039,0.001641511800698936,0.0,-1.0530142979803259e-08,0.33255457878112793,0.0008207631180994213,1.1496172191982623e-06
5.901038408279419,5.0,1.3209375143051147,0.0,0.5236620903015137,-3.0,-146.5907745361328,0.5,0.46015438437461853,-0.41892967224121097,-0.528355062007904,0.25,-28.233131408691406,0.00837843889848619,0.010375711135566235,0.0017581581043307599,0.0016574859619140625,0.0,5.32632668637234e-07,1.1536083221435547,0.0009400901035405695,5.09907067680615e-07
5.905810832977295,5.0,1.3209375143051147,0.0,0.5236620903015137,-3.0,-146.5907745361328,0.5,0.46015438437461853,-0.41892967224121097,-0.528355062007904,0.25,-28.233131408691406,0.008388883387140137,0.010375711135566235,0.0017619613083330126,0.0016574859619140625,0.0,5.32632668637234e-07,1.1536083221435547,0.0009400901035405695,5.09907067680615e-07
5.910682916641235,5.0,1.330078125,0.0,0.5132617354393005,-3.0,-147.1486053466797,0.5,0.4602084159851074,-0.1971410741845699,-0.524471640586853,0.25,-28.18262481689453,0.35,0.007104838266968727,0.0016484544576501493,0.0016602276591584086,0.0,5.32632668637234e-07,1.2079906463623047,0.0009388937032781541,3.112468789367995e-07
5.915041923522949,5.0,1.330078125,0.0,0.5132617354393005,-3.0,-147.1486053466797,0.5,0.4602084159851074,-0.41060938835144045,-0.524471640586853,0.25,-28.18262481689453,-0.35,0.007104838266968727,0.0017628239093742753,0.0016602276591584086,0.0,5.32632668637234e-07,1.2079906463623047,0.0009388937032781541,3.112468789367995e-07
5.9196343421936035,5.0,1.3348827362060547,0.0,0.5077831745147705,-3.0,-147.4431610107422,0.5,0.46028169989585876,-0.2869307759320324,-0.5238425135612488,0.25,-28.182382583618164,0.29169130528527937,-0.0045540048740804195,0.0015981020525218988,0.001669287565164268,0.0,5.326319865162077e-07,1.0487453937530518,0.0008940358529798687,3.9574300103595306e-07
5.92452597618103,5.0,1.3348827362060547,0.0,0.5077831745147705,-3.0,-147.4431610107422,0.5,0.46028169989585876,-0.40622653961181643,-0.5238425135612488,0.25,-28.182382583618164,-0.23443028339575966,-0.0045540048740804195,0.0017615636490776574,0.001669287565164268,0.0,5.326319865162077e-07,1.0487453937530518,0.0008940358529798687,3.9574300103595306e-07
5.929228067398071,5.0,1.3376952409744263,0.0,0.5045703053474426,-3.0,-147.6160888671875,0.5,0.4602883756160736,-0.33532772790030474,-0.5239630937576294,0.25,-28.160043716430664,0.16902479533991097,-0.007145260460674763,0.0017502997731878235,0.00167417514603585,0.0,5.326321570464643e-07,0.42195460200309753,0.0007354244007728994,-1.2471257093693566e-07
5.933912754058838,5.0,1.3376952409744263,0.0,0.5045703053474426,-3.0,-147.6160888671875,0.5,0.4602883756160736,-0.4036562442779541,-0.5239630937576294,0.25,-28.160043716430664,-0.13605628177038723,-0.007145260460674763,0.0017682178465970532,0.00167417514603585,0.0,5.326321570464643e-07,0.42195460200309753,0.0007354244007728994,-1.2471257093693566e-07
5.938632249832153,5.0,1.3376952409744263,0.0,0.5045703053474426,-3.0,-147.6160888671875,0.5,0.4602883756160736,-0.4036562442779541,-0.5239630937576294,0.25,-28.160043716430664,0.009810114726433141,0.00465347757562995,0.0017719662234656815,0.0016803740290924907,0.0,5.326319865162077e-07,-1.1523112058639526,0.0003110060060862452,-7.740776482023648e-07
5.943292856216431,5.0,1.3466405868530273,0.0,0.49433591961860657,-3.0,-148.16531372070312,0.5,0.4603675305843353,-0.17587529902617238,-0.5241866707801819,0.25,-28.123048782348633,0.35,0.00465347757562995,0.001596323507440015,0.0016803740290924907,0.0,5.326319865162077e-07,-1.1523112058639526,0.0003110060060862452,-7.740776482023648e-07
5.948020935058594,5.0,1.3466405868530273,0.0,0.49433591961860657,-3.0,-148.16531372070312,0.5,0.4603675305843353,-0.3954687356948853,-0.5241866707801819,0.25,-28.123048782348633,-0.35,0.015059628523886204,0.0017699095628760796,0.0016831158427521586,0.0,5.326317591425322e-07,-1.335713267326355,0.0002939084661193192,-6.174094551170128e-07
5.952932596206665,5.0,1.3488671779632568,0.0,0.4917968511581421,-3.0,-148.3014373779297,0.5,0.46039921045303345,-0.3417427816400713,-0.5236493349075317,0.25,-28.120967864990234,0.12555507490135734,0.015059628523886204,0.0017054987956706482,0.0016831158427521586,0.0,5.326317591425322e-07,-1.335713267326355,0.0002939084661193192,-6.174094551170128e-07
5.95748496055603,5.0,1.3488671779632568,0.0,0.4917968511581421,-3.0,-148.3014373779297,0.5,0.46039921045303345,-0.3934374809265137,-0.5236493349075317,0.25,-28.120967864990234,-0.10248263734496474,0.024576911702752113,0.0017736036362721273,0.0016835926799103618,0.0,5.326317591425322e-07,-1.565753698348999,0.00017084718274418265,-1.456094537388708e-06
5.962454080581665,5.0,1.3516796827316284,0.0,0.4886230230331421,-3.0,-148.47238159179688,0.5,0.4604436457157135,-0.32702738877484877,-0.5224689245223999,0.25,-28.121145248413086,0.15019015076242156,0.024576911702752113,0.0016827798100796714,0.0016835926799103618,0.0,5.326317591425322e-07,-1.565753698348999,0.00017084718274418265,-1.456094537388708e-06
5.96713662147522,5.0,1.3516796827316284,0.0,0.4886230230331421,-3.0,-148.47238159179688,0.5,0.4604436457157135,-0.3908984184265137,-0.5224689245223999,0.25,-28.121145248413086,-0.1251346406503909,0.03151853755116463,0.0017759070951255456,0.0016846656799316406,0.0,5.326317591425322e-07,-0.7380072474479675,0.0001776838325895369,2.5411129172425717e-05
5.971923351287842,5.0,1.3608983755111694,0.0,0.4782812297344208,-3.0,-149.0321502685547,0.5,0.4605187773704529,-0.3908984184265137,-0.5154581069946289,0.25,-28.079294204711914,0.011280457822156108,0.03151853755116463,0.0017796940067321704,0.0016846656799316406,0.0,5.326317591425322e-07,-0.7380072474479675,0.0001776838325895369,2.5411129172425717e-05
5.976702451705933,5.0,1.3608983755111694,0.0,0.4782812297344208,-3.0,-149.0321502685547,0.5,0.4605187773704529,-0.16622875031285464,-0.5154581069946289,0.25,-28.079294204711914,0.35,0.037713468074798584,0.0016172431224705072,0.00168788421433419,0.0,1.0652597666194197e-06,-0.1562955230474472,0.00027219689218327403,3.608026236179285e-05
5.989232778549194,5.0,1.3655859231948853,0.0,0.47309568524360657,-3.0,-149.31716918945312,0.5,0.4605991244316101,-0.3370925958393027,-0.5103375315666199,0.25,-28.082887649536133,-0.12408860640083902,0.03506074845790863,0.0017105622930458594,0.001691698911599815,0.0,1.5979006775523885e-06,0.36627861857414246,0.00042859482346102595,4.057192199979909e-05
5.993865489959717,5.0,1.3683593273162842,0.0,0.470039039850235,-3.0,-149.48605346679688,0.5,0.46063894033432007,-0.3100516116856535,-0.5076828002929688,0.25,-28.080238342285156,0.07194211356637523,0.033982984721660614,0.0016876082934208763,0.001693844678811729,0.0,1.5978989722498227e-06,0.17919328808784485,0.0003715145285241306,3.943851697840728e-05
5.998498201370239,5.0,1.3683593273162842,0.0,0.470039039850235,-3.0,-149.48605346679688,0.5,0.46063894033432007,-0.376031231880188,-0.5076828002929688,0.25,-28.080238342285156,-0.1310236837788532,0.033982984721660614,0.0017772004012362851,0.001693844678811729,0.0,1.5978989722498227e-06,0.17919328808784485,0.0003715145285241306,3.943851697840728e-05
6.003308534622192,5.0,1.3683593273162842,0.0,0.470039039850235,-3.0,-149.48605346679688,0.5,0.46063894033432007,-0.376031231880188,-0.5076828002929688,0.25,-28.080238342285156,0.011410156854904926,0.040101341903209686,0.0017809871975191238,0.0016964672831818461,0.0,2.663156919879839e-06,-0.5539094805717468,8.732608694117516e-05,2.8550757633638568e-05
6.007684707641602,5.0,1.3755468130111694,0.0,0.4621679484844208,-3.0,-149.92454528808594,0.5,0.46073681116104126,-0.18987192348380466,-0.500815749168396,0.25,-28.069782257080078,0.35,0.040101341903209686,0.001549034365027885,0.0016964672831818461,0.0,2.663156919879839e-06,-0.5539094805717468,8.732608694117516e-05,2.8550757633638568e-05
6.0125298500061035,5.0,1.3755468130111694,0.0,0.4621679484844208,-3.0,-149.92454528808594,0.5,0.46073681116104126,-0.36973435878753663,-0.500815749168396,0.25,-28.069782257080078,-0.35,0.045261088758707047,0.0017764838632578221,0.0016975401667878032,0.0,2.663160557858646e-06,-0.5973334312438965,8.332141442224383e-05,2.013463745242916e-05
6.017422199249268,5.0,1.3795312643051147,0.0,0.4578808546066284,-3.0,-150.16632080078125,0.5,0.4608112573623657,-0.2786761505469012,-0.49587979912757874,0.25,-28.076139450073242,0.19777214351574315,0.045261088758707047,0.0016192162034221575,0.0016975401667878032,0.0,2.663160557858646e-06,-0.5973334312438965,8.332141442224383e-05,2.013463745242916e-05
6.022215843200684,5.0,1.3795312643051147,0.0,0.4578808546066284,-3.0,-150.16632080078125,0.5,0.4608112573623657,-0.3663046836853028,-0.49587979912757874,0.25,-28.076139450073242,-0.17156693054936414,0.050318002700805664,0.0017751419569887327,0.0016969441203400493,0.0,2.663156919879839e-06,-0.8370705842971802,-6.218621274456382e-05,1.3447346645989455e-05
6.026984930038452,5.0,1.3823046684265137,0.0,0.45491209626197815,-3.0,-150.33596801757812,0.5,0.4608640670776367,-0.3016796395152067,-0.4920305907726288,0.25,-28.080934524536133,0.14598288137552778,0.050318002700805664,0.0016618042544163884,0.0016969441203400493,0.0,2.663156919879839e-06,-0.8370705842971802,-6.218621274456382e-05,1.3447346645989455e-05
6.0318145751953125,5.0,1.3823046684265137,0.0,0.45491209626197815,-3.0,-150.33596801757812,0.5,0.4608640670776367,-0.36392967700958256,-0.4920305907726288,0.25,-28.080934524536133,-0.11780333397271972,0.05181577429175377,0.0017763178977858434,0.0016975401667878032,0.0,2.663160557858646e-06,0.28977274894714355,0.00011261413601459935,-2.4225603283412056e-06
6.036306381225586,5.0,1.389687418937683,0.0,0.44709959626197815,-3.0,-150.78627014160156,0.5,0.4609130024909973,-0.18375186384610057,-0.4828934669494629,0.25,-28.03960609436035,0.35,0.05181577429175377,0.0016650133356745363,0.0016975401667878032,0.0,2.663160557858646e-06,0.28977274894714355,0.00011261413601459935,-2.4225603283412056e-06
6.041028738021851,5.0,1.389687418937683,0.0,0.44709959626197815,-3.0,-150.78627014160156,0.5,0.4609130024909973,-0.35767967700958253,-0.4828934669494629,0.25,-28.03960609436035,-0.35,0.050996530801057816,0.0017776487273715416,0.0016975401667878032,0.0,2.663156919879839e-06,0.37712860107421875,0.00012980213796254247,-4.1150337892759126e-06
6.0457446575164795,5.0,1.389687418937683,0.0,0.44709959626197815,-3.0,-150.78627014160156,0.5,0.4609130024909973,-0.35767967700958253,-0.4828934669494629,0.25,-28.03960609436035,0.010792255350715603,0.050996530801057816,0.001781335350042326,0.0016975401667878032,0.0,2.663156919879839e-06,0.37712860107421875,0.00012980213796254247,-4.1150337892759126e-06
6.050472259521484,5.0,1.3935546875,0.0,0.44309568405151367,-3.0,-151.02114868164062,0.5,0.46098020672798157,-0.2697843035577171,-0.4769795835018158,0.25,-28.04269027709961,0.1940599287106529,0.04650634899735451,0.0016348073353044585,0.0016990898875519633,0.0,2.6631644232111285e-06,0.7238276600837708,0.0002481626288499683,-8.464103302685544e-06
6.055347442626953,5.0,1.3935546875,0.0,0.44309568405151367,-3.0,-151.02114868164062,0.5,0.46098020672798157,-0.35447654724121097,-0.4769795835018158,0.25,-28.04269027709961,-0.1632226542272194,0.04650634899735451,0.0017807648154011414,0.0016990898875519633,0.0,2.6631644232111285e-06,0.7238276600837708,0.0002481626288499683,-8.464103302685544e-06
6.060019254684448,5.0,1.3990625143051147,0.0,0.4374414086341858,-3.0,-151.35653686523438,0.5,0.4610467553138733,-0.22892352751974976,-0.4705166816711426,0.25,-28.02947425842285,0.2797239357279455,0.040630027651786804,0.001633971577038601,0.0017029045848175883,0.0,2.663160557858646e-06,0.4424382746219635,0.0003296952345408499,-1.4321641174319666e-05
6.064748048782349,5.0,1.3990625143051147,0.0,0.4374414086341858,-3.0,-151.35653686523438,0.5,0.4610467553138733,-0.34995312690734864,-0.4705166816711426,0.25,-28.02947425842285,-0.24564204489419797,0.039727576076984406,0.0017801026673295146,0.0017044543055817485,0.0,2.663156919879839e-06,-0.16945576667785645,0.00016255136870313436,-1.6748539565014653e-05
6.069469213485718,5.0,1.4064843654632568,0.0,0.4299609363079071,-3.0,-151.80799865722656,0.5,0.4611831307411194,-0.18552326374181097,-0.46168336272239685,0.25,-28.039020538330078,0.35,0.039727576076984406,0.001478543121580501,0.0017044543055817485,0.0,2.663156919879839e-06,-0.16945576667785645,0.00016255136870313436,-1.6748539565014653e-05
6.074276685714722,5.0,1.4064843654632568,0.0,0.4299609363079071,-3.0,-151.80799865722656,0.5,0.4611831307411194,-0.3439687490463257,-0.46168336272239685,0.25,-28.039020538330078,-0.31958643695432115,0.044334203004837036,0.0017711350531403685,0.0017055271891877055,0.0,2.663160557858646e-06,-0.5647232532501221,2.771513936750125e-05,-1.7015701814671047e-05
6.078915357589722,5.0,1.40749990940094,0.0,0.4289648234844208,-3.0,-151.8688507080078,0.5,0.46120020747184753,-0.3216977633927998,-0.4604385197162628,0.25,-28.03952980041504,0.05785920509782858,0.044334203004837036,0.0017358715992314307,0.0017055271891877055,0.0,2.663160557858646e-06,-0.5647232532501221,2.771513936750125e-05,-1.7015701814671047e-05
6.084002733230591,5.0,1.40749990940094,0.0,0.4289648234844208,-3.0,-151.8688507080078,0.5,0.46120020747184753,-0.34317185878753664,-0.4604385197162628,0.25,-28.03952980041504,-0.032244247664461774,0.044334203004837036,0.0017766332179676848,0.0017055271891877055,0.0,2.663160557858646e-06,-0.5647232532501221,2.771513936750125e-05,-1.7015701814671047e-05
6.088844060897827,5.0,1.40749990940094,0.0,0.4289648234844208,-3.0,-151.8688507080078,0.5,0.46120020747184753,-0.34317185878753664,-0.4604385197162628,0.25,-28.03952980041504,0.00997766277671607,0.05017750710248947,0.0017803900681486761,0.0017039774684235454,0.0,2.663156919879839e-06,-0.9726981520652771,-0.0002491326886229217,-1.685966162767727e-05
6.093358993530273,5.0,1.4130859375,0.0,0.42344725131988525,-3.0,-152.20803833007812,0.5,0.4612380862236023,-0.2165506140674729,-0.4544457197189331,0.25,-28.008644104003906,0.29165117929309187,0.05455932393670082,0.0016954481619953943,0.0017017124919220805,0.0,2.130530674548936e-06,-0.7187897562980652,-0.0003107694792561233,-1.6305773897329345e-05
6.098090887069702,5.0,1.4130859375,0.0,0.42344725131988525,-3.0,-152.20803833007812,0.5,0.4612380862236023,-0.33875780105590825,-0.4544457197189331,0.25,-28.008644104003906,-0.24844211292525253,0.05455932393670082,0.0017830131115136954,0.0017017124919220805,0.0,2.130530674548936e-06,-0.7187897562980652,-0.0003107694792561233,-1.6305773897329345e-05
6.10256290435791,5.0,1.4209765195846558,0.0,0.41582030057907104,-3.0,-152.6869354248047,0.5,0.4613569974899292,-0.16210791183927648,-0.44129154086112976,0.25,-28.0039005279541,0.35,0.06536746025085449,0.0015062992726663472,0.0016975401667878032,0.0,1.5979006775523885e-06,-0.7430360317230225,-0.00021151697728782892,-1.2512992725532968e-05
6.107436895370483,5.0,1.4209765195846558,0.0,0.41582030057907104,-3.0,-152.6869354248047,0.5,0.4613569974899292,-0.33265624046325687,-0.44129154086112976,0.25,-28.0039005279541,-0.3409052583347983,0.06536746025085449,0.0017759669159989919,0.0016975401667878032,0.0,1.5979006775523885e-06,-0.7430360317230225,-0.00021151697728782892,-1.2512992725532968e-05
6.112162113189697,5.0,1.424257755279541,0.0,0.4127148389816284,-3.0,-152.8861083984375,0.5,0.46140459179878235,-0.2644508459065299,-0.43494611978530884,0.25,-28.000995635986328,0.1473637426986751,0.07013602554798126,0.001673178980471334,0.0016969441203400493,0.0,1.5979006775523885e-06,-0.6080503463745117,-8.656582213006914e-05,-1.0352685421821661e-05
6.116976499557495,5.0,1.424257755279541,0.0,0.4127148389816284,-3.0,-152.8861083984375,0.5,0.46140459179878235,-0.3301718711853028,-0.43494611978530884,0.25,-28.000995635986328,-0.12793689695982322,0.07013602554798126,0.001777619297290129,0.0016969441203400493,0.0,1.5979006775523885e-06,-0.6080503463745117,-8.656582213006914e-05,-1.0352685421821661e-05
6.121895790100098,5.0,1.4270702600479126,0.0,0.41011717915534973,-3.0,-153.0558624267578,0.5,0.4614551067352295,-0.27528816488197866,-0.42878690361976624,0.25,-28.004413604736328,0.11348260442768043,0.07446354627609253,0.001672662333047966,0.001695394515991211,0.0,1.5978970395735814e-06,-0.713944673538208,-0.00018419846310280263,-9.077541108126752e-06
6.126648664474487,5.0,1.4270702600479126,0.0,0.41011717915534973,-3.0,-153.0558624267578,0.5,0.4614551067352295,-0.3280937433242798,-0.42878690361976624,0.25,-28.004413604736328,-0.10299469971152739,0.07446354627609253,0.0017790137562037661,0.001695394515991211,0.0,1.5978970395735814e-06,-0.713944673538208,-0.00018419846310280263,-9.077541108126752e-06
6.131350040435791,5.0,1.432656168937683,0.0,0.40504881739616394,-3.0,-153.39468383789062,0.5,0.46160560846328735,-0.21623313069567246,-0.4088481664657593,0.25,-28.01993751525879,0.21467766183419512,0.07883386313915253,0.0014444409539491356,0.001694321515969932,0.0,1.0652670425770339e-06,-0.7243659496307373,-0.00020773871801793575,-7.387765435851179e-06
6.13609504699707,5.0,1.432656168937683,0.0,0.40504881739616394,-3.0,-153.39468383789062,0.5,0.46160560846328735,-0.32403905391693116,-0.4088481664657593,0.25,-28.01993751525879,-0.22097089969856484,0.07883386313915253,0.0017682073110203752,0.001694321515969932,0.0,1.0652670425770339e-06,-0.7243659496307373,-0.00020773871801793575,-7.387765435851179e-06
6.140646457672119,5.0,1.432656168937683,0.0,0.40504881739616394,-3.0,-153.39468383789062,0.5,0.46160560846328735,-0.32403905391693116,-0.4088481664657593,0.25,-28.01993751525879,0.006235501355806802,0.08155206590890884,0.001771702283890419,0.001694321515969932,0.0,1.0652597666194197e-06,0.14271293580532074,0.00011839350190712139,-3.676955202536192e-06
6.144981622695923,5.0,1.4382421970367432,0.0,0.40016600489616394,-3.0,-153.73291015625,0.5,0.46167322993278503,-0.20750012504105808,-0.39965689182281494,0.25,-28.02858543395996,0.2667545676918634,0.08155206590890884,0.001610927153946832,0.001694321515969932,0.0,1.0652597666194197e-06,0.14271293580532074,0.00011839350190712139,-3.676955202536192e-06
6.149932384490967,5.0,1.4382421970367432,0.0,0.40016600489616394,-3.0,-153.73291015625,0.5,0.46167322993278503,-0.32013280391693116,-0.39965689182281494,0.25,-28.02858543395996,-0.22187991960718112,0.07593835145235062,0.001770705699191637,0.0016969441203400493,0.0,1.5978970395735814e-06,0.8016924858093262,0.00033155380515381694,-2.5910160275088856e-06
6.154464960098267,5.0,1.4439061880111694,0.0,0.39540037512779236,-3.0,-154.07618713378906,0.5,0.4617834985256195,-0.21117854006856918,-0.38516077399253845,0.25,-28.04067611694336,0.2253749726308814,0.0694461539387703,0.0015176576455026695,0.0016995667247101665,0.0,1.5979079535100027e-06,1.0679486989974976,0.0004646032757591456,-1.6151539057318587e-06
6.1589765548706055,5.0,1.4439061880111694,0.0,0.39540037512779236,-3.0,-154.07618713378906,0.5,0.4617834985256195,-0.3163203001022339,-0.38516077399253845,0.25,-28.04067611694336,-0.2286820979165704,0.0694461539387703,0.0017643861990644604,0.0016995667247101665,0.0,1.5979079535100027e-06,1.0679486989974976,0.0004646032757591456,-1.6151539057318587e-06
6.163728713989258,5.0,1.4514062404632568,0.0,0.38932615518569946,-3.0,-154.5304412841797,0.5,0.4619322419166565,-0.1836407104218889,-0.3699929416179657,0.25,-28.05764389038086,0.2657656766641668,0.05254565179347992,0.0014371533672143512,0.0017066000727936625,0.0,2.130530674548936e-06,1.1778351068496704,0.0004281296278350055,-1.0411289395051426e-06
6.168572187423706,5.0,1.4514062404632568,0.0,0.38932615518569946,-3.0,-154.5304412841797,0.5,0.4619322419166565,-0.3114609241485596,-0.3699929416179657,0.25,-28.05764389038086,-0.26074981146995396,0.05254565179347992,0.001753842676513784,0.0017066000727936625,0.0,2.130530674548936e-06,1.1778351068496704,0.0004281296278350055,-1.0411289395051426e-06
6.173399925231934,5.0,1.4514062404632568,0.0,0.38932615518569946,-3.0,-154.5304412841797,0.5,0.4619322419166565,-0.3114609241485596,-0.3699929416179657,0.25,-28.05764389038086,0.0031578010467264027,0.05254565179347992,0.0017575182996132522,0.0017066000727936625,0.0,2.130530674548936e-06,1.1778351068496704,0.0004281296278350055,-1.0411289395051426e-06
6.178037166595459,5.0,1.4522656202316284,0.0,0.38865232467651367,-3.0,-154.5817108154297,0.5,0.46194976568222046,-0.2963910114121621,-0.3686177432537079,0.25,-28.059938430786133,0.03433989384356488,0.05030973255634308,0.0017211552070701475,0.0017070769099518657,0.0,2.130530674548936e-06,1.223953366279602,0.00042993653914891183,-7.233155656649615e-07
6.182514667510986,5.0,1.4522656202316284,0.0,0.38865232467651367,-3.0,-154.5817108154297,0.5,0.46194976568222046,-0.31092185974121095,-0.3686177432537079,0.25,-28.059938430786133,-0.029383702330000774,0.03979433700442314,0.0017623518093348584,0.0017076729563996196,0.0,2.130530674548936e-06,0.7563350796699524,-1.6099475033115596e-05,-1.6311657873302465e-06
6.187294244766235,5.0,1.4579296112060547,0.0,0.38419920206069946,-3.0,-154.926513671875,0.5,0.4620496928691864,-0.21418956068083372,-0.3609149754047394,0.25,-28.064762115478516,0.20003762298901542,0.03979433700442314,0.0015449170926741822,0.0017076729563996196,0.0,2.130530674548936e-06,0.7563350796699524,-1.6099475033115596e-05,-1.6311657873302465e-06
6.192121267318726,5.0,1.4579296112060547,0.0,0.38419920206069946,-3.0,-154.926513671875,0.5,0.4620496928691864,-0.3073593616485596,-0.3609149754047394,0.25,-28.064762115478516,-0.19042542989958874,0.036543503403663635,0.001757652015162676,0.0017070769099518657,0.0,2.130527036570129e-06,0.5422204732894897,-8.767788676777855e-05,-2.190126224377309e-06
6.196881294250488,5.0,1.4607031345367432,0.0,0.3820507824420929,-3.0,-155.09481811523438,0.5,0.462107390165329,-0.2605060153851795,-0.3576091229915619,0.25,-28.072372436523438,0.09931245144414833,0.036543503403663635,0.0016331236152800014,0.0017070769099518657,0.0,2.130527036570129e-06,0.5422204732894897,-8.767788676777855e-05,-2.190126224377309e-06
6.201528310775757,5.0,1.4607031345367432,0.0,0.3820507824420929,-3.0,-155.09481811523438,0.5,0.462107390165329,-0.30564062595367436,-0.3576091229915619,0.25,-28.072372436523438,-0.09471068125823962,0.030032627284526825,0.001757857488173868,0.0017066000727936625,0.0,2.130528628185857e-06,0.34128957986831665,-5.487754970090464e-05,-4.032106517115608e-06
6.20626163482666,5.0,1.4607031345367432,0.0,0.3820507824420929,-3.0,-155.09481811523438,0.5,0.462107390165329,-0.30564062595367436,-0.3576091229915619,0.25,-28.072372436523438,0.002420233822522242,0.030032627284526825,0.001761444648203507,0.0017066000727936625,0.0,2.130528628185857e-06,0.34128957986831665,-5.487754970090464e-05,-4.032106517115608e-06
6.210732936859131,5.0,1.4692968130111694,0.0,0.37550780177116394,-3.0,-155.61679077148438,0.5,0.46229758858680725,-0.15407345907716366,-0.34880340099334717,0.25,-28.10294532775879,0.33885285354407413,0.029426269233226776,0.0013166164951979565,0.0017060040263459086,0.0,2.130528628185857e-06,0.3065478503704071,-6.627609400311485e-05,-4.091525170224486e-06
6.21550989151001,5.0,1.4692968130111694,0.0,0.37550780177116394,-3.0,-155.61679077148438,0.5,0.46229758858680725,-0.3004062414169312,-0.34880340099334717,0.25,-28.10294532775879,-0.3043169808284033,0.029426269233226776,0.0017455944691927238,0.0017060040263459086,0.0,2.130528628185857e-06,0.3065478503704071,-6.627609400311485e-05,-4.091525170224486e-06
6.220250129699707,5.0,1.47195303440094,0.0,0.37352538108825684,-3.0,-155.77749633789062,0.5,0.46235865354537964,-0.256999185264932,-0.3464278280735016,0.25,-28.113910675048828,0.09350592821733739,0.025962354615330696,0.001613012700060481,0.0017060040263459086,0.0,2.130527036570129e-06,0.2770402431488037,4.589634045260027e-05,-5.1520551096473355e-06
6.224979639053345,5.0,1.47195303440094,0.0,0.37352538108825684,-3.0,-155.77749633789062,0.5,0.46235865354537964,-0.29882030487060546,-0.3464278280735016,0.25,-28.113910675048828,-0.08649397966071275,0.025962354615330696,0.0017453957551263662,0.0017060040263459086,0.0,2.130527036570129e-06,0.2770402431488037,4.589634045260027e-05,-5.1520551096473355e-06
6.229852914810181,5.0,1.4748046398162842,0.0,0.371406227350235,-3.0,-155.95057678222656,0.5,0.4624253213405609,-0.2536397812931038,-0.3440179228782654,0.25,-28.12628936767578,0.0948388628544073,0.025962354615330696,0.0016042550175428664,0.0017060040263459086,0.0,2.130527036570129e-06,0.2770402431488037,4.589634045260027e-05,-5.1520551096473355e-06
6.234708070755005,5.0,1.4748046398162842,0.0,0.371406227350235,-3.0,-155.95057678222656,0.5,0.4624253213405609,-0.297124981880188,-0.3440179228782654,0.25,-28.12628936767578,-0.08770544400276852,0.025962354615330696,0.001744706473605617,0.0017060040263459086,0.0,2.130527036570129e-06,0.2770402431488037,4.589634045260027e-05,-5.1520551096473355e-06
6.2393693923950195,5.0,1.483437418937683,0.0,0.36503905057907104,-3.0,-156.47671508789062,0.5,0.46261122822761536,-0.1554352862921147,-0.33850955963134766,0.25,-28.153926849365234,0.31037013626265436,0.015065285377204418,0.001327054564564111,0.0017092226771637797,0.0,1.5978953342710156e-06,0.7789388298988342,0.00023510049504693598,-6.1407440625771414e-06
6.243939399719238,5.0,1.483437418937683,0.0,0.36503905057907104,-3.0,-156.47671508789062,0.5,0.46261122822761536,-0.29203124046325685,-0.33850955963134766,0.25,-28.153926849365234,-0.29706546666337263,0.009412911720573902,0.0017293006081950742,0.0017108916072174907,0.0,1.5978971532604191e-06,0.7415533661842346,0.00018666090909391642,-6.377631052600918e-06
6.248504400253296,5.0,1.4887499809265137,0.0,0.3611816465854645,-3.0,-156.79913330078125,0.5,0.4626999497413635,-0.2044457873158986,-0.3369256556034088,0.25,-28.155902862548828,0.20055668545017602,0.009412911720573902,0.0015277079259820986,0.0017108916072174907,0.0,1.5978971532604191e-06,0.7415533661842346,0.00018666090909391642,-6.377631052600918e-06
6.253273248672485,5.0,1.4887499809265137,0.0,0.3611816465854645,-3.0,-156.79913330078125,0.5,0.4626999497413635,-0.2889453172683716,-0.3369256556034088,0.25,-28.155902862548828,-0.17516261586030002,0.007385012228041887,0.0017256170872465468,0.0017092226771637797,0.0,1.597896812199906e-06,0.33308687806129456,-0.0002363239327678457,-6.283600214374019e-06
6.257988452911377,5.0,1.4887499809265137,0.0,0.3611816465854645,-3.0,-156.79913330078125,0.5,0.4626999497413635,-0.2889453172683716,-0.3369256556034088,0.25,-28.155902862548828,0.002032548056565131,0.007385012228041887,0.0017291346343483549,0.0017092226771637797,0.0,1.597896812199906e-06,0.33308687806129456,-0.0002363239327678457,-6.283600214374019e-06
6.262708425521851,5.0,1.4915233850479126,0.0,0.3591601550579071,-3.0,-156.96798706054688,0.5,0.46272680163383484,-0.24449966518892305,-0.3364740312099457,0.25,-28.14543914794922,0.10052874035887246,0.007385012228041887,0.0016725410439415544,0.0017092226771637797,0.0,1.597896812199906e-06,0.33308687806129456,-0.0002363239327678457,-6.283600214374019e-06
6.267385005950928,5.0,1.4915233850479126,0.0,0.3591601550579071,-3.0,-156.96798706054688,0.5,0.46272680163383484,-0.2873281240463257,-0.3364740312099457,0.25,-28.14543914794922,-0.08939502160950995,0.005157944746315479,0.0017329171989598248,0.0017070769099518657,0.0,1.5978966985130683e-06,0.3712521195411682,-0.0004065600805915892,-6.2951248764875345e-06
6.27201509475708,5.0,1.4915233850479126,0.0,0.3591601550579071,-3.0,-156.96798706054688,0.5,0.46272680163383484,-0.2873281240463257,-0.3364740312099457,0.25,-28.14543914794922,0.0021902463398095033,0.00529296463355422,0.001736368763330318,0.0016958712367340922,0.0,1.5978961300788797e-06,-0.1183869019150734,-0.0006933307158760726,-5.554047220357461e-06
6.27705192565918,5.0,1.4988280534744263,0.0,0.3538574278354645,-3.0,-157.41204833984375,0.5,0.46284589171409607,-0.17780690222292994,-0.3355289697647095,0.25,-28.14703369140625,0.23079970821444062,0.00529296463355422,0.0014893822211276336,0.0016958712367340922,0.0,1.5978961300788797e-06,-0.1183869019150734,-0.0006933307158760726,-5.554047220357461e-06
6.281965970993042,5.0,1.4988280534744263,0.0,0.3538574278354645,-3.0,-157.41204833984375,0.5,0.46284589171409607,-0.2830859422683716,-0.3355289697647095,0.25,-28.14703369140625,-0.2116341409493782,0.006662432570010424,0.0017294722723631812,0.001691102865152061,0.0,1.5978961300788797e-06,-0.15559159219264984,-0.0005394834442995489,-5.231619070400484e-06
6.28687596321106,5.0,1.5028125047683716,0.0,0.35099607706069946,-3.0,-157.65235900878906,0.5,0.4629283547401428,-0.22252078609257242,-0.33488211035728455,0.25,-28.159048080444336,0.13184155718052554,0.006662432570010424,0.0015552677362936096,0.001691102865152061,0.0,1.5978961300788797e-06,-0.15559159219264984,-0.0005394834442995489,-5.231619070400484e-06
6.291471004486084,5.0,1.5028125047683716,0.0,0.35099607706069946,-3.0,-157.65235900878906,0.5,0.4629283547401428,-0.2807968616485596,-0.33488211035728455,0.25,-28.159048080444336,-0.12400382059459913,0.008850477635860443,0.0017266240538343137,0.001687288167886436,0.0,1.5978974943209323e-06,-0.3592081069946289,-0.0005846424028277397,-4.917356363876024e-06
6.296154737472534,5.0,1.5056250095367432,0.0,0.34895506501197815,-3.0,-157.82394409179688,0.5,0.46298810839653015,-0.23558744218519975,-0.33433330059051514,0.25,-28.16838264465332,0.10354113286987146,0.010127690620720387,0.0015953436998187996,0.0016846656799316406,0.0,1.5978974943209323e-06,-0.04831462353467941,-0.0003495292039588094,-4.395556970848702e-06
6.300729751586914,5.0,1.5056250095367432,0.0,0.34895506501197815,-3.0,-157.82394409179688,0.5,0.46298810839653015,-0.27916405200958255,-0.33433330059051514,0.25,-28.16838264465332,-0.09228473435118169,0.010127690620720387,0.001726307289949431,0.0016846656799316406,0.0,1.5978974943209323e-06,-0.04831462353467941,-0.0003495292039588094,-4.395556970848702e-06
6.30556583404541,5.0,1.5133593082427979,0.0,0.3434179723262787,-3.0,-158.2928924560547,0.5,0.46314704418182373,-0.16023896275552107,-0.3321871757507324,0.25,-28.19202995300293,0.2584688026876208,0.009089468978345394,0.0013821537437525991,0.0016814469126984477,0.0,1.0652643140929285e-06,0.22292460501194,-0.0001525225816294551,-4.154227099206764e-06
6.310274362564087,5.0,1.5133593082427979,0.0,0.3434179723262787,-3.0,-158.2928924560547,0.5,0.46314704418182373,-0.27473437786102295,-0.3321871757507324,0.25,-28.19202995300293,-0.23990556278950192,0.009089468978345394,0.0017142699382470708,0.0016814469126984477,0.0,1.0652643140929285e-06,0.22292460501194,-0.0001525225816294551,-4.154227099206764e-06
6.314754247665405,5.0,1.5168359279632568,0.0,0.3409081995487213,-3.0,-158.5058135986328,0.5,0.46322086453437805,-0.27473437786102295,-0.3312516212463379,0.25,-28.204015731811523,0.0032656072091148455,0.006980218458920717,0.0017175718784012586,0.0016809700755402446,0.0,1.0652643140929285e-06,0.40272119641304016,-1.0117584679392166e-05,-3.8070779737608973e-06
6.319857835769653,5.0,1.5168359279632568,0.0,0.3409081995487213,-3.0,-158.5058135986328,0.5,0.46322086453437805,-0.22354992691917888,-0.3312516212463379,0.25,-28.204015731811523,0.10776444590411702,0.006980218458920717,0.0015678235222199683,0.0016809700755402446,0.0,1.0652643140929285e-06,0.40272119641304016,-1.0117584679392166e-05,-3.8070779737608973e-06
6.324450731277466,5.0,1.5224609375,0.0,0.3368847668170929,-3.0,-158.84970092773438,0.5,0.4633289575576782,-0.2727265596389771,-0.3302668035030365,0.25,-28.216808319091797,-0.10366044161813648,0.0028973245061933994,0.0017158460017809023,0.0016788243083283305,0.0,1.0652644277797663e-06,0.41369661688804626,-0.00018361986440140754,-3.2732759791542776e-06
6.328995704650879,5.0,1.5224609375,0.0,0.3368847668170929,-3.0,-158.84970092773438,0.5,0.4633289575576782,-0.18098292230327823,-0.3302668035030365,0.25,-28.216808319091797,0.21400581823772516,0.0028973245061933994,0.0014683783898000323,0.0016788243083283305,0.0,1.0652644277797663e-06,0.41369661688804626,-0.00018361986440140754,-3.2732759791542776e-06
6.334057331085205,5.0,1.5224609375,0.0,0.3368847668170929,-3.0,-158.84970092773438,0.5,0.4633289575576782,-0.2695078134536743,-0.3302668035030365,0.25,-28.216808319091797,-0.1711957214168139,0.00033521527075208724,0.0017099205195704025,0.0016783474711701274,0.0,1.0652643140929285e-06,0.23612655699253082,-0.000270426127826795,-3.0492624318867456e-06
6.338660478591919,5.0,1.530312418937683,0.0,0.3313085734844208,-3.0,-159.32711791992188,0.5,0.4634857475757599,-0.14390815261878953,-0.32998862862586975,0.25,-28.23900604248047,0.2910058768729329,0.00033521527075208724,0.0013538525242795052,0.0016783474711701274,0.0,1.0652643140929285e-06,0.23612655699253082,-0.000270426127826795,-3.0492624318867456e-06
6.343558311462402,5.0,1.530312418937683,0.0,0.3313085734844208,-3.0,-159.32711791992188,0.5,0.4634857475757599,-0.26504685878753664,-0.32998862862586975,0.25,-28.23900604248047,-0.24310737049671172,-0.0004410195106174797,0.0016980441413160172,0.0016729830531403422,0.0,1.0652643140929285e-06,-0.13426586985588074,-0.000521013920661062,-2.9270097456901567e-06
6.348481178283691,5.0,1.5338281393051147,0.0,0.32881835103034973,-3.0,-159.5408935546875,0.5,0.46355700492858887,-0.2124698784221101,-0.32998931407928467,0.25,-28.249897003173828,0.11734769860690877,-0.0004410195106174797,0.0015483336638830055,0.0016729830531403422,0.0,1.0652643140929285e-06,-0.13426586985588074,-0.000521013920661062,-2.9270097456901567e-06
6.353283166885376,5.0,1.5338281393051147,0.0,0.32881835103034973,-3.0,-159.5408935546875,0.5,0.46355700492858887,-0.2630546808242798,-0.32998931407928467,0.25,-28.249897003173828,-0.10086035392889602,0.0005499396356754005,0.0016965813161415322,0.0016697644023224711,0.0,1.0652643140929285e-06,-0.1749555617570877,-0.0005649738595820963,-2.86458316622884e-06
6.357771635055542,5.0,1.5364843606948853,0.0,0.3269335925579071,-3.0,-159.70242309570312,0.5,0.46360573172569275,-0.21955574475704492,-0.3299177885055542,0.25,-28.25518226623535,0.10645550482839929,0.0005499396356754005,0.0015854412205296763,0.0016697644023224711,0.0,1.0652643140929285e-06,-0.1749555617570877,-0.0005649738595820963,-2.86458316622884e-06
6.362218856811523,5.0,1.5364843606948853,0.0,0.3269335925579071,-3.0,-159.70242309570312,0.5,0.46360573172569275,-0.2615468740463257,-0.3299177885055542,0.25,-28.25518226623535,-0.08975168658038175,0.003209201153367758,0.0016972382584168307,0.001665472867898643,0.0,1.0652643140929285e-06,-0.46520689129829407,-0.0008165259496308863,-2.7458870590635343e-06
6.367305040359497,5.0,1.543984293937683,0.0,0.3216210901737213,-3.0,-160.15899658203125,0.5,0.4637528359889984,-0.15284719323774423,-0.32839012145996094,0.25,-28.27709197998047,0.22825989479459546,0.003209201153367758,0.0013940496722916404,0.001665472867898643,0.0,1.0652643140929285e-06,-0.46520689129829407,-0.0008165259496308863,-2.7458870590635343e-06
6.371915817260742,5.0,1.543984293937683,0.0,0.3216210901737213,-3.0,-160.15899658203125,0.5,0.4637528359889984,-0.25729687213897706,-0.32839012145996094,0.25,-28.27709197998047,-0.22151335089565657,0.01594705507159233,0.0016866154931363714,0.001649141195230186,0.0,1.065265337274468e-06,-0.8971417546272278,-0.0010249229380860925,-2.72344414042891e-06
6.376749038696289,5.0,1.543984293937683,0.0,0.3216210901737213,-3.0,-160.15899658203125,0.5,0.4637528359889984,-0.25729687213897706,-0.32839012145996094,0.25,-28.27709197998047,0.005027316222172371,0.022463204339146614,0.0016901193045378866,0.00164210784714669,0.0,5.326317591425322e-07,-0.7795360088348389,-0.000852843513712287,-2.5587687559891492e-06
6.381434440612793,5.0,1.547695279121399,0.0,0.3190039098262787,-3.0,-160.3855438232422,0.5,0.46382883191108704,-0.1993449454877276,-0.32652029395103455,0.25,-28.290584564208984,0.131464471570317,0.022463204339146614,0.0015221920912590614,0.00164210784714669,0.0,5.326317591425322e-07,-0.7795360088348389,-0.000852843513712287,-2.5587687559891492e-06
6.385932207107544,5.0,1.547695279121399,0.0,0.3190039098262787,-3.0,-160.3855438232422,0.5,0.46382883191108704,-0.25520312786102295,-0.32652029395103455,0.25,-28.290584564208984,-0.11911841546209867,0.02485082857310772,0.0016876431124510979,0.001638293149881065,0.0,5.326335212885169e-07,-0.38790398836135864,-0.00061649305280298,-2.660886593730538e-06
6.390530109405518,5.0,1.5533593893051147,0.0,0.3150390684604645,-3.0,-160.7315216064453,0.5,0.46391767263412476,-0.16579972767477552,-0.32294368743896484,0.25,-28.295265197753906,0.2020512945168542,0.02485082857310772,0.0014870801667411307,0.001638293149881065,0.0,5.326335212885169e-07,-0.38790398836135864,-0.00061649305280298,-2.660886593730538e-06
6.395316123962402,5.0,1.5533593893051147,0.0,0.3150390684604645,-3.0,-160.7315216064453,0.5,0.46391767263412476,-0.25203125476837157,-0.32294368743896484,0.25,-28.295265197753906,-0.17512878645100893,0.02485082857310772,0.0016837540968851943,0.001638293149881065,0.0,5.326335212885169e-07,-0.38790398836135864,-0.00061649305280298,-2.660886593730538e-06
6.400134325027466,5.0,1.5610156059265137,0.0,0.30979490280151367,-3.0,-161.1969451904297,0.5,0.4640631079673767,-0.13899518296663033,-0.3173649311065674,0.25,-28.318145751953125,0.24098098174174348,0.025574348866939545,0.0013679191680178956,0.0016363858012482524,0.0,5.326353402779205e-07,-0.11912673711776733,-0.000358594668796286,-2.626484956635977e-06
6.4049131870269775,5.0,1.5610156059265137,0.0,0.30979490280151367,-3.0,-161.1969451904297,0.5,0.4640631079673767,-0.24783592224121095,-0.3173649311065674,0.25,-28.318145751953125,-0.22285150181382216,0.022476637735962868,0.001673199629278599,0.0016336439875885844,0.0,5.326317022991134e-07,0.43570464849472046,-6.065328307158779e-06,-2.2128335785964737e-06
6.409746408462524,5.0,1.5610156059265137,0.0,0.30979490280151367,-3.0,-161.1969451904297,0.5,0.4640631079673767,-0.24783592224121095,-0.3173649311065674,0.25,-28.318145751953125,0.004909733288199758,0.022476637735962868,0.001676673448416579,0.0016336439875885844,0.0,5.326317022991134e-07,0.43570464849472046,-6.065328307158779e-06,-2.2128335785964737e-06
6.4146952629089355,5.0,1.5620312690734863,0.0,0.30910155177116394,-3.0,-161.25880432128906,0.5,0.4640822112560272,-0.23327090755365612,-0.31671518087387085,0.25,-28.321088790893555,0.03470597669994534,0.018651513382792473,0.0016393346562888753,0.0016330479411408305,0.0,5.326334644450981e-07,0.47075802087783813,-8.893226186046377e-05,-1.895862510536972e-06
6.419095039367676,5.0,1.5620312690734863,0.0,0.30910155177116394,-3.0,-161.25880432128906,0.5,0.4640822112560272,-0.24728124141693117,-0.31671518087387085,0.25,-28.321088790893555,-0.026930591757154728,0.018651513382792473,0.0016810966967764495,0.0016330479411408305,0.0,5.326334644450981e-07,0.47075802087783813,-8.893226186046377e-05,-1.895862510536972e-06
6.423537015914917,5.0,1.5674999952316284,0.0,0.30540037155151367,-3.0,-161.592041015625,0.5,0.46418270468711853,-0.24728124141693117,-0.31366032361984253,0.25,-28.33540916442871,0.004918862385308925,0.01600266806781292,0.0016842876162810392,0.0016330479411408305,0.0,5.326326117938152e-07,0.43593788146972656,-8.511796477250755e-05,-1.942206836247351e-06
6.428113698959351,5.0,1.5674999952316284,0.0,0.30540037155151367,-3.0,-161.592041015625,0.5,0.46418270468711853,-0.16344993362379068,-0.31366032361984253,0.25,-28.33540916442871,0.19112140442850067,0.01600266806781292,0.0014559298975058655,0.0016330479411408305,0.0,5.326326117938152e-07,0.43593788146972656,-8.511796477250755e-05,-1.942206836247351e-06
6.432770490646362,5.0,1.575234293937683,0.0,0.3002343773841858,-3.0,-162.0625762939453,0.5,0.4643332064151764,-0.24432029724121096,-0.3105382025241852,0.25,-28.361225128173828,-0.1687333147254323,0.011344862170517445,0.0016788427663744858,0.0016319750575348735,0.0,5.326334644450981e-07,0.2079888880252838,2.3754662834107876e-05,-1.243059500666277e-06
6.4374144077301025,5.0,1.575234293937683,0.0,0.3002343773841858,-3.0,-162.0625762939453,0.5,0.4643332064151764,-0.12894533125327737,-0.3105382025241852,0.25,-28.361225128173828,0.2601351823278299,0.011344862170517445,0.0013400116501720207,0.0016319750575348735,0.0,5.326334644450981e-07,0.2079888880252838,2.3754662834107876e-05,-1.243059500666277e-06
6.441880702972412,5.0,1.575234293937683,0.0,0.3002343773841858,-3.0,-162.0625762939453,0.5,0.4643332064151764,-0.24018750190734864,-0.3105382025241852,0.25,-28.361225128173828,-0.2439981159070935,0.010986329056322575,0.0016672812002584852,0.0016325712203979492,0.0,5.326326117938152e-07,0.18733112514019012,4.3408381316112354e-05,-1.2605526080733398e-06
6.446505069732666,5.0,1.5787500143051147,0.0,0.29790037870407104,-3.0,-162.2758331298828,0.5,0.46440234780311584,-0.18784855621134924,-0.3094308078289032,0.25,-28.37353515625,0.12201735174446894,0.010986329056322575,0.0015127612017044223,0.0016325712203979492,0.0,5.326326117938152e-07,0.18733112514019012,4.3408381316112354e-05,-1.2605526080733398e-06
6.451455116271973,5.0,1.5787500143051147,0.0,0.29790037870407104,-3.0,-162.2758331298828,0.5,0.46440234780311584,-0.23832030296325685,-0.3094308078289032,0.25,-28.37353515625,-0.09678047352347953,0.009430579841136932,0.0016658007663982906,0.0016319750575348735,0.0,5.326326117938152e-07,0.018561622127890587,-0.00012017341214232147,-1.0278276931785513e-06
6.456246852874756,5.0,1.5815625190734863,0.0,0.2960253953933716,-3.0,-162.44851684570312,0.5,0.464449018239975,-0.1976908009400331,-0.30871260166168213,0.25,-28.377763748168945,0.09327361134087887,0.009430579841136932,0.001566209581766481,0.0016319750575348735,0.0,5.326326117938152e-07,0.018561622127890587,-0.00012017341214232147,-1.0278276931785513e-06
6.461013317108154,5.0,1.5815625190734863,0.0,0.2960253953933716,-3.0,-162.44851684570312,0.5,0.464449018239975,-0.23682031631469727,-0.30871260166168213,0.25,-28.377763748168945,-0.07680037934431333,0.008606432937085629,0.0016669963824469105,0.0016309021739289165,0.0,5.32633066541166e-07,0.1365407407283783,-0.00018221572099719197,-9.458822773922293e-07
6.465823173522949,5.0,1.584375023841858,0.0,0.29416990280151367,-3.0,-162.6197967529297,0.5,0.4644882380962372,-0.1967590411070779,-0.30804964900016785,0.25,-28.37762451171875,0.09194314363579859,0.008606432937085629,0.0015841655324035423,0.0016309021739289165,0.0,5.32633066541166e-07,0.1365407407283783,-0.00018221572099719197,-9.458822773922293e-07
6.470965623855591,5.0,1.584375023841858,0.0,0.29416990280151367,-3.0,-162.6197967529297,0.5,0.4644882380962372,-0.23533592224121094,-0.30804964900016785,0.25,-28.37762451171875,-0.06960677938718339,0.003324890974909067,0.0016693584786476087,0.0016287564067170024,0.0,5.326323275767209e-07,0.41471439599990845,-0.00010751744412118569,-1.0086578186019324e-06
6.475441217422485,5.0,1.5929687023162842,0.0,0.28853514790534973,-3.0,-163.14144897460938,0.5,0.46464183926582336,-0.1049285072013307,-0.30646762251853943,0.25,-28.398605346679688,0.30872662754897706,0.002334917662665248,0.0013108939982814248,0.0016287564067170024,0.0,5.326320433596266e-07,0.4441736340522766,-8.631245145807043e-05,-1.106648710447189e-06
6.479912281036377,5.0,1.5929687023162842,0.0,0.28853514790534973,-3.0,-163.14144897460938,0.5,0.46464183926582336,-0.2308281183242798,-0.30646762251853943,0.25,-28.398605346679688,-0.2758019546746518,0.002334917662665248,0.0016572530851499028,0.0016287564067170024,0.0,5.326320433596266e-07,0.4441736340522766,-8.631245145807043e-05,-1.106648710447189e-06
6.48436975479126,5.0,1.5929687023162842,0.0,0.28853514790534973,-3.0,-163.14144897460938,0.5,0.46464183926582336,-0.2308281183242798,-0.30646762251853943,0.25,-28.398605346679688,0.005792397213486478,0.00011548194015631452,0.001660405246619773,0.0016282795695587993,0.0,5.326321002030454e-07,0.3763604164123535,-7.727019692538306e-05,-1.0850004628082388e-06
6.488970041275024,5.0,1.5985156297683716,0.0,0.28486326336860657,-3.0,-163.48147583007812,0.5,0.4647156000137329,-0.14807200483844574,-0.30622923374176025,0.25,-28.396263122558594,0.19508426229151013,0.00011548194015631452,0.00149446085765457,0.0016282795695587993,0.0,5.326321002030454e-07,0.3763604164123535,-7.727019692538306e-05,-1.0850004628082388e-06
6.4937498569488525,5.0,1.5985156297683716,0.0,0.28486326336860657,-3.0,-163.48147583007812,0.5,0.4647156000137329,-0.22789061069488525,-0.30622923374176025,0.25,-28.396263122558594,-0.16085263884903758,2.7108324502478354e-05,0.0016581733823994387,0.0016261338023468852,0.0,5.326321570464643e-07,0.014545428566634655,-0.0003542379999998957,-1.1182355592609383e-06
6.49832820892334,5.0,1.6013671159744263,0.0,0.2829882800579071,-3.0,-163.65570068359375,0.5,0.46475306153297424,-0.18543738757285802,-0.3061940371990204,0.25,-28.374576568603516,0.10388866882124272,2.7108324502478354e-05,0.0015750823052645805,0.0016261338023468852,0.0,5.326321570464643e-07,0.014545428566634655,-0.0003542379999998957,-1.1182355592609383e-06
6.5032124519348145,5.0,1.6013671159744263,0.0,0.2829882800579071,-3.0,-163.65570068359375,0.5,0.46475306153297424,-0.2263906240463257,-0.3061940371990204,0.25,-28.374576568603516,-0.07751470409500234,0.0012137438170611858,0.0016603485501546504,0.001617550733499229,0.0,5.326322138898831e-07,-0.27361565828323364,-0.000634383934084326,-1.237125729858235e-06
6.507911205291748,5.0,1.6075780391693115,0.0,0.27888670563697815,-3.0,-164.03594970703125,0.5,0.46480536460876465,-0.13581867037522083,-0.30611851811408997,0.25,-28.374296188354492,0.20980522601351356,0.0012137438170611858,0.0015460669343759633,0.001617550733499229,0.0,5.326322138898831e-07,-0.27361565828323364,-0.000634383934084326,-1.237125729858235e-06
6.512708902359009,5.0,1.6075780391693115,0.0,0.27888670563697815,-3.0,-164.03594970703125,0.5,0.46480536460876465,-0.22310936450958252,-0.30611851811408997,0.25,-28.374296188354492,-0.1752012876132302,0.004001982510089874,0.0016607566632636118,0.0016121863154694438,0.0,5.326321002030454e-07,-0.3934510350227356,-0.0006463947938755155,-1.4828588064119685e-06
6.517374753952026,5.0,1.6075780391693115,0.0,0.27888670563697815,-3.0,-164.03594970703125,0.5,0.46480536460876465,-0.22310936450958252,-0.30611851811408997,0.25,-28.374296188354492,0.006749363474608287,0.004001982510089874,0.0016640409221757293,0.0016121863154694438,0.0,5.326321002030454e-07,-0.3934510350227356,-0.0006463947938755155,-1.4828588064119685e-06
6.521852731704712,5.0,1.6125390529632568,0.0,0.27561521530151367,-3.0,-164.33978271484375,0.5,0.46489161252975464,-0.1474348567263563,-0.305654376745224,0.25,-28.385866165161133,0.1837448741456098,0.006112517789006233,0.0014642308417713535,0.0016090868739411235,0.0,4.54747947197659e-13,-0.35286176204681396,-0.0005363276577554643,-1.5581354091409594e-06
6.526957035064697,5.0,1.6125390529632568,0.0,0.27561521530151367,-3.0,-164.33978271484375,0.5,0.46489161252975464,-0.22049217224121095,-0.305654376745224,0.25,-28.385866165161133,-0.13609827316151543,0.006112517789006233,0.0016604195404199798,0.0016090868739411235,0.0,4.54747947197659e-13,-0.35286176204681396,-0.0005363276577554643,-1.5581354091409594e-06
6.531919479370117,5.0,1.6153905391693115,0.0,0.2737402319908142,-3.0,-164.5145263671875,0.5,0.4649425148963928,-0.18120872253893752,-0.30516254901885986,0.25,-28.393573760986328,0.08986828307319253,0.006948407273739576,0.0015552154829935794,0.0016069411067292094,0.0,4.54747947197659e-13,-0.1358262151479721,-0.0003671759332064539,-1.5388699239338166e-06
6.536689519882202,5.0,1.6153905391693115,0.0,0.2737402319908142,-3.0,-164.5145263671875,0.5,0.4649425148963928,-0.21899218559265138,-0.30516254901885986,0.25,-28.393573760986328,-0.07203784603119678,0.004769833292812109,0.0016611351852536121,0.0016058682231232524,0.0,-0.0,0.31836652755737305,9.606259845895693e-05,-1.3076411278234445e-06
6.541341781616211,5.0,1.6227734088897705,0.0,0.26893553137779236,-3.0,-164.96424865722656,0.5,0.4650750160217285,-0.11187176338952953,-0.30375444889068604,0.25,-28.414823532104492,0.24710323272653212,0.004769833292812109,0.0013636745269615105,0.0016058682231232524,0.0,-0.0,0.31836652755737305,9.606259845895693e-05,-1.3076411278234445e-06
6.546180248260498,5.0,1.6227734088897705,0.0,0.26893553137779236,-3.0,-164.96424865722656,0.5,0.4650750160217285,-0.2151484251022339,-0.30375444889068604,0.25,-28.414823532104492,-0.20595835212634192,0.003911989741027355,0.0016518643209444115,0.0016064642695710063,0.0,-2.273739735988295e-13,0.3874456584453583,0.0001461212377762422,-1.353129732706293e-06
6.550958156585693,5.0,1.6266405582427979,0.0,0.26640623807907104,-3.0,-165.20127868652344,0.5,0.4651452898979187,-0.16018773996425484,-0.3032878339290619,0.25,-28.42634391784668,0.1280980055407327,0.003911989741027355,0.0014996812696696162,0.0016064642695710063,0.0,-2.273739735988295e-13,0.3874456584453583,0.0001461212377762422,-1.353129732706293e-06
6.555851936340332,5.0,1.6266405582427979,0.0,0.26640623807907104,-3.0,-165.20127868652344,0.5,0.4651452898979187,-0.21312499046325684,-0.3032878339290619,0.25,-28.42634391784668,-0.10047240294935406,-0.0017230650410056114,0.0016501735334859971,0.0016086100367829204,0.0,-0.0,0.3722662627696991,0.00012024019815726206,-1.0824227274497389e-06
6.560496807098389,5.0,1.6294530630111694,0.0,0.26457029581069946,-3.0,-165.3732147216797,0.5,0.46518149971961975,-0.17213000730865607,-0.30322274565696716,0.25,-28.42537498474121,0.10074236553885624,-0.0017230650410056114,0.0015711063282574278,0.0016086100367829204,0.0,-0.0,0.3722662627696991,0.00012024019815726206,-1.0824227274497389e-06
6.565225124359131,5.0,1.6294530630111694,0.0,0.26457029581069946,-3.0,-165.3732147216797,0.5,0.46518149971961975,-0.2116562366485596,-0.30322274565696716,0.25,-28.42537498474121,-0.0757053088511514,-0.004446414299309254,0.0016523555618750824,0.0016090868739411235,0.0,2.273739735988295e-13,0.3325737416744232,9.59106364462059e-06,-6.83544328694552e-07
6.569937467575073,5.0,1.6294530630111694,0.0,0.26457029581069946,-3.0,-165.3732147216797,0.5,0.46518149971961975,-0.2116562366485596,-0.30322274565696716,0.25,-28.42537498474121,0.00789802745198966,-0.004446414299309254,0.0016556370963467931,0.0016090868739411235,0.0,2.273739735988295e-13,0.3325737416744232,9.59106364462059e-06,-6.83544328694552e-07
6.574594497680664,5.0,1.638515591621399,0.0,0.2586621046066284,-3.0,-165.92649841308594,0.5,0.4653366804122925,-0.0800636108854256,-0.30412906408309937,0.25,-28.446319580078125,0.3083325939310454,-0.0074142408557236195,0.0013070258320293307,0.0016086100367829204,0.0,-0.0,0.09817320853471756,-9.088036313187331e-05,-4.140415228448546e-07
6.579188823699951,5.0,1.638515591621399,0.0,0.2586621046066284,-3.0,-165.92649841308594,0.5,0.4653366804122925,-0.20692968368530273,-0.30412906408309937,0.25,-28.446319580078125,-0.2675326446220048,-0.0074142408557236195,0.0016434290675055928,0.0016086100367829204,0.0,-0.0,0.09817320853471756,-9.088036313187331e-05,-4.140415228448546e-07
6.58391261100769,5.0,1.6407421827316284,0.0,0.2571972608566284,-3.0,-166.06370544433594,0.5,0.4653768837451935,-0.17474786571856374,-0.30452364683151245,0.25,-28.45264434814453,0.08148766461344148,-0.007159109227359295,0.0015567674500477924,0.0016080141067504883,0.0,-0.0,-0.06500354409217834,-7.009108958300203e-05,-1.1061525384548077e-07
6.588988780975342,5.0,1.6407421827316284,0.0,0.2571972608566284,-3.0,-166.06370544433594,0.5,0.4653768837451935,-0.20575780868530275,-0.30452364683151245,0.25,-28.45264434814453,-0.052275217093801445,-0.007159109227359295,0.001645390768758232,0.0016080141067504883,0.0,-0.0,-0.06500354409217834,-7.009108958300203e-05,-1.1061525384548077e-07
6.593637466430664,5.0,1.6463671922683716,0.0,0.2535058557987213,-3.0,-166.40809631347656,0.5,0.4654728174209595,-0.1233971813053018,-0.30548402667045593,0.25,-28.465490341186523,0.19806511699190385,-0.007850466296076775,0.0014307215281705822,0.0016075371531769633,0.0,-0.0,0.11438203603029251,-1.8898646885645576e-05,7.938783141980821e-08
6.598334312438965,5.0,1.6463671922683716,0.0,0.2535058557987213,-3.0,-166.40809631347656,0.5,0.4654728174209595,-0.20280468463897705,-0.30548402667045593,0.25,-28.465490341186523,-0.15975535755828932,-0.007850466296076775,0.001640332225089167,0.0016075371531769633,0.0,-0.0,0.11438203603029251,-1.8898646885645576e-05,7.938783141980821e-08
6.603349685668945,5.0,1.6492186784744263,0.0,0.25163084268569946,-3.0,-166.58226013183594,0.5,0.46557337045669556,-0.16391935849919656,-0.3065822422504425,0.25,-28.480411529541016,0.09384453246937714,-0.007850466296076775,0.0014312294719119529,0.0016075371531769633,0.0,-0.0,0.11438203603029251,-1.8898646885645576e-05,7.938783141980821e-08
6.608208417892456,5.0,1.6492186784744263,0.0,0.25163084268569946,-3.0,-166.58226013183594,0.5,0.46557337045669556,-0.20130467414855957,-0.3065822422504425,0.25,-28.480411529541016,-0.06729803122579259,-0.013656689785420895,0.0016350645042112139,0.0016080141067504883,0.0,-0.0,0.47496262192726135,5.65597802051343e-05,1.7422945575162885e-07
6.612666368484497,5.0,1.6576952934265137,0.0,0.24604491889476776,-3.0,-167.09939575195312,0.5,0.4656714200973511,-0.07153342950024036,-0.3080812096595764,0.25,-28.495216369628906,0.3198832121441806,-0.013656689785420895,0.0014064159401497107,0.0016080141067504883,0.0,-0.0,0.47496262192726135,5.65597802051343e-05,1.7422945575162885e-07
6.617495059967041,5.0,1.6576952934265137,0.0,0.24604491889476776,-3.0,-167.09939575195312,0.5,0.4656714200973511,-0.1968359351158142,-0.3080812096595764,0.25,-28.495216369628906,-0.24910126184753256,-0.015076687559485435,0.001629674492022246,0.0016080141067504883,0.0,-0.0,0.4886556565761566,2.4704695533728227e-05,2.40380444438415e-07
6.622671604156494,5.0,1.6576952934265137,0.0,0.24604491889476776,-3.0,-167.09939575195312,0.5,0.4656714200973511,-0.1968359351158142,-0.3080812096595764,0.25,-28.495216369628906,0.010406034130762945,-0.015076687559485435,0.0016332285602387907,0.0016080141067504883,0.0,-0.0,0.4886556565761566,2.4704695533728227e-05,2.40380444438415e-07
6.627609968185425,5.0,1.6605077981948853,0.0,0.24418944120407104,-3.0,-167.2705841064453,0.5,0.46572184562683105,-0.15777883293235836,-0.3090989589691162,0.25,-28.503400802612305,0.09638001726763172,-0.018251707777380943,0.0015284532706672284,0.0016080141067504883,0.0,-0.0,0.5286765694618225,2.3944494387251325e-05,3.012963247783773e-07
6.632289409637451,5.0,1.6605077981948853,0.0,0.24418944120407104,-3.0,-167.2705841064453,0.5,0.46572184562683105,-0.19535155296325685,-0.3090989589691162,0.25,-28.503400802612305,-0.06956129175765173,-0.018140390515327454,0.00163377110912134,0.0016041992930695415,0.0,-0.0,-0.18349866569042206,-0.00024120397574733943,2.614287097912893e-07
6.637089252471924,5.0,1.6685155630111694,0.0,0.23884765803813934,-3.0,-167.76031494140625,0.5,0.4657747447490692,-0.07978733316605688,-0.31171104311943054,0.25,-28.46978187561035,0.2711439960814636,-0.018140390515327454,0.0015204986181237108,0.0016041992930695415,0.0,-0.0,-0.18349866569042206,-0.00024120397574733943,2.614287097912893e-07
6.6416850090026855,5.0,1.6685155630111694,0.0,0.23884765803813934,-3.0,-167.76031494140625,0.5,0.4657747447490692,-0.19107812643051147,-0.31171104311943054,0.25,-28.46978187561035,-0.2305684038936237,-0.017650896683335304,0.0016338545501829735,0.0016037224559113383,0.0,5.326326117938152e-07,-0.23980967700481415,-0.0002534615050535649,2.454306979871035e-07
6.646238565444946,5.0,1.6717578172683716,0.0,0.23665039241313934,-3.0,-167.96034240722656,0.5,0.46582064032554626,-0.1410664786511775,-0.3129808306694031,0.25,-28.471336364746094,0.1303793474594166,-0.017650896683335304,0.0015306692165646802,0.0016037224559113383,0.0,5.326326117938152e-07,-0.23980967700481415,-0.0002534615050535649,2.454306979871035e-07
6.650822401046753,5.0,1.6717578172683716,0.0,0.23665039241313934,-3.0,-167.96034240722656,0.5,0.46582064032554626,-0.1893203139305115,-0.3129808306694031,0.25,-28.471336364746094,-0.09328775978174594,-0.012556271627545357,0.0016345932851889412,0.0016009806422516704,0.0,5.326326117938152e-07,-0.5922450423240662,-0.00027388459420762956,5.91441597919129e-08
6.655563831329346,5.0,1.6773828268051147,0.0,0.23286132514476776,-3.0,-168.30430603027344,0.5,0.4658977687358856,-0.10637504593569655,-0.31471437215805054,0.25,-28.473114013671875,0.20075640028914002,-0.012556271627545357,0.0014659026626848957,0.0016009806422516704,0.0,5.326326117938152e-07,-0.5922450423240662,-0.00027388459420762956,5.91441597919129e-08
6.660226583480835,5.0,1.6773828268051147,0.0,0.23286132514476776,-3.0,-168.30430603027344,0.5,0.4658977687358856,-0.18628906011581423,-0.31471437215805054,0.25,-28.473114013671875,-0.15880277306091475,-0.0077854846604168415,0.0016317519480325581,0.001598954084329307,0.0,5.326317022991134e-07,-0.8033779263496399,-0.000322939915349707,-2.561861833783041e-07
6.664994716644287,5.0,1.6773828268051147,0.0,0.23286132514476776,-3.0,-168.30430603027344,0.5,0.4658977687358856,-0.18628906011581423,-0.31471437215805054,0.25,-28.473114013671875,0.012597554571183563,-0.0030455910600721836,0.001635004027629321,0.001597404363565147,0.0,5.326323275767209e-07,-0.6096928119659424,-0.00022299904958344996,-4.17720684708911e-07
6.669700384140015,5.0,1.680273413658142,0.0,0.23090820014476776,-3.0,-168.48097229003906,0.5,0.46598386764526367,-0.14322075882889118,-0.31538155674934387,0.25,-28.484359741210938,0.11080416647165761,-0.0030455910600721836,0.001444904994419286,0.001597404363565147,0.0,5.326323275767209e-07,-0.6096928119659424,-0.00022299904958344996,-4.17720684708911e-07
6.674461841583252,5.0,1.680273413658142,0.0,0.23090820014476776,-3.0,-168.48097229003906,0.5,0.46598386764526367,-0.18472656011581423,-0.31538155674934387,0.25,-28.484359741210938,-0.07427660970306108,0.0024731289595365524,0.0016311128580028078,0.0015952585963532329,0.0,5.326323275767209e-07,-0.28721317648887634,-0.00012239845818839967,-6.676199859612097e-07
6.679291725158691,5.0,1.6858593225479126,0.0,0.22711913287639618,-3.0,-168.82400512695312,0.5,0.46603843569755554,-0.10324481760529308,-0.31529656052589417,0.25,-28.49162483215332,0.19120920127431332,0.0024731289595365524,0.0015148652424988667,0.0015952585963532329,0.0,5.326323275767209e-07,-0.28721317648887634,-0.00012239845818839967,-6.676199859612097e-07
6.684082746505737,5.0,1.6858593225479126,0.0,0.22711913287639618,-3.0,-168.82400512695312,0.5,0.46603843569755554,-0.18169530630111697,-0.31529656052589417,0.25,-28.49162483215332,-0.150464213554748,0.003438836196437478,0.0016310995113512374,0.0015941858291625977,0.0,5.326321002030454e-07,-0.1604829877614975,-0.00018383482529316097,-8.590406537223316e-07
6.68873143196106,5.0,1.6915234327316284,0.0,0.22331054508686066,-3.0,-169.16908264160156,0.5,0.46613460779190063,-0.09672016137464805,-0.3147970736026764,0.25,-28.506010055541992,0.20515740565375798,0.003438836196437478,0.001415827258313466,0.0015941858291625977,0.0,5.326321002030454e-07,-0.1604829877614975,-0.00018383482529316097,-8.590406537223316e-07
6.69359827041626,5.0,1.6915234327316284,0.0,0.22331054508686066,-3.0,-169.16908264160156,0.5,0.46613460779190063,-0.17864843606948855,-0.3147970736026764,0.25,-28.506010055541992,-0.15472001614565548,0.0032345587387681007,0.0016260037990157333,0.0015931128291413188,0.0,5.3263187282937e-07,0.03354468569159508,-0.0001473415904911235,-1.1286504104646156e-06
6.698415040969849,5.0,1.694374918937683,0.0,0.22139647603034973,-3.0,-169.34263610839844,0.5,0.4662318229675293,-0.13737957997292108,-0.31424856185913086,0.25,-28.52181625366211,0.10306197557224811,0.0032345587387681007,0.0014157645877392402,0.0015931128291413188,0.0,5.3263187282937e-07,0.03354468569159508,-0.0001473415904911235,-1.1286504104646156e-06
6.703388690948486,5.0,1.694374918937683,0.0,0.22139647603034973,-3.0,-169.34263610839844,0.5,0.4662318229675293,-0.1771171808242798,-0.31424856185913086,0.25,-28.52181625366211,-0.06612783492811065,0.0009396284585818648,0.0016209500710153853,0.0015903710154816508,0.0,5.326321002030454e-07,0.29937708377838135,-9.917692659655586e-05,-1.5071645975694992e-06
6.707983493804932,5.0,1.7009375095367432,0.0,0.2169824242591858,-3.0,-169.74403381347656,0.5,0.466297447681427,-0.1771171808242798,-0.3139845132827759,0.25,-28.532184600830078,0.013781022214667501,0.0001002855206024833,0.0016240532333411002,0.0015903710154816508,0.0,5.326321570464643e-07,0.3633519113063812,-7.84725125413388e-05,-1.6213576827794896e-06
6.71335506439209,5.0,1.7009375095367432,0.0,0.2169824242591858,-3.0,-169.74403381347656,0.5,0.466297447681427,-0.09141161628262605,-0.3139845132827759,0.25,-28.532184600830078,0.1831203620463907,0.0001002855206024833,0.0014976285410341936,0.0015903710154816508,0.0,5.326321570464643e-07,0.3633519113063812,-7.84725125413388e-05,-1.6213576827794896e-06
6.718314170837402,5.0,1.7009375095367432,0.0,0.2169824242591858,-3.0,-169.74403381347656,0.5,0.466297447681427,-0.17358593940734865,-0.3139845132827759,0.25,-28.532184600830078,-0.15149296876529572,-0.004199805203825235,0.0016231416713368384,0.0015892982482910156,0.0,2.273739735988295e-13,0.445564866065979,-0.00010508532432140782,-1.7815494857131853e-06
6.723059177398682,5.0,1.7057031393051147,0.0,0.21376952528953552,-3.0,-170.03579711914062,0.5,0.4663808345794678,-0.10330446054918443,-0.314031720161438,0.25,-28.546133041381836,0.17088656538529456,-0.004199805203825235,0.0014405895998581214,0.0015892982482910156,0.0,2.273739735988295e-13,0.445564866065979,-0.00010508532432140782,-1.7815494857131853e-06
6.727899789810181,5.0,1.7057031393051147,0.0,0.21376952528953552,-3.0,-170.03579711914062,0.5,0.4663808345794678,-0.17101562023162842,-0.314031720161438,0.25,-28.546133041381836,-0.1253225222917341,-0.0067266118712723255,0.0016195804537700261,0.00158870208542794,0.0,-0.0,0.41674888134002686,-5.908919411012903e-05,-1.6925920363064506e-06
6.732461214065552,5.0,1.7085156440734863,0.0,0.21186523139476776,-3.0,-170.2089385986328,0.5,0.4664306640625,-0.12774439345785896,-0.3143036365509033,0.25,-28.554689407348633,0.1152605988096278,-0.009673133492469788,0.0015074223333748802,0.00158870208542794,0.0,-0.0,0.5559897422790527,5.10966383444611e-05,-1.367857976219966e-06
6.737175703048706,5.0,1.7085156440734863,0.0,0.21186523139476776,-3.0,-170.2089385986328,0.5,0.4664306640625,-0.1694921851158142,-0.3143036365509033,0.25,-28.554689407348633,-0.07374711901665346,-0.009673133492469788,0.0016198286407587826,0.00158870208542794,0.0,-0.0,0.5559897422790527,5.10966383444611e-05,-1.367857976219966e-06
6.7420196533203125,5.0,1.7172656059265137,0.0,0.20592772960662842,-3.0,-170.74624633789062,0.5,0.4665835499763489,-0.042166569667485165,-0.3164518177509308,0.25,-28.58028221130371,0.2976581026064266,-0.017314806580543518,0.0012890972983456163,0.0015898941783234477,0.0,-0.0,0.643382728099823,0.0001149446761701256,-1.1656150036287727e-06
6.7465925216674805,5.0,1.7172656059265137,0.0,0.20592772960662842,-3.0,-170.74624633789062,0.5,0.4665835499763489,-0.16474218368530275,-0.3164518177509308,0.25,-28.58028221130371,-0.2523765192619518,-0.017314806580543518,0.0016077758640720384,0.0015898941783234477,0.0,-0.0,0.643382728099823,0.0001149446761701256,-1.1656150036287727e-06
6.751172065734863,5.0,1.7197265625,0.0,0.20424804091453552,-3.0,-170.89732360839844,0.5,0.46662697196006775,-0.12672035588864633,-0.31748878955841064,0.25,-28.587726593017578,0.10566745480236088,-0.02015267312526703,0.0015108046274370415,0.0015903710154816508,0.0,-0.0,0.5369601249694824,7.912984438007697e-05,-1.0373128134233411e-06
6.755886077880859,5.0,1.7197265625,0.0,0.20424804091453552,-3.0,-170.89732360839844,0.5,0.46662697196006775,-0.16339843273162843,-0.31748878955841064,0.25,-28.587726593017578,-0.06181559532244765,-0.02015267312526703,0.0016087683082677694,0.0015903710154816508,0.0,-0.0,0.5369601249694824,7.912984438007697e-05,-1.0373128134233411e-06
6.760549068450928,5.0,1.7197265625,0.0,0.20424804091453552,-3.0,-170.89732360839844,0.5,0.46662697196006775,-0.16339843273162843,-0.31748878955841064,0.25,-28.587726593017578,0.016005271380001487,-0.020862139761447906,0.0016118806705686661,0.00158870208542794,0.0,-1.818991788790636e-12,0.11515897512435913,-0.00023047448485158384,-8.536822519999987e-07
6.765378713607788,5.0,1.7226171493530273,0.0,0.20228515565395355,-3.0,-171.07337951660156,0.5,0.46663570404052734,-0.12118569227751938,-0.31837305426597595,0.25,-28.569976806640625,0.11043026858846695,-0.020862139761447906,0.0015959754053035283,0.00158870208542794,0.0,-1.818991788790636e-12,0.11515897512435913,-0.00023047448485158384,-8.536822519999987e-07
6.770201683044434,5.0,1.7226171493530273,0.0,0.20228515565395355,-3.0,-171.07337951660156,0.5,0.46663570404052734,-0.16182812452316286,-0.31837305426597595,0.25,-28.569976806640625,-0.0679345166699281,-0.02081579901278019,0.0016172738747151235,0.0015825032023712993,0.0,5.326334644450981e-07,-0.10204902291297913,-0.0003419197164475918,-4.705761398327013e-07
6.7746758460998535,5.0,1.732031226158142,0.0,0.19583983719348907,-3.0,-171.64822387695312,0.5,0.4667283892631531,-0.012615464553896033,-0.32229164242744446,0.25,-28.552934646606445,0.35,-0.020495155826210976,0.0014019723404954053,0.0015819071559235454,0.0,5.326317022991134e-07,-0.13367585837841034,-0.00032525480492040515,-3.7332421243263525e-07
6.779406785964966,5.0,1.732031226158142,0.0,0.19583983719348907,-3.0,-171.64822387695312,0.5,0.4667283892631531,-0.15667186975479128,-0.32229164242744446,0.25,-28.552934646606445,-0.28703216145017524,-0.020495155826210976,0.0016122770200233268,0.0015819071559235454,0.0,5.326317022991134e-07,-0.13367585837841034,-0.00032525480492040515,-3.7332421243263525e-07
6.784390687942505,5.0,1.733984351158142,0.0,0.19450195133686066,-3.0,-171.76661682128906,0.5,0.4667564630508423,-0.12875741640817967,-0.32318899035453796,0.25,-28.55523109436035,0.07875285370260546,-0.018019480630755424,0.00155589288382968,0.0015797613887116313,0.0,5.326317022991134e-07,-0.24912068247795105,-0.00018019459093920887,-2.0409672174537263e-07
6.789426803588867,5.0,1.733984351158142,0.0,0.19450195133686066,-3.0,-171.76661682128906,0.5,0.4667564630508423,-0.15560156106948853,-0.32318899035453796,0.25,-28.55523109436035,-0.03556456375929589,-0.018019480630755424,0.0016155701820228497,0.0015797613887116313,0.0,5.326317022991134e-07,-0.24912068247795105,-0.00018019459093920887,-2.0409672174537263e-07
6.794300317764282,5.0,1.7396483421325684,0.0,0.19057616591453552,-3.0,-172.11129760742188,0.5,0.4668274521827698,-0.07190744953609003,-0.3254558742046356,0.25,-28.555282592773438,0.20446274807236797,-0.017986992374062538,0.0014646216958049845,0.0015792845515534282,0.0,5.326317022991134e-07,-0.0054895333014428616,-7.110662409104407e-05,-2.227186826075922e-07
6.798978805541992,5.0,1.7396483421325684,0.0,0.19057616591453552,-3.0,-172.11129760742188,0.5,0.4668274521827698,-0.15246093273162842,-0.3254558742046356,0.25,-28.555282592773438,-0.1537499512805043,-0.017986992374062538,0.0016133887710223574,0.0015792845515534282,0.0,5.326317022991134e-07,-0.0054895333014428616,-7.110662409104407e-05,-2.227186826075922e-07
6.803877353668213,5.0,1.7482030391693115,0.0,0.1845996081829071,-3.0,-172.6324005126953,0.5,0.46694573760032654,-0.02567296991048415,-0.3287992477416992,0.25,-28.562503814697266,0.2997268380455963,-0.01470863725990057,0.0013609625196243725,0.0015776156214997172,0.0,5.326326117938152e-07,-0.40945589542388916,-0.00019747839542105794,-4.846426122639969e-07
6.808534383773804,5.0,1.7482030391693115,0.0,0.1845996081829071,-3.0,-172.6324005126953,0.5,0.46694573760032654,-0.14767968654632568,-0.3287992477416992,0.25,-28.562503814697266,-0.2425339225080287,-0.01470863725990057,0.001605511572720644,0.0015776156214997172,0.0,5.326326117938152e-07,-0.40945589542388916,-0.00019747839542105794,-4.846426122639969e-07
6.813317060470581,5.0,1.7482030391693115,0.0,0.1845996081829071,-3.0,-172.6324005126953,0.5,0.46694573760032654,-0.14767968654632568,-0.3287992477416992,0.25,-28.562503814697266,0.019467357377321432,-0.011580487713217735,0.0016086733297308057,0.0015759468078613281,0.0,5.326317022991134e-07,-0.5802395939826965,-0.00030550226802006364,-5.690976649930235e-07
6.817804574966431,5.0,1.751015543937683,0.0,0.1826171875,-3.0,-172.80435180664062,0.5,0.4669854938983917,-0.10191738723302518,-0.3296751379966736,0.25,-28.56544303894043,0.12901315897542998,-0.011580487713217735,0.0015182724997647933,0.0015759468078613281,0.0,5.326317022991134e-07,-0.5802395939826965,-0.00030550226802006364,-5.690976649930235e-07
6.822516918182373,5.0,1.751015543937683,0.0,0.1826171875,-3.0,-172.80435180664062,0.5,0.4669854938983917,-0.14609375,-0.3296751379966736,0.25,-28.56544303894043,-0.0739455438910834,-0.011580487713217735,0.0016099771491341805,0.0015759468078613281,0.0,5.326317022991134e-07,-0.5802395939826965,-0.00030550226802006364,-5.690976649930235e-07
6.827381610870361,5.0,1.7538280487060547,0.0,0.1806347668170929,-3.0,-172.9754638671875,0.5,0.46700695157051086,-0.10375661270872236,-0.3302568793296814,0.25,-28.556896209716797,0.11319808426173912,-0.008858206681907177,0.0015665032510732311,0.001573920133523643,0.0,5.326326117938152e-07,-0.45434698462486267,-0.0003391010977793485,-7.623916076227033e-07
6.832115173339844,5.0,1.7538280487060547,0.0,0.1806347668170929,-3.0,-172.9754638671875,0.5,0.46700695157051086,-0.14450781345367433,-0.3302568793296814,0.25,-28.556896209716797,-0.06598965513681129,-0.0012202603975310922,0.0016137357424248645,0.0015691517619416118,0.0,5.326322138898831e-07,-0.4738307595252991,-0.00021722006204072386,-1.1352904039085843e-06
6.836934566497803,5.0,1.762148380279541,0.0,0.17472656071186066,-3.0,-173.48472595214844,0.5,0.46712031960487366,-0.01718892394299204,-0.3313885033130646,0.25,-28.563493728637695,0.30207300748131444,-0.0012202603975310922,0.00136806777360902,0.0015691517619416118,0.0,5.326322138898831e-07,-0.4738307595252991,-0.00021722006204072386,-1.1352904039085843e-06
6.8418779373168945,5.0,1.762148380279541,0.0,0.17472656071186066,-3.0,-173.48472595214844,0.5,0.46712031960487366,-0.13978124856948854,-0.3313885033130646,0.25,-28.563493728637695,-0.22714090685020694,-6.498111906694248e-05,0.0016065515094880983,0.0015686749247834086,0.0,5.326321570464643e-07,-0.494927316904068,-0.0002010883908951655,-1.2044155255352962e-06
6.84702467918396,5.0,1.762148380279541,0.0,0.17472656071186066,-3.0,-173.48472595214844,0.5,0.46712031960487366,-0.13978124856948854,-0.3313885033130646,0.25,-28.563493728637695,0.020872197879288165,-6.498111906694248e-05,0.001609935974041405,0.0015686749247834086,0.0,5.326321570464643e-07,-0.494927316904068,-0.0002010883908951655,-1.2044155255352962e-06
6.851654529571533,5.0,1.7651952505111694,0.0,0.1725781261920929,-3.0,-173.66978454589844,0.5,0.46716663241386414,-0.091658528040548,-0.33138513565063477,0.25,-28.56934928894043,0.13060156447716897,0.005976854357868433,0.0015073878109808877,0.0015665291575714946,0.0,5.326321002030454e-07,-0.6724395751953125,-0.00026714938576333225,-1.2970314173799125e-06
6.856456518173218,5.0,1.7651952505111694,0.0,0.1725781261920929,-3.0,-173.66978454589844,0.5,0.46716663241386414,-0.1380625009536743,-0.33138513565063477,0.25,-28.56934928894043,-0.07551610039579655,0.005976854357868433,0.0016105720176934992,0.0015665291575714946,0.0,5.326321002030454e-07,-0.6724395751953125,-0.00026714938576333225,-1.2970314173799125e-06
6.8609819412231445,5.0,1.7708202600479126,0.0,0.1685839742422104,-3.0,-174.0148468017578,0.5,0.46722444891929626,-0.046606879620310654,-0.3308541476726532,0.25,-28.56214141845703,0.2329751228251568,0.008857997134327888,0.0014788411634426824,0.0015648603439331055,0.0,5.326326117938152e-07,-0.48542481660842896,-0.0002513890794944018,-1.5228711163217667e-06
6.865721702575684,5.0,1.7708202600479126,0.0,0.1685839742422104,-3.0,-174.0148468017578,0.5,0.46722444891929626,-0.13486717939376833,-0.3308541476726532,0.25,-28.56214141845703,-0.1647297058833038,0.008857997134327888,0.0016097074675347463,0.0015648603439331055,0.0,5.326326117938152e-07,-0.48542481660842896,-0.0002513890794944018,-1.5228711163217667e-06
6.870465278625488,5.0,1.7788281440734863,0.0,0.16294921934604645,-3.0,-174.50302124023438,0.5,0.4673255681991577,-0.011572307724525124,-0.3284429907798767,0.25,-28.564796447753906,0.29085561624108486,0.01172757800668478,0.0013875020378504546,0.0015631912974640727,0.0,5.326326117938152e-07,-0.5703073740005493,-0.0003304514102637768,-1.6100476614155923e-06
6.875244617462158,5.0,1.7788281440734863,0.0,0.16294921934604645,-3.0,-174.50302124023438,0.5,0.4673255681991577,-0.13035937547683715,-0.3284429907798767,0.25,-28.564796447753906,-0.22675946070370492,0.020259754732251167,0.0016037962706114389,0.001558542251586914,0.0,5.326325549503963e-07,-0.720791757106781,-0.00038931553717702627,-1.7156912690552417e-06
6.880037784576416,5.0,1.7821874618530273,0.0,0.16060546040534973,-3.0,-174.708251953125,0.5,0.4673718214035034,-0.07958644999956829,-0.32667043805122375,0.25,-28.56857681274414,0.1299167939967458,0.020259754732251167,0.0015048755230313124,0.001558542251586914,0.0,5.326325549503963e-07,-0.720791757106781,-0.00038931553717702627,-1.7156912690552417e-06
6.884631395339966,5.0,1.7821874618530273,0.0,0.16060546040534973,-3.0,-174.708251953125,0.5,0.4673718214035034,-0.12848436832427979,-0.32667043805122375,0.25,-28.56857681274414,-0.08461005849452026,0.020259754732251167,0.00160437135539081,0.001558542251586914,0.0,5.326325549503963e-07,-0.720791757106781,-0.00038931553717702627,-1.7156912690552417e-06
6.889600992202759,5.0,1.7821874618530273,0.0,0.16060546040534973,-3.0,-174.708251953125,0.5,0.4673718214035034,-0.12848436832427979,-0.32667043805122375,0.25,-28.56857681274414,0.021857314083091894,0.028726302087306976,0.0016076143332706457,0.001553177717141807,0.0,-1.8189915719502014e-12,-0.6416562795639038,-0.0004539175715763122,-1.8473672298569e-06
6.894519567489624,5.0,1.784999966621399,0.0,0.15864257514476776,-3.0,-174.88095092773438,0.5,0.46737998723983765,-0.08700646195779191,-0.32527583837509155,0.25,-28.552032470703125,0.10818448396932566,0.028726302087306976,0.0015932412768128335,0.001553177717141807,0.0,-1.8189915719502014e-12,-0.6416562795639038,-0.0004539175715763122,-1.8473672298569e-06
6.899465084075928,5.0,1.784999966621399,0.0,0.15864257514476776,-3.0,-174.88095092773438,0.5,0.46737998723983765,-0.12691406011581421,-0.32527583837509155,0.25,-28.552032470703125,-0.05877304061322987,0.028726302087306976,0.001613069768965942,0.001553177717141807,0.0,-1.8189915719502014e-12,-0.6416562795639038,-0.0004539175715763122,-1.8473672298569e-06
6.90430760383606,5.0,1.7930468320846558,0.0,0.1531054675579071,-3.0,-175.37388610839844,0.5,0.46747249364852905,-0.008140853294023961,-0.318605899810791,0.25,-28.550052642822266,0.2669017213122693,0.03667410835623741,0.0014140898103594732,0.0015473364619538188,0.0,-6.465968738211814e-08,-0.3729836344718933,-0.00021623865177389234,-1.5220050499920035e-06
6.909317493438721,5.0,1.7930468320846558,0.0,0.1531054675579071,-3.0,-175.37388610839844,0.5,0.46747249364852905,-0.12248437404632569,-0.318605899810791,0.25,-28.550052642822266,-0.20653326224565752,0.03667410835623741,0.001608378486085484,0.0015473364619538188,0.0,-6.465968738211814e-08,-0.3729836344718933,-0.00021623865177389234,-1.5220050499920035e-06
6.91411018371582,5.0,1.7964452505111694,0.0,0.15083007514476776,-3.0,-175.57992553710938,0.5,0.46752098202705383,-0.0731877517882846,-0.3150619566440582,0.25,-28.555805206298828,0.12267931223618009,0.03857087716460228,0.0015045015929141133,0.001546740415506065,0.0,-9.567349223971178e-08,-0.22316402196884155,-4.170790271018632e-05,-1.211944891110761e-06
6.91876745223999,5.0,1.7964452505111694,0.0,0.15083007514476776,-3.0,-175.57992553710938,0.5,0.46752098202705383,-0.12066406011581421,-0.3150619566440582,0.25,-28.555805206298828,-0.08040343893535072,0.040324654430150986,0.0016086983882975109,0.001546740415506065,0.0,-1.1357055029748153e-07,-0.3043108284473419,-5.3788095101481304e-05,-9.105626190830662e-07
6.9234442710876465,5.0,1.8019921779632568,0.0,0.14714843034744263,-3.0,-175.91896057128906,0.5,0.46759581565856934,-0.03899761101938966,-0.3089736998081207,0.25,-28.562143325805664,0.19223314922099494,0.040324654430150986,0.0014427396365464334,0.001546740415506065,0.0,-1.1357055029748153e-07,-0.3043108284473419,-5.3788095101481304e-05,-9.105626190830662e-07
6.927799701690674,5.0,1.8019921779632568,0.0,0.14714843034744263,-3.0,-175.91896057128906,0.5,0.46759581565856934,-0.1177187442779541,-0.3089736998081207,0.25,-28.562143325805664,-0.15954091760310704,0.04067184031009674,0.0016055720060400057,0.001546740415506065,0.0,-1.1072201289152872e-07,-0.05685275048017502,2.6578820325084962e-05,-6.060276973585133e-07
6.9327168464660645,5.0,1.8019921779632568,0.0,0.14714843034744263,-3.0,-175.91896057128906,0.5,0.46759581565856934,-0.1177187442779541,-0.3089736998081207,0.25,-28.562143325805664,0.021220371864538182,0.04067184031009674,0.0016087587273547108,0.001546740415506065,0.0,-1.1072201289152872e-07,-0.05685275048017502,2.6578820325084962e-05,-6.060276973585133e-07
6.937404155731201,5.0,1.8092968463897705,0.0,0.14241211116313934,-3.0,-176.36476135253906,0.5,0.46770015358924866,-0.012884101443227644,-0.3007586896419525,0.25,-28.574317932128906,0.23897198541769002,0.037288084626197815,0.0013766695201302582,0.0015484093455597758,0.0,-4.507642969997505e-08,0.31523820757865906,0.00011351052671670914,2.5351343424517836e-07
6.9422712326049805,5.0,1.8092968463897705,0.0,0.14241211116313934,-3.0,-176.36476135253906,0.5,0.46770015358924866,-0.11392968893051147,-0.3007586896419525,0.25,-28.574317932128906,-0.18687598953920004,0.037288084626197815,0.0016024102797699124,0.0015484093455597758,0.0,-4.507642969997505e-08,0.31523820757865906,0.00011351052671670914,2.5351343424517836e-07
6.946808576583862,5.0,1.813320279121399,0.0,0.13985350728034973,-3.0,-176.6110076904297,0.5,0.4677600860595703,-0.055492902508636886,-0.29657891392707825,0.25,-28.58249282836914,0.14684594068025264,0.033419039100408554,0.001466056933906175,0.001549959066323936,0.0,-1.8189915719502014e-12,0.47419464588165283,0.00018457633268553764,6.38953963516542e-07
6.951540470123291,5.0,1.813320279121399,0.0,0.13985350728034973,-3.0,-176.6110076904297,0.5,0.4677600860595703,-0.11188280582427979,-0.29657891392707825,0.25,-28.58249282836914,-0.09865200726471512,0.033419039100408554,0.0016011951717289884,0.001549959066323936,0.0,-1.8189915719502014e-12,0.47419464588165283,0.00018457633268553764,6.38953963516542e-07
6.956385374069214,5.0,1.813320279121399,0.0,0.13985350728034973,-3.0,-176.6110076904297,0.5,0.4677600860595703,-0.11188280582427979,-0.29657891392707825,0.25,-28.58249282836914,0.02053573728763621,0.02931174822151661,0.0016043191574543125,0.0015510320663452148,0.0,-0.0,0.6785426735877991,0.00023921090178191662,9.883444818115095e-07
6.961031913757324,5.0,1.8161327838897705,0.0,0.13807617127895355,-3.0,-176.7840576171875,0.5,0.4678020775318146,-0.07221019301372161,-0.2939242422580719,0.25,-28.588138580322266,0.10466625487101082,0.02931174822151661,0.001511900867666811,0.0015510320663452148,0.0,-0.0,0.6785426735877991,0.00023921090178191662,9.883444818115095e-07
6.965843915939331,5.0,1.8161327838897705,0.0,0.13807617127895355,-3.0,-176.7840576171875,0.5,0.4678020775318146,-0.11046093702316284,-0.2939242422580719,0.25,-28.588138580322266,-0.059064226641609235,0.025634318590164185,0.001605371088740923,0.00155210483353585,0.0,1.8189915719502014e-12,0.46107956767082214,8.64124740473926e-05,1.0571096709099947e-06
6.970629692077637,5.0,1.8243749141693115,0.0,0.1329687535762787,-3.0,-177.2882537841797,0.5,0.46793079376220703,0.0003457787859655337,-0.2879205346107483,0.25,-28.60843849182129,0.2520185441007822,0.025634318590164185,0.001324038850644777,0.00155210483353585,0.0,1.8189915719502014e-12,0.46107956767082214,8.64124740473926e-05,1.0571096709099947e-06
6.9750730991363525,5.0,1.8243749141693115,0.0,0.1329687535762787,-3.0,-177.2882537841797,0.5,0.46793079376220703,-0.10637500286102296,-0.2879205346107483,0.25,-28.60843849182129,-0.21993816516094827,0.020981011912226677,0.0015958445926808613,0.001552700879983604,0.0,-1.8189915719502014e-12,0.20532959699630737,-3.2327789085684344e-05,9.187947966893262e-07
6.979693651199341,5.0,1.8274608850479126,0.0,0.13108398020267487,-3.0,-177.47653198242188,0.5,0.4679790139198303,-0.10637500286102296,-0.286125123500824,0.25,-28.616127014160156,0.02025643069080689,0.020981011912226677,0.0015988081414216701,0.001552700879983604,0.0,-1.8189915719502014e-12,0.20532959699630737,-3.2327789085684344e-05,9.187947966893262e-07
6.984779357910156,5.0,1.8274608850479126,0.0,0.13108398020267487,-3.0,-177.47653198242188,0.5,0.4679790139198303,-0.06780697835838012,-0.286125123500824,0.25,-28.616127014160156,0.09699715852597648,0.02153577096760273,0.0015014636514858147,0.0015510320663452148,0.0,-0.0,-0.18510785698890686,-0.00028239854145795107,7.471674052794697e-07
6.989753723144531,5.0,1.8331249952316284,0.0,0.1276269555091858,-3.0,-177.82452392578125,0.5,0.46805280447006226,-0.0326047636979928,-0.2830451428890228,0.25,-28.620519638061523,0.09314647794687632,0.02153577096760273,0.0014422605426262437,0.0015510320663452148,0.0,-0.0,-0.18510785698890686,-0.00028239854145795107,7.471674052794697e-07
6.994696855545044,5.0,1.8331249952316284,0.0,0.1276269555091858,-3.0,-177.82452392578125,0.5,0.46805280447006226,-0.10210156440734863,-0.2830451428890228,0.25,-28.620519638061523,-0.12034342800576993,0.02227984555065632,0.0015937605680771292,0.001548886182717979,0.0,-1.8189915719502014e-12,-0.12337014824151993,-0.00033358766813762486,6.768435127924022e-07
6.999364852905273,5.0,1.8360155820846558,0.0,0.1258886754512787,-3.0,-178.00132751464844,0.5,0.4681323766708374,-0.0634727004100551,-0.2796143591403961,0.25,-28.629682540893555,0.09989611176970817,0.023452134802937508,0.0014167238121727858,0.0015462635783478618,0.0,-6.912167727080032e-09,-0.08123570680618286,-0.00034741865238174796,5.048214575253951e-07
7.004195213317871,5.0,1.8360155820846558,0.0,0.1258886754512787,-3.0,-178.00132751464844,0.5,0.4681323766708374,-0.10071094036102296,-0.2796143591403961,0.25,-28.629682540893555,-0.05705020299570968,0.023452134802937508,0.0015902657057391134,0.0015462635783478618,0.0,-6.912167727080032e-09,-0.08123570680618286,-0.00034741865238174796,5.048214575253951e-07
7.008785963058472,5.0,1.8360155820846558,0.0,0.1258886754512787,-3.0,-178.00132751464844,0.5,0.4681323766708374,-0.10071094036102296,-0.2796143591403961,0.25,-28.629682540893555,0.020058275725251148,0.023051906377077103,0.0015931916314097516,0.0015419720439240336,0.0,-9.944608336809324e-08,0.12109517306089401,-0.0002520981361158192,3.760886500003835e-07
7.013353109359741,5.0,1.8426952362060547,0.0,0.12189453095197678,-3.0,-178.4120635986328,0.5,0.4681909382343292,-0.010061791758866873,-0.27703016996383667,0.25,-28.637601852416992,0.22347318130394983,0.023051906377077103,0.001460846243469852,0.0015419720439240336,0.0,-9.944608336809324e-08,0.12109517306089401,-0.0002520981361158192,3.760886500003835e-07
7.01818585395813,5.0,1.8426952362060547,0.0,0.12189453095197678,-3.0,-178.4120635986328,0.5,0.4681909382343292,-0.09751562476158143,-0.27703016996383667,0.25,-28.637601852416992,-0.16078765966442224,0.02255691960453987,0.001592144277995089,0.0015408991603180766,0.0,-1.2175782160284143e-07,0.13093046844005585,-0.0002719158655963838,3.205456664545636e-07
7.02299165725708,5.0,1.8473047018051147,0.0,0.1191699206829071,-3.0,-178.69583129882812,0.5,0.4682602286338806,-0.03864176702705199,-0.27414676547050476,0.25,-28.64794158935547,0.143420757258098,0.02255691960453987,0.0014426994503586512,0.0015408991603180766,0.0,-1.2175782160284143e-07,0.13093046844005585,-0.0002719158655963838,3.205456664545636e-07
7.02778172492981,5.0,1.8473047018051147,0.0,0.1191699206829071,-3.0,-178.69583129882812,0.5,0.4682602286338806,-0.09533593654632569,-0.27414676547050476,0.25,-28.64794158935547,-0.09822909546543103,0.021665077656507492,0.0015899208450629197,0.0015398263931274414,0.0,-1.4762933631118358e-07,0.14559127390384674,-0.00020018013310618699,2.0284183221974672e-07
7.032487392425537,5.0,1.8553905487060547,0.0,0.11452148109674454,-3.0,-179.18833923339844,0.5,0.4683786630630493,0.007166666518459874,-0.26930180191993713,0.25,-28.665178298950195,0.2394055631103784,0.021665077656507492,0.0013270000503211475,0.0015398263931274414,0.0,-1.4762933631118358e-07,0.14559127390384674,-0.00020018013310618699,2.0284183221974672e-07
7.0370354652404785,5.0,1.8553905487060547,0.0,0.11452148109674454,-3.0,-179.18833923339844,0.5,0.4683786630630493,-0.09161718487739563,-0.26930180191993713,0.25,-28.665178298950195,-0.19716365794193724,0.025137748569250107,0.0015815610263684894,0.0015350579051300883,0.0,-2.54034887348098e-07,-0.38128501176834106,-0.00033665166120044887,-9.237412257334654e-08
7.041903257369995,5.0,1.8553905487060547,0.0,0.11452148109674454,-3.0,-179.18833923339844,0.5,0.4683786630630493,-0.09161718487739563,-0.26930180191993713,0.25,-28.665178298950195,0.020053002742864152,0.025137748569250107,0.001584639548269819,0.0015350579051300883,0.0,-2.54034887348098e-07,-0.38128501176834106,-0.00033665166120044887,-9.237412257334654e-08
7.0463550090789795,5.0,1.85867178440094,0.0,0.11266601085662842,-3.0,-179.38780212402344,0.5,0.4684264659881592,-0.04845325507561979,-0.26699769496917725,0.25,-28.672277450561523,0.1167593362672421,0.028554169461131096,0.0014743343136606323,0.0015323162078857422,0.0,-3.2916287295847724e-07,-0.5406913757324219,-0.0004364456981420517,-4.4396585963113466e-08
7.051154375076294,5.0,1.85867178440094,0.0,0.11266601085662842,-3.0,-179.38780212402344,0.5,0.4684264659881592,-0.09013280868530274,-0.26699769496917725,0.25,-28.672277450561523,-0.06685280408052906,0.028554169461131096,0.001584745006847583,0.0015323162078857422,0.0,-3.2916287295847724e-07,-0.5406913757324219,-0.0004364456981420517,-4.4396585963113466e-08
7.0560462474823,5.0,1.8615233898162842,0.0,0.11104492098093033,-3.0,-179.56292724609375,0.5,0.4684557318687439,-0.055697503457909296,-0.2649758756160736,0.25,-28.67030906677246,0.09016103945807771,0.03091977909207344,0.0015244937928177577,0.0015296934871003032,0.0,-4.048893060826231e-07,-0.3873029053211212,-0.0004158482188358903,-8.815618457447272e-08
7.060656547546387,5.0,1.8615233898162842,0.0,0.11104492098093033,-3.0,-179.56292724609375,0.5,0.4684557318687439,-0.08883593678474427,-0.2649758756160736,0.25,-28.67030906677246,-0.05193833203553083,0.03091977909207344,0.001587227882701938,0.0015296934871003032,0.0,-4.048893060826231e-07,-0.3873029053211212,-0.0004158482188358903,-8.815618457447272e-08
7.065154790878296,5.0,1.8643358945846558,0.0,0.10947265475988388,-3.0,-179.734375,0.5,0.4684905409812927,-0.05262522986610396,-0.2626902759075165,0.25,-28.672523498535156,0.09944927234782722,0.03262215107679367,0.0015085017416687394,0.001528143766336143,0.0,-4.667150221848715e-07,-0.2847071588039398,-0.0003269895678386092,1.0801666405768628e-07
7.069951295852661,5.0,1.8643358945846558,0.0,0.10947265475988388,-3.0,-179.734375,0.5,0.4684905409812927,-0.08757812380790711,-0.2626902759075165,0.25,-28.672523498535156,-0.05301843379123995,0.03262215107679367,0.0015889082390129938,0.001528143766336143,0.0,-4.667150221848715e-07,-0.2847071588039398,-0.0003269895678386092,1.0801666405768628e-07
7.074657917022705,5.0,1.8736718893051147,0.0,0.10433593392372131,-3.0,-180.3075408935547,0.5,0.4686203896999359,0.025669436083757352,-0.2542869448661804,0.25,-28.689300537109375,0.2552198291498192,0.031217606738209724,0.001300395018023712,0.001527070882730186,0.0,-4.910804136670777e-07,0.25907590985298157,8.739719487493858e-05,6.649586907769844e-07
7.079500436782837,5.0,1.8736718893051147,0.0,0.10433593392372131,-3.0,-180.3075408935547,0.5,0.4686203896999359,-0.08346874713897706,-0.2542869448661804,0.25,-28.689300537109375,-0.2059940038445972,0.031217606738209724,0.0015793193591975975,0.001527070882730186,0.0,-4.910804136670777e-07,0.25907590985298157,8.739719487493858e-05,6.649586907769844e-07
7.0840699672698975,5.0,1.8736718893051147,0.0,0.10433593392372131,-3.0,-180.3075408935547,0.5,0.4686203896999359,-0.08346874713897706,-0.2542869448661804,0.25,-28.689300537109375,0.019396388706243637,0.02895510569214821,0.001582187160916362,0.001528143766336143,0.0,-4.5151006133892224e-07,0.37391993403434753,0.00019918920588679612,9.139673124991532e-07
7.088949918746948,5.0,1.878515601158142,0.0,0.1017480418086052,-3.0,-180.6035919189453,0.5,0.468679279088974,-0.028367330017140174,-0.2505493462085724,0.25,-28.692541122436523,0.13083650460436913,0.027685459703207016,0.0014575011287495088,0.001528143766336143,0.0,-4.3640332592076447e-07,0.20954012870788574,4.809342135558836e-05,1.1760977258745697e-06
7.093514919281006,5.0,1.878515601158142,0.0,0.1017480418086052,-3.0,-180.6035919189453,0.5,0.468679279088974,-0.08139843344688416,-0.2505493462085724,0.25,-28.692541122436523,-0.09693544493973637,0.027685459703207016,0.0015810368883509502,0.001528143766336143,0.0,-4.3640332592076447e-07,0.20954012870788574,4.809342135558836e-05,1.1760977258745697e-06
7.098230361938477,5.0,1.8813670873641968,0.0,0.10022460669279099,-3.0,-180.77923583984375,0.5,0.46875056624412537,-0.047872323639195885,-0.24666383862495422,0.25,-28.698692321777344,0.08566764126264576,0.025638030841946602,0.0014242514513410475,0.0015286206034943461,0.0,-4.2353761386948463e-07,0.43858468532562256,4.4588919990928844e-05,1.4851049172648345e-06
7.103548765182495,5.0,1.8813670873641968,0.0,0.10022460669279099,-3.0,-180.77923583984375,0.5,0.46875056624412537,-0.0801796853542328,-0.24666383862495422,0.25,-28.698692321777344,-0.04179646806570938,0.025638030841946602,0.0015787534697890913,0.0015286206034943461,0.0,-4.2353761386948463e-07,0.43858468532562256,4.4588919990928844e-05,1.4851049172648345e-06
7.1081671714782715,5.0,1.8880468606948853,0.0,0.09675780683755875,-3.0,-181.1851348876953,0.5,0.4688047766685486,-0.002341393371549233,-0.24435065686702728,0.25,-28.70530128479004,0.19156593087599497,0.018385207280516624,0.0014577505913665745,0.0015296934871003032,0.0,-3.7947438613628037e-07,0.5931063294410706,9.995531581807882e-05,1.5257580798788695e-06
7.113313674926758,5.0,1.8880468606948853,0.0,0.09675780683755875,-3.0,-181.1851348876953,0.5,0.4688047766685486,-0.077406245470047,-0.24435065686702728,0.25,-28.70530128479004,-0.1268113656366244,0.018385207280516624,0.00157834058966398,0.0015296934871003032,0.0,-3.7947438613628037e-07,0.5931063294410706,9.995531581807882e-05,1.5257580798788695e-06
7.11821985244751,5.0,1.8880468606948853,0.0,0.09675780683755875,-3.0,-181.1851348876953,0.5,0.4688047766685486,-0.077406245470047,-0.24435065686702728,0.25,-28.70530128479004,0.01906103769320198,0.01252064574509859,0.001581401575733252,0.0015301703242585063,0.0,-3.507388726120553e-07,0.5747306942939758,8.473010529996827e-05,1.6320348095177906e-06
7.123210668563843,5.0,1.8928124904632568,0.0,0.09428710490465164,-3.0,-181.47683715820312,0.5,0.46887198090553284,-0.0259247156917431,-0.24222171306610107,0.25,-28.714452743530273,0.12389174291859982,0.01252064574509859,0.0014417883450613409,0.0015301703242585063,0.0,-3.507388726120553e-07,0.5747306942939758,8.473010529996827e-05,1.6320348095177906e-06
7.12781548500061,5.0,1.8928124904632568,0.0,0.09428710490465164,-3.0,-181.47683715820312,0.5,0.46887198090553284,-0.07542968392372132,-0.24222171306610107,0.25,-28.714452743530273,-0.08842722813934077,0.01043072808533907,0.0015793109279618697,0.0015301703242585063,0.0,-3.4108637692042976e-07,0.3453894853591919,1.3457858585752547e-05,1.4842019027128117e-06
7.132733106613159,5.0,1.8956639766693115,0.0,0.09282226115465164,-3.0,-181.65060424804688,0.5,0.46890994906425476,-0.04447016226416542,-0.24131231009960175,0.25,-28.718523025512695,0.08381209376294307,0.009323845617473125,0.0015006041532679535,0.0015307663707062602,0.0,-3.3187635040121677e-07,0.18022160232067108,2.2082887880969793e-05,1.2327873264439404e-06
7.137598991394043,5.0,1.8956639766693115,0.0,0.09282226115465164,-3.0,-181.65060424804688,0.5,0.46890994906425476,-0.07425780892372132,-0.24131231009960175,0.25,-28.718523025512695,-0.0420705117674382,0.009323845617473125,0.0015808381431572792,0.0015307663707062602,0.0,-3.3187635040121677e-07,0.18022160232067108,2.2082887880969793e-05,1.2327873264439404e-06
7.1422436237335205,5.0,1.9050390720367432,0.0,0.08802734315395355,-3.0,-182.2256622314453,0.5,0.4690411388874054,0.03281381024661284,-0.23906677961349487,0.25,-28.735658645629883,0.25744417720108276,0.007330491207540035,0.001285516515478795,0.001531839370727539,0.0,-3.0686703667015536e-07,0.13548392057418823,0.00010443774954183027,1.029135432872863e-06
7.147098541259766,5.0,1.9050390720367432,0.0,0.08802734315395355,-3.0,-182.2256622314453,0.5,0.4690411388874054,-0.07042187452316284,-0.23906677961349487,0.25,-28.735658645629883,-0.19326218397207764,0.007330491207540035,0.0015709772692777046,0.001531839370727539,0.0,-3.0686703667015536e-07,0.13548392057418823,0.00010443774954183027,1.029135432872863e-06
7.151957750320435,5.0,1.9069921970367432,0.0,0.08703124523162842,-3.0,-182.3456573486328,0.5,0.46906882524490356,-0.04912581802917694,-0.23869334161281586,0.25,-28.739437103271484,0.06496609588055458,0.0070070731453597546,0.001513683840768332,0.001531839370727539,0.0,-2.9977479698573006e-07,0.07745806872844696,9.507693903287873e-05,1.032435193337733e-06
7.156834125518799,5.0,1.9069921970367432,0.0,0.08703124523162842,-3.0,-182.3456573486328,0.5,0.46906882524490356,-0.06962499618530274,-0.23869334161281586,0.25,-28.739437103271484,-0.02257271713702695,0.0070070731453597546,0.0015736775675391067,0.001531839370727539,0.0,-2.9977479698573006e-07,0.07745806872844696,9.507693903287873e-05,1.032435193337733e-06
7.1615540981292725,5.0,1.9098047018051147,0.0,0.08560546487569809,-3.0,-182.51806640625,0.5,0.4691012501716614,-0.03827698568042411,-0.23821435868740082,0.25,-28.740013122558594,0.0885890395326564,0.008199191652238369,0.001504006124020664,0.0015312432078644633,0.0,-3.001040624894813e-07,-0.19873298704624176,-0.0001338692964054644,9.776489378054976e-07
7.166532516479492,5.0,1.9098047018051147,0.0,0.08560546487569809,-3.0,-182.51806640625,0.5,0.4691012501716614,-0.06848437190055848,-0.23821435868740082,0.25,-28.740013122558594,-0.041096481729937226,0.008199191652238369,0.0015757799394488067,0.0015312432078644633,0.0,-3.001040624894813e-07,-0.19873298704624176,-0.0001338692964054644,9.776489378054976e-07
7.171125650405884,5.0,1.9098047018051147,0.0,0.08560546487569809,-3.0,-182.51806640625,0.5,0.4691012501716614,-0.06848437190055848,-0.23821435868740082,0.25,-28.740013122558594,0.01959578310276798,0.010029155761003494,0.0015786183813711993,0.001528143766336143,0.0,-3.1547494927508524e-07,-0.05137534812092781,-0.0001506658736616373,7.48276022477512e-07
7.175948858261108,5.0,1.9194921255111694,0.0,0.08074218779802322,-3.0,-183.10812377929688,0.5,0.4692225158214569,0.03623700853567931,-0.23601610958576202,0.25,-28.74911117553711,0.24448694701205728,0.010234033688902855,0.001315614270766842,0.001527070882730186,0.0,-3.1909928566165036e-07,-0.02023058757185936,-0.00010634362115524709,6.155580649647163e-07
7.180614471435547,5.0,1.9194921255111694,0.0,0.08074218779802322,-3.0,-183.10812377929688,0.5,0.4692225158214569,-0.06459375023841858,-0.23601610958576202,0.25,-28.74911117553711,-0.19627357290625894,0.010234033688902855,0.0015699073441780048,0.001527070882730186,0.0,-3.1909928566165036e-07,-0.02023058757185936,-0.00010634362115524709,6.155580649647163e-07
7.1853814125061035,5.0,1.92410147190094,0.0,0.07843749970197678,-3.0,-183.3905029296875,0.5,0.46928563714027405,-0.01440268306657292,-0.234806090593338,0.25,-28.757036209106445,0.12849139367874277,0.01021667942404747,0.0014328463326580636,0.001527070882730186,0.0,-3.158333186092932e-07,0.002830218756571412,-1.2986044566787314e-05,6.656549089711916e-07
7.190013885498047,5.0,1.92410147190094,0.0,0.07843749970197678,-3.0,-183.3905029296875,0.5,0.46928563714027405,-0.06274999976158142,-0.234806090593338,0.25,-28.757036209106445,-0.0844119779512332,0.01021667942404747,0.0015681067262036373,0.001527070882730186,0.0,-3.158333186092932e-07,0.002830218756571412,-1.2986044566787314e-05,6.656549089711916e-07
7.194774866104126,5.0,1.9268749952316284,0.0,0.07705078274011612,-3.0,-183.5607147216797,0.5,0.4693221151828766,-0.03251391729329977,-0.23408691585063934,0.25,-28.760772705078125,0.08551288885368928,0.01127950381487608,0.001490031738307761,0.001525997999124229,0.0,-3.210101340300753e-07,-0.1795724630355835,-0.0001400342007400468,5.770861548626272e-07
7.1994428634643555,5.0,1.9268749952316284,0.0,0.07705078274011612,-3.0,-183.5607147216797,0.5,0.4693221151828766,-0.0616406261920929,-0.23408691585063934,0.25,-28.760772705078125,-0.04236033880435107,0.01127950381487608,0.0015695145830912048,0.001525997999124229,0.0,-3.210101340300753e-07,-0.1795724630355835,-0.0001400342007400468,5.770861548626272e-07
7.204240322113037,5.0,1.9268749952316284,0.0,0.07705078274011612,-3.0,-183.5607147216797,0.5,0.4693221151828766,-0.0616406261920929,-0.23408691585063934,0.25,-28.760772705078125,0.020052791186390632,0.01127950381487608,0.0015724581007679882,0.001525997999124229,0.0,-3.210101340300753e-07,-0.1795724630355835,-0.0001400342007400468,5.770861548626272e-07
7.208949089050293,5.0,1.9341014623641968,0.0,0.07346679270267487,-3.0,-184.00460815429688,0.5,0.46941837668418884,0.017339698749252508,-0.231637641787529,0.25,-28.771602630615234,0.19178882194262442,0.017956607043743134,0.0013593563755988241,0.0015217064647004008,0.0,-3.8034289673305466e-07,-0.5250860452651978,-0.0003550378605723381,6.865335535621853e-07
7.213684797286987,5.0,1.9341014623641968,0.0,0.07346679270267487,-3.0,-184.00460815429688,0.5,0.46941837668418884,-0.0587734341621399,-0.231637641787529,0.25,-28.771602630615234,-0.14057899136205249,0.022581595927476883,0.0015666832682542228,0.0015184879302978516,0.0,-4.337839243362396e-07,-0.5052629709243774,-0.00031899113673716784,7.506151291636343e-07
7.218360185623169,5.0,1.9382421970367432,0.0,0.07143554836511612,-3.0,-184.25917053222656,0.5,0.46947479248046875,-0.013702970818558986,-0.22956861555576324,0.25,-28.77894401550293,0.11729716281855326,0.022581595927476883,0.001442102239887009,0.0015184879302978516,0.0,-4.337839243362396e-07,-0.5052629709243774,-0.00031899113673716784,7.506151291636343e-07
7.2231903076171875,5.0,1.9382421970367432,0.0,0.07143554836511612,-3.0,-184.25917053222656,0.5,0.46947479248046875,-0.0571484386920929,-0.22956861555576324,0.25,-28.77894401550293,-0.06982061781811871,0.022581595927476883,0.0015657165262088022,0.0015184879302978516,0.0,-4.337839243362396e-07,-0.5052629709243774,-0.00031899113673716784,7.506151291636343e-07
7.227753162384033,5.0,1.9410936832427979,0.0,0.07004882395267487,-3.0,-184.43394470214844,0.5,0.4695134162902832,-0.025647462600325698,-0.2278667539358139,0.25,-28.784048080444336,0.08902871631514683,0.026110149919986725,0.0014792154424975899,0.0015163420466706157,0.0,-4.878589265899791e-07,-0.5811582207679749,-0.0004031238495372236,1.0453444474478601e-06
7.232394695281982,5.0,1.9410936832427979,0.0,0.07004882395267487,-3.0,-184.43394470214844,0.5,0.4695134162902832,-0.056039059162139894,-0.2278667539358139,0.25,-28.784048080444336,-0.045387872823965086,0.029758308082818985,0.001566693875731857,0.0015115736750885844,0.0,-5.930512543272926e-07,-0.012156803160905838,-0.0001528437715023756,1.1999845810350962e-06
7.236784219741821,5.0,1.9410936832427979,0.0,0.07004882395267487,-3.0,-184.43394470214844,0.5,0.4695134162902832,-0.056039059162139894,-0.2278667539358139,0.25,-28.784048080444336,0.02010471099924136,0.029758308082818985,0.0015693703078296715,0.0015115736750885844,0.0,-5.930512543272926e-07,-0.012156803160905838,-0.0001528437715023756,1.1999845810350962e-06
7.241619825363159,5.0,1.9499609470367432,0.0,0.06581054627895355,-3.0,-184.97991943359375,0.5,0.46963050961494446,0.03499886107367179,-0.22117209434509277,0.25,-28.79826545715332,0.2046719745651609,0.0296956654638052,0.0013161079962031072,0.0015115736750885844,0.0,-5.983553705846134e-07,0.0307688619941473,-0.0001282641023863107,1.2051394833179074e-06
7.246397018432617,5.0,1.9499609470367432,0.0,0.06581054627895355,-3.0,-184.97991943359375,0.5,0.46963050961494446,-0.052648437023162846,-0.22117209434509277,0.25,-28.79826545715332,-0.16372118372817746,0.0296956654638052,0.0015611578248185933,0.0015115736750885844,0.0,-5.983553705846134e-07,0.0307688619941473,-0.0001282641023863107,1.2051394833179074e-06
7.251075506210327,5.0,1.9553905725479126,0.0,0.06331054866313934,-3.0,-185.3113250732422,0.5,0.4697016775608063,0.0027875800268345047,-0.21696323156356812,0.25,-28.807262420654297,0.13541203516968475,0.026838025078177452,0.0014033352646999466,0.0015121697215363383,0.0,-5.666794891112659e-07,0.29652655124664307,0.00011167402408318594,1.3777872709397343e-06
7.255922555923462,5.0,1.9553905725479126,0.0,0.06331054866313934,-3.0,-185.3113250732422,0.5,0.4697016775608063,-0.05064843893051148,-0.21696323156356812,0.25,-28.807262420654297,-0.09072369735196002,0.026838025078177452,0.0015583898274412595,0.0015121697215363383,0.0,-5.666794891112659e-07,0.29652655124664307,0.00011167402408318594,1.3777872709397343e-06
7.260495901107788,5.0,1.9582421779632568,0.0,0.06200195103883743,-3.0,-185.48709106445312,0.5,0.46974024176597595,-0.02098798430098967,-0.2149089127779007,0.25,-28.812557220458984,0.08321431175195101,0.025734947994351387,0.0014722060439412586,0.0015121697215363383,0.0,-5.564166940530413e-07,0.18081948161125183,5.0915668907691725e-06,1.5511499213971547e-06
7.2652037143707275,5.0,1.9582421779632568,0.0,0.06200195103883743,-3.0,-185.48709106445312,0.5,0.46974024176597595,-0.04960156083106995,-0.2149089127779007,0.25,-28.812557220458984,-0.04134577850620802,0.025734947994351387,0.0015593790350358168,0.0015121697215363383,0.0,-5.564166940530413e-07,0.18081948161125183,5.0915668907691725e-06,1.5511499213971547e-06
7.270146369934082,5.0,1.9663671255111694,0.0,0.058369141072034836,-3.0,-185.98411560058594,0.5,0.4698476791381836,0.02680383998111603,-0.20936408638954163,0.25,-28.826635360717773,0.17132513813777395,0.025599831715226173,0.001332099490907549,0.001511216047219932,0.0,-5.663447382175946e-07,-0.10432401299476624,-0.00021036010002717376,1.6599159380348283e-06
7.274888277053833,5.0,1.9663671255111694,0.0,0.058369141072034836,-3.0,-185.98411560058594,0.5,0.4698476791381836,-0.046695312857627874,-0.20936408638954163,0.25,-28.826635360717773,-0.13584386395954562,0.025599831715226173,0.0015523267911994477,0.001511216047219932,0.0,-5.663447382175946e-07,-0.10432401299476624,-0.00021036010002717376,1.6599159380348283e-06
7.279255628585815,5.0,1.9663671255111694,0.0,0.058369141072034836,-3.0,-185.98411560058594,0.5,0.4698476791381836,-0.046695312857627874,-0.20936408638954163,0.25,-28.826635360717773,0.01916948527923223,0.027906881645321846,0.001554960506893621,0.0015078781871125102,0.0,-6.316374765447108e-07,-0.23784181475639343,-0.0002843608963303268,1.7321270888714935e-06
7.283849000930786,5.0,1.9695311784744263,0.0,0.056962888687849045,-3.0,-186.1790313720703,0.5,0.469889372587204,-0.014955497288906876,-0.20702099800109863,0.25,-28.83205795288086,0.08671287392895494,0.027906881645321846,0.001461954767755999,0.0015078781871125102,0.0,-6.316374765447108e-07,-0.23784181475639343,-0.0002843608963303268,1.7321270888714935e-06
7.288969278335571,5.0,1.9695311784744263,0.0,0.056962888687849045,-3.0,-186.1790313720703,0.5,0.469889372587204,-0.04557031095027924,-0.20702099800109863,0.25,-28.83205795288086,-0.04073382548675401,0.0310373492538929,0.0015558069747798405,0.0015040634898468852,0.0,-7.322259421016497e-07,-0.24475884437561035,-0.00037345546297729015,1.9917897589039057e-06
7.293946027755737,5.0,1.9724218845367432,0.0,0.05570312216877937,-3.0,-186.35707092285156,0.5,0.46992796659469604,-0.019249458787049943,-0.20472046732902527,0.25,-28.83745765686035,0.07022347355548138,0.0310373492538929,0.0014766202882932175,0.0015040634898468852,0.0,-7.322259421016497e-07,-0.24475884437561035,-0.00037345546297729015,1.9917897589039057e-06
7.298490762710571,5.0,1.9724218845367432,0.0,0.05570312216877937,-3.0,-186.35707092285156,0.5,0.46992796659469604,-0.0445624977350235,-0.20472046732902527,0.25,-28.83745765686035,-0.03676211796862346,0.0310373492538929,0.0015569023018046544,0.0015040634898468852,0.0,-7.322259421016497e-07,-0.24475884437561035,-0.00037345546297729015,1.9917897589039057e-06
7.3032636642456055,5.0,1.9820703268051147,0.0,0.05160156264901161,-3.0,-186.95167541503906,0.5,0.470055490732193,0.044653049795871376,-0.1962720900774002,0.25,-28.855302810668945,0.1978707172837748,0.03379238769412041,0.0012772741736817566,0.0014992952346801758,0.0,-8.451816029264592e-07,-0.13968273997306824,-0.00021423633734229952,1.9437707123870496e-06
7.308041572570801,5.0,1.9820703268051147,0.0,0.05160156264901161,-3.0,-186.95167541503906,0.5,0.470055490732193,-0.041281250119209294,-0.1962720900774002,0.25,-28.855302810668945,-0.1615044352792357,0.03379238769412041,0.0015473192915925146,0.0014992952346801758,0.0,-8.451816029264592e-07,-0.13968273997306824,-0.00021423633734229952,1.9437707123870496e-06
7.312671661376953,5.0,1.9820703268051147,0.0,0.05160156264901161,-3.0,-186.95167541503906,0.5,0.470055490732193,-0.041281250119209294,-0.1962720900774002,0.25,-28.855302810668945,0.01836749093576263,0.03457304835319519,0.0015500922063358467,0.0014983414439484477,0.0,-8.707220331416465e-07,-0.10290753841400146,-0.00015261668886523694,2.0493075680860784e-06
7.317506551742554,5.0,1.983828067779541,0.0,0.05087890475988388,-3.0,-187.05931091308594,0.5,0.47007834911346436,-0.02575639628189498,-0.19464731216430664,0.25,-28.858478546142578,0.048801347700538136,0.03457304835319519,0.0015029645863285646,0.0014983414439484477,0.0,-8.707220331416465e-07,-0.10290753841400146,-0.00015261668886523694,2.0493075680860784e-06
7.322073936462402,5.0,1.983828067779541,0.0,0.05087890475988388,-3.0,-187.05931091308594,0.5,0.47007834911346436,-0.04070312380790711,-0.19464731216430664,0.25,-28.858478546142578,-0.014452628106862136,0.03576936945319176,0.0015529758324362027,0.0014967917231842875,0.0,-9.163168783743458e-07,-0.2005832940340042,-0.00027928795316256583,2.188801772717852e-06
7.327040195465088,5.0,1.9895702600479126,0.0,0.0485546849668026,-3.0,-187.41107177734375,0.5,0.47015246748924255,0.007956465060643375,-0.1891786903142929,0.25,-28.86863899230957,0.11044360005946534,0.03576936945319176,0.0013978023598629657,0.0014967917231842875,0.0,-9.163168783743458e-07,-0.2005832940340042,-0.00027928795316256583,2.188801772717852e-06
7.331965923309326,5.0,1.9895702600479126,0.0,0.0485546849668026,-3.0,-187.41107177734375,0.5,0.47015246748924255,-0.03884374797344208,-0.1891786903142929,0.25,-28.86863899230957,-0.07713820417778264,0.03703451156616211,0.00154998665532301,0.0014951227931305766,0.0,-9.584010740582016e-07,-0.2033359855413437,-0.0002513525541871786,2.389262817814597e-06
7.353555202484131,5.0,2.0008983612060547,0.0,0.044169921427965164,-3.0,-188.105224609375,0.5,0.470296710729599,-0.015026025434182362,-0.17704108357429504,0.25,-28.888349533081055,0.02475528363736659,0.043153975158929825,0.0014786904793081912,0.0014880894450470805,0.0,-1.1666828640954918e-06,-0.24629496037960052,-0.000313395430566743,2.8055465008947067e-06
7.358283042907715,5.0,2.0037498474121094,0.0,0.04311523213982582,-3.0,-188.2802276611328,0.5,0.4703322947025299,-0.012184129736066404,-0.1736542135477066,0.25,-28.893028259277344,0.018142316669405995,0.04360545799136162,0.0014687733749672931,0.0014871357707306743,0.0,-1.20506001621834e-06,-0.07453908026218414,-0.0002133004309143871,2.9268635444168467e-06
7.362801551818848,5.0,2.0037498474121094,0.0,0.04311523213982582,-3.0,-188.2802276611328,0.5,0.4703322947025299,-0.034492185711860655,-0.1736542135477066,0.25,-28.893028259277344,-0.0327397748543451,0.04360545799136162,0.0015467192011606977,0.0014871357707306743,0.0,-1.20506001621834e-06,-0.07453908026218414,-0.0002133004309143871,2.9268635444168467e-06
7.367757081985474,5.0,2.0037498474121094,0.0,0.04311523213982582,-3.0,-188.2802276611328,0.5,0.4703322947025299,-0.034492185711860655,-0.1736542135477066,0.25,-28.893028259277344,0.016644410366025895,0.042792029678821564,0.0015496595853322212,0.0014865397242829204,0.0,-1.2084141189916409e-06,0.26018860936164856,-1.360702754027443e-05,3.053096179428394e-06
7.372365951538086,5.0,2.012265682220459,0.0,0.040107421576976776,-3.0,-188.8024139404297,0.5,0.4704364240169525,0.03317541432395476,-0.16377168893814087,0.25,-28.905920028686523,0.14897475341626307,0.042792029678821564,0.0013139567207837168,0.0014865397242829204,0.0,-1.2084141189916409e-06,0.26018860936164856,-1.360702754027443e-05,3.053096179428394e-06
7.3771209716796875,5.0,2.012265682220459,0.0,0.040107421576976776,-3.0,-188.8024139404297,0.5,0.4704364240169525,-0.032085937261581425,-0.16377168893814087,0.25,-28.905920028686523,-0.12146933168098226,0.038126904517412186,0.0015427006688909436,0.0014865397242829204,0.0,-1.1550559975148644e-06,0.37777945399284363,5.1831422752002254e-05,3.1111849239096045e-06
7.381675720214844,5.0,2.0151562690734863,0.0,0.03911132737994194,-3.0,-188.98008728027344,0.5,0.47047173976898193,-0.009419705355586717,-0.1607651710510254,0.25,-28.91026496887207,0.06131400333706326,0.034735891968011856,0.00146361653655762,0.0014865397242829204,0.0,-1.1214773394385702e-06,0.3224402070045471,-3.071942046517506e-05,3.1319568734033965e-06
7.386094570159912,5.0,2.0151562690734863,0.0,0.03911132737994194,-3.0,-188.98008728027344,0.5,0.47047173976898193,-0.03128906190395355,-0.1607651710510254,0.25,-28.91026496887207,-0.03395305240204325,0.034735891968011856,0.0015437622736700681,0.0014865397242829204,0.0,-1.1214773394385702e-06,0.3224402070045471,-3.071942046517506e-05,3.1319568734033965e-06
7.391151428222656,5.0,2.020937442779541,0.0,0.03719726577401161,-3.0,-189.33380126953125,0.5,0.47054243087768555,0.008092994782959502,-0.15527233481407166,0.25,-28.919137954711914,0.086637592697282,0.032414693385362625,0.0013984660448604952,0.0014865397242829204,0.0,-1.108509650293854e-06,0.3851589262485504,-2.6916881324723363e-05,3.0781041004956933e-06
7.395973443984985,5.0,2.020937442779541,0.0,0.03719726577401161,-3.0,-189.33380126953125,0.5,0.47054243087768555,-0.02975781261920929,-0.15527233481407166,0.25,-28.919137954711914,-0.0634045748733089,0.032414693385362625,0.001541099492796689,0.0014865397242829204,0.0,-1.108509650293854e-06,0.3851589262485504,-2.6916881324723363e-05,3.0781041004956933e-06
7.400415420532227,5.0,2.020937442779541,0.0,0.03719726577401161,-3.0,-189.33380126953125,0.5,0.47054243087768555,-0.02975781261920929,-0.15527233481407166,0.25,-28.919137954711914,0.015102394265062926,0.030385322868824005,0.0015437164894202904,0.001486182096414268,0.0,-1.1010063190042274e-06,0.3553107678890228,-2.5929659386747517e-05,3.064539896513452e-06
7.405278921127319,5.0,2.0289061069488525,0.0,0.034648437052965164,-3.0,-189.82403564453125,0.5,0.47063925862312317,0.02468853747954562,-0.14892145991325378,0.25,-28.930744171142578,0.11978139180099208,0.030385322868824005,0.001335862437932829,0.001486182096414268,0.0,-1.1010063190042274e-06,0.3553107678890228,-2.5929659386747517e-05,3.064539896513452e-06
7.410122871398926,5.0,2.0289061069488525,0.0,0.034648437052965164,-3.0,-189.82403564453125,0.5,0.47063925862312317,-0.027718749642372132,-0.14892145991325378,0.25,-28.930744171142578,-0.093577610346411,0.025535723194479942,0.0015377975190542935,0.001486182096414268,0.0,-1.0611249763314845e-06,0.4022660255432129,4.199066461296752e-05,3.082377588725649e-06
7.414845943450928,5.0,2.032304525375366,0.0,0.03358398377895355,-3.0,-190.03326416015625,0.5,0.4706801772117615,-0.004329879476469255,-0.146678164601326,0.25,-28.935436248779297,0.061935328550526886,0.025535723194479942,0.0014490213435220435,0.001486182096414268,0.0,-1.0611249763314845e-06,0.4022660255432129,4.199066461296752e-05,3.082377588725649e-06
7.419564962387085,5.0,2.032304525375366,0.0,0.03358398377895355,-3.0,-190.03326416015625,0.5,0.4706801772117615,-0.026867187023162844,-0.146678164601326,0.25,-28.935436248779297,-0.03328710746839818,0.02076975628733635,0.0015384240971081618,0.0014880894450470805,0.0,-9.902443025566754e-07,0.4495636522769928,0.00018469808856025338,2.8304239094723016e-06
7.4243268966674805,5.0,2.032304525375366,0.0,0.03358398377895355,-3.0,-190.03326416015625,0.5,0.4706801772117615,-0.026867187023162844,-0.146678164601326,0.25,-28.935436248779297,0.014482762825205851,0.02076975628733635,0.0015412164784927703,0.0014880894450470805,0.0,-9.902443025566754e-07,0.4495636522769928,0.00018469808856025338,2.8304239094723016e-06
7.428722381591797,5.0,2.0351171493530273,0.0,0.03272460773587227,-3.0,-190.20504760742188,0.5,0.4707135260105133,-0.006628349808788941,-0.14501895010471344,0.25,-28.939096450805664,0.058994273991177876,0.02076975628733635,0.0014639186084393274,0.0014880894450470805,0.0,-9.902443025566754e-07,0.4495636522769928,0.00018469808856025338,2.8304239094723016e-06
7.433348894119263,5.0,2.0351171493530273,0.0,0.03272460773587227,-3.0,-190.20504760742188,0.5,0.4707135260105133,-0.026179686188697815,-0.14501895010471344,0.25,-28.939096450805664,-0.0278700202546504,0.02076975628733635,0.0015424990725166478,0.0014880894450470805,0.0,-9.902443025566754e-07,0.4495636522769928,0.00018469808856025338,2.8304239094723016e-06
7.437623739242554,5.0,2.043164014816284,0.0,0.030302733182907104,-3.0,-190.69866943359375,0.5,0.4708097279071808,0.032411902271298414,-0.14128006994724274,0.25,-28.94964599609375,0.14930157184723267,0.01465179119259119,0.0013084086934263127,0.0014919041423127055,0.0,-8.700853868504055e-07,0.24244222044944763,0.00023273359693121165,2.6852505925489822e-06
7.442472219467163,5.0,2.043164014816284,0.0,0.030302733182907104,-3.0,-190.69866943359375,0.5,0.4708097279071808,-0.024242186546325685,-0.14128006994724274,0.25,-28.94964599609375,-0.10264981675278288,0.01465179119259119,0.0015362810919024804,0.0014919041423127055,0.0,-8.700853868504055e-07,0.24244222044944763,0.00023273359693121165,2.6852505925489822e-06
7.4471025466918945,5.0,2.046562433242798,0.0,0.029287109151482582,-3.0,-190.90945434570312,0.5,0.47085070610046387,-0.001495513295646702,-0.1400366872549057,0.25,-28.953947067260742,0.06323268754108627,0.01357945241034031,0.001445563561761568,0.0014934538630768657,0.0,-8.373890523216687e-07,0.20107600092887878,0.0002542307192925364,2.5078163616854e-06
7.452110052108765,5.0,2.046562433242798,0.0,0.029287109151482582,-3.0,-190.90945434570312,0.5,0.47085070610046387,-0.02342968732118607,-0.1400366872549057,0.25,-28.953947067260742,-0.02963044182480921,0.01357945241034031,0.0015369824290330024,0.0014934538630768657,0.0,-8.373890523216687e-07,0.20107600092887878,0.0002542307192925364,2.5078163616854e-06
7.456824779510498,5.0,2.046562433242798,0.0,0.029287109151482582,-3.0,-190.90945434570312,0.5,0.47085070610046387,-0.02342968732118607,-0.1400366872549057,0.25,-28.953947067260742,0.014183150280978373,0.013187771663069725,0.0015397310485267888,0.0014940499095246196,0.0,-7.995394639692677e-07,0.03490692004561424,2.78765510302037e-05,2.268797970828018e-06
7.461781740188599,5.0,2.0522656440734863,0.0,0.027607420459389687,-3.0,-191.26068115234375,0.5,0.47091853618621826,0.011799518877546211,-0.13816028833389282,0.25,-28.960651397705078,0.08548514697944727,0.013187771663069725,0.0013976364967603794,0.0014940499095246196,0.0,-7.995394639692677e-07,0.03490692004561424,2.78765510302037e-05,2.268797970828018e-06
7.466971397399902,5.0,2.0522656440734863,0.0,0.027607420459389687,-3.0,-191.26068115234375,0.5,0.47091853618621826,-0.02208593636751175,-0.13816028833389282,0.25,-28.960651397705078,-0.051148059901399416,0.013187771663069725,0.0015374930082559214,0.0014940499095246196,0.0,-7.995394639692677e-07,0.03490692004561424,2.78765510302037e-05,2.268797970828018e-06
7.471736192703247,5.0,2.060546875,0.0,0.02519531175494194,-3.0,-191.77276611328125,0.5,0.4710167944431305,0.030467304198748484,-0.13542120158672333,0.25,-28.970060348510742,0.12468591610447967,0.015344076789915562,0.0013222468353885643,0.0014908313751220703,0.0,-8.109463465189037e-07,-0.21714948117733002,-0.0003191056312061846,1.9720666841749335e-06
7.476487874984741,5.0,2.060546875,0.0,0.02519531175494194,-3.0,-191.77276611328125,0.5,0.4710167944431305,-0.020156249403953552,-0.13542120158672333,0.25,-28.970060348510742,-0.09246238856674127,0.015344076789915562,0.0015312183779468281,0.0014908313751220703,0.0,-8.109463465189037e-07,-0.21714948117733002,-0.0003191056312061846,1.9720666841749335e-06
7.481230020523071,5.0,2.0615234375,0.0,0.024921873584389687,-3.0,-191.8324432373047,0.5,0.47102808952331543,-0.014171371102303102,-0.1350587010383606,0.25,-28.971097946166992,0.026618122144825958,0.015344076789915562,0.0015087922468850353,0.0014908313751220703,0.0,-8.109463465189037e-07,-0.21714948117733002,-0.0003191056312061846,1.9720666841749335e-06
7.486000061035156,5.0,2.0615234375,0.0,0.024921873584389687,-3.0,-191.8324432373047,0.5,0.47102808952331543,-0.01993749886751175,-0.1350587010383606,0.25,-28.971097946166992,0.001992764175396563,0.01692190393805504,0.0015353746923784392,0.0014880894450470805,0.0,-8.368870680897089e-07,-0.24497723579406738,-0.00037689899909310043,1.94140352505201e-06
7.490755319595337,5.0,2.066523313522339,0.0,0.023515624925494194,-3.0,-192.1387481689453,0.5,0.4710862338542938,0.010759996299263708,-0.1330491006374359,0.25,-28.97672462463379,0.07786598406479493,0.01692190393805504,0.001408873468520205,0.0014880894450470805,0.0,-8.368870680897089e-07,-0.24497723579406738,-0.00037689899909310043,1.94140352505201e-06
7.495262384414673,5.0,2.066523313522339,0.0,0.023515624925494194,-3.0,-192.1387481689453,0.5,0.4710862338542938,-0.018812499940395355,-0.1330491006374359,0.25,-28.97672462463379,-0.05161484559573473,0.017756229266524315,0.001533753545704257,0.001486182096414268,0.0,-8.610822987975553e-07,-0.13474100828170776,-0.00033251463901251554,1.8351065591559745e-06
7.499909162521362,5.0,2.0746092796325684,0.0,0.021269530057907104,-3.0,-192.63682556152344,0.5,0.47117963433265686,0.03132098286747627,-0.12942741811275482,0.25,-28.9857177734375,0.11968988781749325,0.019209932535886765,0.001324223412101256,0.0014817713527008891,0.0,-9.127616067416966e-07,-0.10118938237428665,-0.00027483346639201045,1.8914773818323738e-06
7.504430055618286,5.0,2.0746092796325684,0.0,0.021269530057907104,-3.0,-192.63682556152344,0.5,0.47117963433265686,-0.017015624046325683,-0.12942741811275482,0.25,-28.9857177734375,-0.09311334167597218,0.019209932535886765,0.0015278298010288148,0.0014817713527008891,0.0,-9.127616067416966e-07,-0.10118938237428665,-0.00027483346639201045,1.8914773818323738e-06
7.509021997451782,5.0,2.0746092796325684,0.0,0.021269530057907104,-3.0,-192.63682556152344,0.5,0.47117963433265686,-0.017015624046325683,-0.12942741811275482,0.25,-28.9857177734375,0.013815252172049035,0.01940339058637619,0.0015304766298841054,0.001481294515542686,0.0,-9.194254744215868e-07,-0.09314637631177902,-0.00026455140323378146,1.912162588268984e-06
7.513736009597778,5.0,2.077890634536743,0.0,0.020380858331918716,-3.0,-192.8396759033203,0.5,0.47121718525886536,0.0025470196615943047,-0.12785746157169342,0.25,-28.98924446105957,0.054155190215185625,0.01940339058637619,0.0014490260671378154,0.001481294515542686,0.0,-9.194254744215868e-07,-0.09314637631177902,-0.00026455140323378146,1.912162588268984e-06
7.518638849258423,5.0,2.077890634536743,0.0,0.020380858331918716,-3.0,-192.8396759033203,0.5,0.47121718525886536,-0.016304686665534973,-0.12785746157169342,0.25,-28.98924446105957,-0.024715184125557232,0.020435113459825516,0.0015315065200179555,0.001478075864724815,0.0,-9.644309102441184e-07,-0.055476799607276917,-0.0002870641474146396,2.096864591294434e-06
7.523417234420776,5.0,2.080742120742798,0.0,0.019619140774011612,-3.0,-193.01478576660156,0.5,0.47124943137168884,0.00024558649265579366,-0.12644731998443604,0.25,-28.99226188659668,0.047248945988257275,0.020435113459825516,0.001462901327188705,0.001478075864724815,0.0,-9.644309102441184e-07,-0.055476799607276917,-0.0002870641474146396,2.096864591294434e-06
7.528112173080444,5.0,2.080742120742798,0.0,0.019619140774011612,-3.0,-193.01478576660156,0.5,0.47124943137168884,-0.01569531261920929,-0.12644731998443604,0.25,-28.99226188659668,-0.02029155228859094,0.020477937534451485,0.0015330842554128021,0.001476406934671104,0.0,-9.758668966242112e-07,-0.006995528005063534,-0.0001953744940692559,2.1282326088112313e-06
7.532774209976196,5.0,2.083632707595825,0.0,0.018857421353459358,-3.0,-193.1923065185547,0.5,0.47128191590309143,0.0012528315195645158,-0.12499376386404037,0.25,-28.99527931213379,0.04876860146052735,0.020477937534451485,0.0014621849689077997,0.001476406934671104,0.0,-9.758668966242112e-07,-0.006995528005063534,-0.0001953744940692559,2.1282326088112313e-06
7.537362813949585,5.0,2.083632707595825,0.0,0.018857421353459358,-3.0,-193.1923065185547,0.5,0.47128191590309143,-0.015085937082767488,-0.12499376386404037,0.25,-28.99527931213379,-0.02202490134515052,0.018395595252513885,0.001534499325293097,0.0014770030975341797,0.0,-9.262485036742873e-07,0.18400545418262482,0.0001377660664729774,2.603529537736904e-06
7.541952848434448,5.0,2.0926952362060547,0.0,0.016494140028953552,-3.0,-193.7522735595703,0.5,0.47138315439224243,0.03829191170683924,-0.12057635188102722,0.25,-29.004215240478516,0.1261390277503075,0.018395595252513885,0.001304416252654844,0.0014770030975341797,0.0,-9.262485036742873e-07,0.18400545418262482,0.0001377660664729774,2.603529537736904e-06
7.5465922355651855,5.0,2.0926952362060547,0.0,0.016494140028953552,-3.0,-193.7522735595703,0.5,0.47138315439224243,-0.013195312023162842,-0.12057635188102722,0.25,-29.004215240478516,-0.09767479509408894,0.016899757087230682,0.0015276330452634278,0.001478552701883018,0.0,-8.796541806077585e-07,0.20500868558883667,0.00021911802468821406,2.7964163109572837e-06
7.551305532455444,5.0,2.0926952362060547,0.0,0.016494140028953552,-3.0,-193.7522735595703,0.5,0.47138315439224243,-0.013195312023162842,-0.12057635188102722,0.25,-29.004215240478516,0.013313829998688525,0.016899757087230682,0.001530330639051669,0.001478552701883018,0.0,-8.796541806077585e-07,0.20500868558883667,0.00021911802468821406,2.7964163109572837e-06
7.555920124053955,5.0,2.0950000286102295,0.0,0.015908202156424522,-3.0,-193.89385986328125,0.5,0.47140878438949585,-2.9059464741788138e-05,-0.11957451701164246,0.25,-29.006452560424805,0.041145360832501025,0.016310015693306923,0.0014743525712249063,0.0014790295390412211,0.0,-8.537016924492491e-07,0.09656031429767609,8.602160960435867e-05,2.813115770550212e-06
7.560533046722412,5.0,2.0950000286102295,0.0,0.015908202156424522,-3.0,-193.89385986328125,0.5,0.47140878438949585,-0.01272656172513962,-0.11957451701164246,0.25,-29.006452560424805,-0.014255187287272772,0.016310015693306923,0.0015325315563803766,0.0014790295390412211,0.0,-8.537016924492491e-07,0.09656031429767609,8.602160960435867e-05,2.813115770550212e-06
7.565345525741577,5.0,2.1012890338897705,0.0,0.01433593686670065,-3.0,-194.2806396484375,0.5,0.4715016186237335,0.021201840517786376,-0.11630434542894363,0.25,-29.014284133911133,0.08066866523212107,0.015161517076194286,0.0013312312596205037,0.001479625585488975,0.0,-8.257483727902581e-07,0.14655445516109467,4.365470522316173e-05,2.815542757161893e-06
7.570161819458008,5.0,2.1012890338897705,0.0,0.01433593686670065,-3.0,-194.2806396484375,0.5,0.4715016186237335,-0.01146874949336052,-0.11630434542894363,0.25,-29.014284133911133,-0.05478086612376901,0.015161517076194286,0.001526879537023944,0.001479625585488975,0.0,-8.257483727902581e-07,0.14655445516109467,4.365470522316173e-05,2.815542757161893e-06
7.574481010437012,5.0,2.1064453125,0.0,0.013066406361758709,-3.0,-194.5973663330078,0.5,0.4715358316898346,-0.01146874949336052,-0.11524507403373718,0.25,-29.01710319519043,0.01306165681673749,0.013734335079789162,0.0015293413360590758,0.001479625585488975,0.0,-7.907136705398443e-07,0.11687050759792328,2.1213349100435153e-05,2.725245167312096e-06
7.579286575317383,5.0,2.1064453125,0.0,0.013066406361758709,-3.0,-194.5973663330078,0.5,0.4715358316898346,0.01596479947399847,-0.11524507403373718,0.25,-29.01710319519043,0.07112196412624514,0.013734335079789162,0.001456776814794131,0.001479625585488975,0.0,-7.907136705398443e-07,0.11687050759792328,2.1213349100435153e-05,2.725245167312096e-06
7.583948612213135,5.0,2.112187385559082,0.0,0.011679687537252903,-3.0,-194.9508819580078,0.5,0.47159919142723083,-0.010453125089406969,-0.11337778717279434,0.25,-29.02216911315918,-0.04358725558388987,0.013261498883366585,0.0015306255163359303,0.001478552701883018,0.0,-7.793186114213313e-07,0.04466811195015907,-0.00013421532639767975,2.556148274379666e-06
7.588847875595093,5.0,2.112187385559082,0.0,0.011679687537252903,-3.0,-194.9508819580078,0.5,0.47159919142723083,0.018960889186217925,-0.11337778717279434,0.25,-29.02216911315918,0.07262363889454844,0.013261498883366585,0.001396480180695656,0.001478552701883018,0.0,-7.793186114213313e-07,0.04466811195015907,-0.00013421532639767975,2.556148274379666e-06
7.593749046325684,5.0,2.112187385559082,0.0,0.011679687537252903,-3.0,-194.9508819580078,0.5,0.47159919142723083,-0.009343750029802323,-0.11337778717279434,0.25,-29.02216911315918,-0.04473975534432011,0.013051781803369522,0.0015285891529115924,0.0014774799346923828,0.0,-7.71661575527105e-07,0.034736763685941696,-0.00010045811359304935,2.5964859560190234e-06
7.5984392166137695,5.0,2.115039110183716,0.0,0.010996093042194843,-3.0,-195.12611389160156,0.5,0.4716304540634155,0.005778171951970029,-0.11247953027486801,0.25,-29.02465057373047,0.0450554921717784,0.013051781803369522,0.0014608431438938429,0.0014774799346923828,0.0,-7.71661575527105e-07,0.034736763685941696,-0.00010045811359304935,2.5964859560190234e-06
7.6035168170928955,5.0,2.115039110183716,0.0,0.010996093042194843,-3.0,-195.12611389160156,0.5,0.4716304540634155,-0.008796874433755875,-0.11247953027486801,0.25,-29.02465057373047,-0.015714121906200577,0.012608601711690426,0.001530379780998998,0.0014774799346923828,0.0,-7.590177233396389e-07,0.07355527579784393,-3.376413224032149e-05,2.5293786620750325e-06
7.608266353607178,5.0,2.1249217987060547,0.0,0.008671875111758709,-3.0,-195.7347869873047,0.5,0.4717380702495575,0.041998178654130004,-0.10961936414241791,0.25,-29.032697677612305,0.11968246087638193,0.012608601711690426,0.0012935679591297683,0.0014774799346923828,0.0,-7.590177233396389e-07,0.07355527579784393,-3.376413224032149e-05,2.5293786620750325e-06
7.6129090785980225,5.0,2.1249217987060547,0.0,0.008671875111758709,-3.0,-195.7347869873047,0.5,0.4717380702495575,-0.006937500089406967,-0.10961936414241791,0.25,-29.032697677612305,-0.09250860906044264,0.010063926689326763,0.0015227747073590758,0.001479148748330772,0.0,-7.051596639939817e-07,0.20026114583015442,0.00014952043420635164,2.409464968877728e-06
7.617899656295776,5.0,2.1264843940734863,0.0,0.008310547098517418,-3.0,-195.83065795898438,0.5,0.4717550575733185,0.0005917664643639757,-0.10925178229808807,0.25,-29.033945083618164,0.02811509254791937,0.00942366011440754,0.001489516607822973,0.001479625585488975,0.0,-6.922043667145772e-07,0.19388461112976074,0.00016015191795304418,2.3384359337796923e-06
7.622620582580566,5.0,2.1264843940734863,0.0,0.008310547098517418,-3.0,-195.83065795898438,0.5,0.4717550575733185,-0.006648437678813935,-0.10925178229808807,0.25,-29.033945083618164,-0.0024308623331960287,0.00942366011440754,0.001526222245925026,0.001479625585488975,0.0,-6.922043667145772e-07,0.19388461112976074,0.00016015191795304418,2.3384359337796923e-06
7.627416133880615,5.0,2.129335880279541,0.0,0.007656249683350325,-3.0,-196.00607299804688,0.5,0.4717859625816345,0.007518841685282551,-0.10862433165311813,0.25,-29.03612518310547,0.04277560661708864,0.008948497474193573,0.001460774519630195,0.001479625585488975,0.0,-6.78475089443964e-07,0.07865243405103683,3.901121544913622e-06,2.2286135390459094e-06
7.632471561431885,5.0,2.129335880279541,0.0,0.007656249683350325,-3.0,-196.00607299804688,0.5,0.4717859625816345,-0.00612499974668026,-0.10862433165311813,0.25,-29.03612518310547,-0.0140739366047527,0.008948497474193573,0.0015280723626454739,0.001479625585488975,0.0,-6.78475089443964e-07,0.07865243405103683,3.901121544913622e-06,2.2286135390459094e-06
7.637403964996338,5.0,2.1391797065734863,0.0,0.005419921595603228,-3.0,-196.6089630126953,0.5,0.47189193964004517,0.0410035824632216,-0.106714628636837,0.25,-29.0435791015625,0.11003257091582687,0.008072208613157272,0.0013032690662032858,0.001478075864724815,0.0,-6.5213612288062e-07,-0.024167176336050034,-0.00013094901805743575,1.8661880858417135e-06
7.642065763473511,5.0,2.1391797065734863,0.0,0.005419921595603228,-3.0,-196.6089630126953,0.5,0.47189193964004517,-0.004335937276482582,-0.106714628636837,0.25,-29.0435791015625,-0.08433336564177375,0.008072208613157272,0.001520748603838029,0.001478075864724815,0.0,-6.5213612288062e-07,-0.024167176336050034,-0.00013094901805743575,1.8661880858417135e-06
7.6468892097473145,5.0,2.1391797065734863,0.0,0.005419921595603228,-3.0,-196.6089630126953,0.5,0.47189193964004517,-0.004335937276482582,-0.106714628636837,0.25,-29.0435791015625,0.012934081938453182,0.008205524645745754,0.0015234601582181705,0.0014774799346923828,0.0,-6.493912110272504e-07,-0.03860018402338028,-0.00012397838872857392,1.808702450034616e-06
7.651812791824341,5.0,2.1437108516693115,0.0,0.004404296632856131,-3.0,-196.88612365722656,0.5,0.47193998098373413,0.017104328146961913,-0.10586336255073547,0.25,-29.046693801879883,0.05723398476445478,0.008205524645745754,0.0014228843457473295,0.0014774799346923828,0.0,-6.493912110272504e-07,-0.03860018402338028,-0.00012397838872857392,1.808702450034616e-06
7.656692981719971,5.0,2.1437108516693115,0.0,0.004404296632856131,-3.0,-196.88612365722656,0.5,0.47193998098373413,-0.0035234373062849045,-0.10586336255073547,0.25,-29.046693801879883,-0.029316838783814213,0.009101005271077156,0.001523197077535172,0.0014759300975129008,0.0,-6.529105007757607e-07,-0.14707525074481964,-0.00026403708034195006,1.726922050693247e-06
7.661469221115112,5.0,2.146562337875366,0.0,0.003769531147554517,-3.0,-197.06106567382812,0.5,0.4719703495502472,0.010274443539314247,-0.10526154190301895,0.25,-29.04876136779785,0.042174648291733154,0.009101005271077156,0.0014586477872392102,0.0014759300975129008,0.0,-6.529105007757607e-07,-0.14707525074481964,-0.00026403708034195006,1.726922050693247e-06
7.666478633880615,5.0,2.146562337875366,0.0,0.003769531147554517,-3.0,-197.06106567382812,0.5,0.4719703495502472,-0.0030156249180436135,-0.10526154190301895,0.25,-29.04876136779785,-0.013568665419029806,0.009751797653734684,0.0015250386177433194,0.00147426116745919,0.0,-6.581378215742006e-07,-0.10805804282426834,-0.0002634701377246529,1.6294738998112734e-06
7.67132830619812,5.0,2.155078172683716,0.0,0.0018945311894640326,-3.0,-197.58538818359375,0.5,0.47206026315689087,0.03714678016233051,-0.1031579002737999,0.25,-29.054723739624023,0.09601916663883063,0.01250039879232645,0.0013315575502853704,0.0014690160751342773,0.0,-6.838425292698957e-07,-0.17325551807880402,-0.00027212887653149664,1.7366025986120803e-06
7.676262140274048,5.0,2.155078172683716,0.0,0.0018945311894640326,-3.0,-197.58538818359375,0.5,0.47206026315689087,-0.0015156249515712263,-0.1031579002737999,0.25,-29.054723739624023,-0.06544905787025587,0.01250039879232645,0.0015197159568267856,0.0014690160751342773,0.0,-6.838425292698957e-07,-0.17325551807880402,-0.00027212887653149664,1.7366025986120803e-06
7.681016683578491,5.0,2.158007860183716,0.0,0.0012499999720603228,-3.0,-197.76739501953125,0.5,0.4720911383628845,0.012556112063677839,-0.1022723913192749,0.25,-29.0567626953125,0.04223994787995339,0.013502474874258041,0.0014537264888008945,0.0014673470286652446,0.0,-6.913812740094727e-07,-0.15307939052581787,-0.00020078416855540127,1.6097208117571427e-06
7.6856513023376465,5.0,2.158007860183716,0.0,0.0012499999720603228,-3.0,-197.76739501953125,0.5,0.4720911383628845,-0.0009999999776482583,-0.1022723913192749,0.25,-29.0567626953125,-0.01636103243291241,0.013502474874258041,0.0015212517486059762,0.0014673470286652446,0.0,-6.913812740094727e-07,-0.15307939052581787,-0.00020078416855540127,1.6097208117571427e-06
7.690470457077026,5.0,2.158007860183716,0.0,0.0012499999720603228,-3.0,-197.76739501953125,0.5,0.4720911383628845,-0.0009999999776482583,-0.1022723913192749,0.25,-29.0567626953125,0.012898409546238766,0.013502474874258041,0.0015239416910625603,0.0014673470286652446,0.0,-6.913812740094727e-07,-0.15307939052581787,-0.00020078416855540127,1.6097208117571427e-06
7.695010423660278,5.0,2.1608593463897705,0.0,0.0006445312174037099,-3.0,-197.94195556640625,0.5,0.4721205532550812,0.012820789370847803,-0.10137315839529037,0.25,-29.058622360229492,0.04292115257235226,0.013837804086506367,0.0014581523507890303,0.0014668701915070415,0.0,-6.88623742917116e-07,-0.05582282692193985,-8.62751403474249e-05,1.6242677247646498e-06
7.699995279312134,5.0,2.1608593463897705,0.0,0.0006445312174037099,-3.0,-197.94195556640625,0.5,0.4721205532550812,-0.0005156249739229679,-0.10137315839529037,0.25,-29.058622360229492,-0.013884812116727657,0.013974759727716446,0.0015257228394841315,0.0014668701915070415,0.0,-6.800726168876281e-07,0.009871095418930054,7.779332372592762e-05,1.7789001276469207e-06
7.704864025115967,5.0,2.1694140434265137,0.0,-0.0011621093144640326,-3.0,-198.46910095214844,0.5,0.4722091853618622,0.03803658529876284,-0.0985737144947052,0.25,-29.06426239013672,0.09060590121566023,0.013974759727716446,0.0013357501199573285,0.0014668701915070415,0.0,-6.800726168876281e-07,0.009871095418930054,7.779332372592762e-05,1.7789001276469207e-06
7.70976185798645,5.0,2.1694140434265137,0.0,-0.0011621093144640326,-3.0,-198.46910095214844,0.5,0.4722091853618622,0.0009296874515712262,-0.0985737144947052,0.25,-29.06426239013672,-0.06303226606159036,0.013631301932036877,0.001520515410222145,0.0014690160751342773,0.0,-6.239940262275923e-07,0.03307054936885834,0.00019838260777760297,1.9479459751892136e-06
7.714648962020874,5.0,2.1722655296325684,0.0,-0.0017578124534338713,-3.0,-198.64601135253906,0.5,0.4722389578819275,0.013595537008282027,-0.09765264391899109,0.25,-29.06610107421875,0.038182036616580185,0.013631301932036877,0.0014587355522156808,0.0014690160751342773,0.0,-6.239940262275923e-07,0.03307054936885834,0.00019838260777760297,1.9479459751892136e-06
7.71960973739624,5.0,2.1722655296325684,0.0,-0.0017578124534338713,-3.0,-198.64601135253906,0.5,0.4722389578819275,0.0014062499627470971,-0.09765264391899109,0.25,-29.06610107421875,-0.011874369330170666,0.01356855034828186,0.001522410455715686,0.0014706848887726665,0.0,-5.82800282700191e-07,-0.01497108768671751,0.00013991187734063715,1.948425278897048e-06
7.724454402923584,5.0,2.1780078411102295,0.0,-0.0029296875,-3.0,-198.9995880126953,0.5,0.4722985029220581,0.026532727339136322,-0.09583480656147003,0.25,-29.069669723510742,0.06361782795258739,0.013406595215201378,0.001395040676092069,0.0014717577723786235,0.0,-5.60479406885861e-07,0.026709971949458122,0.00013019773177802563,1.9216911368857836e-06
7.729470729827881,5.0,2.1780078411102295,0.0,-0.0029296875,-3.0,-198.9995880126953,0.5,0.4722985029220581,0.0023437500000000003,-0.09583480656147003,0.25,-29.069669723510742,-0.035607465326259545,0.013406595215201378,0.0015207283359606257,0.0014717577723786235,0.0,-5.60479406885861e-07,0.026709971949458122,0.00013019773177802563,1.9216911368857836e-06
7.734245538711548,5.0,2.1780078411102295,0.0,-0.0029296875,-3.0,-198.9995880126953,0.5,0.4722985029220581,0.0023437500000000003,-0.09583480656147003,0.25,-29.069669723510742,0.012622406742945139,0.01330906804651022,0.0015233737230473984,0.0014722346095368266,0.0,-5.422739945970534e-07,-0.020117077976465225,9.564842912368476e-06,1.7408285657438682e-06
7.73896336555481,5.0,2.185859441757202,0.0,-0.0044921874068677425,-3.0,-199.48069763183594,0.5,0.47237956523895264,0.03671281000925708,-0.09339286386966705,0.25,-29.074377059936523,0.08413929264673864,0.01330906804651022,0.001344431107748895,0.0014722346095368266,0.0,-5.422739945970534e-07,-0.020117077976465225,9.564842912368476e-06,1.7408285657438682e-06
7.743854522705078,5.0,2.185859441757202,0.0,-0.0044921874068677425,-3.0,-199.48069763183594,0.5,0.47237956523895264,0.003593749925494194,-0.09339286386966705,0.25,-29.074377059936523,-0.05521097863593526,0.013420444913208485,0.0015189543313303198,0.0014722346095368266,0.0,-5.202733746045851e-07,0.006501859053969383,-5.866421361133689e-06,1.6199039691855432e-06
7.748642206192017,5.0,2.1894140243530273,0.0,-0.005195312201976776,-3.0,-199.70021057128906,0.5,0.47241640090942383,0.018842366691141702,-0.09227628260850906,0.25,-29.076459884643555,0.04372510247155175,0.013420444913208485,0.001440236882229205,0.0014722346095368266,0.0,-5.202733746045851e-07,0.006501859053969383,-5.866421361133689e-06,1.6199039691855432e-06
7.753531217575073,5.0,2.1894140243530273,0.0,-0.005195312201976776,-3.0,-199.70021057128906,0.5,0.47241640090942383,0.004156249761581421,-0.09227628260850906,0.25,-29.076459884643555,-0.01758431507231849,0.013331003487110138,0.0015198724123100923,0.0014722346095368266,0.0,-5.112365784043504e-07,0.01768266223371029,1.7822094378061593e-05,1.547564238535415e-06
7.758108615875244,5.0,2.1923828125,0.0,-0.005771484225988388,-3.0,-199.88262939453125,0.5,0.4724469780921936,0.017204512892536116,-0.09135626256465912,0.25,-29.078134536743164,0.0404159758932051,0.013575611636042595,0.001451925219305513,0.0014717577723786235,0.0,-5.096795234749152e-07,-0.038990650326013565,-9.023259917739779e-05,1.4651477613369934e-06
7.762838840484619,5.0,2.1923828125,0.0,-0.005771484225988388,-3.0,-199.88262939453125,0.5,0.4724469780921936,0.004617187380790711,-0.09135626256465912,0.25,-29.078134536743164,-0.014191773161026962,0.013575611636042595,0.0015213322131364458,0.0014717577723786235,0.0,-5.096795234749152e-07,-0.038990650326013565,-9.023259917739779e-05,1.4651477613369934e-06
7.767793655395508,5.0,2.1923828125,0.0,-0.005771484225988388,-3.0,-199.88262939453125,0.5,0.4724469780921936,0.004617187380790711,-0.09135626256465912,0.25,-29.078134536743164,0.012428155669936495,0.015812860801815987,0.0015240626156122225,0.0014679430751129985,0.0,-5.364823323361634e-07,-0.15961414575576782,-0.00022032865672372282,1.208568050969916e-06
7.772634744644165,5.0,2.2010154724121094,0.0,-0.007402343675494194,-3.0,-200.41099548339844,0.5,0.4725348651409149,0.03960973661239732,-0.08852067589759827,0.25,-29.08279037475586,0.08272445324130508,0.015812860801815987,0.0013346314384562867,0.0014679430751129985,0.0,-5.364823323361634e-07,-0.15961414575576782,-0.00022032865672372282,1.208568050969916e-06
7.777361154556274,5.0,2.2010154724121094,0.0,-0.007402343675494194,-3.0,-200.41099548339844,0.5,0.4725348651409149,0.005921874940395356,-0.08852067589759827,0.25,-29.08279037475586,-0.05901001238718387,0.016792509704828262,0.0015187716228599575,0.0014668701915070415,0.0,-5.489779368872405e-07,-0.15479223430156708,-0.0001826997904572636,1.1663420309560024e-06
7.782352924346924,5.0,2.203984260559082,0.0,-0.00795898400247097,-3.0,-200.59335327148438,0.5,0.4725649952888489,0.017518349020766478,-0.08740480244159698,0.25,-29.08439826965332,0.034529689346427694,0.016792509704828262,0.0014575353392826409,0.0014668701915070415,0.0,-5.489779368872405e-07,-0.15479223430156708,-0.0001826997904572636,1.1663420309560024e-06
7.787435293197632,5.0,2.203984260559082,0.0,-0.00795898400247097,-3.0,-200.59335327148438,0.5,0.4725649952888489,0.006367187201976776,-0.08740480244159698,0.25,-29.08439826965332,-0.009735554256617665,0.017918433994054794,0.0015206836859296112,0.0014652012614533305,0.0,-5.676653813679877e-07,-0.19118443131446838,-0.00024686037795618176,1.076410512723669e-06
7.791982412338257,5.0,2.2095701694488525,0.0,-0.008974608965218067,-3.0,-200.93795776367188,0.5,0.4726215600967407,0.029515256822709272,-0.08511737734079361,0.25,-29.087364196777344,0.060595640186326925,0.017918433994054794,0.0013919887477330001,0.0014652012614533305,0.0,-5.676653813679877e-07,-0.19118443131446838,-0.00024686037795618176,1.076410512723669e-06
7.796915769577026,5.0,2.2095701694488525,0.0,-0.008974608965218067,-3.0,-200.93795776367188,0.5,0.4726215600967407,0.007179687172174454,-0.08511737734079361,0.25,-29.087364196777344,-0.0332267228674627,0.01865205727517605,0.00151908712203874,0.0014641284942626953,0.0,-5.833141472066927e-07,-0.12312234193086624,-0.00020118322572670877,1.0465940931680962e-06
7.80167555809021,5.0,2.212460994720459,0.0,-0.009482421912252903,-3.0,-201.11529541015625,0.5,0.4726756811141968,0.018254750768632217,-0.0827045813202858,0.25,-29.090219497680664,0.03129579380271946,0.01865205727517605,0.001401489091124152,0.0014641284942626953,0.0,-5.833141472066927e-07,-0.12312234193086624,-0.00020118322572670877,1.0465940931680962e-06
7.806389808654785,5.0,2.212460994720459,0.0,-0.009482421912252903,-3.0,-201.11529541015625,0.5,0.4726756811141968,0.007585937529802323,-0.0827045813202858,0.25,-29.090219497680664,-0.01080578514200915,0.020280487835407257,0.0015177700332419583,0.0014609097270295024,0.0,-6.268153356359107e-07,-0.10684165358543396,-0.00021564213966485113,1.035213358591136e-06
7.811560392379761,5.0,2.2186717987060547,0.0,-0.010556640103459358,-3.0,-201.4996795654297,0.5,0.4727129340171814,0.007585937529802323,-0.08094485849142075,0.25,-29.09214973449707,0.011834536649494697,0.020528677850961685,0.0015205956868124977,0.0014605522155761719,0.0,-6.349079626488674e-07,-0.09629695117473602,-0.0002073789364658296,1.080418314813869e-06
7.8167500495910645,5.0,2.2186717987060547,0.0,-0.010556640103459358,-3.0,-201.4996795654297,0.5,0.4727129340171814,0.029144524910672116,-0.08094485849142075,0.25,-29.09214973449707,0.05237244794435851,0.020528677850961685,0.0014471745746023638,0.0014605522155761719,0.0,-6.349079626488674e-07,-0.09629695117473602,-0.0002073789364658296,1.080418314813869e-06
7.821746349334717,5.0,2.2186717987060547,0.0,-0.010556640103459358,-3.0,-201.4996795654297,0.5,0.4727129340171814,0.008445312082767487,-0.08094485849142075,0.25,-29.09214973449707,-0.029682231521620826,0.021229632198810577,0.0015216842360449043,0.001458406331948936,0.0,-6.651996500295354e-07,-0.044152457267045975,-0.00016193136980291456,1.2620629377124715e-06
7.826354026794434,5.0,2.223867177963257,0.0,-0.011416015215218067,-3.0,-201.8181915283203,0.5,0.47276419401168823,0.027783751159807697,-0.07839255034923553,0.25,-29.09477996826172,0.05020175955138574,0.021229632198810577,0.0014067938184069606,0.001458406331948936,0.0,-6.651996500295354e-07,-0.044152457267045975,-0.00016193136980291456,1.2620629377124715e-06
7.831176042556763,5.0,2.223867177963257,0.0,-0.011416015215218067,-3.0,-201.8181915283203,0.5,0.47276419401168823,0.009132812172174454,-0.07839255034923553,0.25,-29.09477996826172,-0.02713741610598801,0.021229632198810577,0.0015206695426065828,0.001458406331948936,0.0,-6.651996500295354e-07,-0.044152457267045975,-0.00016193136980291456,1.2620629377124715e-06
7.8363730907440186,5.0,2.2323827743530273,0.0,-0.012773437425494194,-3.0,-202.3410186767578,0.5,0.47284770011901855,0.03633784988649133,-0.07410145550966263,0.25,-29.098949432373047,0.058392757521611584,0.02154393494129181,0.0013527911670564983,0.001457333448342979,0.0,-6.572943220817251e-07,-0.03279421105980873,-6.337974627967924e-05,1.59195076321339e-06
7.841069221496582,5.0,2.2323827743530273,0.0,-0.012773437425494194,-3.0,-202.3410186767578,0.5,0.47284770011901855,0.010218749940395356,-0.07410145550966263,0.25,-29.098949432373047,-0.04444225834439912,0.02154393494129181,0.0015160212609539477,0.001457333448342979,0.0,-6.572943220817251e-07,-0.03279421105980873,-6.337974627967924e-05,1.59195076321339e-06
7.84575629234314,5.0,2.2353515625,0.0,-0.01323242112994194,-3.0,-202.5236358642578,0.5,0.47287672758102417,0.02037848580013342,-0.07258696109056473,0.25,-29.10036277770996,0.03066709630902889,0.021623138338327408,0.0014531496172777208,0.001457333448342979,0.0,-6.547386419697432e-07,-0.02120158262550831,-4.4339674786897376e-05,1.6425072999481927e-06
7.8502185344696045,5.0,2.2353515625,0.0,-0.01323242112994194,-3.0,-202.5236358642578,0.5,0.47287672758102417,0.010585936903953553,-0.07258696109056473,0.25,-29.10036277770996,-0.010890812538554784,0.021623138338327408,0.0015175011516775493,0.001457333448342979,0.0,-6.547386419697432e-07,-0.02120158262550831,-4.4339674786897376e-05,1.6425072999481927e-06
7.855046510696411,5.0,2.2382030487060547,0.0,-0.013662109151482582,-3.0,-202.7001190185547,0.5,0.472904771566391,0.019829648740939152,-0.0711161270737648,0.25,-29.10170555114746,0.028095730304593933,0.021623138338327408,0.0014586657560551916,0.001457333448342979,0.0,-6.547386419697432e-07,-0.02120158262550831,-4.4339674786897376e-05,1.6425072999481927e-06
7.8597564697265625,5.0,2.2382030487060547,0.0,-0.013662109151482582,-3.0,-202.7001190185547,0.5,0.472904771566391,0.010929687321186066,-0.0711161270737648,0.25,-29.10170555114746,-0.007960245412574712,0.021856872364878654,0.0015193045241249758,0.0014556646347045898,0.0,-6.602210191886115e-07,0.006892140489071608,-8.679322490934283e-05,1.8634888192536891e-06
7.864562273025513,5.0,2.241093635559082,0.0,-0.014082031324505806,-3.0,-202.87754821777344,0.5,0.4729328453540802,0.020003439466510432,-0.06961829215288162,0.25,-29.103023529052734,0.02761762898818395,0.021856872364878654,0.0014601208270075613,0.0014556646347045898,0.0,-6.602210191886115e-07,0.006892140489071608,-8.679322490934283e-05,1.8634888192536891e-06
7.869415760040283,5.0,2.241093635559082,0.0,-0.014082031324505806,-3.0,-202.87754821777344,0.5,0.4729328453540802,0.011265625059604645,-0.06961829215288162,0.25,-29.103023529052734,-0.007190327523136489,0.021856872364878654,0.0015211646596960968,0.0014556646347045898,0.0,-6.602210191886115e-07,0.006892140489071608,-8.679322490934283e-05,1.8634888192536891e-06
7.87427282333374,5.0,2.241093635559082,0.0,-0.014082031324505806,-3.0,-202.87754821777344,0.5,0.4729328453540802,0.011265625059604645,-0.06961829215288162,0.25,-29.103023529052734,0.010820698046046351,0.019912537187337875,0.0015237939973618774,0.001457333448342979,0.0,-5.926273729528475e-07,0.14612486958503723,0.00016725447494536638,2.094730007229373e-06
7.878963947296143,5.0,2.250117063522339,0.0,-0.015341796912252903,-3.0,-203.4295196533203,0.5,0.47301965951919556,0.03912767540208328,-0.06510042399168015,0.25,-29.10685920715332,0.06339422888697768,0.019912537187337875,0.0013308471802105887,0.001457333448342979,0.0,-5.926273729528475e-07,0.14612486958503723,0.00016725447494536638,2.094730007229373e-06
7.883657455444336,5.0,2.250117063522339,0.0,-0.015341796912252903,-3.0,-203.4295196533203,0.5,0.47301965951919556,0.012273437529802323,-0.06510042399168015,0.25,-29.10685920715332,-0.0467991718357031,0.019030192866921425,0.001518440308940654,0.001458406331948936,0.0,-5.582593871622521e-07,0.17088118195533752,0.00023990326735656708,2.031840494964854e-06
7.888067722320557,5.0,2.2554686069488525,0.0,-0.016054688021540642,-3.0,-203.75827026367188,0.5,0.47307145595550537,0.029008103489186237,-0.06266964226961136,0.25,-29.10905647277832,0.04457423489373595,0.019030192866921425,0.0013971548486968047,0.001458406331948936,0.0,-5.582593871622521e-07,0.17088118195533752,0.00023990326735656708,2.031840494964854e-06
7.892852067947388,5.0,2.2554686069488525,0.0,-0.016054688021540642,-3.0,-203.75827026367188,0.5,0.47307145595550537,0.012843750417232513,-0.06266964226961136,0.25,-29.10905647277832,-0.023577333284506754,0.01794000342488289,0.001517176687138686,0.0014605522155761719,0.0,-5.100451971884468e-07,0.1778312623500824,0.000323924352414906,1.9003464331035502e-06
7.897694110870361,5.0,2.2583203315734863,0.0,-0.016425780951976776,-3.0,-203.93316650390625,0.5,0.47312629222869873,0.020804599169479396,-0.06037700176239014,0.25,-29.1113224029541,0.02260286889215663,0.01794000342488289,0.0013999485241603367,0.0014605522155761719,0.0,-5.100451971884468e-07,0.1778312623500824,0.000323924352414906,1.9003464331035502e-06
7.902360677719116,5.0,2.2583203315734863,0.0,-0.016425780951976776,-3.0,-203.93316650390625,0.5,0.47312629222869873,0.013140624761581421,-0.06037700176239014,0.25,-29.1113224029541,-0.0064393330832280115,0.015664132311940193,0.0015157069663618182,0.0014647244242951274,0.0,-4.141570286719798e-07,0.13457001745700836,0.00022059537877794355,1.4953310483178939e-06
7.906857967376709,5.0,2.265078067779541,0.0,-0.01728515513241291,-3.0,-204.35073852539062,0.5,0.47316545248031616,0.013140624761581421,-0.05887777730822563,0.25,-29.11285972595215,0.009990433104545103,0.015299185179173946,0.001518124143322239,0.0014652012614533305,0.0,-4.0128946920958697e-07,0.14049893617630005,0.0002240417670691386,1.466218691348331e-06
7.911943435668945,5.0,2.265078067779541,0.0,-0.01728515513241291,-3.0,-204.35073852539062,0.5,0.47316545248031616,0.03072674840269545,-0.05887777730822563,0.25,-29.11285972595215,0.04356304804766571,0.015299185179173946,0.0014391500185298215,0.0014652012614533305,0.0,-4.0128946920958697e-07,0.14049893617630005,0.0002240417670691386,1.466218691348331e-06
7.916830539703369,5.0,2.265078067779541,0.0,-0.01728515513241291,-3.0,-204.35073852539062,0.5,0.47316545248031616,0.01382812410593033,-0.05887777730822563,0.25,-29.11285972595215,-0.024668745609779687,0.013950556516647339,0.001518777102448012,0.0014668701915070415,0.0,-3.6126621694165806e-07,0.13647757470607758,0.00018191068375017494,1.2920427252538502e-06
7.921736478805542,5.0,2.269765615463257,0.0,-0.017861327156424522,-3.0,-204.639404296875,0.5,0.4732114374637604,0.026033439549895416,-0.05726539343595505,0.25,-29.11461067199707,0.03278062789854343,0.013950556516647339,0.0014221540711084834,0.0014668701915070415,0.0,-3.6126621694165806e-07,0.13647757470607758,0.00018191068375017494,1.2920427252538502e-06
7.926644325256348,5.0,2.269765615463257,0.0,-0.017861327156424522,-3.0,-204.639404296875,0.5,0.4732114374637604,0.014289061725139619,-0.05726539343595505,0.25,-29.11461067199707,-0.014143529496033364,0.013950556516647339,0.0015185168485947708,0.0014668701915070415,0.0,-3.6126621694165806e-07,0.13647757470607758,0.00018191068375017494,1.2920427252538502e-06
7.931839227676392,5.0,2.272695302963257,0.0,-0.01821289025247097,-3.0,-204.8186492919922,0.5,0.47324004769325256,0.021337775141992383,-0.056337207555770874,0.25,-29.115673065185547,0.022310597917375025,0.013187679462134838,0.0014627902668540636,0.0014679430751129985,0.0,-3.374201469341642e-07,0.12392227351665497,0.00019630244059953839,1.2389896255626809e-06
7.936861276626587,5.0,2.272695302963257,0.0,-0.01821289025247097,-3.0,-204.8186492919922,0.5,0.47324004769325256,0.014570312201976778,-0.056337207555770874,0.25,-29.115673065185547,-0.0037516723630604577,0.010558616369962692,0.0015205517236834677,0.0014728306559845805,0.0,-2.6687604304242996e-07,0.15873682498931885,0.0002794558822643012,8.652159522171132e-07
7.941436052322388,5.0,2.272695302963257,0.0,-0.01821289025247097,-3.0,-204.8186492919922,0.5,0.47324004769325256,0.014570312201976778,-0.056337207555770874,0.25,-29.115673065185547,0.009730317103557727,0.010558616369962692,0.0015230001392721416,0.0014728306559845805,0.0,-2.6687604304242996e-07,0.15873682498931885,0.0002794558822643012,8.652159522171132e-07
7.945887804031372,5.0,2.2823827266693115,0.0,-0.019326170906424522,-3.0,-205.41275024414062,0.5,0.4733351767063141,0.040468635418370126,-0.05368347838521004,0.25,-29.11897850036621,0.06474254018503173,0.010161522775888443,0.0013002698151426831,0.0014733074931427836,0.0,-2.573227106950071e-07,0.15564920008182526,0.0002784690004773438,8.73341605256428e-07
7.950542211532593,5.0,2.2823827266693115,0.0,-0.019326170906424522,-3.0,-205.41275024414062,0.5,0.4733351767063141,0.015460936725139618,-0.05368347838521004,0.25,-29.11897850036621,-0.044195506197197684,0.010161522775888443,0.0015164409402292443,0.0014733074931427836,0.0,-2.573227106950071e-07,0.15564920008182526,0.0002784690004773438,8.73341605256428e-07
7.955021619796753,5.0,2.2870311737060547,0.0,-0.019843749701976776,-3.0,-205.69805908203125,0.5,0.4733811318874359,0.027429624056344033,-0.052661169320344925,0.25,-29.120500564575195,0.035291412294544654,0.008911595679819584,0.001410718973999649,0.0014759300975129008,0.0,-2.244980805699015e-07,0.11769300699234009,0.0002693396236281842,7.926289526949404e-07
7.959379196166992,5.0,2.2870311737060547,0.0,-0.019843749701976776,-3.0,-205.69805908203125,0.5,0.4733811318874359,0.01587499976158142,-0.052661169320344925,0.25,-29.120500564575195,-0.017042449031530103,0.008911595679819584,0.001515630929064542,0.0014759300975129008,0.0,-2.244980805699015e-07,0.11769300699234009,0.0002693396236281842,7.926289526949404e-07
7.963866472244263,5.0,2.289921760559082,0.0,-0.020156249403953552,-3.0,-205.87501525878906,0.5,0.47343385219573975,0.023089128687394288,-0.051618542522192,0.25,-29.1220703125,0.02397434479970239,0.008662092499434948,0.0013942002410985976,0.001476406934671104,0.0,-2.1536446581649216e-07,-0.014737937599420547,-4.010204065707512e-05,7.104977726157813e-07
7.96847677230835,5.0,2.289921760559082,0.0,-0.020156249403953552,-3.0,-205.87501525878906,0.5,0.47343385219573975,0.016124999523162844,-0.051618542522192,0.25,-29.1220703125,-0.005714029235609102,0.008662092499434948,0.0015141382431167183,0.001476406934671104,0.0,-2.1536446581649216e-07,-0.014737937599420547,-4.010204065707512e-05,7.104977726157813e-07
7.973365783691406,5.0,2.295546770095825,0.0,-0.020771484822034836,-3.0,-206.22311401367188,0.5,0.47346577048301697,0.029201233380889355,-0.05098547041416168,0.25,-29.12297821044922,0.03634386254654512,0.009214892983436584,0.001447616801627904,0.0014748573303222656,0.0,-2.1922483028902207e-07,-0.07670553028583527,-0.00018580476171337068,6.474280667134735e-07
7.977984189987183,5.0,2.295546770095825,0.0,-0.020771484822034836,-3.0,-206.22311401367188,0.5,0.47346577048301697,0.01661718785762787,-0.05098547041416168,0.25,-29.12297821044922,-0.017858855686553998,0.009214892983436584,0.0015153534886995312,0.0014748573303222656,0.0,-2.1922483028902207e-07,-0.07670553028583527,-0.00018580476171337068,6.474280667134735e-07
7.98248028755188,5.0,2.295546770095825,0.0,-0.020771484822034836,-3.0,-206.22311401367188,0.5,0.47346577048301697,0.01661718785762787,-0.05098547041416168,0.25,-29.12297821044922,0.009394816314642365,0.009921474382281303,0.0015177394983937797,0.0014733074931427836,0.0,-2.339591134159491e-07,-0.115639328956604,-0.00031815783586353064,6.40493965420319e-07
7.986877202987671,5.0,2.301562547683716,0.0,-0.021406250074505806,-3.0,-206.59263610839844,0.5,0.47352492809295654,0.03156160366821542,-0.04969985783100128,0.25,-29.12469482421875,0.04210553068745018,0.009921474382281303,0.0013784253247805798,0.0014733074931427836,0.0,-2.339591134159491e-07,-0.115639328956604,-0.00031815783586353064,6.40493965420319e-07
7.9913246631622314,5.0,2.301562547683716,0.0,-0.021406250074505806,-3.0,-206.59263610839844,0.5,0.47352492809295654,0.017125000059604645,-0.04969985783100128,0.25,-29.12469482421875,-0.023145762226579852,0.011717624962329865,0.00151532369480617,0.0014685392379760742,0.0,-2.766349211924535e-07,-0.13819055259227753,-0.0003614937304519117,5.484346843331878e-07
7.995729684829712,5.0,2.304257869720459,0.0,-0.02167968638241291,-3.0,-206.75721740722656,0.5,0.47355109453201294,0.02355112624383897,-0.04904279112815857,0.25,-29.125492095947266,0.023109804858621456,0.011717624962329865,0.0014551124965714601,0.0014685392379760742,0.0,-2.766349211924535e-07,-0.13819055259227753,-0.0003614937304519117,5.484346843331878e-07
8.000529527664185,5.0,2.304257869720459,0.0,-0.02167968638241291,-3.0,-206.75721740722656,0.5,0.47355109453201294,0.01734374910593033,-0.04904279112815857,0.25,-29.125492095947266,-0.00365771853087803,0.012431981042027473,0.0015170528939405581,0.0014668701915070415,0.0,-2.935724410235707e-07,-0.10378023982048035,-0.0002206523931818083,5.730432803829899e-07
8.005244731903076,5.0,2.304257869720459,0.0,-0.02167968638241291,-3.0,-206.75721740722656,0.5,0.47355109453201294,0.01734374910593033,-0.04904279112815857,0.25,-29.125492095947266,0.009281001140175407,0.012431981042027473,0.001519547133764092,0.0014668701915070415,0.0,-2.935724410235707e-07,-0.10378023982048035,-0.0002206523931818083,5.730432803829899e-07
8.009883165359497,5.0,2.3119921684265137,0.0,-0.0224609375,-3.0,-207.23287963867188,0.5,0.4736260175704956,0.03481174505268569,-0.04689202830195427,0.25,-29.127765655517578,0.044149075879792554,0.013668429106473923,0.0013514764485499753,0.0014647244242951274,0.0,-3.177341341142892e-07,-0.086427241563797,-0.00014910049503669143,5.587852456301334e-07
8.014549016952515,5.0,2.3119921684265137,0.0,-0.0224609375,-3.0,-207.23287963867188,0.5,0.4736260175704956,0.017968750000000002,-0.04689202830195427,0.25,-29.127765655517578,-0.026986895285711226,0.013668429106473923,0.0015154641901544317,0.0014647244242951274,0.0,-3.177341341142892e-07,-0.086427241563797,-0.00014910049503669143,5.587852456301334e-07
8.019366264343262,5.0,2.315742254257202,0.0,-0.022822264581918716,-3.0,-207.46405029296875,0.5,0.4736621379852295,0.025758507656626288,-0.045736100524663925,0.25,-29.12883949279785,0.0236854864848441,0.01397548895329237,0.0014386858200901703,0.0014641284942626953,0.0,-3.1958131785359e-07,-0.05913025885820389,-6.784624565625563e-05,5.853407287759183e-07
8.024235725402832,5.0,2.315742254257202,0.0,-0.022822264581918716,-3.0,-207.46405029296875,0.5,0.4736621379852295,0.018257811665534973,-0.045736100524663925,0.25,-29.12883949279785,-0.0063829060545243736,0.01397548895329237,0.0015162322841972007,0.0014641284942626953,0.0,-3.1958131785359e-07,-0.05913025885820389,-6.784624565625563e-05,5.853407287759183e-07
8.028757810592651,5.0,2.318593740463257,0.0,-0.02309570275247097,-3.0,-207.6393280029297,0.5,0.4736894965171814,0.024523289741914565,-0.04483366012573242,0.25,-29.1296443939209,0.021530132130927693,0.014335419051349163,0.001454829011656727,0.0014635323313996196,0.0,-3.2377224101765023e-07,-0.05982031673192978,-9.933688124874607e-05,7.164508133428171e-07
8.0336594581604,5.0,2.318593740463257,0.0,-0.02309570275247097,-3.0,-207.6393280029297,0.5,0.4736894965171814,0.018476562201976778,-0.04483366012573242,0.25,-29.1296443939209,-0.0033850375446550264,0.013820111751556396,0.0015179081234337555,0.0014641284942626953,0.0,-3.022744863301341e-07,0.06980782002210617,0.00011068387539125979,8.240302804551902e-07
8.038410425186157,5.0,2.3284764289855957,0.0,-0.023994140326976776,-3.0,-208.2471466064453,0.5,0.47378382086753845,0.03810593760659071,-0.04164375364780426,0.25,-29.132246017456055,0.04553375266782278,0.013820111751556396,0.0013105430848065795,0.0014641284942626953,0.0,-3.022744863301341e-07,0.06980782002210617,0.00011068387539125979,8.240302804551902e-07
8.043075561523438,5.0,2.3284764289855957,0.0,-0.023994140326976776,-3.0,-208.2471466064453,0.5,0.47378382086753845,0.019195312261581422,-0.04164375364780426,0.25,-29.132246017456055,-0.0318682711840217,0.013293834403157234,0.0015115262864408118,0.0014652012614533305,0.0,-2.847439759534609e-07,0.08520903438329697,0.00014652863319497555,8.441649015367148e-07
8.04781174659729,5.0,2.3301172256469727,0.0,-0.02413085848093033,-3.0,-208.34722900390625,0.5,0.47379937767982483,0.02219135932438685,-0.04114475101232529,0.25,-29.132665634155273,0.014245704607179697,0.013293834403157234,0.0014792945735651486,0.0014652012614533305,0.0,-2.847439759534609e-07,0.08520903438329697,0.00014652863319497555,8.441649015367148e-07
8.052623271942139,5.0,2.3301172256469727,0.0,-0.02413085848093033,-3.0,-208.34722900390625,0.5,0.47379937767982483,0.019304686784744264,-0.04114475101232529,0.25,-29.132665634155273,0.0026333557940648516,0.012935343198478222,0.0015146625880605024,0.0014652012614533305,0.0,-2.7709236860573583e-07,0.058669086545705795,2.0721889086416923e-05,9.724031997393467e-07
8.057409763336182,5.0,2.3301172256469727,0.0,-0.02413085848093033,-3.0,-208.34722900390625,0.5,0.47379937767982483,0.019304686784744264,-0.04114475101232529,0.25,-29.132665634155273,0.008638638262526793,0.012935343198478222,0.0015171707691255842,0.0014652012614533305,0.0,-2.7709236860573583e-07,0.058669086545705795,2.0721889086416923e-05,9.724031997393467e-07
8.062189817428589,5.0,2.3358592987060547,0.0,-0.02460937388241291,-3.0,-208.7001190185547,0.5,0.4738542437553406,0.029698168278956417,-0.039449941366910934,0.25,-29.134124755859375,0.027886941845321638,0.012935343198478222,0.0013983051167967536,0.0014652012614533305,0.0,-2.7709236860573583e-07,0.058669086545705795,2.0721889086416923e-05,9.724031997393467e-07
8.066716432571411,5.0,2.3358592987060547,0.0,-0.02460937388241291,-3.0,-208.7001190185547,0.5,0.4738542437553406,0.01968749910593033,-0.039449941366910934,0.25,-29.134124755859375,-0.013621969007305525,0.012457341887056828,0.0015154534381691743,0.0014652012614533305,0.0,-2.7035210337089666e-07,0.07963430881500244,2.886885795305716e-06,1.0766235618575593e-06
8.071302652359009,5.0,2.338749885559082,0.0,-0.024843748658895493,-3.0,-208.8787078857422,0.5,0.47390925884246826,0.024985412019755196,-0.03787488490343094,0.25,-29.13553237915039,0.01706315539217529,0.012457341887056828,0.0013912874135863207,0.0014652012614533305,0.0,-2.7035210337089666e-07,0.07963430881500244,2.886885795305716e-06,1.0766235618575593e-06
8.07577633857727,5.0,2.338749885559082,0.0,-0.024843748658895493,-3.0,-208.8787078857422,0.5,0.47390925884246826,0.019874998927116395,-0.03787488490343094,0.25,-29.13553237915039,-0.003085682008850864,0.011281050741672516,0.0015135792209640608,0.0014647244242951274,0.0,-2.5630950517552265e-07,0.038825273513793945,-0.00011209851072635502,1.2027071534248535e-06
8.080488681793213,5.0,2.347343683242798,0.0,-0.025507811456918716,-3.0,-209.40719604492188,0.5,0.47396379709243774,0.019874998927116395,-0.036418765783309937,0.25,-29.13687515258789,0.00834303193471092,0.011066017672419548,0.0015160381915059128,0.0014635323313996196,0.0,-2.5711716489240644e-07,0.03537794202566147,-0.0001140697204391472,1.152092977463326e-06
8.085398197174072,5.0,2.347343683242798,0.0,-0.025507811456918716,-3.0,-209.40719604492188,0.5,0.47396379709243774,0.03393228476188307,-0.036418765783309937,0.25,-29.13687515258789,0.035528903719673065,0.011066017672419548,0.0014009632744454218,0.0014635323313996196,0.0,-2.5711716489240644e-07,0.03537794202566147,-0.0001140697204391472,1.152092977463326e-06
8.090325593948364,5.0,2.3501951694488525,0.0,-0.025722656399011612,-3.0,-209.5835723876953,0.5,0.4739909768104553,0.020406249165534976,-0.035711586475372314,0.25,-29.137529373168945,-0.019206117221319173,0.010824482887983322,0.0015146159183266825,0.0014635323313996196,0.0,-2.546969994909887e-07,0.039905764162540436,-6.296471110545099e-05,1.0754494041975704e-06
8.095008373260498,5.0,2.3501951694488525,0.0,-0.025722656399011612,-3.0,-209.5835723876953,0.5,0.4739909768104553,0.02516610434633622,-0.035711586475372314,0.25,-29.137529373168945,0.017391002315677036,0.010824482887983322,0.0014557483912494185,0.0014635323313996196,0.0,-2.546969994909887e-07,0.039905764162540436,-6.296471110545099e-05,1.0754494041975704e-06
8.099844217300415,5.0,2.3501951694488525,0.0,-0.025722656399011612,-3.0,-209.5835723876953,0.5,0.4739909768104553,0.02057812511920929,-0.035711586475372314,0.25,-29.137529373168945,-0.0012959777539962962,0.01057413313537836,0.0015163057540744935,0.0014635323313996196,0.0,-2.466124726652197e-07,0.057101789861917496,9.790944750420749e-05,9.64174205364543e-07
8.104578971862793,5.0,2.3585546016693115,0.0,-0.02632812410593033,-3.0,-210.098388671875,0.5,0.47407013177871704,0.033850230917757004,-0.033746544271707535,0.25,-29.139345169067383,0.03343570548684511,0.01057413313537836,0.0013420839799255157,0.0014635323313996196,0.0,-2.466124726652197e-07,0.057101789861917496,9.790944750420749e-05,9.64174205364543e-07
8.10931944847107,5.0,2.3585546016693115,0.0,-0.02632812410593033,-3.0,-210.098388671875,0.5,0.47407013177871704,0.021062499284744265,-0.033746544271707535,0.25,-29.139345169067383,-0.018950242287470425,0.00960278045386076,0.001511720987795513,0.0014652012614533305,0.0,-2.1433992003494495e-07,0.08575637638568878,0.00019041227642446756,9.217000638273021e-07
8.11416244506836,5.0,2.3585546016693115,0.0,-0.02632812410593033,-3.0,-210.098388671875,0.5,0.47407013177871704,0.021062499284744265,-0.033746544271707535,0.25,-29.139345169067383,0.008030690884971842,0.00960278045386076,0.00151423255306679,0.0014652012614533305,0.0,-2.1433992003494495e-07,0.08575637638568878,0.00019041227642446756,9.217000638273021e-07
8.11906123161316,5.0,2.3616015911102295,0.0,-0.026542969048023224,-3.0,-210.28530883789062,0.5,0.47409892082214355,0.025620051979548673,-0.033096473664045334,0.25,-29.139972686767578,0.016481770083032008,0.008773116394877434,0.001454547841704701,0.0014673470286652446,0.0,-1.8914961685823073e-07,0.07023879885673523,0.00013749640493188053,7.355595812441607e-07
8.123758792877197,5.0,2.3616015911102295,0.0,-0.026542969048023224,-3.0,-210.28530883789062,0.5,0.47409892082214355,0.02123437523841858,-0.033096473664045334,0.25,-29.139972686767578,-0.0013519066386108811,0.008773116394877434,0.0015157489831439071,0.0014673470286652446,0.0,-1.8914961685823073e-07,0.07023879885673523,0.00013749640493188053,7.355595812441607e-07
8.128551006317139,5.0,2.3674609661102295,0.0,-0.026943359524011612,-3.0,-210.6444549560547,0.5,0.47415441274642944,0.029909709385378444,-0.03193840757012367,0.25,-29.14116859436035,0.02457858634859055,0.008299475535750389,0.0013957710837410981,0.0014679430751129985,0.0,-1.7929251328041573e-07,0.07714378833770752,0.0001242790895048529,5.503047191268706e-07
8.133309602737427,5.0,2.3674609661102295,0.0,-0.026943359524011612,-3.0,-210.6444549560547,0.5,0.47415441274642944,0.02155468761920929,-0.03193840757012367,0.25,-29.14116859436035,-0.009663090828298674,0.008299475535750389,0.0015140268780212973,0.0014679430751129985,0.0,-1.7929251328041573e-07,0.07714378833770752,0.0001242790895048529,5.503047191268706e-07
8.138711929321289,5.0,2.3702733516693115,0.0,-0.027128905057907104,-3.0,-210.8171844482422,0.5,0.4742080867290497,0.02513767268042251,-0.03093397617340088,0.25,-29.14227294921875,0.01298318085932239,0.008299475535750389,0.0014110192690939222,0.0014679430751129985,0.0,-1.7929251328041573e-07,0.07714378833770752,0.0001242790895048529,5.503047191268706e-07
8.143475770950317,5.0,2.3702733516693115,0.0,-0.027128905057907104,-3.0,-210.8171844482422,0.5,0.4742080867290497,0.021703124046325684,-0.03093397617340088,0.25,-29.14227294921875,0.0005933875250609122,0.007708404678851366,0.0015128300986837636,0.0014673470286652446,0.0,-1.748009594848554e-07,-0.003162271110340953,-0.00013905248488299549,3.7599298252644076e-07
8.147900104522705,5.0,2.3771092891693115,0.0,-0.027578124776482582,-3.0,-211.2403106689453,0.5,0.4742465913295746,0.03221588702008675,-0.030249299481511116,0.25,-29.143024444580078,0.03120161486814837,0.007708404678851366,0.0014234592266132605,0.0014673470286652446,0.0,-1.748009594848554e-07,-0.003162271110340953,-0.00013905248488299549,3.7599298252644076e-07
8.152375936508179,5.0,2.3771092891693115,0.0,-0.027578124776482582,-3.0,-211.2403106689453,0.5,0.4742465913295746,0.022062499821186066,-0.030249299481511116,0.25,-29.143024444580078,-0.014910734655163566,0.007731132209300995,0.0015127937386376965,0.0014668701915070415,0.0,-1.776940621311951e-07,-0.006022565066814423,-0.00014639495930168778,3.636731662481907e-07
8.156937599182129,5.0,2.381718635559082,0.0,-0.027871092781424522,-3.0,-211.5227508544922,0.5,0.47429004311561584,0.028719269432373195,-0.02947232685983181,0.25,-29.143869400024414,0.021374657672731237,0.007731132209300995,0.001414670854603591,0.0014668701915070415,0.0,-1.776940621311951e-07,-0.006022565066814423,-0.00014639495930168778,3.636731662481907e-07
8.162126541137695,5.0,2.381718635559082,0.0,-0.027871092781424522,-3.0,-211.5227508544922,0.5,0.47429004311561584,0.02229687422513962,-0.02947232685983181,0.25,-29.143869400024414,-0.004657329483459387,0.007826145738363266,0.0015125932768051762,0.0014657973079010844,0.0,-1.8514420219162275e-07,-0.016056697815656662,-0.0001960937661351636,2.689778852982272e-07
8.167054891586304,5.0,2.390312433242798,0.0,-0.028378905728459358,-3.0,-212.0496368408203,0.5,0.47437041997909546,0.033007037673571035,-0.027948958799242973,0.25,-29.14536476135254,0.027468885155090373,0.00889656413346529,0.001342383480690303,0.0014605522155761719,0.0,-2.2272274691204075e-07,-0.07689176499843597,-0.0003162902721669525,2.1544194339639944e-07
8.17183804512024,5.0,2.390312433242798,0.0,-0.028378905728459358,-3.0,-212.0496368408203,0.5,0.47437041997909546,0.02270312458276749,-0.027948958799242973,0.25,-29.14536476135254,-0.01394554082909549,0.00889656413346529,0.0015079260885565013,0.0014605522155761719,0.0,-2.2272274691204075e-07,-0.07689176499843597,-0.0003162902721669525,2.1544194339639944e-07
8.176714658737183,5.0,2.390312433242798,0.0,-0.028378905728459358,-3.0,-212.0496368408203,0.5,0.47437041997909546,0.02270312458276749,-0.027948958799242973,0.25,-29.14536476135254,0.0076014908463660075,0.00889656413346529,0.001510425799735031,0.0014605522155761719,0.0,-2.2272274691204075e-07,-0.07689176499843597,-0.0003162902721669525,2.1544194339639944e-07
8.181278705596924,5.0,2.393203020095825,0.0,-0.028544921427965164,-3.0,-212.2284698486328,0.5,0.4743973910808563,0.02647340416687195,-0.02737281285226345,0.25,-29.14586639404297,0.014988170119578141,0.009390679188072681,0.0014504315894120535,0.001458406331948936,0.0,-2.395734099991387e-07,-0.08296060562133789,-0.00033533902023918927,1.9067401524353045e-07
8.185901403427124,5.0,2.393203020095825,0.0,-0.028544921427965164,-3.0,-212.2284698486328,0.5,0.4743973910808563,0.022835937142372132,-0.02737281285226345,0.25,-29.14586639404297,-0.00031086237581976796,0.009751047939062119,0.0015118933601544593,0.001456737401895225,0.0,-2.544773565205105e-07,-0.05831955373287201,-0.00027317527565173805,1.9118827765396418e-07
8.190559148788452,5.0,2.398984432220459,0.0,-0.028867186978459358,-3.0,-212.58425903320312,0.5,0.4744506776332855,0.030012666902075432,-0.026153499260544777,0.25,-29.1468505859375,0.02106831325839751,0.009751047939062119,0.0013934748417135509,0.001456737401895225,0.0,-2.544773565205105e-07,-0.05831955373287201,-0.00027317527565173805,1.9118827765396418e-07
8.195416688919067,5.0,2.398984432220459,0.0,-0.028867186978459358,-3.0,-212.58425903320312,0.5,0.4744506776332855,0.023093749582767487,-0.026153499260544777,0.25,-29.1468505859375,-0.006791180366735072,0.009987466037273407,0.0015103611557918547,0.0014556646347045898,0.0,-2.6308026690458064e-07,-0.03922129422426224,-0.00017203188326675445,2.62169010056823e-07
8.200103044509888,5.0,2.4018750190734863,0.0,-0.029023436829447746,-3.0,-212.76133728027344,0.5,0.474499374628067,0.026552893618014856,-0.024973047897219658,0.25,-29.14773178100586,0.012593155036887124,0.009987466037273407,0.0014029953249714076,0.0014556646347045898,0.0,-2.6308026690458064e-07,-0.03922129422426224,-0.00017203188326675445,2.62169010056823e-07
8.204825162887573,5.0,2.4018750190734863,0.0,-0.029023436829447746,-3.0,-212.76133728027344,0.5,0.474499374628067,0.0232187494635582,-0.024973047897219658,0.25,-29.14773178100586,0.0002745151120647519,0.010394997894763947,0.0015093159558179248,0.0014541147975251079,0.0,-2.701924870507355e-07,-0.024335479363799095,-0.00010391545220045373,7.028957611510123e-07
8.20954704284668,5.0,2.4018750190734863,0.0,-0.029023436829447746,-3.0,-212.76133728027344,0.5,0.474499374628067,0.0232187494635582,-0.024973047897219658,0.25,-29.14773178100586,0.007339762061079157,0.010394997894763947,0.001511724173655693,0.0014541147975251079,0.0,-2.701924870507355e-07,-0.024335479363799095,-0.00010391545220045373,7.028957611510123e-07
8.21410083770752,5.0,2.407851457595825,0.0,-0.029335936531424522,-3.0,-213.1273956298828,0.5,0.4745314419269562,0.030331151057600352,-0.024174371734261513,0.25,-29.148298263549805,0.02196712918439836,0.010532330721616745,0.0014397768213987748,0.001453518751077354,0.0,-2.731342760853295e-07,-0.016255980357527733,-0.000113818452518899,7.462140843017551e-07
8.218741416931152,5.0,2.407851457595825,0.0,-0.029335936531424522,-3.0,-213.1273956298828,0.5,0.4745314419269562,0.02346874922513962,-0.024174371734261513,0.25,-29.148298263549805,-0.007504506253496251,0.010532330721616745,0.001512559446795307,0.001453518751077354,0.0,-2.731342760853295e-07,-0.016255980357527733,-0.000113818452518899,7.462140843017551e-07
8.223559141159058,5.0,2.4133594036102295,0.0,-0.029599608853459358,-3.0,-213.46766662597656,0.5,0.4745817184448242,0.02915265127834328,-0.022893544286489487,0.25,-29.149169921875,0.016956015407090876,0.01058058813214302,0.0014046180291680658,0.0014529227046296,0.0,-2.720946952194936e-07,-0.007886992767453194,-5.822221646667458e-05,7.841175033718173e-07
8.228364706039429,5.0,2.4133594036102295,0.0,-0.029599608853459358,-3.0,-213.46766662597656,0.5,0.4745817184448242,0.02367968708276749,-0.022893544286489487,0.25,-29.149169921875,-0.0042243939155952965,0.01058058813214302,0.0015114184140919626,0.0014529227046296,0.0,-2.720946952194936e-07,-0.007886992767453194,-5.822221646667458e-05,7.841175033718173e-07
8.233257532119751,5.0,2.4162890911102295,0.0,-0.02973632700741291,-3.0,-213.6468963623047,0.5,0.47463458776474,0.026583318988251742,-0.02152685821056366,0.25,-29.15005874633789,0.010494775704727953,0.0106538450345397,0.0013995014962223207,0.0014529227046296,0.0,-2.6955723342325655e-07,0.00203807489015162,3.328788807266392e-05,8.586781063968374e-07
8.238018989562988,5.0,2.4162890911102295,0.0,-0.02973632700741291,-3.0,-213.6468963623047,0.5,0.47463458776474,0.02378906160593033,-0.02152685821056366,0.25,-29.15005874633789,0.0011540653469003887,0.0106538450345397,0.0015099717933302935,0.0014529227046296,0.0,-2.6955723342325655e-07,0.00203807489015162,3.328788807266392e-05,8.586781063968374e-07
8.242758750915527,5.0,2.425351619720459,0.0,-0.0301367174834013,-3.0,-214.2016143798828,0.5,0.4746898412704468,0.0325568557523146,-0.020109349861741066,0.25,-29.15093231201172,0.023417296756400606,0.010391858406364918,0.0013891662082088582,0.001454591634683311,0.0,-2.402978225291008e-07,0.03244951367378235,0.00016469367255922407,7.790811196173308e-07
8.247463464736938,5.0,2.425351619720459,0.0,-0.0301367174834013,-3.0,-214.2016143798828,0.5,0.4746898412704468,0.02410937398672104,-0.020109349861741066,0.25,-29.15093231201172,-0.011055310464229421,0.010391858406364918,0.0015081221959608792,0.001454591634683311,0.0,-2.402978225291008e-07,0.03244951367378235,0.00016469367255922407,7.790811196173308e-07
8.252010345458984,5.0,2.425351619720459,0.0,-0.0301367174834013,-3.0,-214.2016143798828,0.5,0.4746898412704468,0.02410937398672104,-0.020109349861741066,0.25,-29.15093231201172,0.006904067980659082,0.010015304200351238,0.001510423841416866,0.001456260564737022,0.0,-2.17019291426368e-07,0.049407199025154114,0.00021767929138150066,7.220684778985742e-07
8.25686764717102,5.0,2.427812337875366,0.0,-0.03023437410593033,-3.0,-214.3534393310547,0.5,0.4747122824192047,0.026198011052770573,-0.01955132745206356,0.25,-29.151275634765625,0.010243348515142274,0.010015304200351238,0.001463986650972322,0.001456260564737022,0.0,-2.17019291426368e-07,0.049407199025154114,0.00021767929138150066,7.220684778985742e-07
8.26179027557373,5.0,2.427812337875366,0.0,-0.03023437410593033,-3.0,-214.3534393310547,0.5,0.4747122824192047,0.024187499284744264,-0.01955132745206356,0.25,-29.151275634765625,0.0027710067689819522,0.009766517207026482,0.001512677145779946,0.001456737401895225,0.0,-2.0334593386905908e-07,0.04127965867519379,0.00016756614786572754,6.248993145163695e-07
8.266488552093506,5.0,2.4306640625,0.0,-0.030351562425494194,-3.0,-214.5291290283203,0.5,0.47473829984664917,0.026775533090197447,-0.018922504037618637,0.25,-29.151674270629883,0.011264692080950685,0.009766517207026482,0.0014565522484747504,0.001456737401895225,0.0,-2.0334593386905908e-07,0.04127965867519379,0.00016756614786572754,6.248993145163695e-07
8.27116870880127,5.0,2.4306640625,0.0,-0.030351562425494194,-3.0,-214.5291290283203,0.5,0.47473829984664917,0.024281249940395357,-0.018922504037618637,0.25,-29.151674270629883,0.0014698738154309858,0.009766517207026482,0.001514293357848657,0.001456737401895225,0.0,-2.0334593386905908e-07,0.04127965867519379,0.00016756614786572754,6.248993145163695e-07
8.275919675827026,5.0,2.4306640625,0.0,-0.030351562425494194,-3.0,-214.5291290283203,0.5,0.47473829984664917,0.024281249940395357,-0.018922504037618637,0.25,-29.151674270629883,0.006803465402113239,0.009766517207026482,0.0015166937079375195,0.001456737401895225,0.0,-2.0334593386905908e-07,0.04127965867519379,0.00016756614786572754,6.248993145163695e-07
8.280640840530396,5.0,2.4404687881469727,0.0,-0.03072265535593033,-3.0,-215.13397216796875,0.5,0.47482830286026,0.032438323065170485,-0.016877569258213043,0.25,-29.152976989746094,0.020487829613130684,0.009009210392832756,0.001317632831502729,0.0014609097270295024,0.0,-1.5164930289301992e-07,0.03517209738492966,0.00023723677441012114,4.853775408264482e-07
8.2852463722229,5.0,2.444960832595825,0.0,-0.030878905206918716,-3.0,-215.40948486328125,0.5,0.47486957907676697,0.024578124284744263,-0.016002550721168518,0.25,-29.153539657592773,-0.010464691804549764,0.008735171519219875,0.001510588721844044,0.0014635323313996196,0.0,-1.275613072948545e-07,0.02722853608429432,0.00024905006284825504,3.9069152535375906e-07
8.290545463562012,5.0,2.444960832595825,0.0,-0.030878905206918716,-3.0,-215.40948486328125,0.5,0.47486957907676697,0.0276517400883281,-0.016002550721168518,0.25,-29.153539657592773,0.011019639520465883,0.008735171519219875,0.0014304059355918516,0.0014635323313996196,0.0,-1.275613072948545e-07,0.02722853608429432,0.00024905006284825504,3.9069152535375906e-07
8.29562497138977,5.0,2.447890520095825,0.0,-0.030976561829447746,-3.0,-215.5881805419922,0.5,0.4749212861061096,0.02670381018874008,-0.01494086254388094,0.25,-29.15421485900879,0.0026773835802576407,0.008735171519219875,0.0014028464975265505,0.0014635323313996196,0.0,-1.275613072948545e-07,0.02722853608429432,0.00024905006284825504,3.9069152535375906e-07
8.300446510314941,5.0,2.447890520095825,0.0,-0.030976561829447746,-3.0,-215.5881805419922,0.5,0.4749212861061096,0.024781249463558197,-0.01494086254388094,0.25,-29.15421485900879,0.0024193890387242305,0.008735171519219875,0.001507060210634676,0.0014635323313996196,0.0,-1.275613072948545e-07,0.02722853608429432,0.00024905006284825504,3.9069152535375906e-07
8.305017232894897,5.0,2.447890520095825,0.0,-0.030976561829447746,-3.0,-215.5881805419922,0.5,0.4749212861061096,0.024781249463558197,-0.01494086254388094,0.25,-29.15421485900879,0.006410462304435906,0.008725202642381191,0.0015093527675120973,0.0014635323313996196,0.0,-1.1907071240102596e-07,-0.00949118658900261,-9.474454418523237e-05,4.791401124748518e-07
8.30971646308899,5.0,2.4546093940734863,0.0,-0.031181639060378075,-3.0,-216.00112915039062,0.5,0.47495850920677185,0.02930937137006806,-0.014177323319017887,0.25,-29.15468406677246,0.014877361812330658,0.008799836039543152,0.0014280284496499982,0.0014624594477936625,0.0,-1.2634667712063674e-07,-0.011046474799513817,-0.0002023698907578364,4.521365042364778e-07
8.314490556716919,5.0,2.4546093940734863,0.0,-0.031181639060378075,-3.0,-216.00112915039062,0.5,0.47495850920677185,0.02494531124830246,-0.014177323319017887,0.25,-29.15468406677246,-0.002794780465006353,0.008799836039543152,0.0015096305184580383,0.0014624594477936625,0.0,-1.2634667712063674e-07,-0.011046474799513817,-0.0002023698907578364,4.521365042364778e-07
8.319678783416748,5.0,2.4593749046325684,0.0,-0.031318359076976776,-3.0,-216.2937774658203,0.5,0.47500237822532654,0.027689884690467962,-0.01326589472591877,0.25,-29.155229568481445,0.010103852970739034,0.008853647857904434,0.0014224051650733067,0.0014609097270295024,0.0,-1.3492639538981166e-07,-0.008759760297834873,-0.0002066251472570002,4.2465518390599755e-07
8.324462890625,5.0,2.4593749046325684,0.0,-0.031318359076976776,-3.0,-216.2937774658203,0.5,0.47500237822532654,0.025054687261581422,-0.01326589472591877,0.25,-29.155229568481445,0.0007497852455491212,0.008853647857904434,0.001509351928856375,0.0014609097270295024,0.0,-1.3492639538981166e-07,-0.008759760297834873,-0.0002066251472570002,4.2465518390599755e-07
8.329184532165527,5.0,2.462226390838623,0.0,-0.03139648213982582,-3.0,-216.46987915039062,0.5,0.4750286340713501,0.026771759914042036,-0.01271317433565855,0.25,-29.155548095703125,0.008867458963734056,0.008925532922148705,0.0014529518910676063,0.0014599560527130961,0.0,-1.4479351762020087e-07,-0.01190229319036007,-0.00022927969985175878,4.046791843848041e-07
8.334354162216187,5.0,2.462226390838623,0.0,-0.03139648213982582,-3.0,-216.46987915039062,0.5,0.4750286340713501,0.025117185711860657,-0.01271317433565855,0.25,-29.155548095703125,0.003006265086872409,0.008925532922148705,0.0015111411985816114,0.0014599560527130961,0.0,-1.4479351762020087e-07,-0.01190229319036007,-0.00022927969985175878,4.046791843848041e-07
8.33902907371521,5.0,2.4706640243530273,0.0,-0.031611327081918716,-3.0,-216.98660278320312,0.5,0.4751051366329193,0.029884762399929102,-0.0110789705067873,0.25,-29.15645408630371,0.013289194558655282,0.008870040066540241,0.0013406435760132597,0.001457333448342979,0.0,-1.6017810366975027e-07,0.007108215242624283,-0.00010255785309709609,3.4577627161525015e-07
8.343631029129028,5.0,2.4706640243530273,0.0,-0.031611327081918716,-3.0,-216.98660278320312,0.5,0.4751051366329193,0.025289061665534976,-0.0110789705067873,0.25,-29.15645408630371,-0.003947879617934682,0.008870040066540241,0.0015065798178787013,0.001457333448342979,0.0,-1.6017810366975027e-07,0.007108215242624283,-0.00010255785309709609,3.4577627161525015e-07
8.348581552505493,5.0,2.473749876022339,0.0,-0.03167968615889549,-3.0,-217.17724609375,0.5,0.4751332104206085,0.02672459438078621,-0.010481012053787708,0.25,-29.156774520874023,0.00783461201506153,0.008803373202681541,0.0014489643091759393,0.001456737401895225,0.0,-1.6177516215520882e-07,0.01157000195235014,-4.804800482816063e-05,3.282882516941754e-07
8.3532075881958,5.0,2.473749876022339,0.0,-0.03167968615889549,-3.0,-217.17724609375,0.5,0.4751332104206085,0.025343748927116397,-0.010481012053787708,0.25,-29.156774520874023,0.0029953914001265656,0.008803373202681541,0.0015079737289401573,0.001456737401895225,0.0,-1.6177516215520882e-07,0.01157000195235014,-4.804800482816063e-05,3.282882516941754e-07
8.357586145401001,5.0,2.473749876022339,0.0,-0.03167968615889549,-3.0,-217.17724609375,0.5,0.4751332104206085,0.025343748927116397,-0.010481012053787708,0.25,-29.156774520874023,0.005983471979711183,0.008744186721742153,0.001510151342153818,0.001456260564737022,0.0,-1.6560687754463288e-07,0.009628172032535076,-0.00010604845738271251,3.0888705282450246e-07
8.36208462715149,5.0,2.476679563522339,0.0,-0.03173828125,-3.0,-217.35647583007812,0.5,0.47515955567359924,0.02669317760228959,-0.009922463446855545,0.25,-29.15707015991211,0.007839776311227361,0.008744186721742153,0.001450660031763521,0.001456260564737022,0.0,-1.6560687754463288e-07,0.009628172032535076,-0.00010604845738271251,3.0888705282450246e-07
8.366773843765259,5.0,2.476679563522339,0.0,-0.03173828125,-3.0,-217.35647583007812,0.5,0.47515955567359924,0.025390625,-0.009922463446855545,0.25,-29.15707015991211,0.003150915747715977,0.008343826048076153,0.0015115544419890335,0.001456260564737022,0.0,-1.6202572794554726e-07,0.026668407022953033,6.351182673824951e-05,2.640297225298127e-07
8.37185001373291,5.0,2.4862890243530273,0.0,-0.031914062798023224,-3.0,-217.94598388671875,0.5,0.4752459228038788,0.02899412774534639,-0.008133873343467712,0.25,-29.157995223999023,0.009725594562549428,0.008343826048076153,0.0013335611907666297,0.001456260564737022,0.0,-1.6202572794554726e-07,0.026668407022953033,6.351182673824951e-05,2.640297225298127e-07
8.376394748687744,5.0,2.4862890243530273,0.0,-0.031914062798023224,-3.0,-217.94598388671875,0.5,0.4752459228038788,0.025531250238418582,-0.008133873343467712,0.25,-29.157995223999023,-0.0018817858193523615,0.008264711126685143,0.0015059535188184437,0.001456260564737022,0.0,-1.592431431163277e-07,0.02719217725098133,8.437863289145753e-05,2.6397938768241147e-07
8.381049156188965,5.0,2.491015672683716,0.0,-0.03199218586087227,-3.0,-218.23583984375,0.5,0.47528839111328125,0.02727222361442264,-0.007295571267604828,0.25,-29.15842628479004,0.00778867970420583,0.008264711126685143,0.001411914466859964,0.001456260564737022,0.0,-1.592431431163277e-07,0.02719217725098133,8.437863289145753e-05,2.6397938768241147e-07
8.385840892791748,5.0,2.491015672683716,0.0,-0.03199218586087227,-3.0,-218.23583984375,0.5,0.47528839111328125,0.025593748688697817,-0.007295571267604828,0.25,-29.15842628479004,0.00214817123303829,0.008021434769034386,0.0015055259100618624,0.001456737401895225,0.0,-1.528457431732022e-07,0.02287258207798004,1.3931708053860348e-05,2.3970855522748025e-07
8.390720844268799,5.0,2.491015672683716,0.0,-0.03199218586087227,-3.0,-218.23583984375,0.5,0.47528839111328125,0.025593748688697817,-0.007295571267604828,0.25,-29.15842628479004,0.005654234266151662,0.008021434769034386,0.0015079377391076032,0.001456737401895225,0.0,-1.528457431732022e-07,0.02287258207798004,1.3931708053860348e-05,2.3970855522748025e-07
8.395684242248535,5.0,2.4938671588897705,0.0,-0.03203124925494194,-3.0,-218.41127014160156,0.5,0.47531408071517944,0.02641202865748415,-0.006799813825637102,0.25,-29.158681869506836,0.00634603570705703,0.007860138081014156,0.0014555474137607919,0.001456737401895225,0.0,-1.507520721588662e-07,0.02680899202823639,1.5965948477969505e-05,2.3089530998277041e-07
8.400111675262451,5.0,2.4938671588897705,0.0,-0.03203124925494194,-3.0,-218.41127014160156,0.5,0.47531408071517944,0.025624999403953554,-0.006799813825637102,0.25,-29.158681869506836,0.0038270417166174015,0.007860138081014156,0.0015094914127983538,0.001456737401895225,0.0,-1.507520721588662e-07,0.02680899202823639,1.5965948477969505e-05,2.3089530998277041e-07
8.404977083206177,5.0,2.502187490463257,0.0,-0.03212890401482582,-3.0,-218.92083740234375,0.5,0.47538861632347107,0.02771024699291618,-0.005416815169155598,0.25,-29.15938377380371,0.007135505479048886,0.007453421130776405,0.001349747046122295,0.001456260564737022,0.0,-1.5446329371116008e-07,0.021025599911808968,-7.016537711024284e-05,1.8769880227864633e-07
8.409561157226562,5.0,2.502187490463257,0.0,-0.03212890401482582,-3.0,-218.92083740234375,0.5,0.47538861632347107,0.02570312321186066,-0.005416815169155598,0.25,-29.15938377380371,0.0010756815999901099,0.007453421130776405,0.001505198436326622,0.001456260564737022,0.0,-1.5446329371116008e-07,0.021025599911808968,-7.016537711024284e-05,1.8769880227864633e-07
8.414315700531006,5.0,2.505429744720459,0.0,-0.032158203423023224,-3.0,-219.11997985839844,0.5,0.4754176735877991,0.026342802960061345,-0.004897657316178083,0.25,-29.159645080566406,0.005725074336397917,0.007318784482777119,0.001442934386591375,0.0014556646347045898,0.0,-1.5587436053010606e-07,0.019476305693387985,-4.377484947326593e-05,1.7994557310885284e-07
8.418957948684692,5.0,2.505429744720459,0.0,-0.032158203423023224,-3.0,-219.11997985839844,0.5,0.4754176735877991,0.02572656273841858,-0.004897657316178083,0.25,-29.159645080566406,0.004073020215869812,0.007318784482777119,0.0015063314645042843,0.0014556646347045898,0.0,-1.5587436053010606e-07,0.019476305693387985,-4.377484947326593e-05,1.7994557310885284e-07
8.423802375793457,5.0,2.5082812309265137,0.0,-0.03218749910593033,-3.0,-219.2955780029297,0.5,0.4754432439804077,0.02572656273841858,-0.004446722101420164,0.25,-29.15987205505371,0.0054034481020459185,0.007218956481665373,0.0015087132102736397,0.0014551877975463867,0.0,-1.5983204093572567e-07,0.01657760702073574,-0.00011355660535627976,1.6762425048000296e-07
8.428672790527344,5.0,2.5082812309265137,0.0,-0.03218749910593033,-3.0,-219.2955780029297,0.5,0.4754432439804077,0.026351502123984523,-0.004446722101420164,0.25,-29.15987205505371,0.005784596271793718,0.007218956481665373,0.001455535326314741,0.0014551877975463867,0.0,-1.5983204093572567e-07,0.01657760702073574,-0.00011355660535627976,1.6762425048000296e-07
8.433135986328125,5.0,2.5082812309265137,0.0,-0.03218749910593033,-3.0,-219.2955780029297,0.5,0.4754432439804077,0.025749999284744265,-0.004446722101420164,0.25,-29.15987205505371,0.00401014835484442,0.007130281999707222,0.0015102288270942377,0.0014541147975251079,0.0,-1.6512119316303142e-07,0.012989498674869537,-0.00010756457777461037,2.261155742644405e-07
8.437840938568115,5.0,2.5164451599121094,0.0,-0.032255858182907104,-3.0,-219.79869079589844,0.5,0.4755162000656128,0.02725760409978672,-0.0031879921443760395,0.25,-29.16049575805664,0.005919537248799992,0.0069602238945662975,0.0013487156700811513,0.001453518751077354,0.0,-1.678947256777974e-07,0.011546069756150246,-2.5398645448149182e-05,3.123830367712799e-07
8.44265604019165,5.0,2.5164451599121094,0.0,-0.032255858182907104,-3.0,-219.79869079589844,0.5,0.4755162000656128,0.025804686546325686,-0.0031879921443760395,0.25,-29.16049575805664,0.0022015973197059093,0.0069602238945662975,0.0015061358387528114,0.001453518751077354,0.0,-1.678947256777974e-07,0.011546069756150246,-2.5398645448149182e-05,3.123830367712799e-07
8.447317123413086,5.0,2.519765615463257,0.0,-0.03227538987994194,-3.0,-220.00393676757812,0.5,0.47554582357406616,0.02623934962773872,-0.0026870076544582844,0.25,-29.160736083984375,0.005071466023808196,0.006909909658133984,0.0014413056895547893,0.001453518751077354,0.0,-1.6574603023400414e-07,0.011690221726894379,2.8317559554125182e-05,3.017911183178512e-07
8.451952457427979,5.0,2.519765615463257,0.0,-0.03227538987994194,-3.0,-220.00393676757812,0.5,0.47554582357406616,0.025820311903953553,-0.0026870076544582844,0.25,-29.160736083984375,0.004262104247236428,0.006909909658133984,0.0015071277422829318,0.001453518751077354,0.0,-1.6574603023400414e-07,0.011690221726894379,2.8317559554125182e-05,3.017911183178512e-07
8.456693887710571,5.0,2.525585889816284,0.0,-0.032294921576976776,-3.0,-220.35986328125,0.5,0.47559723258018494,0.025820311903953553,-0.0018309610895812511,0.25,-29.161142349243164,0.005168815169512774,0.006757460534572601,0.0015094466977357676,0.001453518751077354,0.0,-1.6090888266262482e-07,0.013785796239972115,1.8151409676647745e-05,4.25871775178166e-07
8.461772203445435,5.0,2.525585889816284,0.0,-0.032294921576976776,-3.0,-220.35986328125,0.5,0.47559723258018494,0.02622054700336546,-0.0018309610895812511,0.25,-29.161142349243164,0.004219402631793108,0.006757460534572601,0.0014045237217905626,0.001453518751077354,0.0,-1.6090888266262482e-07,0.013785796239972115,1.8151409676647745e-05,4.25871775178166e-07
8.46644401550293,5.0,2.525585889816284,0.0,-0.032294921576976776,-3.0,-220.35986328125,0.5,0.47559723258018494,0.025835937261581423,-0.0018309610895812511,0.25,-29.161142349243164,0.004250142780246356,0.006757460534572601,0.0015080362190181226,0.001453518751077354,0.0,-1.6090888266262482e-07,0.013785796239972115,1.8151409676647745e-05,4.25871775178166e-07
8.471197843551636,5.0,2.533437490463257,0.0,-0.03231445327401161,-3.0,-220.84124755859375,0.5,0.4756666421890259,0.0262624251248515,-0.0007086516707204282,0.25,-29.16166114807129,0.003528756658512428,0.006757460534572601,0.0013560127740720484,0.001453518751077354,0.0,-1.6090888266262482e-07,0.013785796239972115,1.8151409676647745e-05,4.25871775178166e-07
8.476204633712769,5.0,2.533437490463257,0.0,-0.03231445327401161,-3.0,-220.84124755859375,0.5,0.4756666421890259,0.02585156261920929,-0.0007086516707204282,0.25,-29.16166114807129,0.004125210066548941,0.006447565276175737,0.001504457238264336,0.0014529227046296,0.0,-1.558361759634863e-07,0.017488379031419754,-7.838135934434831e-05,4.2684769141487777e-07
8.481090068817139,5.0,2.537109375,0.0,-0.03231445327401161,-3.0,-221.06524658203125,0.5,0.47569891810417175,0.02585156261920929,-0.00020348660473246127,0.25,-29.16189193725586,0.0038537239874506177,0.006355942226946354,0.0014368929658470733,0.001452445867471397,0.0,-1.5565198907552258e-07,0.018108917400240898,-6.841023423476145e-05,4.776416062668432e-07
8.485972166061401,5.0,2.537109375,0.0,-0.03231445327401161,-3.0,-221.06524658203125,0.5,0.47569891810417175,0.02585156261920929,-0.00020348660473246127,0.25,-29.16189193725586,0.004890290725003256,0.006355942226946354,0.001505331360517317,0.001452445867471397,0.0,-1.5565198907552258e-07,0.018108917400240898,-6.841023423476145e-05,4.776416062668432e-07
8.490670204162598,5.0,2.5399608612060547,0.0,-0.03231445327401161,-3.0,-221.2406463623047,0.5,0.47572413086891174,0.02585156261920929,0.00018519382865633816,0.25,-29.162067413330078,0.004018735712694243,0.00624103145673871,0.001450920225825103,0.001451849821023643,0.0,-1.5799211894318432e-07,0.019106779247522354,-0.00014559905685018748,5.251116590443416e-07
8.495304822921753,5.0,2.5399608612060547,0.0,-0.03231445327401161,-3.0,-221.2406463623047,0.5,0.47572413086891174,0.02585156261920929,0.00018519382865633816,0.25,-29.162067413330078,0.004848439781252068,0.00624103145673871,0.001506836995880263,0.001451849821023643,0.0,-1.5799211894318432e-07,0.019106779247522354,-0.00014559905685018748,5.251116590443416e-07
8.500396966934204,5.0,2.548398494720459,0.0,-0.032294921576976776,-3.0,-221.75999450683594,0.5,0.47579827904701233,0.025452371969887443,0.0012927018105983734,0.25,-29.16256332397461,0.001711227583051098,0.0061212824657559395,0.0013547911023754269,0.0014507770538330078,0.0,-1.6175333428236627e-07,0.019778182730078697,-0.0001869489933596924,4.700262650203513e-07
8.504966735839844,5.0,2.548398494720459,0.0,-0.032294921576976776,-3.0,-221.75999450683594,0.5,0.47579827904701233,0.025835937261581423,0.0012927018105983734,0.25,-29.16256332397461,0.005557721213749545,0.0061212824657559395,0.0015026159129145067,0.0014507770538330078,0.0,-1.6175333428236627e-07,0.019778182730078697,-0.0001869489933596924,4.700262650203513e-07
8.509623289108276,5.0,2.548398494720459,0.0,-0.032294921576976776,-3.0,-221.75999450683594,0.5,0.47579827904701233,0.025835937261581423,0.0012927018105983734,0.25,-29.16256332397461,0.004720653146847866,0.005844696890562773,0.0015048698449706133,0.0014482735423371196,0.0,-1.7029077525876346e-07,0.01918981410562992,-0.000159249480930157,4.389675041238661e-07
8.514545917510986,5.0,2.551445245742798,0.0,-0.03228515386581421,-3.0,-221.94728088378906,0.5,0.47582483291625977,0.025629698382039656,0.0016744283493608236,0.25,-29.16273307800293,0.003458042180689887,0.005844696890562773,0.0014501210265689206,0.0014482735423371196,0.0,-1.7029077525876346e-07,0.01918981410562992,-0.000159249480930157,4.389675041238661e-07
8.519392967224121,5.0,2.551445245742798,0.0,-0.03228515386581421,-3.0,-221.94728088378906,0.5,0.47582483291625977,0.025828123092651367,0.0016744283493608236,0.25,-29.16273307800293,0.005087980341386209,0.005656324326992035,0.001506407052677019,0.0014466046122834086,0.0,-1.7362725657221745e-07,0.017796332016587257,-0.00011175371764693409,4.5375537638392416e-07
8.524266004562378,5.0,2.557265520095825,0.0,-0.03226562589406967,-3.0,-222.3051300048828,0.5,0.4758753478527069,0.02541176560101336,0.00238447031006217,0.25,-29.16305160522461,0.0022341909458884917,0.005656324326992035,0.0013990343503751806,0.0014466046122834086,0.0,-1.7362725657221745e-07,0.017796332016587257,-0.00011175371764693409,4.5375537638392416e-07
8.52900767326355,5.0,2.557265520095825,0.0,-0.03226562589406967,-3.0,-222.3051300048828,0.5,0.4758753478527069,0.02581250071525574,0.00238447031006217,0.25,-29.16305160522461,0.0054411297023978095,0.005559717305004597,0.0015049842890773554,0.0014466046122834086,0.0,-1.7120983386575972e-07,0.015823988243937492,-1.9739756680792198e-05,5.074201112620358e-07
8.533432960510254,5.0,2.560117244720459,0.0,-0.032246094197034836,-3.0,-222.47915649414062,0.5,0.4759220778942108,0.025355509725388227,0.0030190974939614534,0.25,-29.163326263427734,0.0020002036222777513,0.005559717305004597,0.0013959099597878773,0.0014466046122834086,0.0,-1.7120983386575972e-07,0.015823988243937492,-1.9739756680792198e-05,5.074201112620358e-07
8.538265943527222,5.0,2.560117244720459,0.0,-0.032246094197034836,-3.0,-222.47915649414062,0.5,0.4759220778942108,0.02579687535762787,0.0030190974939614534,0.25,-29.163326263427734,0.005435379251338401,0.005471519660204649,0.0015038350823017473,0.0014466046122834086,0.0,-1.6715301853764686e-07,0.012796618975698948,0.00010963927343254909,5.313436304277275e-07
8.542684078216553,5.0,2.560117244720459,0.0,-0.032246094197034836,-3.0,-222.47915649414062,0.5,0.4759220778942108,0.02579687535762787,0.0030190974939614534,0.25,-29.163326263427734,0.004524155492857429,0.005471519660204649,0.0015059626723597994,0.0014466046122834086,0.0,-1.6715301853764686e-07,0.012796618975698948,0.00010963927343254909,5.313436304277275e-07
8.547453880310059,5.0,2.56640625,0.0,-0.0321972630918026,-3.0,-222.863525390625,0.5,0.4759541153907776,0.024734055100054095,0.0034428546205163,0.25,-29.163509368896484,0.0012311535618566472,0.005322833079844713,0.0014372447051917104,0.001448631170205772,0.0,-1.4912862411620154e-07,0.009603762067854404,0.00021289628057274967,4.943630074194516e-07
8.551862955093384,5.0,2.56640625,0.0,-0.0321972630918026,-3.0,-222.863525390625,0.5,0.4759541153907776,0.02575781047344208,0.0034428546205163,0.25,-29.163509368896484,0.006794543609760426,0.005274476483464241,0.0015065324570562374,0.001449704053811729,0.0,-1.4109916435245395e-07,0.009502165950834751,0.00020908802980557084,4.721833306575718e-07
8.5568208694458,5.0,2.5716795921325684,0.0,-0.032158203423023224,-3.0,-223.18568420410156,0.5,0.4759998321533203,0.024938738141159624,0.004034095443785191,0.25,-29.163759231567383,0.001460881583566278,0.005274476483464241,0.0014112165952986158,0.001449704053811729,0.0,-1.4109916435245395e-07,0.009502165950834751,0.00020908802980557084,4.721833306575718e-07
8.56175708770752,5.0,2.5716795921325684,0.0,-0.032158203423023224,-3.0,-223.18568420410156,0.5,0.4759998321533203,0.02572656273841858,0.004034095443785191,0.25,-29.163759231567383,0.0059981399635849215,0.005227162502706051,0.0015057956624198422,0.00145137298386544,0.0,-1.3087777972486947e-07,0.007942394353449345,0.00024200414191000164,4.458194098333479e-07
8.566430568695068,5.0,2.5795702934265137,0.0,-0.03208007663488388,-3.0,-223.66880798339844,0.5,0.4760688543319702,0.023992356889990567,0.004898793064057827,0.25,-29.16411018371582,-0.001468910902484093,0.005227162502706051,0.0013520608247422745,0.00145137298386544,0.0,-1.3087777972486947e-07,0.007942394353449345,0.00024200414191000164,4.458194098333479e-07
8.571349382400513,5.0,2.5795702934265137,0.0,-0.03208007663488388,-3.0,-223.66880798339844,0.5,0.4760688543319702,0.025664061307907104,0.004898793064057827,0.25,-29.16411018371582,0.007693287787277069,0.005028306506574154,0.0015021040930136272,0.0014541147975251079,0.0,-1.1021745649486547e-07,0.014698103070259094,9.557174780638888e-05,3.8500164123433933e-07
8.576495170593262,5.0,2.5831639766693115,0.0,-0.03204101324081421,-3.0,-223.888916015625,0.5,0.47610044479370117,0.02487367724696263,0.0052797324024140835,0.25,-29.164262771606445,0.001879876873571498,0.0048830765299499035,0.001439381969073647,0.0014541147975251079,0.0,-1.0827226759602127e-07,0.020678149536252022,-5.817952842335217e-05,3.5718142044061096e-07
8.581045150756836,5.0,2.5831639766693115,0.0,-0.03204101324081421,-3.0,-223.888916015625,0.5,0.47610044479370117,0.025632810592651368,0.0052797324024140835,0.25,-29.164262771606445,0.005917533173185749,0.0048830765299499035,0.0015029477286279012,0.0014541147975251079,0.0,-1.0827226759602127e-07,0.020678149536252022,-5.817952842335217e-05,3.5718142044061096e-07
8.585840940475464,5.0,2.586132764816284,0.0,-0.032001953572034836,-3.0,-224.0702667236328,0.5,0.47612643241882324,0.02478710536322071,0.005585796665400267,0.25,-29.16438102722168,0.001711103990417442,0.004764168988913298,0.0014479306492077842,0.001453518751077354,0.0,-1.0898121871605326e-07,0.01912199705839157,-9.375246008858085e-05,3.36592648864098e-07
8.590514183044434,5.0,2.586132764816284,0.0,-0.032001953572034836,-3.0,-224.0702667236328,0.5,0.47612643241882324,0.02560156285762787,0.005585796665400267,0.25,-29.16438102722168,0.005955146230793431,0.004764168988913298,0.0015043504052581788,0.001453518751077354,0.0,-1.0898121871605326e-07,0.01912199705839157,-9.375246008858085e-05,3.36592648864098e-07
8.59527063369751,5.0,2.586132764816284,0.0,-0.032001953572034836,-3.0,-224.0702667236328,0.5,0.47612643241882324,0.02560156285762787,0.005585796665400267,0.25,-29.16438102722168,0.004214240083530443,0.004764168988913298,0.0015066214741804337,0.001453518751077354,0.0,-1.0898121871605326e-07,0.01912199705839157,-9.375246008858085e-05,3.36592648864098e-07
8.600075960159302,5.0,2.588984251022339,0.0,-0.031962890177965164,-3.0,-224.2451934814453,0.5,0.47615140676498413,0.02475739351175938,0.00587362889200449,0.25,-29.16449546813965,0.0017244922356658295,0.004646960645914078,0.0014539443428329185,0.001452445867471397,0.0,-1.1076656392106088e-07,0.019541775807738304,-0.00013131307787261903,3.240440662466426e-07
8.605134010314941,5.0,2.588984251022339,0.0,-0.031962890177965164,-3.0,-224.2451934814453,0.5,0.47615140676498413,0.025570312142372133,0.00587362889200449,0.25,-29.16449546813965,0.0057869353958757315,0.004317841492593288,0.001508329105778585,0.0014507770538330078,0.0,-1.129025122281746e-07,0.016064848750829697,-2.149144529539626e-05,2.746672862485866e-07
8.61022400856018,5.0,2.598749876022339,0.0,-0.03182617202401161,-3.0,-224.8426055908203,0.5,0.47623637318611145,0.02277492188076721,0.0068016862496733665,0.25,-29.16486167907715,-0.0035806538975068163,0.004317841492593288,0.0013336240782609683,0.0014507770538330078,0.0,-1.129025122281746e-07,0.016064848750829697,-2.149144529539626e-05,2.746672862485866e-07
8.615206003189087,5.0,2.598749876022339,0.0,-0.03182617202401161,-3.0,-224.8426055908203,0.5,0.47623637318611145,0.02546093761920929,0.0068016862496733665,0.25,-29.16486167907715,0.009450197450538166,0.0042235367000103,0.0015029200768419736,0.0014507770538330078,0.0,-1.1090776297351113e-07,0.015035652555525303,2.5351637304993346e-05,2.6116646267837496e-07
8.619986772537231,5.0,2.6005077362060547,0.0,-0.03179687261581421,-3.0,-224.9514617919922,0.5,0.4762518107891083,0.024824638402844865,0.006962141953408718,0.25,-29.164926528930664,0.0022982652556007774,0.004154754802584648,0.0014710472134959692,0.001451849821023643,0.0,-1.0668679095715561e-07,0.01125006191432476,0.00010673455108189955,2.4161704459402245e-07
8.625224590301514,5.0,2.6005077362060547,0.0,-0.03179687261581421,-3.0,-224.9514617919922,0.5,0.4762518107891083,0.02543749809265137,0.006962141953408718,0.25,-29.164926528930664,0.005210393731053551,0.004154754802584648,0.0015058260305297886,0.001451849821023643,0.0,-1.0668679095715561e-07,0.01125006191432476,0.00010673455108189955,2.4161704459402245e-07
8.630114316940308,5.0,2.6034374237060547,0.0,-0.03174804523587227,-3.0,-225.12977600097656,0.5,0.47627711296081543,0.024399865439270738,0.0072214845567941666,0.25,-29.16502571105957,0.0012339203924759809,0.004154754802584648,0.0014533641634656572,0.001451849821023643,0.0,-1.0668679095715561e-07,0.01125006191432476,0.00010673455108189955,2.4161704459402245e-07
8.63514494895935,5.0,2.6034374237060547,0.0,-0.03174804523587227,-3.0,-225.12977600097656,0.5,0.47627711296081543,0.025398436188697818,0.0072214845567941666,0.25,-29.16502571105957,0.005993007835044289,0.004154754802584648,0.0015074965608814913,0.001451849821023643,0.0,-1.0668679095715561e-07,0.01125006191432476,0.00010673455108189955,2.4161704459402245e-07
8.639821767807007,5.0,2.613359212875366,0.0,-0.03158203139901161,-3.0,-225.73843383789062,0.5,0.476363867521286,0.021715908051509455,0.008090624585747719,0.25,-29.16534996032715,-0.006269300709381106,0.004202764015644789,0.0013137977694405356,0.001457333448342979,0.0,-7.915749478115686e-08,-0.007545464672148228,0.0003399827692192048,2.0084941354525654e-07
8.64463210105896,5.0,2.613359212875366,0.0,-0.03158203139901161,-3.0,-225.73843383789062,0.5,0.476363867521286,0.02526562511920929,0.008090624585747719,0.25,-29.16534996032715,0.011270077705359403,0.004202764015644789,0.0015015708053024634,0.001457333448342979,0.0,-7.915749478115686e-08,-0.007545464672148228,0.0003399827692192048,2.0084941354525654e-07
8.649510860443115,5.0,2.617812395095825,0.0,-0.03150390461087227,-3.0,-226.01153564453125,0.5,0.47640323638916016,0.02526562511920929,0.008487192913889885,0.25,-29.165483474731445,0.003892395660805464,0.004229038488119841,0.0015038771053651767,0.001458406331948936,0.0,-7.344427643829476e-08,-0.00783044844865799,0.0003470813680905849,2.3818256522645243e-07
8.654295682907104,5.0,2.617812395095825,0.0,-0.03150390461087227,-3.0,-226.01153564453125,0.5,0.47640323638916016,0.023570319363619335,0.008487192913889885,0.25,-29.165483474731445,-0.0007290807087042819,0.004378760699182749,0.001419132329015834,0.0014630554942414165,0.0,-5.1497462294491925e-08,-0.0152674475684762,0.0003739610256161541,2.166993198216005e-07
8.659602165222168,5.0,2.617812395095825,0.0,-0.03150390461087227,-3.0,-226.01153564453125,0.5,0.47640323638916016,0.025203123688697815,0.008487192913889885,0.25,-29.165483474731445,0.006917524213420732,0.004378760699182749,0.001503915283888204,0.0014630554942414165,0.0,-5.1497462294491925e-08,-0.0152674475684762,0.0003739610256161541,2.166993198216005e-07
8.66463041305542,5.0,2.6207029819488525,0.0,-0.03145507723093033,-3.0,-226.18939208984375,0.5,0.4764290153980255,0.0241930002626959,0.00874953530728817,0.25,-29.165565490722656,0.0011587472706097546,0.004378760699182749,0.0014519238442326165,0.0014630554942414165,0.0,-5.1497462294491925e-08,-0.0152674475684762,0.0003739610256161541,2.166993198216005e-07
8.669503927230835,5.0,2.6207029819488525,0.0,-0.03145507723093033,-3.0,-226.18939208984375,0.5,0.4764290153980255,0.025164061784744264,0.00874953530728817,0.25,-29.165565490722656,0.005800037594173692,0.004378760699182749,0.0015054896884211352,0.0014630554942414165,0.0,-5.1497462294491925e-08,-0.0152674475684762,0.0003739610256161541,2.166993198216005e-07
8.67430830001831,5.0,2.6294920444488525,0.0,-0.031279295682907104,-3.0,-226.72418212890625,0.5,0.4765074849128723,0.021364654103767002,0.009572547860443592,0.25,-29.165807723999023,-0.006367325319146713,0.004598161205649376,0.0013350013193363665,0.0014690160751342773,0.0,-1.584932540765749e-08,-0.003488393034785986,0.00020749638497363776,3.9879438418211066e-07
8.678826093673706,5.0,2.6294920444488525,0.0,-0.031279295682907104,-3.0,-226.72418212890625,0.5,0.4765074849128723,0.025023436546325686,0.009572547860443592,0.25,-29.165807723999023,0.011793006436600154,0.004598161205649376,0.0015004533693555966,0.0014690160751342773,0.0,-1.584932540765749e-08,-0.003488393034785986,0.00020749638497363776,3.9879438418211066e-07
8.68353271484375,5.0,2.632265567779541,0.0,-0.031220702454447746,-3.0,-226.89422607421875,0.5,0.4765326678752899,0.02373165130806962,0.009841621853411198,0.25,-29.165876388549805,0.0001921010319454043,0.004598161205649376,0.0014461350558456541,0.0014690160751342773,0.0,-1.584932540765749e-08,-0.00033212246489711106,0.0001691355719231069,3.8884826381035964e-07
8.6882963180542,5.0,2.632265567779541,0.0,-0.031220702454447746,-3.0,-226.89422607421875,0.5,0.4765326678752899,0.0249765619635582,0.009841621853411198,0.25,-29.165876388549805,0.006272617709781549,0.004598161205649376,0.0015018762318821353,0.0014690160751342773,0.0,-1.584932540765749e-08,-0.00033212246489711106,0.0001691355719231069,3.8884826381035964e-07
8.693325996398926,5.0,2.6351561546325684,0.0,-0.031162109225988388,-3.0,-227.07191467285156,0.5,0.47655901312828064,0.0249765619635582,0.010123070329427719,0.25,-29.165945053100586,0.00366075993616155,0.0045157368294894695,0.0015042368945260584,0.0014696120051667094,0.0,-1.0640189174182524e-08,0.013695432804524899,-2.0860956283286214e-05,3.694461270242755e-07
8.713305711746216,5.0,2.644843578338623,0.0,-0.030947264283895493,-3.0,-227.66612243652344,0.5,0.47664687037467957,0.023389232516960193,0.01102463435381651,0.25,-29.166166305541992,0.0019466824401186274,0.004163816105574369,0.0014427051498032998,0.0014673470286652446,0.0,-1.485752054719569e-08,0.014204687438905239,-6.0615322581725195e-05,1.7641781369093223e-07
8.718031644821167,5.0,2.649609327316284,0.0,-0.030839843675494194,-3.0,-227.95716857910156,0.5,0.4766896665096283,0.02239887177472085,0.011443167924880981,0.25,-29.1662654876709,0.00018402973558989894,0.004163816105574369,0.0014063761496370683,0.0014673470286652446,0.0,-1.485752054719569e-08,0.014204687438905239,-6.0615322581725195e-05,1.7641781369093223e-07
8.723199129104614,5.0,2.649609327316284,0.0,-0.030839843675494194,-3.0,-227.95716857910156,0.5,0.4766896665096283,0.024671874940395355,0.011443167924880981,0.25,-29.1662654876709,0.007838020373116162,0.004086778033524752,0.0014993412132127727,0.0014673470286652446,0.0,-1.3725426128985418e-08,0.01260894350707531,4.215296939946711e-06,1.672739244895638e-07
8.727837562561035,5.0,2.6524999141693115,0.0,-0.030771484598517418,-3.0,-228.13351440429688,0.5,0.476715624332428,0.023143434145017995,0.01169066596776247,0.25,-29.166324615478516,-0.0006014417569812844,0.004021915141493082,0.0014424238575067698,0.0014679430751129985,0.0,-1.0980112818970156e-08,0.010728185996413231,7.280250429175794e-05,1.57397948896687e-07
8.732478380203247,5.0,2.6524999141693115,0.0,-0.030771484598517418,-3.0,-228.13351440429688,0.5,0.476715624332428,0.024617187678813934,0.01169066596776247,0.25,-29.166324615478516,0.0065809888665186705,0.004021915141493082,0.0015005475058466966,0.0014679430751129985,0.0,-1.0980112818970156e-08,0.010728185996413231,7.280250429175794e-05,1.57397948896687e-07
8.737505435943604,5.0,2.660468578338623,0.0,-0.03056640550494194,-3.0,-228.61920166015625,0.5,0.47678709030151367,0.024617187678813934,0.012349534779787064,0.25,-29.166471481323242,0.003406655150044506,0.003786997636780143,0.0015028885429339022,0.0014685392379760742,0.0,-8.251171301765226e-09,0.016966454684734344,4.583102963806596e-06,-6.845676381317389e-08
8.743008136749268,5.0,2.660468578338623,0.0,-0.03056640550494194,-3.0,-228.61920166015625,0.5,0.47678709030151367,0.020726243717211785,0.012349534779787064,0.25,-29.166471481323242,-0.005406727145568516,0.003786997636780143,0.001366992950494957,0.0014685392379760742,0.0,-8.251171301765226e-09,0.016966454684734344,4.583102963806596e-06,-6.845676381317389e-08
8.747915506362915,5.0,2.664140462875366,0.0,-0.03046874888241291,-3.0,-228.84388732910156,0.5,0.476820170879364,0.022384999773957342,0.012638790532946587,0.25,-29.166532516479492,0.00581759746525628,0.0036529346834868193,0.0014277626724786075,0.0014685392379760742,0.0,-9.580854332114086e-09,0.016955023631453514,-8.191766028176062e-06,-1.648557770295156e-07
8.752673387527466,5.0,2.664140462875366,0.0,-0.03046874888241291,-3.0,-228.84388732910156,0.5,0.476820170879364,0.02437499910593033,0.012638790532946587,0.25,-29.166532516479492,0.0074493454695503045,0.0036529346834868193,0.0014973784084685057,0.0014685392379760742,0.0,-9.580854332114086e-09,0.016955023631453514,-8.191766028176062e-06,-1.648557770295156e-07
8.757707357406616,5.0,2.664140462875366,0.0,-0.03046874888241291,-3.0,-228.84388732910156,0.5,0.476820170879364,0.02437499910593033,0.012638790532946587,0.25,-29.166532516479492,0.0032679944130815965,0.0035612904466688633,0.0014997121397004485,0.0014685392379760742,0.0,-1.1091753293612783e-08,0.015095788985490799,1.7613338059163652e-05,-3.1379315146295994e-07
8.762657165527344,5.0,2.6670312881469727,0.0,-0.030390623956918716,-3.0,-229.0209503173828,0.5,0.47684621810913086,0.022734156660356997,0.01286038476973772,0.25,-29.16657829284668,-0.0007171647247060193,0.0035612904466688633,0.001446255901645652,0.0014685392379760742,0.0,-1.1091753293612783e-08,0.015095788985490799,1.7613338059163652e-05,-3.1379315146295994e-07
8.767587661743164,5.0,2.6670312881469727,0.0,-0.030390623956918716,-3.0,-229.0209503173828,0.5,0.47684621810913086,0.024312499165534976,0.01286038476973772,0.25,-29.16657829284668,0.006437193758665442,0.003497568191960454,0.001501161800360904,0.0014685392379760742,0.0,-1.3496232575960221e-08,0.007404977455735207,9.280234735342674e-06,-3.5688637467501394e-07
8.77234935760498,5.0,2.6767969131469727,0.0,-0.030117187649011612,-3.0,-229.6205596923828,0.5,0.47693443298339844,0.01835133573907711,0.013577500358223915,0.25,-29.16672134399414,-0.011589930175691106,0.003414086764678359,0.0013075132766407107,0.0014685392379760742,0.0,-1.6455505402745985e-08,0.004591304808855057,4.038866609334946e-05,-2.541366086461494e-07
8.776893615722656,5.0,2.6767969131469727,0.0,-0.030117187649011612,-3.0,-229.6205596923828,0.5,0.47693443298339844,0.024093750119209292,0.013577500358223915,0.25,-29.16672134399414,0.01576175429308542,0.003414086764678359,0.001494868957552142,0.0014685392379760742,0.0,-1.6455505402745985e-08,0.004591304808855057,4.038866609334946e-05,-2.541366086461494e-07
8.781935453414917,5.0,2.6813671588897705,0.0,-0.02998046763241291,-3.0,-229.90109252929688,0.5,0.4769757091999054,0.021272664111604892,0.01390397921204567,0.25,-29.166776657104492,-0.0034947403169867126,0.003286061342805624,0.0014103701019552203,0.0014679430751129985,0.0,-2.0494345776000955e-08,0.0179742518812418,-0.00010717754776123911,-2.2907676111572073e-07
8.786750793457031,5.0,2.6813671588897705,0.0,-0.02998046763241291,-3.0,-229.90109252929688,0.5,0.4769757091999054,0.02398437410593033,0.01390397921204567,0.25,-29.166776657104492,0.008705926536439843,0.003286061342805624,0.0014944549021037965,0.0014679430751129985,0.0,-2.0494345776000955e-08,0.0179742518812418,-0.00010717754776123911,-2.2907676111572073e-07
8.79155158996582,5.0,2.6813671588897705,0.0,-0.02998046763241291,-3.0,-229.90109252929688,0.5,0.4769757091999054,0.02398437410593033,0.01390397921204567,0.25,-29.166776657104492,0.0030754956547008163,0.003286061342805624,0.0014966656008016052,0.0014679430751129985,0.0,-2.0494345776000955e-08,0.0179742518812418,-0.00010717754776123911,-2.2907676111572073e-07
8.796143531799316,5.0,2.684257745742798,0.0,-0.0298925768584013,-3.0,-230.0775146484375,0.5,0.4770016074180603,0.022000039550064757,0.014102164655923843,0.25,-29.166810989379883,-0.0019386161825798841,0.0032160934060811996,0.0014392706871381392,0.0014673470286652446,0.0,-2.461459125413512e-08,0.011567102745175362,-0.0001413554564351216,-2.2206670280411345e-07
8.801115036010742,5.0,2.684257745742798,0.0,-0.0298925768584013,-3.0,-230.0775146484375,0.5,0.4770016074180603,0.02391406148672104,0.014102164655923843,0.25,-29.166810989379883,0.006894962364652439,0.003124682465568185,0.0014979566923545627,0.0014662741450592875,0.0,-3.006178417308547e-08,0.018194669857621193,-0.00024731334997341037,-2.0391539123920666e-07
8.805902004241943,5.0,2.692695140838623,0.0,-0.029628906399011612,-3.0,-230.5950164794922,0.5,0.4770771265029907,0.018195036352897903,0.01465409155935049,0.25,-29.166900634765625,-0.01080724783427162,0.003124682465568185,0.0013333292864812726,0.0014662741450592875,0.0,-3.006178417308547e-08,0.018194669857621193,-0.00024731334997341037,-2.0391539123920666e-07
8.810583353042603,5.0,2.692695140838623,0.0,-0.029628906399011612,-3.0,-230.5950164794922,0.5,0.4770771265029907,0.02370312511920929,0.01465409155935049,0.25,-29.166900634765625,0.014720648874605951,0.0028224345296621323,0.0014932352228339304,0.0014619826106354594,0.0,-4.404914477618149e-08,0.023999866098165512,-0.0002749858540482819,-1.788017982562451e-07
8.815169334411621,5.0,2.6957812309265137,0.0,-0.029541015625,-3.0,-230.78366088867188,0.5,0.47710439562797546,0.021716302882115936,0.014837691560387611,0.25,-29.16693115234375,-0.0020379326493915077,0.0028224345296621323,0.0014326009857594552,0.0014619826106354594,0.0,-4.404914477618149e-08,0.023999866098165512,-0.0002749858540482819,-1.788017982562451e-07
8.820036888122559,5.0,2.6957812309265137,0.0,-0.029541015625,-3.0,-230.78366088867188,0.5,0.47710439562797546,0.023632812500000003,0.014837691560387611,0.25,-29.16693115234375,0.0068629528784810755,0.0025399348232895136,0.001494291815817916,0.001459479215554893,0.0,-5.260295310449692e-08,0.03268970176577568,-0.00032919709337875247,-1.0151384621792658e-08
8.824608564376831,5.0,2.698671817779541,0.0,-0.029453124850988388,-3.0,-230.96142578125,0.5,0.4771299958229065,0.02163999336188589,0.015003662556409836,0.25,-29.166954040527344,-0.002054908536065991,0.0025399348232895136,0.001437313485088753,0.001459479215554893,0.0,-5.260295310449692e-08,0.03268970176577568,-0.00032919709337875247,-1.0151384621792658e-08
8.829707384109497,5.0,2.698671817779541,0.0,-0.029453124850988388,-3.0,-230.96142578125,0.5,0.4771299958229065,0.023562499880790712,0.015003662556409836,0.25,-29.166954040527344,0.0066692558293868325,0.0025399348232895136,0.0014956430780985097,0.001459479215554893,0.0,-5.260295310449692e-08,0.03268970176577568,-0.00032919709337875247,-1.0151384621792658e-08
8.83443570137024,5.0,2.7064061164855957,0.0,-0.029208984225988388,-3.0,-231.43516540527344,0.5,0.4771974980831146,0.023562499880790712,0.015379708260297775,0.25,-29.167011260986328,0.0028995719957795626,0.0018962403992190957,0.0014978058108085857,0.0014541147975251079,0.0,-6.27522425133975e-08,0.0415816567838192,-0.00032707516220398247,1.8640132282143895e-07
8.83969783782959,5.0,2.7064061164855957,0.0,-0.029208984225988388,-3.0,-231.43516540527344,0.5,0.4771974980831146,0.018727615091361144,0.015379708260297775,0.25,-29.167011260986328,-0.007628077099844175,0.0018962403992190957,0.001363826147230453,0.0014541147975251079,0.0,-6.27522425133975e-08,0.0415816567838192,-0.00032707516220398247,1.8640132282143895e-07
8.844483613967896,5.0,2.7064061164855957,0.0,-0.029208984225988388,-3.0,-231.43516540527344,0.5,0.4771974980831146,0.023367187380790713,0.015379708260297775,0.25,-29.167011260986328,0.01252662924853089,0.00159943918697536,0.001494287890508985,0.001451849821023643,0.0,-6.474187586036351e-08,0.03521160036325455,-0.00024322922399733216,2.0456674576507794e-07
8.849259376525879,5.0,2.710195302963257,0.0,-0.029082030057907104,-3.0,-231.66769409179688,0.5,0.4772302210330963,0.020607322538662563,0.015523784793913364,0.25,-29.167036056518555,-0.0035964430924019034,0.00159943918697536,0.0014240172018016488,0.001451849821023643,0.0,-6.474187586036351e-08,0.03521160036325455,-0.00024322922399733216,2.0456674576507794e-07
8.853970766067505,5.0,2.710195302963257,0.0,-0.029082030057907104,-3.0,-231.66769409179688,0.5,0.4772302210330963,0.023265624046325685,0.015523784793913364,0.25,-29.167036056518555,0.008446151808476157,0.0012490884400904179,0.001494681543637852,0.0014492272166535258,0.0,-6.549402797872972e-08,0.021510159596800804,-0.00017186086915899068,2.6786403850564966e-07
8.858607530593872,5.0,2.716054677963257,0.0,-0.028886718675494194,-3.0,-232.02407836914062,0.5,0.47728002071380615,0.018897140713225468,0.015703657642006874,0.25,-29.16706657409668,-0.0075509742659780246,0.0012490884400904179,0.0013834107364454687,0.0014492272166535258,0.0,-6.549402797872972e-08,0.021510159596800804,-0.00017186086915899068,2.6786403850564966e-07
8.863319873809814,5.0,2.716054677963257,0.0,-0.028886718675494194,-3.0,-232.02407836914062,0.5,0.47728002071380615,0.023109374940395357,0.015703657642006874,0.25,-29.16706657409668,0.011703249085370643,0.0012490884400904179,0.001492953812637665,0.0014492272166535258,0.0,-6.549402797872972e-08,0.021510159596800804,-0.00017186086915899068,2.6786403850564966e-07
8.868077754974365,5.0,2.716054677963257,0.0,-0.028886718675494194,-3.0,-232.02407836914062,0.5,0.47728002071380615,0.023109374940395357,0.015703657642006874,0.25,-29.16706657409668,0.002765228337716935,0.0012490884400904179,0.0014951157918677604,0.0014492272166535258,0.0,-6.549402797872972e-08,0.021510159596800804,-0.00017186086915899068,2.6786403850564966e-07
8.872750759124756,5.0,2.7245311737060547,0.0,-0.028593748807907104,-3.0,-232.54087829589844,0.5,0.47735175490379333,0.016605587375407318,0.015909956768155098,0.25,-29.167097091674805,-0.012399173913249403,0.001226188032887876,0.0013351167428747464,0.0014482735423371196,0.0,-6.279918807194917e-08,-0.014714932069182396,2.877615042962134e-05,1.5414148890613433e-07
8.877467393875122,5.0,2.7245311737060547,0.0,-0.028593748807907104,-3.0,-232.54087829589844,0.5,0.47735175490379333,0.022874999046325686,0.015909956768155098,0.25,-29.167097091674805,0.01600519820240481,0.001226188032887876,0.0014907608659330827,0.0014482735423371196,0.0,-6.279918807194917e-08,-0.014714932069182396,2.877615042962134e-05,1.5414148890613433e-07
8.882138967514038,5.0,2.727656126022339,0.0,-0.028486328199505806,-3.0,-232.73117065429688,0.5,0.47737810015678406,0.02048961024001702,0.015990830957889557,0.25,-29.16710090637207,-0.0028617599784059233,0.0013900388730689883,0.0014333182182543855,0.001448631170205772,0.0,-6.102169436417171e-08,-0.02775736339390278,0.00011674640700221062,1.4351252275446313e-07
8.886971950531006,5.0,2.727656126022339,0.0,-0.028486328199505806,-3.0,-232.73117065429688,0.5,0.47737810015678406,0.022789062559604646,0.015990830957889557,0.25,-29.16710090637207,0.007451961943233255,0.0013900388730689883,0.0014918996581486678,0.001448631170205772,0.0,-6.102169436417171e-08,-0.02775736339390278,0.00011674640700221062,1.4351252275446313e-07
8.891597747802734,5.0,2.730546712875366,0.0,-0.028388671576976776,-3.0,-232.9071502685547,0.5,0.47740253806114197,0.020599806643603894,0.016073621809482574,0.25,-29.167110443115234,-0.0024897841863538877,0.0015176289016380906,0.0014382281299860726,0.0014492272166535258,0.0,-6.011117648085929e-08,-0.02114720270037651,6.416842370526865e-05,5.984229289879295e-08
8.89614725112915,5.0,2.730546712875366,0.0,-0.028388671576976776,-3.0,-232.9071502685547,0.5,0.47740253806114197,0.022710937261581424,0.016073621809482574,0.25,-29.167110443115234,0.007316196326023436,0.0015176289016380906,0.0014931138797466012,0.0014492272166535258,0.0,-6.011117648085929e-08,-0.02114720270037651,6.416842370526865e-05,5.984229289879295e-08
8.90074896812439,5.0,2.730546712875366,0.0,-0.028388671576976776,-3.0,-232.9071502685547,0.5,0.47740253806114197,0.022710937261581424,0.016073621809482574,0.25,-29.167110443115234,0.0026764531383870493,0.001599609269760549,0.0014951936222396677,0.0014492272166535258,0.0,-5.948965053903521e-08,-0.004932390991598368,-2.9475862106664863e-07,1.2692608208908496e-07
8.905196189880371,5.0,2.738906145095825,0.0,-0.028095701709389687,-3.0,-233.41859436035156,0.5,0.47747352719306946,0.015888855971596883,0.016347473487257957,0.25,-29.167125701904297,-0.014130978036501044,0.001599609269760549,0.0013290527333485653,0.0014492272166535258,0.0,-5.948965053903521e-08,-0.004932390991598368,-2.9475862106664863e-07,1.2692608208908496e-07
8.91054630279541,5.0,2.7421092987060547,0.0,-0.027988281100988388,-3.0,-233.6122283935547,0.5,0.47750037908554077,0.02247656136751175,0.016452064737677574,0.25,-29.167131423950195,0.014929289016453764,0.001587218139320612,0.0014910889142693117,0.0014492272166535258,0.0,-5.877558706401942e-08,0.005771186668425798,-2.8248590751900338e-05,4.3189974263668773e-08
8.915737628936768,5.0,2.7421092987060547,0.0,-0.027988281100988388,-3.0,-233.6122283935547,0.5,0.47750037908554077,0.020321392367242445,0.016452064737677574,0.25,-29.167131423950195,-0.002007642359839545,0.0014406173722818494,0.0014384782107295232,0.0014482735423371196,0.0,-5.995474339215434e-08,0.020420163869857788,-0.00011016954522347078,-3.605369514048107e-08
8.92034363746643,5.0,2.7421092987060547,0.0,-0.027988281100988388,-3.0,-233.6122283935547,0.5,0.47750037908554077,0.022390624880790713,0.016452064737677574,0.25,-29.167131423950195,0.007086629822033678,0.0014406173722818494,0.0014922754134941553,0.0014482735423371196,0.0,-5.995474339215434e-08,0.020420163869857788,-0.00011016954522347078,-3.605369514048107e-08
8.925135850906372,5.0,2.747929573059082,0.0,-0.02779296785593033,-3.0,-233.96749877929688,0.5,0.47754955291748047,0.018158736846933317,0.01663278602063656,0.25,-29.16712760925293,-0.007143073616829887,0.0013566577108576894,0.001385914360047715,0.0014476776123046875,0.0,-6.058581902834703e-08,0.013762345537543297,-0.00010456360905664042,4.369384143387833e-08
8.93016004562378,5.0,2.747929573059082,0.0,-0.02779296785593033,-3.0,-233.96749877929688,0.5,0.47754955291748047,0.022234374284744264,0.01663278602063656,0.25,-29.16712760925293,0.010666460096857101,0.0013566577108576894,0.001490782208698931,0.0014476776123046875,0.0,-6.058581902834703e-08,0.013762345537543297,-0.00010456360905664042,4.369384143387833e-08
8.934992551803589,5.0,2.747929573059082,0.0,-0.02779296785593033,-3.0,-233.96749877929688,0.5,0.47754955291748047,0.022234374284744264,0.01663278602063656,0.25,-29.16712760925293,0.002554980227846218,0.0013566577108576894,0.0014929520471842462,0.0014476776123046875,0.0,-6.058581902834703e-08,0.013762345537543297,-0.00010456360905664042,4.369384143387833e-08
8.939637422561646,5.0,2.747929573059082,0.0,-0.02779296785593033,-3.0,-233.96749877929688,0.5,0.47754955291748047,0.022234374284744264,0.01663278602063656,0.25,-29.16712760925293,0.0025555006009167504,0.0013566577108576894,0.001495037635687424,0.0014476776123046875,0.0,-6.058581902834703e-08,0.013762345537543297,-0.00010456360905664042,4.369384143387833e-08
8.94417405128479,5.0,2.757929563522339,0.0,-0.02744140475988388,-3.0,-234.57968139648438,0.5,0.47763389348983765,0.01420368876481272,0.01690117083489895,0.25,-29.167118072509766,-0.016734107414720385,0.0013559063663706183,0.0013010358638842698,0.0014466046122834086,0.0,-6.137207719802973e-08,-0.015390939079225063,3.228184505132958e-05,3.734927389587028e-08
8.94888687133789,5.0,2.757929563522339,0.0,-0.02744140475988388,-3.0,-234.57968139648438,0.5,0.47763389348983765,0.021953123807907107,0.01690117083489895,0.25,-29.167118072509766,0.018933083530001203,0.0014180290745571256,0.0014890542501343584,0.0014472007751464844,0.0,-6.095735471944863e-08,-0.01987435854971409,6.713938637403771e-05,4.1681868623300034e-08
8.953666687011719,5.0,2.757929563522339,0.0,-0.02744140475988388,-3.0,-234.57968139648438,0.5,0.47763389348983765,0.021953123807907107,0.01690117083489895,0.25,-29.167118072509766,0.0024902587434776653,0.0014180290745571256,0.001491192367463554,0.0014472007751464844,0.0,-6.095735471944863e-08,-0.01987435854971409,6.713938637403771e-05,4.1681868623300034e-08
8.958456039428711,5.0,2.762382745742798,0.0,-0.027285154908895493,-3.0,-234.85208129882812,0.5,0.47767138481140137,0.018565681797486765,0.01702992618083954,0.25,-29.16710662841797,-0.0052732346859257935,0.0014180290745571256,0.001410551635506591,0.0014472007751464844,0.0,-6.095735471944863e-08,-0.01987435854971409,6.713938637403771e-05,4.1681868623300034e-08
8.962923526763916,5.0,2.762382745742798,0.0,-0.027285154908895493,-3.0,-234.85208129882812,0.5,0.47767138481140137,0.021828123927116395,0.01702992618083954,0.25,-29.16710662841797,0.009763017130936013,0.0015778627712279558,0.001490827257129694,0.0014476776123046875,0.0,-5.933014790571178e-08,-0.02572232112288475,0.000149888641317375,2.988804226333741e-08
8.967880964279175,5.0,2.7708592414855957,0.0,-0.026992186903953552,-3.0,-235.36729431152344,0.5,0.477742463350296,0.01568408340956692,0.017313100397586823,0.25,-29.167081832885742,-0.011275835566418445,0.0015622620703652501,0.0013411270604130952,0.0014476776123046875,0.0,-5.8564356919532656e-08,0.013950426131486893,-8.083506691036746e-05,1.1031261237803847e-07
8.9727144241333,5.0,2.7708592414855957,0.0,-0.026992186903953552,-3.0,-235.36729431152344,0.5,0.477742463350296,0.021593749523162842,0.017313100397586823,0.25,-29.167081832885742,0.014625105752804466,0.0015622620703652501,0.0014866562576029872,0.0014476776123046875,0.0,-5.8564356919532656e-08,0.013950426131486893,-8.083506691036746e-05,1.1031261237803847e-07
8.977165222167969,5.0,2.7739453315734863,0.0,-0.026874998584389687,-3.0,-235.55482482910156,0.5,0.47776827216148376,0.018867025664704808,0.017410695552825928,0.25,-29.167070388793945,-0.00428590456070216,0.0014606701442971826,0.0014275512493668414,0.0014472007751464844,0.0,-5.858857221596736e-08,0.015753062441945076,-9.092708205571398e-05,1.539002880690532e-07
8.981892585754395,5.0,2.7739453315734863,0.0,-0.026874998584389687,-3.0,-235.55482482910156,0.5,0.47776827216148376,0.02149999886751175,0.017410695552825928,0.25,-29.167070388793945,0.007945729124977402,0.0014606701442971826,0.0014876401280848194,0.0014472007751464844,0.0,-5.858857221596736e-08,0.015753062441945076,-9.092708205571398e-05,1.539002880690532e-07
8.986774682998657,5.0,2.7768750190734863,0.0,-0.026767577975988388,-3.0,-235.7342529296875,0.5,0.4777929484844208,0.019213766011693677,0.01749936118721962,0.25,-29.167057037353516,-0.0027732399341449483,0.0014357264153659344,0.0014363027956760773,0.0014466046122834086,0.0,-5.818828086034955e-08,0.0040547470562160015,-5.491121919476427e-05,1.456342175742975e-07
8.991557836532593,5.0,2.7768750190734863,0.0,-0.026767577975988388,-3.0,-235.7342529296875,0.5,0.4777929484844208,0.021414062380790713,0.01749936118721962,0.25,-29.167057037353516,0.006955770438942761,0.0014357264153659344,0.0014889717037712268,0.0014466046122834086,0.0,-5.818828086034955e-08,0.0040547470562160015,-5.491121919476427e-05,1.456342175742975e-07
8.996443748474121,5.0,2.7768750190734863,0.0,-0.026767577975988388,-3.0,-235.7342529296875,0.5,0.4777929484844208,0.021414062380790713,0.01749936118721962,0.25,-29.167057037353516,0.0023560573420715485,0.0014158586272969842,0.0014911417377349487,0.0014466046122834086,0.0,-5.7309136991534615e-08,0.0032753879204392433,-5.0252285291207954e-05,2.164063488407919e-07
9.000984191894531,5.0,2.7797656059265137,0.0,-0.02666015550494194,-3.0,-235.91116333007812,0.5,0.47781726717948914,0.018962221757450718,0.017585283145308495,0.25,-29.16704750061035,-0.003537588651799075,0.0014158586272969842,0.0014366777067588554,0.0014466046122834086,0.0,-5.7309136991534615e-08,0.0032753879204392433,-5.0252285291207954e-05,2.164063488407919e-07
9.005845308303833,5.0,2.7797656059265137,0.0,-0.02666015550494194,-3.0,-235.91116333007812,0.5,0.47781726717948914,0.021328124403953555,0.017585283145308495,0.25,-29.16704750061035,0.007202917501204601,0.001586729078553617,0.0014923945401227167,0.0014472007751464844,0.0,-5.1846367199459564e-08,-0.017613202333450317,9.602809586795047e-05,2.5698051331346505e-07
9.010596990585327,5.0,2.7884764671325684,0.0,-0.026337889954447746,-3.0,-236.4465789794922,0.5,0.4778907001018524,0.014288176050362013,0.01785069704055786,0.25,-29.1669979095459,-0.013915323931664662,0.001586729078553617,0.0013311428236848278,0.0014472007751464844,0.0,-5.1846367199459564e-08,-0.017613202333450317,9.602809586795047e-05,2.5698051331346505e-07
9.015350818634033,5.0,2.7884764671325684,0.0,-0.026337889954447746,-3.0,-236.4465789794922,0.5,0.4778907001018524,0.0210703119635582,0.01785069704055786,0.25,-29.1669979095459,0.016539786744769733,0.0017305479850620031,0.0014877857930106298,0.0014482735423371196,0.0,-4.795144903368964e-08,-0.0175170935690403,0.0001353785046376288,2.661579685536708e-07
9.020103216171265,5.0,2.7884764671325684,0.0,-0.026337889954447746,-3.0,-236.4465789794922,0.5,0.4778907001018524,0.0210703119635582,0.01785069704055786,0.25,-29.1669979095459,0.002273409483939317,0.0017305479850620031,0.001489887236658347,0.0014482735423371196,0.0,-4.795144903368964e-08,-0.0175170935690403,0.0001353785046376288,2.661579685536708e-07
9.0245680809021,5.0,2.794179677963257,0.0,-0.026123046875,-3.0,-236.79489135742188,0.5,0.47793859243392944,0.016086576617317244,0.01804891601204872,0.25,-29.166967391967773,-0.009954672633320985,0.0018543549813330173,0.0013788452691952636,0.0014492272166535258,0.0,-4.3979568431495863e-08,-0.020290246233344078,0.00017716326692607254,3.313622300993302e-07
9.029257535934448,5.0,2.794179677963257,0.0,-0.026123046875,-3.0,-236.79489135742188,0.5,0.47793859243392944,0.020898437500000002,0.01804891601204872,0.25,-29.166967391967773,0.012490113908854567,0.0018543549813330173,0.0014881793003948182,0.0014492272166535258,0.0,-4.3979568431495863e-08,-0.020290246233344078,0.00017716326692607254,3.313622300993302e-07
9.034463167190552,5.0,2.7970311641693115,0.0,-0.026015624403953552,-3.0,-236.96920776367188,0.5,0.4779854714870453,0.018748917495133167,0.018272653222084045,0.25,-29.16693115234375,-0.0026146700528337226,0.0022462024353444576,0.0013947913022226194,0.001451849821023643,0.0,-3.2720581799594584e-08,-0.011200666427612305,6.799380207667127e-05,3.55553197550762e-07
9.03892207145691,5.0,2.7970311641693115,0.0,-0.026015624403953552,-3.0,-236.96920776367188,0.5,0.4779854714870453,0.020812499523162845,0.018272653222084045,0.25,-29.16693115234375,0.006820207897758888,0.0022462024353444576,0.0014868090178773907,0.001451849821023643,0.0,-3.2720581799594584e-08,-0.011200666427612305,6.799380207667127e-05,3.55553197550762e-07
9.043501138687134,5.0,2.8035545349121094,0.0,-0.025761717930436134,-3.0,-237.36715698242188,0.5,0.4780178666114807,0.015064435588231031,0.018446827307343483,0.25,-29.16690444946289,-0.011452057682452827,0.0022685290314257145,0.0014141886352742824,0.001451849821023643,0.0,-3.1638855091387086e-08,-0.009535822086036205,5.0441169150872156e-05,3.470689478035638e-07
9.048208951950073,5.0,2.8035545349121094,0.0,-0.025761717930436134,-3.0,-237.36715698242188,0.5,0.4780178666114807,0.02060937434434891,0.018446827307343483,0.25,-29.16690444946289,0.01392498535764088,0.0022685290314257145,0.001487004511860419,0.001451849821023643,0.0,-3.1638855091387086e-08,-0.009535822086036205,5.0441169150872156e-05,3.470689478035638e-07
9.052823066711426,5.0,2.8035545349121094,0.0,-0.025761717930436134,-3.0,-237.36715698242188,0.5,0.4780178666114807,0.02060937434434891,0.018446827307343483,0.25,-29.16690444946289,0.002147022862007309,0.002383993938565254,0.0014890330735834987,0.001452445867471397,0.0,-2.7380480105421157e-08,-0.011418980546295643,3.22932937706355e-05,3.1681975087849423e-07
9.057966232299805,5.0,2.808710813522339,0.0,-0.025556640699505806,-3.0,-237.6796875,0.5,0.478061318397522,0.0164579388807617,0.01869030110538006,0.25,-29.1668643951416,-0.006925740275698142,0.0023771265987306833,0.0014015910277375553,0.001452445867471397,0.0,-2.6182787493667092e-08,0.0011398025089874864,-8.889723176253028e-06,2.198163144839782e-07
9.062581062316895,5.0,2.811601400375366,0.0,-0.02543945237994194,-3.0,-237.8554229736328,0.5,0.4780857264995575,0.020445312559604648,0.018832596018910408,0.25,-29.16684341430664,0.010738398832796937,0.0023771265987306833,0.001488100410431883,0.001452445867471397,0.0,-2.6182787493667092e-08,0.0011398025089874864,-8.889723176253028e-06,2.198163144839782e-07
9.067477941513062,5.0,2.811601400375366,0.0,-0.02543945237994194,-3.0,-237.8554229736328,0.5,0.4780857264995575,0.017958439368776575,0.018832596018910408,0.25,-29.16684341430664,-0.0035866035855153843,0.0023956559598445892,0.0014374734703464596,0.001452445867471397,0.0,-2.4893918038060292e-08,0.002955049742013216,-3.298953743069433e-05,1.9802052975137485e-07
9.072274684906006,5.0,2.811601400375366,0.0,-0.02543945237994194,-3.0,-237.8554229736328,0.5,0.4780857264995575,0.020351561903953555,0.018832596018910408,0.25,-29.16684341430664,0.00705884240898815,0.0023956559598445892,0.001489420012120177,0.001452445867471397,0.0,-2.4893918038060292e-08,0.002955049742013216,-3.298953743069433e-05,1.9802052975137485e-07
9.076775550842285,5.0,2.820624828338623,0.0,-0.025087889283895493,-3.0,-238.40640258789062,0.5,0.4781622588634491,0.012259301256547478,0.019277209416031837,0.25,-29.166767120361328,-0.017922452382388376,0.0022912940476089716,0.0013121627042896231,0.00145137298386544,0.0,-2.4345949256598942e-08,0.012308292090892792,-8.478391100652516e-05,1.577138135644418e-07
9.081795930862427,5.0,2.820624828338623,0.0,-0.025087889283895493,-3.0,-238.40640258789062,0.5,0.4781622588634491,0.020070311427116395,0.019277209416031837,0.25,-29.166767120361328,0.017540733232471233,0.0022912940476089716,0.00148439457854306,0.00145137298386544,0.0,-2.4345949256598942e-08,0.012308292090892792,-8.478391100652516e-05,1.577138135644418e-07
9.086655616760254,5.0,2.8260936737060547,0.0,-0.02486328035593033,-3.0,-238.74082946777344,0.5,0.4782085418701172,0.015268742692240708,0.01953132636845112,0.25,-29.166715621948242,-0.009028284571656933,0.0021944036707282066,0.0013857199312866603,0.0014507770538330078,0.0,-2.4809221343957688e-08,0.01824895851314068,-0.00010511447908356786,1.508918074932808e-07
9.091172456741333,5.0,2.8260936737060547,0.0,-0.02486328035593033,-3.0,-238.74082946777344,0.5,0.4782085418701172,0.019890624284744265,0.01953132636845112,0.25,-29.166715621948242,0.012162247021277049,0.0021944036707282066,0.001482927181164768,0.0014507770538330078,0.0,-2.4809221343957688e-08,0.01824895851314068,-0.00010511447908356786,1.508918074932808e-07
9.095669507980347,5.0,2.8260936737060547,0.0,-0.02486328035593033,-3.0,-238.74082946777344,0.5,0.4782085418701172,0.019890624284744265,0.01953132636845112,0.25,-29.166715621948242,0.0019297238072276094,0.0020959998946636915,0.0014848871272404262,0.0014503002166748047,0.0,-2.542995147791771e-08,0.015983134508132935,-7.466692477464676e-05,6.27497627192497e-08
9.100248336791992,5.0,2.8289451599121094,0.0,-0.024746093899011612,-3.0,-238.9158172607422,0.5,0.47825324535369873,0.017237564392835948,0.01976117677986622,0.25,-29.16666030883789,-0.004712630558920864,0.0020959998946636915,0.0013838833772394164,0.0014503002166748047,0.0,-2.542995147791771e-08,0.015983134508132935,-7.466692477464676e-05,6.27497627192497e-08
9.105100154876709,5.0,2.8289451599121094,0.0,-0.024746093899011612,-3.0,-238.9158172607422,0.5,0.47825324535369873,0.01979687511920929,0.01976117677986622,0.25,-29.16666030883789,0.007165616167570594,0.002278446452692151,0.0014836244284948629,0.0014507770538330078,0.0,-2.5505325851327143e-08,-0.025245683267712593,6.659552309429273e-05,-8.643337423563935e-08
9.109757423400879,5.0,2.8349218368530273,0.0,-0.024501953274011612,-3.0,-239.2788543701172,0.5,0.4782828092575073,0.014359420712789714,0.019920142367482185,0.25,-29.166616439819336,-0.010797952633833685,0.002278446452692151,0.00141862055366735,0.0014507770538330078,0.0,-2.5505325851327143e-08,-0.025245683267712593,6.659552309429273e-05,-8.643337423563935e-08
9.114588499069214,5.0,2.8349218368530273,0.0,-0.024501953274011612,-3.0,-239.2788543701172,0.5,0.4782828092575073,0.01960156261920929,0.019920142367482185,0.25,-29.166616439819336,0.012698481430868498,0.002526097698137164,0.0014841979636510125,0.00145137298386544,0.0,-2.5091051014669574e-08,-0.03207797557115555,6.211622530827299e-05,-1.081951737091913e-07
9.11936616897583,5.0,2.840585947036743,0.0,-0.024257812649011612,-3.0,-239.6243438720703,0.5,0.4783305525779724,0.014296214688299565,0.020206518471240997,0.25,-29.16655731201172,-0.010527842214177989,0.002750321291387081,0.0013806092182976836,0.001451849821023643,0.0,-2.3894495271292726e-08,-0.035926319658756256,8.082839485723525e-05,-1.8933491219286225e-08
9.124138116836548,5.0,2.840585947036743,0.0,-0.024257812649011612,-3.0,-239.6243438720703,0.5,0.4783305525779724,0.01940625011920929,0.020206518471240997,0.25,-29.16655731201172,0.012497648008520526,0.002750321291387081,0.0014826074639973962,0.001451849821023643,0.0,-2.3894495271292726e-08,-0.035926319658756256,8.082839485723525e-05,-1.8933491219286225e-08
9.128866195678711,5.0,2.843515634536743,0.0,-0.02413085848093033,-3.0,-239.8018035888672,0.5,0.47835513949394226,0.016619575721257804,0.020372476428747177,0.25,-29.16652488708496,-0.004810400565521241,0.002888154238462448,0.0014297018900291988,0.001451849821023643,0.0,-2.3141206284549298e-08,-0.022652406245470047,5.1143098971806467e-05,-2.5782433965559903e-08
9.133742094039917,5.0,2.843515634536743,0.0,-0.02413085848093033,-3.0,-239.8018035888672,0.5,0.47835513949394226,0.019304686784744264,0.020372476428747177,0.25,-29.16652488708496,0.007263502109840832,0.002888154238462448,0.0014838145690184202,0.001451849821023643,0.0,-2.3141206284549298e-08,-0.022652406245470047,5.1143098971806467e-05,-2.5782433965559903e-08
9.138375759124756,5.0,2.843515634536743,0.0,-0.02413085848093033,-3.0,-239.8018035888672,0.5,0.47835513949394226,0.019304686784744264,0.020372476428747177,0.25,-29.16652488708496,0.0017564978322473863,0.0030901762656867504,0.0014858204697062827,0.0014529227046296,0.0,-2.0789251209407666e-08,0.0014411869924515486,6.374471581693797e-07,5.7138088038755086e-08
9.143198251724243,5.0,2.8534765243530273,0.0,-0.023691406473517418,-3.0,-240.40737915039062,0.5,0.478439062833786,0.009840576048938027,0.020993880927562714,0.25,-29.16640853881836,-0.02036833006058318,0.0030901762656867504,0.0013038043998113173,0.0014529227046296,0.0,-2.0789251209407666e-08,0.0014411869924515486,6.374471581693797e-07,5.7138088038755086e-08
9.147706985473633,5.0,2.8534765243530273,0.0,-0.023691406473517418,-3.0,-240.40737915039062,0.5,0.478439062833786,0.018953125178813937,0.020993880927562714,0.25,-29.16640853881836,0.021849365364972076,0.003038120688870549,0.0014797734686248698,0.001452445867471397,0.0,-2.073900340349155e-08,0.01028231717646122,-1.678994158282876e-05,5.6552504901219436e-08
9.152227640151978,5.0,2.8550779819488525,0.0,-0.023623045533895493,-3.0,-240.5047607421875,0.5,0.47845256328582764,0.017386245284771583,0.021095721051096916,0.25,-29.1663875579834,-0.002253423440068041,0.003038120688870549,0.001450237653564384,0.001452445867471397,0.0,-2.073900340349155e-08,0.01028231717646122,-1.678994158282876e-05,5.6552504901219436e-08
9.156751871109009,5.0,2.8550779819488525,0.0,-0.023623045533895493,-3.0,-240.5047607421875,0.5,0.47845256328582764,0.018898436427116395,0.021095721051096916,0.25,-29.1663875579834,0.004961591407681308,0.002827450865879655,0.0014820512963961785,0.001451849821023643,0.0,-2.2632571372582788e-08,0.03496312350034714,-0.0001517383789177984,1.244777934061858e-07
9.16164755821228,5.0,2.85796856880188,0.0,-0.023496093228459358,-3.0,-240.6804962158203,0.5,0.478476881980896,0.01620372876363824,0.02127740904688835,0.25,-29.16634178161621,-0.0046018664130696545,0.002827450865879655,0.0014315667501216703,0.001451849821023643,0.0,-2.2632571372582788e-08,0.03496312350034714,-0.0001517383789177984,1.244777934061858e-07
9.166486501693726,5.0,2.85796856880188,0.0,-0.023496093228459358,-3.0,-240.6804962158203,0.5,0.478476881980896,0.01879687458276749,0.02127740904688835,0.25,-29.16634178161621,0.006943346729155965,0.002657263306900859,0.0014833234450469198,0.0014507770538330078,0.0,-2.4885846272582057e-08,0.02227618545293808,-0.00016126326227094978,1.904210193970357e-07
9.171291589736938,5.0,2.85796856880188,0.0,-0.023496093228459358,-3.0,-240.6804962158203,0.5,0.478476881980896,0.01879687458276749,0.02127740904688835,0.25,-29.16634178161621,0.001584199259026254,0.002657263306900859,0.001485391854587845,0.0014507770538330078,0.0,-2.4885846272582057e-08,0.02227618545293808,-0.00016126326227094978,1.904210193970357e-07
9.175751686096191,5.0,2.867968797683716,0.0,-0.02304687537252903,-3.0,-241.2882537841797,0.5,0.47856053709983826,0.008365568668152051,0.021822519600391388,0.25,-29.166217803955078,-0.024344438648887586,0.002397251082584262,0.0012897022028116433,0.001448631170205772,0.0,-2.6998492330676527e-08,0.01395806297659874,-0.00010379487503087148,1.8021060554929136e-07
9.180382251739502,5.0,2.867968797683716,0.0,-0.02304687537252903,-3.0,-241.2882537841797,0.5,0.47856053709983826,0.018437500298023223,0.021822519600391388,0.25,-29.166217803955078,0.023225121932576365,0.002361829625442624,0.001479251218529611,0.001448631170205772,0.0,-2.6848423928527154e-08,0.010127580724656582,-7.475062739104033e-05,2.1800666161198023e-07
9.18527603149414,5.0,2.8725390434265137,0.0,-0.022832030430436134,-3.0,-241.5658416748047,0.5,0.4785985052585602,0.013875460649522834,0.022046128287911415,0.25,-29.166154861450195,-0.008879973452364156,0.002361829625442624,0.001399205196575234,0.001448631170205772,0.0,-2.6848423928527154e-08,0.010127580724656582,-7.475062739104033e-05,2.1800666161198023e-07
9.189823389053345,5.0,2.8725390434265137,0.0,-0.022832030430436134,-3.0,-241.5658416748047,0.5,0.4785985052585602,0.018265624344348908,0.022046128287911415,0.25,-29.166154861450195,0.011079863731980218,0.002176431240513921,0.001478736128494489,0.0014476776123046875,0.0,-2.4884824867399402e-08,0.024851646274328232,-0.00010005983494920656,2.763630106983328e-07
9.194695949554443,5.0,2.8754687309265137,0.0,-0.022695312276482582,-3.0,-241.74424743652344,0.5,0.4786228835582733,0.015350370778273701,0.022187015041708946,0.25,-29.166107177734375,-0.005214001996549884,0.002176431240513921,0.0014278621533334885,0.0014476776123046875,0.0,-2.4884824867399402e-08,0.024851646274328232,-0.00010005983494920656,2.763630106983328e-07
9.199368953704834,5.0,2.8754687309265137,0.0,-0.022695312276482582,-3.0,-241.74424743652344,0.5,0.4786228835582733,0.018156249821186066,0.022187015041708946,0.25,-29.166107177734375,0.007398914922312172,0.0019402765901759267,0.001479891865470051,0.0014466046122834086,0.0,-2.4895737027463838e-08,0.038724783807992935,-0.0001658810506341979,3.9732054801788763e-07
9.204136371612549,5.0,2.8754687309265137,0.0,-0.022695312276482582,-3.0,-241.74424743652344,0.5,0.4786228835582733,0.018156249821186066,0.022187015041708946,0.25,-29.166107177734375,0.0013940868744440932,0.0019402765901759267,0.0014819301384248428,0.0014466046122834086,0.0,-2.4895737027463838e-08,0.038724783807992935,-0.0001658810506341979,3.9732054801788763e-07
9.208947658538818,5.0,2.8831639289855957,0.0,-0.0223242174834013,-3.0,-242.2137908935547,0.5,0.47868677973747253,0.010146369155204686,0.022499503567814827,0.25,-29.16599464416504,-0.01690338096043143,0.0015163979260250926,0.0013435087200957207,0.0014450548915192485,0.0,-2.298375001430486e-08,0.030414890497922897,-0.0001383282506139949,4.2755522144943825e-07
9.213603258132935,5.0,2.8831639289855957,0.0,-0.0223242174834013,-3.0,-242.2137908935547,0.5,0.47868677973747253,0.01785937398672104,0.022499503567814827,0.25,-29.16599464416504,0.017886499175924372,0.0015163979260250926,0.0014782979936731233,0.0014450548915192485,0.0,-2.298375001430486e-08,0.030414890497922897,-0.0001383282506139949,4.2755522144943825e-07
9.218327045440674,5.0,2.887031078338623,0.0,-0.022138671949505806,-3.0,-242.4507598876953,0.5,0.4787188470363617,0.013783039840935086,0.022622372955083847,0.25,-29.165939331054688,-0.008074881886928462,0.001402698690071702,0.0014085757484595752,0.0014445780543610454,0.0,-2.1318919962709515e-08,0.01931033842265606,-8.468909800285473e-05,4.062955270001112e-07
9.22307014465332,5.0,2.887031078338623,0.0,-0.022138671949505806,-3.0,-242.4507598876953,0.5,0.4787188470363617,0.017710937559604647,0.022622372955083847,0.25,-29.165939331054688,0.009566774091432624,0.001402698690071702,0.0014784792430090185,0.0014445780543610454,0.0,-2.1318919962709515e-08,0.01931033842265606,-8.468909800285473e-05,4.062955270001112e-07
9.227914810180664,5.0,2.889960765838623,0.0,-0.022001951932907104,-3.0,-242.62863159179688,0.5,0.47874289751052856,0.014779488158038282,0.02270657941699028,0.25,-29.165895462036133,-0.005301855711926956,0.001240627490915358,0.001428009648480416,0.0014435051707550883,0.0,-1.955472228587496e-08,0.026574185118079185,-0.00013265895540826023,4.7132897407209384e-07
9.232512950897217,5.0,2.889960765838623,0.0,-0.022001951932907104,-3.0,-242.62863159179688,0.5,0.47874289751052856,0.017601561546325684,0.02270657941699028,0.25,-29.165895462036133,0.007398440096208693,0.001240627490915358,0.0014796077201112887,0.0014435051707550883,0.0,-1.955472228587496e-08,0.026574185118079185,-0.00013265895540826023,4.7132897407209384e-07
9.236935138702393,5.0,2.889960765838623,0.0,-0.022001951932907104,-3.0,-242.62863159179688,0.5,0.47874289751052856,0.017601561546325684,0.02270657941699028,0.25,-29.165895462036133,0.0012605657432574868,0.0013097248738631606,0.001481487778099335,0.0014429091243073344,0.0,-1.2612372479736678e-08,-0.019404562190175056,1.0663214197847992e-05,4.753965470172261e-07
9.241856575012207,5.0,2.899843692779541,0.0,-0.02153320237994194,-3.0,-243.2300567626953,0.5,0.4788236916065216,0.007701912524048504,0.022952908650040627,0.25,-29.16573715209961,-0.020574341350616046,0.0013097248738631606,0.0013097091273343207,0.0014429091243073344,0.0,-1.2612372479736678e-08,-0.019404562190175056,1.0663214197847992e-05,4.753965470172261e-07
9.246516466140747,5.0,2.899843692779541,0.0,-0.02153320237994194,-3.0,-243.2300567626953,0.5,0.4788236916065216,0.017226561903953552,0.022952908650040627,0.25,-29.16573715209961,0.021623610749255978,0.0014627563068643212,0.00147585042947324,0.0014429091243073344,0.0,-9.285836100048073e-09,-0.027402451261878014,5.464044807013124e-05,4.77058108572237e-07
9.251405954360962,5.0,2.9044530391693115,0.0,-0.021318359300494194,-3.0,-243.5092315673828,0.5,0.4788611829280853,0.012660708566297441,0.023087436333298683,0.25,-29.16566276550293,-0.008994331123777332,0.0016495977761223912,0.001396741236639207,0.0014435051707550883,0.0,-5.41775158069413e-09,-0.03073698841035366,0.00011613149399636313,4.4530867171488353e-07
9.256086826324463,5.0,2.9044530391693115,0.0,-0.021318359300494194,-3.0,-243.5092315673828,0.5,0.4788611829280853,0.017054687440395355,0.023087436333298683,0.25,-29.16566276550293,0.010532713576518018,0.0016495977761223912,0.0014753975927503113,0.0014435051707550883,0.0,-5.41775158069413e-09,-0.03073698841035366,0.00011613149399636313,4.4530867171488353e-07
9.260777473449707,5.0,2.9073827266693115,0.0,-0.021181639283895493,-3.0,-243.68719482421875,0.5,0.47888514399528503,0.014030574655234725,0.02318662405014038,0.25,-29.16561508178711,-0.005888606807586685,0.0016495977761223912,0.0014234204643101948,0.0014435051707550883,0.0,-5.41775158069413e-09,-0.03073698841035366,0.00011613149399636313,4.4530867171488353e-07
9.265739917755127,5.0,2.9073827266693115,0.0,-0.021181639283895493,-3.0,-243.68719482421875,0.5,0.47888514399528503,0.016945311427116395,0.02318662405014038,0.25,-29.16561508178711,0.006992703657744601,0.0017167945625260472,0.001476598737397523,0.0014439820079132915,0.0,-2.049889147315298e-09,-0.011012881994247437,2.4206083253375255e-05,5.11763175836677e-07
9.270317077636719,5.0,2.9073827266693115,0.0,-0.021181639283895493,-3.0,-243.68719482421875,0.5,0.47888514399528503,0.016945311427116395,0.02318662405014038,0.25,-29.16561508178711,0.0011185414070734008,0.0017167945625260472,0.0014785316588337304,0.0014439820079132915,0.0,-2.049889147315298e-09,-0.011012881994247437,2.4206083253375255e-05,5.11763175836677e-07
9.275060653686523,5.0,2.914921760559082,0.0,-0.02080078050494194,-3.0,-244.14808654785156,0.5,0.47894710302352905,0.008611686426470642,0.023446112871170044,0.25,-29.165485382080078,-0.018029304832607503,0.0015058523276820779,0.0013424771889262263,0.0014429091243073344,0.0,-0.0,0.02037700265645981,-9.759063686942682e-05,3.7648129591616453e-07
9.279867887496948,5.0,2.9189844131469727,0.0,-0.02060546912252903,-3.0,-244.394287109375,0.5,0.47898009419441223,0.012421511078909004,0.02356771007180214,0.25,-29.165416717529297,0.008199720812432879,0.0013063213555142283,0.0014025277270033017,0.0014418363571166992,0.0,-0.0,0.023442938923835754,-8.854241605149582e-05,2.765275439742254e-07
9.284675598144531,5.0,2.9189844131469727,0.0,-0.02060546912252903,-3.0,-244.394287109375,0.5,0.47898009419441223,0.016484375298023223,0.02356771007180214,0.25,-29.165416717529297,0.009465063983008256,0.0013063213555142283,0.001473177059832664,0.0014418363571166992,0.0,-0.0,0.023442938923835754,-8.854241605149582e-05,2.765275439742254e-07
9.289374828338623,5.0,2.9189844131469727,0.0,-0.02060546912252903,-3.0,-244.394287109375,0.5,0.47898009419441223,0.016484375298023223,0.02356771007180214,0.25,-29.165416717529297,0.001013672919796647,0.0010722546139732003,0.0014751526073534357,0.0014407633570954204,0.0,5.684347307091664e-14,0.038547974079847336,-0.0001590061729075387,2.674960342119448e-07
9.294367551803589,5.0,2.921875,0.0,-0.02045898325741291,-3.0,-244.57138061523438,0.5,0.47900375723838806,0.013433199451544196,0.023645712062716484,0.25,-29.165363311767578,-0.005630324963374008,0.0010722546139732003,0.0014270145484366356,0.0014407633570954204,0.0,5.684347307091664e-14,0.038547974079847336,-0.0001590061729075387,2.674960342119448e-07
9.298998355865479,5.0,2.921875,0.0,-0.02045898325741291,-3.0,-244.57138061523438,0.5,0.47900375723838806,0.01636718660593033,0.023645712062716484,0.25,-29.165363311767578,0.007324361167439432,0.0005488015012815595,0.0014763542004798745,0.0014380215434357524,0.0,-0.0,0.028311889618635178,-0.00015815725782886147,1.550731987265408e-08
9.303795576095581,5.0,2.9296092987060547,0.0,-0.020078124478459358,-3.0,-245.04446411132812,0.5,0.4790666103363037,0.008123343974199325,0.023786813020706177,0.25,-29.16522789001465,-0.017497894641489785,0.0005488015012815595,0.0013398004403092538,0.0014380215434357524,0.0,-0.0,0.028311889618635178,-0.00015815725782886147,1.550731987265408e-08
9.308196067810059,5.0,2.9296092987060547,0.0,-0.020078124478459358,-3.0,-245.04446411132812,0.5,0.4790666103363037,0.016062499582767488,0.023786813020706177,0.25,-29.16522789001465,0.018974398243684812,0.0004977213102392852,0.001472662614493003,0.0014374256134033203,0.0,-0.0,0.027636276558041573,-0.00015010913193691522,-1.953324613168661e-09
9.312934637069702,5.0,2.933476448059082,0.0,-0.0198828112334013,-3.0,-245.27938842773438,0.5,0.4790976345539093,0.01178447225716129,0.023826839402318,0.25,-29.165157318115234,-0.008698997269332185,0.0004977213102392852,0.0014054489563942582,0.0014374256134033203,0.0,-0.0,0.027636276558041573,-0.00015010913193691522,-1.953324613168661e-09
9.317338466644287,5.0,2.933476448059082,0.0,-0.0198828112334013,-3.0,-245.27938842773438,0.5,0.4790976345539093,0.01590624898672104,0.023826839402318,0.25,-29.165157318115234,0.010267015087453275,0.000263960100710392,0.0014727616636100714,0.001436471939086914,0.0,-0.0,0.022803988307714462,-0.00010782171011669561,-8.022620789915891e-08
9.321723461151123,5.0,2.933476448059082,0.0,-0.0198828112334013,-3.0,-245.27938842773438,0.5,0.4790976345539093,0.01590624898672104,0.023826839402318,0.25,-29.165157318115234,0.0009067922061581193,0.000263960100710392,0.001474594798763291,0.001436471939086914,0.0,-0.0,0.022803988307714462,-0.00010782171011669561,-8.022620789915891e-08
9.326316356658936,5.0,2.939218759536743,0.0,-0.019589843228459358,-3.0,-245.62884521484375,0.5,0.4791436195373535,0.009293153263207685,0.023865293711423874,0.25,-29.165056228637695,-0.014374990933484188,0.00022563504171557724,0.0013708704350700498,0.0014358757762238383,0.0,-0.0,0.00636946689337492,-7.122813985915855e-05,-7.587221517724174e-08
9.330857038497925,5.0,2.939218759536743,0.0,-0.019589843228459358,-3.0,-245.62884521484375,0.5,0.4791436195373535,0.015671874582767486,0.023865293711423874,0.25,-29.165056228637695,0.01491990729279078,0.00022563504171557724,0.0014728864680325835,0.0014358757762238383,0.0,-0.0,0.00636946689337492,-7.122813985915855e-05,-7.587221517724174e-08
9.335754871368408,5.0,2.9471092224121094,0.0,-0.01918945275247097,-3.0,-246.11053466796875,0.5,0.47920680046081543,0.0071767124964809866,0.023909809067845345,0.25,-29.16490364074707,-0.017590054716485126,0.0003321132971905172,0.0013383438774248154,0.001435518148355186,0.0,-0.0,0.0002990524226333946,-7.021541387075558e-05,-1.3485588112871483e-07
9.340582847595215,5.0,2.9471092224121094,0.0,-0.01918945275247097,-3.0,-246.11053466796875,0.5,0.47920680046081543,0.015351562201976776,0.023909809067845345,0.25,-29.16490364074707,0.017757974586524495,0.0003321132971905172,0.0014693493710019533,0.001435518148355186,0.0,-0.0,0.0002990524226333946,-7.021541387075558e-05,-1.3485588112871483e-07
9.345055103302002,5.0,2.9508984088897705,0.0,-0.01899413950741291,-3.0,-246.340576171875,0.5,0.479236900806427,0.010828091619791081,0.02393515221774578,0.25,-29.164831161499023,-0.00989248908220358,0.0003321132971905172,0.0014002898706088694,0.001435518148355186,0.0,-0.0,3.178557744831778e-05,-7.189827010734007e-05,-1.5818538656731107e-07
9.349607229232788,5.0,2.9508984088897705,0.0,-0.01899413950741291,-3.0,-246.340576171875,0.5,0.479236900806427,0.01519531160593033,0.02393515221774578,0.25,-29.164831161499023,0.010395769082873192,0.00023132144997362047,0.0014694848121505964,0.001434445264749229,0.0,-1.3266271414735797e-09,0.016967322677373886,-0.00015764759154990315,-1.4917135615633015e-07
9.354912281036377,5.0,2.9508984088897705,0.0,-0.01899413950741291,-3.0,-246.340576171875,0.5,0.479236900806427,0.01519531160593033,0.02393515221774578,0.25,-29.164831161499023,0.000801038677821831,0.00023132144997362047,0.0014716877984870956,0.001434445264749229,0.0,-1.3266271414735797e-09,0.016967322677373886,-0.00015764759154990315,-1.4917135615633015e-07
9.359524488449097,5.0,2.953788995742798,0.0,-0.01884765550494194,-3.0,-246.51681518554688,0.5,0.4792599081993103,0.011902118006951744,0.023948535323143005,0.25,-29.164777755737305,-0.006766046487481972,0.00017670908709987998,0.0014209563725677769,0.0014333724975585938,0.0,-2.856185732369454e-09,0.009037435986101627,-0.00015592228737659752,-2.198116249019222e-07
9.364148616790771,5.0,2.953788995742798,0.0,-0.01884765550494194,-3.0,-246.51681518554688,0.5,0.4792599081993103,0.015078124403953553,0.023948535323143005,0.25,-29.164777755737305,0.0076517739816931735,0.00017670908709987998,0.0014727581603700623,0.0014333724975585938,0.0,-2.856185732369454e-09,0.009037435986101627,-0.00015592228737659752,-2.198116249019222e-07
9.368662595748901,5.0,2.961601495742798,0.0,-0.018447265028953552,-3.0,-246.99403381347656,0.5,0.47932177782058716,0.0058878000071062205,0.02396261692047119,0.25,-29.164630889892578,-0.020713614392540425,-6.657902122242376e-05,0.0013301383547899255,0.0014312266139313579,0.0,-6.651553086101103e-09,0.014301198534667492,-9.755447536008433e-05,-2.593649526261288e-07
9.373358011245728,5.0,2.961601495742798,0.0,-0.018447265028953552,-3.0,-246.99403381347656,0.5,0.47932177782058716,0.014757812023162842,0.02396261692047119,0.25,-29.164630889892578,0.01963160776490478,-6.657902122242376e-05,0.0014691424839103884,0.0014312266139313579,0.0,-6.651553086101103e-09,0.014301198534667492,-9.755447536008433e-05,-2.593649526261288e-07
9.377840280532837,5.0,2.9653515815734863,0.0,-0.01826171763241291,-3.0,-247.22149658203125,0.5,0.47935113310813904,0.014757812023162842,0.023954851552844048,0.25,-29.164560317993164,0.0007399900308658778,-0.00015233282465487719,0.0014709961911141245,0.001430630567483604,0.0,-8.89695606076657e-09,0.009134913794696331,-2.1100733647472225e-05,-3.0902214120942517e-07
9.382395505905151,5.0,2.9653515815734863,0.0,-0.01826171763241291,-3.0,-247.22149658203125,0.5,0.47935113310813904,0.010536087245781683,0.023954851552844048,0.25,-29.164560317993164,-0.009017732902977573,-0.00015233282465487719,0.001404911654577985,0.001430630567483604,0.0,-8.89695606076657e-09,0.009134913794696331,-2.1100733647472225e-05,-3.0902214120942517e-07
9.386940240859985,5.0,2.9711718559265137,0.0,-0.01796874962747097,-3.0,-247.5742950439453,0.5,0.47939661145210266,0.007928683077278422,0.023939795792102814,0.25,-29.164438247680664,-0.0057835142503793865,-8.202535536838695e-05,0.0013657019004720793,0.0014312266139313579,0.0,-1.0706570741092492e-08,-0.01171824149787426,5.5112697737058625e-05,-2.9371653909038287e-07
9.391729831695557,5.0,2.9711718559265137,0.0,-0.01796874962747097,-3.0,-247.5742950439453,0.5,0.47939661145210266,0.014374999701976776,0.023939795792102814,0.25,-29.164438247680664,0.014152210216757393,-8.202535536838695e-05,0.0014677437350016187,0.0014312266139313579,0.0,-1.0706570741092492e-08,-0.01171824149787426,5.5112697737058625e-05,-2.9371653909038287e-07
9.396448373794556,5.0,2.9711718559265137,0.0,-0.01796874962747097,-3.0,-247.5742950439453,0.5,0.47939661145210266,0.014374999701976776,0.023939795792102814,0.25,-29.164438247680664,0.0006922943854882661,5.1828181312885135e-05,0.0014696880941265243,0.001431703451089561,0.0,-1.2894103562643977e-08,-0.022021591663360596,0.00013036769814789295,-3.6318675711299875e-07
9.40124225616455,5.0,2.9711718559265137,0.0,-0.01796874962747097,-3.0,-247.5742950439453,0.5,0.47939661145210266,0.014374999701976776,0.023939795792102814,0.25,-29.164438247680664,0.0006913773353412849,0.00036042879219166934,0.0014716634985489628,0.001434922101907432,0.0,-1.7429941934210547e-08,-0.01601133681833744,0.00019381502352189273,-2.3098898793705303e-07
9.405824661254883,5.0,2.9711718559265137,0.0,-0.01796874962747097,-3.0,-247.5742950439453,0.5,0.47939661145210266,0.014374999701976776,0.023939795792102814,0.25,-29.164438247680664,0.0006905007399354572,0.00036042879219166934,0.0014735517600001622,0.001434922101907432,0.0,-1.7429941934210547e-08,-0.01601133681833744,0.00019381502352189273,-2.3098898793705303e-07
9.410407543182373,5.0,2.980585813522339,0.0,-0.017490234225988388,-3.0,-248.146240234375,0.5,0.47947078943252563,0.0035508229936301646,0.023974010720849037,0.25,-29.16425132751465,-0.024307748022367487,0.0003952647384721786,0.001304673253695039,0.001434922101907432,0.0,-1.7707225907770408e-08,-0.015205467119812965,0.00020273664267733693,-2.033051060834623e-07
9.415237665176392,5.0,2.980585813522339,0.0,-0.017490234225988388,-3.0,-248.146240234375,0.5,0.47947078943252563,0.013992187380790711,0.023974010720849037,0.25,-29.16425132751465,0.022254806913351185,0.0003952647384721786,0.001468515233140948,0.001434922101907432,0.0,-1.7707225907770408e-08,-0.015205467119812965,0.00020273664267733693,-2.033051060834623e-07
9.42003083229065,5.0,2.980585813522339,0.0,-0.017490234225988388,-3.0,-248.146240234375,0.5,0.47947078943252563,0.013992187380790711,0.023974010720849037,0.25,-29.16425132751465,0.0006366643693482639,0.0005167627241462469,0.0014704832318804218,0.0014380215434357524,0.0,-1.749204336931598e-08,-0.009785175323486328,0.00024604753707535565,-1.2335694243859052e-08
9.424937725067139,5.0,2.9858202934265137,0.0,-0.01723632775247097,-3.0,-248.4632110595703,0.5,0.47951221466064453,0.008614576329084304,0.024019459262490273,0.25,-29.16415023803711,-0.011067536523981798,0.0005167627241462469,0.0013831003061934772,0.0014380215434357524,0.0,-1.749204336931598e-08,-0.009785175323486328,0.00024604753707535565,-1.2335694243859052e-08
9.430031538009644,5.0,2.9886717796325684,0.0,-0.01708984375,-3.0,-248.6367645263672,0.5,0.47955775260925293,0.010796150977065294,0.024087822064757347,0.25,-29.164030075073242,0.0043852022207680925,0.0005167627241462469,0.0013747423086487773,0.0014380215434357524,0.0,-1.749204336931598e-08,-0.009785175323486328,0.00024604753707535565,-1.2335694243859052e-08
9.435227632522583,5.0,2.9886717796325684,0.0,-0.01708984375,-3.0,-248.6367645263672,0.5,0.47955775260925293,0.013671875,0.024087822064757347,0.25,-29.164030075073242,0.006115016311492248,0.0005167627241462469,0.001466265254667547,0.0014380215434357524,0.0,-1.749204336931598e-08,-0.009785175323486328,0.00024604753707535565,-1.2335694243859052e-08
9.440027236938477,5.0,2.9886717796325684,0.0,-0.01708984375,-3.0,-248.6367645263672,0.5,0.47955775260925293,0.013671875,0.024087822064757347,0.25,-29.164030075073242,0.00057962132106597,0.0008137828554026783,0.0014682275486844953,0.001441359519958496,0.0,-1.0664801486370834e-08,-0.006287756841629744,9.568007226334885e-05,3.5403198239691847e-07
9.44483757019043,5.0,2.995742082595825,0.0,-0.016728514805436134,-3.0,-249.0644989013672,0.5,0.47959157824516296,0.005871295996311636,0.02415548823773861,0.25,-29.163942337036133,-0.01672329197963452,0.0008284316281788051,0.001395813203091257,0.001441359519958496,0.0,-8.072568391526147e-09,-0.0012830325867980719,-1.5072939277160913e-05,4.1520453919474676e-07
9.449283123016357,5.0,2.995742082595825,0.0,-0.016728514805436134,-3.0,-249.0644989013672,0.5,0.47959157824516296,0.013382811844348908,0.02415548823773861,0.25,-29.163942337036133,0.017430793791681602,0.0008284316281788051,0.0014679464329111337,0.001441359519958496,0.0,-8.072568391526147e-09,-0.0012830325867980719,-1.5072939277160913e-05,4.1520453919474676e-07
9.453851461410522,5.0,3.0002734661102295,0.0,-0.016494140028953552,-3.0,-249.34117126464844,0.5,0.47962823510169983,0.008064895747916247,0.024232354015111923,0.25,-29.163846969604492,-0.01192382206159565,0.0008397194324061275,0.0013851677976771807,0.0014407633570954204,0.0,-6.046326550546155e-09,-0.0018718634964898229,-6.823366129538044e-05,3.929170588889974e-07
9.45848035812378,5.0,3.0002734661102295,0.0,-0.016494140028953552,-3.0,-249.34117126464844,0.5,0.47962823510169983,0.013195312023162842,0.024232354015111923,0.25,-29.163846969604492,0.011583327879046331,0.0008397194324061275,0.0014672948883531654,0.0014407633570954204,0.0,-6.046326550546155e-09,-0.0018718634964898229,-6.823366129538044e-05,3.929170588889974e-07
9.46322250366211,5.0,3.0032031536102295,0.0,-0.016347656026482582,-3.0,-249.51953125,0.5,0.47965186834335327,0.009989143234961834,0.024282684549689293,0.25,-29.163780212402344,-0.006759404812369365,0.0007528814603574574,0.001416552174082541,0.0014396904734894633,0.0,-3.980634932787552e-09,0.014198707416653633,-0.00014352011203300208,4.5471560383703036e-07
9.468031406402588,5.0,3.0032031536102295,0.0,-0.016347656026482582,-3.0,-249.51953125,0.5,0.47965186834335327,0.013078124821186067,0.024282684549689293,0.25,-29.163780212402344,0.0069008031650133585,0.0007528814603574574,0.001468345819111476,0.0014396904734894633,0.0,-3.980634932787552e-09,0.014198707416653633,-0.00014352011203300208,4.5471560383703036e-07
9.472593784332275,5.0,3.0132031440734863,0.0,-0.015839843079447746,-3.0,-250.12953186035156,0.5,0.47973209619522095,0.013078124821186067,0.024423910304903984,0.25,-29.16356658935547,0.00047631631272006107,0.0005607505445368588,0.0014702025364470893,0.0014369487762451172,0.0,-0.0,0.0160725899040699,-0.0001751810486894101,3.016517098330951e-07
9.477172136306763,5.0,3.0132031440734863,0.0,-0.015839843079447746,-3.0,-250.12953186035156,0.5,0.47973209619522095,0.0015802644286678161,0.024423910304903984,0.25,-29.16356658935547,-0.026344465221875328,0.0005607505445368588,0.0012871980296663222,0.0014369487762451172,0.0,-0.0,0.0160725899040699,-0.0001751810486894101,3.016517098330951e-07
9.482177019119263,5.0,3.0132031440734863,0.0,-0.015839843079447746,-3.0,-250.12953186035156,0.5,0.47973209619522095,0.012671874463558198,0.024423910304903984,0.25,-29.16356658935547,0.022568929006770058,0.00044843213981948793,0.0014644598358389937,0.0014358757762238383,0.0,-0.0,0.01856476068496704,-0.00016473994764965028,2.4258963549073087e-07
9.486936569213867,5.0,3.0177342891693115,0.0,-0.015615234151482582,-3.0,-250.40342712402344,0.5,0.4797678291797638,0.007773066322338196,0.02446690760552883,0.25,-29.163471221923828,-0.010570180231883183,0.00044843213981948793,0.001387021406980733,0.0014358757762238383,0.0,-0.0,0.01856476068496704,-0.00016473994764965028,2.4258963549073087e-07
9.49168062210083,5.0,3.0177342891693115,0.0,-0.015615234151482582,-3.0,-250.40342712402344,0.5,0.4797678291797638,0.012492187321186066,0.02446690760552883,0.25,-29.163471221923828,0.010325349707803159,0.00034096656600013375,0.0014640174480724676,0.001434922101907432,0.0,-0.0,0.017671192064881325,-0.00010706089960876852,2.3685630878844677e-07
9.496350049972534,5.0,3.0177342891693115,0.0,-0.015615234151482582,-3.0,-250.40342712402344,0.5,0.4797678291797638,0.012492187321186066,0.02446690760552883,0.25,-29.163471221923828,0.00037678539029447635,0.00010748056956799701,0.0014659069013191295,0.0014338493347167969,0.0,-0.0,0.03553464636206627,-0.00017840982764028013,2.1538110672736366e-07
9.500885963439941,5.0,3.0177342891693115,0.0,-0.015615234151482582,-3.0,-250.40342712402344,0.5,0.4797678291797638,0.012492187321186066,0.02446690760552883,0.25,-29.163471221923828,0.00037569906439435265,0.00010748056956799701,0.0014677423288410973,0.0014338493347167969,0.0,-0.0,0.03553464636206627,-0.00017840982764028013,2.1538110672736366e-07
9.505625009536743,5.0,3.0177342891693115,0.0,-0.015615234151482582,-3.0,-250.40342712402344,0.5,0.4797678291797638,0.012492187321186066,0.02446690760552883,0.25,-29.163471221923828,0.00037456408936587643,-0.0002982740697916597,0.0014696599526442065,0.001431703451089561,0.0,-1.421086826772916e-14,0.021035466343164444,-0.00011675630958052352,1.9641541371129279e-07
9.510334968566895,5.0,3.027539014816284,0.0,-0.015117187052965164,-3.0,-250.9989776611328,0.5,0.47984495759010315,0.0015194092855004525,0.024479934945702553,0.25,-29.16324806213379,-0.024270525856906006,-0.0002982740697916597,0.0012985471207470943,0.001431703451089561,0.0,-1.421086826772916e-14,0.021035466343164444,-0.00011675630958052352,1.9641541371129279e-07
9.514852285385132,5.0,3.027539014816284,0.0,-0.015117187052965164,-3.0,-250.9989776611328,0.5,0.47984495759010315,0.012093749642372132,0.024479934945702553,0.25,-29.16324806213379,0.023730360516405678,-0.000358461489668116,0.0014641240661245258,0.001431703451089561,0.0,-0.0,0.015986649319529533,-7.940027717268094e-05,1.8420826108922483e-07
9.519629955291748,5.0,3.0322265625,0.0,-0.014882812276482582,-3.0,-251.28428649902344,0.5,0.4798816442489624,0.007000620485889893,0.024446481838822365,0.25,-29.16314697265625,-0.010877180501595298,-0.000358461489668116,0.0013848562804577899,0.001431703451089561,0.0,-0.0,0.015986649319529533,-7.940027717268094e-05,1.8420826108922483e-07
9.52434515953064,5.0,3.0322265625,0.0,-0.014882812276482582,-3.0,-251.28428649902344,0.5,0.4798816442489624,0.011906249821186066,0.024446481838822365,0.25,-29.16314697265625,0.010704424502241367,-0.0005406216369010508,0.0014635412874445986,0.0014312266139313579,0.0,-0.0,0.022195423021912575,-6.685080006718636e-05,1.6715911499431968e-07
9.52893877029419,5.0,3.03515625,0.0,-0.014736327342689037,-3.0,-251.4624481201172,0.5,0.47990453243255615,0.008600177544727864,0.024421345442533493,0.25,-29.1630802154541,-0.007236984495846093,-0.0005406216369010508,0.0014128147929600282,0.0014312266139313579,0.0,-0.0,0.022195423021912575,-6.685080006718636e-05,1.6715911499431968e-07
9.533494472503662,5.0,3.03515625,0.0,-0.014736327342689037,-3.0,-251.4624481201172,0.5,0.47990453243255615,0.01178906187415123,0.024421345442533493,0.25,-29.1630802154541,0.007286685128219547,-0.0005645901546813548,0.0014644718998556238,0.001430630567483604,0.0,-0.0,0.0038204644806683064,-5.094096559332684e-05,1.5807619035967946e-07
9.538456916809082,5.0,3.0447654724121094,0.0,-0.014257811941206455,-3.0,-252.04495239257812,0.5,0.47997918725013733,0.0017635135939952414,0.024307670071721077,0.25,-29.162870407104492,-0.020878513347840848,-0.0005645901546813548,0.0013070607571541082,0.001430630567483604,0.0,-0.0,0.0038204644806683064,-5.094096559332684e-05,1.5807619035967946e-07
9.542998790740967,5.0,3.0447654724121094,0.0,-0.014257811941206455,-3.0,-252.04495239257812,0.5,0.47997918725013733,0.011406249552965165,0.024307670071721077,0.25,-29.162870407104492,0.021481957935517965,-0.0006050702068023384,0.0014593190052607664,0.0014301537303254008,0.0,-2.842173653545832e-14,0.004769244231283665,-7.185470894910395e-05,1.3822761957271723e-07
9.548232078552246,5.0,3.0447654724121094,0.0,-0.014257811941206455,-3.0,-252.04495239257812,0.5,0.47997918725013733,0.011406249552965165,0.024307670071721077,0.25,-29.162870407104492,0.0002498642895796344,-0.0006050702068023384,0.0014614144987674816,0.0014301537303254008,0.0,-2.842173653545832e-14,0.004769244231283665,-7.185470894910395e-05,1.3822761957271723e-07
9.55287790298462,5.0,3.0467967987060547,0.0,-0.014150390401482582,-3.0,-252.16897583007812,0.5,0.47999507188796997,0.009008095376969706,0.0242816973477602,0.25,-29.162824630737305,-0.005142267230436995,-0.0006135923904366791,0.0014271759156983088,0.001429557683877647,0.0,2.842173653545832e-14,0.0019960221834480762,-5.720138142351061e-05,1.3383873920247424e-07
9.557706832885742,5.0,3.0467967987060547,0.0,-0.014150390401482582,-3.0,-252.16897583007812,0.5,0.47999507188796997,0.011320312321186066,0.0242816973477602,0.25,-29.162824630737305,0.005028257080213686,-0.0007201186963357031,0.0014632991778139792,0.0014290808467194438,0.0,-0.0,0.017623616382479668,-0.00014740160258952528,1.2349460121185984e-07
9.562120199203491,5.0,3.049687385559082,0.0,-0.014003906399011612,-3.0,-252.34535217285156,0.5,0.4800175726413727,0.007884026002467893,0.024244248867034912,0.25,-29.162755966186523,-0.007870543664173928,-0.0007201186963357031,0.0014113796836638156,0.0014290808467194438,0.0,-0.0,0.017623616382479668,-0.00014740160258952528,1.2349460121185984e-07
9.566613912582397,5.0,3.049687385559082,0.0,-0.014003906399011612,-3.0,-252.34535217285156,0.5,0.4800175726413727,0.01120312511920929,0.024244248867034912,0.25,-29.162755966186523,0.007613907193254894,-0.001032241270877421,0.0014641587888659722,0.0014269350795075297,0.0,-5.684347307091664e-14,0.01319373119622469,-6.507318175863475e-05,1.0990431320578864e-07
9.571465015411377,5.0,3.049687385559082,0.0,-0.014003906399011612,-3.0,-252.34535217285156,0.5,0.4800175726413727,0.01120312511920929,0.024244248867034912,0.25,-29.162755966186523,0.000226547529010667,-0.001032241270877421,0.0014660975250637585,0.0014269350795075297,0.0,-5.684347307091664e-14,0.01319373119622469,-6.507318175863475e-05,1.0990431320578864e-07
9.57606816291809,5.0,3.058710813522339,0.0,-0.013554687611758709,-3.0,-252.89620971679688,0.5,0.480087548494339,0.001084801748131782,0.024080771952867508,0.25,-29.162548065185547,-0.022596324175768352,-0.0010743191232904792,0.0013075162187233676,0.0014269350795075297,0.0,-5.684347307091664e-14,0.0032381329219788313,-7.401616244351317e-07,1.0143474327151125e-07
9.58068561553955,5.0,3.058710813522339,0.0,-0.013554687611758709,-3.0,-252.89620971679688,0.5,0.480087548494339,0.010843750089406967,0.024080771952867508,0.25,-29.162548065185547,0.021334618444447805,-0.0010743191232904792,0.0014613725177659086,0.0014269350795075297,0.0,-5.684347307091664e-14,0.0032381329219788313,-7.401616244351317e-07,1.0143474327151125e-07
9.585419654846191,5.0,3.064218759536743,0.0,-0.013281249441206455,-3.0,-253.23046875,0.5,0.48012983798980713,0.004848998281309242,0.02395794354379177,0.25,-29.16242027282715,-0.01291036178434199,-0.0010743191232904792,0.0013688484199669453,0.0014269350795075297,0.0,-5.684347307091664e-14,0.0032381329219788313,-7.401616244351317e-07,1.0143474327151125e-07
9.590170621871948,5.0,3.064218759536743,0.0,-0.013281249441206455,-3.0,-253.23046875,0.5,0.48012983798980713,0.010624999552965165,0.02395794354379177,0.25,-29.16242027282715,0.01234264105363744,-0.001049285288900137,0.0014600671505595807,0.0014274119166657329,0.0,-5.684347307091664e-14,-0.004085675347596407,7.063913653837517e-05,9.63107638085603e-08
9.594700574874878,5.0,3.0671093463897705,0.0,-0.013134765438735485,-3.0,-253.40635681152344,0.5,0.4801521301269531,0.007274136364146285,0.02389432303607464,0.25,-29.162353515625,-0.007467543081390576,-0.001049285288900137,0.0014099797661409352,0.0014274119166657329,0.0,-5.684347307091664e-14,-0.004085675347596407,7.063913653837517e-05,9.63107638085603e-08
9.599649429321289,5.0,3.0671093463897705,0.0,-0.013134765438735485,-3.0,-253.40635681152344,0.5,0.4801521301269531,0.01050781235098839,0.02389432303607464,0.25,-29.162353515625,0.006710045660823222,-0.001108407392166555,0.001461154776838185,0.0014274119166657329,0.0,-0.0,0.009777975268661976,3.6531316709442763e-06,9.011773727252148e-08
9.604562044143677,5.0,3.0755467414855957,0.0,-0.012714843265712261,-3.0,-253.9196014404297,0.5,0.4802170693874359,0.001624040349041539,0.023703090846538544,0.25,-29.16215705871582,-0.01856374332339843,-0.0010524812387302518,0.001323116994814549,0.0014274119166657329,0.0,-5.684347307091664e-14,-0.00029010666185058653,-3.104150528088212e-05,7.746073293901645e-08
9.609230279922485,5.0,3.0755467414855957,0.0,-0.012714843265712261,-3.0,-253.9196014404297,0.5,0.4802170693874359,0.01017187461256981,0.023703090846538544,0.25,-29.16215705871582,0.018465688375000962,-0.0010524812387302518,0.0014571528116333063,0.0014274119166657329,0.0,-5.684347307091664e-14,-0.00029010666185058653,-3.104150528088212e-05,7.746073293901645e-08
9.613696336746216,5.0,3.078749895095825,0.0,-0.012558593414723873,-3.0,-254.1131591796875,0.5,0.4802415668964386,0.01017187461256981,0.02363276667892933,0.25,-29.162084579467773,0.00015384877955367405,-0.001055676955729723,0.001458919845478419,0.0014269350795075297,0.0,-5.684347307091664e-14,-0.00028926090453751385,-3.116581865469925e-05,7.284420178166329e-08
9.61855435371399,5.0,3.078749895095825,0.0,-0.012558593414723873,-3.0,-254.1131591796875,0.5,0.4802415668964386,0.006830544858398652,0.02363276667892933,0.25,-29.162084579467773,-0.006973515931492921,-0.001055676955729723,0.0014074729075542658,0.0014269350795075297,0.0,-5.684347307091664e-14,-0.00028926090453751385,-3.116581865469925e-05,7.284420178166329e-08
9.623291015625,5.0,3.078749895095825,0.0,-0.012558593414723873,-3.0,-254.1131591796875,0.5,0.4802415668964386,0.0100468747317791,0.02363276667892933,0.25,-29.162084579467773,0.006934656190959138,-0.0009432915830984712,0.001459771660813629,0.0014269350795075297,0.0,-0.0,-0.017891911789774895,-3.900154013081192e-07,6.775982086537624e-08
9.628190755844116,5.0,3.081718683242798,0.0,-0.012412109412252903,-3.0,-254.29397583007812,0.5,0.48026442527770996,0.006940059591989078,0.0235670767724514,0.25,-29.162010192871094,-0.006428903325530405,-0.0009432915830984712,0.001412310407810363,0.0014269350795075297,0.0,-0.0,-0.017891911789774895,-3.900154013081192e-07,6.775982086537624e-08
9.633034229278564,5.0,3.081718683242798,0.0,-0.012412109412252903,-3.0,-254.29397583007812,0.5,0.48026442527770996,0.009929687529802323,0.0235670767724514,0.25,-29.162010192871094,0.006307725595890008,-0.0009432915830984712,0.0014608744134829688,0.0014269350795075297,0.0,-0.0,-0.017891911789774895,-3.900154013081192e-07,6.775982086537624e-08
9.638031959533691,5.0,3.081718683242798,0.0,-0.012412109412252903,-3.0,-254.29397583007812,0.5,0.48026442527770996,0.009929687529802323,0.0235670767724514,0.25,-29.162010192871094,0.00013387494559708108,-0.0009432915830984712,0.0014628470750608067,0.0014269350795075297,0.0,-0.0,-0.017891911789774895,-3.900154013081192e-07,6.775982086537624e-08
9.642769813537598,5.0,3.081718683242798,0.0,-0.012412109412252903,-3.0,-254.29397583007812,0.5,0.48026442527770996,0.009929687529802323,0.0235670767724514,0.25,-29.162010192871094,0.00013258270641255889,-0.0009432915830984712,0.0014647171604951549,0.0014269350795075297,0.0,-0.0,-0.017891911789774895,-3.900154013081192e-07,6.775982086537624e-08
9.647536993026733,5.0,3.081718683242798,0.0,-0.012412109412252903,-3.0,-254.29397583007812,0.5,0.48026442527770996,0.009929687529802323,0.0235670767724514,0.25,-29.162010192871094,0.00013128246876690044,-0.0009432915830984712,0.0014665988210356027,0.0014269350795075297,0.0,-0.0,-0.017891911789774895,-3.900154013081192e-07,6.775982086537624e-08
9.652320623397827,5.0,3.081718683242798,0.0,-0.012412109412252903,-3.0,-254.29397583007812,0.5,0.48026442527770996,0.009929687529802323,0.0235670767724514,0.25,-29.162010192871094,0.00012997774417962925,-0.0009432915830984712,0.0014684869749282535,0.0014269350795075297,0.0,-0.0,-0.017891911789774895,-3.900154013081192e-07,6.775982086537624e-08
9.657052516937256,5.0,3.081718683242798,0.0,-0.012412109412252903,-3.0,-254.29397583007812,0.5,0.48026442527770996,0.009929687529802323,0.0235670767724514,0.25,-29.162010192871094,0.00012868713069858991,-0.0009432915830984712,0.00147035470769876,0.0014269350795075297,0.0,-0.0,-0.017891911789774895,-3.900154013081192e-07,6.775982086537624e-08
9.661908626556396,5.0,3.081718683242798,0.0,-0.012412109412252903,-3.0,-254.29397583007812,0.5,0.48026442527770996,0.009929687529802323,0.0235670767724514,0.25,-29.162010192871094,0.000127362637556966,-0.0009432915830984712,0.0014722714699837236,0.0014269350795075297,0.0,-0.0,-0.017891911789774895,-3.900154013081192e-07,6.775982086537624e-08
9.666609287261963,5.0,3.081718683242798,0.0,-0.012412109412252903,-3.0,-254.29397583007812,0.5,0.48026442527770996,0.009929687529802323,0.0235670767724514,0.25,-29.162010192871094,0.00012608054276217742,-0.0009432915830984712,0.0014741268747957004,0.0014269350795075297,0.0,-0.0,-0.017891911789774895,-3.900154013081192e-07,6.775982086537624e-08
9.671323776245117,5.0,3.081718683242798,0.0,-0.012412109412252903,-3.0,-254.29397583007812,0.5,0.48026442527770996,0.009929687529802323,0.0235670767724514,0.25,-29.162010192871094,0.0001247946763353082,-0.0009432915830984712,0.0014759877377877894,0.0014269350795075297,0.0,-0.0,-0.017891911789774895,-3.900154013081192e-07,6.775982086537624e-08
9.676053285598755,5.0,3.081718683242798,0.0,-0.012412109412252903,-3.0,-254.29397583007812,0.5,0.48026442527770996,0.009929687529802323,0.0235670767724514,0.25,-29.162010192871094,0.00012350471313566226,-0.0009432915830984712,0.0014778545294927591,0.0014269350795075297,0.0,-0.0,-0.017891911789774895,-3.900154013081192e-07,6.775982086537624e-08
9.680415630340576,5.0,3.081718683242798,0.0,-0.012412109412252903,-3.0,-254.29397583007812,0.5,0.48026442527770996,0.009929687529802323,0.0235670767724514,0.25,-29.162010192871094,0.00012231489327056548,-0.0009432915830984712,0.0014795763971050912,0.0014269350795075297,0.0,-0.0,-0.017891911789774895,-3.900154013081192e-07,6.775982086537624e-08
9.684995174407959,5.0,3.081718683242798,0.0,-0.012412109412252903,-3.0,-254.29397583007812,0.5,0.48026442527770996,0.009929687529802323,0.0235670767724514,0.25,-29.162010192871094,0.00012106583277055006,-0.0009432915830984712,0.0014813839957878083,0.0014269350795075297,0.0,-0.0,-0.017891911789774895,-3.900154013081192e-07,6.775982086537624e-08
9.689579963684082,5.0,3.081718683242798,0.0,-0.012412109412252903,-3.0,-254.29397583007812,0.5,0.48026442527770996,0.009929687529802323,0.0235670767724514,0.25,-29.162010192871094,0.00011981534165146981,-0.0009432915830984712,0.0014831936648147057,0.0014269350795075297,0.0,-0.0,-0.017891911789774895,-3.900154013081192e-07,6.775982086537624e-08
9.694076776504517,5.0,3.081718683242798,0.0,-0.012412109412252903,-3.0,-254.29397583007812,0.5,0.48026442527770996,0.009929687529802323,0.0235670767724514,0.25,-29.162010192871094,0.0001185888459157979,-0.0009432915830984712,0.0014849686085233026,0.0014269350795075297,0.0,-0.0,-0.017891911789774895,-3.900154013081192e-07,6.775982086537624e-08
9.69855785369873,5.0,3.081718683242798,0.0,-0.012412109412252903,-3.0,-254.29397583007812,0.5,0.48026442527770996,0.009929687529802323,0.0235670767724514,0.25,-29.162010192871094,0.00011736664203732092,-0.0009432915830984712,0.0014867373411993577,0.0014269350795075297,0.0,-0.0,-0.017891911789774895,-3.900154013081192e-07,6.775982086537624e-08
9.703403949737549,5.0,3.081718683242798,0.0,-0.012412109412252903,-3.0,-254.29397583007812,0.5,0.48026442527770996,0.009929687529802323,0.0235670767724514,0.25,-29.162010192871094,0.00011604488007754842,-0.0009432915830984712,0.0014886501510090677,0.0014269350795075297,0.0,-0.0,-0.017891911789774895,-3.900154013081192e-07,6.775982086537624e-08
9.708142280578613,5.0,3.081718683242798,0.0,-0.012412109412252903,-3.0,-254.29397583007812,0.5,0.48026442527770996,0.009929687529802323,0.0235670767724514,0.25,-29.162010192871094,0.00011475251083674733,-0.0009432915830984712,0.0014905204246565228,0.0014269350795075297,0.0,-0.0,-0.017891911789774895,-3.900154013081192e-07,6.775982086537624e-08
9.712628602981567,5.0,3.081718683242798,0.0,-0.012412109412252903,-3.0,-254.29397583007812,0.5,0.48026442527770996,0.009929687529802323,0.0235670767724514,0.25,-29.162010192871094,0.00011352887633920552,-0.0009432915830984712,0.0014922912276767585,0.0014269350795075297,0.0,-0.0,-0.017891911789774895,-3.900154013081192e-07,6.775982086537624e-08
9.717202186584473,5.0,3.081718683242798,0.0,-0.012412109412252903,-3.0,-254.29397583007812,0.5,0.48026442527770996,0.009929687529802323,0.0235670767724514,0.25,-29.162010192871094,0.00011228144154267297,-0.0009432915830984712,0.001494096473695634,0.0014269350795075297,0.0,-0.0,-0.017891911789774895,-3.900154013081192e-07,6.775982086537624e-08
9.72196912765503,5.0,3.081718683242798,0.0,-0.012412109412252903,-3.0,-254.29397583007812,0.5,0.48026442527770996,0.009929687529802323,0.0235670767724514,0.25,-29.162010192871094,0.00011098126892515386,-0.0009432915830984712,0.0014959780401295284,0.0014269350795075297,0.0,-0.0,-0.017891911789774895,-3.900154013081192e-07,6.775982086537624e-08
9.726985931396484,5.0,3.081718683242798,0.0,-0.012412109412252903,-3.0,-254.29397583007812,0.5,0.48026442527770996,0.009929687529802323,0.0235670767724514,0.25,-29.162010192871094,0.00010961294681762998,-0.0009432915830984712,0.0014979582302316594,0.0014269350795075297,0.0,-0.0,-0.017891911789774895,-3.900154013081192e-07,6.775982086537624e-08
9.731802940368652,5.0,3.081718683242798,0.0,-0.012412109412252903,-3.0,-254.29397583007812,0.5,0.48026442527770996,0.009929687529802323,0.0235670767724514,0.25,-29.162010192871094,0.00010829911829085418,-0.0009432915830984712,0.001499859559041823,0.0014269350795075297,0.0,-0.0,-0.017891911789774895,-3.900154013081192e-07,6.775982086537624e-08
9.73609209060669,5.0,3.081718683242798,0.0,-0.012412109412252903,-3.0,-254.29397583007812,0.5,0.48026442527770996,0.009929687529802323,0.0235670767724514,0.25,-29.162010192871094,0.00010712926206452793,-0.0009432915830984712,0.001501552535942181,0.0014269350795075297,0.0,-0.0,-0.017891911789774895,-3.900154013081192e-07,6.775982086537624e-08
9.740749597549438,5.0,3.081718683242798,0.0,-0.012412109412252903,-3.0,-254.29397583007812,0.5,0.48026442527770996,0.009929687529802323,0.0235670767724514,0.25,-29.162010192871094,0.00010585893736295583,-0.0009432915830984712,0.0015033909074679453,0.0014269350795075297,0.0,-0.0,-0.017891911789774895,-3.900154013081192e-07,6.775982086537624e-08
9.745098114013672,5.0,3.081718683242798,0.0,-0.012412109412252903,-3.0,-254.29397583007812,0.5,0.48026442527770996,0.009929687529802323,0.0235670767724514,0.25,-29.162010192871094,0.00010467288912993948,-0.0009432915830984712,0.0015051073169001648,0.0014269350795075297,0.0,-0.0,-0.017891911789774895,-3.900154013081192e-07,6.775982086537624e-08
9.74979567527771,5.0,3.081718683242798,0.0,-0.012412109412252903,-3.0,-254.29397583007812,0.5,0.48026442527770996,0.009929687529802323,0.0235670767724514,0.25,-29.162010192871094,0.00010339163970096168,-0.0009432915830984712,0.0015069614983269442,0.0014269350795075297,0.0,-0.0,-0.017891911789774895,-3.900154013081192e-07,6.775982086537624e-08
9.754662036895752,5.0,3.081718683242798,0.0,-0.012412109412252903,-3.0,-254.29397583007812,0.5,0.48026442527770996,0.009929687529802323,0.0235670767724514,0.25,-29.162010192871094,0.00010206435034934721,-0.0009432915830984712,0.0015088823071937151,0.0014269350795075297,0.0,-0.0,-0.017891911789774895,-3.900154013081192e-07,6.775982086537624e-08
9.759502649307251,5.0,3.081718683242798,0.0,-0.012412109412252903,-3.0,-254.29397583007812,0.5,0.48026442527770996,0.009929687529802323,0.0235670767724514,0.25,-29.162010192871094,0.00010074408403677889,-0.0009432915830984712,0.0015107929525526908,0.0014269350795075297,0.0,-0.0,-0.017891911789774895,-3.900154013081192e-07,6.775982086537624e-08
9.764034509658813,5.0,3.081718683242798,0.0,-0.012412109412252903,-3.0,-254.29397583007812,0.5,0.48026442527770996,0.009929687529802323,0.0235670767724514,0.25,-29.162010192871094,9.950802916462698e-05,-0.0009432915830984712,0.0015125817299246756,0.0014269350795075297,0.0,-0.0,-0.017891911789774895,-3.900154013081192e-07,6.775982086537624e-08
9.768694400787354,5.0,3.081718683242798,0.0,-0.012412109412252903,-3.0,-254.29397583007812,0.5,0.48026442527770996,0.009929687529802323,0.0235670767724514,0.25,-29.162010192871094,9.82370541816617e-05,-0.0009432915830984712,0.0015144210425159766,0.0014269350795075297,0.0,-0.0,-0.017891911789774895,-3.900154013081192e-07,6.775982086537624e-08
9.773267269134521,5.0,3.081718683242798,0.0,-0.012412109412252903,-3.0,-254.29397583007812,0.5,0.48026442527770996,0.009929687529802323,0.0235670767724514,0.25,-29.162010192871094,9.698981446954738e-05,-0.0009432915830984712,0.001516226006215191,0.0014269350795075297,0.0,-0.0,-0.017891911789774895,-3.900154013081192e-07,6.775982086537624e-08
9.778085231781006,5.0,3.0845701694488525,0.0,-0.012275390326976776,-3.0,-254.46702575683594,0.5,0.48050788044929504,0.009929687529802323,0.02335766889154911,0.25,-29.161283493041992,9.567572583021422e-05,-0.0009432915830984712,0.0015181277114515689,0.0014269350795075297,0.0,-0.0,-0.017891911789774895,-3.900154013081192e-07,6.775982086537624e-08
9.782805919647217,5.0,3.0845701694488525,0.0,-0.012275390326976776,-3.0,-254.46702575683594,0.5,0.48050788044929504,0.0069241435431470775,0.02335766889154911,0.25,-29.161283493041992,-0.0061645661238475214,-0.0007946872501634061,0.0009750337181366568,0.0014274119166657329,0.0,-0.0,-0.0011234419653192163,0.000272795936325565,3.239596537696343e-07
9.787614822387695,5.0,3.0845701694488525,0.0,-0.012275390326976776,-3.0,-254.46702575683594,0.5,0.48050788044929504,0.009820312261581421,0.02335766889154911,0.25,-29.161283493041992,0.00612734073756328,-0.0007946872501634061,0.0014926281292488562,0.0014274119166657329,0.0,-0.0,-0.0011234419653192163,0.000272795936325565,3.239596537696343e-07
9.792487621307373,5.0,3.0845701694488525,0.0,-0.012275390326976776,-3.0,-254.46702575683594,0.5,0.4807848632335663,0.009820312261581421,0.02335997298359871,0.25,-29.16050148010254,9.85016023303267e-05,9.477681487624068e-06,0.0008928363645751188,0.001486182096414268,0.0,-0.0,0.005482987500727177,-0.0003495139244478196,1.4795199376749224e-07
9.797718286514282,5.0,3.0845701694488525,0.0,-0.012275390326976776,-3.0,-254.46702575683594,0.5,0.4807848632335663,0.009820312261581421,0.02335997298359871,0.25,-29.16050148010254,0.00010181365127604879,9.477681487624068e-06,0.00146327298403645,0.001486182096414268,0.0,-0.0,0.005482987500727177,-0.0003495139244478196,1.4795199376749224e-07
9.802266597747803,5.0,3.1585545539855957,0.0,-0.008662109263241291,-3.0,-258.9519958496094,-0.15347780998619087,0.48090803623199463,-0.07251256880762787,0.023347770795226097,0.25,-29.1601505279541,-0.19077713327444326,9.477681487624068e-06,-0.35,0.001486182096414268,0.0,-0.0,0.005482987500727177,-0.0003495139244478196,1.4795199376749224e-07
9.806998252868652,5.0,3.1585545539855957,0.0,-0.008662109263241291,-3.0,-258.9519958496094,0.5,0.48090803623199463,0.006929687410593033,0.023347770795226097,0.25,-29.1601505279541,0.16764140935426877,-0.00031212245812639594,0.35,0.001453518751077354,0.0,1.421086826772916e-14,0.017743555828928947,-0.0023022156674414873,1.308416415213287e-07
9.811471462249756,5.0,3.163867235183716,0.0,-0.008408202789723873,-3.0,-259.2755126953125,0.5,0.480930358171463,0.0010504033068244028,0.023316632956266403,0.25,-29.145587921142578,-0.014031354964766951,-0.0007579355733469129,0.0013417172914114521,0.0008895396604202688,0.0,-1.6933594224610715e-06,0.10722995549440384,-0.17141792178153992,-0.0005646970821544528
9.816145658493042,5.0,3.163867235183716,0.0,-0.008408202789723873,-3.0,-259.2755126953125,0.5,0.480930358171463,0.006726562231779099,0.023316632956266403,0.25,-29.145587921142578,0.01186555199378678,-0.0007579355733469129,0.0013934013928149792,0.0008895396604202688,0.0,-1.6933594224610715e-06,0.10722995549440384,-0.17141792178153992,-0.0005646970821544528
9.820723295211792,5.0,3.163867235183716,0.0,-0.008408202789723873,-3.0,-259.2755126953125,0.5,0.480930358171463,0.006726562231779099,0.023316632956266403,0.25,-29.145587921142578,-0.0002795710977864976,-0.0007579355733469129,0.0013951472706679336,0.0008895396604202688,0.0,-1.6933594224610715e-06,0.10722995549440384,-0.17141792178153992,-0.0005646970821544528
9.825583934783936,5.0,3.16753888130188,0.0,-0.008242187090218067,-3.0,-259.4975280761719,0.5,0.48084911704063416,0.003178238255585451,0.023315662518143654,0.25,-29.07225799560547,-0.008005332064712482,-0.001397626823745668,0.0015738987421940339,-6.377696263371035e-05,0.0,-1.3880775441066362e-05,0.11104030162096024,-0.15803231298923492,-0.003275032388046384
9.830225944519043,5.0,3.16753888130188,0.0,-0.008242187090218067,-3.0,-259.4975280761719,0.5,0.48084911704063416,0.006593749672174454,0.023315662518143654,0.25,-29.07225799560547,0.007058926835407689,-0.002691390924155712,0.0014085358888611377,-0.00167083740234375,0.0,-8.957644604379311e-05,0.09652109444141388,-0.11343897134065628,-0.0074431318789720535
9.835210084915161,5.0,3.1735546588897705,0.0,-0.00795898400247097,-3.0,-259.8595275878906,0.5,0.4806526005268097,0.000685102323957164,0.02322450652718544,0.25,-28.994192123413086,-0.012671253378124216,-0.002691390924155712,0.0018283301378207249,-0.00167083740234375,0.0,-8.957644604379311e-05,0.09652109444141388,-0.11343897134065628,-0.0074431318789720535
9.84027647972107,5.0,3.1735546588897705,0.0,-0.00795898400247097,-3.0,-259.8595275878906,0.5,0.4806526005268097,0.006367187201976776,0.02322450652718544,0.25,-28.994192123413086,0.01089613706132311,-0.0033342777751386166,0.0014360069049095324,-0.002355337142944336,0.0,-0.00015048100613057613,0.0771833211183548,-0.07818705588579178,-0.008617616258561611
9.84481954574585,5.0,3.178359270095825,0.0,-0.007724609225988388,-3.0,-260.1492614746094,0.5,0.4803636372089386,0.0010207313981090002,0.023013366386294365,0.25,-28.962759017944336,-0.012240976308597886,-0.0033342777751386166,0.0021085202181644032,-0.002355337142944336,0.0,-0.00015048100613057613,0.0771833211183548,-0.07818705588579178,-0.008617616258561611
9.849798917770386,5.0,3.178359270095825,0.0,-0.007724609225988388,-3.0,-260.1492614746094,0.5,0.4803636372089386,0.006179687380790711,0.023013366386294365,0.25,-28.962759017944336,0.010040712053197723,-0.0038812903221696615,0.0014744222240178995,-0.0028474328573793173,0.0,-0.0002412131434539333,0.03499922528862953,-0.028826745226979256,-0.008698126301169395
9.85455584526062,5.0,3.1837499141693115,0.0,-0.00747070275247097,-3.0,-260.4732360839844,0.5,0.47991687059402466,0.0006389472385645873,0.022637998685240746,0.25,-28.950450897216797,-0.011800513296053146,-0.0038812903221696615,0.002469136457358181,-0.0028474328573793173,0.0,-0.0002412131434539333,0.03499922528862953,-0.028826745226979256,-0.008698126301169395
9.859118223190308,5.0,3.1837499141693115,0.0,-0.00747070275247097,-3.0,-260.4732360839844,0.5,0.47991687059402466,0.005976562201976777,0.022637998685240746,0.25,-28.950450897216797,0.011396307171530253,-0.003958521410822868,0.0015317774341420142,-0.0029072759207338095,0.0,-0.0002672933624126017,0.02221609279513359,-0.016275083646178246,-0.008471026085317135
9.863953828811646,5.0,3.1837499141693115,0.0,-0.00747070275247097,-3.0,-260.4732360839844,0.5,0.47991687059402466,0.005976562201976777,0.022637998685240746,0.25,-28.950450897216797,-0.0003044993163446759,-0.003958521410822868,0.0015337197160110061,-0.0029072759207338095,0.0,-0.0002672933624126017,0.02221609279513359,-0.016275083646178246,-0.008471026085317135
9.868478059768677,5.0,3.1904296875,0.0,-0.007158203050494194,-3.0,-260.87335205078125,0.5,0.4793111979961395,-0.0011806822370919968,0.022104796022176743,0.25,-28.94625473022461,-0.015742746006329716,-0.0037587855476886034,0.0029470029478133575,-0.0026955604553222656,0.0,-0.00036635895958170295,-0.029475942254066467,0.029419567435979843,-0.006195321679115295
9.87328028678894,5.0,3.1904296875,0.0,-0.007158203050494194,-3.0,-260.87335205078125,0.5,0.4793111979961395,0.005726562440395356,0.022104796022176743,0.25,-28.94625473022461,0.014109224724225801,-0.0033374736085534096,0.0016102594926070135,-0.00232088565826416,0.0,-0.00041514288750477135,-0.050835587084293365,0.04493360221385956,-0.004202913958579302
9.878178119659424,5.0,3.1958982944488525,0.0,-0.006923827808350325,-3.0,-261.20220947265625,0.5,0.47885215282440186,0.0007537776454779044,0.02169984206557274,0.25,-28.945228576660156,-0.010150614967900588,-0.0033374736085534096,0.00260465788173226,-0.00232088565826416,0.0,-0.00041514288750477135,-0.050835587084293365,0.04493360221385956,-0.004202913958579302
9.882821798324585,5.0,3.1958982944488525,0.0,-0.006923827808350325,-3.0,-261.20220947265625,0.5,0.47885215282440186,0.00553906224668026,0.02169984206557274,0.25,-28.945228576660156,0.010053290193021048,-0.002874083584174514,0.0016693805617711342,-0.0018779038218781352,0.0,-0.000443795055616647,-0.05404185503721237,0.05070933327078819,-0.0022472087293863297
9.887195110321045,5.0,3.200273275375366,0.0,-0.0067285154946148396,-3.0,-261.4620666503906,0.5,0.4785340130329132,0.0009168078231028736,0.02142172120511532,0.25,-28.945636749267578,-0.010708023461054737,-0.002874083584174514,0.0024368922265910692,-0.0018779038218781352,0.0,-0.000443795055616647,-0.05404185503721237,0.05070933327078819,-0.0022472087293863297
9.891852617263794,5.0,3.200273275375366,0.0,-0.0067285154946148396,-3.0,-261.4620666503906,0.5,0.4785340130329132,0.005382812395691872,0.02142172120511532,0.25,-28.945636749267578,0.00934851449291226,-0.0024586303625255823,0.0017114344455827954,-0.0014239548472687602,0.0,-0.00045349664287641644,-0.040264204144477844,0.048869937658309937,-0.0004161165270488709
9.896562337875366,5.0,3.200273275375366,0.0,-0.0067285154946148396,-3.0,-261.4620666503906,0.5,0.4785340130329132,0.005382812395691872,0.02142172120511532,0.25,-28.945636749267578,-0.00024182701870266617,-0.0024586303625255823,0.001713456421608128,-0.0014239548472687602,0.0,-0.00045349664287641644,-0.040264204144477844,0.048869937658309937,-0.0004161165270488709
9.901384353637695,5.0,3.206171751022339,0.0,-0.006464843638241291,-3.0,-261.820068359375,0.5,0.4781635105609894,-0.00029620875751574377,0.021095849573612213,0.25,-28.94761085510254,-0.011987744631992439,-0.002184857614338398,0.0025283786312199886,-0.0010176895884796977,0.0,-0.00045002775732427835,-0.026624567806720734,0.043562307953834534,0.0010635476792231202
9.906036376953125,5.0,3.206171751022339,0.0,-0.006464843638241291,-3.0,-261.820068359375,0.5,0.4781635105609894,0.005171874910593033,0.021095849573612213,0.25,-28.94761085510254,0.011522625655800759,-0.002184857614338398,0.0017620543133243126,-0.0010176895884796977,0.0,-0.00045002775732427835,-0.026624567806720734,0.043562307953834534,0.0010635476792231202
9.910762548446655,5.0,3.2114453315734863,0.0,-0.006230468396097422,-3.0,-262.13995361328125,0.5,0.477904736995697,2.5281665245994837e-05,0.020849185064435005,0.25,-28.950214385986328,-0.01118918839007058,-0.001997903222218156,0.0023427288297440487,-0.0006033182144165039,0.0,-0.00043043767800554633,-0.009767945855855942,0.033983275294303894,0.002377341268584132
9.915605545043945,5.0,3.2114453315734863,0.0,-0.006230468396097422,-3.0,-262.13995361328125,0.5,0.477904736995697,0.004984374716877938,0.020849185064435005,0.25,-28.950214385986328,0.010011735443515584,-0.001997903222218156,0.0017973358068733769,-0.0006033182144165039,0.0,-0.00043043767800554633,-0.009767945855855942,0.033983275294303894,0.002377341268584132
9.920326471328735,5.0,3.2157812118530273,0.0,-0.006035156082361937,-3.0,-262.40362548828125,0.5,0.4777311086654663,0.004984374716877938,0.020660914480686188,0.25,-28.95282745361328,-0.00022948277738270382,-0.001964879920706153,0.0017994220090311042,-0.0004339217848610133,0.0,-0.00041592182242311537,-0.0029239181894809008,0.028921302407979965,0.002817725297063589
9.924984216690063,5.0,3.2157812118530273,0.0,-0.006035156082361937,-3.0,-262.40362548828125,0.5,0.4777311086654663,0.0006348446716327935,0.020660914480686188,0.25,-28.95282745361328,-0.009664763323749423,-0.001964879920706153,0.002195105206688438,-0.0004339217848610133,0.0,-0.00041592182242311537,-0.0029239181894809008,0.028921302407979965,0.002817725297063589
9.92988133430481,5.0,3.2157812118530273,0.0,-0.006035156082361937,-3.0,-262.40362548828125,0.5,0.4777311086654663,0.00482812486588955,0.020660914480686188,0.25,-28.95282745361328,0.008333695134574357,-0.0019467707024887204,0.0018245129327654006,-0.0001925229880725965,0.0,-0.0003819481353275478,-0.0020017046481370926,0.018957462161779404,0.0032240385189652443
9.934524774551392,5.0,3.221914052963257,0.0,-0.005771484225988388,-3.0,-262.7764892578125,0.5,0.47752681374549866,-0.001061185600699329,0.020399058237671852,0.25,-28.95710563659668,-0.01302549258328934,-0.0019467707024887204,0.002291079952892634,-0.0001925229880725965,0.0,-0.0003819481353275478,-0.0020017046481370926,0.018957462161779404,0.0032240385189652443
9.939310073852539,5.0,3.221914052963257,0.0,-0.005771484225988388,-3.0,-262.7764892578125,0.5,0.47752681374549866,0.004617187380790711,0.020399058237671852,0.25,-28.95710563659668,0.01163983626724605,-0.001936117885634303,0.0018532661995615451,-5.185603731661104e-05,0.0,-0.000352054979884997,-0.0016814147820696235,0.01287542562931776,0.003230661852285266
9.944166421890259,5.0,3.227968692779541,0.0,-0.0055078123696148396,-3.0,-263.14227294921875,0.5,0.4773622453212738,-0.0010231767913079816,0.02014453336596489,0.25,-28.961631774902344,-0.011965113831299643,-0.001936117885634303,0.0022140859436760216,-5.185603731661104e-05,0.0,-0.000352054979884997,-0.0016814147820696235,0.01287542562931776,0.003230661852285266
9.948796033859253,5.0,3.227968692779541,0.0,-0.0055078123696148396,-3.0,-263.14227294921875,0.5,0.4773622453212738,0.0044062498956918715,0.02014453336596489,0.25,-28.961631774902344,0.011502873996770952,-0.0019228021847084165,0.0018773092271790115,4.0531158447265625e-05,0.0,-0.00032471262966282666,-0.0006708681466989219,0.00905577838420868,0.0029979476239532232
9.953297853469849,5.0,3.227968692779541,0.0,-0.0055078123696148396,-3.0,-263.14227294921875,0.5,0.4773622453212738,0.0044062498956918715,0.02014453336596489,0.25,-28.961631774902344,-0.0002261494026799982,-0.0019228021847084165,0.0018793474489380625,4.0531158447265625e-05,0.0,-0.00032471262966282666,-0.0006708681466989219,0.00905577838420868,0.0029979476239532232
9.957803964614868,5.0,3.2322654724121094,0.0,-0.0053125000558793545,-3.0,-263.4037170410156,0.5,0.47725731134414673,-8.438735609016777e-05,0.019963867962360382,0.25,-28.96501922607422,-0.010309878829805623,-0.0019148127175867558,0.002126859518220079,8.368492126464844e-05,0.0,-0.0003094371350016445,-0.0005163612077012658,0.007603089790791273,0.0027745580300688744
9.962266206741333,5.0,3.2322654724121094,0.0,-0.0053125000558793545,-3.0,-263.4037170410156,0.5,0.47725731134414673,0.004250000044703483,0.019963867962360382,0.25,-28.96501922607422,0.009487045542050217,-0.001941976952366531,0.001896018815517493,0.0001555681083118543,0.0,-0.0002837083302438259,0.0038089905865490437,0.006299558561295271,0.0021797611843794584
9.966896533966064,5.0,3.2383203506469727,0.0,-0.005048828199505806,-3.0,-263.773193359375,0.5,0.47712016105651855,-0.0016553914946407598,0.019707851111888885,0.25,-28.969970703125,-0.013107142953275693,-0.001941976952366531,0.002210795662557892,0.0001555681083118543,0.0,-0.0002837083302438259,0.0038089905865490437,0.006299558561295271,0.0021797611843794584
9.97154188156128,5.0,3.2383203506469727,0.0,-0.005048828199505806,-3.0,-263.773193359375,0.5,0.47712016105651855,0.004039062559604645,0.019707851111888885,0.25,-28.969970703125,0.012033949190105418,-0.0020005665719509125,0.001916721368952323,0.0002140998694812879,0.0,-0.0002664973435457796,0.004908889997750521,0.0063166371546685696,0.0016579681541770697
9.976174116134644,5.0,3.242812395095825,0.0,-0.0048632812686264515,-3.0,-264.04638671875,0.5,0.4770272374153137,-0.00011493489232514966,0.019513269886374474,0.25,-28.973651885986328,-0.009248931328097256,-0.0020005665719509125,0.0021306027029974056,0.0002140998694812879,0.0,-0.0002664973435457796,0.004908889997750521,0.0063166371546685696,0.0016579681541770697
9.980916023254395,5.0,3.242812395095825,0.0,-0.0048632812686264515,-3.0,-264.04638671875,0.5,0.4770272374153137,0.0038906250149011615,0.019513269886374474,0.25,-28.973651885986328,0.008224933518240657,-0.0020389158744364977,0.0019321792045279263,0.00027596947620622814,0.0,-0.0002540560672059655,0.00045341107761487365,0.006975146010518074,0.0011720308102667332
9.98568868637085,5.0,3.2480859756469727,0.0,-0.004648437257856131,-3.0,-264.3645935058594,0.5,0.4769275188446045,-0.0007828042638020173,0.019280623644590378,0.25,-28.97795295715332,-0.010061648083820953,-0.0020389158744364977,0.002155284733348278,0.00027596947620622814,0.0,-0.0002540560672059655,0.00045341107761487365,0.006975146010518074,0.0011720308102667332
9.99004602432251,5.0,3.2480859756469727,0.0,-0.004648437257856131,-3.0,-264.3645935058594,0.5,0.4769275188446045,0.0037187498062849047,0.019280623644590378,0.25,-28.97795295715332,0.010112778097785954,-0.0020325242076069117,0.0019483584685648903,0.0003162622160743922,0.0,-0.00024863527505658567,-0.0025085643865168095,0.007506274152547121,0.0009149255347438157
9.994441509246826,5.0,3.2480859756469727,0.0,-0.004648437257856131,-3.0,-264.3645935058594,0.5,0.4769275188446045,0.0037187498062849047,0.019280623644590378,0.25,-28.97795295715332,-0.00021956293505626806,-0.0020325242076069117,0.0019503867634265925,0.0003162622160743922,0.0,-0.00024863527505658567,-0.0025085643865168095,0.007506274152547121,0.0009149255347438157
9.999245166778564,5.0,3.253359317779541,0.0,-0.004433593712747097,-3.0,-264.6845397949219,0.5,0.47683656215667725,-0.0009256242387808812,0.019046081230044365,0.25,-28.982282638549805,-0.00993081555877729,-0.0020485036075115204,0.0021528757691723164,0.00040948388050310314,0.0,-0.0002420539385639131,0.00021223216026555747,0.008816100656986237,0.0005024875863455236
10.003936529159546,5.0,3.253359317779541,0.0,-0.004433593712747097,-3.0,-264.6845397949219,0.5,0.47683656215667725,0.0035468749701976776,0.019046081230044365,0.25,-28.982282638549805,0.009318060485235034,-0.0020485036075115204,0.0019657003120492496,0.00040948388050310314,0.0,-0.0002420539385639131,0.00021223216026555747,0.008816100656986237,0.0005024875863455236
10.008841514587402,5.0,3.258554697036743,0.0,-0.004228515550494194,-3.0,-264.9989929199219,0.5,0.4767603874206543,-0.0007982022694184784,0.018815411254763603,0.25,-28.986469268798828,-0.009099283841361383,-0.002010153606534004,0.0021324217163499323,0.0005112885846756399,0.0,-0.0002386132109677419,-0.0031945405062288046,0.009546259418129921,0.00023070078168530017
10.013603210449219,5.0,3.258554697036743,0.0,-0.004228515550494194,-3.0,-264.9989929199219,0.5,0.4767603874206543,0.0033828124403953554,0.018815411254763603,0.25,-28.986469268798828,0.008569699361907929,-0.002010153606534004,0.0019793342789340036,0.0005112885846756399,0.0,-0.0002386132109677419,-0.0031945405062288046,0.009546259418129921,0.00023070078168530017
10.018335819244385,5.0,3.263788938522339,0.0,-0.004023437388241291,-3.0,-265.3166809082031,0.5,0.4766964614391327,0.0033828124403953554,0.018587687984108925,0.25,-28.990646362304688,-0.00021227745038171768,-0.0019515642197802663,0.001981533958831789,0.0005997419357299805,0.0,-0.0002373954775976017,-0.007396073080599308,0.009787345305085182,0.00011343382357154042
10.023326635360718,5.0,3.263788938522339,0.0,-0.004023437388241291,-3.0,-265.3166809082031,0.5,0.4766964614391327,-0.0008903608535114913,0.018587687984108925,0.25,-28.990646362304688,-0.00880546425072926,-0.0019515642197802663,0.002119618380819112,0.0005997419357299805,0.0,-0.0002373954775976017,-0.007396073080599308,0.009787345305085182,0.00011343382357154042
10.0278799533844,5.0,3.263788938522339,0.0,-0.004023437388241291,-3.0,-265.3166809082031,0.5,0.4766964614391327,0.003218749910593033,0.018587687984108925,0.25,-28.990646362304688,0.008816449746165467,-0.0018674085149541497,0.0019936533185736204,0.0006763935089111328,0.0,-0.00023679361038375646,-0.011156982742249966,0.009630652144551277,9.224416862707585e-05
10.032243728637695,5.0,3.2691404819488525,0.0,-0.003808593610301614,-3.0,-265.6424560546875,0.5,0.476643443107605,-0.0018764716516019046,0.018363619223237038,0.25,-28.994869232177734,-0.011956989988935341,-0.0018674085149541497,0.0021235504496438734,0.0006763935089111328,0.0,-0.00023679361038375646,-0.011156982742249966,0.009630652144551277,9.224416862707585e-05
10.03695559501648,5.0,3.2691404819488525,0.0,-0.003808593610301614,-3.0,-265.6424560546875,0.5,0.476643443107605,0.003046874888241291,0.018363619223237038,0.25,-28.994869232177734,0.01024389600788619,-0.0017656758427619934,0.002004255033159239,0.0007627009763382375,0.0,-0.00023601713473908603,-0.012212151661515236,0.009313227608799934,0.00011676595750031993
10.04136323928833,5.0,3.2735936641693115,0.0,-0.0036328125279396772,-3.0,-265.9146728515625,0.5,0.4766108989715576,-0.0010818459200672547,0.01818900741636753,0.25,-28.998321533203125,-0.00965214616238345,-0.0017656758427619934,0.0020840578145358167,0.0007627009763382375,0.0,-0.00023601713473908603,-0.012212151661515236,0.009313227608799934,0.00011676595750031993
10.046114921569824,5.0,3.2735936641693115,0.0,-0.0036328125279396772,-3.0,-265.9146728515625,0.5,0.4766108989715576,0.002906250022351742,0.01818900741636753,0.25,-28.998321533203125,0.008189017617075392,-0.0016687364550307393,0.002012444897767096,0.0008296965970657766,0.0,-0.0002350253489566967,-0.013224098831415176,0.008921481668949127,0.00017165238386951387
10.05077314376831,5.0,3.2780468463897705,0.0,-0.0034667968284338713,-3.0,-266.1849060058594,0.5,0.4765877425670624,-0.0007904908436302191,0.01802746206521988,0.25,-29.00168800354004,-0.008219129706723461,-0.0016687364550307393,0.002067115676192969,0.0008296965970657766,0.0,-0.0002350253489566967,-0.013224098831415176,0.008921481668949127,0.00017165238386951387
10.055671215057373,5.0,3.2780468463897705,0.0,-0.0034667968284338713,-3.0,-266.1849060058594,0.5,0.4765877425670624,0.0027734374627470973,0.01802746206521988,0.25,-29.00168800354004,0.0070723862206022135,-0.0015441006980836391,0.002019698354371229,0.0009092091931961477,0.0,-0.0002330621355213225,-0.012533500790596008,0.008335226215422153,0.00026595243252813816
10.077595710754395,5.0,3.288828134536743,0.0,-0.0030664061196148396,-3.0,-266.84295654296875,0.5,0.4765644669532776,0.00062689949761612,0.01767577789723873,0.25,-29.00961685180664,-0.0012453113439942422,-0.0012836437672376633,0.0020433839324909817,0.0010908840922638774,0.0,-0.00022278168762568384,-0.019200852140784264,0.006586258765310049,0.0005418386426754296
10.082287073135376,5.0,3.293593645095825,0.0,-0.0028808594215661287,-3.0,-267.1336364746094,0.5,0.4765681028366089,-0.0016503831433005351,0.01753946579992771,0.25,-29.012985229492188,-0.0052490195790221615,-0.0012836437672376633,0.002026779752144346,0.0010908840922638774,0.0,-0.00022278168762568384,-0.019200852140784264,0.006586258765310049,0.0005418386426754296
10.086863994598389,5.0,3.293593645095825,0.0,-0.0028808594215661287,-3.0,-267.1336364746094,0.5,0.4765681028366089,0.002304687537252903,0.01753946579992771,0.25,-29.012985229492188,0.008429171780747789,-0.0010700580896809697,0.002036674836372725,0.0011430977610871196,0.0,-0.00021796060900669545,-0.028322115540504456,0.006074181292206049,0.0006100598257035017
10.091973543167114,5.0,3.2966015338897705,0.0,-0.002763671800494194,-3.0,-267.31610107421875,0.5,0.47657403349876404,-8.256499911983312e-05,0.017466096207499504,0.25,-29.015060424804688,-0.005020168158500948,-0.0010700580896809697,0.0020267500613149465,0.0011430977610871196,0.0,-0.00021796060900669545,-0.028322115540504456,0.006074181292206049,0.0006100598257035017
10.096618890762329,5.0,3.2966015338897705,0.0,-0.002763671800494194,-3.0,-267.31610107421875,0.5,0.47657403349876404,0.0022109374403953552,0.017466096207499504,0.25,-29.015060424804688,0.004719384616559066,-0.0006727144354954362,0.002040533514329297,0.0012032984523102641,0.0,-0.00021103104518260807,-0.04037313908338547,0.005501622799783945,0.0006642431835643947
10.101316690444946,5.0,3.2966015338897705,0.0,-0.002763671800494194,-3.0,-267.31610107421875,0.5,0.47657403349876404,0.0022109374403953552,0.017466096207499504,0.25,-29.015060424804688,-0.00021925176420828645,-0.0006727144354954362,0.0020427345242891868,0.0012032984523102641,0.0,-0.00021103104518260807,-0.04037313908338547,0.005501622799783945,0.0006642431835643947
10.106033325195312,5.0,3.303906202316284,0.0,-0.0024999999441206455,-3.0,-267.763427734375,0.5,0.47659850120544434,-0.003590253908500684,0.017341017723083496,0.25,-29.02003288269043,-0.012936602793537113,-0.0003062635369133204,0.0019901305784154537,0.0012494325637817383,0.0,-0.00020515827054623514,-0.042565710842609406,0.00515530863776803,0.0006863767048344016
10.11061406135559,5.0,3.303906202316284,0.0,-0.0024999999441206455,-3.0,-267.763427734375,0.5,0.47659850120544434,0.0019999999552965165,0.017341017723083496,0.25,-29.02003288269043,0.011970898084754527,-0.0003062635369133204,0.0020441498477707107,0.0012494325637817383,0.0,-0.00020515827054623514,-0.042565710842609406,0.00515530863776803,0.0006863767048344016
10.115481615066528,5.0,3.3091795444488525,0.0,-0.002314453013241291,-3.0,-268.0848083496094,0.5,0.47662553191185,-0.001960350963108966,0.017318857833743095,0.25,-29.02348518371582,-0.008798093246664338,6.430330540752038e-05,0.001987649267031118,0.001294970395974815,0.0,-0.00019880762556567788,-0.03547414392232895,0.00484601641073823,0.0006870476063340902
10.120566844940186,5.0,3.3091795444488525,0.0,-0.002314453013241291,-3.0,-268.0848083496094,0.5,0.47662553191185,0.0018515624105930328,0.017318857833743095,0.25,-29.02348518371582,0.007244511204743495,0.00022212382464203984,0.0020455589834477614,0.001320004346780479,0.0,-0.00019522749062161893,-0.02868780680000782,0.004684385843575001,0.0006787233287468553
10.125152349472046,5.0,3.311718702316284,0.0,-0.0022265624720603228,-3.0,-268.237060546875,0.5,0.4766407310962677,-0.00013545385658197094,0.017324943095445633,0.25,-29.02508544921875,-0.004838837688843538,0.00022212382464203984,0.00201273120694,0.001320004346780479,0.0,-0.00019522749062161893,-0.02868780680000782,0.004684385843575001,0.0006787233287468553
10.129760265350342,5.0,3.311718702316284,0.0,-0.0022265624720603228,-3.0,-268.237060546875,0.5,0.4766407310962677,0.0017812499776482583,0.017324943095445633,0.25,-29.02508544921875,0.0038958498902701023,0.00022212382464203984,0.0020480301129077528,0.001320004346780479,0.0,-0.00019522749062161893,-0.02868780680000782,0.004684385843575001,0.0006787233287468553
10.134535312652588,5.0,3.311718702316284,0.0,-0.0022265624720603228,-3.0,-268.237060546875,0.5,0.4766407310962677,0.0017812499776482583,0.017324943095445633,0.25,-29.02508544921875,-0.00026522401198368,0.0005463165580295026,0.002050260945186977,0.0013726948527619243,0.0,-0.00018753789481706917,-0.026515992358326912,0.004390647169202566,0.0006387003231793642
10.139233112335205,5.0,3.319101572036743,0.0,-0.0019726562313735485,-3.0,-268.6846008300781,0.5,0.47669264674186707,-0.0038266657220545315,0.017384056001901627,0.25,-29.02968978881836,-0.01301041538966499,0.000714540365152061,0.00193571037701759,0.0014045237330719829,0.0,-0.00018288145656697452,-0.02046595700085163,0.0042272284626960754,0.0006072375690564513
10.143929481506348,5.0,3.319101572036743,0.0,-0.0019726562313735485,-3.0,-268.6846008300781,0.5,0.47669264674186707,0.0015781249850988388,0.017384056001901627,0.25,-29.02968978881836,0.011208275119007205,0.000714540365152061,0.0020484101319558756,0.0014045237330719829,0.0,-0.00018288145656697452,-0.02046595700085163,0.0042272284626960754,0.0006072375690564513
10.148666858673096,5.0,3.3246874809265137,0.0,-0.0017578124534338713,-3.0,-269.0283508300781,0.5,0.47674089670181274,-0.003128828634069712,0.017471516504883766,0.25,-29.03309440612793,-0.010997849321269463,0.0008399337530136108,0.0019429743577677712,0.0014450548915192485,0.0,-0.00017713953275233507,-0.0047385068610310555,0.003982156049460173,0.000561663880944252
10.153135299682617,5.0,3.3246874809265137,0.0,-0.0017578124534338713,-3.0,-269.0283508300781,0.5,0.47674089670181274,0.0014062499627470971,0.017471516504883766,0.25,-29.03309440612793,0.0098144515148815,0.0008399337530136108,0.0020469025182805176,0.0014450548915192485,0.0,-0.00017713953275233507,-0.0047385068610310555,0.003982156049460173,0.000561663880944252
10.15790343284607,5.0,3.327265501022339,0.0,-0.001660156180150807,-3.0,-269.18798828125,0.5,0.4767654836177826,-0.0007199779493052758,0.01751815527677536,0.25,-29.03464126586914,-0.005154220677069182,0.0008450286695733666,0.0019946027154721995,0.0014657973079010844,0.0,-0.00017420895164832473,0.0014201320009306073,0.0038405766244977713,0.0005367962876334786
10.162575244903564,5.0,3.327265501022339,0.0,-0.001660156180150807,-3.0,-269.18798828125,0.5,0.4767654836177826,0.0013281249441206456,0.01751815527677536,0.25,-29.03464126586914,0.004031056732888151,0.0008450286695733666,0.0020483387396018024,0.0014657973079010844,0.0,-0.00017420895164832473,0.0014201320009306073,0.0038405766244977713,0.0005367962876334786
10.167251586914062,5.0,3.334218740463257,0.0,-0.0014062499394640326,-3.0,-269.610107421875,0.5,0.4768361449241638,-0.004304590957664525,0.017642198130488396,0.25,-29.038639068603516,-0.013356153803318059,0.0008447329164482653,0.0018909220216026493,0.0015126466751098633,0.0,-0.00016774647519923747,-0.00012140812759753317,0.0035440970677882433,0.00047982242540456355
10.171711683273315,5.0,3.334218740463257,0.0,-0.0014062499394640326,-3.0,-269.610107421875,0.5,0.4768361449241638,0.0011249999515712261,0.017642198130488396,0.25,-29.038639068603516,0.011778020011167515,0.0008447329164482653,0.00204409208552218,0.0015126466751098633,0.0,-0.00016774647519923747,-0.00012140812759753317,0.0035440970677882433,0.00047982242540456355
10.176440000534058,5.0,3.334218740463257,0.0,-0.0014062499394640326,-3.0,-269.610107421875,0.5,0.4768361449241638,0.0011249999515712261,0.017642198130488396,0.25,-29.038639068603516,-0.0003972495928536435,0.0008435846539214253,0.002046282606637788,0.001547813299112022,0.0,-0.00016303861048072577,0.002779476111754775,0.003301853546872735,0.00044226471800357103
10.181247472763062,5.0,3.340078115463257,0.0,-0.0011914062779396772,-3.0,-269.966552734375,0.5,0.4769026041030884,-0.00351582770977606,0.017747152596712112,0.25,-29.041900634765625,-0.010840466586846047,0.0008435846539214253,0.0019022868866004706,0.001547813299112022,0.0,-0.00016303861048072577,0.002779476111754775,0.003301853546872735,0.00044226471800357103
10.185749530792236,5.0,3.340078115463257,0.0,-0.0011914062779396772,-3.0,-269.966552734375,0.5,0.4769026041030884,0.0009531250223517419,0.017747152596712112,0.25,-29.041900634765625,0.009492440605329248,0.0008282230701297522,0.0020426080232865892,0.0015723705291748047,0.0,-0.0001597342052264139,0.0018323680851608515,0.003129159566015005,0.00041946046985685825
10.190396308898926,5.0,3.3427734375,0.0,-0.0010937500046566129,-3.0,-270.1306457519531,0.5,0.4769350290298462,-0.0012265910565941044,0.017794756218791008,0.25,-29.043371200561523,-0.005496327814988731,0.0008282230701297522,0.0019710812140803944,0.0015723705291748047,0.0,-0.0001597342052264139,0.0018323680851608515,0.003129159566015005,0.00041946046985685825
10.19521188735962,5.0,3.3427734375,0.0,-0.0010937500046566129,-3.0,-270.1306457519531,0.5,0.4769350290298462,0.0008750000037252904,0.017794756218791008,0.25,-29.043371200561523,0.003911640339842214,0.0008696661097928882,0.0020430820116663704,0.0016005038050934672,0.0,-0.00015585648361593485,-0.007283161859959364,0.002960806479677558,0.00039804496918804944
10.199846029281616,5.0,3.350234270095825,0.0,-0.0008105468587018549,-3.0,-270.58331298828125,0.5,0.4770296514034271,-0.00546279412229213,0.01792868599295616,0.25,-29.047313690185547,-0.015196597580198262,0.0008696661097928882,0.0018296709672804496,0.0016005038050934672,0.0,-0.00015585648361593485,-0.007283161859959364,0.002960806479677558,0.00039804496918804944
10.204541683197021,5.0,3.350234270095825,0.0,-0.0008105468587018549,-3.0,-270.58331298828125,0.5,0.4770296514034271,0.000648437486961484,0.01792868599295616,0.25,-29.047313690185547,0.012515094714246907,0.0009466339834034443,0.0020360135000910586,0.0016282795695587993,0.0,-0.0001520559162599966,-0.008202535100281239,0.0027716360054910183,0.0003825782332569361
10.209149599075317,5.0,3.350234270095825,0.0,-0.0008105468587018549,-3.0,-270.58331298828125,0.5,0.4770296514034271,0.000648437486961484,0.01792868599295616,0.25,-29.047313690185547,-0.0005011528861895197,0.0009466339834034443,0.002038130408771621,0.0016282795695587993,0.0,-0.0001520559162599966,-0.008202535100281239,0.0027716360054910183,0.0003825782332569361
10.2140371799469,5.0,3.355703115463257,0.0,-0.0006152343703433871,-3.0,-270.9147644042969,0.5,0.47710391879081726,-0.0035039098265149254,0.018037689849734306,0.25,-29.050094604492188,-0.009733353562002852,0.0009620994096621871,0.0018795052317436536,0.0016533135203644633,0.0,-0.00014837703201919794,0.0008016431820578873,0.002463859273120761,0.00037260731915012
10.218632221221924,5.0,3.355703115463257,0.0,-0.0006152343703433871,-3.0,-270.9147644042969,0.5,0.47710391879081726,0.0004921874962747097,0.018037689849734306,0.25,-29.050094604492188,0.008159841304102147,0.0009620994096621871,0.002033560620019699,0.0016533135203644633,0.0,-0.00014837703201919794,0.0008016431820578873,0.002463859273120761,0.00037260731915012
10.223531007766724,5.0,3.3591794967651367,0.0,-0.00048828125,-3.0,-271.1268005371094,0.5,0.47715336084365845,-0.002200896781616538,0.018108315765857697,0.25,-29.05183219909668,-0.006511958552593041,0.000949856243096292,0.001928938847200054,0.001666068914346397,0.0,-0.000146402875543572,0.0030561217572540045,0.0023473312612622976,0.0003689998993650079
10.228181838989258,5.0,3.3591794967651367,0.0,-0.00048828125,-3.0,-271.1268005371094,0.5,0.47715336084365845,0.000390625,0.018108315765857697,0.25,-29.05183219909668,0.005011167075090505,0.000949856243096292,0.002031991107102982,0.001666068914346397,0.0,-0.000146402875543572,0.0030561217572540045,0.0023473312612622976,0.0003689998993650079
10.23258638381958,5.0,3.3591794967651367,0.0,-0.00048828125,-3.0,-271.1268005371094,0.5,0.47715336084365845,0.000390625,0.018108315765857697,0.25,-29.05183219909668,-0.000562562746730326,0.0009288195287808776,0.002034003688030708,0.0016949176788330078,0.0,-0.00014154345262795687,0.001243271050043404,0.0020894641056656837,0.00036385745625011623
10.23713207244873,5.0,3.3664844036102295,0.0,-0.00022460936452262104,-3.0,-271.5700378417969,0.5,0.47726061940193176,-0.005620795273226719,0.018252285197377205,0.25,-29.055368423461914,-0.014844539905298871,0.0009288195287808776,0.0017872433071073996,0.0016949176788330078,0.0,-0.00014154345262795687,0.001243271050043404,0.0020894641056656837,0.00036385745625011623
10.241830587387085,5.0,3.3664844036102295,0.0,-0.00022460936452262104,-3.0,-271.5700378417969,0.5,0.47726061940193176,0.00017968749161809683,0.018252285197377205,0.25,-29.055368423461914,0.011736333200707477,0.0009309928282164037,0.00202533681030286,0.0017144678859040141,0.0,-0.00013802509056404233,-0.0009706729324534535,0.001974829938262701,0.00036160205490887165
10.246386289596558,5.0,3.371953010559082,0.0,0.0,-3.0,-271.9046325683594,0.5,0.4773452579975128,-0.004930290747617163,0.018359841778874397,0.25,-29.05794334411621,-0.012690003020786874,0.0009309928282164037,0.0018314582858015285,0.0017144678859040141,0.0,-0.00013802509056404233,-0.0009706729324534535,0.001974829938262701,0.00036160205490887165
10.250972747802734,5.0,3.371953010559082,0.0,0.0,-3.0,-271.9046325683594,0.5,0.4773452579975128,0.0,0.018359841778874397,0.25,-29.05794334411621,0.010102373234666348,0.000884084845893085,0.0020193224445443714,0.0017321108607575297,0.0,-0.0001345252530882135,0.006736627779901028,0.001729962881654501,0.00035937485517933965
10.25561785697937,5.0,3.3747265338897705,0.0,0.00010742187441792339,-3.0,-272.0726013183594,0.5,0.47738873958587646,-0.0023985176851248216,0.01841273158788681,0.25,-29.059206008911133,-0.006220792832726535,0.000884084845893085,0.0019225980420617941,0.0017321108607575297,0.0,-0.0001345252530882135,0.006736627779901028,0.001729962881654501,0.00035937485517933965
10.26028299331665,5.0,3.3747265338897705,0.0,0.00010742187441792339,-3.0,-272.0726013183594,0.5,0.47738873958587646,-8.593749953433871e-05,0.01841273158788681,0.25,-29.059206008911133,0.0042895401551390905,0.0008508452447131276,0.002018314981657425,0.0017470120219513774,0.0,-0.00013119043433107436,0.0013261715648695827,0.0015645638341084123,0.0003562777128536254
10.264893293380737,5.0,3.3818750381469727,0.0,0.00039062497671693563,-3.0,-272.51031494140625,0.5,0.4775046110153198,-8.593749953433871e-05,0.018543042242527008,0.25,-29.062416076660156,-0.0006693200907087341,0.0008508452447131276,0.0020203998755641515,0.0017470120219513774,0.0,-0.00013119043433107436,0.0013261715648695827,0.0015645638341084123,0.0003562777128536254
10.269679546356201,5.0,3.3818750381469727,0.0,0.00039062497671693563,-3.0,-272.51031494140625,0.5,0.4775046110153198,-0.006229510715048051,0.018543042242527008,0.25,-29.062416076660156,-0.014532690118011355,0.0008461958495900035,0.0017665565220592698,0.0017582176951691508,0.0,-0.00012850291386712343,-0.00029729166999459267,0.0014617441920563579,0.0003530602843966335
10.274592161178589,5.0,3.3818750381469727,0.0,0.00039062497671693563,-3.0,-272.51031494140625,0.5,0.4775046110153198,-0.00031249998137354855,0.018543042242527008,0.25,-29.062416076660156,0.011328155220363484,0.0008461958495900035,0.0020108589001074217,0.0017582176951691508,0.0,-0.00012850291386712343,-0.00029729166999459267,0.0014617441920563579,0.0003530602843966335
10.279556274414062,5.0,3.387343645095825,0.0,0.0006054687546566129,-3.0,-272.84423828125,0.5,0.4775955379009247,-0.004812313705937,0.018641246482729912,0.25,-29.064781188964844,-0.010532975777507817,0.0008617088315077126,0.0018190036038576898,0.0017721651820465922,0.0,-0.00012509990483522415,-0.0005471374024637043,0.00138915388379246,0.0003476603014860302
10.28433084487915,5.0,3.387343645095825,0.0,0.0006054687546566129,-3.0,-272.84423828125,0.5,0.4775955379009247,-0.0004843750037252903,0.018641246482729912,0.25,-29.064781188964844,0.008311628187288944,0.0008617088315077126,0.002004311473232121,0.0017721651820465922,0.0,-0.00012509990483522415,-0.0005471374024637043,0.00138915388379246,0.0003476603014860302
10.289149761199951,5.0,3.390702962875366,0.0,0.000732421875,-3.0,-273.0492858886719,0.5,0.47765234112739563,-0.003220411972930685,0.01870195008814335,0.25,-29.066198348999023,-0.006894326072751597,0.0008551214705221355,0.0018817733965236945,0.0017811058787629008,0.0,-0.00012266036355867982,-0.0001585180580150336,0.001296014990657568,0.00034292993950657547
10.29381799697876,5.0,3.390702962875366,0.0,0.000732421875,-3.0,-273.0492858886719,0.5,0.47765234112739563,-0.0005859375000000001,0.01870195008814335,0.25,-29.066198348999023,0.0048670861439776125,0.0008551214705221355,0.002001735398831499,0.0017811058787629008,0.0,-0.00012266036355867982,-0.0001585180580150336,0.001296014990657568,0.00034292993950657547
10.298402070999146,5.0,3.3978514671325684,0.0,0.001015624962747097,-3.0,-273.4852294921875,0.5,0.47777506709098816,-0.006990478041399633,0.018834156915545464,0.25,-29.06912612915039,-0.015822785923974663,0.0009004061575978994,0.0017213234243466289,0.0017927883891388774,0.0,-0.00011942327546421438,-0.007045613136142492,0.0012083094334229827,0.0003350401821080595
10.302769660949707,5.0,3.3978514671325684,0.0,0.001015624962747097,-3.0,-273.4852294921875,0.5,0.47777506709098816,-0.0008124999701976777,0.018834156915545464,0.25,-29.06912612915039,0.013321595671886835,0.0009692769963294268,0.0019909872858239618,0.0018035172251984477,0.0,-0.00011648285726550967,-0.008890748955309391,0.001128028379753232,0.0003271313617005944
10.307356834411621,5.0,3.3978514671325684,0.0,0.001015624962747097,-3.0,-273.4852294921875,0.5,0.47777506709098816,-0.0008124999701976777,0.018834156915545464,0.25,-29.06912612915039,-0.0008252573488125078,0.0009692769963294268,0.0019930262782726226,0.0018035172251984477,0.0,-0.00011648285726550967,-0.008890748955309391,0.001128028379753232,0.0003271313617005944
10.311983108520508,5.0,3.403007745742798,0.0,0.0012109375093132257,-3.0,-273.7987976074219,0.5,0.4778650999069214,-0.005190560950104158,0.018939368426799774,0.25,-29.07115936279297,-0.011056375147998666,0.0009692769963294268,0.0017896584469813388,0.0018035172251984477,0.0,-0.00011648285726550967,-0.008890748955309391,0.001128028379753232,0.0003271313617005944
10.316498279571533,5.0,3.403007745742798,0.0,0.0012109375093132257,-3.0,-273.7987976074219,0.5,0.4778650999069214,-0.0009687500074505806,0.018939368426799774,0.25,-29.07115936279297,0.008489615942036077,0.0010281023569405079,0.001986269239867055,0.0018141268519684672,0.0,-0.00011295657168375328,-0.0057842000387609005,0.0009306068532168865,0.0003165622765664011
10.321285009384155,5.0,3.407109260559082,0.0,0.0013671874767169356,-3.0,-274.0508117675781,0.5,0.4779382646083832,-0.004357982004490797,0.019028615206480026,0.25,-29.07275390625,-0.00854724057624161,0.0010539432987570763,0.0018267525157922198,0.0018184183863922954,0.0,-0.00011136843386339024,-0.004142360296100378,0.00087543367408216,0.00031152242445386946
10.325923204421997,5.0,3.407109260559082,0.0,0.0013671874767169356,-3.0,-274.0508117675781,0.5,0.4779382646083832,-0.0010937499813735486,0.019028615206480026,0.25,-29.07275390625,0.006147242199838499,0.0010539432987570763,0.0019816480796543768,0.0018184183863922954,0.0,-0.00011136843386339024,-0.004142360296100378,0.00087543367408216,0.00031152242445386946
10.330627679824829,5.0,3.407109260559082,0.0,0.0013671874767169356,-3.0,-274.0508117675781,0.5,0.4779382646083832,-0.0010937499813735486,0.019028615206480026,0.25,-29.07275390625,-0.0008923715885874178,0.0010539432987570763,0.0019837238574842496,0.0018184183863922954,0.0,-0.00011136843386339024,-0.004142360296100378,0.00087543367408216,0.00031152242445386946
10.33492374420166,5.0,3.413203001022339,0.0,0.0016113281017169356,-3.0,-274.4208679199219,0.5,0.478046715259552,-0.0069719527638531535,0.019159609451889992,0.25,-29.075023651123047,-0.015603399678519541,0.0009305990533903241,0.0017201541669162952,0.0018270014552399516,0.0,-0.00010750106594059616,0.016865676268935204,0.0005440643872134387,0.0002986089384648949
10.339465141296387,5.0,3.413203001022339,0.0,0.0016113281017169356,-3.0,-274.4208679199219,0.5,0.478046715259552,-0.0012890624813735486,0.019159609451889992,0.25,-29.075023651123047,0.01157789772089935,0.0007826301152817905,0.0019745900055053475,0.0018306969432160258,0.0,-0.00010533425665926188,0.02193022519350052,0.0004757075512316078,0.0002913550997618586
10.344164371490479,5.0,3.418398380279541,0.0,0.0018066405318677425,-3.0,-274.7363586425781,0.5,0.4781399071216583,-0.005601576793993687,0.01925080642104149,0.25,-29.076900482177734,-0.010837545417145116,0.0007826301152817905,0.0017671484551561166,0.0018306969432160258,0.0,-0.00010533425665926188,0.02193022519350052,0.0004757075512316078,0.0002913550997618586
10.348718404769897,5.0,3.418398380279541,0.0,0.0018066405318677425,-3.0,-274.7363586425781,0.5,0.4781399071216583,-0.0014453124254941942,0.01925080642104149,0.25,-29.076900482177734,0.008157011510404582,0.000508159922901541,0.001967452526031763,0.001833915594033897,0.0,-0.00010268247569911182,0.03214351832866669,0.0003084421914536506,0.0002825389674399048
10.353845834732056,5.0,3.4227733612060547,0.0,0.0019726562313735485,-3.0,-275.00262451171875,0.5,0.4782188832759857,-0.004815920542152684,0.0193033404648304,0.25,-29.078441619873047,-0.008058932169390208,0.000508159922901541,0.0018061822272991892,0.001833915594033897,0.0,-0.00010268247569911182,0.03214351832866669,0.0003084421914536506,0.0002825389674399048
10.358713388442993,5.0,3.4227733612060547,0.0,0.0019726562313735485,-3.0,-275.00262451171875,0.5,0.4782188832759857,-0.0015781249850988388,0.0193033404648304,0.25,-29.078441619873047,0.005655498975830074,0.00031723271240480244,0.0019623294256332423,0.001835465314798057,0.0,-0.00010117833153344691,0.037336315959692,0.00019672999042086303,0.000277645856840536
10.363259553909302,5.0,3.4227733612060547,0.0,0.0019726562313735485,-3.0,-275.00262451171875,0.5,0.4782188832759857,-0.0015781249850988388,0.0193033404648304,0.25,-29.078441619873047,-0.0009981917874313615,0.00031723271240480244,0.0019643098368466094,0.001835465314798057,0.0,-0.00010117833153344691,0.037336315959692,0.00019672999042086303,0.000277645856840536
10.368075609207153,5.0,3.428828001022339,0.0,0.0022070312406867743,-3.0,-275.37335205078125,0.5,0.47832900285720825,-0.0066321598393934795,0.019333072006702423,0.25,-29.080535888671875,-0.012166616898634767,-7.669904880458489e-05,0.0017245318714128805,0.0018374919891357422,0.0,-9.771968325367197e-05,0.028092455118894577,0.000143625438795425,0.00026654350222088397
10.372912645339966,5.0,3.428828001022339,0.0,0.0022070312406867743,-3.0,-275.37335205078125,0.5,0.47832900285720825,-0.0017656249925494195,0.019333072006702423,0.25,-29.080535888671875,0.009032183425272015,-7.669904880458489e-05,0.0019552793294361657,0.0018374919891357422,0.0,-9.771968325367197e-05,0.028092455118894577,0.000143625438795425,0.00026654350222088397
10.377715349197388,5.0,3.434218645095825,0.0,0.0024218750186264515,-3.0,-275.6980895996094,0.5,0.47842562198638916,-0.006410892177269608,0.01931672729551792,0.25,-29.08231544494629,-0.011224902892392724,-0.00029188249027356505,0.001744580811913343,0.0018385647563263774,0.0,-9.53264461713843e-05,0.022573456168174744,0.00015173325664363801,0.00025945386732928455
10.382346391677856,5.0,3.434218645095825,0.0,0.0024218750186264515,-3.0,-275.6980895996094,0.5,0.47842562198638916,-0.0019375000149011612,0.01931672729551792,0.25,-29.08231544494629,0.008607674060016841,-0.00029188249027356505,0.0019477555781260204,0.0018385647563263774,0.0,-9.53264461713843e-05,0.022573456168174744,0.00015173325664363801,0.00025945386732928455
10.386918306350708,5.0,3.4386327266693115,0.0,0.002597656100988388,-3.0,-275.969482421875,0.5,0.4785064160823822,-0.005922927221607356,0.019281085580587387,0.25,-29.083759307861328,-0.010167421124692934,-0.00047617321251891553,0.0017633073295400985,0.0018402336863800883,0.0,-9.294342453358695e-05,0.01657829061150551,0.00012727754074148834,0.000252777332207188
10.391656160354614,5.0,3.4386327266693115,0.0,0.002597656100988388,-3.0,-275.969482421875,0.5,0.4785064160823822,-0.0020781248807907105,0.019281085580587387,0.25,-29.083759307861328,0.007046239707931347,-0.00047617321251891553,0.0019420622924930051,0.0018402336863800883,0.0,-9.294342453358695e-05,0.01657829061150551,0.00012727754074148834,0.000252777332207188
10.396366834640503,5.0,3.4386327266693115,0.0,0.002597656100988388,-3.0,-275.969482421875,0.5,0.4785064160823822,-0.0020781248807907105,0.019281085580587387,0.25,-29.083759307861328,-0.0010708439931895928,-0.0006588661344721913,0.0019440872779544513,0.0018402336863800883,0.0,-9.07031717360951e-05,0.02182593196630478,-1.9779679860221222e-05,0.00024653051514178514
10.401140451431274,5.0,3.4448437690734863,0.0,0.0028515623416751623,-3.0,-276.34674072265625,0.5,0.47861871123313904,-0.007600198834170716,0.01920597441494465,0.25,-29.085710525512695,-0.01313759606690088,-0.0006588661344721913,0.0016974119468030537,0.0018402336863800883,0.0,-9.07031717360951e-05,0.02182593196630478,-1.9779679860221222e-05,0.00024653051514178514
10.405922889709473,5.0,3.4448437690734863,0.0,0.0028515623416751623,-3.0,-276.34674072265625,0.5,0.47861871123313904,-0.0022812498733401298,0.01920597441494465,0.25,-29.085710525512695,0.010031014910871114,-0.0008990830392576754,0.0019346982753216647,0.0018397567328065634,0.0,-8.809341670712456e-05,0.020919956266880035,-5.4656720749335364e-05,0.00023977473028935492
10.410557746887207,5.0,3.4499218463897705,0.0,0.003037109272554517,-3.0,-276.65545654296875,0.5,0.4787103831768036,-0.006432980804746288,0.01911441795527935,0.25,-29.087255477905273,-0.010340494639473721,-0.0008990830392576754,0.001727883062905181,0.0018397567328065634,0.0,-8.809341670712456e-05,0.020919956266880035,-5.4656720749335364e-05,0.00023977473028935492
10.415231943130493,5.0,3.4499218463897705,0.0,0.003037109272554517,-3.0,-276.65545654296875,0.5,0.4787103831768036,-0.0024296874180436134,0.01911441795527935,0.25,-29.087255477905273,0.0074626388483673145,-0.0011057443916797638,0.001927661365688322,0.0018385647563263774,0.0,-8.595098915975541e-05,0.02218119241297245,-0.00011078752140747383,0.00023428237182088196
10.419855117797852,5.0,3.4544529914855957,0.0,0.003212890587747097,-3.0,-276.92901611328125,0.5,0.4787915050983429,-0.006372490147664028,0.019011974334716797,0.25,-29.08858871459961,-0.009871975838635846,-0.0011057443916797638,0.0017444197460120044,0.0018385647563263774,0.0,-8.595098915975541e-05,0.02218119241297245,-0.00011078752140747383,0.00023428237182088196
10.424251794815063,5.0,3.4544529914855957,0.0,0.003212890587747097,-3.0,-276.92901611328125,0.5,0.4787915050983429,-0.0025703124701976776,0.019011974334716797,0.25,-29.08858871459961,0.0075369891866752005,-0.0012005530297756195,0.0019217526846729235,0.0018380879191681743,0.0,-8.498650277033448e-05,0.023199664428830147,-0.0001527823624201119,0.00023181759752333164
10.428907871246338,5.0,3.4544529914855957,0.0,0.003212890587747097,-3.0,-276.92901611328125,0.5,0.4787915050983429,-0.0025703124701976776,0.019011974334716797,0.25,-29.08858871459961,-0.0011128645459739968,-0.0012005530297756195,0.0019237276521380116,0.0018380879191681743,0.0,-8.498650277033448e-05,0.023199664428830147,-0.0001527823624201119,0.00023181759752333164
10.433703184127808,5.0,3.4599609375,0.0,0.00341796875,-3.0,-277.26397705078125,0.5,0.4788903594017029,-0.0070110127778054004,0.018859023228287697,0.25,-29.090179443359375,-0.010571417648339309,-0.0015952333342283964,0.0017077419172374657,0.0018343925476074219,0.0,-8.196506678359583e-05,0.030574962496757507,-0.0003326993901282549,0.00022416502179112285
10.438364744186401,5.0,3.4599609375,0.0,0.00341796875,-3.0,-277.26397705078125,0.5,0.4788903594017029,-0.0027343750000000003,0.018859023228287697,0.25,-29.090179443359375,0.008055570765717134,-0.0015952333342283964,0.0019158577595137839,0.0018343925476074219,0.0,-8.196506678359583e-05,0.030574962496757507,-0.0003326993901282549,0.00022416502179112285
10.44313097000122,5.0,3.465937376022339,0.0,0.0036523437593132257,-3.0,-277.6291198730469,0.5,0.47899749875068665,-0.007839288038627112,0.018643084913492203,0.25,-29.091859817504883,-0.011965432592411495,-0.001832254696637392,0.0016802144360136342,0.001831173780374229,0.0,-7.999828812899068e-05,0.025476444512605667,-0.00030275838798843324,0.0002191613893955946
10.447813749313354,5.0,3.465937376022339,0.0,0.0036523437593132257,-3.0,-277.6291198730469,0.5,0.47899749875068665,-0.002921875007450581,0.018643084913492203,0.25,-29.091859817504883,0.009381232842969885,-0.001832254696637392,0.0019069700924754037,0.001831173780374229,0.0,-7.999828812899068e-05,0.025476444512605667,-0.00030275838798843324,0.0002191613893955946
10.45240068435669,5.0,3.47027325630188,0.0,0.003818359225988388,-3.0,-277.8948669433594,0.5,0.47907501459121704,-0.006673998862351602,0.018461063504219055,0.25,-29.093046188354492,-0.00933374002108527,-0.001998968655243516,0.0017305951514520594,0.0018296240596100688,0.0,-7.84027943154797e-05,0.019033823162317276,-0.0002674959250725806,0.00021512675448320806
10.45717453956604,5.0,3.47027325630188,0.0,0.003818359225988388,-3.0,-277.8948669433594,0.5,0.47907501459121704,-0.0030546873807907105,0.018461063504219055,0.25,-29.093046188354492,0.006463248825199488,-0.0020943095441907644,0.001901585679600799,0.0018280743388459086,0.0,-7.725277100689709e-05,0.017601583153009415,-0.00028865004424005747,0.00021220292546786368
10.461662530899048,5.0,3.47027325630188,0.0,0.003818359225988388,-3.0,-277.8948669433594,0.5,0.47907501459121704,-0.0030546873807907105,0.018461063504219055,0.25,-29.093046188354492,-0.0011202099803599807,-0.0020943095441907644,0.0019034639026639577,0.0018280743388459086,0.0,-7.725277100689709e-05,0.017601583153009415,-0.00028865004424005747,0.00021220292546786368
10.466105699539185,5.0,3.47613263130188,0.0,0.0040429686196148396,-3.0,-278.24847412109375,0.5,0.4791775643825531,-0.008289537366849845,0.01819542795419693,0.25,-29.094581604003906,-0.012902812154683361,-0.002345711924135685,0.0016622049955960481,0.0018231867579743266,0.0,-7.463528163498268e-05,0.018941091373562813,-0.0003725431743077934,0.0002052787458524108
10.470564365386963,5.0,3.47613263130188,0.0,0.0040429686196148396,-3.0,-278.24847412109375,0.5,0.4791775643825531,-0.0032343748956918717,0.01819542795419693,0.25,-29.094581604003906,0.010223675845975534,-0.002345711924135685,0.001894865085213666,0.0018231867579743266,0.0,-7.463528163498268e-05,0.018941091373562813,-0.0003725431743077934,0.0002052787458524108
10.47495722770691,5.0,3.481679677963257,0.0,0.0042578126303851604,-3.0,-278.5846862792969,0.5,0.4792744219303131,-0.008297002309192798,0.017914490774273872,0.25,-29.09599494934082,-0.012575402094534064,-0.0025012409314513206,0.00166457460494457,0.0018199681071564555,0.0,-7.271243521245196e-05,0.016347847878932953,-0.0003215735487174243,0.00020012840104755014
10.48002290725708,5.0,3.481679677963257,0.0,0.0042578126303851604,-3.0,-278.5846862792969,0.5,0.4792744219303131,-0.0034062501043081285,0.017914490774273872,0.25,-29.09599494934082,0.008549145143739282,-0.0025012409314513206,0.0018871628544415552,0.0018199681071564555,0.0,-7.271243521245196e-05,0.016347847878932953,-0.0003215735487174243,0.00020012840104755014
10.484776258468628,5.0,3.4867968559265137,0.0,0.004443359095603228,-3.0,-278.8985595703125,0.5,0.47936418652534485,-0.007458174668015913,0.017631739377975464,0.25,-29.09727668762207,-0.009489729236928878,-0.0026594321243464947,0.0016895080271042307,0.0018167494563385844,0.0,-7.092238229233772e-05,0.01931288093328476,-0.0003804805164691061,0.00019512654398567975
10.489346504211426,5.0,3.4867968559265137,0.0,0.004443359095603228,-3.0,-278.8985595703125,0.5,0.47936418652534485,-0.0035546872764825824,0.017631739377975464,0.25,-29.09727668762207,0.007447348322327988,-0.0026594321243464947,0.0018802391031910014,0.0018167494563385844,0.0,-7.092238229233772e-05,0.01931288093328476,-0.0003804805164691061,0.00019512654398567975
10.493966817855835,5.0,3.4867968559265137,0.0,0.004443359095603228,-3.0,-278.8985595703125,0.5,0.47936418652534485,-0.0035546872764825824,0.017631739377975464,0.25,-29.09727668762207,-0.0010956980587841479,-0.0028911277186125517,0.0018821459818022098,0.0018124579219147563,0.0,-6.905708141857758e-05,0.025642506778240204,-0.0005169986980035901,0.00018985829956363887
10.498658895492554,5.0,3.491328001022339,0.0,0.004609374795109034,-3.0,-279.17333984375,0.5,0.47944238781929016,-0.007225712806107553,0.017367549240589142,0.25,-29.098373413085938,-0.00876765102992085,-0.0028911277186125517,0.0017080243181096545,0.0018124579219147563,0.0,-6.905708141857758e-05,0.025642506778240204,-0.0005169986980035901,0.00018985829956363887
10.50333547592163,5.0,3.491328001022339,0.0,0.004609374795109034,-3.0,-279.17333984375,0.5,0.47944238781929016,-0.003687499836087227,0.017367549240589142,0.25,-29.098373413085938,0.006481602361190627,-0.003114300314337015,0.0018766137713121787,0.001807689550332725,0.0,-6.734017370035872e-05,0.022303104400634766,-0.0005040183896198869,0.00018510282097849995
10.508017539978027,5.0,3.4974217414855957,0.0,0.004833984188735485,-3.0,-279.54425048828125,0.5,0.4795468747615814,-0.008664417609288624,0.016970258206129074,0.25,-29.099803924560547,-0.01141737894027265,-0.003114300314337015,0.001642826321740032,0.001807689550332725,0.0,-6.734017370035872e-05,0.022303104400634766,-0.0005040183896198869,0.00018510282097849995
10.512722969055176,5.0,3.4974217414855957,0.0,0.004833984188735485,-3.0,-279.54425048828125,0.5,0.4795468747615814,-0.0038671873509883883,0.016970258206129074,0.25,-29.099803924560547,0.009132637345900668,-0.003294330323114991,0.0018679154096919316,0.0018035172251984477,0.0,-6.569641845999286e-05,0.017003512009978294,-0.0004475816967897117,0.0001806036161724478
10.517418146133423,5.0,3.4974217414855957,0.0,0.004833984188735485,-3.0,-279.54425048828125,0.5,0.4795468747615814,-0.0038671873509883883,0.016970258206129074,0.25,-29.099803924560547,-0.0010644156658734423,-0.003294330323114991,0.0018698360305878904,0.0018035172251984477,0.0,-6.569641845999286e-05,0.017003512009978294,-0.0004475816967897117,0.0001806036161724478
10.521904706954956,5.0,3.5018749237060547,0.0,0.004999999888241291,-3.0,-279.81488037109375,0.5,0.4796224534511566,-0.00770028853053139,0.016658948734402657,0.25,-29.10081672668457,-0.009338863094860953,-0.003380616195499897,0.001694139356006742,0.0018002985743805766,0.0,-6.438623677240685e-05,0.009137328714132309,-0.0003800584527198225,0.0001771000534063205
10.526476383209229,5.0,3.5018749237060547,0.0,0.004999999888241291,-3.0,-279.81488037109375,0.5,0.4796224534511566,-0.003999999910593033,0.016658948734402657,0.25,-29.10081672668457,0.007046872080348747,-0.003380616195499897,0.0018644582807921205,0.0018002985743805766,0.0,-6.438623677240685e-05,0.009137328714132309,-0.0003800584527198225,0.0001771000534063205
10.530911684036255,5.0,3.507265567779541,0.0,0.005175780970603228,-3.0,-280.1432800292969,0.5,0.47971364855766296,-0.008103852733666907,0.016270432621240616,0.25,-29.102012634277344,-0.00987181447539332,-0.00335238641127944,0.0016497023913731213,0.0017982720164582133,0.0,-6.240532820811495e-05,-0.005377312656491995,-0.00016806619532871991,0.0001714655227260664
10.535870552062988,5.0,3.507265567779541,0.0,0.005175780970603228,-3.0,-280.1432800292969,0.5,0.47971364855766296,-0.004140624776482582,0.016270432621240616,0.25,-29.102012634277344,0.0069706926780240715,-0.00335238641127944,0.0018573263362288794,0.0017982720164582133,0.0,-6.240532820811495e-05,-0.005377312656491995,-0.00016806619532871991,0.0001714655227260664
10.540457248687744,5.0,3.507265567779541,0.0,0.005175780970603228,-3.0,-280.1432800292969,0.5,0.47971364855766296,-0.004140624776482582,0.016270432621240616,0.25,-29.102012634277344,-0.0010233826383561676,-0.00335238641127944,0.001859187283022663,0.0017982720164582133,0.0,-6.240532820811495e-05,-0.005377312656491995,-0.00016806619532871991,0.0001714655227260664
10.545093536376953,5.0,3.51324200630188,0.0,0.005380859132856131,-3.0,-280.5080261230469,0.5,0.47981446981430054,-0.00872801424370134,0.01584802381694317,0.25,-29.103294372558594,-0.010508897931013925,-0.003219761187210679,0.0016314992761935476,0.0017970799235627055,0.0,-6.060794839868322e-05,-0.014971592463552952,-7.64002397772856e-05,0.00016648251039441675
10.549691677093506,5.0,3.517695188522339,0.0,0.005527343600988388,-3.0,-280.7793273925781,0.5,0.4798893630504608,-0.0076076074879928264,0.015549532137811184,0.25,-29.104223251342773,0.001728488141266,-0.0030770152807235718,0.0016789454765269649,0.0017966030864045024,0.0,-5.939258335274644e-05,-0.02193222939968109,-2.4446204406558536e-05,0.00016304435848724097
10.554439783096313,5.0,3.517695188522339,0.0,0.005527343600988388,-3.0,-280.7793273925781,0.5,0.4798893630504608,-0.0044218748807907104,0.015549532137811184,0.25,-29.104223251342773,0.005732551254669269,-0.0030770152807235718,0.0018437324418812005,0.0017966030864045024,0.0,-5.939258335274644e-05,-0.02193222939968109,-2.4446204406558536e-05,0.00016304435848724097
10.55894136428833,5.0,3.517695188522339,0.0,0.005527343600988388,-3.0,-280.7793273925781,0.5,0.4798893630504608,-0.0044218748807907104,0.015549532137811184,0.25,-29.104223251342773,-0.000978727605602911,-0.002960369922220707,0.0018455430351822309,0.0017966030864045024,0.0,-5.8514033298706636e-05,-0.02059832215309143,-7.100468064891174e-05,0.0001605878205737099
10.563669919967651,5.0,3.522890567779541,0.0,0.005693359300494194,-3.0,-281.09503173828125,0.5,0.4799762964248657,-0.008065605165903347,0.015223750844597816,0.25,-29.105276107788086,-0.008395917912518064,-0.002960369922220707,0.0016531570665076455,0.0017966030864045024,0.0,-5.8514033298706636e-05,-0.02059832215309143,-7.100468064891174e-05,0.0001605878205737099
10.568260431289673,5.0,3.522890567779541,0.0,0.005693359300494194,-3.0,-281.09503173828125,0.5,0.4799762964248657,-0.004554687440395356,0.015223750844597816,0.25,-29.105276107788086,0.006688616501163716,-0.0026269417721778154,0.0018388430749582763,0.0017955302027985454,0.0,-5.645585770253092e-05,-0.027339546009898186,-3.8307567592710257e-05,0.00015473863459192216
10.572908878326416,5.0,3.5282812118530273,0.0,0.005869140382856131,-3.0,-281.4240417480469,0.5,0.4800667464733124,-0.008476813546860378,0.01491946168243885,0.25,-29.106332778930664,-0.009178799042569765,-0.0026269417721778154,0.001635261024987229,0.0017955302027985454,0.0,-5.645585770253092e-05,-0.027339546009898186,-3.8307567592710257e-05,0.00015473863459192216
10.577495098114014,5.0,3.5282812118530273,0.0,0.005869140382856131,-3.0,-281.4240417480469,0.5,0.4800667464733124,-0.004695312306284905,0.01491946168243885,0.25,-29.106332778930664,0.0073014311831100165,-0.002427737694233656,0.0018316706082455588,0.0017955302027985454,0.0,-5.530433190870099e-05,-0.025713162496685982,-4.820500544155948e-05,0.00015142139454837888
10.58214545249939,5.0,3.5282812118530273,0.0,0.005869140382856131,-3.0,-281.4240417480469,0.5,0.4800667464733124,-0.004695312306284905,0.01491946168243885,0.25,-29.106332778930664,-0.0009457485984696098,-0.002427737694233656,0.0018335245421046116,0.0017955302027985454,0.0,-5.530433190870099e-05,-0.025713162496685982,-4.820500544155948e-05,0.00015142139454837888
10.586796998977661,5.0,3.5335936546325684,0.0,0.0060449219308793545,-3.0,-281.7434387207031,0.5,0.4801543354988098,-0.00861492908750205,0.01465718261897564,0.25,-29.107328414916992,-0.009249421633576572,-0.002201901050284505,0.0016365592483132821,0.0017944573191925883,0.0,-5.396575215854682e-05,-0.023938702419400215,-9.489438525633886e-05,0.00014756251766812056
10.591638088226318,5.0,3.5335936546325684,0.0,0.0060449219308793545,-3.0,-281.7434387207031,0.5,0.4801543354988098,-0.004835937544703484,0.01465718261897564,0.25,-29.107328414916992,0.0068708744734092475,-0.002201901050284505,0.0018267816123222922,0.0017944573191925883,0.0,-5.396575215854682e-05,-0.023938702419400215,-9.489438525633886e-05,0.00014756251766812056
10.596153736114502,5.0,3.5387890338897705,0.0,0.006210937164723873,-3.0,-282.06121826171875,0.5,0.4802412986755371,-0.008645193023093778,0.014423051849007607,0.25,-29.108287811279297,-0.009283491909397944,-0.0020112188067287207,0.0016255486604919943,0.0017927883891388774,0.0,-5.258517921902239e-05,-0.017124317586421967,-0.0002336986071895808,0.00014359233318828046
10.600693225860596,5.0,3.5387890338897705,0.0,0.006210937164723873,-3.0,-282.06121826171875,0.5,0.4802412986755371,-0.004968749731779099,0.014423051849007607,0.25,-29.108287811279297,0.007171914709002918,-0.0019212039187550545,0.0018199243863143686,0.0017906426219269633,0.0,-5.157821942702867e-05,-0.011434228159487247,-0.00033892845385707915,0.0001408799143973738
10.605414152145386,5.0,3.544062376022339,0.0,0.006386718712747097,-3.0,-282.38287353515625,0.5,0.48032888770103455,-0.008832829593701541,0.014207113534212112,0.25,-29.109230041503906,-0.009094437547928979,-0.0019212039187550545,0.0016257374617655751,0.0017906426219269633,0.0,-5.157821942702867e-05,-0.011434228159487247,-0.00033892845385707915,0.0001408799143973738
10.61032772064209,5.0,3.544062376022339,0.0,0.006386718712747097,-3.0,-282.38287353515625,0.5,0.48032888770103455,-0.005109374970197678,0.014207113534212112,0.25,-29.109230041503906,0.006655978839797754,-0.001834385097026825,0.0018132041278304876,0.00178706634324044,0.0,-5.025899736210704e-05,-0.008355241268873215,-0.0004228189354762435,0.000137294628075324
10.615048170089722,5.0,3.544062376022339,0.0,0.006386718712747097,-3.0,-282.38287353515625,0.5,0.48032888770103455,-0.005109374970197678,0.014207113534212112,0.25,-29.109230041503906,-0.0009237479697390969,-0.001834385097026825,0.0018150612576542068,0.00178706634324044,0.0,-5.025899736210704e-05,-0.008355241268873215,-0.0004228189354762435,0.000137294628075324
10.61962604522705,5.0,3.5494139194488525,0.0,0.006542968563735485,-3.0,-282.7107238769531,0.5,0.4804174602031708,-0.008647527160763922,0.013999193906784058,0.25,-29.11016082763672,-0.008600074509742666,-0.001764077809639275,0.0016127459795633777,0.001783251645974815,0.0,-4.906416870653629e-05,-0.00818691123276949,-0.00045958880218677223,0.00013408107042778283
10.624001026153564,5.0,3.5494139194488525,0.0,0.006542968563735485,-3.0,-282.7107238769531,0.5,0.4804174602031708,-0.005234374850988388,0.013999193906784058,0.25,-29.11016082763672,0.0068839709984242475,-0.001764077809639275,0.001807938950601169,0.001783251645974815,0.0,-4.906416870653629e-05,-0.00818691123276949,-0.00045958880218677223,0.00013408107042778283
10.628692150115967,5.0,3.554570198059082,0.0,0.0066894530318677425,-3.0,-283.02313232421875,0.5,0.480501264333725,-0.008474150302222188,0.013809505850076675,0.25,-29.111019134521484,-0.0077874816709021764,-0.0017209344077855349,0.0016210678413169674,0.0017784832743927836,0.0,-4.785251439898275e-05,-0.002814935753121972,-0.0005622032913379371,0.00013078081246931106
10.633453130722046,5.0,3.554570198059082,0.0,0.0066894530318677425,-3.0,-283.02313232421875,0.5,0.480501264333725,-0.005351562425494194,0.013809505850076675,0.25,-29.111019134521484,0.005645938240547238,-0.0017209344077855349,0.0018015685367040813,0.0017784832743927836,0.0,-4.785251439898275e-05,-0.002814935753121972,-0.0005622032913379371,0.00013078081246931106
10.638201236724854,5.0,3.559765577316284,0.0,0.006845702882856131,-3.0,-283.33660888671875,0.5,0.4805845022201538,-0.0087673450077662,0.013624205254018307,0.25,-29.111854553222656,-0.008106280954874532,-0.0016911070561036468,0.0016181161700459905,0.0017732380656525493,0.0,-4.667443499783985e-05,-0.0029439597856253386,-0.0005816259072162211,0.00012766191503033042
10.642924785614014,5.0,3.559765577316284,0.0,0.006845702882856131,-3.0,-283.33660888671875,0.5,0.4805845022201538,-0.0054765623062849045,0.013624205254018307,0.25,-29.111854553222656,0.00605729516090283,-0.0016911070561036468,0.0017952579282231504,0.0017732380656525493,0.0,-4.667443499783985e-05,-0.0029439597856253386,-0.0005816259072162211,0.00012766191503033042
10.647588729858398,5.0,3.559765577316284,0.0,0.006845702882856131,-3.0,-283.33660888671875,0.5,0.4805845022201538,-0.0054765623062849045,0.013624205254018307,0.25,-29.111854553222656,-0.0009112455965284442,-0.001631452119909227,0.001797068984205594,0.0017672776011750102,0.0,-4.532285674940795e-05,-0.006760783027857542,-0.0005275557632558048,0.00012400640116538852
10.652355194091797,5.0,3.564882755279541,0.0,0.006992187350988388,-3.0,-283.6473388671875,0.5,0.4806661605834961,-0.00866698112641396,0.013445552438497543,0.25,-29.112655639648438,-0.0075934240526100765,-0.001631452119909227,0.001617794534275016,0.0017672776011750102,0.0,-4.532285674940795e-05,-0.006760783027857542,-0.0005275557632558048,0.00012400640116538852
10.657197713851929,5.0,3.564882755279541,0.0,0.006992187350988388,-3.0,-283.6473388671875,0.5,0.4806661605834961,-0.005593749880790711,0.013445552438497543,0.25,-29.112655639648438,0.005438525648331662,-0.001584580633789301,0.0017909855516742533,0.0017645357875153422,0.0,-4.466325481189415e-05,-0.009654884226620197,-0.000473317428259179,0.00012225583486724645
10.66172742843628,5.0,3.5702733993530273,0.0,0.0071386718191206455,-3.0,-283.9744873046875,0.5,0.4807513952255249,-0.00894479392471596,0.013266336172819138,0.25,-29.113475799560547,-0.008292721746167872,-0.001584580633789301,0.001594333410041129,0.0017645357875153422,0.0,-4.466325481189415e-05,-0.009654884226620197,-0.000473317428259179,0.00012225583486724645
10.666497230529785,5.0,3.5702733993530273,0.0,0.0071386718191206455,-3.0,-283.9744873046875,0.5,0.4807513952255249,-0.005710937455296517,0.013266336172819138,0.25,-29.113475799560547,0.005875653787158831,-0.0015004248125478625,0.0017843374490533102,0.0017588137416169047,0.0,-4.312110831961036e-05,-0.005742339417338371,-0.00044402366620488465,0.0001180287727038376
10.67119288444519,5.0,3.5754687786102295,0.0,0.007285156287252903,-3.0,-284.2878112792969,0.5,0.4808322787284851,-0.008947700508984857,0.01310314517468214,0.25,-29.114240646362305,-0.00782066801920606,-0.0015004248125478625,0.0016041796878381732,0.0017588137416169047,0.0,-4.312110831961036e-05,-0.005742339417338371,-0.00044402366620488465,0.0001180287727038376
10.675638198852539,5.0,3.5754687786102295,0.0,0.007285156287252903,-3.0,-284.2878112792969,0.5,0.4808322787284851,-0.005828125029802323,0.01310314517468214,0.25,-29.114240646362305,0.006115236797660341,-0.0014737930614501238,0.0017781356593573317,0.0017544029979035258,0.0,-4.20289725298062e-05,-0.002164906356483698,-0.00046518148155882955,0.00011498652747832239
10.680216312408447,5.0,3.5754687786102295,0.0,0.007285156287252903,-3.0,-284.2878112792969,0.5,0.4808322787284851,-0.005828125029802323,0.01310314517468214,0.25,-29.114240646362305,-0.000904167770035815,-0.0014737930614501238,0.0017798906994491116,0.0017544029979035258,0.0,-4.20289725298062e-05,-0.002164906356483698,-0.00046518148155882955,0.00011498652747832239
10.685264110565186,5.0,3.580937385559082,0.0,0.007431640289723873,-3.0,-284.61883544921875,0.5,0.4809170663356781,-0.008847250818119549,0.012934346683323383,0.25,-29.11501693725586,-0.0068950804954910315,-0.001480717328377068,0.0016036732345304477,0.0017496346263214946,0.0,-4.09794993174728e-05,0.0016003139317035675,-0.0005051743937656283,0.00011220676969969645
10.690056324005127,5.0,3.580937385559082,0.0,0.007431640289723873,-3.0,-284.61883544921875,0.5,0.4809170663356781,-0.005945312231779099,0.012934346683323383,0.25,-29.11501693725586,0.00515354576231838,-0.001480717328377068,0.001773471712357064,0.0017496346263214946,0.0,-4.09794993174728e-05,0.0016003139317035675,-0.0005051743937656283,0.00011220676969969645
10.694997787475586,5.0,3.586992025375366,0.0,0.007597655989229679,-3.0,-284.9851379394531,0.5,0.4810100197792053,-0.009437771189627495,0.012745927087962627,0.25,-29.115846633911133,-0.007987017989820908,-0.0015164036303758621,0.0015760849267246928,0.0017449854640290141,0.0,-3.994477083324455e-05,0.005393668543547392,-0.0005130893550813198,0.00010947108967229724
10.699772834777832,5.0,3.586992025375366,0.0,0.007597655989229679,-3.0,-284.9851379394531,0.5,0.4810100197792053,-0.006078124791383744,0.012745927087962627,0.25,-29.115846633911133,0.006136538815051431,-0.0015164036303758621,0.0017660076260815737,0.0017449854640290141,0.0,-3.994477083324455e-05,0.005393668543547392,-0.0005130893550813198,0.00010947108967229724
10.704201459884644,5.0,3.586992025375366,0.0,0.007597655989229679,-3.0,-284.9851379394531,0.5,0.4810100197792053,-0.006078124791383744,0.012745927087962627,0.25,-29.115846633911133,-0.0009009674671092449,-0.0015749933663755655,0.001767689616145247,0.0017405747203156352,0.0,-3.898187424056232e-05,0.007623896934092045,-0.0005354552995413542,0.00010699945414671674
10.708849430084229,5.0,3.5921874046325684,0.0,0.007724609225988388,-3.0,-285.3002624511719,0.5,0.4810890853404999,-0.008911056802437287,0.012576424516737461,0.25,-29.116535186767578,-0.006952883082062942,-0.0016341153532266617,0.0015898519762173986,0.0017364023951813579,0.0,-3.816317257587798e-05,0.006101248785853386,-0.0005327450926415622,0.00010485740494914353
10.713456630706787,5.0,3.5921874046325684,0.0,0.007724609225988388,-3.0,-285.3002624511719,0.5,0.4810890853404999,-0.006179687380790711,0.012576424516737461,0.25,-29.116535186767578,0.005031939054625375,-0.0016341153532266617,0.0017617022237014332,0.0017364023951813579,0.0,-3.816317257587798e-05,0.006101248785853386,-0.0005327450926415622,0.00010485740494914353
10.71837830543518,5.0,3.59765625,0.0,0.007871093228459358,-3.0,-285.63226318359375,0.5,0.48117154836654663,-0.009273178596234522,0.012388916686177254,0.25,-29.11724281311035,-0.007151851141748811,-0.0016761934384703636,0.001586109267273936,0.0017316340235993266,0.0,-3.719832966453396e-05,0.004666936118155718,-0.0004981832462362945,0.00010233320062980056
10.723115921020508,5.0,3.59765625,0.0,0.007871093228459358,-3.0,-285.63226318359375,0.5,0.48117154836654663,-0.006296874582767487,0.012388916686177254,0.25,-29.11724281311035,0.005390277919078951,-0.0016761934384703636,0.0017554440501855307,0.0017316340235993266,0.0,-3.719832966453396e-05,0.004666936118155718,-0.0004981832462362945,0.00010233320062980056
10.728174448013306,5.0,3.602851390838623,0.0,0.007998046465218067,-3.0,-285.9469909667969,0.5,0.481249064207077,-0.008908125010935825,0.012205815874040127,0.25,-29.117889404296875,-0.005985630788984266,-0.0017331851413473487,0.00159480122206614,0.0017272232798859477,0.0,-3.630211722338572e-05,0.007620485499501228,-0.0005526077002286911,9.986534132622182e-05
10.732822895050049,5.0,3.602851390838623,0.0,0.007998046465218067,-3.0,-285.9469909667969,0.5,0.481249064207077,-0.006398437172174454,0.012205815874040127,0.25,-29.117889404296875,0.004512895390690309,-0.0017331851413473487,0.0017497824462573129,0.0017272232798859477,0.0,-3.630211722338572e-05,0.007620485499501228,-0.0005526077002286911,9.986534132622182e-05
10.737810611724854,5.0,3.608281135559082,0.0,0.008134765550494194,-3.0,-286.273193359375,0.5,0.481328547000885,-0.009248928149047363,0.012007241137325764,0.25,-29.118534088134766,-0.006523330510652645,-0.0017869811272248626,0.0015827499947798957,0.0017219780711457133,0.0,-3.5370841942494735e-05,0.0048947930335998535,-0.0005380642251111567,9.741265239426866e-05
10.74249267578125,5.0,3.608281135559082,0.0,0.008134765550494194,-3.0,-286.273193359375,0.5,0.481328547000885,-0.006507812440395356,0.012007241137325764,0.25,-29.118534088134766,0.004975266700880845,-0.0017869811272248626,0.0017438554881290423,0.0017219780711457133,0.0,-3.5370841942494735e-05,0.0048947930335998535,-0.0005380642251111567,9.741265239426866e-05
10.747080564498901,5.0,3.608281135559082,0.0,0.008134765550494194,-3.0,-286.273193359375,0.5,0.481328547000885,-0.006507812440395356,0.012007241137325764,0.25,-29.118534088134766,-0.0008809349903782782,-0.0018013619119301438,0.0017455687391001783,0.0017182825831696391,0.0,-3.46390952472575e-05,0.00013596854114439338,-0.0004911560099571943,9.498466533841565e-05
10.75185489654541,5.0,3.6126561164855957,0.0,0.008242187090218067,-3.0,-286.54150390625,0.5,0.48139333724975586,-0.008843730165308037,0.011840509250760078,0.25,-29.11905288696289,-0.0056866454873732274,-0.0018013619119301438,0.0016038652286709796,0.0017182825831696391,0.0,-3.46390952472575e-05,0.00013596854114439338,-0.0004911560099571943,9.498466533841565e-05
10.756398439407349,5.0,3.6126561164855957,0.0,0.008242187090218067,-3.0,-286.54150390625,0.5,0.48139333724975586,-0.006593749672174454,0.011840509250760078,0.25,-29.11905288696289,0.004077149928851267,-0.0017864484107121825,0.001741261400355085,0.001715063932351768,0.0,-3.395821840967983e-05,-0.004466543439775705,-0.00043888561776839197,9.349463653052226e-05
10.76113748550415,5.0,3.617929697036743,0.0,0.008359374478459358,-3.0,-286.8611755371094,0.5,0.48146986961364746,-0.009160304992286025,0.011643626727163792,0.25,-29.119646072387695,-0.006161538376550012,-0.0017864484107121825,0.0015723406364537898,0.001715063932351768,0.0,-3.395821840967983e-05,-0.004466543439775705,-0.00043888561776839197,9.349463653052226e-05
10.765602827072144,5.0,3.617929697036743,0.0,0.008359374478459358,-3.0,-286.8611755371094,0.5,0.48146986961364746,-0.006687499582767487,0.011643626727163792,0.25,-29.119646072387695,0.004671651537160184,-0.0017864484107121825,0.001735488686759197,0.001715063932351768,0.0,-3.395821840967983e-05,-0.004466543439775705,-0.00043888561776839197,9.349463653052226e-05
10.77019476890564,5.0,3.617929697036743,0.0,0.008359374478459358,-3.0,-286.8611755371094,0.5,0.48146986961364746,-0.006687499582767487,0.011643626727163792,0.25,-29.119646072387695,-0.0008678063436458367,-0.0016889767721295357,0.0017371904723772215,0.0017092226771637797,0.0,-3.260363155277446e-05,-0.008766289800405502,-0.0003491697716526687,8.941063424572349e-05
10.774927854537964,5.0,3.623163938522339,0.0,0.008486327715218067,-3.0,-287.17742919921875,0.5,0.48154497146606445,-0.009471313173333027,0.011456864885985851,0.25,-29.120214462280273,-0.006668449840888745,-0.0016889767721295357,0.0015712510456965547,0.0017092226771637797,0.0,-3.260363155277446e-05,-0.008766289800405502,-0.0003491697716526687,8.941063424572349e-05
10.779804229736328,5.0,3.623163938522339,0.0,0.008486327715218067,-3.0,-287.17742919921875,0.5,0.48154497146606445,-0.006789062172174454,0.011456864885985851,0.25,-29.120214462280273,0.004639158678006248,-0.0016000272007659078,0.001731725107563704,0.0017060040263459086,0.0,-3.180485509801656e-05,-0.011238661594688892,-0.000301412190310657,8.711779810255393e-05
10.784700870513916,5.0,3.628671884536743,0.0,0.008603515103459358,-3.0,-287.50787353515625,0.5,0.4816229045391083,-0.009276032120015515,0.011273582465946674,0.25,-29.120790481567383,-0.005844426397569024,-0.0015105444472283125,0.0015650166612319661,0.0017039774684235454,0.0,-3.1134804885368794e-05,-0.010748360306024551,-0.00025885048671625555,8.529052138328552e-05
10.789600849151611,5.0,3.628671884536743,0.0,0.008603515103459358,-3.0,-287.50787353515625,0.5,0.4816229045391083,-0.006882812082767487,0.011273582465946674,0.25,-29.120790481567383,0.004029752908448767,-0.0015105444472283125,0.0017259738070022187,0.0017039774684235454,0.0,-3.1134804885368794e-05,-0.010748360306024551,-0.00025885048671625555,8.529052138328552e-05
10.794459581375122,5.0,3.6342968940734863,0.0,0.008730468340218067,-3.0,-287.8485412597656,0.5,0.4817028343677521,-0.009597262786164346,0.011098497547209263,0.25,-29.121360778808594,-0.006387521740030877,-0.0014322480419650674,0.0015536526667963633,0.0017012356547638774,0.0,-3.032168751815334e-05,-0.006442002486437559,-0.0003124171926174313,8.304952643811703e-05
10.799065589904785,5.0,3.6342968940734863,0.0,0.008730468340218067,-3.0,-287.8485412597656,0.5,0.4817028343677521,-0.006984374672174454,0.011098497547209263,0.25,-29.121360778808594,0.00482353662207902,-0.0014322480419650674,0.001719845786149505,0.0017012356547638774,0.0,-3.032168751815334e-05,-0.006442002486437559,-0.0003124171926174313,8.304952643811703e-05
10.804000854492188,5.0,3.639531135559082,0.0,0.008847655728459358,-3.0,-288.165771484375,0.5,0.4817766845226288,-0.009452615071897923,0.010944368317723274,0.25,-29.12187385559082,-0.005817882069357925,-0.0013928330736234784,0.0015631448240756903,0.0016980171203613281,0.0,-2.956047137558926e-05,-0.0024869043845683336,-0.0003800069389399141,8.106850873446092e-05
10.808631658554077,5.0,3.639531135559082,0.0,0.008847655728459358,-3.0,-288.165771484375,0.5,0.4817766845226288,-0.007078124582767487,0.010944368317723274,0.25,-29.12187385559082,0.004281916625551772,-0.0013928330736234784,0.0017144702773017849,0.0016980171203613281,0.0,-2.956047137558926e-05,-0.0024869043845683336,-0.0003800069389399141,8.106850873446092e-05
10.81331491470337,5.0,3.639531135559082,0.0,0.008847655728459358,-3.0,-288.165771484375,0.5,0.4817766845226288,-0.007078124582767487,0.010944368317723274,0.25,-29.12187385559082,-0.0008473701542405937,-0.0013843108899891376,0.0017161771663871826,0.0016949176788330078,0.0,-2.897621743613854e-05,-0.0015313485637307167,-0.00041429532575421035,7.952408486744389e-05
10.817785263061523,5.0,3.64507794380188,0.0,0.00896484311670065,-3.0,-288.50152587890625,0.5,0.4818542003631592,-0.009793311993360521,0.010784152895212173,0.25,-29.12240219116211,-0.006871182150604692,-0.0013843108899891376,0.0015350976264358143,0.0016949176788330078,0.0,-2.897621743613854e-05,-0.0015313485637307167,-0.00041429532575421035,7.952408486744389e-05
10.822246789932251,5.0,3.64507794380188,0.0,0.00896484311670065,-3.0,-288.50152587890625,0.5,0.4818542003631592,-0.00717187449336052,0.010784152895212173,0.25,-29.12240219116211,0.0050328147529414315,-0.0013747236225754023,0.0017101167858892263,0.001691102865152061,0.0,-2.8222437322256155e-05,-0.0019985768012702465,-0.0004354044212959707,7.744717731839046e-05
10.827044010162354,5.0,3.6478123664855957,0.0,0.009023437276482582,-3.0,-288.6654357910156,0.5,0.48189181089401245,-0.008440168829933146,0.010706388391554356,0.25,-29.12265396118164,-0.0034692445611349846,-0.0013747236225754023,0.001628940225698289,0.0016869306564331055,0.0,-2.7610234610619955e-05,0.0008703919011168182,-0.00048531880020163953,7.578075747005641e-05
10.831943988800049,5.0,3.6478123664855957,0.0,0.009023437276482582,-3.0,-288.6654357910156,0.5,0.48189181089401245,-0.007218749821186066,0.010706388391554356,0.25,-29.12265396118164,0.00164997947457626,-0.0013747236225754023,0.0017091154964047628,0.0016869306564331055,0.0,-2.7610234610619955e-05,0.0008703919011168182,-0.00048531880020163953,7.578075747005641e-05
10.836601257324219,5.0,3.6542577743530273,0.0,0.009160156361758709,-3.0,-289.0527648925781,0.5,0.48197999596595764,-0.010263731755988314,0.010523352771997452,0.25,-29.12322998046875,-0.007333210706723881,-0.0013747236225754023,0.0015108624281102204,0.0016869306564331055,0.0,-2.7610234610619955e-05,0.0008703919011168182,-0.00048531880020163953,7.578075747005641e-05
10.841323137283325,5.0,3.6542577743530273,0.0,0.009160156361758709,-3.0,-289.0527648925781,0.5,0.48197999596595764,-0.0073281250894069675,0.010523352771997452,0.25,-29.12322998046875,0.005379523352395381,-0.001376854139380157,0.0017019135336414303,0.0016820429591462016,0.0,-2.678256896615494e-05,0.00010468698019394651,-0.0004636402882169932,7.36508663976565e-05
10.846000671386719,5.0,3.6542577743530273,0.0,0.009160156361758709,-3.0,-289.0527648925781,0.5,0.48197999596595764,-0.0073281250894069675,0.010523352771997452,0.25,-29.12322998046875,-0.0008391760945013027,-0.001376854139380157,0.0017035993173096808,0.0016820429591462016,0.0,-2.678256896615494e-05,0.00010468698019394651,-0.0004636402882169932,7.36508663976565e-05
10.850621938705444,5.0,3.660468578338623,0.0,0.009296874515712261,-3.0,-289.4295349121094,0.5,0.48206478357315063,-0.01039595547595525,0.010344994254410267,0.25,-29.123764038085938,-0.007440382676237851,-0.0013736581895500422,0.0015116098423813458,0.0016777514247223735,0.0,-2.6104822609340772e-05,-0.00040121068013831973,-0.0004283098387531936,7.193582132458687e-05
10.855344533920288,5.0,3.660468578338623,0.0,0.009296874515712261,-3.0,-289.4295349121094,0.5,0.48206478357315063,-0.007437499612569809,0.010344994254410267,0.25,-29.123764038085938,0.005429975953029767,-0.0013736581895500422,0.0016967764883825676,0.0016777514247223735,0.0,-2.6104822609340772e-05,-0.00040121068013831973,-0.0004283098387531936,7.193582132458687e-05
10.859808921813965,5.0,3.6630077362060547,0.0,0.009355468675494194,-3.0,-289.5830383300781,0.5,0.4820990562438965,-0.008796854079247157,0.010272604413330555,0.25,-29.123973846435547,-0.003873367800082406,-0.0013672667555510998,0.001617493077657712,0.0016762018203735352,0.0,-2.5849918529274873e-05,-0.002353824209421873,-0.0004004973452538252,7.129251025617123e-05
10.86442494392395,5.0,3.6630077362060547,0.0,0.009355468675494194,-3.0,-289.5830383300781,0.5,0.4820990562438965,-0.007484374940395356,0.010272604413330555,0.25,-29.123973846435547,0.002008537216861431,-0.0013672667555510998,0.001695914726068224,0.0016762018203735352,0.0,-2.5849918529274873e-05,-0.002353824209421873,-0.0004004973452538252,7.129251025617123e-05
10.869102954864502,5.0,3.6705076694488525,0.0,0.009521484375,-3.0,-290.0351867675781,0.5,0.4821992814540863,-0.011166039813847409,0.010059824213385582,0.25,-29.124574661254883,-0.00866832524638289,-0.001373125473037362,0.001471305650033341,0.0016713142395019531,0.0,-2.50349439738784e-05,0.0009748454322107136,-0.00046053429832682014,6.872537778690457e-05
10.873813390731812,5.0,3.6705076694488525,0.0,0.009521484375,-3.0,-290.0351867675781,0.5,0.4821992814540863,-0.007617187500000001,0.010059824213385582,0.25,-29.124574661254883,0.006705191120786106,-0.0013816478895023465,0.001687230122829646,0.001667618635110557,0.0,-2.451849104545545e-05,-7.547676796093583e-05,-0.0004179430252406746,6.702513201162219e-05
10.87849497795105,5.0,3.675976514816284,0.0,0.009638671763241291,-3.0,-290.36297607421875,0.5,0.4822709858417511,-0.007617187500000001,0.009903931058943272,0.25,-29.12499237060547,-0.0008304850925147302,-0.0013816478895023465,0.0016888968351584021,0.001667618635110557,0.0,-2.451849104545545e-05,-7.547676796093583e-05,-0.0004179430252406746,6.702513201162219e-05
10.883232116699219,5.0,3.675976514816284,0.0,0.009638671763241291,-3.0,-290.36297607421875,0.5,0.4822709858417511,-0.010184738463741154,0.009903931058943272,0.25,-29.12499237060547,-0.006212746064009627,-0.0013960289070382714,0.0015306055543882126,0.0016618965892121196,0.0,-2.3644244720344432e-05,0.0012608673423528671,-0.0004511444712989032,6.544382631545886e-05
10.887767553329468,5.0,3.675976514816284,0.0,0.009638671763241291,-3.0,-290.36297607421875,0.5,0.4822709858417511,-0.007710937410593033,0.009903931058943272,0.25,-29.12499237060547,0.004627854476199331,-0.0013960289070382714,0.0016835801810419749,0.0016618965892121196,0.0,-2.3644244720344432e-05,0.0012608673423528671,-0.0004511444712989032,6.544382631545886e-05
10.892646551132202,5.0,3.6796092987060547,0.0,0.009716796688735485,-3.0,-290.58355712890625,0.5,0.4823189079761505,-0.009374686801242494,0.009798170067369938,0.25,-29.12526512145996,-0.004208613448117008,-0.0014141384745016694,0.0015813335784821885,0.0016580818919464946,0.0,-2.3043201508698985e-05,0.0028986569959670305,-0.0004558171785902232,6.38016063021496e-05
10.897128582000732,5.0,3.6796092987060547,0.0,0.009716796688735485,-3.0,-290.58355712890625,0.5,0.4823189079761505,-0.007773437350988389,0.009798170067369938,0.25,-29.12526512145996,0.0027478143247385038,-0.0014141384745016694,0.0016811397891015355,0.0016580818919464946,0.0,-2.3043201508698985e-05,0.0028986569959670305,-0.0004558171785902232,6.38016063021496e-05
10.901676177978516,5.0,3.686640501022339,0.0,0.009863280691206455,-3.0,-291.0068054199219,0.5,0.4824100136756897,-0.007773437350988389,0.009592629037797451,0.25,-29.125768661499023,-0.0008263818434934721,-0.001424791174940765,0.0016827479183609449,0.0016548632411286235,0.0,-2.2566791813005693e-05,0.0005788723938167095,-0.00041536864591762424,6.22399675194174e-05
10.906568050384521,5.0,3.686640501022339,0.0,0.009863280691206455,-3.0,-291.0068054199219,0.5,0.4824100136756897,-0.010885060840615033,0.009592629037797451,0.25,-29.125768661499023,-0.00711774944066707,-0.001424791174940765,0.0014872972816160053,0.0016548632411286235,0.0,-2.2566791813005693e-05,0.0005788723938167095,-0.00041536864591762424,6.22399675194174e-05
10.911168098449707,5.0,3.6921093463897705,0.0,0.009980468079447746,-3.0,-291.3368225097656,0.5,0.4824802577495575,-0.007890624552965164,0.009431656450033188,0.25,-29.126142501831055,0.005690184740089473,-0.0014056162908673286,0.0016751544894418368,0.0016505717067047954,0.0,-2.1863210349692963e-05,-0.0038272636011242867,-0.000307252979837358,6.0490947362268344e-05
10.915796518325806,5.0,3.6921093463897705,0.0,0.009980468079447746,-3.0,-291.3368225097656,0.5,0.4824802577495575,-0.010516283654564225,0.009431656450033188,0.25,-29.126142501831055,-0.006442114634026776,-0.0014056162908673286,0.001516580117782224,0.0016505717067047954,0.0,-2.1863210349692963e-05,-0.0038272636011242867,-0.000307252979837358,6.0490947362268344e-05
10.920514345169067,5.0,3.6921093463897705,0.0,0.009980468079447746,-3.0,-291.3368225097656,0.5,0.4824802577495575,-0.007984374463558198,0.009431656450033188,0.25,-29.126142501831055,0.004551870798595318,-0.0013747235061600804,0.001670000077248346,0.001648545148782432,0.0,-2.1414822185761295e-05,-0.005288760177791119,-0.00027548198704607785,5.910486652282998e-05
10.92501711845398,5.0,3.69488263130188,0.0,0.010039062239229679,-3.0,-291.50506591796875,0.5,0.4825159013271332,-0.009332540264485512,0.009351182729005814,0.25,-29.126325607299805,-0.003783978556354679,-0.0013747235061600804,0.0015881382210681304,0.001648545148782432,0.0,-2.1414822185761295e-05,-0.005288760177791119,-0.00027548198704607785,5.910486652282998e-05
10.929639101028442,5.0,3.69488263130188,0.0,0.010039062239229679,-3.0,-291.50506591796875,0.5,0.4825159013271332,-0.008031249791383744,0.009351182729005814,0.25,-29.126325607299805,0.002001365781178629,-0.0012559464666992426,0.0016689136105754864,0.001646995428018272,0.0,-2.0865829355898313e-05,-0.015102584846317768,-0.00015795441868249327,5.7436609495198354e-05
10.934672355651855,5.0,3.702265501022339,0.0,0.010195312090218067,-3.0,-291.9533386230469,0.5,0.4826103150844574,-0.011260599892438772,0.009150906465947628,0.25,-29.126798629760742,-0.007197737268606385,-0.0012559464666992426,0.001471754559305362,0.001646995428018272,0.0,-2.0865829355898313e-05,-0.015102584846317768,-0.00015795441868249327,5.7436609495198354e-05
10.939228057861328,5.0,3.702265501022339,0.0,0.010195312090218067,-3.0,-291.9533386230469,0.5,0.4826103150844574,-0.008156249672174454,0.009150906465947628,0.25,-29.126798629760742,0.006005537382911184,-0.0010721884900704026,0.0016609189384564325,0.001645326497964561,0.0,-2.0316096197348088e-05,-0.02061048150062561,-7.850071415305138e-05,5.586794577538967e-05
10.94367265701294,5.0,3.707773447036743,0.0,0.010312499478459358,-3.0,-292.28631591796875,0.5,0.48268023133277893,-0.008156249672174454,0.009030855260789394,0.25,-29.12713623046875,-0.0008102090321088673,-0.0010721884900704026,0.0016624647420328807,0.001645326497964561,0.0,-2.0316096197348088e-05,-0.02061048150062561,-7.850071415305138e-05,5.586794577538967e-05
10.948302268981934,5.0,3.707773447036743,0.0,0.010312499478459358,-3.0,-292.28631591796875,0.5,0.48268023133277893,-0.010781256824759453,0.009030855260789394,0.25,-29.12713623046875,-0.006523363680346457,-0.0008703208877705038,0.0015046587959318927,0.001644730451516807,0.0,-1.978437830985058e-05,-0.02109287492930889,-8.59056381159462e-05,5.445118949864991e-05
10.953035831451416,5.0,3.707773447036743,0.0,0.010312499478459358,-3.0,-292.28631591796875,0.5,0.48268023133277893,-0.008249999582767486,0.009030855260789394,0.25,-29.12713623046875,0.00453694437707648,-0.0008703208877705038,0.0016573181525396017,0.001644730451516807,0.0,-1.978437830985058e-05,-0.02109287492930889,-8.59056381159462e-05,5.445118949864991e-05
10.957533359527588,5.0,3.7105467319488525,0.0,0.010371093638241291,-3.0,-292.45123291015625,0.5,0.48271480202674866,-0.009599683004051472,0.008981500752270222,0.25,-29.127294540405273,-0.0038594421762779612,-0.0007904261583462358,0.001577858494401442,0.001644253614358604,0.0,-1.9585351765272208e-05,-0.02179465815424919,-8.165185136022046e-05,5.393652827478945e-05
10.962057113647461,5.0,3.7105467319488525,0.0,0.010371093638241291,-3.0,-292.45123291015625,0.5,0.48271480202674866,-0.008296874910593032,0.008981500752270222,0.25,-29.127294540405273,0.0020664663726173596,-0.0007904261583462358,0.0016562883622378588,0.001644253614358604,0.0,-1.9585351765272208e-05,-0.02179465815424919,-8.165185136022046e-05,5.393652827478945e-05
10.966546535491943,5.0,3.7176952362060547,0.0,0.010517577640712261,-3.0,-292.8824157714844,0.5,0.4828048646450043,-0.011676932200195937,0.008878597058355808,0.25,-29.127704620361328,-0.008508287567533232,-0.000592287047766149,0.0014464140448104154,0.00164210784714669,0.0,-1.890342537080869e-05,-0.01266507338732481,-0.00021146434301044792,5.2033054089406505e-05
10.971155643463135,5.0,3.7176952362060547,0.0,0.010517577640712261,-3.0,-292.8824157714844,0.5,0.4828048646450043,-0.00841406211256981,0.008878597058355808,0.25,-29.127704620361328,0.006260564894488811,-0.000592287047766149,0.0016486098570814244,0.00164210784714669,0.0,-1.890342537080869e-05,-0.01266507338732481,-0.00021146434301044792,5.2033054089406505e-05
10.975492238998413,5.0,3.7176952362060547,0.0,0.010517577640712261,-3.0,-292.8824157714844,0.5,0.4828048646450043,-0.00841406211256981,0.008878597058355808,0.25,-29.127704620361328,-0.0008201140432403367,-0.0005001415265724063,0.001650101224025604,0.0016399620799347758,0.0,-1.8401435227133334e-05,-0.007256266660988331,-0.0002633614931255579,5.066601079306565e-05
10.980125665664673,5.0,3.723320245742798,0.0,0.010634765028953552,-3.0,-293.2220153808594,0.5,0.48287534713745117,-0.011036985282656512,0.00881720706820488,0.25,-29.12801170349121,-0.00665771539876257,-0.0005001415265724063,0.0014911128183234864,0.0016399620799347758,0.0,-1.8401435227133334e-05,-0.007256266660988331,-0.0002633614931255579,5.066601079306565e-05
10.98469066619873,5.0,3.723320245742798,0.0,0.010634765028953552,-3.0,-293.2220153808594,0.5,0.48287534713745117,-0.008507812023162841,0.00881720706820488,0.25,-29.12801170349121,0.004712938117892643,-0.000458063674159348,0.0016447937223857132,0.0016368626384064555,0.0,-1.7932870832737535e-05,-0.0035926264245063066,-0.0003167207178194076,4.9367783503839746e-05
10.989631175994873,5.0,3.726992130279541,0.0,0.010712889954447746,-3.0,-293.4436950683594,0.5,0.48292112350463867,-0.010151625000427225,0.008781553246080875,0.25,-29.128202438354492,-0.004277315748781748,-0.000458063674159348,0.0015483329763389816,0.0016368626384064555,0.0,-1.7932870832737535e-05,-0.0035926264245063066,-0.0003167207178194076,4.9367783503839746e-05
10.994452714920044,5.0,3.726992130279541,0.0,0.010712889954447746,-3.0,-293.4436950683594,0.5,0.48292112350463867,-0.008570311963558197,0.008781553246080875,0.25,-29.128202438354492,0.002445500860603778,-0.00044474788592197,0.0016426350548122736,0.0016336439875885844,0.0,-1.7472630133852363e-05,-0.0013959883945062757,-0.00035582634154707193,4.803078991244547e-05
10.999342203140259,5.0,3.733164072036743,0.0,0.010839843191206455,-3.0,-293.8175048828125,0.5,0.4829977750778198,-0.011268327004447513,0.008724099025130272,0.25,-29.12851905822754,-0.006553491882680477,-0.00044474788592197,0.0014783314190987564,0.0016336439875885844,0.0,-1.7472630133852363e-05,-0.0013959883945062757,-0.00035582634154707193,4.803078991244547e-05
11.00424313545227,5.0,3.733164072036743,0.0,0.010839843191206455,-3.0,-293.8175048828125,0.5,0.4829977750778198,-0.008671874552965165,0.008724099025130272,0.25,-29.12851905822754,0.004454736904589123,-0.00043675838969647884,0.0016367660446699682,0.0016319750575348735,0.0,-1.721587250358425e-05,-0.0002693542919587344,-0.00037201898521743715,4.6931854740250856e-05
11.008661985397339,5.0,3.7386717796325684,0.0,0.010957030579447746,-3.0,-294.1491394042969,0.5,0.48306509852409363,-0.008671874552965165,0.008674390614032745,0.25,-29.1287841796875,-0.0008446750386862081,-0.00044687840272672474,0.0016382686502832366,0.0016276835231110454,0.0,-1.668727236392442e-05,0.0032556375954300165,-0.00041925295954570174,4.559798617265187e-05
11.013516426086426,5.0,3.7386717796325684,0.0,0.010957030579447746,-3.0,-294.1491394042969,0.5,0.48306509852409363,-0.011179648977334533,0.008674390614032745,0.25,-29.1287841796875,-0.006205111703749957,-0.00044687840272672474,0.001493149776926054,0.0016276835231110454,0.0,-1.668727236392442e-05,0.0032556375954300165,-0.00041925295954570174,4.559798617265187e-05
11.017939329147339,5.0,3.7386717796325684,0.0,0.010957030579447746,-3.0,-294.1491394042969,0.5,0.48306509852409363,-0.008765624463558197,0.008674390614032745,0.25,-29.1287841796875,0.004604578762429911,-0.00044687840272672474,0.0016333320547776676,0.0016276835231110454,0.0,-1.668727236392442e-05,0.0032556375954300165,-0.00041925295954570174,4.559798617265187e-05
11.022306680679321,5.0,3.743242025375366,0.0,0.011044921353459358,-3.0,-294.42449951171875,0.5,0.48312053084373474,-0.010848387268377271,0.008630930446088314,0.25,-29.128995895385742,-0.0057692744711258835,-0.00048203213373199105,0.0015012302112123249,0.001623511197976768,0.0,-1.6261137716355734e-05,0.00403913389891386,-0.00040808189078234136,4.438331234268844e-05
11.027117252349854,5.0,3.743242025375366,0.0,0.011044921353459358,-3.0,-294.42449951171875,0.5,0.48312053084373474,-0.008835937082767488,0.008630930446088314,0.25,-29.128995895385742,0.0033233563212173712,-0.0005028047016821802,0.0016297785458530424,0.001620292547158897,0.0,-1.593291926837992e-05,0.0019558072090148926,-0.000366244581528008,4.352452015154995e-05
11.031940460205078,5.0,3.7484374046325684,0.0,0.011142577975988388,-3.0,-294.7381286621094,0.5,0.4831831753253937,-0.010938785873128822,0.008577839471399784,0.25,-29.129230499267578,-0.005357669412108541,-0.0005028047016821802,0.0014940020645609498,0.001620292547158897,0.0,-1.593291926837992e-05,0.0019558072090148926,-0.000366244581528008,4.352452015154995e-05
11.036805629730225,5.0,3.7484374046325684,0.0,0.011142577975988388,-3.0,-294.7381286621094,0.5,0.4831831753253937,-0.00891406238079071,0.008577839471399784,0.25,-29.129230499267578,0.003295047604356752,-0.0005262406193651259,0.0016255197629297122,0.0016169548034667969,0.0,-1.5536023056483828e-05,0.002422065706923604,-0.0003649051650427282,4.250454003340565e-05
