t,x_cmd,x_act,y_cmd,y_act,z_cmd,z_act,vx_cmd,vx_act,vy_cmd,vy_act,vz_cmd,vz_act,roll_cmd,roll_act,pitch_cmd,pitch_act,yaw_cmd,yaw_act,roll_rate_act,pitch_rate_act,yaw_rate_act
0.000751495361328125,5.0,-0.00046874998952262104,0.0,6.83593752910383e-05,-3.0,0.020546874031424522,0.5,0.0,-5.468750023283065e-05,0.0,-0.25,-0.0,6.562500027939678e-06,0.00026375791640020907,-0.06,0.31069862842559814,3.141592653589793,-3.1405270099639893,0.0,0.0,-0.0
0.0057582855224609375,5.0,-0.00046874998952262104,0.0,6.83593752910383e-05,-3.0,0.020546874031424522,0.5,0.0,-5.468750023283065e-05,0.0,-0.25,-0.0,6.567976204701731e-06,0.00026375791640020907,-0.060050067901611326,0.31069862842559814,3.141592653589793,-3.1405270099639893,0.0,0.0,-0.0
0.010806083679199219,5.0,-0.00046874998952262104,0.0,6.83593752910383e-05,-3.0,0.020546874031424522,0.5,0.0,-5.468750023283065e-05,0.0,-0.25,-0.0,6.573497233959169e-06,0.00031306277378462255,-0.06010054588317871,0.3078804910182953,3.141592653589793,-3.1405327320098877,-0.020732926204800606,-1.1306759119033813,-0.000395369715988636
0.015450000762939453,5.0,-0.0006640625069849193,0.0,6.83593752910383e-05,-3.0,0.019487304612994194,0.5,-0.03333016857504845,-5.468750023283065e-05,0.0014101521810516715,-0.25,-0.21802236139774323,0.003212485431537645,0.00032463495153933764,-0.1359213712156634,0.2981972396373749,3.141592653589793,-3.1405105590820312,0.006184808909893036,-2.469524383544922,0.001045744982548058
0.020095348358154297,5.0,-0.0006640625069849193,0.0,6.83593752910383e-05,-3.0,0.019487304612994194,0.5,-0.03333016857504845,-5.468750023283065e-05,0.0014101521810516715,-0.25,-0.21802236139774323,0.0001760639046303935,0.00032463495153933764,-0.06419925101412782,0.2981972396373749,3.141592653589793,-3.1405105590820312,0.006184808909893036,-2.469524383544922,0.001045744982548058
0.024798870086669922,5.0,-0.0006640625069849193,0.0,6.83593752910383e-05,-3.0,0.019487304612994194,0.5,-0.03333016857504845,-5.468750023283065e-05,0.0014101521810516715,-0.25,-0.21802236139774323,0.0001762017027357878,0.00019929380505345762,-0.06424942161485514,0.2434292882680893,3.141592653589793,-3.1405441761016846,-0.023261962458491325,-4.651740550994873,-0.009708590805530548
0.02949070930480957,5.0,-0.0009374999790452421,0.0,1.9531249563442543e-05,-3.0,0.013388671912252903,0.5,-0.006951181683689356,0.001025078303625621,0.005049753002822399,-0.25,-0.44423025846481323,0.005939690384516348,0.00019929380505345762,-0.0049083875624005985,0.2434292882680893,3.141592653589793,-3.1405441761016846,-0.023261962458491325,-4.651740550994873,-0.009708590805530548
0.0340113639831543,5.0,-0.0009374999790452421,0.0,1.9531249563442543e-05,-3.0,0.013388671912252903,0.5,-0.006951181683689356,-1.5624999650754035e-05,0.005049753002822399,-0.25,-0.44423025846481323,0.002911209438720927,0.00014394335448741913,-0.06117734888123358,0.1991511583328247,3.141592653589793,-3.1407196521759033,0.01312899962067604,-4.896625995635986,-0.016139959916472435
0.038979291915893555,5.0,-0.0008203124743886292,0.0,1.9531249563442543e-05,-3.0,0.008085937239229679,0.5,0.01923295296728611,-1.5624999650754035e-05,-0.0021741490345448256,-0.25,-0.45760104060173035,-0.014799057323792289,0.00014394335448741913,-0.005376671423991529,0.1991511583328247,3.141592653589793,-3.1407196521759033,0.01312899962067604,-4.896625995635986,-0.016139959916472435
0.0436251163482666,5.0,-0.0008203124743886292,0.0,1.9531249563442543e-05,-3.0,0.008085937239229679,0.5,0.01923295296728611,-1.5624999650754035e-05,-0.0021741490345448256,-0.25,-0.45760104060173035,-0.00025818133448938515,4.363209882285446e-06,-0.058127692229826104,0.1554732322692871,3.141592653589793,-3.1407973766326904,0.02507377788424492,-4.722536563873291,-0.004293670877814293
0.04854130744934082,5.0,-0.0007421874906867743,0.0,1.9531249563442543e-05,-3.0,0.0060791014693677425,0.5,0.02140820398926735,-1.5624999650754035e-05,-0.0007851885166019201,-0.25,-0.44303157925605774,0.002733695980078419,4.363209882285446e-06,-0.053489051738161805,0.1554732322692871,3.141592653589793,-3.1407973766326904,0.02507377788424492,-4.722536563873291,-0.004293670877814293
0.05318617820739746,5.0,-0.0007421874906867743,0.0,1.9531249563442543e-05,-3.0,0.0060791014693677425,0.5,0.02140820398926735,-1.5624999650754035e-05,-0.0007851885166019201,-0.25,-0.44303157925605774,-9.165322922403851e-05,-0.00012783173588104546,-0.05795817902252698,0.11081253737211227,3.141592653589793,-3.140878438949585,0.008760557509958744,-3.7520902156829834,-0.008221188560128212
0.057767391204833984,5.0,-0.00046874998952262104,0.0,1.9531249563442543e-05,-3.0,-6.83593752910383e-05,0.5,0.012895137071609497,-1.5624999650754035e-05,0.0004017749452032149,-0.25,-0.36171332001686096,-9.17237399117627e-05,-0.00012783173588104546,-0.058002029641654,0.11081253737211227,3.141592653589793,-3.140878438949585,0.008760557509958744,-3.7520902156829834,-0.008221188560128212
0.062348365783691406,5.0,-0.00046874998952262104,0.0,1.9531249563442543e-05,-3.0,-6.83593752910383e-05,0.5,0.012895137071609497,-1.5624999650754035e-05,0.0004017749452032149,-0.25,-0.36171332001686096,0.0026418220419593603,-0.00015499592700507492,-0.07765175393304152,0.08804678171873093,3.141592653589793,-3.140937566757202,0.00046303425915539265,-3.002910614013672,-0.009231972508132458
0.06695795059204102,5.0,-0.00046874998952262104,0.0,1.9531249563442543e-05,-3.0,-6.83593752910383e-05,0.5,0.012895137071609497,-1.5624999650754035e-05,0.0004017749452032149,-0.25,-0.36171332001686096,5.0788598284481455e-05,-0.00015499592700507492,-0.059113132995183754,0.08804678171873093,3.141592653589793,-3.140937566757202,0.00046303425915539265,-3.002910614013672,-0.009231972508132458
0.07149386405944824,5.0,-0.0002734375011641532,0.0,1.9531249563442543e-05,-3.0,-0.003500976599752903,0.5,0.01210656575858593,-1.5624999650754035e-05,0.00040362836443819106,-0.25,-0.2584812343120575,5.513514172331867e-05,-0.00011451593309175223,-0.06099052847825685,0.061958905309438705,3.141592653589793,-3.1410412788391113,-0.0073575302958488464,-1.919102668762207,-0.009581532329320908
0.07593178749084473,5.0,-0.0002734375011641532,0.0,1.9531249563442543e-05,-3.0,-0.003500976599752903,0.5,0.01210656575858593,-1.5624999650754035e-05,0.00040362836443819106,-0.25,-0.2584812343120575,5.108625481885077e-05,-0.00011451593309175223,-0.05929532707480417,0.061958905309438705,3.141592653589793,-3.1410412788391113,-0.0073575302958488464,-1.919102668762207,-0.009581532329320908
0.0805959701538086,5.0,-0.00019531248835846782,0.0,1.9531249563442543e-05,-3.0,-0.0053466795943677425,0.5,0.007724258583039045,-1.5624999650754035e-05,0.00041422946378588676,-0.25,-0.2598809599876404,7.512722479610083e-05,-7.45685028959997e-05,-0.06926278463149335,0.054126497358083725,3.141592653589793,-3.141085386276245,-0.00926928035914898,-1.5488444566726685,-0.009279130958020687
0.08536815643310547,5.0,-0.00019531248835846782,0.0,1.9531249563442543e-05,-3.0,-0.0053466795943677425,0.5,0.007724258583039045,-1.5624999650754035e-05,0.00041422946378588676,-0.25,-0.2598809599876404,5.243951204674358e-05,-7.45685028959997e-05,-0.05991410984621651,0.054126497358083725,3.141592653589793,-3.141085386276245,-0.00926928035914898,-1.5488444566726685,-0.009279130958020687
0.08999252319335938,5.0,-0.00019531248835846782,0.0,1.9531249563442543e-05,-3.0,-0.0053466795943677425,0.5,0.007724258583039045,-1.5624999650754035e-05,0.00041422946378588676,-0.25,-0.2598809599876404,5.247926814059284e-05,-7.45685028959997e-05,-0.05995963911772626,0.054126497358083725,3.141592653589793,-3.141085386276245,-0.00926928035914898,-1.5488444566726685,-0.009279130958020687
0.09442710876464844,5.0,-0.00015624999650754035,0.0,1.9531249563442543e-05,-3.0,-0.008520507253706455,0.5,0.004588562063872814,-1.5624999650754035e-05,0.00041981221875175834,-0.25,-0.17998576164245605,6.577694286258108e-05,4.904722663923167e-05,-0.0674508639824699,0.03912603482604027,3.141592653589793,-3.1411962509155273,-0.008669624105095863,-0.8964934945106506,-0.007064545527100563
0.0993504524230957,5.0,-0.00015624999650754035,0.0,1.9531249563442543e-05,-3.0,-0.008520507253706455,0.5,0.004588562063872814,-1.5624999650754035e-05,0.00041981221875175834,-0.25,-0.17998576164245605,5.323069454997351e-05,0.0001219243131345138,-0.060428643203542375,0.03171717748045921,3.141592653589793,-3.1412549018859863,-0.00771732721477747,-0.7620930671691895,-0.005892958492040634
0.10403752326965332,5.0,-0.00015624999650754035,0.0,1.9531249563442543e-05,-3.0,-0.009487304836511612,0.5,0.0059702335856854916,-1.5624999650754035e-05,0.0004220025148242712,-0.25,-0.027071909978985786,5.820761335470156e-05,0.0001219243131345138,-0.05736131787560674,0.03171717748045921,3.141592653589793,-3.1412549018859863,-0.00771732721477747,-0.7620930671691895,-0.005892958492040634
0.10890626907348633,5.0,-0.00015624999650754035,0.0,1.9531249563442543e-05,-3.0,-0.009487304836511612,0.5,0.0059702335856854916,-1.5624999650754035e-05,0.0004220025148242712,-0.25,-0.027071909978985786,5.357716784446484e-05,0.00017212837701663375,-0.06035725977827866,0.02594923786818981,3.141592653589793,-3.1412956714630127,-0.006230209954082966,-0.773854672908783,-0.004952042363584042
0.11360621452331543,5.0,-0.00015624999650754035,0.0,1.9531249563442543e-05,-3.0,-0.009726562537252903,0.5,0.003949029371142387,-1.5624999650754035e-05,0.0004118844517506659,-0.25,-0.027884816750884056,3.0875142060519345e-05,0.00017212837701663375,-0.06494691694632297,0.02594923786818981,3.141592653589793,-3.1412956714630127,-0.006230209954082966,-0.773854672908783,-0.004952042363584042
0.11850309371948242,5.0,-0.00015624999650754035,0.0,1.9531249563442543e-05,-3.0,-0.009726562537252903,0.5,0.003949029371142387,-1.5624999650754035e-05,0.0004118844517506659,-0.25,-0.027884816750884056,5.244505494042431e-05,0.0001940769434440881,-0.06069501456763586,0.022640585899353027,3.141592653589793,-3.141315460205078,-0.005098854191601276,-0.8038368821144104,-0.00436925794929266
0.12316060066223145,5.0,-0.00015624999650754035,0.0,1.9531249563442543e-05,-3.0,-0.009750976227223873,0.5,0.002140925033017993,-1.5624999650754035e-05,0.0003968633245676756,-0.25,0.03960512578487396,5.248487750518417e-05,0.0001940769434440881,-0.06074122178442909,0.022640585899353027,3.141592653589793,-3.141315460205078,-0.005098854191601276,-0.8038368821144104,-0.00436925794929266
0.1277155876159668,5.0,-0.00015624999650754035,0.0,1.9531249563442543e-05,-3.0,-0.009750976227223873,0.5,0.002140925033017993,-1.5624999650754035e-05,0.0003968633245676756,-0.25,0.03960512578487396,1.774259774492436e-05,0.00021890923380851746,-0.06497305411343901,0.011123417876660824,3.141592653589793,-3.1413562297821045,-0.0008739986224099994,-0.9046981930732727,-0.0023340662010014057
0.1325223445892334,5.0,-0.00015624999650754035,0.0,1.9531249563442543e-05,-3.0,-0.009750976227223873,0.5,0.002140925033017993,-1.5624999650754035e-05,0.0003968633245676756,-0.25,0.03960512578487396,5.075957444450956e-05,0.00021890923380851746,-0.06105141088843551,0.011123417876660824,3.141592653589793,-3.1413562297821045,-0.0008739986224099994,-0.9046981930732727,-0.0023340662010014057
0.13728094100952148,5.0,-0.00015624999650754035,0.0,1.9531249563442543e-05,-3.0,-0.008784179575741291,0.5,0.0022282456047832966,-1.5624999650754035e-05,0.00039784613181836903,-0.25,0.13467060029506683,5.2982192277663255e-05,0.00021621202176902443,-0.06090480562946598,0.0027041432913392782,3.141592653589793,-3.1413724422454834,0.0008895131759345531,-0.9159236550331116,-0.0010720491409301758
0.14181828498840332,5.0,-0.00015624999650754035,0.0,1.9531249563442543e-05,-3.0,-0.008784179575741291,0.5,0.0022282456047832966,-1.5624999650754035e-05,0.00039784613181836903,-0.25,0.13467060029506683,5.0954383374491055e-05,-5.432847319752909e-05,-0.06113347755104864,0.0036294457968324423,3.141592653589793,-3.1413016319274902,-0.005108181852847338,0.09826231747865677,0.0035035761538892984
0.14649081230163574,5.0,-0.00015624999650754035,0.0,3.9062499126885086e-05,-3.0,-0.008515625260770321,0.5,-0.004298316314816475,-0.00044925182688057384,0.00011056847870349884,-0.25,0.009940898045897484,0.00038178062467553387,-5.432847319752909e-05,-0.07593174007497583,0.0036294457968324423,3.141592653589793,-3.1413016319274902,-0.005108181852847338,0.09826231747865677,0.0035035761538892984
0.15107202529907227,5.0,-0.00015624999650754035,0.0,3.9062499126885086e-05,-3.0,-0.008515625260770321,0.5,-0.004298316314816475,-3.124999930150807e-05,0.00011056847870349884,-0.25,0.009940898045897484,-0.0008940047183704201,-5.432847319752909e-05,-0.062009997894566314,0.0036294457968324423,3.141592653589793,-3.1413016319274902,-0.005108181852847338,0.09826231747865677,0.0035035761538892984
0.15593242645263672,5.0,-7.812499825377017e-05,0.0,3.9062499126885086e-05,-3.0,-0.008857421576976776,0.5,0.012153471820056438,-3.124999930150807e-05,9.339682583231479e-05,-0.25,-0.02850862592458725,1.84351603791401e-05,-5.8589535001374315e-06,-0.06205901973693346,0.001414179801940918,3.141592653589793,-3.141275644302368,-0.002365831518545747,-0.2878974676132202,0.0019363517640158534
0.1605241298675537,5.0,-7.812499825377017e-05,0.0,3.9062499126885086e-05,-3.0,-0.008857421576976776,0.5,0.012153471820056438,-3.124999930150807e-05,9.339682583231479e-05,-0.25,-0.02850862592458725,-2.1011120962364514e-05,-7.350323721766472e-05,-0.024300227214079678,-0.0010826587677001953,3.141592653589793,-3.1412787437438965,0.004890819080173969,-0.2257516235113144,-0.004104400519281626
0.16519713401794434,5.0,-7.812499825377017e-05,0.0,3.9062499126885086e-05,-3.0,-0.008857421576976776,0.5,0.012153471820056438,-3.124999930150807e-05,9.339682583231479e-05,-0.25,-0.02850862592458725,1.639765836227419e-05,-7.350323721766472e-05,-0.06017520026915546,-0.0010826587677001953,3.141592653589793,-3.1412787437438965,0.004890819080173969,-0.2257516235113144,-0.004104400519281626
0.1699202060699463,5.0,0.0,0.0,3.9062499126885086e-05,-3.0,-0.009047850966453552,0.5,0.004733193200081587,-3.124999930150807e-05,0.0007031244458630681,-0.25,-0.001234899740666151,0.0013805899186068917,-7.350323721766472e-05,-0.07682312115469082,-0.0010826587677001953,3.141592653589793,-3.1412787437438965,0.004890819080173969,-0.2257516235113144,-0.004104400519281626
0.17473363876342773,5.0,0.0,0.0,3.9062499126885086e-05,-3.0,-0.009047850966453552,0.5,0.004733193200081587,-3.124999930150807e-05,0.0007031244458630681,-0.25,-0.001234899740666151,8.970504007359006e-05,-7.456849562004209e-05,-0.061160095988619004,-0.0017604826716706157,3.141592653589793,-3.141267776489258,0.005258667282760143,0.04815233498811722,0.002283266745507717
0.17966461181640625,5.0,-3.9062499126885086e-05,0.0,3.9062499126885086e-05,-3.0,-0.008925780653953552,0.5,-0.007011983077973127,-3.124999930150807e-05,-0.0006279400549829006,-0.25,0.018031613901257515,-0.002769476748913836,-5.805691034765914e-05,-0.08643870408035853,-0.0006446837796829641,3.141592653589793,-3.141270399093628,-0.009861110709607601,0.17701905965805054,-0.0020807567052543163
0.1840057373046875,5.0,-3.9062499126885086e-05,0.0,3.9062499126885086e-05,-3.0,-0.008925780653953552,0.5,-0.007011983077973127,-3.124999930150807e-05,-0.0006279400549829006,-0.25,0.018031613901257515,-7.013335140782354e-05,-5.805691034765914e-05,-0.06266353844335953,-0.0006446837796829641,3.141592653589793,-3.141270399093628,-0.009861110709607601,0.17701905965805054,-0.0020807567052543163
0.18882989883422852,5.0,-3.9062499126885086e-05,0.0,2.9296874345163815e-05,-3.0,-0.008974608965218067,0.5,0.0059877424500882626,0.00017899404685416776,6.152220157673582e-05,-0.25,-0.01390812173485756,0.000980732487605021,-4.2610568925738335e-05,-0.03420411618136414,-0.0011125802993774414,3.141592653589793,-3.1413772106170654,0.008036432787775993,-0.14825692772865295,-0.0012619009939953685
0.19339418411254883,5.0,-3.9062499126885086e-05,0.0,2.9296874345163815e-05,-3.0,-0.008974608965218067,0.5,0.0059877424500882626,-2.3437499476131054e-05,6.152220157673582e-05,-0.25,-0.01390812173485756,0.0004551730783960594,-4.2610568925738335e-05,-0.06119633153604095,-0.0011125802993774414,3.141592653589793,-3.1413772106170654,0.008036432787775993,-0.14825692772865295,-0.0012619009939953685
0.19834375381469727,5.0,0.00015624999650754035,0.0,2.9296874345163815e-05,-3.0,-0.0093994140625,0.5,0.017868058755993843,-2.3437499476131054e-05,7.663963333470747e-05,-0.25,-0.042297691106796265,4.402796076826378e-05,-6.498113361885771e-05,-0.03581569496093824,-0.0045309062115848064,3.141592653589793,-3.141383409500122,-0.00035946356365457177,-0.45218726992607117,-5.8433914091438055e-05
0.20320415496826172,5.0,0.00015624999650754035,0.0,2.9296874345163815e-05,-3.0,-0.0093994140625,0.5,0.017868058755993843,-2.3437499476131054e-05,7.663963333470747e-05,-0.25,-0.042297691106796265,1.3494767829487635e-05,-6.498113361885771e-05,-0.059865287585176515,-0.0045309062115848064,3.141592653589793,-3.141383409500122,-0.00035946356365457177,-0.45218726992607117,-5.8433914091438055e-05
0.20754265785217285,5.0,0.00015624999650754035,0.0,2.9296874345163815e-05,-3.0,-0.0093994140625,0.5,0.017868058755993843,-2.3437499476131054e-05,7.663963333470747e-05,-0.25,-0.042297691106796265,1.3503451528073904e-05,-8.202536992030218e-05,-0.05990712220152677,-0.008411169052124023,3.141592653589793,-3.1413731575012207,-0.0008890763274393976,-0.20610074698925018,0.001216611242853105
0.21201491355895996,5.0,0.0002734375011641532,0.0,2.9296874345163815e-05,-3.0,-0.009707030840218067,0.5,0.005241690669208765,-2.3437499476131054e-05,0.00011311651178402826,-0.25,-0.011610020883381367,9.945548682357711e-05,-8.202536992030218e-05,-0.08969920144154339,-0.008411169052124023,3.141592653589793,-3.1413731575012207,-0.0008890763274393976,-0.20610074698925018,0.001216611242853105
0.21666455268859863,5.0,0.0002734375011641532,0.0,2.9296874345163815e-05,-3.0,-0.009707030840218067,0.5,0.005241690669208765,-2.3437499476131054e-05,0.00011311651178402826,-0.25,-0.011610020883381367,1.790558956859654e-05,-8.522113785147667e-05,-0.061512549037284245,-0.00877690315246582,3.141592653589793,-3.1413662433624268,-0.0006813142681494355,-0.0372062586247921,0.0013119878713041544
0.2213914394378662,5.0,0.00039062497671693563,0.0,2.9296874345163815e-05,-3.0,-0.010141601786017418,0.5,0.013082734309136868,-2.3437499476131054e-05,0.0002956647949758917,-0.25,-0.06091909110546112,0.0004260329128019158,-8.522113785147667e-05,-0.0440294783601408,-0.00877690315246582,3.141592653589793,-3.1413662433624268,-0.0006813142681494355,-0.0372062586247921,0.0013119878713041544
0.22589826583862305,5.0,0.00039062497671693563,0.0,2.9296874345163815e-05,-3.0,-0.010141601786017418,0.5,0.013082734309136868,-2.3437499476131054e-05,0.0002956647949758917,-0.25,-0.06091909110546112,3.987031353266985e-05,-8.522113785147667e-05,-0.060661544887676555,-0.00877690315246582,3.141592653589793,-3.1413662433624268,-0.0006813142681494355,-0.0372062586247921,0.0013119878713041544
0.2306385040283203,5.0,0.00039062497671693563,0.0,2.9296874345163815e-05,-3.0,-0.010141601786017418,0.5,0.013082734309136868,-2.3437499476131054e-05,0.0002956647949758917,-0.25,-0.06091909110546112,3.990056595032148e-05,-0.00010599380038911477,-0.060707706964037565,-0.01882612518966198,3.141592653589793,-3.141331911087036,0.0024705894757062197,-0.942859947681427,0.001744421198964119
0.2356867790222168,5.0,0.0006249999860301614,0.0,2.9296874345163815e-05,-3.0,-0.011152343824505806,0.5,0.026379546150565147,-2.3437499476131054e-05,0.0001583098346600309,-0.25,-0.10071435570716858,-0.00024864663906233635,-0.0001320927549386397,-0.03282059126539469,-0.028554674237966537,3.141592653589793,-3.1413159370422363,0.00261968863196671,-1.0107839107513428,0.001267015002667904
0.24033045768737793,5.0,0.0006249999860301614,0.0,2.9296874345163815e-05,-3.0,-0.011152343824505806,0.5,0.026379546150565147,-2.3437499476131054e-05,0.0001583098346600309,-0.25,-0.10071435570716858,2.345320044722028e-05,-0.0001320927549386397,-0.05920389569287998,-0.028554674237966537,3.141592653589793,-3.1413159370422363,0.00261968863196671,-1.0107839107513428,0.001267015002667904
0.24505305290222168,5.0,0.001015624962747097,0.0,2.9296874345163815e-05,-3.0,-0.012158202938735485,0.5,0.03340693190693855,-2.3437499476131054e-05,0.00021291266602929682,-0.25,-0.07468907535076141,0.00014564825671717515,-0.0001491370057919994,-0.043524332576859226,-0.03421759232878685,3.141592653589793,-3.1413094997406006,0.002291116863489151,-0.7757448554039001,0.001054698834195733
0.2497859001159668,5.0,0.001015624962747097,0.0,2.9296874345163815e-05,-3.0,-0.012158202938735485,0.5,0.03340693190693855,-2.3437499476131054e-05,0.00021291266602929682,-0.25,-0.07468907535076141,3.005023611919067e-05,-0.0001491370057919994,-0.05844884627997383,-0.03421759232878685,3.141592653589793,-3.1413094997406006,0.002291116863489151,-0.7757448554039001,0.001054698834195733
0.2544867992401123,5.0,0.0013671874767169356,0.0,2.9296874345163815e-05,-3.0,-0.012968749739229679,0.5,0.03230711445212364,-2.3437499476131054e-05,0.00022002898913342506,-0.25,-0.08567535877227783,3.0072457284910993e-05,-0.00012783173588104546,-0.05849271441887645,-0.04224848374724388,3.141592653589793,-3.141296148300171,-0.003713585902005434,-0.8080869317054749,0.0008142570732161403
0.2596251964569092,5.0,0.0013671874767169356,0.0,2.9296874345163815e-05,-3.0,-0.012968749739229679,0.5,0.03230711445212364,-2.3437499476131054e-05,0.00022002898913342506,-0.25,-0.08567535877227783,4.480074175872454e-05,-0.00012783173588104546,-0.06081314645288921,-0.04224848374724388,3.141592653589793,-3.141296148300171,-0.003713585902005434,-0.8080869317054749,0.0008142570732161403
0.26445960998535156,5.0,0.0017578124534338713,0.0,2.9296874345163815e-05,-3.0,-0.014018554240465164,0.5,0.03758285567164421,-2.3437499476131054e-05,0.00023071600298862904,-0.25,-0.08850569278001785,3.09749769616806e-05,-7.829692185623571e-05,-0.058717976766143515,-0.04966270551085472,3.141592653589793,-3.141291379928589,-0.006211178842931986,-0.8045427203178406,0.00020479460363276303
0.2691471576690674,5.0,0.0017578124534338713,0.0,2.9296874345163815e-05,-3.0,-0.014018554240465164,0.5,0.03758285567164421,-2.3437499476131054e-05,0.00023071600298862904,-0.25,-0.08850569278001785,5.507997672795815e-05,-7.829692185623571e-05,-0.04687343975618054,-0.04966270551085472,3.141592653589793,-3.141291379928589,-0.006211178842931986,-0.8045427203178406,0.00020479460363276303
0.2739436626434326,5.0,0.0017578124534338713,0.0,2.9296874345163815e-05,-3.0,-0.014018554240465164,0.5,0.03758285567164421,-2.3437499476131054e-05,0.00023071600298862904,-0.25,-0.08850569278001785,3.230562672831731e-05,-1.9174762201146223e-05,-0.058172599590737235,-0.0563582144677639,3.141592653589793,-3.1412925720214844,-0.006585858296602964,-0.702134907245636,-0.0002810086589306593
0.2785663604736328,5.0,0.0021484375465661287,0.0,2.9296874345163815e-05,-3.0,-0.014536132104694843,0.5,0.03439640626311302,-2.3437499476131054e-05,0.0013167583383619785,-0.25,-0.01571173034608364,0.0025121236945227234,-1.9174762201146223e-05,-0.0654910718866954,-0.0563582144677639,3.141592653589793,-3.1412925720214844,-0.006585858296602964,-0.702134907245636,-0.0002810086589306593
0.2832639217376709,5.0,0.0021484375465661287,0.0,2.9296874345163815e-05,-3.0,-0.014536132104694843,0.5,0.03439640626311302,-2.3437499476131054e-05,0.0013167583383619785,-0.25,-0.01571173034608364,0.00016288052642203266,-0.00012410330236889422,-0.0586417644423377,-0.05901479348540306,3.141592653589793,-3.1413118839263916,0.050961099565029144,-0.5665332674980164,-0.007926690392196178
0.2877638339996338,5.0,0.002343749860301614,0.0,3.9062499126885086e-05,-3.0,-0.014970703050494194,0.5,0.02264936827123165,-2.3437499476131054e-05,0.0008860149537213147,-0.25,-0.05847805738449097,0.00016300114169571505,-0.00012410330236889422,-0.058683667948751114,-0.05901479348540306,3.141592653589793,-3.1413118839263916,0.050961099565029144,-0.5665332674980164,-0.007926690392196178
0.29302072525024414,5.0,0.002343749860301614,0.0,3.9062499126885086e-05,-3.0,-0.014970703050494194,0.5,0.02264936827123165,-0.00021701805719289842,0.0008860149537213147,-0.25,-0.05847805738449097,-0.00031648896140702536,-0.00032224235474132,-0.08248947881581316,-0.06315791606903076,3.141592653589793,-3.1413848400115967,0.001532900845631957,-0.30398669838905334,-0.005438412539660931
0.2976067066192627,5.0,0.0026953124906867743,0.0,3.9062499126885086e-05,-3.0,-0.016147460788488388,0.5,0.0338422991335392,-3.124999930150807e-05,0.0009394091321155429,-0.25,-0.12401410937309265,-0.00016978723329669708,-0.00032224235474132,-0.03443626528917734,-0.06315791606903076,3.141592653589793,-3.1413848400115967,0.001532900845631957,-0.30398669838905334,-0.005438412539660931
0.3019578456878662,5.0,0.0026953124906867743,0.0,3.9062499126885086e-05,-3.0,-0.016147460788488388,0.5,0.0338422991335392,-3.124999930150807e-05,0.0009394091321155429,-0.25,-0.12401410937309265,0.00011894620536809924,-0.00026098976377397776,-0.05888367056179951,-0.06593023985624313,3.141592653589793,-3.141435384750366,-0.010358789004385471,-0.3069629967212677,-0.005703311879187822
0.306502103805542,5.0,0.0026953124906867743,0.0,3.9062499126885086e-05,-3.0,-0.016147460788488388,0.5,0.0338422991335392,-3.124999930150807e-05,0.0009394091321155429,-0.25,-0.12401410937309265,0.00011903442388084801,-0.00013528858835343271,-0.0589260373801251,-0.06850516051054001,3.141592653589793,-3.141483783721924,-0.01519725564867258,-0.280264288187027,-0.005328144412487745
0.3110990524291992,5.0,0.003085937350988388,0.0,3.9062499126885086e-05,-3.0,-0.0175634752959013,0.5,0.040970563888549805,-3.124999930150807e-05,0.0009637834155000746,-0.25,-0.12562689185142517,0.00017507356506161724,-0.00013528858835343271,-0.04260633444341924,-0.06850516051054001,3.141592653589793,-3.141483783721924,-0.01519725564867258,-0.280264288187027,-0.005328144412487745
0.31540822982788086,5.0,0.003085937350988388,0.0,3.9062499126885086e-05,-3.0,-0.0175634752959013,0.5,0.040970563888549805,-3.124999930150807e-05,0.0009637834155000746,-0.25,-0.12562689185142517,0.00012213657574676503,-0.00013528858835343271,-0.05815240908964326,-0.06850516051054001,3.141592653589793,-3.141483783721924,-0.01519725564867258,-0.280264288187027,-0.005328144412487745
0.3200857639312744,5.0,0.003085937350988388,0.0,3.9062499126885086e-05,-3.0,-0.0175634752959013,0.5,0.040970563888549805,-3.124999930150807e-05,0.0009637834155000746,-0.25,-0.12562689185142517,0.00012222966180140002,-8.522114512743428e-06,-0.05819535160648072,-0.07058011740446091,3.141592653589793,-3.1415224075317383,-0.014061234891414642,-0.2312072366476059,-0.004250814206898212
0.32494568824768066,5.0,0.0035937498323619366,0.0,4.8828122089616954e-05,-3.0,-0.018281249329447746,0.5,0.04182744771242142,-0.0002400043709795729,0.0009656877373345196,-0.25,-0.015267225913703442,0.0005810867485284475,-8.522114512743428e-06,-0.05637389632880508,-0.07058011740446091,3.141592653589793,-3.1415224075317383,-0.014061234891414642,-0.2312072366476059,-0.004250814206898212
0.3295602798461914,5.0,0.0035937498323619366,0.0,4.8828122089616954e-05,-3.0,-0.018281249329447746,0.5,0.04182744771242142,-3.906249767169357e-05,0.0009656877373345196,-0.25,-0.015267225913703442,-0.00031184327588670645,9.755011706147343e-05,-0.058179344810384656,-0.07224451750516891,3.141592653589793,-3.1415507793426514,-0.011631212197244167,-0.1869455724954605,-0.00307596568018198
0.33453989028930664,5.0,0.003984374925494194,0.0,4.8828122089616954e-05,-3.0,-0.017758788540959358,0.5,0.04378210008144379,-3.906249767169357e-05,0.0009610512643121183,-0.25,0.06339675188064575,0.00011383791355815679,0.0001816053263610229,-0.05406491046273747,-0.0736614465713501,3.141592653589793,-3.141570568084717,-0.00863712653517723,-0.15865236520767212,-0.0018502955790609121
0.33960628509521484,5.0,0.003984374925494194,0.0,4.8828122089616954e-05,-3.0,-0.017758788540959358,0.5,0.04378210008144379,-3.906249767169357e-05,0.0009610512643121183,-0.25,0.06339675188064575,0.00012325016811308488,0.0001816053263610229,-0.05803644987444758,-0.0736614465713501,3.141592653589793,-3.141570568084717,-0.00863712653517723,-0.15865236520767212,-0.0018502955790609121
0.344512939453125,5.0,0.0045312498696148396,0.0,4.8828122089616954e-05,-3.0,-0.01729492098093033,0.5,0.05415155738592148,-3.906249767169357e-05,0.0009332257905043662,-0.25,0.029408570379018784,6.329685722344296e-05,0.00023627250629942864,-0.03570240963456397,-0.07492124289274216,3.141592653589793,-3.141580820083618,-0.004670963156968355,-0.13680347800254822,-0.0007244468433782458
0.34932422637939453,5.0,0.0045312498696148396,0.0,4.8828122089616954e-05,-3.0,-0.01729492098093033,0.5,0.05415155738592148,-3.906249767169357e-05,0.0009332257905043662,-0.25,0.029408570379018784,0.00012010008406607042,0.00023627250629942864,-0.05687876957764959,-0.07492124289274216,3.141592653589793,-3.141580820083618,-0.004670963156968355,-0.13680347800254822,-0.0007244468433782458
0.35391855239868164,5.0,0.005234374664723873,0.0,5.859374869032763e-05,-3.0,-0.017343750223517418,0.5,0.065462626516819,-3.906249767169357e-05,0.0008964340086095035,-0.25,-0.011312288232147694,0.00012018942425368272,0.0002521068090572953,-0.0569197370396608,-0.07599138468503952,3.141592653589793,-3.141580104827881,-0.0010722281876951456,-0.11107064038515091,0.000295592617476359
0.35889315605163574,5.0,0.005234374664723873,0.0,5.859374869032763e-05,-3.0,-0.017343750223517418,0.5,0.065462626516819,-0.00024318464052363613,0.0008964340086095035,-0.25,-0.011312288232147694,0.000476751682454186,0.0002521068090572953,-0.03286801296384499,-0.07599138468503952,3.141592653589793,-3.141580104827881,-0.0010722281876951456,-0.11107064038515091,0.000295592617476359
0.3635590076446533,5.0,0.005234374664723873,0.0,5.859374869032763e-05,-3.0,-0.017343750223517418,0.5,0.065462626516819,-4.687499895226211e-05,0.0008964340086095035,-0.25,-0.011312288232147694,-0.00030382368260672494,0.00024966540513560176,-0.05564619150598843,-0.07680964469909668,3.141592653589793,-3.141573667526245,0.0008196998969651759,-0.08614099025726318,0.001024231081828475
0.36832380294799805,5.0,0.006015624850988388,0.0,5.859374869032763e-05,-3.0,-0.017402343451976776,0.5,0.07194899767637253,-4.687499895226211e-05,0.0008749685948714614,-0.25,0.011465746909379959,6.937529580182557e-05,0.00024966540513560176,-0.04129550238788598,-0.07680964469909668,3.141592653589793,-3.141573667526245,0.0008196998969651759,-0.08614099025726318,0.001024231081828475
0.37278151512145996,5.0,0.006015624850988388,0.0,5.859374869032763e-05,-3.0,-0.017402343451976776,0.5,0.07194899767637253,-4.687499895226211e-05,0.0008749685948714614,-0.25,0.011465746909379959,0.00011450750493874393,0.00023812292783986777,-0.0549467810382297,-0.07740592211484909,3.141592653589793,-3.1415634155273438,0.001331449719145894,-0.05869639664888382,0.0013661887496709824
0.3772721290588379,5.0,0.006796875037252903,0.0,5.859374869032763e-05,-3.0,-0.0165869127959013,0.5,0.07266546040773392,-4.687499895226211e-05,0.0008727639797143638,-0.25,0.11151686310768127,0.00010941616124471324,0.00022716436069458723,-0.05330371818396396,-0.07770872116088867,3.141592653589793,-3.1415531635284424,0.0014990726485848427,-0.0347718670964241,0.001388034550473094
0.38234686851501465,5.0,0.006796875037252903,0.0,5.859374869032763e-05,-3.0,-0.0165869127959013,0.5,0.07266546040773392,-4.687499895226211e-05,0.0008727639797143638,-0.25,0.11151686310768127,0.0001144188845564009,0.00022716436069458723,-0.054942557628235765,-0.07770872116088867,3.141592653589793,-3.1415531635284424,0.0014990726485848427,-0.0347718670964241,0.001388034550473094
0.3870413303375244,5.0,0.007617187220603228,0.0,6.83593752910383e-05,-3.0,-0.01596679724752903,0.5,0.07977809011936188,-0.00026271191218746337,0.0015924298204481602,-0.25,0.027690529823303223,0.002219632947461165,-3.249055953347124e-05,-0.038977388581263296,-0.0769115686416626,3.141592653589793,3.141592025756836,0.027793772518634796,0.09821438789367676,-0.004773635417222977
0.39141106605529785,5.0,0.007617187220603228,0.0,6.83593752910383e-05,-3.0,-0.01596679724752903,0.5,0.07977809011936188,-5.468750023283065e-05,0.0015924298204481602,-0.25,0.027690529823303223,-0.00027402278011980216,-3.249055953347124e-05,-0.054165221550878676,-0.0769115686416626,3.141592653589793,3.141592025756836,0.027793772518634796,0.09821438789367676,-0.004773635417222977
0.39609384536743164,5.0,0.008398436941206455,0.0,6.83593752910383e-05,-3.0,-0.016054688021540642,0.5,0.0906340703368187,-5.468750023283065e-05,0.0016067663673311472,-0.25,-0.0279846154153347,0.00023452586842443617,-0.00019760653958655894,-0.02971807195980279,-0.07624292373657227,3.141592653589793,3.141554117202759,0.014294838532805443,0.06342609971761703,-0.004106977488845587
0.4008827209472656,5.0,0.008398436941206455,0.0,6.83593752910383e-05,-3.0,-0.016054688021540642,0.5,0.0906340703368187,-5.468750023283065e-05,0.0016067663673311472,-0.25,-0.0279846154153347,0.00020406953276566787,-0.00019760653958655894,-0.05294005138098984,-0.07624292373657227,3.141592653589793,3.141554117202759,0.014294838532805443,0.06342609971761703,-0.004106977488845587
0.40561914443969727,5.0,0.008398436941206455,0.0,6.83593752910383e-05,-3.0,-0.016054688021540642,0.5,0.0906340703368187,-5.468750023283065e-05,0.0016067663673311472,-0.25,-0.0279846154153347,0.0002042269197482663,-0.00025832653045654297,-0.052978829989114996,-0.07586061954498291,3.141592653589793,3.141522169113159,0.0033293263986706734,0.03304160386323929,-0.003278051270172
0.4104771614074707,5.0,0.009492186829447746,0.0,6.83593752910383e-05,-3.0,-0.016547851264476776,0.5,0.10005853325128555,-5.468750023283065e-05,0.0016356399282813072,-0.25,-0.04350878670811653,0.00026729085037668866,-0.00025832653045654297,-0.03248693815499136,-0.07586061954498291,3.141592653589793,3.141522169113159,0.0033293263986706734,0.03304160386323929,-0.003278051270172
0.4150676727294922,5.0,0.009492186829447746,0.0,6.83593752910383e-05,-3.0,-0.016547851264476776,0.5,0.10005853325128555,-5.468750023283065e-05,0.0016356399282813072,-0.25,-0.04350878670811653,0.00020801116919283216,-0.00025939184706658125,-0.05192347160463572,-0.07575046271085739,3.141592653589793,3.1415088176727295,-0.00042330235010012984,0.024410871788859367,-0.002976013580337167
0.41986989974975586,5.0,0.010625000111758709,0.0,7.812499825377017e-05,-3.0,-0.01616210862994194,0.5,0.0998314917087555,-0.0002658561273642023,0.0016349764773622155,-0.25,0.07106237858533859,0.0006718034278186556,-0.00025939184706658125,-0.05246193444979969,-0.07575046271085739,3.141592653589793,3.1415088176727295,-0.00042330235010012984,0.024410871788859367,-0.002976013580337167
0.4243030548095703,5.0,0.010625000111758709,0.0,7.812499825377017e-05,-3.0,-0.01616210862994194,0.5,0.0998314917087555,-6.249999860301614e-05,0.0016349764773622155,-0.25,0.07106237858533859,-0.00024951435773034757,-7.35032299417071e-05,-0.05202463077114902,-0.07456052303314209,3.141592653589793,3.1414973735809326,-0.06455978006124496,0.47259029746055603,0.012201471254229546
0.42937541007995605,5.0,0.01140624936670065,0.0,7.812499825377017e-05,-3.0,-0.015102538280189037,0.5,0.047454480081796646,-6.249999860301614e-05,0.00032806434319354594,-0.25,0.07452016323804855,-0.0025241267441326286,-7.35032299417071e-05,-0.16161552748663655,-0.07456052303314209,3.141592653589793,3.1414973735809326,-0.06455978006124496,0.47259029746055603,0.012201471254229546
0.4339005947113037,5.0,0.01140624936670065,0.0,7.812499825377017e-05,-3.0,-0.015102538280189037,0.5,0.047454480081796646,-6.249999860301614e-05,0.00032806434319354594,-0.25,0.07452016323804855,5.244763604628992e-05,2.253827915410511e-06,-0.05839673864007939,-0.0691220685839653,3.141592653589793,3.141554594039917,-0.004995414521545172,0.6952264308929443,0.005364295095205307
0.4384324550628662,5.0,0.011835937388241291,0.0,7.812499825377017e-05,-3.0,-0.01442871056497097,0.5,0.03014388307929039,-6.249999860301614e-05,0.0019745405297726393,-0.25,0.0493253618478775,0.0038833226546671367,2.253827915410511e-06,-0.09871414841528701,-0.0691220685839653,3.141592653589793,3.141554594039917,-0.004995414521545172,0.6952264308929443,0.005364295095205307
0.44303107261657715,5.0,0.011835937388241291,0.0,7.812499825377017e-05,-3.0,-0.01442871056497097,0.5,0.03014388307929039,-6.249999860301614e-05,0.0019745405297726393,-0.25,0.0493253618478775,0.0002503967615065107,-1.5978962437657174e-06,-0.060559810498264185,-0.06362497061491013,3.141592653589793,3.141533851623535,-0.0033519910648465157,0.5275396108627319,-0.002694597002118826
0.44771599769592285,5.0,0.011835937388241291,0.0,7.812499825377017e-05,-3.0,-0.01442871056497097,0.5,0.03014388307929039,-6.249999860301614e-05,0.0019745405297726393,-0.25,0.0493253618478775,0.00025058762915169133,-1.5978962437657174e-06,-0.0606038353123811,-0.06362497061491013,3.141592653589793,3.141533851623535,-0.0033519910648465157,0.5275396108627319,-0.002694597002118826
0.45221376419067383,5.0,0.011914062313735485,0.0,9.765624417923391e-05,-3.0,-0.014228515326976776,0.5,0.01664007641375065,-0.0005123682124658693,0.002514086663722992,-0.25,0.04498785734176636,0.002569379979191242,3.3921583053597715e-06,-0.09229113380019252,-0.06144344434142113,3.141592653589793,3.141515016555786,-0.0017488475423306227,0.4925418794155121,-0.0044335536658763885
0.45673203468322754,5.0,0.011914062313735485,0.0,9.765624417923391e-05,-3.0,-0.014228515326976776,0.5,0.01664007641375065,-7.812499534338714e-05,0.002514086663722992,-0.25,0.04498785734176636,-0.0006433681686204196,1.1288001587672625e-05,-0.062311451931230555,-0.053723808377981186,3.141592653589793,-3.1415891647338867,-0.005228165537118912,0.6567374467849731,0.0009564370848238468
0.4616847038269043,5.0,0.011562500149011612,0.0,0.00011718749738065526,-3.0,-0.013413085602223873,0.5,-0.028380820527672768,-0.00048810812348934284,0.0006433809176087379,-0.25,0.06295791268348694,-0.0028068244041913144,1.1288001587672625e-05,-0.1586685880053048,-0.053723808377981186,3.141592653589793,-3.1415891647338867,-0.005228165537118912,0.6567374467849731,0.0009564370848238468
0.4666564464569092,5.0,0.011562500149011612,0.0,0.00011718749738065526,-3.0,-0.013413085602223873,0.5,-0.028380820527672768,-9.374999790452422e-05,0.0006433809176087379,-0.25,0.06295791268348694,-0.0006979086527189,1.5412208085763268e-05,-0.06781883694092601,-0.04880857095122337,3.141592653589793,-3.141568183898926,-0.0013418825110420585,0.7393715381622314,0.001826016465201974
0.4713413715362549,5.0,0.011210937052965164,0.0,0.00011718749738065526,-3.0,-0.01271972618997097,0.5,-0.026321537792682648,-9.374999790452422e-05,-7.568256842205301e-05,-0.25,0.051583755761384964,9.535941000738948e-05,1.5412208085763268e-05,-0.06786834543207672,-0.04880857095122337,3.141592653589793,-3.141568183898926,-0.0013418825110420585,0.7393715381622314,0.001826016465201974
0.47608470916748047,5.0,0.011210937052965164,0.0,0.00011718749738065526,-3.0,-0.01271972618997097,0.5,-0.026321537792682648,-9.374999790452422e-05,-7.568256842205301e-05,-0.25,0.051583755761384964,-0.0015068706288808426,-0.00011558118421817198,-0.06332974055057035,-0.04195332154631615,3.141592653589793,3.1415340900421143,0.00014329171972349286,0.46342936158180237,-0.020541680976748466
0.48073840141296387,5.0,0.011210937052965164,0.0,0.00011718749738065526,-3.0,-0.01271972618997097,0.5,-0.026321537792682648,-9.374999790452422e-05,-7.568256842205301e-05,-0.25,0.051583755761384964,9.075187287187424e-06,-0.00011558118421817198,-0.06772014868818577,-0.04195332154631615,3.141592653589793,3.1415340900421143,0.00014329171972349286,0.46342936158180237,-0.020541680976748466
0.485487699508667,5.0,0.011093749664723873,0.0,0.00011718749738065526,-3.0,-0.012465819716453552,0.5,-0.018597258254885674,-9.374999790452422e-05,0.0014642146416008472,-0.25,0.03491808474063873,0.00343637882299674,-0.00012676646292675287,-0.050578450143985126,-0.03877079486846924,3.141592653589793,3.1415507793426514,0.0011669107479974627,0.34385332465171814,0.0018393499776721
0.49013304710388184,5.0,0.011093749664723873,0.0,0.00011718749738065526,-3.0,-0.012465819716453552,0.5,-0.018597258254885674,-9.374999790452422e-05,0.0014642146416008472,-0.25,0.03491808474063873,0.00019415558300567808,-0.00012676646292675287,-0.06689067589360186,-0.03877079486846924,3.141592653589793,3.1415507793426514,0.0011669107479974627,0.34385332465171814,0.0018393499776721
0.494732141494751,5.0,0.010859374888241291,0.0,0.00011718749738065526,-3.0,-0.012001953087747097,0.5,-0.014381511136889458,-9.374999790452422e-05,8.105687447823584e-05,-0.25,0.02960185520350933,-0.00297926406380014,-0.00013795174891129136,-0.05726562775647255,-0.03579091653227806,3.141592653589793,3.1415603160858154,0.0005071950145065784,0.33173680305480957,0.0006417641998268664
0.49974918365478516,5.0,0.010859374888241291,0.0,0.00011718749738065526,-3.0,-0.012001953087747097,0.5,-0.014381511136889458,-9.374999790452422e-05,8.105687447823584e-05,-0.25,0.02960185520350933,2.82102702860621e-05,-0.00013795174891129136,-0.06648371349644937,-0.03579091653227806,3.141592653589793,3.1415603160858154,0.0005071950145065784,0.33173680305480957,0.0006417641998268664
0.5040731430053711,5.0,0.010859374888241291,0.0,0.00011718749738065526,-3.0,-0.012001953087747097,0.5,-0.014381511136889458,-9.374999790452422e-05,8.105687447823584e-05,-0.25,0.02960185520350933,2.822538744226982e-05,-0.00013795174891129136,-0.06652819679134633,-0.03579091653227806,3.141592653589793,3.1415603160858154,0.0005071950145065784,0.33173680305480957,0.0006417641998268664
0.5090842247009277,5.0,0.010664062574505806,0.0,0.00011718749738065526,-3.0,-0.01162109337747097,0.5,-0.016537899151444435,-9.374999790452422e-05,6.692348688375205e-05,-0.25,0.034332599490880966,-1.6587810832973316e-06,-0.00014966963499318808,-0.07114197021843359,-0.032265543937683105,3.141592653589793,3.1415603160858154,0.0010207999730482697,0.37497130036354065,-0.00012351202894933522
0.5140650272369385,5.0,0.010664062574505806,0.0,0.00011718749738065526,-3.0,-0.01162109337747097,0.5,-0.016537899151444435,-9.374999790452422e-05,6.692348688375205e-05,-0.25,0.034332599490880966,2.6561489548113505e-05,-0.00016032227722462267,-0.06689018709088371,-0.029651878401637077,3.141592653589793,3.141557455062866,0.00402279244735837,0.39645496010780334,-0.0007295823888853192
0.5186429023742676,5.0,0.010546875186264515,0.0,0.00011718749738065526,-3.0,-0.011396484449505806,0.5,-0.016904450953006744,-9.374999790452422e-05,6.187341932673007e-05,-0.25,0.03480740636587143,1.493826357436121e-05,-0.00016032227722462267,-0.0677822027133879,-0.029651878401637077,3.141592653589793,3.141557455062866,0.00402279244735837,0.39645496010780334,-0.0007295823888853192
0.5230967998504639,5.0,0.010546875186264515,0.0,0.00011718749738065526,-3.0,-0.011396484449505806,0.5,-0.016904450953006744,-9.374999790452422e-05,6.187341932673007e-05,-0.25,0.03480740636587143,2.5983592547626317e-05,-0.00018216019088868052,-0.06702754457634971,-0.025837896391749382,3.141592653589793,3.141545295715332,-0.003979071043431759,0.20788109302520752,0.00622045062482357
0.5277383327484131,5.0,0.01042968686670065,0.0,0.00011718749738065526,-3.0,-0.011059570126235485,0.5,-0.0078082275576889515,-9.374999790452422e-05,-2.8291902708588168e-05,-0.25,0.01661279797554016,-0.00017908780820298742,-0.00018216019088868052,-0.04638568254122679,-0.025837896391749382,3.141592653589793,3.141545295715332,-0.003979071043431759,0.20788109302520752,0.00622045062482357
0.5323400497436523,5.0,0.01042968686670065,0.0,0.00011718749738065526,-3.0,-0.011059570126235485,0.5,-0.0078082275576889515,-9.374999790452422e-05,-2.8291902708588168e-05,-0.25,0.01661279797554016,1.5175854814016693e-05,-0.00019334549142513424,-0.06602987373581423,-0.02433025650680065,3.141592653589793,3.1415295600891113,-0.004387935157865286,0.14758281409740448,-0.0026132087223231792
0.5367202758789062,5.0,0.01042968686670065,0.0,0.00011718749738065526,-3.0,-0.011059570126235485,0.5,-0.0078082275576889515,-9.374999790452422e-05,-2.8291902708588168e-05,-0.25,0.01661279797554016,1.5181589239203516e-05,-0.00019334549142513424,-0.06607436003321514,-0.02433025650680065,3.141592653589793,3.1415295600891113,-0.004387935157865286,0.14758281409740448,-0.0026132087223231792
0.5411186218261719,5.0,0.010351561941206455,0.0,0.00011718749738065526,-3.0,-0.010927733965218067,0.5,-0.00560988811776042,-9.374999790452422e-05,-0.00039361396920867264,-0.25,0.012486482970416546,-0.0008592730968729987,-0.00020293283159844577,-0.0608569313516629,-0.02317511849105358,3.141592653589793,3.1415042877197266,-0.00023685512132942677,0.13637840747833252,-0.0012162892380729318
0.5459380149841309,5.0,0.010351561941206455,0.0,0.00011718749738065526,-3.0,-0.010927733965218067,0.5,-0.00560988811776042,-9.374999790452422e-05,-0.00039361396920867264,-0.25,0.012486482970416546,-2.871234009789738e-05,-0.00020293283159844577,-0.06590377090117754,-0.02317511849105358,3.141592653589793,3.1415042877197266,-0.00023685512132942677,0.13637840747833252,-0.0012162892380729318
0.5503444671630859,5.0,0.010312499478459358,0.0,0.00011718749738065526,-3.0,-0.010883788578212261,0.5,-0.008271151222288609,-9.374999790452422e-05,-0.0007777069113217294,-0.25,0.008869285695254803,-0.0009465240680058537,-0.00018269284919369966,-0.07230738485845795,-0.02213406376540661,3.141592653589793,3.1414849758148193,-0.0037478019949048758,0.11489292234182358,-0.0012717586942017078
0.5549263954162598,5.0,0.010312499478459358,0.0,0.00011718749738065526,-3.0,-0.010883788578212261,0.5,-0.008271151222288609,-9.374999790452422e-05,-0.0007777069113217294,-0.25,0.008869285695254803,-7.492644645020377e-05,-0.00018269284919369966,-0.06631449316311816,-0.02213406376540661,3.141592653589793,3.1414849758148193,-0.0037478019949048758,0.11489292234182358,-0.0012717586942017078
0.5597057342529297,5.0,0.010273437015712261,0.0,0.00012695312034338713,-3.0,-0.010732421651482582,0.5,-0.004734703805297613,-0.00030589249455405785,0.0022101306822150946,-0.25,0.007381373550742865,0.007004756785230993,-0.00020612865046132356,-0.058538916395877466,-0.021230218932032585,3.141592653589793,3.141549825668335,0.00428612157702446,0.09178265184164047,0.01397790014743805
0.5644752979278564,5.0,0.010273437015712261,0.0,0.00012695312034338713,-3.0,-0.010732421651482582,0.5,-0.004734703805297613,-0.00010156249627470971,0.0022101306822150946,-0.25,0.007381373550742865,-0.00014339138508011605,-0.00020612865046132356,-0.06598651272269637,-0.021230218932032585,3.141592653589793,3.141549825668335,0.00428612157702446,0.09178265184164047,0.01397790014743805
0.5691027641296387,5.0,0.010273437015712261,0.0,0.00012695312034338713,-3.0,-0.010732421651482582,0.5,-0.004734703805297613,-0.00010156249627470971,0.0022101306822150946,-0.25,0.007381373550742865,0.0002852265241215723,-0.00021624866349156946,-0.06603322557835088,-0.02077770233154297,3.141592653589793,3.141538381576538,0.0007362504838965833,0.0453355573117733,-0.0006481492891907692
0.5734772682189941,5.0,0.010234374552965164,0.0,0.00011718749738065526,-3.0,-0.010683593340218067,0.5,-0.001533172675408423,0.00012948954567013312,-0.0016313594533130527,-0.25,0.0037419735454022884,-0.009513355694686846,-0.00021624866349156946,-0.05837430600895087,-0.02077770233154297,3.141592653589793,3.141538381576538,0.0007362504838965833,0.0453355573117733,-0.0006481492891907692
0.5782637596130371,5.0,0.010234374552965164,0.0,0.00011718749738065526,-3.0,-0.010683593340218067,0.5,-0.001533172675408423,-9.374999790452422e-05,-0.0016313594533130527,-0.25,0.0037419735454022884,0.0002894039106020553,-0.00023595603124704212,-0.06574093270535726,-0.020565031096339226,3.141592653589793,3.141533851623535,-0.004234106745570898,0.0271762702614069,-0.0056734345853328705
0.5828127861022949,5.0,0.010234374552965164,0.0,0.00011718749738065526,-3.0,-0.01067382749170065,0.5,-0.0009319304372183979,-9.374999790452422e-05,-0.0012934947153553367,-0.25,0.002218065317720175,0.0006061623458548577,-0.00023595603124704212,-0.0643926643890822,-0.020565031096339226,3.141592653589793,3.141533851623535,-0.004234106745570898,0.0271762702614069,-0.0056734345853328705
0.587475061416626,5.0,0.010234374552965164,0.0,0.00011718749738065526,-3.0,-0.01067382749170065,0.5,-0.0009319304372183979,-9.374999790452422e-05,-0.0012934947153553367,-0.25,0.002218065317720175,-0.00013666829951634575,-0.00024554337142035365,-0.06576106834066069,-0.020681260153651237,3.141592653589793,-3.14150071144104,0.006401603575795889,-0.009017102420330048,-0.008977968245744705
0.5918929576873779,5.0,0.010234374552965164,0.0,0.00012695312034338713,-3.0,-0.010698242112994194,0.5,0.0018606036901474,-0.0003226094010511702,-0.0009654825553297997,-0.25,-0.0022851668763905764,0.0011905898385526183,-0.00024554337142035365,-0.059149019790898136,-0.020681260153651237,3.141592653589793,-3.14150071144104,0.006401603575795889,-0.009017102420330048,-0.008977968245744705
0.5965995788574219,5.0,0.010234374552965164,0.0,0.00012695312034338713,-3.0,-0.010698242112994194,0.5,0.0018606036901474,-0.00010156249627470971,-0.0009654825553297997,-0.25,-0.0022851668763905764,-0.0005661584044299416,-0.0002173139073420316,-0.06551686987756833,-0.021045206114649773,3.141592653589793,3.14155912399292,0.001411645906046033,-0.04773687943816185,-0.0007423140341416001
0.6184442043304443,5.0,0.010273437015712261,0.0,0.00012695312034338713,-3.0,-0.010771484114229679,0.5,0.002244586357846856,-0.00010156249627470971,0.00013908982509747148,-0.25,-0.004863782785832882,0.0005417958519269361,-0.0002183791802963242,-0.06551247855749019,-0.021706460043787956,3.141592653589793,3.141545295715332,0.0018133153207600117,-0.055425114929676056,0.0007049650885164738
0.6233117580413818,5.0,0.010312499478459358,0.0,0.00012695312034338713,-3.0,-0.010883788578212261,0.5,0.0036403676494956017,-0.00010156249627470971,8.288226672448218e-05,-0.25,-0.007812083698809147,3.6169786274003526e-05,-0.0001949433790287003,-0.0657367145934243,-0.02275693230330944,3.141592653589793,3.1415679454803467,0.004533435218036175,-0.08778020739555359,0.0024773755576461554
0.6281156539916992,5.0,0.010312499478459358,0.0,0.00012695312034338713,-3.0,-0.010883788578212261,0.5,0.0036403676494956017,-0.00010156249627470971,8.288226672448218e-05,-0.25,-0.007812083698809147,-8.756151247830259e-05,-0.0001949433790287003,-0.06271139063122548,-0.02275693230330944,3.141592653589793,3.1415679454803467,0.004533435218036175,-0.08778020739555359,0.0024773755576461554
0.6326930522918701,5.0,0.010312499478459358,0.0,0.00012695312034338713,-3.0,-0.010883788578212261,0.5,0.0036403676494956017,-0.00010156249627470971,8.288226672448218e-05,-0.25,-0.007812083698809147,2.945948588113795e-05,-0.00018855179951060563,-0.06566235075372934,-0.0236129742115736,3.141592653589793,3.1415634155273438,-0.008594933897256851,-0.12706153094768524,0.00724839000031352
0.6373848915100098,5.0,0.010351561941206455,0.0,0.00012695312034338713,-3.0,-0.010961913503706455,0.5,0.004226673860102892,-0.00010156249627470971,0.00010036017192760482,-0.25,-0.008936289697885513,6.882749613937867e-05,-0.00018855179951060563,-0.06438888598266898,-0.0236129742115736,3.141592653589793,3.1415634155273438,-0.008594933897256851,-0.12706153094768524,0.00724839000031352
0.6421988010406494,5.0,0.010351561941206455,0.0,0.00012695312034338713,-3.0,-0.010961913503706455,0.5,0.004226673860102892,-0.00010156249627470971,0.00010036017192760482,-0.25,-0.008936289697885513,3.1595223028524954e-05,-0.00019600862287916243,-0.0656862479419491,-0.024544594809412956,3.141592653589793,3.14156174659729,-0.00622235331684351,-0.13027732074260712,0.006034912075847387
0.6468665599822998,5.0,0.010390624403953552,0.0,0.00012695312034338713,-3.0,-0.011025390587747097,0.5,0.006629950366914272,-0.00010156249627470971,0.0005612566019408405,-0.25,-0.0070863887667655945,3.161407355532542e-05,-0.00019600862287916243,-0.06573253094947154,-0.024544594809412956,3.141592653589793,3.14156174659729,-0.00622235331684351,-0.13027732074260712,0.006034912075847387
0.6514527797698975,5.0,0.010390624403953552,0.0,0.00012695312034338713,-3.0,-0.011025390587747097,0.5,0.006629950366914272,-0.00010156249627470971,0.0005612566019408405,-0.25,-0.0070863887667655945,0.001091941757699198,-0.00020133495854679495,-0.060249179597943264,-0.025653479620814323,3.141592653589793,3.1415679454803467,-0.001341140829026699,-0.1184711679816246,0.0005609697545878589
0.6562356948852539,5.0,0.01042968686670065,0.0,0.00012695312034338713,-3.0,-0.011171874590218067,0.5,0.005282237194478512,-0.00010156249627470971,-0.00019897364836651832,-0.25,-0.010841506533324718,-0.0015937250112369047,-0.00020133495854679495,-0.06851620647150927,-0.025653479620814323,3.141592653589793,3.1415679454803467,-0.001341140829026699,-0.1184711679816246,0.0005609697545878589
0.6606833934783936,5.0,0.01042968686670065,0.0,0.00012695312034338713,-3.0,-0.011171874590218067,0.5,0.005282237194478512,-0.00010156249627470971,-0.00019897364836651832,-0.25,-0.010841506533324718,-4.263171493009862e-06,-0.00018801921396516263,-0.06574244839029496,-0.02648615650832653,3.141592653589793,3.141557455062866,-0.004192746710032225,-0.1525142341852188,0.005421320907771587
0.6651885509490967,5.0,0.01042968686670065,0.0,0.00012695312034338713,-3.0,-0.011171874590218067,0.5,0.005282237194478512,-0.00010156249627470971,-0.00019897364836651832,-0.25,-0.010841506533324718,-4.271948544601386e-06,-0.00018801921396516263,-0.06578702401879481,-0.02648615650832653,3.141592653589793,3.141557455062866,-0.004192746710032225,-0.1525142341852188,0.005421320907771587
0.6696984767913818,5.0,0.010507812723517418,0.0,0.00012695312034338713,-3.0,-0.011313476599752903,0.5,0.007290803827345371,-0.00010156249627470971,0.00011420741066103801,-0.25,-0.014193766750395298,0.0007277554241087377,-0.00018961707246489823,-0.06113677987848811,-0.027861831709742546,3.141592653589793,3.141557455062866,0.001284244703128934,-0.17356419563293457,0.0005785880493931472
0.6743080615997314,5.0,0.010507812723517418,0.0,0.00012695312034338713,-3.0,-0.011313476599752903,0.5,0.007290803827345371,-0.00010156249627470971,0.00011420741066103801,-0.25,-0.014193766750395298,3.334913285799311e-05,-0.00018961707246489823,-0.06563586135809403,-0.027861831709742546,3.141592653589793,3.141557455062866,0.001284244703128934,-0.17356419563293457,0.0005785880493931472
0.6792912483215332,5.0,0.010546875186264515,0.0,0.00011718749738065526,-3.0,-0.011416015215218067,0.5,0.008012983947992325,0.00010222144583059913,-0.001434446545317769,-0.25,-0.015962833538651466,-0.0036937978164471147,-0.00019441077893134207,-0.06414899949238542,-0.02901911549270153,3.141592653589793,3.141571283340454,-0.011906163766980171,-0.17854206264019012,-0.00878751091659069
0.6840360164642334,5.0,0.010546875186264515,0.0,0.00011718749738065526,-3.0,-0.011416015215218067,0.5,0.008012983947992325,-9.374999790452422e-05,-0.001434446545317769,-0.25,-0.015962833538651466,0.00025931916816180446,-0.00019441077893134207,-0.06564492029333789,-0.02901911549270153,3.141592653589793,3.141571283340454,-0.011906163766980171,-0.17854206264019012,-0.00878751091659069
0.6887788772583008,5.0,0.010546875186264515,0.0,0.00011718749738065526,-3.0,-0.011416015215218067,0.5,0.008012983947992325,-9.374999790452422e-05,-0.001434446545317769,-0.25,-0.015962833538651466,-0.0001538343923616454,-0.0001954760227818042,-0.06569158881193037,-0.03094315342605114,3.141592653589793,3.1415350437164307,-0.020892992615699768,-0.1727832406759262,-0.012741906568408012
0.6934120655059814,5.0,0.010664062574505806,0.0,0.00011718749738065526,-3.0,-0.011645507998764515,0.5,0.007277486380189657,-9.374999790452422e-05,6.97446521371603e-05,-0.25,-0.014348028227686882,0.003273241184124051,-0.0001954760227818042,-0.06741296057453022,-0.03094315342605114,3.141592653589793,3.1415350437164307,-0.020892992615699768,-0.1727832406759262,-0.012741906568408012
0.6980299949645996,5.0,0.010664062574505806,0.0,0.00011718749738065526,-3.0,-0.011645507998764515,0.5,0.007277486380189657,-9.374999790452422e-05,6.97446521371603e-05,-0.25,-0.014348028227686882,2.669880149798383e-05,-0.00018002965953201056,-0.06587101319946749,-0.032388683408498764,3.141592653589793,3.1415724754333496,-0.00763860996812582,-0.16047227382659912,-0.006855246610939503
0.7024116516113281,5.0,0.0107421875,0.0,0.00011718749738065526,-3.0,-0.01177246030420065,0.5,0.009165875613689423,-9.374999790452422e-05,0.0001448582042939961,-0.25,-0.012189460918307304,0.00020716062703571167,-0.00015180016634985805,-0.061377658959646114,-0.03354322910308838,3.141592653589793,-3.1415770053863525,0.011456630192697048,-0.1809692680835724,0.00929964892566204
0.7070426940917969,5.0,0.0107421875,0.0,0.00011718749738065526,-3.0,-0.01177246030420065,0.5,0.009165875613689423,-9.374999790452422e-05,0.0001448582042939961,-0.25,-0.012189460918307304,3.5755437835518064e-05,-0.00015180016634985805,-0.06573288129713661,-0.03354322910308838,3.141592653589793,-3.1415770053863525,0.011456630192697048,-0.1809692680835724,0.00929964892566204
0.7117536067962646,5.0,0.0107421875,0.0,0.00011718749738065526,-3.0,-0.01177246030420065,0.5,0.009165875613689423,-9.374999790452422e-05,0.0001448582042939961,-0.25,-0.012189460918307304,3.5777919083740605e-05,-0.00013422331539914012,-0.06577912683138377,-0.03483676537871361,3.141592653589793,3.1415257453918457,-0.007041881326586008,-0.22026480734348297,0.005254779011011124
0.7165322303771973,5.0,0.010820312425494194,0.0,0.00011718749738065526,-3.0,-0.011918945237994194,0.5,0.010562610812485218,-9.374999790452422e-05,0.0004069092683494091,-0.25,-0.014953677542507648,0.0006156537880320033,-0.00013422331539914012,-0.0627354135288029,-0.03483676537871361,3.141592653589793,3.1415257453918457,-0.007041881326586008,-0.22026480734348297,0.005254779011011124
0.7216396331787109,5.0,0.010820312425494194,0.0,0.00011718749738065526,-3.0,-0.011918945237994194,0.5,0.010562610812485218,-9.374999790452422e-05,0.0004069092683494091,-0.25,-0.014953677542507648,6.732303738468621e-05,-0.00014966963499318808,-0.06570829042636954,-0.03737341985106468,3.141592653589793,3.1415224075317383,0.006070892326533794,-0.2239016443490982,-0.003506013425067067
0.7263195514678955,5.0,0.010976562276482582,0.0,0.00011718749738065526,-3.0,-0.012187499552965164,0.5,0.01051473431289196,-9.374999790452422e-05,-0.0002601337619125843,-0.25,-0.021009458228945732,-0.0014380682053793082,-0.00014966963499318808,-0.06584053388140858,-0.03737341985106468,3.141592653589793,3.1415224075317383,0.006070892326533794,-0.2239016443490982,-0.003506013425067067
0.7312312126159668,5.0,0.010976562276482582,0.0,0.00011718749738065526,-3.0,-0.012187499552965164,0.5,0.01051473431289196,-9.374999790452422e-05,-0.0002601337619125843,-0.25,-0.021009458228945732,-1.2754043908544047e-05,-0.00012996228178963065,-0.06573823188245295,-0.039526935666799545,3.141592653589793,3.1415069103240967,-0.0014718013117089868,-0.22163450717926025,-0.00033736322075128555
0.7360482215881348,5.0,0.011093749664723873,0.0,0.00011718749738065526,-3.0,-0.012421874329447746,0.5,0.008674267679452896,-9.374999790452422e-05,-0.000374693947378546,-0.25,-0.01639743335545063,-0.0002643526464217961,-0.00012996228178963065,-0.06977985434178974,-0.039526935666799545,3.141592653589793,3.1415069103240967,-0.0014718013117089868,-0.22163450717926025,-0.00033736322075128555
0.7404983043670654,5.0,0.011093749664723873,0.0,0.00011718749738065526,-3.0,-0.012421874329447746,0.5,0.008674267679452896,-9.374999790452422e-05,-0.000374693947378546,-0.25,-0.01639743335545063,-2.6553336831593285e-05,-0.00011132012150483206,-0.06595908787846565,-0.041493888944387436,3.141592653589793,3.141486406326294,-0.006658326368778944,-0.16520437598228455,-0.0015379402320832014
0.7454071044921875,5.0,0.01113281212747097,0.0,0.00012695312034338713,-3.0,-0.012529296800494194,0.5,0.007506712339818478,-0.0003005036369570067,0.0018440942512825131,-0.25,-0.013595080003142357,0.005205933476624505,-0.00011132012150483206,-0.06847768887603853,-0.041493888944387436,3.141592653589793,3.141486406326294,-0.006658326368778944,-0.16520437598228455,-0.0015379402320832014
0.7501356601715088,5.0,0.01113281212747097,0.0,0.00012695312034338713,-3.0,-0.012529296800494194,0.5,0.007506712339818478,-0.00010156249627470971,0.0018440942512825131,-0.25,-0.013595080003142357,-0.00017968954905016316,-0.00010652644414221868,-0.06609919451922178,-0.04184079170227051,3.141592653589793,3.141541004180908,0.002546748612076044,-0.17385709285736084,0.01689373515546322
0.7545645236968994,5.0,0.01113281212747097,0.0,0.00012695312034338713,-3.0,-0.012529296800494194,0.5,0.007506712339818478,-0.00010156249627470971,0.0018440942512825131,-0.25,-0.013595080003142357,0.00024120563874911575,-0.00010386328358436003,-0.06609919451922178,-0.045014381408691406,3.141592653589793,3.141551971435547,-0.0014377888292074203,-0.26503658294677734,-0.00010371393000241369
0.7593128681182861,5.0,0.011289061978459358,0.0,0.00011718749738065526,-3.0,-0.01286621019244194,0.5,0.010046184062957764,0.00011191374709988494,-0.0006310559692792594,-0.25,-0.02591324783861637,-0.005743739867589696,-0.00010386328358436003,-0.0604463376040247,-0.045014381408691406,3.141592653589793,3.141551971435547,-0.0014377888292074203,-0.26503658294677734,-0.00010371393000241369
0.7640678882598877,5.0,0.011289061978459358,0.0,0.00011718749738065526,-3.0,-0.01286621019244194,0.5,0.010046184062957764,-9.374999790452422e-05,-0.0006310559692792594,-0.25,-0.02591324783861637,0.00037564764483037584,-9.321061224909499e-05,-0.06579445791244506,-0.04758584126830101,3.141592653589793,3.141545295715332,8.391751907765865e-05,-0.28981471061706543,0.0003341846459079534
0.7690541744232178,5.0,0.01140624936670065,0.0,0.00011718749738065526,-3.0,-0.01308593712747097,0.5,0.010565006174147129,-9.374999790452422e-05,-0.00046674683107994497,-0.25,-0.025862446054816246,0.0002923304349379184,-9.321061224909499e-05,-0.06469170119261577,-0.04758584126830101,3.141592653589793,3.141545295715332,8.391751907765865e-05,-0.28981471061706543,0.0003341846459079534
0.7737526893615723,5.0,0.01140624936670065,0.0,0.00011718749738065526,-3.0,-0.01308593712747097,0.5,0.010565006174147129,-9.374999790452422e-05,-0.00046674683107994497,-0.25,-0.025862446054816246,-3.722669447810107e-05,-9.534115815768018e-05,-0.06573219925910234,-0.05012452229857445,3.141592653589793,3.1415421962738037,0.005136024206876755,-0.22029919922351837,-0.005243070889264345
0.7782082557678223,5.0,0.011523437686264515,0.0,0.00011718749738065526,-3.0,-0.013291015289723873,0.5,0.009924030862748623,-9.374999790452422e-05,-0.0003013297391589731,-0.25,-0.01887810230255127,-3.725993272129175e-05,-9.534115815768018e-05,-0.06573219925910234,-0.05012452229857445,3.141592653589793,3.1415421962738037,0.005136024206876755,-0.22029919922351837,-0.005243070889264345
0.7835628986358643,5.0,0.011523437686264515,0.0,0.00011718749738065526,-3.0,-0.013291015289723873,0.5,0.009924030862748623,-9.374999790452422e-05,-0.0003013297391589731,-0.25,-0.01887810230255127,0.0002914906229018664,-7.563376857433468e-05,-0.06700616216338319,-0.05105161294341087,3.141592653589793,3.141542911529541,-0.0007078312919475138,-0.21021217107772827,0.0003946419747080654
0.7881696224212646,5.0,0.011601562611758709,0.0,0.00011718749738065526,-3.0,-0.01345214806497097,0.5,0.007286909501999617,-9.374999790452422e-05,0.0005090277409180999,-0.25,-0.007285399362444878,-1.7451237249024374e-05,-7.563376857433468e-05,-0.06580911629647015,-0.05105161294341087,3.141592653589793,3.141542911529541,-0.0007078312919475138,-0.21021217107772827,0.0003946419747080654
0.7928919792175293,5.0,0.011601562611758709,0.0,0.00011718749738065526,-3.0,-0.01345214806497097,0.5,0.007286909501999617,-9.374999790452422e-05,0.0005090277409180999,-0.25,-0.007285399362444878,0.0017958508225847266,-7.190533506218344e-05,-0.07170990401060318,-0.05275904759764671,3.141592653589793,3.1415657997131348,0.0008156234980560839,-0.12226933985948563,0.002030920935794711
0.7977621555328369,5.0,0.011601562611758709,0.0,0.00011718749738065526,-3.0,-0.01345214806497097,0.5,0.007286909501999617,-9.374999790452422e-05,0.0005090277409180999,-0.25,-0.007285399362444878,7.990730366859586e-05,-7.190533506218344e-05,-0.06612557085976004,-0.05275904759764671,3.141592653589793,3.1415657997131348,0.0008156234980560839,-0.12226933985948563,0.002030920935794711
0.8023247718811035,5.0,0.011640625074505806,0.0,0.00011718749738065526,-3.0,-0.013554687611758709,0.5,0.00679451460018754,-9.374999790452422e-05,0.000958541757427156,-0.25,-0.011942761950194836,0.0011191560864310412,-4.4208471081219614e-05,-0.06726385243005932,-0.053703900426626205,3.141592653589793,3.141472339630127,0.008017265237867832,-0.15434236824512482,0.005731834564357996
0.8066532611846924,5.0,0.011640625074505806,0.0,0.00011718749738065526,-3.0,-0.013554687611758709,0.5,0.00679451460018754,-9.374999790452422e-05,0.000958541757427156,-0.25,-0.011942761950194836,0.0001340361063931472,-6.498113361885771e-05,-0.0661846582479775,-0.05549728497862816,3.141592653589793,3.141476631164551,0.005285169463604689,-0.18675336241722107,-0.0051128556951880455
0.8112709522247314,5.0,0.011757812462747097,0.0,0.00011718749738065526,-3.0,-0.013754882849752903,0.5,0.009269618429243565,-9.374999790452422e-05,-0.00032637000549584627,-0.25,-0.017448140308260918,0.00013413328955734925,-6.498113361885771e-05,-0.0661846582479775,-0.05549728497862816,3.141592653589793,3.141476631164551,0.005285169463604689,-0.18675336241722107,-0.0051128556951880455
0.8158764839172363,5.0,0.011757812462747097,0.0,0.00011718749738065526,-3.0,-0.013754882849752903,0.5,0.009269618429243565,-9.374999790452422e-05,-0.00032637000549584627,-0.25,-0.017448140308260918,-0.00281000898060441,-6.498113361885771e-05,-0.06051344798830181,-0.05549728497862816,3.141592653589793,3.141476631164551,0.005285169463604689,-0.18675336241722107,-0.0051128556951880455
0.8204641342163086,5.0,0.011757812462747097,0.0,0.00011718749738065526,-3.0,-0.013754882849752903,0.5,0.009269618429243565,-9.374999790452422e-05,-0.00032637000549584627,-0.25,-0.017448140308260918,-2.0098892354704394e-05,-8.255797729361802e-05,-0.06588764578849077,-0.05771636962890625,3.141592653589793,3.1414928436279297,0.005407777149230242,-0.17514683306217194,-0.0010085030226036906
0.8252604007720947,5.0,0.011835937388241291,0.0,0.00011718749738065526,-3.0,-0.01396484300494194,0.5,0.007348570507019758,-9.374999790452422e-05,4.491553409025073e-05,-0.25,-0.013452027924358845,0.0007985823210113506,-3.9947412005858496e-05,-0.0701234700351436,-0.05871831998229027,3.141592653589793,3.1415045261383057,-0.002748811384662986,-0.1374945193529129,0.000793404586147517
0.8299198150634766,5.0,0.011835937388241291,0.0,0.00011718749738065526,-3.0,-0.01396484300494194,0.5,0.007348570507019758,-9.374999790452422e-05,4.491553409025073e-05,-0.25,-0.013452027924358845,2.4481595935928153e-05,-3.9947412005858496e-05,-0.06611817153915762,-0.05871831998229027,3.141592653589793,3.1415045261383057,-0.002748811384662986,-0.1374945193529129,0.000793404586147517
0.8342983722686768,5.0,0.011874999850988388,0.0,0.00011718749738065526,-3.0,-0.014052733778953552,0.5,0.00467580184340477,-9.374999790452422e-05,-0.0015602322528138757,-0.25,-0.006729264743626118,-0.0038341931106357172,-3.9947412005858496e-05,-0.07254312610216469,-0.05871831998229027,3.141592653589793,3.1415045261383057,-0.002748811384662986,-0.1374945193529129,0.000793404586147517
0.8391063213348389,5.0,0.011874999850988388,0.0,0.00011718749738065526,-3.0,-0.014052733778953552,0.5,0.00467580184340477,-9.374999790452422e-05,-0.0015602322528138757,-0.25,-0.006729264743626118,-0.00016840557546119836,-1.9174758563167416e-05,-0.06643890377879143,-0.059535738080739975,3.141592653589793,3.141415596008301,-0.007973834872245789,-0.09656262397766113,0.007561533246189356
0.8438069820404053,5.0,0.011874999850988388,0.0,0.00011718749738065526,-3.0,-0.014052733778953552,0.5,0.00467580184340477,-9.374999790452422e-05,-0.0015602322528138757,-0.25,-0.006729264743626118,-0.00016854344417141962,-1.9174758563167416e-05,-0.06643890377879143,-0.059535738080739975,3.141592653589793,3.141415596008301,-0.007973834872245789,-0.09656262397766113,0.007561533246189356
0.848677396774292,5.0,0.011914062313735485,0.0,0.00010742187441792339,-3.0,-0.014072265475988388,0.5,-0.00014704465866088867,0.00011457156378599675,-0.0009334316710010171,-0.25,0.0006449270294979215,0.0007407986174459572,-4.740426447824575e-05,-0.07691997763581629,-0.059654708951711655,3.141592653589793,3.1414337158203125,-0.005385441705584526,0.006605200935155153,-0.003748945891857147
0.8534629344940186,5.0,0.011914062313735485,0.0,0.00010742187441792339,-3.0,-0.014072265475988388,0.5,-0.00014704465866088867,-8.593749953433871e-05,-0.0009334316710010171,-0.25,0.0006449270294979215,0.00032454154785376075,-5.858954682480544e-05,-0.06701764535903931,-0.05745815858244896,3.141592653589793,3.1414661407470703,-0.02147761918604374,0.2734360694885254,0.00048326828982681036
0.8581836223602295,5.0,0.011796874925494194,0.0,0.00011718749738065526,-3.0,-0.013881836086511612,0.5,-0.012451543472707272,-0.00030061864161704,-0.0008182080928236246,-0.25,0.0252385176718235,0.0006439404584188069,-5.858954682480544e-05,-0.09455924006205316,-0.05745815858244896,3.141592653589793,3.1414661407470703,-0.02147761918604374,0.2734360694885254,0.00048326828982681036
0.8629662990570068,5.0,0.011796874925494194,0.0,0.00011718749738065526,-3.0,-0.013881836086511612,0.5,-0.012451543472707272,-9.374999790452422e-05,-0.0008182080928236246,-0.25,0.0252385176718235,-0.0005123392857945028,-6.764429417671636e-05,-0.06849418521672487,-0.05399167165160179,3.141592653589793,3.141484022140503,0.010470602661371231,0.4811672568321228,-0.0030254083685576916
0.8677978515625,5.0,0.011562500149011612,0.0,0.00011718749738065526,-3.0,-0.013403319753706455,0.5,-0.020792849361896515,-9.374999790452422e-05,8.019171218620613e-06,-0.25,0.04054102301597595,0.0017294209852735515,-6.764429417671636e-05,-0.08675937713499926,-0.05399167165160179,3.141592653589793,3.141484022140503,0.010470602661371231,0.4811672568321228,-0.0030254083685576916
0.8725748062133789,5.0,0.011562500149011612,0.0,0.00011718749738065526,-3.0,-0.013403319753706455,0.5,-0.020792849361896515,-9.374999790452422e-05,8.019171218620613e-06,-0.25,0.04054102301597595,1.9364920652055893e-05,-7.297062256839126e-05,-0.06949514192342758,-0.0489194355905056,3.141592653589793,3.1414830684661865,0.001788851572200656,0.4541589319705963,9.500825399300084e-05
0.8769702911376953,5.0,0.011562500149011612,0.0,0.00011718749738065526,-3.0,-0.013403319753706455,0.5,-0.020792849361896515,-9.374999790452422e-05,8.019171218620613e-06,-0.25,0.04054102301597595,1.9373867149028716e-05,-7.297062256839126e-05,-0.06949514192342758,-0.0489194355905056,3.141592653589793,3.1414830684661865,0.001788851572200656,0.4541589319705963,9.500825399300084e-05
0.8815391063690186,5.0,0.01140624936670065,0.0,0.00011718749738065526,-3.0,-0.013051757588982582,0.5,-0.019616318866610527,-9.374999790452422e-05,6.338988896459341e-05,-0.25,0.03880105912685394,0.00014722543923188468,-9.534117998555303e-05,-0.06677882568428237,-0.04691874608397484,3.141592653589793,3.1414794921875,0.005486271344125271,0.45898351073265076,-0.005498399492353201
0.886265754699707,5.0,0.01140624936670065,0.0,0.00011718749738065526,-3.0,-0.013051757588982582,0.5,-0.019616318866610527,-9.374999790452422e-05,6.338988896459341e-05,-0.25,0.03880105912685394,2.604756704039606e-05,-9.534117998555303e-05,-0.06935395826399327,-0.04691874608397484,3.141592653589793,3.1414794921875,0.005486271344125271,0.45898351073265076,-0.005498399492353201
0.8912105560302734,5.0,0.01113281212747097,0.0,0.00011718749738065526,-3.0,-0.012553710490465164,0.5,-0.01955501362681389,-9.374999790452422e-05,1.57058602781035e-05,-0.25,0.038915131241083145,-7.609633979902798e-05,-0.00010652643686626107,-0.069222622458506,-0.04110109806060791,3.141592653589793,3.141467809677124,0.00220306683331728,0.45657429099082947,-0.00034844575566239655
0.8959982395172119,5.0,0.01113281212747097,0.0,0.00011718749738065526,-3.0,-0.012553710490465164,0.5,-0.01955501362681389,-9.374999790452422e-05,1.57058602781035e-05,-0.25,0.038915131241083145,2.034678914757626e-05,-0.00010652643686626107,-0.06934660163521766,-0.04110109806060791,3.141592653589793,3.141467809677124,0.00220306683331728,0.45657429099082947,-0.00034844575566239655
0.90059494972229,5.0,0.010937499813735485,0.0,0.00011718749738065526,-3.0,-0.012167968787252903,0.5,-0.02397879771888256,-9.374999790452422e-05,-0.0005779208731837571,-0.25,0.041019193828105927,-0.0013423494155171928,-0.00012463590246625245,-0.07950126034893189,-0.036416053771972656,3.141592653589793,3.1414551734924316,-0.003121062181890011,0.5113919973373413,-0.0020947761368006468
0.9050488471984863,5.0,0.010937499813735485,0.0,0.00011718749738065526,-3.0,-0.012167968787252903,0.5,-0.02397879771888256,-9.374999790452422e-05,-0.0005779208731837571,-0.25,0.041019193828105927,-5.097605968070404e-05,-0.00012463590246625245,-0.06987745572626591,-0.036416053771972656,3.141592653589793,3.1414551734924316,-0.003121062181890011,0.5113919973373413,-0.0020947761368006468
0.9097120761871338,5.0,0.010703125037252903,0.0,0.00011718749738065526,-3.0,-0.01165038999170065,0.5,-0.023631274700164795,-9.374999790452422e-05,-0.00011573444498935714,-0.25,0.0480956956744194,0.0009956138612718113,-0.00014381069922819734,-0.06909051180266183,-0.03171658515930176,3.141592653589793,3.1414363384246826,-0.000599447637796402,0.5512871742248535,-0.0007794147823005915
0.9143259525299072,5.0,0.010703125037252903,0.0,0.00011718749738065526,-3.0,-0.01165038999170065,0.5,-0.023631274700164795,-9.374999790452422e-05,-0.00011573444498935714,-0.25,0.0480956956744194,4.482232661998769e-06,-0.00014381069922819734,-0.06983575296401978,-0.03171658515930176,3.141592653589793,3.1414363384246826,-0.000599447637796402,0.5512871742248535,-0.0007794147823005915
0.9190399646759033,5.0,0.01042968686670065,0.0,0.00011718749738065526,-3.0,-0.011166991665959358,0.5,-0.02192929945886135,-9.374999790452422e-05,0.0017875278135761619,-0.25,0.04659518972039223,4.480159962987151e-06,-0.00016671382763888687,-0.06983575296401978,-0.02615666389465332,3.141592653589793,3.141461133956909,0.010183732025325298,0.5166564583778381,0.013068213127553463
0.9239261150360107,5.0,0.01042968686670065,0.0,0.00011718749738065526,-3.0,-0.011166991665959358,0.5,-0.02192929945886135,-9.374999790452422e-05,0.0017875278135761619,-0.25,0.04659518972039223,0.004128273833733317,-0.00016671382763888687,-0.06614825177848095,-0.02615666389465332,3.141592653589793,3.141461133956909,0.010183732025325298,0.5166564583778381,0.013068213127553463
0.9286892414093018,5.0,0.01042968686670065,0.0,0.00011718749738065526,-3.0,-0.011166991665959358,0.5,-0.02192929945886135,-9.374999790452422e-05,0.0017875278135761619,-0.25,0.04659518972039223,0.000233234690395157,-0.00020186760229989886,-0.06963151593506337,-0.021599531173706055,3.141592653589793,3.141443967819214,-0.0006163882790133357,0.48166459798812866,-0.0011440098751336336
0.9336857795715332,5.0,0.010195312090218067,0.0,0.00011718749738065526,-3.0,-0.01067382749170065,0.5,-0.021995095536112785,-9.374999790452422e-05,-0.0007497636834159493,-0.25,0.038358449935913086,-0.0051494047500926995,-0.00020186760229989886,-0.0697710947920999,-0.021599531173706055,3.141592653589793,3.141443967819214,-0.0006163882790133357,0.48166459798812866,-0.0011440098751336336
0.9384846687316895,5.0,0.010195312090218067,0.0,0.00011718749738065526,-3.0,-0.01067382749170065,0.5,-0.021995095536112785,-9.374999790452422e-05,-0.0007497636834159493,-0.25,0.038358449935913086,-7.13688079314747e-05,-0.00022210761380847543,-0.06963941146433353,-0.017619848251342773,3.141592653589793,3.1414132118225098,0.002285362221300602,0.4204391837120056,-0.0016716006211936474
0.9433388710021973,5.0,0.009999999776482582,0.0,0.00011718749738065526,-3.0,-0.010263672098517418,0.5,-0.016272801905870438,-9.374999790452422e-05,-0.00013432168634608388,-0.25,0.03476947173476219,0.0012703343351313237,-0.00022210761380847543,-0.05716440663022705,-0.017619848251342773,3.141592653589793,3.1414132118225098,0.002285362221300602,0.4204391837120056,-0.0016716006211936474
0.947967529296875,5.0,0.009999999776482582,0.0,0.00011718749738065526,-3.0,-0.010263672098517418,0.5,-0.016272801905870438,-9.374999790452422e-05,-0.00013432168634608388,-0.25,0.03476947173476219,2.476537003621443e-06,-0.0002295644662808627,-0.06895273622870446,-0.015852689743041992,3.141592653589793,3.1413986682891846,0.0015304945409297943,0.39297106862068176,-0.001782025909051299
0.9527766704559326,5.0,0.009999999776482582,0.0,0.00011718749738065526,-3.0,-0.010263672098517418,0.5,-0.016272801905870438,-9.374999790452422e-05,-0.00013432168634608388,-0.25,0.03476947173476219,2.4726347040859073e-06,-0.0002295644662808627,-0.06895273622870446,-0.015852689743041992,3.141592653589793,3.1413986682891846,0.0015304945409297943,0.39297106862068176,-0.001782025909051299
0.9573626518249512,5.0,0.009843749925494194,0.0,0.00012695312034338713,-3.0,-0.009916991926729679,0.5,-0.013311599381268024,-0.00031450760391743456,0.0008309974218718708,-0.25,0.028155680745840073,0.0027312163971565935,-0.00024447820032946765,-0.06214031701348286,-0.011947393417358398,3.141592653589793,3.141558885574341,0.018464749678969383,0.32056665420532227,0.0009099696762859821
0.9621224403381348,5.0,0.009843749925494194,0.0,0.00012695312034338713,-3.0,-0.009916991926729679,0.5,-0.013311599381268024,-0.00010156249627470971,0.0008309974218718708,-0.25,0.028155680745840073,-0.00032794128022242805,-0.00024447820032946765,-0.06859739192575216,-0.011947393417358398,3.141592653589793,3.141558885574341,0.018464749678969383,0.32056665420532227,0.0009099696762859821
0.9668200016021729,5.0,0.009726562537252903,0.0,0.00012695312034338713,-3.0,-0.009687500074505806,0.5,-0.010736889205873013,-0.00010156249627470971,0.0011819208739325404,-0.25,0.02384904958307743,0.0009087069309269354,-0.0002514023508410901,-0.06280747599288422,-0.00933003332465887,3.141592653589793,3.141484022140503,0.011091402731835842,0.2514477074146271,0.006651761941611767
0.9716122150421143,5.0,0.009726562537252903,0.0,0.00012695312034338713,-3.0,-0.009687500074505806,0.5,-0.010736889205873013,-0.00010156249627470971,0.0011819208739325404,-0.25,0.02384904958307743,0.00016179668215618722,-0.0002514023508410901,-0.06828842670470475,-0.00933003332465887,3.141592653589793,3.141484022140503,0.011091402731835842,0.2514477074146271,0.006651761941611767
0.9762814044952393,5.0,0.009609375149011612,0.0,0.00012695312034338713,-3.0,-0.009458007290959358,0.5,-0.00794703233987093,-0.00010156249627470971,0.00019205061835236847,-0.25,0.017045605927705765,-0.0020769648092103022,-0.00026791400159709156,-0.06197860925430371,-0.007161616813391447,3.141592653589793,3.141484022140503,-0.005112781655043364,0.1882375329732895,0.004995368421077728
0.981182336807251,5.0,0.009609375149011612,0.0,0.00012695312034338713,-3.0,-0.009458007290959358,0.5,-0.00794703233987093,-0.00010156249627470971,0.00019205061835236847,-0.25,0.017045605927705765,4.306844975174304e-05,-0.00028016450232826173,-0.06795364388078451,-0.006328343879431486,3.141592653589793,3.1414883136749268,0.0009900112636387348,0.18245159089565277,0.0003226206754334271
0.985814094543457,5.0,0.009531250223517418,0.0,0.00011718749738065526,-3.0,-0.009311523288488388,0.5,-0.005060438998043537,0.00011709054080489119,-0.0004484943929128349,-0.25,0.011792575940489769,-0.0019151027968438135,-0.00028016450232826173,-0.06137507581251861,-0.006328343879431486,3.141592653589793,3.1414883136749268,0.0009900112636387348,0.18245159089565277,0.0003226206754334271
0.9906034469604492,5.0,0.009531250223517418,0.0,0.00011718749738065526,-3.0,-0.009311523288488388,0.5,-0.005060438998043537,-9.374999790452422e-05,-0.0004484943929128349,-0.25,0.011792575940489769,0.00040540683137936566,-0.00027963187312707305,-0.06760725267976522,-0.004557013511657715,3.141592653589793,3.141386032104492,0.004695073235780001,0.10412724316120148,9.938674338627607e-06
0.9953608512878418,5.0,0.009531250223517418,0.0,0.00011718749738065526,-3.0,-0.009311523288488388,0.5,-0.005060438998043537,-9.374999790452422e-05,-0.0004484943929128349,-0.25,0.011792575940489769,-3.485457762125975e-05,-0.00027963187312707305,-0.06760725267976522,-0.004557013511657715,3.141592653589793,3.141386032104492,0.004695073235780001,0.10412724316120148,9.938674338627607e-06
1.0000026226043701,5.0,0.009492186829447746,0.0,0.0001367187505820766,-3.0,-0.009223632514476776,0.5,-0.005364828743040562,-0.0005301465523056858,-0.00018391027697362006,-0.25,0.0038206111639738083,0.0015594529475588623,-0.0002988068154081702,-0.06829954149395401,-0.003930211067199707,3.141592653589793,-3.1415703296661377,-0.0033649366814643145,0.06678001582622528,-0.0013476524036377668
1.0048573017120361,5.0,0.009492186829447746,0.0,0.0001367187505820766,-3.0,-0.009223632514476776,0.5,-0.005364828743040562,-0.0001093750004656613,-0.00018391027697362006,-0.25,0.0038206111639738083,-0.0008679385931044379,-0.0002988068154081702,-0.06764377944916486,-0.003930211067199707,3.141592653589793,-3.1415703296661377,-0.0033649366814643145,0.06678001582622528,-0.0013476524036377668
1.0096468925476074,5.0,0.009492186829447746,0.0,0.00012695312034338713,-3.0,-0.009184570051729679,0.5,-0.0018596198642626405,0.00010233029068659376,-0.0029131576884537935,-0.25,0.002403767080977559,-0.006494708265677488,-0.0002833602484315634,-0.0599047654041238,-0.003557085758075118,3.141592653589793,3.1415042877197266,0.0021389180328696966,0.019099343568086624,0.003475709818303585
1.0139873027801514,5.0,0.009492186829447746,0.0,0.00012695312034338713,-3.0,-0.009184570051729679,0.5,-0.0018596198642626405,-0.00010156249627470971,-0.0029131576884537935,-0.25,0.002403767080977559,0.0001395699495956071,-0.0002833602484315634,-0.06722315438371151,-0.003557085758075118,3.141592653589793,3.1415042877197266,0.0021389180328696966,0.019099343568086624,0.003475709818303585
1.0187780857086182,5.0,0.009492186829447746,0.0,0.00012695312034338713,-3.0,-0.009174804203212261,0.5,0.0002401820820523426,-0.00010156249627470971,-0.0003230141010135412,-0.25,-7.136345084290951e-05,0.005387125504176218,-0.000310524512315169,-0.06258817441638408,-0.003517985111102462,3.141592653589793,3.1415131092071533,-0.004678942728787661,0.01821112632751465,-0.005171147175133228
1.0232172012329102,5.0,0.009492186829447746,0.0,0.00012695312034338713,-3.0,-0.009174804203212261,0.5,0.0002401820820523426,-0.00010156249627470971,-0.0003230141010135412,-0.25,-7.136345084290951e-05,-1.9408344812793872e-05,-0.00029827404068782926,-0.06697117815015372,-0.003635525470599532,3.141592653589793,3.1415019035339355,-0.0003291714529041201,-0.019916251301765442,6.067313370294869e-05
1.0279109477996826,5.0,0.009492186829447746,0.0,0.00012695312034338713,-3.0,-0.009189452975988388,0.5,0.0010137996869161725,-0.00010156249627470971,-3.555804869392887e-05,-0.25,-0.0022367131896317005,-1.9429133566982856e-05,-0.00029827404068782926,-0.06697117815015372,-0.003635525470599532,3.141592653589793,3.1415019035339355,-0.0003291714529041201,-0.019916251301765442,6.067313370294869e-05
1.0326895713806152,5.0,0.009492186829447746,0.0,0.00012695312034338713,-3.0,-0.009189452975988388,0.5,0.0010137996869161725,-0.00010156249627470971,-3.555804869392887e-05,-0.25,-0.0022367131896317005,0.0006166176126734726,-0.0002940129488706589,-0.06525943099333976,-0.003946781158447266,3.141592653589793,3.1414988040924072,-0.00033028589677996933,-0.042269088327884674,-0.00014759950863663107
1.0373554229736328,5.0,0.009492186829447746,0.0,0.00012695312034338713,-3.0,-0.009233398362994194,0.5,0.0020678776782006025,-0.00010156249627470971,-2.3464457626687363e-05,-0.25,-0.004367613699287176,1.5078060258701563e-05,-0.0002940129488706589,-0.06687834403757006,-0.003946781158447266,3.141592653589793,3.1414988040924072,-0.00033028589677996933,-0.042269088327884674,-0.00014759950863663107
1.0419654846191406,5.0,0.009492186829447746,0.0,0.00012695312034338713,-3.0,-0.009233398362994194,0.5,0.0020678776782006025,-0.00010156249627470971,-2.3464457626687363e-05,-0.25,-0.004367613699287176,4.276952739372327e-05,-0.0002940129488706589,-0.06446538201872958,-0.003946781158447266,3.141592653589793,3.1414988040924072,-0.00033028589677996933,-0.042269088327884674,-0.00014759950863663107
1.0466535091400146,5.0,0.009492186829447746,0.0,0.00012695312034338713,-3.0,-0.009233398362994194,0.5,0.0020678776782006025,-0.00010156249627470971,-2.3464457626687363e-05,-0.25,-0.004367613699287176,1.6543814432626036e-05,-0.0002918823738582432,-0.06675185467861593,-0.0042976136319339275,3.141592653589793,3.1414973735809326,-0.00027495730319060385,-0.05471891537308693,-0.00010896405728999525
1.051435947418213,5.0,0.009531250223517418,0.0,0.00012695312034338713,-3.0,-0.009287109598517418,0.5,0.004085502587258816,-0.00010156249627470971,8.880230598151684e-05,-0.25,-0.004710257053375244,0.00026478199557244784,-0.00028122978983446956,-0.06229091909699567,-0.004933476448059082,3.141592653589793,3.141488552093506,0.006474178284406662,-0.06947145611047745,0.0015332739567384124
1.0564451217651367,5.0,0.009531250223517418,0.0,0.00012695312034338713,-3.0,-0.009287109598517418,0.5,0.004085502587258816,-0.00010156249627470971,8.880230598151684e-05,-0.25,-0.004710257053375244,3.0053105633633563e-05,-0.00028122978983446956,-0.06650973968952895,-0.004933476448059082,3.141592653589793,3.141488552093506,0.006474178284406662,-0.06947145611047745,0.0015332739567384124
1.0611133575439453,5.0,0.009531250223517418,0.0,0.00012695312034338713,-3.0,-0.009345702826976776,0.5,0.003302625147625804,-0.00010156249627470971,-4.5945456804474816e-05,-0.25,-0.00717177614569664,-0.0002747595846332157,-0.00028016461874358356,-0.06828071561382856,-0.005571126472204924,3.141592653589793,3.1414895057678223,-0.0046243262477219105,-0.10407105088233948,0.005361997056752443
1.065868616104126,5.0,0.009531250223517418,0.0,0.00012695312034338713,-3.0,-0.009345702826976776,0.5,0.003302625147625804,-0.00010156249627470971,-4.5945456804474816e-05,-0.25,-0.00717177614569664,1.3893856236446546e-05,-0.00028016461874358356,-0.0666036849822849,-0.005571126472204924,3.141592653589793,3.1414895057678223,-0.0046243262477219105,-0.10407105088233948,0.005361997056752443
1.0703856945037842,5.0,0.009570312686264515,0.0,0.00012695312034338713,-3.0,-0.00942382775247097,0.5,0.0037695346400141716,-0.00010156249627470971,-5.1299426559126005e-05,-0.25,-0.00823941919952631,1.4031936135050603e-06,-0.0002828276774380356,-0.06551400211599336,-0.006330251228064299,3.141592653589793,3.1414952278137207,-0.0014121528947725892,-0.09405189007520676,7.224472938105464e-05
1.0748910903930664,5.0,0.009570312686264515,0.0,0.00012695312034338713,-3.0,-0.00942382775247097,0.5,0.0037695346400141716,-0.00010156249627470971,-5.1299426559126005e-05,-0.25,-0.00823941919952631,1.3260449810972244e-05,-0.0002828276774380356,-0.0665476558431983,-0.006330251228064299,3.141592653589793,3.1414952278137207,-0.0014121528947725892,-0.09405189007520676,7.224472938105464e-05
1.0794963836669922,5.0,0.009570312686264515,0.0,0.00012695312034338713,-3.0,-0.00942382775247097,0.5,0.0037695346400141716,-0.00010156249627470971,-5.1299426559126005e-05,-0.25,-0.00823941919952631,1.3265079334510005e-05,-0.0002743055811151862,-0.0665476558431983,-0.006913065444678068,3.141592653589793,3.1413371562957764,0.00425023352727294,-0.10804807394742966,0.0012604114599525928
1.0841991901397705,5.0,0.009609375149011612,0.0,0.00011718749738065526,-3.0,-0.009477538987994194,0.5,0.004284732509404421,0.000113905218597773,0.00030623486964032054,-0.25,-0.008380012586712837,0.00033242009693765066,-0.0002743055811151862,-0.06539032057320607,-0.006913065444678068,3.141592653589793,3.1413371562957764,0.00425023352727294,-0.10804807394742966,0.0012604114599525928
1.0891129970550537,5.0,0.009609375149011612,0.0,0.00011718749738065526,-3.0,-0.009477538987994194,0.5,0.004284732509404421,-9.374999790452422e-05,0.00030623486964032054,-0.25,-0.008380012586712837,0.0004778844869331598,-0.00026471816818229854,-0.06648583209887146,-0.008114337921142578,3.141592653589793,3.1415207386016846,0.009935335256159306,-0.11409702152013779,0.002963185077533126
1.0939605236053467,5.0,0.009687500074505806,0.0,0.00012695312034338713,-3.0,-0.009624022990465164,0.5,0.00670677050948143,-0.00030301828741713605,0.0004765271150972694,-0.25,-0.008854909799993038,0.0008839102975814433,-0.00026471816818229854,-0.061198746622142274,-0.008114337921142578,3.141592653589793,3.1415207386016846,0.009935335256159306,-0.11409702152013779,0.002963185077533126
1.0986878871917725,5.0,0.009687500074505806,0.0,0.00012695312034338713,-3.0,-0.009624022990465164,0.5,0.00670677050948143,-0.00010156249627470971,0.0004765271150972694,-0.25,-0.008854909799993038,-0.0003493563933848419,-0.00027270763530395925,-0.06619518753886222,-0.00920021440833807,3.141592653589793,3.141533851623535,-0.0008361036307178438,-0.1283360719680786,0.00020746291556861252
1.1034305095672607,5.0,0.009726562537252903,0.0,0.00012695312034338713,-3.0,-0.009726562537252903,0.5,0.005189120769500732,-0.00010156249627470971,0.0012441795552149415,-0.25,-0.011486191302537918,0.0017876622589380333,-0.00027270763530395925,-0.06957732781562291,-0.00920021440833807,3.141592653589793,3.141533851623535,-0.0008361036307178438,-0.1283360719680786,0.00020746291556861252
1.1080570220947266,5.0,0.009726562537252903,0.0,0.00012695312034338713,-3.0,-0.009726562537252903,0.5,0.005189120769500732,-0.00010156249627470971,0.0012441795552149415,-0.25,-0.011486191302537918,0.00016916235881090416,-0.00026312025147490203,-0.06637730550765991,-0.010079382918775082,3.141592653589793,3.1414427757263184,0.002201675670221448,-0.13345833122730255,0.0016719355480745435
1.1128184795379639,5.0,0.009765625,0.0,0.00012695312034338713,-3.0,-0.009809570387005806,0.5,0.007382493931800127,-0.00010156249627470971,0.0005018222727812827,-0.25,-0.010032465681433678,-0.0014789598051207456,-0.00025300029665231705,-0.06150758436539544,-0.010676740668714046,3.141592653589793,3.1414456367492676,-0.005538871046155691,-0.155814066529274,0.0052877129055559635
1.1174499988555908,5.0,0.009765625,0.0,0.00012695312034338713,-3.0,-0.009809570387005806,0.5,0.007382493931800127,-0.00010156249627470971,0.0005018222727812827,-0.25,-0.010032465681433678,8.019283650113716e-05,-0.00025300029665231705,-0.06611410072818398,-0.010676740668714046,3.141592653589793,3.1414456367492676,-0.005538871046155691,-0.155814066529274,0.0052877129055559635
1.1222665309906006,5.0,0.009765625,0.0,0.00012695312034338713,-3.0,-0.009809570387005806,0.5,0.007382493931800127,-0.00010156249627470971,0.0005018222727812827,-0.25,-0.010032465681433678,8.025096094373584e-05,-0.00025246760924346745,-0.06611410072818398,-0.012845276854932308,3.141592653589793,3.1414637565612793,0.001877396716736257,-0.1473640352487564,0.001337367226369679
1.126908779144287,5.0,0.009843749925494194,0.0,0.00012695312034338713,-3.0,-0.009999999776482582,0.5,0.006003582384437323,-0.00010156249627470971,0.00021898509294260293,-0.25,-0.012983683496713638,-0.0005629274271208788,-0.00025246760924346745,-0.06924992305863152,-0.012845276854932308,3.141592653589793,3.1414637565612793,0.001877396716736257,-0.1473640352487564,0.001337367226369679
1.1317102909088135,5.0,0.009843749925494194,0.0,0.00012695312034338713,-3.0,-0.009999999776482582,0.5,0.006003582384437323,-0.00010156249627470971,0.00021898509294260293,-0.25,-0.012983683496713638,4.6371042852592873e-05,-0.00024341285461559892,-0.06627957011386751,-0.014214753173291683,3.141592653589793,3.141474962234497,-0.000485591939650476,-0.15248198807239532,0.0002637975849211216
1.1363086700439453,5.0,0.009921874850988388,0.0,0.00012695312034338713,-3.0,-0.010141601786017418,0.5,0.007954079657793045,-0.00010156249627470971,0.0004640762344934046,-0.25,-0.011254793033003807,0.0006088286367413539,-0.00024341285461559892,-0.061803804361516425,-0.014214753173291683,3.141592653589793,3.141474962234497,-0.000485591939650476,-0.15248198807239532,0.0002637975849211216
1.1411497592926025,5.0,0.009921874850988388,0.0,0.00012695312034338713,-3.0,-0.010141601786017418,0.5,0.007954079657793045,-0.00010156249627470971,0.0004640762344934046,-0.25,-0.011254793033003807,7.588876641700373e-05,-0.00023595606035087258,-0.06604551044106483,-0.015244602225720882,3.141592653589793,3.141484498977661,-0.0009144393261522055,-0.1535714566707611,0.00036140994052402675
1.145941972732544,5.0,0.009960937313735485,0.0,0.00012695312034338713,-3.0,-0.010234374552965164,0.5,0.00810451153665781,-0.00010156249627470971,0.0005228966474533081,-0.25,-0.011414204724133015,0.00020574870528946874,-0.00023595606035087258,-0.06571354964482991,-0.015244602225720882,3.141592653589793,3.141484498977661,-0.0009144393261522055,-0.1535714566707611,0.00036140994052402675
1.1506330966949463,5.0,0.009960937313735485,0.0,0.00012695312034338713,-3.0,-0.010234374552965164,0.5,0.00810451153665781,-0.00010156249627470971,0.0005228966474533081,-0.25,-0.011414204724133015,8.306565510727117e-05,-0.00023595603124704212,-0.06602745861560105,-0.01588439755141735,3.141592653589793,3.141491413116455,0.0011503086425364017,-0.152472585439682,0.001361181028187275
1.1554603576660156,5.0,0.009960937313735485,0.0,0.00012695312034338713,-3.0,-0.010234374552965164,0.5,0.00810451153665781,-0.00010156249627470971,0.0005228966474533081,-0.25,-0.011414204724133015,8.312594365232208e-05,-0.00023595603124704212,-0.06602745861560105,-0.01588439755141735,3.141592653589793,3.141491413116455,0.0011503086425364017,-0.152472585439682,0.001361181028187275
1.1603724956512451,5.0,0.010039062239229679,0.0,0.00011718749738065526,-3.0,-0.010424804873764515,0.5,0.006415700074285269,0.00010505595974765326,0.001017165370285511,-0.25,-0.013526128605008125,0.0007033243544221353,-0.0002050633920589462,-0.0696681534962428,-0.017734168097376823,3.141592653589793,3.141364097595215,0.004585541784763336,-0.16319479048252106,0.007961871102452278
1.1651525497436523,5.0,0.010039062239229679,0.0,0.00011718749738065526,-3.0,-0.010424804873764515,0.5,0.006415700074285269,-9.374999790452422e-05,0.001017165370285511,-0.25,-0.013526128605008125,0.0005576038421667581,-0.0002050633920589462,-0.06623011599108578,-0.017734168097376823,3.141592653589793,3.141364097595215,0.004585541784763336,-0.16319479048252106,0.007961871102452278
1.1700091361999512,5.0,0.010117187164723873,0.0,0.00012695312034338713,-3.0,-0.010556640103459358,0.5,0.008545223623514175,-0.0003026424739628694,0.0005471824551932514,-0.25,-0.012088773772120476,-0.000427152527299689,-0.00022050972620490938,-0.06158975768131723,-0.01884746365249157,3.141592653589793,3.141484498977661,-0.001500752056017518,-0.161757230758667,0.0008993560331873596
1.174708366394043,5.0,0.010117187164723873,0.0,0.00012695312034338713,-3.0,-0.010556640103459358,0.5,0.008545223623514175,-0.00010156249627470971,0.0005471824551932514,-0.25,-0.012088773772120476,-0.0003415202543887884,-0.00021358548838179559,-0.0659745731651783,-0.0204927921295166,3.141592653589793,3.1415019035339355,-0.0001734519173623994,-0.16533952951431274,0.0006372802308760583
1.1795158386230469,5.0,0.01015624962747097,0.0,0.00012695312034338713,-3.0,-0.010703125037252903,0.5,0.006893059238791466,-0.00010156249627470971,9.51100628299173e-06,-0.25,-0.014397342689335346,-0.001096538134153679,-0.00021358548838179559,-0.06960949212934342,-0.0204927921295166,3.141592653589793,3.1415019035339355,-0.0001734519173623994,-0.16533952951431274,0.0006372802308760583
1.1843225955963135,5.0,0.01015624962747097,0.0,0.00012695312034338713,-3.0,-0.010703125037252903,0.5,0.006893059238791466,-0.00010156249627470971,9.51100628299173e-06,-0.25,-0.014397342689335346,2.1880354292913706e-05,-0.000215183463296853,-0.06617283289134501,-0.022261738777160645,3.141592653589793,3.1415250301361084,0.00018843653379008174,-0.1636384278535843,0.0018262036610394716
1.1890363693237305,5.0,0.010234374552965164,0.0,0.00012695312034338713,-3.0,-0.010859374888241291,0.5,0.0068511017598211765,-0.00010156249627470971,-3.6393867048900574e-05,-0.25,-0.014100685715675354,-8.100663671886839e-05,-0.000215183463296853,-0.0662668781686075,-0.022261738777160645,3.141592653589793,3.1415250301361084,0.00018843653379008174,-0.1636384278535843,0.0018262036610394716
1.1938037872314453,5.0,0.010234374552965164,0.0,0.00012695312034338713,-3.0,-0.010859374888241291,0.5,0.0068511017598211765,-0.00010156249627470971,-3.6393867048900574e-05,-0.25,-0.014100685715675354,1.6384127018332404e-05,-0.0002034654899034649,-0.06617786778882145,-0.02335345558822155,3.141592653589793,3.1415367126464844,0.0012196974130347371,-0.16720004379749298,0.0017093755304813385
1.1988728046417236,5.0,0.010312499478459358,0.0,0.00011718749738065526,-3.0,-0.011015624739229679,0.5,0.006954112555831671,9.890317671133638e-05,-0.001107717165723443,-0.25,-0.014271893538534641,-0.0026452986327764544,-0.0002034654899034649,-0.06596228999654558,-0.02335345558822155,3.141592653589793,3.1415367126464844,0.0012196974130347371,-0.16720004379749298,0.0017093755304813385
1.2037601470947266,5.0,0.010312499478459358,0.0,0.00011718749738065526,-3.0,-0.011015624739229679,0.5,0.006954112555831671,-9.374999790452422e-05,-0.001107717165723443,-0.25,-0.014271893538534641,0.0002808543915423962,-0.00018109494703821838,-0.06616550649330019,-0.024724362418055534,3.141592653589793,3.141399621963501,0.005052318796515465,-0.18392956256866455,0.007922021672129631
1.2084214687347412,5.0,0.010390624403953552,0.0,0.00011718749738065526,-3.0,-0.011137695051729679,0.5,0.00872132834047079,-9.374999790452422e-05,0.0005400695954449475,-0.25,-0.01164447981864214,0.003619480404024731,-0.00018109494703821838,-0.0621622072942614,-0.024724362418055534,3.141592653589793,3.141399621963501,0.005052318796515465,-0.18392956256866455,0.007922021672129631
1.2131752967834473,5.0,0.010390624403953552,0.0,0.00011718749738065526,-3.0,-0.011137695051729679,0.5,0.00872132834047079,-9.374999790452422e-05,0.0005400695954449475,-0.25,-0.01164447981864214,8.452015315393989e-05,-0.000176301269675605,-0.0659534405991435,-0.025797603651881218,3.141592653589793,3.141415596008301,-0.00547733623534441,-0.1805698275566101,0.005965058691799641
1.2178127765655518,5.0,0.010390624403953552,0.0,0.00011718749738065526,-3.0,-0.011137695051729679,0.5,0.00872132834047079,-9.374999790452422e-05,0.0005400695954449475,-0.25,-0.01164447981864214,8.457893966493308e-05,-0.000176301269675605,-0.0659534405991435,-0.025797603651881218,3.141592653589793,3.141415596008301,-0.00547733623534441,-0.1805698275566101,0.005965058691799641
1.2225079536437988,5.0,0.010468749329447746,0.0,0.0001367187505820766,-3.0,-0.01128417905420065,0.5,0.005657475907355547,-0.0005253604441651199,0.0007757405983284116,-0.25,-0.014139113947749138,0.001585981031440605,-0.00013901703641749918,-0.07284663405225328,-0.027194857597351074,3.141592653589793,-3.1415791511535645,-0.0011054479982703924,-0.16446547210216522,0.016055921092629433
1.2271592617034912,5.0,0.010468749329447746,0.0,0.0001367187505820766,-3.0,-0.01128417905420065,0.5,0.005657475907355547,-0.0001093750004656613,0.0007757405983284116,-0.25,-0.014139113947749138,-0.0007794017939366366,-0.00016990966105367988,-0.06632110289111734,-0.02853834442794323,3.141592653589793,3.141451835632324,-0.0034790365025401115,-0.1606830209493637,-0.001046219258569181
1.2318458557128906,5.0,0.010546875186264515,0.0,0.00012695312034338713,-3.0,-0.011435546912252903,0.5,0.0069901784881949425,0.00010681122287193655,0.002130685141310096,-0.25,-0.012635108083486557,0.0026816003898678603,-0.00016990966105367988,-0.06331753012762151,-0.02853834442794323,3.141592653589793,3.141451835632324,-0.0034790365025401115,-0.1606830209493637,-0.001046219258569181
1.2366225719451904,5.0,0.010546875186264515,0.0,0.00012695312034338713,-3.0,-0.011435546912252903,0.5,0.0069901784881949425,-0.00010156249627470971,0.002130685141310096,-0.25,-0.012635108083486557,0.0007132257425742199,-0.00016990966105367988,-0.0661611785814166,-0.02853834442794323,3.141592653589793,3.141451835632324,-0.0034790365025401115,-0.1606830209493637,-0.001046219258569181
1.2414562702178955,5.0,0.010625000111758709,0.0,0.00011718749738065526,-3.0,-0.011586913838982582,0.5,0.007539993152022362,0.00010828211936428372,-0.0015826604794710875,-0.25,-0.012803955003619194,-0.00831028101434399,-0.00016671385674271733,-0.06495773912512617,-0.03029036335647106,3.141592653589793,3.1415657997131348,-0.004557511303573847,-0.17510390281677246,0.005184139125049114
1.2463130950927734,5.0,0.010625000111758709,0.0,0.00011718749738065526,-3.0,-0.011586913838982582,0.5,0.007539993152022362,-9.374999790452422e-05,-0.0015826604794710875,-0.25,-0.012803955003619194,0.00024612641706510364,-0.0001731054508127272,-0.06609520082175732,-0.030948041006922722,3.141592653589793,3.141510009765625,-0.00518686743453145,-0.1588384062051773,-0.014051049016416073
1.2506968975067139,5.0,0.010625000111758709,0.0,0.00011718749738065526,-3.0,-0.011586913838982582,0.5,0.007539993152022362,-9.374999790452422e-05,-0.0015826604794710875,-0.25,-0.012803955003619194,-0.0001699798341075767,-0.0001731054508127272,-0.06609520082175732,-0.030948041006922722,3.141592653589793,3.141510009765625,-0.00518686743453145,-0.1588384062051773,-0.014051049016416073
1.2551405429840088,5.0,0.010664062574505806,0.0,0.00012695312034338713,-3.0,-0.011723632924258709,0.5,0.0064166090451180935,-0.00032132851974867754,4.717243791674264e-05,-0.25,-0.012828429229557514,0.004232869442133237,-0.00015872440417297184,-0.06875807561998609,-0.03284239396452904,3.141592653589793,3.141456127166748,-0.006246139295399189,-0.15129931271076202,-0.014407647773623466
1.2602686882019043,5.0,0.010664062574505806,0.0,0.00012695312034338713,-3.0,-0.011723632924258709,0.5,0.0064166090451180935,-0.00010156249627470971,4.717243791674264e-05,-0.25,-0.012828429229557514,-0.00040196313207698913,-0.00015872440417297184,-0.06623000691458583,-0.03284239396452904,3.141592653589793,3.141456127166748,-0.006246139295399189,-0.15129931271076202,-0.014407647773623466
1.2651238441467285,5.0,0.0107421875,0.0,0.00011718749738065526,-3.0,-0.011850585229694843,0.5,0.006033698562532663,0.00010738922550481642,0.00027029888588003814,-0.25,-0.012331677600741386,5.749760907768909e-05,-0.00014966963499318808,-0.06706462390415488,-0.034016843885183334,3.141592653589793,3.1414666175842285,0.0004061287036165595,-0.14280158281326294,0.0024278871715068817
1.2702672481536865,5.0,0.0107421875,0.0,0.00011718749738065526,-3.0,-0.011850585229694843,0.5,0.006033698562532663,-9.374999790452422e-05,0.00027029888588003814,-0.25,-0.012331677600741386,0.00044353902423348773,-0.00013528858835343271,-0.06627595617249607,-0.03492414951324463,3.141592653589793,3.141481637954712,-0.006252903025597334,-0.1611551195383072,0.00598081573843956
1.2746388912200928,5.0,0.010781249962747097,0.0,0.00012695312034338713,-3.0,-0.01198730431497097,0.5,0.0056820702739059925,-9.374999790452422e-05,0.001548843109048903,-0.25,-0.011742696166038513,5.250839205511182e-05,-0.00013528858835343271,-0.06627595617249607,-0.03492414951324463,3.141592653589793,3.141481637954712,-0.006252903025597334,-0.1611551195383072,0.00598081573843956
1.2793025970458984,5.0,0.010781249962747097,0.0,0.00012695312034338713,-3.0,-0.01198730431497097,0.5,0.0056820702739059925,-0.0003109587002268498,0.001548843109048903,-0.25,-0.011742696166038513,0.0034393919263600754,-0.00012463591701816767,-0.06707211912374904,-0.03554403781890869,3.141592653589793,3.1414811611175537,0.009818549267947674,-0.1436825394630432,0.010655896738171577
1.2842497825622559,5.0,0.010781249962747097,0.0,0.00012695312034338713,-3.0,-0.01198730431497097,0.5,0.0056820702739059925,-0.00010156249627470971,0.001548843109048903,-0.25,-0.011742696166038513,-0.0002160553271071116,-0.00012463591701816767,-0.06631815156713128,-0.03554403781890869,3.141592653589793,3.1414811611175537,0.009818549267947674,-0.1436825394630432,0.010655896738171577
1.2890729904174805,5.0,0.010859374888241291,0.0,0.00012695312034338713,-3.0,-0.012099608778953552,0.5,0.00563877634704113,-0.00010156249627470971,2.7132220566272736e-05,-0.25,-0.01106193196028471,-0.0031303617249290325,-0.00014008223661221564,-0.06641310852427942,-0.03713047504425049,3.141592653589793,3.141591787338257,-0.002987787127494812,-0.13037791848182678,0.0012127928202971816
1.2938733100891113,5.0,0.010859374888241291,0.0,0.00012695312034338713,-3.0,-0.012099608778953552,0.5,0.00563877634704113,-0.00010156249627470971,2.7132220566272736e-05,-0.25,-0.01106193196028471,2.4627430589674535e-05,-0.00014008223661221564,-0.06632334683835506,-0.03713047504425049,3.141592653589793,3.141591787338257,-0.002987787127494812,-0.13037791848182678,0.0012127928202971816
1.2985453605651855,5.0,0.010898437350988388,0.0,0.00011718749738065526,-3.0,-0.012216796167194843,0.5,0.0053315674886107445,0.00011527220792869751,9.932480315910652e-05,-0.25,-0.010583036579191685,-0.0003023213515608487,-0.00012357062951195985,-0.06701775800452552,-0.0379403792321682,3.141592653589793,3.141458749771118,0.0036589440423995256,-0.12852849066257477,0.003059245878830552
1.303375005722046,5.0,0.010898437350988388,0.0,0.00011718749738065526,-3.0,-0.012216796167194843,0.5,0.0053315674886107445,-9.374999790452422e-05,9.932480315910652e-05,-0.25,-0.010583036579191685,0.0004651601859017667,-0.00012357062951195985,-0.0663602119013667,-0.0379403792321682,3.141592653589793,3.141458749771118,0.0036589440423995256,-0.12852849066257477,0.003059245878830552
1.3081440925598145,5.0,0.010976562276482582,0.0,0.00010742187441792339,-3.0,-0.012304686941206455,0.5,0.006213376298546791,0.00011883174235476857,-0.0018019872950389981,-0.25,-0.009473375976085663,-0.004653972088796326,-0.000119309603178408,-0.06440538508626308,-0.03892922401428223,3.141592653589793,3.141488552093506,-0.00227034161798656,-0.12175251543521881,0.001913638086989522
1.3129184246063232,5.0,0.010976562276482582,0.0,0.00010742187441792339,-3.0,-0.012304686941206455,0.5,0.006213376298546791,-8.593749953433871e-05,-0.0018019872950389981,-0.25,-0.009473375976085663,0.0002318242827706644,-0.00010226535960100591,-0.06625439484417439,-0.03946768864989281,3.141592653589793,3.141392946243286,0.011351642198860645,-0.12644915282726288,0.008239949122071266
1.3176813125610352,5.0,0.011015624739229679,0.0,0.00011718749738065526,-3.0,-0.012416992336511612,0.5,0.005076245404779911,-0.0002987857462905588,9.896932169795036e-05,-0.25,-0.010218143463134766,0.004494696532660139,-0.00010226535960100591,-0.0687783324837736,-0.03946768864989281,3.141592653589793,3.141392946243286,0.011351642198860645,-0.12644915282726288,0.008239949122071266
1.3221325874328613,5.0,0.011015624739229679,0.0,0.00011718749738065526,-3.0,-0.012416992336511612,0.5,0.005076245404779911,-9.374999790452422e-05,9.896932169795036e-05,-0.25,-0.010218143463134766,-0.00042858701016662104,-0.00010226535960100591,-0.0663908505514264,-0.03946768864989281,3.141592653589793,3.141392946243286,0.011351642198860645,-0.12644915282726288,0.008239949122071266
1.3269505500793457,5.0,0.011015624739229679,0.0,0.00011718749738065526,-3.0,-0.012416992336511612,0.5,0.005076245404779911,-9.374999790452422e-05,9.896932169795036e-05,-0.25,-0.010218143463134766,3.20540880279892e-05,-0.0001038632690324448,-0.0663908505514264,-0.04099273681640625,3.141592653589793,3.141408681869507,-0.003781988052651286,-0.11891648173332214,-6.413535447791219e-05
1.3316450119018555,5.0,0.011054687201976776,0.0,0.00011718749738065526,-3.0,-0.012524413876235485,0.5,0.005102850496768951,-9.374999790452422e-05,-5.8933335822075605e-05,-0.25,-0.0100203026086092,-0.00032325040739215996,-0.0001038632690324448,-0.06633098458144918,-0.04099273681640625,3.141592653589793,3.141408681869507,-0.003781988052651286,-0.11891648173332214,-6.413535447791219e-05
1.3364276885986328,5.0,0.011054687201976776,0.0,0.00011718749738065526,-3.0,-0.012524413876235485,0.5,0.005102850496768951,-9.374999790452422e-05,-5.8933335822075605e-05,-0.25,-0.0100203026086092,1.3112368372172781e-05,-0.00010279800335410982,-0.06638765794038773,-0.04225027188658714,3.141592653589793,3.141420364379883,0.002809027908369899,-0.11761190742254257,0.0017679664306342602
1.3411486148834229,5.0,0.01113281212747097,0.0,0.00011718749738065526,-3.0,-0.01262695249170065,0.5,0.006837338674813509,-9.374999790452422e-05,0.0004932116135023534,-0.25,-0.007482683286070824,0.0012489942796246902,-9.853694791672751e-05,-0.06250547728886177,-0.04313945770263672,3.141592653589793,3.1414291858673096,0.004927968140691519,-0.11791563034057617,0.0009888774948194623
1.3459384441375732,5.0,0.01113281212747097,0.0,0.00011718749738065526,-3.0,-0.01262695249170065,0.5,0.006837338674813509,-9.374999790452422e-05,0.0004932116135023534,-0.25,-0.007482683286070824,7.948141125904092e-05,-9.853694791672751e-05,-0.06617951935902237,-0.04313945770263672,3.141592653589793,3.1414291858673096,0.004927968140691519,-0.11791563034057617,0.0009888774948194623
1.350703239440918,5.0,0.011171874590218067,0.0,0.00011718749738065526,-3.0,-0.012724609114229679,0.5,0.004548262804746628,-9.374999790452422e-05,0.00010608360753394663,-0.25,-0.009040892124176025,-0.0007794305348268517,-9.80043041636236e-05,-0.07125835160985271,-0.044246554374694824,3.141592653589793,3.1414406299591064,-0.0024681820068508387,-0.10446982830762863,0.00022462187916971743
1.3554506301879883,5.0,0.011171874590218067,0.0,0.00011718749738065526,-3.0,-0.012724609114229679,0.5,0.004548262804746628,-9.374999790452422e-05,0.00010608360753394663,-0.25,-0.009040892124176025,3.306406763151324e-05,-9.80043041636236e-05,-0.06645420846343039,-0.044246554374694824,3.141592653589793,3.1414406299591064,-0.0024681820068508387,-0.10446982830762863,0.00022462187916971743
1.3602521419525146,5.0,0.011210937052965164,0.0,0.00010742187441792339,-3.0,-0.012812499888241291,0.5,0.004450466018170118,0.00011744892211061945,0.0004001672496087849,-0.25,-0.008054028265178204,0.00021565952057245533,-8.309060649480671e-05,-0.06666962323424493,-0.04505550488829613,3.141592653589793,3.1413002014160156,0.0046926699578762054,-0.10404752194881439,0.002014421159401536
1.3651049137115479,5.0,0.011210937052965164,0.0,0.00010742187441792339,-3.0,-0.012812499888241291,0.5,0.004450466018170118,-8.593749953433871e-05,0.0004001672496087849,-0.25,-0.008054028265178204,0.00048660485795413327,-8.309060649480671e-05,-0.06646594407781958,-0.04505550488829613,3.141592653589793,3.1413002014160156,0.0046926699578762054,-0.10404752194881439,0.002014421159401536
1.369765281677246,5.0,0.011210937052965164,0.0,0.00010742187441792339,-3.0,-0.012812499888241291,0.5,0.004450466018170118,-8.593749953433871e-05,0.0004001672496087849,-0.25,-0.008054028265178204,6.753624203157124e-05,-7.084007665980607e-05,-0.06646594407781958,-0.04581582546234131,3.141592653589793,3.141364574432373,0.01681182160973549,-0.1075407937169075,0.0119467843323946
1.3743953704833984,5.0,0.011249999515712261,0.0,0.00011718749738065526,-3.0,-0.012895507737994194,0.5,0.004025292117148638,-0.0003046665347483869,0.00029125346918590367,-0.25,-0.008279761299490929,0.00031794668244412616,-7.084007665980607e-05,-0.06743524949473208,-0.04581582546234131,3.141592653589793,3.141364574432373,0.01681182160973549,-0.1075407937169075,0.0119467843323946
1.3793251514434814,5.0,0.011249999515712261,0.0,0.00011718749738065526,-3.0,-0.012895507737994194,0.5,0.004025292117148638,-9.374999790452422e-05,0.00029125346918590367,-0.25,-0.008279761299490929,-0.00037234436785942737,-7.297060801647604e-05,-0.06651696494594217,-0.046402331441640854,3.141592653589793,3.1413800716400146,-0.008190992288291454,-0.11647270619869232,0.006291583180427551
1.383997917175293,5.0,0.011289061978459358,0.0,0.00011718749738065526,-3.0,-0.012929687276482582,0.5,0.006145227234810591,-9.374999790452422e-05,0.0005082442658022046,-0.25,-0.005677634384483099,0.0005459657554056197,-7.297060801647604e-05,-0.06172578394476727,-0.046402331441640854,3.141592653589793,3.1413800716400146,-0.008190992288291454,-0.11647270619869232,0.006291583180427551
1.388627052307129,5.0,0.011289061978459358,0.0,0.00011718749738065526,-3.0,-0.012929687276482582,0.5,0.006145227234810591,-9.374999790452422e-05,0.0005082442658022046,-0.25,-0.005677634384483099,8.164812050445768e-05,-8.04274677648209e-05,-0.06626257273182273,-0.04739105701446533,3.141592653589793,3.1413981914520264,-0.004843942355364561,-0.09570423513650894,0.0004105460538994521
1.3932392597198486,5.0,0.011328124441206455,0.0,0.00011718749738065526,-3.0,-0.013046874664723873,0.5,0.004129551816731691,-9.374999790452422e-05,7.630735126440413e-06,-0.25,-0.007565632928162813,-0.0010638259907187863,-8.04274677648209e-05,-0.07087475901267194,-0.04739105701446533,3.141592653589793,3.1413981914520264,-0.004843942355364561,-0.09570423513650894,0.0004105460538994521
1.3978488445281982,5.0,0.011328124441206455,0.0,0.00011718749738065526,-3.0,-0.013046874664723873,0.5,0.004129551816731691,-9.374999790452422e-05,7.630735126440413e-06,-0.25,-0.007565632928162813,2.1593195064470613e-05,-7.190534233814105e-05,-0.06650445378199218,-0.04798424243927002,3.141592653589793,3.141404390335083,-0.0018763385014608502,-0.0899721011519432,0.000739699462428689
1.4027738571166992,5.0,0.011367186903953552,0.0,0.00011718749738065526,-3.0,-0.013124999590218067,0.5,0.003786361776292324,-9.374999790452422e-05,-3.4550612326711416e-05,-0.25,-0.007348985411226749,-6.910992255406571e-05,-7.190534233814105e-05,-0.06724246737513703,-0.04798424243927002,3.141592653589793,3.141404390335083,-0.0018763385014608502,-0.0899721011519432,0.000739699462428689
1.407381296157837,5.0,0.011367186903953552,0.0,0.00011718749738065526,-3.0,-0.013124999590218067,0.5,0.003786361776292324,-9.374999790452422e-05,-3.4550612326711416e-05,-0.25,-0.007348985411226749,1.654271967568289e-05,-7.084008393576369e-05,-0.06654563658684493,-0.048698779195547104,3.141592653589793,3.141418695449829,-0.0026229433715343475,-0.08722015470266342,0.0007191345794126391
1.4122064113616943,5.0,0.011367186903953552,0.0,0.00011718749738065526,-3.0,-0.013124999590218067,0.5,0.003786361776292324,-9.374999790452422e-05,-3.4550612326711416e-05,-0.25,-0.007348985411226749,1.65484325527911e-05,-7.084008393576369e-05,-0.06654563658684493,-0.048698779195547104,3.141592653589793,3.141418695449829,-0.0026229433715343475,-0.08722015470266342,0.0007191345794126391
1.4169425964355469,5.0,0.01140624936670065,0.0,0.00010742187441792339,-3.0,-0.013164062052965164,0.5,0.005862030666321516,0.00012025425206434304,0.0008448488661088049,-0.25,-0.004289134871214628,0.0015013826278100033,-4.846951924264431e-05,-0.061913980771023044,-0.04913532733917236,3.141592653589793,3.141275644302368,-0.00167119933757931,-0.11615226417779922,0.010089525952935219
1.4216511249542236,5.0,0.01140624936670065,0.0,0.00010742187441792339,-3.0,-0.013164062052965164,0.5,0.005862030666321516,-8.593749953433871e-05,0.0008448488661088049,-0.25,-0.004289134871214628,0.000559206389315024,-6.498111906694248e-05,-0.06629655632004142,-0.05022990703582764,3.141592653589793,3.1413567066192627,-0.00011476466170279309,-0.08621596544981003,0.002127785701304674
1.426590919494629,5.0,0.011445311829447746,0.0,0.00011718749738065526,-3.0,-0.013271484524011612,0.5,0.0033989083021879196,-0.0002914428955109634,0.00153374916408211,-0.25,-0.007074858993291855,0.0020394173111122783,-6.498111906694248e-05,-0.07157841604856346,-0.05022990703582764,3.141592653589793,3.1413567066192627,-0.00011476466170279309,-0.08621596544981003,0.002127785701304674
1.4314143657684326,5.0,0.011445311829447746,0.0,0.00011718749738065526,-3.0,-0.013271484524011612,0.5,0.0033989083021879196,-9.374999790452422e-05,0.00153374916408211,-0.25,-0.007074858993291855,-0.00020462017420709572,-4.580636596074328e-05,-0.06659213100373745,-0.05076300725340843,3.141592653589793,3.1414108276367188,0.0076172687113285065,-0.09453633427619934,0.023647800087928772
1.436081886291504,5.0,0.011445311829447746,0.0,0.00011718749738065526,-3.0,-0.01335449144244194,0.5,0.0036321659572422504,-9.374999790452422e-05,-9.156983287539333e-05,-0.25,-0.006996487267315388,-0.0034719893454165716,-4.580636596074328e-05,-0.06606439369108434,-0.05076300725340843,3.141592653589793,3.1414108276367188,0.0076172687113285065,-0.09453633427619934,0.023647800087928772
1.4409499168395996,5.0,0.011445311829447746,0.0,0.00011718749738065526,-3.0,-0.01335449144244194,0.5,0.0036321659572422504,-9.374999790452422e-05,-9.156983287539333e-05,-0.25,-0.006996487267315388,1.020015540610344e-05,-5.91221651120577e-05,-0.06656414008513092,-0.05160510540008545,3.141592653589793,3.141428232192993,0.0025354893878102303,-0.08280662447214127,0.0013865710934624076
1.4456043243408203,5.0,0.011445311829447746,0.0,0.00011718749738065526,-3.0,-0.01335449144244194,0.5,0.0036321659572422504,-9.374999790452422e-05,-9.156983287539333e-05,-0.25,-0.006996487267315388,1.0200358353632749e-05,-5.91221651120577e-05,-0.06656414008513092,-0.05160510540008545,3.141592653589793,3.141428232192993,0.0025354893878102303,-0.08280662447214127,0.0013865710934624076
1.450500726699829,5.0,0.011484374292194843,0.0,0.00011718749738065526,-3.0,-0.013398436829447746,0.5,0.003590628504753113,-9.374999790452422e-05,9.12696123123169e-06,-0.25,-0.006928745191544294,0.00022794870383622767,-5.379584399634041e-05,-0.06665395717578011,-0.05196261405944824,3.141592653589793,3.1414313316345215,-0.0023676548153162003,-0.0842641219496727,6.640073843300343e-05
1.4553310871124268,5.0,0.011484374292194843,0.0,0.00011718749738065526,-3.0,-0.013398436829447746,0.5,0.003590628504753113,-9.374999790452422e-05,9.12696123123169e-06,-0.25,-0.006928745191544294,2.2303986841951306e-05,-5.379584399634041e-05,-0.06656912457942962,-0.05196261405944824,3.141592653589793,3.1414313316345215,-0.0023676548153162003,-0.0842641219496727,6.640073843300343e-05
1.4599511623382568,5.0,0.011523437686264515,0.0,0.00011718749738065526,-3.0,-0.013496093451976776,0.5,0.003473521675914526,-9.374999790452422e-05,-5.837204071212909e-07,-0.25,-0.006391406990587711,1.2886456054636667e-07,-4.95347885589581e-05,-0.06683665125616396,-0.05293726548552513,3.141592653589793,3.1414389610290527,-0.0010579802328720689,-0.07820068299770355,0.0003789083566516638
1.4647009372711182,5.0,0.011523437686264515,0.0,0.00011718749738065526,-3.0,-0.013496093451976776,0.5,0.003473521675914526,-9.374999790452422e-05,-5.837204071212909e-07,-0.25,-0.006391406990587711,2.1156164126548824e-05,-5.379585127229802e-05,-0.06658317739889025,-0.05349206551909447,3.141592653589793,3.1413662433624268,-0.012106509879231453,-0.06947950273752213,-0.0023240339942276478
1.4694044589996338,5.0,0.011562500149011612,0.0,0.00011718749738065526,-3.0,-0.013554687611758709,0.5,0.003087428165599704,-9.374999790452422e-05,0.0014039997477084398,-0.25,-0.005543091334402561,0.0031760849385495523,-5.379585127229802e-05,-0.06745036909999802,-0.05349206551909447,3.141592653589793,3.1413662433624268,-0.012106509879231453,-0.06947950273752213,-0.0023240339942276478
1.4737544059753418,5.0,0.011562500149011612,0.0,0.00011718749738065526,-3.0,-0.013554687611758709,0.5,0.003087428165599704,-9.374999790452422e-05,0.0014039997477084398,-0.25,-0.005543091334402561,0.00018997737690938944,-4.740426811622456e-05,-0.06662950862012804,-0.05408632382750511,3.141592653589793,3.1414177417755127,0.006205083802342415,-0.07223978638648987,0.00245764316059649
1.4788813591003418,5.0,0.011562500149011612,0.0,0.00011718749738065526,-3.0,-0.013608397915959358,0.5,0.0031027644872665405,-9.374999790452422e-05,-4.817586159333587e-05,-0.25,-0.006026233080774546,0.0001901309547641642,-4.740426811622456e-05,-0.06662950862012804,-0.05408632382750511,3.141592653589793,3.1414177417755127,0.006205083802342415,-0.07223978638648987,0.00245764316059649
1.4835598468780518,5.0,0.011562500149011612,0.0,0.00011718749738065526,-3.0,-0.013608397915959358,0.5,0.0031027644872665405,-9.374999790452422e-05,-4.817586159333587e-05,-0.25,-0.006026233080774546,-0.003088068149663107,-3.94147755287122e-05,-0.06659488775125309,-0.054378148168325424,3.141592653589793,3.1414201259613037,-0.0018897876143455505,-0.07143277674913406,0.0002726250095292926
1.4884428977966309,5.0,0.011562500149011612,0.0,0.00011718749738065526,-3.0,-0.013608397915959358,0.5,0.0031027644872665405,-9.374999790452422e-05,-4.817586159333587e-05,-0.25,-0.006026233080774546,1.5878596825308947e-05,-3.94147755287122e-05,-0.06662766826152802,-0.054378148168325424,3.141592653589793,3.1414201259613037,-0.0018897876143455505,-0.07143277674913406,0.0002726250095292926
1.4934115409851074,5.0,0.011601562611758709,0.0,0.00011718749738065526,-3.0,-0.013676757924258709,0.5,0.003448592033237219,-9.374999790452422e-05,0.0023134739603847265,-0.25,-0.004885348957031965,0.005052623895169416,-2.9827408070559613e-05,-0.06589014886993906,-0.055148717015981674,3.141592653589793,3.1414794921875,-0.01157266367226839,-0.09087392687797546,0.02987165004014969
1.498021125793457,5.0,0.011601562611758709,0.0,0.00011718749738065526,-3.0,-0.013676757924258709,0.5,0.003448592033237219,-9.374999790452422e-05,0.0023134739603847265,-0.25,-0.004885348957031965,0.00029973771426091474,-2.9827408070559613e-05,-0.06658616895601152,-0.055148717015981674,3.141592653589793,3.1414794921875,-0.01157266367226839,-0.09087392687797546,0.02987165004014969
1.5029001235961914,5.0,0.011640625074505806,0.0,0.00012695312034338713,-3.0,-0.01372558530420065,0.5,0.0023387831170111895,-0.0003017188266845911,-0.0008513726061210036,-0.25,-0.0061125373467803,-0.006115561559687334,-5.113268343848176e-05,-0.06899401176900133,-0.055603619664907455,3.141592653589793,3.141483783721924,0.004380557686090469,-0.0535508394241333,-0.009198352694511414
1.507552146911621,5.0,0.011640625074505806,0.0,0.00012695312034338713,-3.0,-0.01372558530420065,0.5,0.0023387831170111895,-0.00010156249627470971,-0.0008513726061210036,-0.25,-0.0061125373467803,-0.0005094862792018675,-5.113268343848176e-05,-0.06671934602595866,-0.055603619664907455,3.141592653589793,3.141483783721924,0.004380557686090469,-0.0535508394241333,-0.009198352694511414
1.5123403072357178,5.0,0.011640625074505806,0.0,0.00012695312034338713,-3.0,-0.013764647766947746,0.5,0.0027282005175948143,-0.00010156249627470971,-0.0001011789936455898,-0.25,-0.005265427753329277,0.0015775614462398763,-3.51537273672875e-05,-0.06585932362053688,-0.05607699975371361,3.141592653589793,3.1414783000946045,-0.00253270473331213,-0.06241361051797867,4.6456450945697725e-05
1.5169544219970703,5.0,0.011640625074505806,0.0,0.00012695312034338713,-3.0,-0.013764647766947746,0.5,0.0027282005175948143,-0.00010156249627470971,-0.0001011789936455898,-0.25,-0.005265427753329277,1.0793533823737677e-05,-3.51537273672875e-05,-0.06667261593788862,-0.05607699975371361,3.141592653589793,3.1414783000946045,-0.00253270473331213,-0.06241361051797867,4.6456450945697725e-05
1.521723985671997,5.0,0.011679687537252903,0.0,0.00011718749738065526,-3.0,-0.01381835900247097,0.5,0.0025874897837638855,0.00011099877217834569,7.97131287981756e-05,-0.25,-0.005093940533697605,-5.940816136309384e-05,-2.6631598757376196e-06,-0.06698451926831274,-0.05649566277861595,3.141592653589793,3.1413700580596924,-0.00646592304110527,-0.07246964424848557,0.003620842006057501
1.526517629623413,5.0,0.011679687537252903,0.0,0.00011718749738065526,-3.0,-0.01381835900247097,0.5,0.0025874897837638855,-9.374999790452422e-05,7.97131287981756e-05,-0.25,-0.005093940533697605,0.000458702262126273,-2.5033710699062794e-05,-0.06668950122594833,-0.05695151910185814,3.141592653589793,3.1413767337799072,-0.0012667120900005102,-0.05966595560312271,0.00032126455334946513
1.5313668251037598,5.0,0.011679687537252903,0.0,0.00011718749738065526,-3.0,-0.01381835900247097,0.5,0.0025874897837638855,-9.374999790452422e-05,7.97131287981756e-05,-0.25,-0.005093940533697605,3.159355787676552e-05,-2.5033710699062794e-05,-0.06668950122594833,-0.05695151910185814,3.141592653589793,3.1413767337799072,-0.0012667120900005102,-0.05966595560312271,0.00032126455334946513
1.5361518859863281,5.0,0.011679687537252903,0.0,0.00011718749738065526,-3.0,-0.013862304389476776,0.5,0.004094704519957304,-9.374999790452422e-05,-0.0014710758114233613,-0.25,-0.0035431943833827972,-0.003395529914812384,-2.0772651623701677e-05,-0.06335880147809592,-0.05739390477538109,3.141592653589793,3.1413955688476562,-0.00044158147647976875,-0.05453798174858093,0.0002315128076588735
1.5409910678863525,5.0,0.011679687537252903,0.0,0.00011718749738065526,-3.0,-0.013862304389476776,0.5,0.004094704519957304,-9.374999790452422e-05,-0.0014710758114233613,-0.25,-0.0035431943833827972,-0.00015476622931021966,-2.0772651623701677e-05,-0.06650863545760513,-0.05739390477538109,3.141592653589793,3.1413955688476562,-0.00044158147647976875,-0.05453798174858093,0.0002315128076588735
1.545750617980957,5.0,0.01171875,0.0,0.00011718749738065526,-3.0,-0.013906249776482582,0.5,0.00429955730214715,-9.374999790452422e-05,0.0005071553750894964,-0.25,-0.0019022702472284436,0.004239019433444873,-1.544633232697379e-05,-0.06605364945508031,-0.057669755071401596,3.141592653589793,3.141400098800659,-0.007670844905078411,-0.07325100153684616,0.006104525178670883
1.5505120754241943,5.0,0.01171875,0.0,0.00011718749738065526,-3.0,-0.013906249776482582,0.5,0.00429955730214715,-9.374999790452422e-05,0.0005071553750894964,-0.25,-0.0019022702472284436,8.273593756303937e-05,-1.544633232697379e-05,-0.06648405312374234,-0.057669755071401596,3.141592653589793,3.141400098800659,-0.007670844905078411,-0.07325100153684616,0.006104525178670883
1.5554356575012207,5.0,0.01171875,0.0,0.00011718749738065526,-3.0,-0.013950195163488388,0.5,0.0022128247655928135,-9.374999790452422e-05,-0.00013696341193281114,-0.25,-0.003982203081250191,-0.0013027946214141405,-2.024002060352359e-05,-0.07097270160969875,-0.05829143151640892,3.141592653589793,3.141416311264038,-0.0019209294114261866,-0.050630390644073486,0.00032855995232239366
1.5601112842559814,5.0,0.01171875,0.0,0.00011718749738065526,-3.0,-0.013950195163488388,0.5,0.0022128247655928135,-9.374999790452422e-05,-0.00013696341193281114,-0.25,-0.003982203081250191,5.433386828650642e-06,-2.024002060352359e-05,-0.06673446102812886,-0.05829143151640892,3.141592653589793,3.141416311264038,-0.0019209294114261866,-0.050630390644073486,0.00032855995232239366
1.5648949146270752,5.0,0.011757812462747097,0.0,0.00011718749738065526,-3.0,-0.013994140550494194,0.5,0.0022254502400755882,-9.374999790452422e-05,0.000392752030165866,-0.25,-0.0034917532466351986,0.0011763960627367545,-2.237055559817236e-05,-0.06670655288998827,-0.05867397412657738,3.141592653589793,3.1414291858673096,0.00544392503798008,-0.05180398374795914,0.0016908766701817513
1.5692622661590576,5.0,0.011757812462747097,0.0,0.00011718749738065526,-3.0,-0.013994140550494194,0.5,0.0022254502400755882,-9.374999790452422e-05,0.000392752030165866,-0.25,-0.0034917532466351986,6.908827930558554e-05,-2.237055559817236e-05,-0.06673294597119092,-0.05867397412657738,3.141592653589793,3.1414291858673096,0.00544392503798008,-0.05180398374795914,0.0016908766701817513
1.5739240646362305,5.0,0.011757812462747097,0.0,0.00011718749738065526,-3.0,-0.013994140550494194,0.5,0.0022254502400755882,-9.374999790452422e-05,0.000392752030165866,-0.25,-0.0034917532466351986,6.913363879385754e-05,-1.757685822667554e-05,-0.06673294597119092,-0.059097643941640854,3.141592653589793,3.14143443107605,-0.0015653963200747967,-0.04671666771173477,0.0004877760075032711
1.5785365104675293,5.0,0.011757812462747097,0.0,0.00011718749738065526,-3.0,-0.0140380859375,0.5,0.002060416853055358,-9.374999790452422e-05,1.2200487617519684e-05,-0.25,-0.003928557503968477,-0.0008015764565204383,-1.757685822667554e-05,-0.06711055014061926,-0.059097643941640854,3.141592653589793,3.14143443107605,-0.0015653963200747967,-0.04671666771173477,0.0004877760075032711
1.5836775302886963,5.0,0.011757812462747097,0.0,0.00011718749738065526,-3.0,-0.0140380859375,0.5,0.002060416853055358,-9.374999790452422e-05,1.2200487617519684e-05,-0.25,-0.003928557503968477,2.3488121376484007e-05,-4.633899516193196e-05,-0.06675274997763336,-0.0595397911965847,3.141592653589793,3.141263008117676,-0.0030068052001297474,-0.046725865453481674,-0.01207329984754324
1.5883643627166748,5.0,0.011796874925494194,0.0,0.00010742187441792339,-3.0,-0.014077148400247097,0.5,0.0016184402629733086,0.00012242546442475235,0.00010958284110529348,-0.25,-0.003990644123405218,-0.0002442296511679081,-4.633899516193196e-05,-0.06774880486082671,-0.0595397911965847,3.141592653589793,3.141263008117676,-0.0030068052001297474,-0.046725865453481674,-0.01207329984754324
1.5929388999938965,5.0,0.011796874925494194,0.0,0.00010742187441792339,-3.0,-0.014077148400247097,0.5,0.0016184402629733086,-8.593749953433871e-05,0.00010958284110529348,-0.25,-0.003990644123405218,0.0004897374294567962,-4.633899516193196e-05,-0.06680578716844321,-0.0595397911965847,3.141592653589793,3.141263008117676,-0.0030068052001297474,-0.046725865453481674,-0.01207329984754324
1.5982065200805664,5.0,0.011796874925494194,0.0,0.00010742187441792339,-3.0,-0.014077148400247097,0.5,0.0016184402629733086,-8.593749953433871e-05,0.00010958284110529348,-0.25,-0.003990644123405218,3.427378700533426e-05,-7.989483492565341e-06,-0.06680578716844321,-0.059936996549367905,3.141592653589793,3.141324520111084,-0.001015378162264824,-0.04254564270377159,0.0006030736258253455
1.602567434310913,5.0,0.011796874925494194,0.0,0.00010742187441792339,-3.0,-0.014121093787252903,0.5,0.0019911830313503742,-8.593749953433871e-05,5.673629493685439e-05,-0.25,-0.003223392879590392,-9.323761926225571e-05,5.117933028486732e-07,-0.06590632265579129,-0.060227151960134506,3.141592653589793,3.1414577960968018,-0.0006561420159414411,-0.07511565834283829,0.019885791465640068
1.6069705486297607,5.0,0.011796874925494194,0.0,0.00010742187441792339,-3.0,-0.014121093787252903,0.5,0.0019911830313503742,-8.593749953433871e-05,5.673629493685439e-05,-0.25,-0.003223392879590392,2.795720940928092e-05,5.117933028486732e-07,-0.06676105803623796,-0.060227151960134506,3.141592653589793,3.1414577960968018,-0.0006561420159414411,-0.07511565834283829,0.019885791465640068
1.611799716949463,5.0,0.011835937388241291,0.0,0.00011718749738065526,-3.0,-0.014145507477223873,0.5,0.0016306826146319509,-0.0002959716293786201,-3.666471457108855e-05,-0.25,-0.0030688808765262365,0.0002834962553230776,-8.52211542223813e-06,-0.06755082430191622,-0.06049060449004173,3.141592653589793,3.1413753032684326,-0.0009225378162227571,-0.036433394998311996,5.8658839407144114e-05
1.6165015697479248,5.0,0.011835937388241291,0.0,0.00011718749738065526,-3.0,-0.014145507477223873,0.5,0.0016306826146319509,-9.374999790452422e-05,-3.666471457108855e-05,-0.25,-0.0030688808765262365,-0.00041237224290124625,-8.52211542223813e-06,-0.06680431808624417,-0.06049060449004173,3.141592653589793,3.1413753032684326,-0.0009225378162227571,-0.036433394998311996,5.8658839407144114e-05
1.621333122253418,5.0,0.011835937388241291,0.0,0.00011718749738065526,-3.0,-0.014179687015712261,0.5,0.0016437183367088437,-9.374999790452422e-05,-9.468205098528415e-05,-0.25,-0.0028172635938972235,-0.00010932528111225695,-1.0120011211256497e-05,-0.0667757733992742,-0.06086229905486107,3.141592653589793,3.1413867473602295,-0.004055789206176996,-0.03716770187020302,0.00038520191446878016
1.6261298656463623,5.0,0.011835937388241291,0.0,0.00011718749738065526,-3.0,-0.014179687015712261,0.5,0.0016437183367088437,-9.374999790452422e-05,-9.468205098528415e-05,-0.25,-0.0028172635938972235,1.0754741088134677e-05,-1.0120011211256497e-05,-0.06680275379959494,-0.06086229905486107,3.141592653589793,3.1413867473602295,-0.004055789206176996,-0.03716770187020302,0.00038520191446878016
1.6305253505706787,5.0,0.011835937388241291,0.0,0.00011718749738065526,-3.0,-0.014179687015712261,0.5,0.0016437183367088437,-9.374999790452422e-05,-9.468205098528415e-05,-0.25,-0.0028172635938972235,1.0754659151629375e-05,2.5260412712668767e-06,-0.06680275379959494,-0.06109702214598656,3.141592653589793,3.141395092010498,-0.011665533296763897,-0.05455624684691429,0.0016650909092277288
1.6355278491973877,5.0,0.011874999850988388,0.0,0.00011718749738065526,-3.0,-0.014204101637005806,0.5,0.0013240677071735263,-9.374999790452422e-05,0.00031837893766351044,-0.25,-0.0028243933338671923,0.000886072560688899,2.5260412712668767e-06,-0.06748009381873964,-0.06109702214598656,3.141592653589793,3.141395092010498,-0.011665533296763897,-0.05455624684691429,0.0016650909092277288
1.6400551795959473,5.0,0.011874999850988388,0.0,0.00011718749738065526,-3.0,-0.014204101637005806,0.5,0.0013240677071735263,-9.374999790452422e-05,0.00031837893766351044,-0.25,-0.0028243933338671923,6.040052815533131e-05,-7.98948258307064e-06,-0.06684111187513916,-0.06138407811522484,3.141592653589793,3.141406297683716,-0.0009824670851230621,-0.031678177416324615,0.0003061455790884793
1.644871473312378,5.0,0.011874999850988388,0.0,0.00011718749738065526,-3.0,-0.014228515326976776,0.5,0.001374484272673726,-9.374999790452422e-05,2.517369284760207e-05,-0.25,-0.0026511549949645996,-0.0005835503949908322,-7.98948258307064e-06,-0.06673038271182062,-0.06138407811522484,3.141592653589793,3.141406297683716,-0.0009824670851230621,-0.031678177416324615,0.0003061455790884793
1.6494238376617432,5.0,0.011874999850988388,0.0,0.00011718749738065526,-3.0,-0.014228515326976776,0.5,0.001374484272673726,-9.374999790452422e-05,2.517369284760207e-05,-0.25,-0.0026511549949645996,2.523818188531389e-05,-6.924217359483009e-06,-0.06683506188727914,-0.06151103600859642,3.141592653589793,3.141411066055298,-0.0011889934539794922,-0.03148053213953972,0.0006164348451420665
1.65403413772583,5.0,0.011874999850988388,0.0,0.00011718749738065526,-3.0,-0.014262694865465164,0.5,0.0013486234238371253,-9.374999790452422e-05,-1.6565219993935898e-05,-0.25,-0.002509442623704672,-7.029741899864234e-05,-6.924217359483009e-06,-0.06689425882399436,-0.06151103600859642,3.141592653589793,3.141411066055298,-0.0011889934539794922,-0.03148053213953972,0.0006164348451420665
1.658583641052246,5.0,0.011874999850988388,0.0,0.00011718749738065526,-3.0,-0.014262694865465164,0.5,0.0013486234238371253,-9.374999790452422e-05,-1.6565219993935898e-05,-0.25,-0.002509442623704672,2.0243652292137346e-05,-3.7284257814462762e-06,-0.06683816518913954,-0.06187820062041283,3.141592653589793,3.1414248943328857,-0.0010186905274167657,-0.02990064024925232,0.00028476121951825917
1.663454532623291,5.0,0.011874999850988388,0.0,0.00011718749738065526,-3.0,-0.014262694865465164,0.5,0.0013486234238371253,-9.374999790452422e-05,-1.6565219993935898e-05,-0.25,-0.002509442623704672,2.02511714658201e-05,-3.7284257814462762e-06,-0.06683816518913954,-0.06187820062041283,3.141592653589793,3.1414248943328857,-0.0010186905274167657,-0.02990064024925232,0.00028476121951825917
1.6681177616119385,5.0,0.011874999850988388,0.0,0.00011718749738065526,-3.0,-0.0142822265625,0.5,0.001226526452228427,-9.374999790452422e-05,-2.4215316898335004e-06,-0.25,-0.0023356592282652855,5.2287177915085756e-05,-3.195793624399812e-06,-0.06711464606874412,-0.06204962357878685,3.141592653589793,3.1414096355438232,-0.001829613815061748,-0.028537260368466377,0.0006007387419231236
1.6727359294891357,5.0,0.011874999850988388,0.0,0.00011718749738065526,-3.0,-0.0142822265625,0.5,0.001226526452228427,-9.374999790452422e-05,-2.4215316898335004e-06,-0.25,-0.0023356592282652855,2.1965367177114133e-05,-3.195793624399812e-06,-0.06685281682573259,-0.06204962357878685,3.141592653589793,3.1414096355438232,-0.001829613815061748,-0.028537260368466377,0.0006007387419231236
1.6774921417236328,5.0,0.011874999850988388,0.0,0.00011718749738065526,-3.0,-0.014301757328212261,0.5,0.001206323504447937,-9.374999790452422e-05,-1.9091983631369658e-05,-0.25,-0.0022476708982139826,-1.5077834013047061e-05,5.888878149562515e-07,-0.06689771814807996,-0.06226026639342308,3.141592653589793,3.141409158706665,-0.0006222770898602903,-0.02687583491206169,6.369097536662593e-05
1.6822006702423096,5.0,0.011874999850988388,0.0,0.00011718749738065526,-3.0,-0.014301757328212261,0.5,0.001206323504447937,-9.374999790452422e-05,-1.9091983631369658e-05,-0.25,-0.0022476708982139826,1.9979045319134634e-05,5.888878149562515e-07,-0.06685524117946624,-0.06226026639342308,3.141592653589793,3.141409158706665,-0.0006222770898602903,-0.02687583491206169,6.369097536662593e-05
1.686887264251709,5.0,0.011914062313735485,0.0,0.00010742187441792339,-3.0,-0.014321289025247097,0.5,0.0019598007202148438,0.00012243606436187194,-0.0014491059118881822,-0.25,-0.0015207695541903377,-0.0036902844731585326,1.4478254115601885e-06,-0.06515709511467306,-0.062372323125600815,3.141592653589793,3.141408681869507,-0.0007890023989602923,-0.02641875110566616,8.840363443596289e-05
1.6917469501495361,5.0,0.011914062313735485,0.0,0.00010742187441792339,-3.0,-0.014321289025247097,0.5,0.0019598007202148438,-8.593749953433871e-05,-0.0014491059118881822,-0.25,-0.0015207695541903377,0.00027593998029823,-1.5978959027052042e-06,-0.06676482391357422,-0.06266724318265915,3.141592653589793,3.1413698196411133,0.002717608353123069,-0.024402175098657608,0.002133152913302183
1.696441888809204,5.0,0.011914062313735485,0.0,0.00011718749738065526,-3.0,-0.014345702715218067,0.5,0.0011221760651096702,-0.0003017532045624469,-1.0427184861327987e-05,-0.25,-0.0020721436012536287,0.0035697226092934685,-1.5978959027052042e-06,-0.06864944025417255,-0.06266724318265915,3.141592653589793,3.1413698196411133,0.002717608353123069,-0.024402175098657608,0.002133152913302183
1.7012629508972168,5.0,0.011914062313735485,0.0,0.00011718749738065526,-3.0,-0.014345702715218067,0.5,0.0011221760651096702,-9.374999790452422e-05,-1.0427184861327987e-05,-0.25,-0.0020721436012536287,-0.0004106724376960133,4.505483957473189e-06,-0.06686533887218685,-0.06288158893585205,3.141592653589793,3.1413698196411133,-0.0007578511722385883,-0.024444904178380966,1.1273121344856918e-05
1.7061285972595215,5.0,0.011914062313735485,0.0,0.00011718749738065526,-3.0,-0.014345702715218067,0.5,0.0011221760651096702,-9.374999790452422e-05,-1.0427184861327987e-05,-0.25,-0.0020721436012536287,2.078252381290722e-05,4.505483957473189e-06,-0.06686533887218685,-0.06288158893585205,3.141592653589793,3.1413698196411133,-0.0007578511722385883,-0.024444904178380966,1.1273121344856918e-05
1.710845708847046,5.0,0.011914062313735485,0.0,0.00011718749738065526,-3.0,-0.014370116405189037,0.5,0.001158638158813119,-9.374999790452422e-05,5.001180761610158e-05,-0.25,-0.0020718525629490614,0.0001561758862171452,6.32976980341482e-06,-0.0667836659200737,-0.06310652941465378,3.141592653589793,3.1413722038269043,-0.00015414771041832864,-0.025372400879859924,0.00030520997825078666
1.7154688835144043,5.0,0.011914062313735485,0.0,0.00011718749738065526,-3.0,-0.014370116405189037,0.5,0.001158638158813119,-9.374999790452422e-05,5.001180761610158e-05,-0.25,-0.0020718525629490614,2.8062058438520397e-05,6.32976980341482e-06,-0.06686096342094242,-0.06310652941465378,3.141592653589793,3.1413722038269043,-0.00015414771041832864,-0.025372400879859924,0.00030520997825078666
1.720221757888794,5.0,0.011914062313735485,0.0,0.00011718749738065526,-3.0,-0.014394531026482582,0.5,0.0010749095818027854,-9.374999790452422e-05,0.00014749627735000104,-0.25,-0.0021002674475312233,0.0002448894733682313,-5.858953045390081e-06,-0.06704717493619758,-0.06331371515989304,3.141592653589793,3.1413819789886475,0.0009460244327783585,-0.024289997294545174,0.0010600029490888119
1.7249419689178467,5.0,0.011914062313735485,0.0,0.00011718749738065526,-3.0,-0.014394531026482582,0.5,0.0010749095818027854,-9.374999790452422e-05,0.00014749627735000104,-0.25,-0.0021002674475312233,3.98059017379633e-05,-5.858953045390081e-06,-0.06687101085018365,-0.06331371515989304,3.141592653589793,3.1413819789886475,0.0009460244327783585,-0.024289997294545174,0.0010600029490888119
1.7295982837677002,5.0,0.011953124776482582,0.0,0.00011718749738065526,-3.0,-0.014404296875,0.5,0.0010035211453214288,-9.374999790452422e-05,-1.9741011783480644e-05,-0.25,-0.0016313266241922975,-0.00033941801091436145,3.6447633533498447e-07,-0.0670328927747414,-0.0633934736251831,3.141592653589793,3.1414077281951904,-0.0009701069793663919,-0.022959748283028603,0.00031776816467754543
1.7343673706054688,5.0,0.011953124776482582,0.0,0.00011718749738065526,-3.0,-0.014404296875,0.5,0.0010035211453214288,-9.374999790452422e-05,-1.9741011783480644e-05,-0.25,-0.0016313266241922975,1.975137833039919e-05,3.6447633533498447e-07,-0.06687957746256143,-0.0633934736251831,3.141592653589793,3.1414077281951904,-0.0009701069793663919,-0.022959748283028603,0.00031776816467754543
1.7392313480377197,5.0,0.011953124776482582,0.0,0.00011718749738065526,-3.0,-0.014404296875,0.5,0.0010035211453214288,-9.374999790452422e-05,-1.9741011783480644e-05,-0.25,-0.0016313266241922975,1.975857789116472e-05,4.6789828047621995e-06,-0.06687957746256143,-0.06354355812072754,3.141592653589793,3.141408681869507,-0.0006924672052264214,-0.024689344689249992,0.0002765950048342347
1.744011640548706,5.0,0.011953124776482582,0.0,0.00011718749738065526,-3.0,-0.014418944716453552,0.5,0.0008206792990677059,-9.374999790452422e-05,2.152109482267406e-05,-0.25,-0.0015850304625928402,0.00011103816787653525,5.606403192359721e-06,-0.0672840094003759,-0.06371497362852097,3.141592653589793,3.141411542892456,-0.0010243073338642716,-0.01962905377149582,0.00028724316507577896
1.7487401962280273,5.0,0.011953124776482582,0.0,0.00011718749738065526,-3.0,-0.014418944716453552,0.5,0.0008206792990677059,-9.374999790452422e-05,2.152109482267406e-05,-0.25,-0.0015850304625928402,2.4731952590332764e-05,5.606403192359721e-06,-0.06690151848411188,-0.06371497362852097,3.141592653589793,3.141411542892456,-0.0010243073338642716,-0.01962905377149582,0.00028724316507577896
1.7536334991455078,5.0,0.011953124776482582,0.0,0.00011718749738065526,-3.0,-0.014443359337747097,0.5,0.0007592285983264446,-9.374999790452422e-05,0.00015554393758065999,-0.25,-0.0012590312398970127,0.00031472943681493836,-7.989483492565341e-06,-0.06703447379989146,-0.06387865543365479,3.141592653589793,3.1414222717285156,-0.006613312289118767,-0.020490722730755806,0.0004465789534151554
1.7582728862762451,5.0,0.011953124776482582,0.0,0.00011718749738065526,-3.0,-0.014443359337747097,0.5,0.0007592285983264446,-9.374999790452422e-05,0.00015554393758065999,-0.25,-0.0012590312398970127,4.0862222557648684e-05,-7.989483492565341e-06,-0.06690889256820082,-0.06387865543365479,3.141592653589793,3.1414222717285156,-0.006613312289118767,-0.020490722730755806,0.0004465789534151554
1.7629201412200928,5.0,0.011953124776482582,0.0,0.00011718749738065526,-3.0,-0.01445312425494194,0.5,0.0006787542370148003,-9.374999790452422e-05,5.309953394316835e-06,-0.25,-0.0013102316297590733,-0.0003004313256131187,8.126923603413161e-06,-0.067091714859682,-0.06404387950897217,3.141592653589793,3.141425848007202,-0.000799414876382798,-0.016269251704216003,0.000294839235721156
1.7675695419311523,5.0,0.011953124776482582,0.0,0.00011718749738065526,-3.0,-0.01445312425494194,0.5,0.0006787542370148003,-9.374999790452422e-05,5.309953394316835e-06,-0.25,-0.0013102316297590733,2.285256298041585e-05,8.126923603413161e-06,-0.06691854949155822,-0.06404387950897217,3.141592653589793,3.141425848007202,-0.000799414876382798,-0.016269251704216003,0.000294839235721156
1.7723557949066162,5.0,0.011953124776482582,0.0,0.00010742187441792339,-3.0,-0.014462890103459358,0.5,0.0005579042481258512,0.0001180973271410193,0.0002464920689817518,-0.25,-0.0013287377078086138,8.767470680040247e-05,9.270843293052167e-06,-0.0671855454338348,-0.06410538405179977,3.141592653589793,3.1413938999176025,0.0019714878872036934,-0.014113296754658222,0.0016532872105017304
1.7770256996154785,5.0,0.011953124776482582,0.0,0.00010742187441792339,-3.0,-0.014462890103459358,0.5,0.0005579042481258512,-8.593749953433871e-05,0.0002464920689817518,-0.25,-0.0013287377078086138,0.00048781458158562784,9.270843293052167e-06,-0.0669330514902249,-0.06410538405179977,3.141592653589793,3.1413938999176025,0.0019714878872036934,-0.014113296754658222,0.0016532872105017304
1.7817013263702393,5.0,0.011953124776482582,0.0,0.00010742187441792339,-3.0,-0.014462890103459358,0.5,0.0005579042481258512,-8.593749953433871e-05,0.0002464920689817518,-0.25,-0.0013287377078086138,5.093134226062928e-05,1.1119584996777121e-05,-0.0669330514902249,-0.06420469284057617,3.141592653589793,3.141395092010498,-0.0008010310120880604,-0.01590290665626526,9.184271038975567e-05
1.7864964008331299,5.0,0.011953124776482582,0.0,0.00010742187441792339,-3.0,-0.014472655951976776,0.5,0.0007121862145140767,-8.593749953433871e-05,-8.859284207574092e-06,-0.25,-0.0011067736195400357,-0.000512231869976241,1.1119584996777121e-05,-0.06659278672508667,-0.06420469284057617,3.141592653589793,3.141395092010498,-0.0008010310120880604,-0.01590290665626526,9.184271038975567e-05
1.7912216186523438,5.0,0.011953124776482582,0.0,0.00010742187441792339,-3.0,-0.014472655951976776,0.5,0.0007121862145140767,-8.593749953433871e-05,-8.859284207574092e-06,-0.25,-0.0011067736195400357,2.0303856020680052e-05,1.2411392162903212e-05,-0.06691453765425831,-0.06437468528747559,3.141592653589793,3.141406297683716,-0.001146806520409882,-0.019073044881224632,0.00021567734074778855
1.7960779666900635,5.0,0.011953124776482582,0.0,0.00010742187441792339,-3.0,-0.014492186717689037,0.5,0.0007323200698010623,-8.593749953433871e-05,3.651612132671289e-05,-0.25,-0.000934898853302002,0.00011919604048039539,1.2411392162903212e-05,-0.06687066275232612,-0.06437468528747559,3.141592653589793,3.141406297683716,-0.001146806520409882,-0.019073044881224632,0.00021567734074778855
1.8010163307189941,5.0,0.011953124776482582,0.0,0.00010742187441792339,-3.0,-0.014492186717689037,0.5,0.0007323200698010623,-8.593749953433871e-05,3.651612132671289e-05,-0.25,-0.000934898853302002,2.5772892643951547e-05,1.2744074410875328e-05,-0.06691212159162388,-0.0644371435046196,3.141592653589793,3.1414077281951904,-0.001458129845559597,-0.02413303032517433,0.013172636739909649
1.8058631420135498,5.0,0.011953124776482582,0.0,0.00010742187441792339,-3.0,-0.014501952566206455,0.5,0.0005550641217269003,-8.593749953433871e-05,2.6507209440751467e-06,-0.25,-0.0010472595458850265,-4.815387386587408e-05,1.2744074410875328e-05,-0.06729910893288614,-0.0644371435046196,3.141592653589793,3.1414077281951904,-0.001458129845559597,-0.02413303032517433,0.013172636739909649
1.8106579780578613,5.0,0.011953124776482582,0.0,0.00010742187441792339,-3.0,-0.014501952566206455,0.5,0.0005550641217269003,-8.593749953433871e-05,2.6507209440751467e-06,-0.25,-0.0010472595458850265,2.172612732563963e-05,1.2367273484414909e-05,-0.06693339230539277,-0.06454229354858398,3.141592653589793,3.1414291858673096,-0.0007721417932771146,-0.01595490612089634,6.906202179379761e-05
1.8154103755950928,5.0,0.011953124776482582,0.0,0.00010742187441792339,-3.0,-0.014501952566206455,0.5,0.0005550641217269003,-8.593749953433871e-05,2.6507209440751467e-06,-0.25,-0.0010472595458850265,2.1734547454456217e-05,1.2367273484414909e-05,-0.06693339230539277,-0.06454229354858398,3.141592653589793,3.1414291858673096,-0.0007721417932771146,-0.01595490612089634,6.906202179379761e-05
1.820014476776123,5.0,0.011953124776482582,0.0,0.00010742187441792339,-3.0,-0.014511718414723873,0.5,0.0005514679942280054,-8.593749953433871e-05,0.00012859347043558955,-0.25,-0.0009678911883383989,0.00031041213587493883,6.450274554481439e-07,-0.06694163454544802,-0.06468415260314941,3.141592653589793,3.1414382457733154,0.0008040832472033799,-0.012907752767205238,0.0009359592222608626
1.8248112201690674,5.0,0.011953124776482582,0.0,0.00010742187441792339,-3.0,-0.014511718414723873,0.5,0.0005514679942280054,-8.593749953433871e-05,0.00012859347043558955,-0.25,-0.0009678911883383989,3.688801283953777e-05,6.450274554481439e-07,-0.06693382384069263,-0.06468415260314941,3.141592653589793,3.1414382457733154,0.0008040832472033799,-0.012907752767205238,0.0009359592222608626
1.8293180465698242,5.0,0.011953124776482582,0.0,0.00010742187441792339,-3.0,-0.014521484263241291,0.5,0.0005157901323400438,-8.593749953433871e-05,3.2428581562271575e-06,-0.25,-0.0009892642265185714,-0.00025628101375438817,1.4442745850828942e-05,-0.06701726923153395,-0.0647658035159111,3.141592653589793,3.1414389610290527,-0.0009112557745538652,-0.012190409936010838,0.0003434237150941044
1.834155559539795,5.0,0.011953124776482582,0.0,0.00010742187441792339,-3.0,-0.014521484263241291,0.5,0.0005157901323400438,-8.593749953433871e-05,3.2428581562271575e-06,-0.25,-0.0009892642265185714,2.1862605996563553e-05,1.5057739801704884e-05,-0.06693810518411919,-0.06487023085355759,3.141592653589793,3.1414427757263184,-0.000255943916272372,-0.011430473066866398,0.00036437835660763085
1.839355230331421,5.0,0.011953124776482582,0.0,9.765624417923391e-05,-3.0,-0.014531250111758709,0.5,0.0015900339931249619,0.00010968747644649892,-0.0020392239093780518,-0.25,0.0001168644375866279,-0.004551226961463971,1.5057739801704884e-05,-0.06474321154636234,-0.06487023085355759,3.141592653589793,3.1414427757263184,-0.000255943916272372,-0.011430473066866398,0.00036437835660763085
1.8440017700195312,5.0,0.011953124776482582,0.0,9.765624417923391e-05,-3.0,-0.014531250111758709,0.5,0.0015900339931249619,-7.812499534338714e-05,-0.0020392239093780518,-0.25,0.0001168644375866279,0.00017962194869089237,3.021837619598955e-05,-0.066809195920825,-0.0648718997836113,3.141592653589793,3.1414222717285156,0.005321359261870384,-0.013032735325396061,0.0018563972553238273
1.849001169204712,5.0,0.011953124776482582,0.0,0.00010742187441792339,-3.0,-0.014531250111758709,0.5,0.00041643730946816504,-0.00028127357647008316,1.3764201867161319e-06,-0.25,-0.0008381592924706638,0.00453273862238659,3.021837619598955e-05,-0.06929750296978472,-0.0648718997836113,3.141592653589793,3.1414222717285156,0.005321359261870384,-0.013032735325396061,0.0018563972553238273
1.8533616065979004,5.0,0.011953124776482582,0.0,0.00010742187441792339,-3.0,-0.014531250111758709,0.5,0.00041643730946816504,-8.593749953433871e-05,1.3764201867161319e-06,-0.25,-0.0008381592924706638,-0.0004267047941116232,1.2173003597126808e-05,-0.06695002752286382,-0.06498610973358154,3.141592653589793,3.1414403915405273,-0.003396881278604269,-0.010978640988469124,0.00013390372623689473
1.8580949306488037,5.0,0.011953124776482582,0.0,0.00010742187441792339,-3.0,-0.014545897953212261,0.5,0.0006395877571776509,-8.593749953433871e-05,5.618992418021662e-06,-0.25,-0.0005984878516755998,2.127705616855488e-05,1.2173003597126808e-05,-0.06695002752286382,-0.06498610973358154,3.141592653589793,3.1414403915405273,-0.003396881278604269,-0.010978640988469124,0.00013390372623689473
1.8627071380615234,5.0,0.011953124776482582,0.0,0.00010742187441792339,-3.0,-0.014545897953212261,0.5,0.0006395877571776509,-8.593749953433871e-05,5.618992418021662e-06,-0.25,-0.0005984878516755998,3.099318246242831e-05,1.641986091271974e-05,-0.0664394237697695,-0.06503784656524658,3.141592653589793,3.1414406299591064,-0.0005685591604560614,-0.01141420193016529,8.71862139320001e-05
1.8672277927398682,5.0,0.011953124776482582,0.0,0.00010742187441792339,-3.0,-0.014545897953212261,0.5,0.0006395877571776509,-8.593749953433871e-05,5.618992418021662e-06,-0.25,-0.0005984878516755998,2.1802888292602397e-05,1.641986091271974e-05,-0.06692324946913868,-0.06503784656524658,3.141592653589793,3.1414406299591064,-0.0005685591604560614,-0.01141420193016529,8.71862139320001e-05
1.8719215393066406,5.0,0.011953124776482582,0.0,0.00010742187441792339,-3.0,-0.014555663801729679,0.5,0.0005170737276785076,-8.593749953433871e-05,-3.38063073286321e-05,-0.25,-0.0010276746470481157,-6.691862767939854e-05,1.7504771676613018e-05,-0.06719896658620546,-0.06515467166900635,3.141592653589793,3.1414427757263184,-0.0008989854832179844,-0.012318811379373074,0.0001865783560788259
1.876521110534668,5.0,0.011953124776482582,0.0,0.00010742187441792339,-3.0,-0.014555663801729679,0.5,0.0005170737276785076,-8.593749953433871e-05,-3.38063073286321e-05,-0.25,-0.0010276746470481157,1.708154175772773e-05,1.7504771676613018e-05,-0.06693795115267857,-0.06515467166900635,3.141592653589793,3.1414427757263184,-0.0008989854832179844,-0.012318811379373074,0.0001865783560788259
1.8811237812042236,5.0,0.011953124776482582,0.0,0.00010742187441792339,-3.0,-0.014560546725988388,0.5,0.0006658509373664856,-8.593749953433871e-05,-2.9098684990458423e-06,-0.25,-0.0007725524483248591,8.792395603110018e-05,1.7856153135653585e-05,-0.06659685683820075,-0.06520961970090866,3.141592653589793,3.1414430141448975,-0.0011122938012704253,-0.015429835766553879,0.00023133339709602296
1.8857531547546387,5.0,0.011953124776482582,0.0,0.00010742187441792339,-3.0,-0.014560546725988388,0.5,0.0006658509373664856,-8.593749953433871e-05,-2.9098684990458423e-06,-0.25,-0.0007725524483248591,2.080444471250203e-05,-1.1717908819264267e-05,-0.06692009788751602,-0.06529116630554199,3.141592653589793,3.141270399093628,-0.01661684177815914,-0.024755002930760384,0.009383941069245338
1.890519142150879,5.0,0.011953124776482582,0.0,0.00011718749738065526,-3.0,-0.014565429650247097,0.5,0.0008451776229776442,-8.593749953433871e-05,0.00449435506016016,-0.25,0.0005559492274187505,2.081235888536311e-05,-1.1717908819264267e-05,-0.06692009788751602,-0.06529116630554199,3.141592653589793,3.141270399093628,-0.01661684177815914,-0.024755002930760384,0.009383941069245338
1.8952713012695312,5.0,0.011953124776482582,0.0,0.00011718749738065526,-3.0,-0.014565429650247097,0.5,0.0008451776229776442,-0.00029924865059907635,0.00449435506016016,-0.25,0.0005559492274187505,0.010499033622768049,-1.1717908819264267e-05,-0.0665212203495184,-0.06529116630554199,3.141592653589793,3.141270399093628,-0.01661684177815914,-0.024755002930760384,0.009383941069245338
1.8999674320220947,5.0,0.011953124776482582,0.0,0.00011718749738065526,-3.0,-0.014565429650247097,0.5,0.0008451776229776442,-9.374999790452422e-05,0.00449435506016016,-0.25,0.0005559492274187505,0.0001247167557892686,2.982280966534745e-05,-0.06689857868524268,-0.06527590751647949,3.141592653589793,3.1414973735809326,-0.001128187752328813,-0.009381518699228764,0.0003494000411592424
1.9049217700958252,5.0,0.011953124776482582,0.0,0.00012695312034338713,-3.0,-0.014570312574505806,0.5,0.0005731368437409401,-0.00029867506343100484,-4.5799126382917166e-05,-0.25,-0.0004421615449246019,-0.008708264253472124,1.5828583855181932e-05,-0.06748031969449489,-0.06537675857543945,3.141592653589793,3.1415019035339355,-0.0013407033402472734,-0.010713036172091961,0.00023273058468475938
1.9097836017608643,5.0,0.011953124776482582,0.0,0.00012695312034338713,-3.0,-0.014570312574505806,0.5,0.0005731368437409401,-0.00010156249627470971,-4.5799126382917166e-05,-0.25,-0.0004421615449246019,-0.0003869709609851597,1.5828583855181932e-05,-0.06693122357875109,-0.06537675857543945,3.141592653589793,3.1415019035339355,-0.0013407033402472734,-0.010713036172091961,0.00023273058468475938
1.9148776531219482,5.0,0.011953124776482582,0.0,0.00012695312034338713,-3.0,-0.01457519456744194,0.5,0.0005697085289284587,-0.00010156249627470971,9.999558642448392e-06,-0.25,-0.0006764876889064908,0.00013470181108451426,1.5828583855181932e-05,-0.06693836501234776,-0.06537675857543945,3.141592653589793,3.1415019035339355,-0.0008924281573854387,-0.01106155663728714,9.857350232778117e-05
1.919590950012207,5.0,0.011953124776482582,0.0,0.00012695312034338713,-3.0,-0.01457519456744194,0.5,0.0005697085289284587,-0.00010156249627470971,9.999558642448392e-06,-0.25,-0.0006764876889064908,2.5175377386567026e-05,1.5828583855181932e-05,-0.06693163497652858,-0.06537675857543945,3.141592653589793,3.1415019035339355,-0.0008924281573854387,-0.01106155663728714,9.857350232778117e-05
1.924161434173584,5.0,0.011953124776482582,0.0,0.00012695312034338713,-3.0,-0.014589843340218067,0.5,0.0004896966856904328,-0.00010156249627470971,-8.328029798576608e-05,-0.25,-0.0009663116652518511,-0.00019010838388682817,1.754689947119914e-05,-0.06711629847082129,-0.06554483622312546,3.141592653589793,3.141510009765625,-0.001751541974954307,-0.012092088349163532,0.00017149749328382313
1.9291496276855469,5.0,0.011953124776482582,0.0,0.00012695312034338713,-3.0,-0.014589843340218067,0.5,0.0004896966856904328,-0.00010156249627470971,-8.328029798576608e-05,-0.25,-0.0009663116652518511,1.3985289663993369e-05,1.754689947119914e-05,-0.06694123639771715,-0.06554483622312546,3.141592653589793,3.141510009765625,-0.001751541974954307,-0.012092088349163532,0.00017149749328382313
1.9339463710784912,5.0,0.011953124776482582,0.0,0.00012695312034338713,-3.0,-0.014599609188735485,0.5,0.0004489550774451345,-0.00010156249627470971,-6.619988562306389e-05,-0.25,-0.0008999455021694303,5.1646682912182424e-05,1.7299451428698376e-05,-0.06703106136686328,-0.06559717655181885,3.141592653589793,3.1415112018585205,-0.0007661801064386964,-0.011248936876654625,0.0002997579285874963
1.9386639595031738,5.0,0.011953124776482582,0.0,0.00012695312034338713,-3.0,-0.014599609188735485,0.5,0.0004489550774451345,-0.00010156249627470971,-6.619988562306389e-05,-0.25,-0.0008999455021694303,1.6041668179751178e-05,1.7299451428698376e-05,-0.06694612539070657,-0.06559717655181885,3.141592653589793,3.1415112018585205,-0.0007661801064386964,-0.011248936876654625,0.0002997579285874963
1.943056344985962,5.0,0.011953124776482582,0.0,0.00012695312034338713,-3.0,-0.014599609188735485,0.5,0.0004489550774451345,-0.00010156249627470971,-6.619988562306389e-05,-0.25,-0.0008999455021694303,1.6044774704104375e-05,1.218374654854415e-05,-0.06694612539070657,-0.06567835062742233,3.141592653589793,3.1414337158203125,0.004172704182565212,-0.021307162940502167,0.007082182914018631
1.9477312564849854,5.0,0.011953124776482582,0.0,0.00011718749738065526,-3.0,-0.014599609188735485,0.5,0.0003959035675507039,0.00011514428736209212,0.00027672864962369204,-0.25,-0.0006534838466905057,0.00030120465557282515,1.218374654854415e-05,-0.0670659728857231,-0.06567835062742233,3.141592653589793,3.1414337158203125,0.004172704182565212,-0.021307162940502167,0.007082182914018631
1.9524548053741455,5.0,0.011953124776482582,0.0,0.00011718749738065526,-3.0,-0.014599609188735485,0.5,0.0003959035675507039,-9.374999790452422e-05,0.00027672864962369204,-0.25,-0.0006534838466905057,0.0004985489317746376,1.218374654854415e-05,-0.06695249157189391,-0.06567835062742233,3.141592653589793,3.1414337158203125,-0.0001235565432580188,-0.008554850704967976,0.00035349326208233833
1.9576952457427979,5.0,0.011953124776482582,0.0,0.00011718749738065526,-3.0,-0.014604492112994194,0.5,0.00030984176555648446,-9.374999790452422e-05,-0.00010824351920746267,-0.25,-0.0005735373124480247,-0.0007245073471953134,1.218374654854415e-05,-0.06712704526672811,-0.06567835062742233,3.141592653589793,3.1414337158203125,-0.0001235565432580188,-0.008554850704967976,0.00035349326208233833
1.9792649745941162,5.0,0.011953124776482582,0.0,0.00011718749738065526,-3.0,-0.014609375037252903,0.5,0.00022064641234464943,-9.374999790452422e-05,-9.577512537362054e-05,-0.25,-0.0004539155925158411,1.7386466380294003e-05,2.162746932299342e-05,-0.0670148745280933,-0.06575953215360641,3.141592653589793,3.1414830684661865,-0.001789966132491827,-0.006123658735305071,0.00010284507152391598
1.9839088916778564,5.0,0.011953124776482582,0.0,0.00011718749738065526,-3.0,-0.014609375037252903,0.5,0.00022064641234464943,-9.374999790452422e-05,-9.577512537362054e-05,-0.25,-0.0004539155925158411,1.1605772693387727e-05,7.398817160719773e-06,-0.06697352243051864,-0.06582880020141602,3.141592653589793,3.1414921283721924,0.0005699005560018122,-0.0048063974827528,0.000990508939139545
1.988525152206421,5.0,0.011953124776482582,0.0,0.00011718749738065526,-3.0,-0.014614257030189037,0.5,0.00021470524370670319,-9.374999790452422e-05,-1.9581830201786943e-05,-0.25,-0.00036307930713519454,0.00018580996440543094,7.398817160719773e-06,-0.06698710546030319,-0.06582880020141602,3.141592653589793,3.1414921283721924,0.0005699005560018122,-0.0048063974827528,0.000990508939139545
1.9930510520935059,5.0,0.011953124776482582,0.0,0.00011718749738065526,-3.0,-0.014614257030189037,0.5,0.00021470524370670319,-9.374999790452422e-05,-1.9581830201786943e-05,-0.25,-0.00036307930713519454,2.0762529259745224e-05,7.398817160719773e-06,-0.0669742353707552,-0.06582880020141602,3.141592653589793,3.1414921283721924,-0.0009065160993486643,-0.0052139293402433395,0.0003479693550616503
1.9975500106811523,5.0,0.011953124776482582,0.0,0.00011718749738065526,-3.0,-0.014614257030189037,0.5,0.00021470524370670319,-9.374999790452422e-05,-1.9581830201786943e-05,-0.25,-0.00036307930713519454,2.076920285004555e-05,7.398817160719773e-06,-0.0669742353707552,-0.06582880020141602,3.141592653589793,3.1414921283721924,-0.0009065160993486643,-0.0052139293402433395,0.0003479693550616503
2.0024261474609375,5.0,0.011953124776482582,0.0,0.00011718749738065526,-3.0,-0.014614257030189037,0.5,0.00019640199025161564,-9.374999790452422e-05,-6.121446494944394e-05,-0.25,-0.0004125285195186734,-6.960390729911403e-05,7.398817160719773e-06,-0.06701396814351857,-0.06582880020141602,3.141592653589793,3.1414921283721924,-0.0017214264953508973,-0.005655726883560419,0.0001056081018759869
2.00683331489563,5.0,0.011953124776482582,0.0,0.00011718749738065526,-3.0,-0.014614257030189037,0.5,0.00019640199025161564,-9.374999790452422e-05,-6.121446494944394e-05,-0.25,-0.0004125285195186734,1.577932742533075e-05,7.398817160719773e-06,-0.0669764317611698,-0.06582880020141602,3.141592653589793,3.1414921283721924,-0.0017214264953508973,-0.005655726883560419,0.0001056081018759869
2.0115251541137695,5.0,0.011953124776482582,0.0,0.00011718749738065526,-3.0,-0.014614257030189037,0.5,0.00020965802832506597,-9.374999790452422e-05,-8.00125562818721e-05,-0.25,-0.0004361319588497281,-2.6540660665846324e-05,7.398817160719773e-06,-0.06694658764287385,-0.06582880020141602,3.141592653589793,3.1414921283721924,-0.0015065277693793178,-0.005755124147981405,0.00010394604760222137
2.0162112712860107,5.0,0.011953124776482582,0.0,0.00011718749738065526,-3.0,-0.014614257030189037,0.5,0.00020965802832506597,-9.374999790452422e-05,-8.00125562818721e-05,-0.25,-0.0004361319588497281,1.3526133048008426e-05,7.398817160719773e-06,-0.06697484103660098,-0.06582880020141602,3.141592653589793,3.1414921283721924,-0.0015065277693793178,-0.005755124147981405,0.00010394604760222137
2.0206716060638428,5.0,0.011953124776482582,0.0,0.00011718749738065526,-3.0,-0.014619139954447746,0.5,0.0002536495740059763,-9.374999790452422e-05,-5.412818609329406e-06,-0.25,-0.00045327303814701736,0.00018973741337329365,1.2602097740455065e-05,-0.06687093370174169,-0.06588279455900192,3.141592653589793,3.141498327255249,-0.005443549249321222,-0.007448740303516388,0.0003583958023227751
2.0253262519836426,5.0,0.011953124776482582,0.0,0.00011718749738065526,-3.0,-0.014619139954447746,0.5,0.0002536495740059763,-9.374999790452422e-05,-5.412818609329406e-06,-0.25,-0.00045327303814701736,2.2494205402396726e-05,1.2602097740455065e-05,-0.06696956205111929,-0.06588279455900192,3.141592653589793,3.141498327255249,-0.0014372454024851322,-0.006382090039551258,0.00017307067173533142
2.0300827026367188,5.0,0.011953124776482582,0.0,0.00011718749738065526,-3.0,-0.014619139954447746,0.5,0.00023816134489607066,-9.374999790452422e-05,-0.00012469227658584714,-0.25,-0.0004800033348146826,2.2502608831079718e-05,1.2602097740455065e-05,-0.06696956205111929,-0.06588279455900192,3.141592653589793,3.141498327255249,-0.0014372454024851322,-0.006382090039551258,0.00017307067173533142
2.034667730331421,5.0,0.011953124776482582,0.0,0.00011718749738065526,-3.0,-0.014619139954447746,0.5,0.00023816134489607066,-9.374999790452422e-05,-0.00012469227658584714,-0.25,-0.0004800033348146826,-0.00025196368175972264,1.2602097740455065e-05,-0.0670052006507328,-0.06588279455900192,3.141592653589793,3.141498327255249,-0.002150831278413534,-0.0066923713311553,0.00010389189992565662
2.039231777191162,5.0,0.011953124776482582,0.0,0.00011718749738065526,-3.0,-0.014619139954447746,0.5,0.00023816134489607066,-9.374999790452422e-05,-0.00012469227658584714,-0.25,-0.0004800033348146826,8.183412009606795e-06,1.2602097740455065e-05,-0.06697142063861247,-0.06588279455900192,3.141592653589793,3.141498327255249,-0.002150831278413534,-0.0066923713311553,0.00010389189992565662
2.0438225269317627,5.0,0.011953124776482582,0.0,0.00011718749738065526,-3.0,-0.014624022878706455,0.5,0.00023464090190827847,-9.374999790452422e-05,-8.440685633104295e-05,-0.25,-0.00048338889610022306,0.00010077198655770059,2.1995936549501494e-05,-0.06697951164960299,-0.06592321395874023,3.141592653589793,3.1414973735809326,-0.0018113232217729092,-0.006520155351608992,0.00017811560246627778
2.0484676361083984,5.0,0.011953124776482582,0.0,0.00011718749738065526,-3.0,-0.014624022878706455,0.5,0.00023464090190827847,-9.374999790452422e-05,-8.440685633104295e-05,-0.25,-0.00048338889610022306,1.3019388278931629e-05,2.1995936549501494e-05,-0.06697184309177101,-0.06592321395874023,3.141592653589793,3.1414973735809326,-0.0018113232217729092,-0.006520155351608992,0.00017811560246627778
2.053339719772339,5.0,0.011953124776482582,0.0,0.00011718749738065526,-3.0,-0.014628905802965164,0.5,0.000393992435419932,-9.374999790452422e-05,-0.0003298501542303711,-0.25,-1.704692778048411e-07,-0.0005202316146144162,1.657188477111049e-05,-0.06662565030612785,-0.06597137451171875,3.141592653589793,3.1415045261383057,-0.009597018361091614,-0.009803078137338161,0.00021476438269019127
2.057857036590576,5.0,0.011953124776482582,0.0,0.00011718749738065526,-3.0,-0.014628905802965164,0.5,0.000393992435419932,-9.374999790452422e-05,-0.0003298501542303711,-0.25,-1.704692778048411e-07,-1.6478144247420714e-05,1.657188477111049e-05,-0.0669527209077496,-0.06597137451171875,3.141592653589793,3.1415045261383057,-0.009597018361091614,-0.009803078137338161,0.00021476438269019127
2.062619209289551,5.0,0.011953124776482582,0.0,0.00011718749738065526,-3.0,-0.014628905802965164,0.5,0.000393992435419932,-9.374999790452422e-05,-0.0003298501542303711,-0.25,-1.704692778048411e-07,-1.6500631241794287e-05,1.657188477111049e-05,-0.0669527209077496,-0.06597137451171875,3.141592653589793,3.1415045261383057,-0.0007631176267750561,-0.0053528291173279285,0.0003860697615891695
2.0672285556793213,5.0,0.011953124776482582,0.0,0.00010742187441792339,-3.0,-0.014628905802965164,0.5,0.0012644147500395775,0.00012592817808981753,-0.002384710358455777,-0.25,0.0003924798802472651,-0.0052242990540879546,1.657188477111049e-05,-0.06495988467374508,-0.06597137451171875,3.141592653589793,3.1415045261383057,-0.0007631176267750561,-0.0053528291173279285,0.0003860697615891695
2.0716514587402344,5.0,0.011953124776482582,0.0,0.00010742187441792339,-3.0,-0.014628905802965164,0.5,0.0012644147500395775,-8.593749953433871e-05,-0.002384710358455777,-0.25,0.0003924798802472651,0.00021456334314018047,1.7782185750547796e-05,-0.06684827022999525,-0.06599605083465576,3.141592653589793,3.1414132118225098,-2.8630412998609245e-05,-0.005039714742451906,0.0002483472926542163
2.0765109062194824,5.0,0.011953124776482582,0.0,0.00010742187441792339,-3.0,-0.014628905802965164,0.5,0.00016609944577794522,-8.593749953433871e-05,-3.1729321108286968e-06,-0.25,-0.0003384423325769603,0.004922176320360588,1.7782185750547796e-05,-0.06924023305224199,-0.06599605083465576,3.141592653589793,3.1414132118225098,-2.8630412998609245e-05,-0.005039714742451906,0.0002483472926542163
2.081263542175293,5.0,0.011953124776482582,0.0,0.00010742187441792339,-3.0,-0.014628905802965164,0.5,0.00016609944577794522,-8.593749953433871e-05,-3.1729321108286968e-06,-0.25,-0.0003384423325769603,2.1344253362909114e-05,1.7782185750547796e-05,-0.06698006806650664,-0.06599605083465576,3.141592653589793,3.1414132118225098,-0.0005266867228783667,-0.0041718864813447,0.00011881181853823364
2.086068868637085,5.0,0.011953124776482582,0.0,0.00010742187441792339,-3.0,-0.014633788727223873,0.5,0.0003500370366964489,-8.593749953433871e-05,-0.0002541469584684819,-0.25,-0.0004594266356434673,-0.0005310717839930129,1.7782185750547796e-05,-0.06657521700271136,-0.06599605083465576,3.141592653589793,3.1414132118225098,-0.0005266867228783667,-0.0041718864813447,0.00011881181853823364
2.0905914306640625,5.0,0.011953124776482582,0.0,0.00010742187441792339,-3.0,-0.014633788727223873,0.5,0.0003500370366964489,-8.593749953433871e-05,-0.0002541469584684819,-0.25,-0.0004594266356434673,-8.80401058152315e-06,1.981760942726396e-05,-0.06695799555559642,-0.06604611873626709,3.141592653589793,3.1414530277252197,-0.00031934669823385775,-0.007737083826214075,-5.015885835746303e-05
2.095585584640503,5.0,0.011953124776482582,0.0,0.00010742187441792339,-3.0,-0.014643554575741291,0.5,0.000390857137972489,-8.593749953433871e-05,-1.469456128688762e-05,-0.25,-0.0008208667859435081,0.0004994027805978508,3.0558225262211636e-05,-0.06687136137504568,-0.06614410132169724,3.141592653589793,3.1414551734924316,-0.0011021754471585155,-0.00987726729363203,0.00038996594958007336
2.100071430206299,5.0,0.011953124776482582,0.0,0.00010742187441792339,-3.0,-0.014643554575741291,0.5,0.000390857137972489,-8.593749953433871e-05,-1.469456128688762e-05,-0.25,-0.0008208667859435081,1.9943784740707632e-05,3.0558225262211636e-05,-0.0669530971434433,-0.06614410132169724,3.141592653589793,3.1414551734924316,-0.0011021754471585155,-0.00987726729363203,0.00038996594958007336
2.1047468185424805,5.0,0.011953124776482582,0.0,0.00010742187441792339,-3.0,-0.014643554575741291,0.5,0.000390857137972489,-8.593749953433871e-05,-1.469456128688762e-05,-0.25,-0.0008208667859435081,1.995044650875798e-05,3.0720053473487496e-05,-0.0669530971434433,-0.0661923885345459,3.141592653589793,3.141456127166748,-1.7238460713997483e-05,-0.010074805468320847,6.414291419787332e-05
2.1093876361846924,5.0,0.011953124776482582,0.0,0.00010742187441792339,-3.0,-0.014653320424258709,0.5,0.00040413951501250267,-8.593749953433871e-05,-4.5387630962068215e-05,-0.25,-0.0008994280942715704,-4.986616078703581e-05,3.0720053473487496e-05,-0.06692288248904954,-0.0661923885345459,3.141592653589793,3.141456127166748,-1.7238460713997483e-05,-0.010074805468320847,6.414291419787332e-05
2.1140291690826416,5.0,0.011953124776482582,0.0,0.00010742187441792339,-3.0,-0.014653320424258709,0.5,0.00040413951501250267,-8.593749953433871e-05,-4.5387630962068215e-05,-0.25,-0.0008994280942715704,1.6274806109625215e-05,3.2274299883283675e-05,-0.0669515032581985,-0.0662524625658989,3.141592653589793,3.1414568424224854,-0.0010630741016939282,-0.013432307168841362,0.0002671225229278207
2.118633985519409,5.0,0.011953124776482582,0.0,0.00010742187441792339,-3.0,-0.014658202417194843,0.5,0.000325605709804222,-8.593749953433871e-05,0.00013896047312300652,-0.25,-0.000754420761950314,0.00043875486484268604,3.2274299883283675e-05,-0.06713147440673625,-0.0662524625658989,3.141592653589793,3.1414568424224854,-0.0010630741016939282,-0.013432307168841362,0.0002671225229278207
2.123676061630249,5.0,0.011953124776482582,0.0,0.00010742187441792339,-3.0,-0.014658202417194843,0.5,0.000325605709804222,-8.593749953433871e-05,0.00013896047312300652,-0.25,-0.000754420761950314,3.8439969931362185e-05,2.2131012883619405e-05,-0.06696092731482349,-0.06633805483579636,3.141592653589793,3.1413776874542236,-0.004364738240838051,-0.011218149214982986,-0.015325802378356457
2.1284871101379395,5.0,0.011953124776482582,0.0,9.765624417923391e-05,-3.0,-0.014653320424258709,0.5,0.00012757717922795564,0.0001248584130150858,0.00022697026724927127,-0.25,-0.0005307602696120739,-0.00023150150099108524,2.2131012883619405e-05,-0.06739630274003393,-0.06633805483579636,3.141592653589793,3.1413776874542236,-0.004364738240838051,-0.011218149214982986,-0.015325802378356457
2.133335828781128,5.0,0.011953124776482582,0.0,9.765624417923391e-05,-3.0,-0.014653320424258709,0.5,0.00012757717922795564,-7.812499534338714e-05,0.00022697026724927127,-0.25,-0.0005307602696120739,0.0004667361496326427,4.424382495926693e-05,-0.06698469073849264,-0.06630455702543259,3.141592653589793,3.1414427757263184,-0.0014123949222266674,-0.00479363976046443,0.0004079306381754577
2.1379473209381104,5.0,0.011953124776482582,0.0,9.765624417923391e-05,-3.0,-0.014653320424258709,0.5,0.0001263105805264786,-7.812499534338714e-05,-5.265219078864902e-05,-0.25,-0.0002962052822113037,-0.0005918093316827322,4.424382495926693e-05,-0.06698758934392383,-0.06630455702543259,3.141592653589793,3.1414427757263184,-0.0014123949222266674,-0.00479363976046443,0.0004079306381754577
2.1428489685058594,5.0,0.011953124776482582,0.0,9.765624417923391e-05,-3.0,-0.014653320424258709,0.5,0.0001263105805264786,-7.812499534338714e-05,-5.265219078864902e-05,-0.25,-0.0002962052822113037,1.4553208009459776e-05,4.424382495926693e-05,-0.06698484273033682,-0.06630455702543259,3.141592653589793,3.1414427757263184,-0.0009152895072475076,-0.0035756665747612715,0.00034403306199237704
2.147630453109741,5.0,0.011953124776482582,0.0,9.765624417923391e-05,-3.0,-0.014653320424258709,0.5,0.0001263105805264786,-7.812499534338714e-05,-5.265219078864902e-05,-0.25,-0.0002962052822113037,1.45556439659157e-05,4.424382495926693e-05,-0.06698484273033682,-0.06630455702543259,3.141592653589793,3.1414427757263184,-0.0009152895072475076,-0.0035756665747612715,0.00034403306199237704
2.152371883392334,5.0,0.011953124776482582,0.0,9.765624417923391e-05,-3.0,-0.014653320424258709,0.5,0.00012097406579414383,-7.812499534338714e-05,1.4352239077197737e-06,-0.25,-0.000253732199780643,0.00013512772659222733,4.424382495926693e-05,-0.06699673818581511,-0.06630455702543259,3.141592653589793,3.1414427757263184,-0.0009152895072475076,-0.0035756665747612715,0.00034403306199237704
2.1570260524749756,5.0,0.011953124776482582,0.0,9.765624417923391e-05,-3.0,-0.014653320424258709,0.5,0.00012097406579414383,-7.812499534338714e-05,1.4352239077197737e-06,-0.25,-0.000253732199780643,2.1061084048389827e-05,4.424382495926693e-05,-0.0669854831121047,-0.06630455702543259,3.141592653589793,3.1414427757263184,0.0008802040829323232,-0.002457711147144437,0.0011033560149371624
2.161898612976074,5.0,0.011953124776482582,0.0,9.765624417923391e-05,-3.0,-0.014653320424258709,0.5,9.75564107648097e-05,-7.812499534338714e-05,-1.311863525188528e-05,-0.25,-0.0001911211002152413,-1.05480609289351e-05,4.424382495926693e-05,-0.06703635349599185,-0.06630455702543259,3.141592653589793,3.1414427757263184,-0.0006724420236423612,-0.0030444094445556402,0.00012149420945206657
2.1667518615722656,5.0,0.011953124776482582,0.0,9.765624417923391e-05,-3.0,-0.014653320424258709,0.5,9.75564107648097e-05,-7.812499534338714e-05,-1.311863525188528e-05,-0.25,-0.0001911211002152413,1.932726573820441e-05,4.424382495926693e-05,-0.06698829323070822,-0.06630455702543259,3.141592653589793,3.1414427757263184,-0.0006724420236423612,-0.0030444094445556402,0.00012149420945206657
2.171459436416626,5.0,0.011953124776482582,0.0,9.765624417923391e-05,-3.0,-0.014653320424258709,0.5,0.00013060844503343105,-7.812499534338714e-05,-2.4917862901929766e-05,-0.25,-0.00021997927979100496,-7.147976302620885e-06,4.424382495926693e-05,-0.06691411666522804,-0.06630455702543259,3.141592653589793,3.1414427757263184,-0.0011870517628267407,-0.003505346830934286,4.815236752619967e-05
2.1761860847473145,5.0,0.011953124776482582,0.0,9.765624417923391e-05,-3.0,-0.014653320424258709,0.5,0.00013060844503343105,-7.812499534338714e-05,-2.4917862901929766e-05,-0.25,-0.00021997927979100496,1.7921397779438216e-05,4.424382495926693e-05,-0.06698432698659598,-0.06630455702543259,3.141592653589793,3.1414427757263184,-0.0011870517628267407,-0.003505346830934286,4.815236752619967e-05
2.1806647777557373,5.0,0.011953124776482582,0.0,9.765624417923391e-05,-3.0,-0.014653320424258709,0.5,0.00013893582217860967,-7.812499534338714e-05,-1.7574710000189953e-05,-0.25,-0.00024255036260001361,3.52037494316899e-05,4.424382495926693e-05,-0.06696473438152513,-0.06630455702543259,3.141592653589793,3.1414427757263184,-0.0006724776467308402,-0.0034957213792949915,0.0001082813396351412
2.185328245162964,5.0,0.011953124776482582,0.0,9.765624417923391e-05,-3.0,-0.014653320424258709,0.5,0.00013893582217860967,-7.812499534338714e-05,-1.7574710000189953e-05,-0.25,-0.00024255036260001361,1.881364733608341e-05,4.424382495926693e-05,-0.06698332770133857,-0.06630455702543259,3.141592653589793,3.1414427757263184,-0.0006724776467308402,-0.0034957213792949915,0.0001082813396351412
2.1902310848236084,5.0,0.011953124776482582,0.0,9.765624417923391e-05,-3.0,-0.014658202417194843,0.5,0.00017099216347560287,-7.812499534338714e-05,-3.0831633921479806e-05,-0.25,-0.0002223789633717388,-9.811823005724414e-06,1.958826214831788e-05,-0.06691409772674387,-0.06630264967679977,3.141592653589793,3.1414732933044434,-0.0016387221403419971,-0.004917546175420284,8.045646245591342e-05
2.1950416564941406,5.0,0.011953124776482582,0.0,9.765624417923391e-05,-3.0,-0.014658202417194843,0.5,0.00017099216347560287,-7.812499534338714e-05,-3.0831633921479806e-05,-0.25,-0.0002223789633717388,1.7232004062983125e-05,1.958826214831788e-05,-0.06697948094038292,-0.06630264967679977,3.141592653589793,3.1414732933044434,-0.0016387221403419971,-0.004917546175420284,8.045646245591342e-05
2.199963331222534,5.0,0.011953124776482582,0.0,9.765624417923391e-05,-3.0,-0.014658202417194843,0.5,0.00017099216347560287,-7.812499534338714e-05,-3.0831633921479806e-05,-0.25,-0.0002223789633717388,1.7236659313817747e-05,1.958826214831788e-05,-0.06697948094038292,-0.06630264967679977,3.141592653589793,3.1414732933044434,-0.0007493598386645317,-0.0038227734621614218,0.0001127467694459483
2.2047770023345947,5.0,0.011953124776482582,0.0,9.765624417923391e-05,-3.0,-0.014658202417194843,0.5,0.0001484429812990129,-7.812499534338714e-05,-7.256129902089015e-05,-0.25,-0.00026949882158078253,-7.44602614668391e-05,1.958826214831788e-05,-0.06702903088632534,-0.06630264967679977,3.141592653589793,3.1414732933044434,-0.0007493598386645317,-0.0038227734621614218,0.0001127467694459483
2.2095842361450195,5.0,0.011953124776482582,0.0,9.765624417923391e-05,-3.0,-0.014658202417194843,0.5,0.0001484429812990129,-7.812499534338714e-05,-7.256129902089015e-05,-0.25,-0.00026949882158078253,1.2230170057755233e-05,1.958826214831788e-05,-0.0669821868422441,-0.06630264967679977,3.141592653589793,3.1414732933044434,-0.0011631478555500507,-0.003694290993735194,6.080025195842609e-05
2.214287757873535,5.0,0.011953124776482582,0.0,9.765624417923391e-05,-3.0,-0.014658202417194843,0.5,0.00014656777784693986,-7.812499534338714e-05,-0.00011438757064752281,-0.25,-0.000251421908615157,-8.171782888551538e-05,1.958826214831788e-05,-0.06698639867390686,-0.06630264967679977,3.141592653589793,3.1414732933044434,-0.0011631478555500507,-0.003694290993735194,6.080025195842609e-05
2.2192320823669434,5.0,0.011953124776482582,0.0,9.765624417923391e-05,-3.0,-0.014658202417194843,0.5,0.00014656777784693986,-7.812499534338714e-05,-0.00011438757064752281,-0.25,-0.000251421908615157,7.204020347556411e-06,1.760695522534661e-05,-0.06698241186665836,-0.06635892391204834,3.141592653589793,3.1414783000946045,0.0008984875166788697,-0.0033642977941781282,0.0009925788035616279
2.2239832878112793,5.0,0.011953124776482582,0.0,9.765624417923391e-05,-3.0,-0.014663085341453552,0.5,0.00017630118236411363,-7.812499534338714e-05,1.648045508773066e-05,-0.25,-0.0002769040875136852,0.00029835890537686097,1.760695522534661e-05,-0.06691626309863216,-0.06635892391204834,3.141592653589793,3.1414783000946045,0.0008984875166788697,-0.0033642977941781282,0.0009925788035616279
2.2286391258239746,5.0,0.011953124776482582,0.0,9.765624417923391e-05,-3.0,-0.014663085341453552,0.5,0.00017630118236411363,-7.812499534338714e-05,1.648045508773066e-05,-0.25,-0.0002769040875136852,2.292598258745638e-05,1.760695522534661e-05,-0.06697884385811631,-0.06635892391204834,3.141592653589793,3.1414783000946045,-0.00018536676361691207,-0.003843613201752305,8.500345575157553e-05
2.2334020137786865,5.0,0.011953124776482582,0.0,9.765624417923391e-05,-3.0,-0.014663085341453552,0.5,0.00017630118236411363,-7.812499534338714e-05,1.648045508773066e-05,-0.25,-0.0002769040875136852,2.2934994490662547e-05,1.760695522534661e-05,-0.06697884385811631,-0.06635892391204834,3.141592653589793,3.1414783000946045,-0.0011427925201132894,-0.004232008010149002,6.292929174378514e-05
2.2380616664886475,5.0,0.011953124776482582,0.0,9.765624417923391e-05,-3.0,-0.014663085341453552,0.5,0.0001718693965813145,-7.812499534338714e-05,-4.6079680032562464e-05,-0.25,-0.0003258299839217216,-0.00011882845808984383,1.760695522534661e-05,-0.06698888665114333,-0.06635892391204834,3.141592653589793,3.1414783000946045,-0.0011427925201132894,-0.004232008010149002,6.292929174378514e-05
2.2429251670837402,5.0,0.011953124776482582,0.0,9.765624417923391e-05,-3.0,-0.014663085341453552,0.5,0.0001718693965813145,-7.812499534338714e-05,-4.6079680032562464e-05,-0.25,-0.0003258299839217216,1.5433881725235647e-05,1.760695522534661e-05,-0.06697937567241025,-0.06635892391204834,3.141592653589793,3.1414783000946045,-0.0009905010228976607,-0.0044764308258891106,0.0003784257569350302
2.247563362121582,5.0,0.011953124776482582,0.0,9.765624417923391e-05,-3.0,-0.014663085341453552,0.5,0.00016004100325517356,-7.812499534338714e-05,3.937965175282443e-06,-0.25,-0.00032454251777380705,0.00012928221005028482,1.760695522534661e-05,-0.06700629722695256,-0.06635892391204834,3.141592653589793,3.1414783000946045,-0.0009905010228976607,-0.0044764308258891106,0.0003784257569350302
2.252297878265381,5.0,0.011953124776482582,0.0,9.765624417923391e-05,-3.0,-0.014663085341453552,0.5,0.00016004100325517356,-7.812499534338714e-05,3.937965175282443e-06,-0.25,-0.00032454251777380705,2.145138219873007e-05,1.760695522534661e-05,-0.06698079507960938,-0.06635892391204834,3.141592653589793,3.1414783000946045,-0.0009905010228976607,-0.0044764308258891106,0.0003784257569350302
2.25716495513916,5.0,0.011953124776482582,0.0,9.765624417923391e-05,-3.0,-0.014667968265712261,0.5,0.00016533173038624227,-7.812499534338714e-05,1.0323507922294084e-05,-0.25,-0.00029861569055356085,3.5346129426286105e-05,2.072105235129129e-05,-0.06696928975149505,-0.06641768664121628,3.141592653589793,3.141486644744873,-0.0011703077470883727,-0.004348882474005222,0.0002686972147785127
2.262174367904663,5.0,0.011953124776482582,0.0,9.765624417923391e-05,-3.0,-0.014667968265712261,0.5,0.00016533173038624227,-7.812499534338714e-05,1.0323507922294084e-05,-0.25,-0.00029861569055356085,2.223511854289374e-05,2.072105235129129e-05,-0.06698016019235364,-0.06641768664121628,3.141592653589793,3.141486644744873,-0.0005298948381096125,-0.004018635954707861,0.00013059107004664838
2.2669262886047363,5.0,0.011953124776482582,0.0,9.765624417923391e-05,-3.0,-0.014667968265712261,0.5,0.00016533173038624227,-7.812499534338714e-05,1.0323507922294084e-05,-0.25,-0.00029861569055356085,2.2243524548364912e-05,2.072105235129129e-05,-0.06698016019235364,-0.06641768664121628,3.141592653589793,3.141486644744873,-0.0005298948381096125,-0.004018635954707861,0.00013059107004664838
2.2718660831451416,5.0,0.011953124776482582,0.0,9.765624417923391e-05,-3.0,-0.014667968265712261,0.5,0.00015646933752577752,-7.812499534338714e-05,-2.6115154469152912e-05,-0.25,-0.0002755617897491902,-5.588951904015578e-05,2.072105235129129e-05,-0.0669991644921926,-0.06641768664121628,3.141592653589793,3.141486644744873,-0.0007796533172950149,-0.0039338828064501286,9.62182239163667e-05
2.276766538619995,5.0,0.011953124776482582,0.0,9.765624417923391e-05,-3.0,-0.014667968265712261,0.5,0.00015646933752577752,-7.812499534338714e-05,-2.6115154469152912e-05,-0.25,-0.0002755617897491902,1.7881120858140397e-05,2.072105235129129e-05,-0.06698122367949691,-0.06641768664121628,3.141592653589793,3.141486644744873,-0.0007796533172950149,-0.0039338828064501286,9.62182239163667e-05
2.2815093994140625,5.0,0.011953124776482582,0.0,9.765624417923391e-05,-3.0,-0.014667968265712261,0.5,0.00013927544932812452,-7.812499534338714e-05,-7.512270531151444e-05,-0.25,-0.00025518296752125025,-9.132859437068333e-05,2.072105235129129e-05,-0.06701953909208322,-0.06641768664121628,3.141592653589793,3.141486644744873,-0.0019266268936917186,-0.003709528362378478,0.00010111364827025682
2.286142587661743,5.0,0.011953124776482582,0.0,9.765624417923391e-05,-3.0,-0.014667968265712261,0.5,0.00013927544932812452,-7.812499534338714e-05,-7.512270531151444e-05,-0.25,-0.00025518296752125025,1.2000777749428544e-05,2.072105235129129e-05,-0.06698328694608062,-0.06641768664121628,3.141592653589793,3.141486644744873,-0.0019266268936917186,-0.003709528362378478,0.00010111364827025682
2.2909765243530273,5.0,0.011953124776482582,0.0,9.765624417923391e-05,-3.0,-0.014667968265712261,0.5,0.00014053373888600618,-7.812499534338714e-05,-0.0010500997304916382,-0.25,-0.0005068206810392439,-0.0021220324994768165,1.5961151802912354e-05,-0.06698053291857127,-0.06645297259092331,3.141592653589793,3.1414954662323,-0.007974750362336636,0.001281576114706695,-0.004323435481637716
2.2959847450256348,5.0,0.011953124776482582,0.0,9.765624417923391e-05,-3.0,-0.014667968265712261,0.5,0.00014053373888600618,-7.812499534338714e-05,-0.0010500997304916382,-0.25,-0.0005068206810392439,-0.00010518779183812742,1.6073056031018496e-05,-0.06698313595133368,-0.06645441055297852,3.141592653589793,3.1414971351623535,-0.009100266732275486,-5.914046778343618e-05,-0.004648223984986544
2.3005378246307373,5.0,0.011953124776482582,0.0,9.765624417923391e-05,-3.0,-0.014667968265712261,0.5,0.00014053373888600618,-7.812499534338714e-05,-0.0010500997304916382,-0.25,-0.0005068206810392439,-0.00010527630140499299,1.6073056031018496e-05,-0.06698313595133368,-0.06645441055297852,3.141592653589793,3.1414971351623535,-0.009100266732275486,-5.914046778343618e-05,-0.004648223984986544
2.305400848388672,5.0,0.011953124776482582,0.0,0.00010742187441792339,-3.0,-0.014667968265712261,0.5,0.0001759288425091654,-0.0002867514524325897,0.0010928346309810877,-0.25,-0.0001787853252608329,0.005012639110195837,1.6199426681851037e-05,-0.06690610439186402,-0.06646120548248291,3.141592653589793,3.1414973735809326,-0.009237159043550491,-0.001748935435898602,-0.004544627387076616
2.310098886489868,5.0,0.011953124776482582,0.0,0.00010742187441792339,-3.0,-0.014667968265712261,0.5,0.0001759288425091654,-8.593749953433871e-05,0.0010928346309810877,-0.25,-0.0001787853252608329,-0.0002743838947304721,1.6199426681851037e-05,-0.0669788885388989,-0.06646120548248291,3.141592653589793,3.1414973735809326,-0.009237159043550491,-0.001748935435898602,-0.004544627387076616
2.31481671333313,5.0,0.011953124776482582,0.0,9.765624417923391e-05,-3.0,-0.01467285118997097,0.5,0.0003954171552322805,0.0001288692535582515,-0.0011510290205478668,-0.25,-0.0005604302859865129,-0.005353549848786587,4.277499465388246e-05,-0.06648731813016946,-0.06654548645019531,3.141592653589793,3.1414835453033447,0.002882689703255892,-0.008846678771078587,0.003509891452267766
2.31943941116333,5.0,0.011953124776482582,0.0,9.765624417923391e-05,-3.0,-0.01467285118997097,0.5,0.0003954171552322805,-7.812499534338714e-05,-0.0011510290205478668,-0.25,-0.0005604302859865129,0.00033041518195649113,4.277499465388246e-05,-0.06695254994137212,-0.06654548645019531,3.141592653589793,3.1414835453033447,0.002882689703255892,-0.008846678771078587,0.003509891452267766
2.3242318630218506,5.0,0.011953124776482582,0.0,0.00010742187441792339,-3.0,-0.014682617038488388,0.5,0.0005156711558811367,-0.00028970856551442057,0.0010228840401396155,-0.25,-0.0001350617385469377,0.005146634656110486,4.9026701162802055e-05,-0.06668719570827825,-0.06661104410886765,3.141592653589793,3.141481637954712,0.0036550802178680897,-0.01572955958545208,0.004441115539520979
2.3290867805480957,5.0,0.011953124776482582,0.0,0.00010742187441792339,-3.0,-0.014682617038488388,0.5,0.0005156711558811367,-8.593749953433871e-05,0.0010228840401396155,-0.25,-0.0001350617385469377,-0.0002750432594939071,4.9026701162802055e-05,-0.06693811946129427,-0.06661104410886765,3.141592653589793,3.141481637954712,0.0036550802178680897,-0.01572955958545208,0.004441115539520979
2.3338425159454346,5.0,0.011953124776482582,0.0,0.00010742187441792339,-3.0,-0.014682617038488388,0.5,0.0005156711558811367,-8.593749953433871e-05,0.0010228840401396155,-0.25,-0.0001350617385469377,0.00014478316882532056,1.5064902981976047e-05,-0.06693811946129427,-0.066665880382061,3.141592653589793,3.1414501667022705,-0.007586765568703413,-0.012052034959197044,-0.0016124395187944174
2.3384509086608887,5.0,0.011953124776482582,0.0,9.765624417923391e-05,-3.0,-0.014687499962747097,0.5,0.0005897054215893149,0.0001337846842709553,-0.0004573600017465651,-0.25,-0.000501645787153393,-0.0037481156979352367,1.5064902981976047e-05,-0.06676858440171572,-0.066665880382061,3.141592653589793,3.1414501667022705,-0.007586765568703413,-0.012052034959197044,-0.0016124395187944174
2.3431527614593506,5.0,0.011953124776482582,0.0,9.765624417923391e-05,-3.0,-0.014687499962747097,0.5,0.0005897054215893149,-7.812499534338714e-05,-0.0004573600017465651,-0.25,-0.000501645787153393,0.0004168202261924247,4.430968692759052e-05,-0.06692923534940928,-0.06668149679899216,3.141592653589793,3.1414501667022705,-0.011731661856174469,-0.030672112479805946,0.0019236896187067032
2.3477885723114014,5.0,0.011992187239229679,0.0,9.765624417923391e-05,-3.0,-0.014687499962747097,0.5,0.0024224049411714077,-7.812499534338714e-05,0.0011246728245168924,-0.25,0.001932606683112681,0.0035687162406746716,4.430968692759052e-05,-0.06275595874002526,-0.06668149679899216,3.141592653589793,3.1414501667022705,-0.011731661856174469,-0.030672112479805946,0.0019236896187067032
2.3523261547088623,5.0,0.011992187239229679,0.0,9.765624417923391e-05,-3.0,-0.014687499962747097,0.5,0.0024224049411714077,-7.812499534338714e-05,0.0011246728245168924,-0.25,0.001932606683112681,0.00015619085051488517,2.3375152522930875e-05,-0.06670931140705944,-0.06675278395414352,3.141592653589793,3.1414272785186768,-0.00037927302764728665,-0.006221635267138481,-0.008670037612318993
2.3572206497192383,5.0,0.011992187239229679,0.0,9.765624417923391e-05,-3.0,-0.01469726487994194,0.5,0.00040634593460708857,-7.812499534338714e-05,0.00030320536461658776,-0.25,-0.0010106348199769855,-0.0016206976912005247,2.3375152522930875e-05,-0.07107027222327934,-0.06675278395414352,3.141592653589793,3.1414272785186768,-0.00037927302764728665,-0.006221635267138481,-0.008670037612318993
2.362003803253174,5.0,0.011992187239229679,0.0,9.765624417923391e-05,-3.0,-0.01469726487994194,0.5,0.00040634593460708857,-7.812499534338714e-05,0.00030320536461658776,-0.25,-0.0010106348199769855,5.7688562950908e-05,2.937952922366094e-05,-0.06695123848784715,-0.06683623045682907,3.141592653589793,3.141472339630127,-0.0006862478330731392,-0.012844444252550602,0.00014357948384713382
2.366680383682251,5.0,0.011992187239229679,0.0,9.765624417923391e-05,-3.0,-0.014707030728459358,0.5,0.00047027593245729804,-7.812499534338714e-05,6.6469679040892515e-06,-0.25,-0.0008659863378852606,5.772422939287603e-05,2.937952922366094e-05,-0.06695123848784715,-0.06683623045682907,3.141592653589793,3.141472339630127,-0.0006862478330731392,-0.012844444252550602,0.00014357948384713382
2.371326208114624,5.0,0.011992187239229679,0.0,9.765624417923391e-05,-3.0,-0.014707030728459358,0.5,0.00047027593245729804,-7.812499534338714e-05,6.6469679040892515e-06,-0.25,-0.0008659863378852606,-0.0006161880994697081,3.108909004367888e-05,-0.06680595945420226,-0.06694411486387253,3.141592653589793,3.141474723815918,-0.001712048426270485,-0.01079347264021635,0.0003855376853607595
2.375857353210449,5.0,0.011992187239229679,0.0,9.765624417923391e-05,-3.0,-0.014707030728459358,0.5,0.00047027593245729804,-7.812499534338714e-05,6.6469679040892515e-06,-0.25,-0.0008659863378852606,2.2152780781847563e-05,3.108909004367888e-05,-0.06694356688810513,-0.06694411486387253,3.141592653589793,3.141474723815918,-0.001712048426270485,-0.01079347264021635,0.0003855376853607595
2.38088321685791,5.0,0.011992187239229679,0.0,9.765624417923391e-05,-3.0,-0.014711913652718067,0.5,0.0003740982501767576,-7.812499534338714e-05,4.8431909817736596e-05,-0.25,-0.0007346033817157149,0.00011031951897413984,3.108909004367888e-05,-0.0671464736926638,-0.06694411486387253,3.141592653589793,3.141474723815918,-0.00022828011424280703,-0.0088208531960845,0.00039702653884887695
2.3857860565185547,5.0,0.011992187239229679,0.0,9.765624417923391e-05,-3.0,-0.014711913652718067,0.5,0.0003740982501767576,-7.812499534338714e-05,4.8431909817736596e-05,-0.25,-0.0007346033817157149,2.719210473074398e-05,3.108909004367888e-05,-0.06695510820997878,-0.06694411486387253,3.141592653589793,3.141474723815918,-0.00022828011424280703,-0.0088208531960845,0.00039702653884887695
2.3904435634613037,5.0,0.011992187239229679,0.0,9.765624417923391e-05,-3.0,-0.014716796576976776,0.5,0.00011283419735264033,-7.812499534338714e-05,-4.701604484580457e-05,-0.25,-0.00016090988356154412,-0.0001891923266544938,3.0216418963391334e-05,-0.06754741247467264,-0.06699763983488083,3.141592653589793,3.1414778232574463,-0.001127316034398973,-0.0028987263794988394,4.1616614907979965e-05
2.395143985748291,5.0,0.011992187239229679,0.0,9.765624417923391e-05,-3.0,-0.014716796576976776,0.5,0.00011283419735264033,-7.812499534338714e-05,-4.701604484580457e-05,-0.25,-0.00016090988356154412,1.5744172478262396e-05,3.0216418963391334e-05,-0.06698645989631768,-0.06699763983488083,3.141592653589793,3.1414778232574463,-0.001127316034398973,-0.0028987263794988394,4.1616614907979965e-05
2.3997507095336914,5.0,0.011992187239229679,0.0,9.765624417923391e-05,-3.0,-0.014716796576976776,0.5,-4.5068038161844015e-05,-7.812499534338714e-05,-2.3085274847289838e-07,-0.25,0.0001351821410935372,0.00012292406432400286,3.0216418963391334e-05,-0.06734817287735623,-0.06699763983488083,3.141592653589793,3.1414778232574463,-0.00046449946239590645,0.0007979527581483126,9.597587632015347e-05
2.404496192932129,5.0,0.011992187239229679,0.0,9.765624417923391e-05,-3.0,-0.014716796576976776,0.5,-4.5068038161844015e-05,-7.812499534338714e-05,-2.3085274847289838e-07,-0.25,0.0001351821410935372,2.1372965173141294e-05,3.0216418963391334e-05,-0.06700540816457942,-0.06699763983488083,3.141592653589793,3.1414778232574463,-0.00046449946239590645,0.0007979527581483126,9.597587632015347e-05
2.4087677001953125,5.0,0.011992187239229679,0.0,9.765624417923391e-05,-3.0,-0.014716796576976776,0.5,-0.00010161105456063524,-7.812499534338714e-05,-3.516164360917173e-05,-0.25,0.0005594289395958185,2.1379619681058366e-05,3.0216418963391334e-05,-0.06700540816457942,-0.06699763983488083,3.141592653589793,3.1414778232574463,-0.0016408748924732208,0.0019636419601738453,0.00011237123544560745
2.4134140014648438,5.0,0.011992187239229679,0.0,9.765624417923391e-05,-3.0,-0.014716796576976776,0.5,-0.00010161105456063524,-7.812499534338714e-05,-3.516164360917173e-05,-0.25,0.0005594289395958185,-5.798786309924532e-05,3.0216418963391334e-05,-0.06713388801038016,-0.06699763983488083,3.141592653589793,3.1414778232574463,-0.002262186724692583,0.0014805939281359315,0.0004002207424491644
2.4181430339813232,5.0,0.011992187239229679,0.0,9.765624417923391e-05,-3.0,-0.014716796576976776,0.5,-0.00010161105456063524,-7.812499534338714e-05,-3.516164360917173e-05,-0.25,0.0005594289395958185,1.719598069303599e-05,3.0216418963391334e-05,-0.06701219332654727,-0.06699763983488083,3.141592653589793,3.1414778232574463,-0.002262186724692583,0.0014805939281359315,0.0004002207424491644
2.422659397125244,5.0,0.011992187239229679,0.0,9.765624417923391e-05,-3.0,-0.014711913652718067,0.5,-0.00012282664829399437,-7.812499534338714e-05,-0.0010414683492854238,-0.25,0.0006499969749711454,-0.0023317828984074124,4.530938167590648e-05,-0.06706171414878413,-0.06693589687347412,3.141592653589793,3.1414895057678223,0.0025203311815857887,6.524523632833734e-05,0.005009390413761139
2.4273438453674316,5.0,0.011992187239229679,0.0,9.765624417923391e-05,-3.0,-0.014711913652718067,0.5,-0.00012282664829399437,-7.812499534338714e-05,-0.0010414683492854238,-0.25,0.0006499969749711454,-0.0001037380947981079,4.530938167590648e-05,-0.06701473919779527,-0.06693589687347412,3.141592653589793,3.1414895057678223,0.0025203311815857887,6.524523632833734e-05,0.005009390413761139
2.4318573474884033,5.0,0.011992187239229679,0.0,9.765624417923391e-05,-3.0,-0.014707030728459358,0.5,-0.00012429498019628227,-7.812499534338714e-05,-0.0010250213090330362,-0.25,0.0005424427799880505,-6.541028410128556e-05,4.893117511528544e-05,-0.06701816859627713,-0.06688093394041061,3.141592653589793,3.1414906978607178,0.0010790753876790404,-0.0010879564797505736,0.005603375844657421
2.4364192485809326,5.0,0.011992187239229679,0.0,9.765624417923391e-05,-3.0,-0.014707030728459358,0.5,-0.00012429498019628227,-7.812499534338714e-05,-0.0010250213090330362,-0.25,0.0005424427799880505,-0.00010193631928478362,4.893117511528544e-05,-0.06701491539762355,-0.06688093394041061,3.141592653589793,3.1414906978607178,0.0010790753876790404,-0.0010879564797505736,0.005603375844657421
2.440999984741211,5.0,0.011992187239229679,0.0,0.00010742187441792339,-3.0,-0.01470214780420065,0.5,-5.77374521526508e-05,-7.812499534338714e-05,0.0010674563236534595,-0.25,0.0011147117475047708,-0.00010202306892846666,4.446347520570271e-05,-0.06701491539762355,-0.06687867641448975,3.141592653589793,3.1414906978607178,0.004347790032625198,-0.0038314771372824907,0.004576616920530796
2.4456162452697754,5.0,0.011992187239229679,0.0,0.00010742187441792339,-3.0,-0.01470214780420065,0.5,-5.77374521526508e-05,-0.00029748600677871563,0.0010674563236534595,-0.25,0.0011147117475047708,0.005183556885371097,4.446347520570271e-05,-0.06686274787959894,-0.06687867641448975,3.141592653589793,3.1414906978607178,0.004347790032625198,-0.0038314771372824907,0.004576616920530796
2.4502944946289062,5.0,0.011992187239229679,0.0,0.00010742187441792339,-3.0,-0.01470214780420065,0.5,-5.77374521526508e-05,-8.593749953433871e-05,0.0010674563236534595,-0.25,0.0011147117475047708,-0.0003019501937793689,4.008334144600667e-05,-0.06700692849425832,-0.06683778017759323,3.141592653589793,3.141491174697876,0.002721155295148492,0.0010521953226998448,0.0036366807762533426
2.4549076557159424,5.0,0.011992187239229679,0.0,9.765624417923391e-05,-3.0,-0.01470214780420065,0.5,-0.0006189753767102957,0.0001335656448584644,-0.002247943775728345,-0.25,-0.0007048987899906933,-0.00793681105169326,4.008334144600667e-05,-0.06829087866385417,-0.06683778017759323,3.141592653589793,3.141491174697876,0.002721155295148492,0.0010521953226998448,0.0036366807762533426
2.4598402976989746,5.0,0.011992187239229679,0.0,9.765624417923391e-05,-3.0,-0.01470214780420065,0.5,-0.0006189753767102957,-7.812499534338714e-05,-0.002247943775728345,-0.25,-0.0007048987899906933,0.00018018917773810335,2.1312445824150927e-05,-0.06707427704520523,-0.0668339729309082,3.141592653589793,3.1415021419525146,0.0010877727763727307,0.00037834513932466507,-0.00010253809887217358
2.4646522998809814,5.0,0.011992187239229679,0.0,9.765624417923391e-05,-3.0,-0.01470214780420065,0.5,6.444625614676625e-05,-7.812499534338714e-05,2.059083453787025e-05,-0.25,-7.712841033935547e-05,0.004737585853859002,2.1312445824150927e-05,-0.06557202263596461,-0.0668339729309082,3.141592653589793,3.1415021419525146,0.0010877727763727307,0.00037834513932466507,-0.00010253809887217358
2.469036817550659,5.0,0.011992187239229679,0.0,9.765624417923391e-05,-3.0,-0.01470214780420065,0.5,6.444625614676625e-05,-7.812499534338714e-05,2.059083453787025e-05,-0.25,-7.712841033935547e-05,2.326869649220039e-05,2.1312445824150927e-05,-0.06699226644926239,-0.0668339729309082,3.141592653589793,3.1415021419525146,-0.0003924513002857566,-0.0032708696089684963,0.0002493389474693686
2.4739291667938232,5.0,0.011992187239229679,0.0,9.765624417923391e-05,-3.0,-0.01470214780420065,0.5,0.00021773524349555373,-7.812499534338714e-05,-4.1200877603841946e-05,-0.25,-0.0004616975784301758,-0.00011044543747559761,2.1312445824150927e-05,-0.06666054788540385,-0.0668339729309082,3.141592653589793,3.1415021419525146,-0.0020143850706517696,-0.005865699145942926,0.0003793176729232073
2.478598117828369,5.0,0.011992187239229679,0.0,9.765624417923391e-05,-3.0,-0.01470214780420065,0.5,0.00021773524349555373,-7.812499534338714e-05,-4.1200877603841946e-05,-0.25,-0.0004616975784301758,1.5860751886738872e-05,2.1312445824150927e-05,-0.06697387177078054,-0.0668339729309082,3.141592653589793,3.1415021419525146,-0.0020143850706517696,-0.005865699145942926,0.0003793176729232073
2.4831743240356445,5.0,0.011992187239229679,0.0,9.765624417923391e-05,-3.0,-0.01470214780420065,0.5,0.00021773524349555373,-7.812499534338714e-05,-4.1200877603841946e-05,-0.25,-0.0004616975784301758,1.5864131334274828e-05,2.125233550032135e-05,-0.06697387177078054,-0.06690537929534912,3.141592653589793,3.141404151916504,0.0006811799248680472,-0.005830524489283562,0.00109407352283597
2.487800121307373,5.0,0.011992187239229679,0.0,9.765624417923391e-05,-3.0,-0.014707030728459358,0.5,0.000317966885631904,-7.812499534338714e-05,-0.0002654039126355201,-0.25,-0.0003175318124704063,-0.0004957373275534694,2.125233550032135e-05,-0.06674516426156096,-0.06690537929534912,3.141592653589793,3.141404151916504,0.0006811799248680472,-0.005830524489283562,0.00109407352283597
2.492609977722168,5.0,0.011992187239229679,0.0,9.765624417923391e-05,-3.0,-0.014707030728459358,0.5,0.000317966885631904,-7.812499534338714e-05,-0.0002654039126355201,-0.25,-0.0003175318124704063,-1.1075574849653662e-05,2.125233550032135e-05,-0.06696184397372418,-0.06690537929534912,3.141592653589793,3.141404151916504,-0.001369462930597365,-0.005718087777495384,0.00037107529351487756
2.4972660541534424,5.0,0.011992187239229679,0.0,9.765624417923391e-05,-3.0,-0.014707030728459358,0.5,0.00015118345618247986,-7.812499534338714e-05,-8.807844096736517e-06,-0.25,-0.0003058135334867984,0.0005708217562670959,2.125233550032135e-05,-0.06734006393808387,-0.06690537929534912,3.141592653589793,3.141404151916504,-0.001369462930597365,-0.005718087777495384,0.00037107529351487756
2.502044200897217,5.0,0.011992187239229679,0.0,9.765624417923391e-05,-3.0,-0.014707030728459358,0.5,0.00015118345618247986,-7.812499534338714e-05,-8.807844096736517e-06,-0.25,-0.0003058135334867984,1.9729032444494757e-05,2.125233550032135e-05,-0.0669818579852581,-0.06690537929534912,3.141592653589793,3.141404151916504,-0.0009720918606035411,-0.0022211740724742413,0.00032836070749908686
2.50643253326416,5.0,0.011992187239229679,0.0,9.765624417923391e-05,-3.0,-0.014707030728459358,0.5,0.00015118345618247986,-7.812499534338714e-05,-8.807844096736517e-06,-0.25,-0.0003058135334867984,1.9735116178462758e-05,2.125233550032135e-05,-0.0669818579852581,-0.06690537929534912,3.141592653589793,3.141404151916504,-0.0009720918606035411,-0.0022211740724742413,0.00032836070749908686
2.5110833644866943,5.0,0.011992187239229679,0.0,9.765624417923391e-05,-3.0,-0.014707030728459358,0.5,1.1936984265048523e-05,-7.812499534338714e-05,1.6248201063717715e-05,-0.25,-4.1517017962178215e-05,7.662495751712854e-05,2.125233550032135e-05,-0.0672979688199746,-0.06690537929534912,3.141592653589793,3.141404151916504,-0.00026854462339542806,-0.00020525493891909719,0.0003122935595456511
2.5156021118164062,5.0,0.011992187239229679,0.0,9.765624417923391e-05,-3.0,-0.014707030728459358,0.5,1.1936984265048523e-05,-7.812499534338714e-05,1.6248201063717715e-05,-0.25,-4.1517017962178215e-05,2.2759148846470895e-05,2.125233550032135e-05,-0.06699856756188818,-0.06690537929534912,3.141592653589793,3.141404151916504,-0.00026854462339542806,-0.00020525493891909719,0.0003122935595456511
2.5206730365753174,5.0,0.011992187239229679,0.0,9.765624417923391e-05,-3.0,-0.014707030728459358,0.5,-0.00012257501657586545,-7.812499534338714e-05,0.00013615110947284847,-0.25,0.00014595747052226216,0.0002736209894194549,2.125233550032135e-05,-0.06727997028515947,-0.06690537929534912,3.141592653589793,3.141404151916504,-0.001735553378239274,0.0005289612454362214,0.00016389958909712732
2.5254111289978027,5.0,0.011992187239229679,0.0,9.765624417923391e-05,-3.0,-0.014707030728459358,0.5,-0.00012257501657586545,-7.812499534338714e-05,0.00013615110947284847,-0.25,0.00014595747052226216,3.718953461544069e-05,2.125233550032135e-05,-0.06701470900198911,-0.06690537929534912,3.141592653589793,3.141404151916504,-0.001735553378239274,0.0005289612454362214,0.00016389958909712732
2.5304410457611084,5.0,0.011992187239229679,0.0,9.765624417923391e-05,-3.0,-0.014707030728459358,0.5,-2.1700039724237286e-05,-7.812499534338714e-05,8.474240894429386e-05,-0.25,0.0005044591380283237,-7.116899256720817e-05,2.125233550032135e-05,-0.0668020540123942,-0.06690537929534912,3.141592653589793,3.141404151916504,-0.00021798431407660246,-6.249608850339428e-05,0.00035479528014548123
2.5352275371551514,5.0,0.011992187239229679,0.0,9.765624417923391e-05,-3.0,-0.014707030728459358,0.5,-2.1700039724237286e-05,-7.812499534338714e-05,8.474240894429386e-05,-0.25,0.0005044591380283237,3.105246601033445e-05,2.125233550032135e-05,-0.0670026040047669,-0.06690537929534912,3.141592653589793,3.141404151916504,-0.00021798431407660246,-6.249608850339428e-05,0.00035479528014548123
2.5401008129119873,5.0,0.011992187239229679,0.0,9.765624417923391e-05,-3.0,-0.014707030728459358,0.5,-5.1832012104569e-05,-7.812499534338714e-05,2.74653375527123e-05,-0.25,0.0006681072409264743,-9.334348998880085e-05,2.125233550032135e-05,-0.06706805088464371,-0.06690537929534912,3.141592653589793,3.141404151916504,-0.0014188598142936826,0.0005361601361073554,0.00035799178294837475
2.5448246002197266,5.0,0.011992187239229679,0.0,9.765624417923391e-05,-3.0,-0.014707030728459358,0.5,-5.1832012104569e-05,-7.812499534338714e-05,2.74653375527123e-05,-0.25,0.0006681072409264743,2.419948458502093e-05,2.125233550032135e-05,-0.06700621984145255,-0.06690537929534912,3.141592653589793,3.141404151916504,-0.0014188598142936826,0.0005361601361073554,0.00035799178294837475
2.5499706268310547,5.0,0.011992187239229679,0.0,9.765624417923391e-05,-3.0,-0.01470214780420065,0.5,-0.00025579362409189343,-7.812499534338714e-05,0.00015356151561718434,-0.25,0.0006629538256675005,0.0002843908720118418,2.125233550032135e-05,-0.06742704299480803,-0.06690537929534912,3.141592653589793,3.141404151916504,-0.0003627789265010506,0.0006301667308434844,0.0003498528676573187
2.5547609329223633,5.0,0.011992187239229679,0.0,9.765624417923391e-05,-3.0,-0.01470214780420065,0.5,-0.00025579362409189343,-7.812499534338714e-05,0.00015356151561718434,-0.25,0.0006629538256675005,3.9377068237869917e-05,2.125233550032135e-05,-0.06703069523489102,-0.06690537929534912,3.141592653589793,3.141404151916504,-0.0003627789265010506,0.0006301667308434844,0.0003498528676573187
2.559645652770996,5.0,0.011992187239229679,0.0,9.765624417923391e-05,-3.0,-0.01470214780420065,0.5,-0.00025579362409189343,-7.812499534338714e-05,0.00015356151561718434,-0.25,0.0006629538256675005,3.939970271184491e-05,1.9316137695568614e-05,-0.06703069523489102,-0.06684684753417969,3.141592653589793,3.1414413452148438,-0.0025458631571382284,0.0023971335031092167,0.0003254521870985627
2.564382314682007,5.0,0.011992187239229679,0.0,9.765624417923391e-05,-3.0,-0.01470214780420065,0.5,-8.061885455390438e-05,-7.812499534338714e-05,6.650575232924893e-05,-0.25,0.0009821378625929356,-0.0001548246683165946,1.9316137695568614e-05,-0.0666398467915784,-0.06684684753417969,3.141592653589793,3.1414413452148438,-0.0025458631571382284,0.0023971335031092167,0.0003254521870985627
2.5694735050201416,5.0,0.011992187239229679,0.0,9.765624417923391e-05,-3.0,-0.01470214780420065,0.5,-8.061885455390438e-05,-7.812499534338714e-05,6.650575232924893e-05,-0.25,0.0009821378625929356,2.8981439309668866e-05,1.9316137695568614e-05,-0.06700967426254648,-0.06684684753417969,3.141592653589793,3.1414413452148438,-0.002628092188388109,2.898036291298922e-05,0.0004218962858431041
2.574059009552002,5.0,0.011992187239229679,0.0,9.765624417923391e-05,-3.0,-0.01470214780420065,0.5,-7.047161489026621e-05,-7.812499534338714e-05,-7.206589998531854e-06,-0.25,0.0010423004860058427,-0.0001406083163288634,1.9316137695568614e-05,-0.06698632764463164,-0.06684684753417969,3.141592653589793,3.1414413452148438,-0.0026103102136403322,0.00043187514529563487,0.000421069998992607
2.5790984630584717,5.0,0.011992187239229679,0.0,9.765624417923391e-05,-3.0,-0.01470214780420065,0.5,-7.047161489026621e-05,-7.812499534338714e-05,-7.206589998531854e-06,-0.25,0.0010423004860058427,2.0149609963846962e-05,1.9316137695568614e-05,-0.06700845659378682,-0.06684684753417969,3.141592653589793,3.1414413452148438,-0.0026103102136403322,0.00043187514529563487,0.000421069998992607
2.583549737930298,5.0,0.011992187239229679,0.0,9.765624417923391e-05,-3.0,-0.01470214780420065,0.5,-7.047161489026621e-05,-7.812499534338714e-05,-7.206589998531854e-06,-0.25,0.0010423004860058427,2.0155923510160193e-05,3.278055737609975e-05,-0.06700845659378682,-0.06681656092405319,3.141592653589793,3.1414475440979004,-0.0007188555900938809,0.006063905078917742,0.00047019156045280397
2.588076114654541,5.0,0.011992187239229679,0.0,9.765624417923391e-05,-3.0,-0.014692382887005806,0.5,-0.00025950517738237977,-7.812499534338714e-05,-0.00010807770013343543,-0.25,0.0005845045670866966,-0.0002148030993507635,3.278055737609975e-05,-0.06744876728828346,-0.06681656092405319,3.141592653589793,3.1414475440979004,-0.0007188555900938809,0.006063905078917742,0.00047019156045280397
2.5926122665405273,5.0,0.011992187239229679,0.0,9.765624417923391e-05,-3.0,-0.014692382887005806,0.5,-0.00025950517738237977,-7.812499534338714e-05,-0.00010807770013343543,-0.25,0.0005845045670866966,8.045961349089493e-06,3.9891911001177505e-05,-0.06703114062128587,-0.06674277037382126,3.141592653589793,3.141481399536133,0.0030472830403596163,0.007137326989322901,0.01221376284956932
2.596940040588379,5.0,0.011992187239229679,0.0,9.765624417923391e-05,-3.0,-0.014692382887005806,0.5,-0.00018137641018256545,-7.812499534338714e-05,-0.0019685912411659956,-0.25,-3.781318582696258e-06,-0.0045143873299331,3.9891911001177505e-05,-0.06684123641162976,-0.06674277037382126,3.141592653589793,3.141481399536133,0.0030472830403596163,0.007137326989322901,0.01221376284956932
2.6015942096710205,5.0,0.011992187239229679,0.0,9.765624417923391e-05,-3.0,-0.014692382887005806,0.5,-0.00018137641018256545,-7.812499534338714e-05,-0.0019685912411659956,-0.25,-3.781318582696258e-06,-0.00021555526478101963,4.218164394842461e-05,-0.0670217651692219,-0.06675636768341064,3.141592653589793,3.141465663909912,0.006628027185797691,0.0057086031883955,0.013879477977752686
2.6061532497406006,5.0,0.011992187239229679,0.0,8.789062121650204e-05,-3.0,-0.014692382887005806,0.5,-0.0001983090041903779,0.00014389099353552195,-0.003023669123649597,-0.25,-0.0005326795508153737,-0.0031703294955176854,4.218164394842461e-05,-0.06706093778062697,-0.06675636768341064,3.141592653589793,3.141465663909912,0.006628027185797691,0.0057086031883955,0.013879477977752686
2.610780715942383,5.0,0.011992187239229679,0.0,8.789062121650204e-05,-3.0,-0.014692382887005806,0.5,-0.0001983090041903779,-7.031249697320163e-05,-0.003023669123649597,-0.25,-0.0005326795508153737,0.00011923158860924839,5.522326682694256e-05,-0.06702379708050285,-0.06676959991455078,3.141592653589793,3.1414384841918945,0.004089745227247477,-0.00032533929334022105,0.001996744191274047
2.615426540374756,5.0,0.011992187239229679,0.0,9.765624417923391e-05,-3.0,-0.014692382887005806,0.5,5.6636257795616984e-05,-7.031249697320163e-05,6.823889998486266e-05,-0.25,-0.0001813733542803675,-0.0003439386778403247,5.522326682694256e-05,-0.06702379708050285,-0.06676959991455078,3.141592653589793,3.1414384841918945,-0.0005733597790822387,-0.0025225284043699503,0.0006749723106622696
2.620685577392578,5.0,0.011992187239229679,0.0,9.765624417923391e-05,-3.0,-0.014692382887005806,0.5,5.6636257795616984e-05,-0.0002638172224495533,6.823889998486266e-05,-0.25,-0.0001813733542803675,0.006297521331160824,5.522326682694256e-05,-0.06650842808821182,-0.06676959991455078,3.141592653589793,3.1414384841918945,-0.0005733597790822387,-0.0025225284043699503,0.0006749723106622696
2.625279664993286,5.0,0.011992187239229679,0.0,9.765624417923391e-05,-3.0,-0.014692382887005806,0.5,5.6636257795616984e-05,-7.812499534338714e-05,6.823889998486266e-05,-0.25,-0.0001813733542803675,-0.0003761221134330333,1.5099561096576508e-05,-0.06699320364906453,-0.06677376478910446,3.141592653589793,3.141456127166748,-0.0003203297674190253,-0.004824864212423563,-2.197717549279332e-06
2.6301276683807373,5.0,0.011992187239229679,0.0,9.765624417923391e-05,-3.0,-0.01469726487994194,0.5,0.00021943188039585948,-7.812499534338714e-05,2.2780473955208436e-05,-0.25,-0.0004414927971083671,-7.113638334826542e-05,1.5099561096576508e-05,-0.06663786885741796,-0.06677376478910446,3.141592653589793,3.141456127166748,-0.0003203297674190253,-0.004824864212423563,-2.197717549279332e-06
2.634768486022949,5.0,0.011992187239229679,0.0,9.765624417923391e-05,-3.0,-0.01469726487994194,0.5,0.00021943188039585948,-7.812499534338714e-05,2.2780473955208436e-05,-0.25,-0.0004414927971083671,2.2640297235387948e-05,1.5099561096576508e-05,-0.06697366817435249,-0.06677376478910446,3.141592653589793,3.141456127166748,-0.0030324566178023815,-0.006794006563723087,0.0004404496867209673
2.63938045501709,5.0,0.011992187239229679,0.0,9.765624417923391e-05,-3.0,-0.01469726487994194,0.5,0.0002463049895595759,-7.812499534338714e-05,-4.615221041603945e-05,-0.25,-0.0004804479831364006,-0.00013509343679651462,1.5099561096576508e-05,-0.06691217520994919,-0.06677376478910446,3.141592653589793,3.141456127166748,-0.0030324566178023815,-0.006794006563723087,0.0004404496867209673
2.644127607345581,5.0,0.011992187239229679,0.0,9.765624417923391e-05,-3.0,-0.01469726487994194,0.5,0.0002463049895595759,-7.812499534338714e-05,-4.615221041603945e-05,-0.25,-0.0004804479831364006,1.437435985430135e-05,1.5099561096576508e-05,-0.06697044340125285,-0.06677376478910446,3.141592653589793,3.141456127166748,-0.0018149829702451825,-0.006118494551628828,0.00038658163975924253
2.648771047592163,5.0,0.011992187239229679,0.0,9.765624417923391e-05,-3.0,-0.01469726487994194,0.5,0.00019053585128858685,-7.812499534338714e-05,-1.9836463252431713e-05,-0.25,-0.0003823482838924974,7.421061586892434e-05,1.5099561096576508e-05,-0.0670972387578816,-0.06677376478910446,3.141592653589793,3.141456127166748,-0.0018149829702451825,-0.006118494551628828,0.00038658163975924253
2.653747081756592,5.0,0.011992187239229679,0.0,9.765624417923391e-05,-3.0,-0.01469726487994194,0.5,0.00019053585128858685,-7.812499534338714e-05,-1.9836463252431713e-05,-0.25,-0.0003823482838924974,1.7543463614792367e-05,2.005510759772733e-05,-0.06697713569784536,-0.06682920455932617,3.141592653589793,3.1414709091186523,-0.007743874564766884,-0.005872424691915512,0.0002887963782995939
2.6584720611572266,5.0,0.011992187239229679,0.0,9.765624417923391e-05,-3.0,-0.01470214780420065,0.5,4.172228364041075e-05,-7.812499534338714e-05,7.1578506322111934e-06,-0.25,-6.70075405651005e-06,1.7548971857060826e-05,2.005510759772733e-05,-0.06697713569784536,-0.06682920455932617,3.141592653589793,3.1414709091186523,-0.007743874564766884,-0.005872424691915512,0.0002887963782995939
2.6631996631622314,5.0,0.011992187239229679,0.0,9.765624417923391e-05,-3.0,-0.01470214780420065,0.5,4.172228364041075e-05,-7.812499534338714e-05,7.1578506322111934e-06,-0.25,-6.70075405651005e-06,7.789573223291156e-05,2.005510759772733e-05,-0.06730976933183384,-0.06682920455932617,3.141592653589793,3.1414709091186523,-0.0006198867922648787,-0.0005636194837279618,0.00011730147525668144
2.6678466796875,5.0,0.011992187239229679,0.0,9.765624417923391e-05,-3.0,-0.01470214780420065,0.5,4.172228364041075e-05,-7.812499534338714e-05,7.1578506322111934e-06,-0.25,-6.70075405651005e-06,2.080427940618192e-05,2.005510759772733e-05,-0.06699499332596315,-0.06682920455932617,3.141592653589793,3.1414709091186523,-0.0006198867922648787,-0.0005636194837279618,0.00011730147525668144
2.672670602798462,5.0,0.011992187239229679,0.0,9.765624417923391e-05,-3.0,-0.01470214780420065,0.5,-4.809699748875573e-05,-7.812499534338714e-05,-2.1544890842051245e-05,-0.25,0.00020490407769102603,-4.2135417862319306e-05,2.005510759772733e-05,-0.06719196714709606,-0.06682920455932617,3.141592653589793,3.1414709091186523,-0.0018772280309349298,0.0011289024259895086,0.00010557867062743753
2.6774184703826904,5.0,0.011992187239229679,0.0,9.765624417923391e-05,-3.0,-0.01470214780420065,0.5,-4.809699748875573e-05,-7.812499534338714e-05,-2.1544890842051245e-05,-0.25,0.00020490407769102603,1.7370781887626406e-05,2.005510759772733e-05,-0.06700577163969865,-0.06682920455932617,3.141592653589793,3.1414709091186523,-0.0018772280309349298,0.0011289024259895086,0.00010557867062743753
2.681981086730957,5.0,0.011992187239229679,0.0,9.765624417923391e-05,-3.0,-0.01470214780420065,0.5,-0.000156962574692443,-7.812499534338714e-05,0.0001218319739564322,-0.25,0.00034686565049923956,0.0003488369012755717,2.005510759772733e-05,-0.06725743890862225,-0.06682920455932617,3.141592653589793,3.1414709091186523,0.0007917082984931767,0.0026831363793462515,0.0008746081730350852
2.68660569190979,5.0,0.011992187239229679,0.0,9.765624417923391e-05,-3.0,-0.01470214780420065,0.5,-0.000156962574692443,-7.812499534338714e-05,0.0001218319739564322,-0.25,0.00034686565049923956,3.4612746642901314e-05,2.005510759772733e-05,-0.06701883550896309,-0.06682920455932617,3.141592653589793,3.1414709091186523,0.0007917082984931767,0.0026831363793462515,0.0008746081730350852
2.69106125831604,5.0,0.011992187239229679,0.0,9.765624417923391e-05,-3.0,-0.01470214780420065,0.5,-0.000156962574692443,-7.812499534338714e-05,0.0001218319739564322,-0.25,0.00034686565049923956,3.463056507400347e-05,2.005510759772733e-05,-0.06701883550896309,-0.06682920455932617,3.141592653589793,3.1414709091186523,0.000743283424526453,-0.0007804006454534829,0.0002918067912105471
2.695809841156006,5.0,0.011992187239229679,0.0,9.765624417923391e-05,-3.0,-0.01470214780420065,0.5,-4.745349087897921e-06,-7.812499534338714e-05,9.352350753033534e-05,-0.25,0.0007624828722327948,-2.836470655003678e-05,2.005510759772733e-05,-0.06668001648802097,-0.06682920455932617,3.141592653589793,3.1414709091186523,0.000743283424526453,-0.0007804006454534829,0.0002918067912105471
2.7005722522735596,5.0,0.011992187239229679,0.0,9.765624417923391e-05,-3.0,-0.01470214780420065,0.5,-4.745349087897921e-06,-7.812499534338714e-05,9.352350753033534e-05,-0.25,0.0007624828722327948,3.126620006034483e-05,2.005510759772733e-05,-0.06700056944189055,-0.06682920455932617,3.141592653589793,3.1414709091186523,0.000743283424526453,-0.0007804006454534829,0.0002918067912105471
2.705364942550659,5.0,0.011992187239229679,0.0,9.765624417923391e-05,-3.0,-0.01470214780420065,0.5,-4.853501741308719e-05,-7.812499534338714e-05,6.926717469468713e-05,-0.25,0.0007646643789485097,-2.22415320869054e-05,2.005510759772733e-05,-0.06709719181775717,-0.06682920455932617,3.141592653589793,3.1414709091186523,-8.336496102856472e-05,-0.0003380638954695314,0.0002951970382127911
2.7100226879119873,5.0,0.011992187239229679,0.0,9.765624417923391e-05,-3.0,-0.01470214780420065,0.5,-4.853501741308719e-05,-7.812499534338714e-05,6.926717469468713e-05,-0.25,0.0007646643789485097,2.838329852439811e-05,2.005510759772733e-05,-0.06700582420208956,-0.06682920455932617,3.141592653589793,3.1414709091186523,-0.00016604115080554038,-0.0003496323770377785,0.00027154452982358634
2.7148327827453613,5.0,0.011992187239229679,0.0,9.765624417923391e-05,-3.0,-0.01470214780420065,0.5,-2.9771663321298547e-05,-7.812499534338714e-05,5.543077350012027e-05,-0.25,0.0009201967623084784,-2.0295610161541397e-06,2.005510759772733e-05,-0.06696456431651522,-0.06682920455932617,3.141592653589793,3.1414709091186523,-0.00016604115080554038,-0.0003496323770377785,0.00027154452982358634
2.719672918319702,5.0,0.011992187239229679,0.0,9.765624417923391e-05,-3.0,-0.01470214780420065,0.5,-2.9771663321298547e-05,-7.812499534338714e-05,5.543077350012027e-05,-0.25,0.0009201967623084784,2.674870725988247e-05,1.6811272871564142e-05,-0.06700357259959855,-0.06679379194974899,3.141592653589793,3.141491174697876,0.0013341933954507113,0.0041596852242946625,0.0010786487255245447
2.7244925498962402,5.0,0.011992187239229679,0.0,0.00010742187441792339,-3.0,-0.01469726487994194,0.5,-0.0008320155320689082,-0.0002885594237127026,0.0017720566829666495,-0.25,0.0001228666224051267,0.004256550689403412,1.6811272871564142e-05,-0.06876437546150524,-0.06679379194974899,3.141592653589793,3.141491174697876,0.0013341933954507113,0.0041596852242946625,0.0010786487255245447
2.729192018508911,5.0,0.011992187239229679,0.0,0.00010742187441792339,-3.0,-0.01469726487994194,0.5,-0.0008320155320689082,-8.593749953433871e-05,0.0017720566829666495,-0.25,0.0001228666224051267,-0.0001971046475112741,4.082445229869336e-05,-0.06709984186384826,-0.06679093837738037,3.141592653589793,3.141476631164551,0.0023336498998105526,0.003424838650971651,0.011334339156746864
2.733992338180542,5.0,0.011992187239229679,0.0,0.00010742187441792339,-3.0,-0.01469726487994194,0.5,-0.0008320155320689082,-8.593749953433871e-05,0.0017720566829666495,-0.25,0.0001228666224051267,0.00023423295613522212,4.082445229869336e-05,-0.06709984186384826,-0.06679093837738037,3.141592653589793,3.141476631164551,0.0023336498998105526,0.003424838650971651,0.011334339156746864
2.7386724948883057,5.0,0.011992187239229679,0.0,9.765624417923391e-05,-3.0,-0.01469726487994194,0.5,1.7853453755378723e-05,0.00013053533054890147,-5.713382051908411e-05,-0.25,0.0003923773765563965,-0.004382193350732363,4.046301455673529e-06,-0.06518195901870333,-0.06677340716123581,3.141592653589793,3.141465663909912,-0.001687439507804811,-0.000811066827736795,0.00034833099925890565
2.7433512210845947,5.0,0.011992187239229679,0.0,9.765624417923391e-05,-3.0,-0.01469726487994194,0.5,1.7853453755378723e-05,-7.812499534338714e-05,-5.713382051908411e-05,-0.25,0.0003923773765563965,0.00045975377632403243,4.046301455673529e-06,-0.06699785758554935,-0.06677340716123581,3.141592653589793,3.141465663909912,-0.001687439507804811,-0.000811066827736795,0.00034833099925890565
2.747917413711548,5.0,0.011992187239229679,0.0,9.765624417923391e-05,-3.0,-0.01469726487994194,0.5,3.467246642685495e-05,-7.812499534338714e-05,-0.00011436918430263177,-0.25,0.0001413142599631101,-0.00011844048542323324,4.046301455673529e-06,-0.06695900552576853,-0.06677340716123581,3.141592653589793,3.141465663909912,-0.0038511776365339756,-0.001152550452388823,0.00016603435506112874
2.7527055740356445,5.0,0.011992187239229679,0.0,9.765624417923391e-05,-3.0,-0.01469726487994194,0.5,3.467246642685495e-05,-7.812499534338714e-05,-0.00011436918430263177,-0.25,0.0001413142599631101,6.901968559741816e-06,4.046301455673529e-06,-0.06699583930402878,-0.06677340716123581,3.141592653589793,3.141465663909912,-0.0066243563778698444,-0.0036287119146436453,0.00014388735871762037
2.757533550262451,5.0,0.011992187239229679,0.0,9.765624417923391e-05,-3.0,-0.01469726487994194,0.5,0.00010154354822589085,-7.812499534338714e-05,9.9591907201102e-06,-0.25,-0.00021283030218910426,0.0002793464224710218,4.046301455673529e-06,-0.06684930729476893,-0.06677340716123581,3.141592653589793,3.141465663909912,-0.0066243563778698444,-0.0036287119146436453,0.00014388735871762037
2.762157440185547,5.0,0.011992187239229679,0.0,9.765624417923391e-05,-3.0,-0.01469726487994194,0.5,0.00010154354822589085,-7.812499534338714e-05,9.9591907201102e-06,-0.25,-0.00021283030218910426,2.1838024761202755e-05,4.046301455673529e-06,-0.0669878147742129,-0.06677340716123581,3.141592653589793,3.141465663909912,-0.00036086919135414064,-0.003294303547590971,0.00033995253033936024
2.7669053077697754,5.0,0.011992187239229679,0.0,9.765624417923391e-05,-3.0,-0.01469726487994194,0.5,0.00010154354822589085,-7.812499534338714e-05,9.9591907201102e-06,-0.25,-0.00021283030218910426,2.1846389002236636e-05,4.046301455673529e-06,-0.0669878147742129,-0.06677340716123581,3.141592653589793,3.141465663909912,-0.00036086919135414064,-0.003294303547590971,0.00033995253033936024
2.771693468093872,5.0,0.011992187239229679,0.0,9.765624417923391e-05,-3.0,-0.01469726487994194,0.5,0.0001224055449711159,-7.812499534338714e-05,-1.4882704817864578e-05,-0.25,-0.00027340531232766807,-3.3010503117150904e-05,4.046301455673529e-06,-0.06694174137175106,-0.06677340716123581,3.141592653589793,3.141465663909912,-0.0006418534321710467,-0.003290036227554083,0.00034968575346283615
2.7765512466430664,5.0,0.011992187239229679,0.0,9.765624417923391e-05,-3.0,-0.01469726487994194,0.5,0.0001224055449711159,-7.812499534338714e-05,-1.4882704817864578e-05,-0.25,-0.00027340531232766807,1.8877562163051985e-05,4.046301455673529e-06,-0.06698531133460346,-0.06677340716123581,3.141592653589793,3.141465663909912,-0.0006418534321710467,-0.003290036227554083,0.00034968575346283615
2.7813613414764404,5.0,0.011992187239229679,0.0,9.765624417923391e-05,-3.0,-0.01469726487994194,0.5,0.00010322600428480655,-7.812499534338714e-05,1.437106493540341e-05,-0.25,-0.00021770238527096808,8.32143618961528e-05,4.046301455673529e-06,-0.06702748639830552,-0.06677340716123581,3.141592653589793,3.141465663909912,0.0006559210014529526,-0.0012841495918110013,0.0009587321546860039
2.78604793548584,5.0,0.011992187239229679,0.0,9.765624417923391e-05,-3.0,-0.01469726487994194,0.5,0.00010322600428480655,-7.812499534338714e-05,1.437106493540341e-05,-0.25,-0.00021770238527096808,2.2405582659517144e-05,4.046301455673529e-06,-0.06698761287948582,-0.06677340716123581,3.141592653589793,3.141465663909912,0.0006559210014529526,-0.0012841495918110013,0.0009587321546860039
2.790811061859131,5.0,0.011992187239229679,0.0,9.765624417923391e-05,-3.0,-0.01470214780420065,0.5,-0.00027938649873249233,-7.812499534338714e-05,-0.00223885802552104,-0.25,-0.0008412837632931769,-0.0049787552628633575,1.490503655077191e-05,-0.06783680656397818,-0.06680905073881149,3.141592653589793,3.141421318054199,-0.009822621010243893,-0.009351678192615509,-0.0019159771036356688
2.7955503463745117,5.0,0.011992187239229679,0.0,9.765624417923391e-05,-3.0,-0.01470214780420065,0.5,-0.00027938649873249233,-7.812499534338714e-05,-0.00223885802552104,-0.25,-0.0008412837632931769,-0.00024839255165672546,1.490503655077191e-05,-0.0670335263798479,-0.06680905073881149,3.141592653589793,3.141421318054199,-0.009822621010243893,-0.009351678192615509,-0.0019159771036356688
2.800286054611206,5.0,0.011992187239229679,0.0,9.765624417923391e-05,-3.0,-0.01470214780420065,0.5,9.650990250520408e-05,-7.812499534338714e-05,-3.6633293802879052e-06,-0.25,-4.776716014021076e-05,0.004739712029888856,1.490503655077191e-05,-0.06619466974091606,-0.06680905073881149,3.141592653589793,3.141421318054199,-0.0004115651536267251,-0.002203840296715498,3.33377429342363e-05
2.805081367492676,5.0,0.011992187239229679,0.0,9.765624417923391e-05,-3.0,-0.01470214780420065,0.5,9.650990250520408e-05,-7.812499534338714e-05,-3.6633293802879052e-06,-0.25,-4.776716014021076e-05,1.9845005794380482e-05,1.490503655077191e-05,-0.06698841881169937,-0.06680905073881149,3.141592653589793,3.141421318054199,-0.0004115651536267251,-0.002203840296715498,3.33377429342363e-05
2.8097596168518066,5.0,0.011992187239229679,0.0,9.765624417923391e-05,-3.0,-0.01470214780420065,0.5,9.650990250520408e-05,-7.812499534338714e-05,-3.6633293802879052e-06,-0.25,-4.776716014021076e-05,1.9851972799201917e-05,1.490503655077191e-05,-0.06698841881169937,-0.06680905073881149,3.141592653589793,3.141421318054199,-0.00034500545007176697,-0.0024982078466564417,0.0002893050841521472
2.8145534992218018,5.0,0.011992187239229679,0.0,9.765624417923391e-05,-3.0,-0.01470214780420065,0.5,0.00010365798516431823,-7.812499534338714e-05,2.7431682610767893e-05,-0.25,-0.00021301030938047916,8.845743924815504e-05,1.490503655077191e-05,-0.06697265019894472,-0.06680905073881149,3.141592653589793,3.141421318054199,-0.00034500545007176697,-0.0024982078466564417,0.0002893050841521472
2.8192410469055176,5.0,0.011992187239229679,0.0,9.765624417923391e-05,-3.0,-0.01470214780420065,0.5,0.00010365798516431823,-7.812499534338714e-05,2.7431682610767893e-05,-0.25,-0.00021301030938047916,2.36033908033031e-05,1.490503655077191e-05,-0.06698756104178027,-0.06680905073881149,3.141592653589793,3.141421318054199,0.0008966622408479452,-0.002613126765936613,0.0010068219853565097
2.8239328861236572,5.0,0.011992187239229679,0.0,9.765624417923391e-05,-3.0,-0.01470214780420065,0.5,9.850904461927712e-05,-7.812499534338714e-05,4.040579733555205e-05,-0.25,-0.0002321565116290003,5.28239206034508e-05,1.490503655077191e-05,-0.06699915316228215,-0.06680905073881149,3.141592653589793,3.141421318054199,0.0008966622408479452,-0.002613126765936613,0.0010068219853565097
2.828644275665283,5.0,0.011992187239229679,0.0,9.765624417923391e-05,-3.0,-0.01470214780420065,0.5,9.850904461927712e-05,-7.812499534338714e-05,4.040579733555205e-05,-0.25,-0.0002321565116290003,2.5182576013449927e-05,1.490503655077191e-05,-0.06698817891464567,-0.06680905073881149,3.141592653589793,3.141421318054199,-0.0001074693282134831,-0.0027881055139005184,0.00033314089523628354
2.833404302597046,5.0,0.011992187239229679,0.0,9.765624417923391e-05,-3.0,-0.01470214780420065,0.5,5.855876952409744e-05,-7.812499534338714e-05,2.9577407985925674e-05,-0.25,-0.00013870596012566239,1.1448342072369978e-06,1.490503655077191e-05,-0.06707690162215388,-0.06680905073881149,3.141592653589793,3.141421318054199,-0.0003602402575779706,-0.001912634470500052,0.00032515195198357105
2.8381168842315674,5.0,0.011992187239229679,0.0,9.765624417923391e-05,-3.0,-0.01470214780420065,0.5,5.855876952409744e-05,-7.812499534338714e-05,2.9577407985925674e-05,-0.25,-0.00013870596012566239,2.3903573745662496e-05,1.490503655077191e-05,-0.0669929729476571,-0.06680905073881149,3.141592653589793,3.141421318054199,-0.0003602402575779706,-0.001912634470500052,0.00032515195198357105
2.842834949493408,5.0,0.011992187239229679,0.0,9.765624417923391e-05,-3.0,-0.01470214780420065,0.5,5.855876952409744e-05,-7.812499534338714e-05,2.9577407985925674e-05,-0.25,-0.00013870596012566239,2.391373668501779e-05,1.490503655077191e-05,-0.0669929729476571,-0.06680905073881149,3.141592653589793,3.141421318054199,-0.0003997873282060027,-0.0006831486243754625,0.0002776330802589655
2.847527503967285,5.0,0.011992187239229679,0.0,9.765624417923391e-05,-3.0,-0.01470214780420065,0.5,8.437819815299008e-06,-7.812499534338714e-05,2.3814887754269876e-05,-0.25,-2.551555553509388e-05,1.095166645134975e-05,1.490503655077191e-05,-0.06710579698293474,-0.06680905073881149,3.141592653589793,3.141421318054199,-0.0003997873282060027,-0.0006831486243754625,0.0002776330802589655
2.8520190715789795,5.0,0.011992187239229679,0.0,9.765624417923391e-05,-3.0,-0.01470214780420065,0.5,8.437819815299008e-06,-7.812499534338714e-05,2.3814887754269876e-05,-0.25,-2.551555553509388e-05,2.324095882385425e-05,1.490503655077191e-05,-0.06699898746162217,-0.06680905073881149,3.141592653589793,3.141421318054199,0.0010165347484871745,0.0010901769855991006,0.0009525930508971214
2.856673240661621,5.0,0.011992187239229679,0.0,9.765624417923391e-05,-3.0,-0.01470214780420065,0.5,-3.0295923352241516e-06,-7.812499534338714e-05,-7.536965131293982e-05,-0.25,0.00026147125754505396,-0.00020176994477999894,1.490503655077191e-05,-0.06702500256171112,-0.06680905073881149,3.141592653589793,3.141421318054199,0.0010165347484871745,0.0010901769855991006,0.0009525930508971214
2.8614342212677,5.0,0.011992187239229679,0.0,9.765624417923391e-05,-3.0,-0.01470214780420065,0.5,-3.0295923352241516e-06,-7.812499534338714e-05,-7.536965131293982e-05,-0.25,0.00026147125754505396,1.1339332975318898e-05,1.490503655077191e-05,-0.06700036355108022,-0.06680905073881149,3.141592653589793,3.141421318054199,-0.0032805928494781256,0.000600436411332339,0.00012458635319489986
2.8662490844726562,5.0,0.011992187239229679,0.0,9.765624417923391e-05,-3.0,-0.01470214780420065,0.5,-1.4315098269435111e-05,-7.812499534338714e-05,1.5782816262799315e-05,-0.25,0.00036975264083594084,0.00021160143291369083,1.490503655077191e-05,-0.06702515670393489,-0.06680905073881149,3.141592653589793,3.141421318054199,-0.0032805928494781256,0.000600436411332339,0.00012458635319489986
2.870612382888794,5.0,0.011992187239229679,0.0,9.765624417923391e-05,-3.0,-0.01470214780420065,0.5,-1.4315098269435111e-05,-7.812499534338714e-05,1.5782816262799315e-05,-0.25,0.00036975264083594084,2.229486710585569e-05,1.490503655077191e-05,-0.06700171781179233,-0.06680905073881149,3.141592653589793,3.141421318054199,-0.00042552867671474814,-1.3426415534922853e-06,8.243152842624113e-05
2.875434398651123,5.0,0.011992187239229679,0.0,9.765624417923391e-05,-3.0,-0.01470214780420065,0.5,-1.4315098269435111e-05,-7.812499534338714e-05,1.5782816262799315e-05,-0.25,0.00036975264083594084,2.2303923604811107e-05,1.490503655077191e-05,-0.06700171781179233,-0.06680905073881149,3.141592653589793,3.141421318054199,-0.00042552867671474814,-1.3426415534922853e-06,8.243152842624113e-05
2.8804798126220703,5.0,0.011992187239229679,0.0,9.765624417923391e-05,-3.0,-0.01470214780420065,0.5,-1.2711323506664485e-05,-7.812499534338714e-05,6.777048042749811e-07,-0.25,0.0004458653857000172,-9.439037429595528e-06,1.490503655077191e-05,-0.06699834668057555,-0.06680905073881149,3.141592653589793,3.141421318054199,-0.00022760313004255295,-0.00014082166308071464,1.2823741599277128e-05
2.885293483734131,5.0,0.011992187239229679,0.0,9.765624417923391e-05,-3.0,-0.01470214780420065,0.5,-1.2711323506664485e-05,-7.812499534338714e-05,6.777048042749811e-07,-0.25,0.0004458653857000172,2.050684868029872e-05,1.490503655077191e-05,-0.0670015253588208,-0.06680905073881149,3.141592653589793,3.141421318054199,-0.00022760313004255295,-0.00014082166308071464,1.2823741599277128e-05
2.889883041381836,5.0,0.011992187239229679,0.0,9.765624417923391e-05,-3.0,-0.01470214780420065,0.5,1.5710367733845487e-05,-7.812499534338714e-05,5.03798364661634e-05,-0.25,0.0006297313957475126,0.00013477684795028575,1.490503655077191e-05,-0.06693618789184243,-0.06680905073881149,3.141592653589793,3.141421318054199,-0.0005958570400252938,-0.0010266014141961932,0.0003136847517453134
2.8948683738708496,5.0,0.011992187239229679,0.0,9.765624417923391e-05,-3.0,-0.01470214780420065,0.5,1.5710367733845487e-05,-7.812499534338714e-05,5.03798364661634e-05,-0.25,0.0006297313957475126,2.649571287265761e-05,1.490503655077191e-05,-0.06699811475587195,-0.06680905073881149,3.141592653589793,3.141421318054199,-0.0005958570400252938,-0.0010266014141961932,0.0003136847517453134
2.8997514247894287,5.0,0.011992187239229679,0.0,9.765624417923391e-05,-3.0,-0.01470214780420065,0.5,-1.3979077266412787e-05,-7.812499534338714e-05,4.8790367145556957e-05,-0.25,0.0005997776752337813,2.3062297008301874e-05,1.490503655077191e-05,-0.06706247850383296,-0.06680905073881149,3.141592653589793,3.141421318054199,-0.00047747837379574776,-0.00036654516588896513,0.00035917063360102475
2.904453992843628,5.0,0.011992187239229679,0.0,9.765624417923391e-05,-3.0,-0.01470214780420065,0.5,-1.3979077266412787e-05,-7.812499534338714e-05,4.8790367145556957e-05,-0.25,0.0005997776752337813,2.632930780031706e-05,1.490503655077191e-05,-0.06700167748927197,-0.06680905073881149,3.141592653589793,3.141421318054199,-0.00047747837379574776,-0.00036654516588896513,0.00035917063360102475
2.909221887588501,5.0,0.011992187239229679,0.0,9.765624417923391e-05,-3.0,-0.01470214780420065,0.5,-2.5151966838166118e-05,-7.812499534338714e-05,3.461574306129478e-05,-0.25,0.0006124782375991344,-5.090210549287441e-06,1.490503655077191e-05,-0.06702645182709087,-0.06680905073881149,3.141592653589793,3.141421318054199,-0.002862019697204232,-0.00019738194532692432,0.00047010835260152817
2.9138343334198,5.0,0.011992187239229679,0.0,9.765624417923391e-05,-3.0,-0.01470214780420065,0.5,-2.5151966838166118e-05,-7.812499534338714e-05,3.461574306129478e-05,-0.25,0.0006124782375991344,2.46495038406665e-05,1.490503655077191e-05,-0.06700301823602058,-0.06680905073881149,3.141592653589793,3.141421318054199,-0.002862019697204232,-0.00019738194532692432,0.00047010835260152817
2.91862416267395,5.0,0.011992187239229679,0.0,9.765624417923391e-05,-3.0,-0.01470214780420065,0.5,-2.5151966838166118e-05,-7.812499534338714e-05,3.461574306129478e-05,-0.25,0.0006124782375991344,2.4660304018405405e-05,1.490503655077191e-05,-0.06700301823602058,-0.06680905073881149,3.141592653589793,3.141421318054199,-0.002154420129954815,6.957037840038538e-05,0.0004162397817708552
2.9231905937194824,5.0,0.011992187239229679,0.0,9.765624417923391e-05,-3.0,-0.01469726487994194,0.5,-0.00013752482482232153,-7.812499534338714e-05,-4.853064092458226e-05,-0.25,0.0003668713616207242,-0.0001673963276070668,1.490503655077191e-05,-0.06726258762772007,-0.06680905073881149,3.141592653589793,3.141421318054199,-0.002154420129954815,6.957037840038538e-05,0.0004162397817708552
2.9281961917877197,5.0,0.011992187239229679,0.0,9.765624417923391e-05,-3.0,-0.01469726487994194,0.5,-0.00013752482482232153,-7.812499534338714e-05,-4.853064092458226e-05,-0.25,0.0003668713616207242,1.468840350054216e-05,2.0446419512154534e-05,-0.06701650297897868,-0.06681346148252487,3.141592653589793,3.141461133956909,-0.0004163555277045816,0.0012716450728476048,1.5996409274521284e-05
2.9330461025238037,5.0,0.011992187239229679,0.0,9.765624417923391e-05,-3.0,-0.01469726487994194,0.5,-4.5861936087021604e-05,-7.812499534338714e-05,-9.106924699153751e-05,-0.25,0.0004994595074094832,-7.812756521221685e-05,2.0446419512154534e-05,-0.06681650430693765,-0.06681346148252487,3.141592653589793,3.141461133956909,-0.0018609713297337294,0.00017216223932337016,0.00031192536698654294
2.9377403259277344,5.0,0.011992187239229679,0.0,9.765624417923391e-05,-3.0,-0.01469726487994194,0.5,-4.5861936087021604e-05,-7.812499534338714e-05,-9.106924699153751e-05,-0.25,0.0004994595074094832,9.581299939026089e-06,2.0446419512154534e-05,-0.06700550343233044,-0.06681346148252487,3.141592653589793,3.141461133956909,-0.0018609713297337294,0.00017216223932337016,0.00031192536698654294
2.942486047744751,5.0,0.011992187239229679,0.0,9.765624417923391e-05,-3.0,-0.01469726487994194,0.5,-3.2288207876263186e-05,-7.812499534338714e-05,-0.0001039712005876936,-0.25,0.0004890370182693005,9.580071342677056e-06,2.0446419512154534e-05,-0.06700550343233044,-0.06681346148252487,3.141592653589793,3.141461133956909,-0.0036390521563589573,7.979778456501663e-05,0.00016514035814907402
2.9471778869628906,5.0,0.011992187239229679,0.0,9.765624417923391e-05,-3.0,-0.01469726487994194,0.5,-3.2288207876263186e-05,-7.812499534338714e-05,-0.0001039712005876936,-0.25,0.0004890370182693005,-1.9469300531222768e-05,2.0446419512154534e-05,-0.06697494407906104,-0.06681346148252487,3.141592653589793,3.141461133956909,-0.0036390521563589573,7.979778456501663e-05,0.00016514035814907402
2.951514482498169,5.0,0.011992187239229679,0.0,9.765624417923391e-05,-3.0,-0.01469726487994194,0.5,-3.2288207876263186e-05,-7.812499534338714e-05,-0.0001039712005876936,-0.25,0.0004890370182693005,8.027169895584891e-06,2.0446419512154534e-05,-0.06700387458494514,-0.06681346148252487,3.141592653589793,3.141461133956909,0.0015271671582013369,0.0018718153005465865,0.0010963272070512176
2.955925464630127,5.0,0.011992187239229679,0.0,9.765624417923391e-05,-3.0,-0.01469726487994194,0.5,-0.00011020056990673766,-7.812499534338714e-05,-0.0019611455500125885,-0.25,0.0002415573544567451,-0.0044253419083474625,2.0446419512154534e-05,-0.06718985675403491,-0.06681346148252487,3.141592653589793,3.141461133956909,0.0015271671582013369,0.0018718153005465865,0.0010963272070512176
2.9607291221618652,5.0,0.011992187239229679,0.0,9.765624417923391e-05,-3.0,-0.01469726487994194,0.5,-0.00011020056990673766,-7.812499534338714e-05,-0.0019611455500125885,-0.25,0.0002415573544567451,-0.0002151807791532147,2.0446419512154534e-05,-0.0670132240683888,-0.06681346148252487,3.141592653589793,3.141461133956909,0.0009131815750151873,-0.0008409444126300514,0.00024713657330721617
2.9654622077941895,5.0,0.011992187239229679,0.0,9.765624417923391e-05,-3.0,-0.01469726487994194,0.5,-5.1807610361720435e-06,-7.812499534338714e-05,-8.212497050408274e-05,-0.25,0.0002759099006652832,0.003980270852703836,2.0446419512154534e-05,-0.06677873724420312,-0.06681346148252487,3.141592653589793,3.141461133956909,0.0009131815750151873,-0.0008409444126300514,0.00024713657330721617
2.970248222351074,5.0,0.011992187239229679,0.0,9.765624417923391e-05,-3.0,-0.01469726487994194,0.5,-5.1807610361720435e-06,-7.812499534338714e-05,-8.212497050408274e-05,-0.25,0.0002759099006652832,1.0300928864519808e-05,2.0446419512154534e-05,-0.06700062169132434,-0.06681346148252487,3.141592653589793,3.141461133956909,-0.0031584620010107756,-0.00030964764300733805,0.0001360563765047118
2.975064992904663,5.0,0.011992187239229679,0.0,9.765624417923391e-05,-3.0,-0.01469726487994194,0.5,-5.1807610361720435e-06,-7.812499534338714e-05,-8.212497050408274e-05,-0.25,0.0002759099006652832,1.0300543525268426e-05,2.0446419512154534e-05,-0.06700062169132434,-0.06681346148252487,3.141592653589793,3.141461133956909,-0.0031584620010107756,-0.00030964764300733805,0.0001360563765047118
2.9796862602233887,5.0,0.011992187239229679,0.0,9.765624417923391e-05,-3.0,-0.01469726487994194,0.5,5.1267667004140094e-05,-7.812499534338714e-05,2.0138364561717026e-05,-0.25,0.00013292311632540077,0.00024386973389414434,2.0446419512154534e-05,-0.06687169864221344,-0.06681346148252487,3.141592653589793,3.141461133956909,2.1693194867111742e-05,-0.0013647094601765275,7.36457877792418e-05
2.9843170642852783,5.0,0.011992187239229679,0.0,9.765624417923391e-05,-3.0,-0.01469726487994194,0.5,5.1267667004140094e-05,-7.812499534338714e-05,2.0138364561717026e-05,-0.25,0.00013292311632540077,2.259032652556322e-05,2.0446419512154534e-05,-0.0669938478799595,-0.06681346148252487,3.141592653589793,3.141461133956909,2.1693194867111742e-05,-0.0013647094601765275,7.36457877792418e-05
2.9891486167907715,5.0,0.011992187239229679,0.0,9.765624417923391e-05,-3.0,-0.01469726487994194,0.5,0.00010287437180522829,-7.812499534338714e-05,-0.0002988580090459436,-0.25,5.982577567920089e-05,-0.0006759463270662944,2.0446419512154534e-05,-0.06688084322817191,-0.06681346148252487,3.141592653589793,3.141461133956909,-0.00026495143538340926,-0.0017238813452422619,-9.511983807897195e-05
2.9939048290252686,5.0,0.011992187239229679,0.0,9.765624417923391e-05,-3.0,-0.01469726487994194,0.5,0.00010287437180522829,-7.812499534338714e-05,-0.0002988580090459436,-0.25,5.982577567920089e-05,-1.5731565031470636e-05,2.0446419512154534e-05,-0.06698765507538337,-0.06681346148252487,3.141592653589793,3.141461133956909,-0.00026495143538340926,-0.0017238813452422619,-9.511983807897195e-05
2.998572826385498,5.0,0.011992187239229679,0.0,9.765624417923391e-05,-3.0,-0.01469726487994194,0.5,8.690162940183654e-05,-7.812499534338714e-05,3.210296927136369e-05,-0.25,-0.00018694638856686652,0.0007329939692868725,2.0446419512154534e-05,-0.06702378935253528,-0.06681346148252487,3.141592653589793,3.141461133956909,-0.0003112328995484859,-0.002466320525854826,0.0003162774082738906
3.0032975673675537,5.0,0.011992187239229679,0.0,9.765624417923391e-05,-3.0,-0.01469726487994194,0.5,8.690162940183654e-05,-7.812499534338714e-05,3.210296927136369e-05,-0.25,-0.00018694638856686652,2.4004459215198815e-05,2.0446419512154534e-05,-0.06698957180447178,-0.06681346148252487,3.141592653589793,3.141461133956909,-0.0003112328995484859,-0.002466320525854826,0.0003162774082738906
3.0078911781311035,5.0,0.011992187239229679,0.0,9.765624417923391e-05,-3.0,-0.01469726487994194,0.5,7.921211363282055e-05,-7.812499534338714e-05,3.312017361167818e-05,-0.25,-0.00017637014389038086,2.635113356771173e-05,2.0446419512154534e-05,-0.06700723413568675,-0.06681346148252487,3.141592653589793,3.141461133956909,-0.0005501311388798058,-0.0025107243563979864,0.0003057685971725732
3.012622356414795,5.0,0.011992187239229679,0.0,9.765624417923391e-05,-3.0,-0.01469726487994194,0.5,7.921211363282055e-05,-7.812499534338714e-05,3.312017361167818e-05,-0.25,-0.00017637014389038086,2.4147270490697167e-05,2.0446419512154534e-05,-0.06699049454636405,-0.06681346148252487,3.141592653589793,3.141461133956909,-0.0005626360652968287,-0.0022025664802640676,0.0003341295523568988
3.0172791481018066,5.0,0.011992187239229679,0.0,9.765624417923391e-05,-3.0,-0.01469726487994194,0.5,5.583632446359843e-05,-7.812499534338714e-05,-0.0001975900086108595,-0.25,-7.450580596923828e-07,-0.0004989763971905582,2.0446419512154534e-05,-0.06704349683849199,-0.06681346148252487,3.141592653589793,3.141461133956909,-0.0005626360652968287,-0.0022025664802640676,0.0003341295523568988
3.022031784057617,5.0,0.011992187239229679,0.0,9.765624417923391e-05,-3.0,-0.01469726487994194,0.5,5.583632446359843e-05,-7.812499534338714e-05,-0.0001975900086108595,-0.25,-7.450580596923828e-07,-3.560433323971138e-06,2.0446419512154534e-05,-0.06699329964106437,-0.06681346148252487,3.141592653589793,3.141461133956909,0.00039283602382056415,-0.0006463710451498628,0.0002722366771195084
3.026789903640747,5.0,0.011992187239229679,0.0,9.765624417923391e-05,-3.0,-0.01469726487994194,0.5,5.583632446359843e-05,-7.812499534338714e-05,-0.0001975900086108595,-0.25,-7.450580596923828e-07,-3.5718019003536743e-06,2.0446419512154534e-05,-0.06699329964106437,-0.06681346148252487,3.141592653589793,3.141461133956909,0.00039283602382056415,-0.0006463710451498628,0.0002722366771195084
3.0315797328948975,5.0,0.011992187239229679,0.0,9.765624417923391e-05,-3.0,-0.01469726487994194,0.5,2.7104950277134776e-05,-7.812499534338714e-05,-1.0370486052124761e-05,-0.25,1.4563798686140217e-05,0.00040976991764257064,2.0446419512154534e-05,-0.0670567315362185,-0.06681346148252487,3.141592653589793,3.141461133956909,-0.0005951934726908803,-0.0003742677508853376,0.00010236063099000603
3.036403179168701,5.0,0.011992187239229679,0.0,9.765624417923391e-05,-3.0,-0.01469726487994194,0.5,2.7104950277134776e-05,-7.812499534338714e-05,-1.0370486052124761e-05,-0.25,1.4563798686140217e-05,1.890756766201606e-05,2.0446419512154534e-05,-0.06699674740596674,-0.06681346148252487,3.141592653589793,3.141461133956909,-0.0005951934726908803,-0.0003742677508853376,0.00010236063099000603
3.040912389755249,5.0,0.011992187239229679,0.0,9.765624417923391e-05,-3.0,-0.01469726487994194,0.5,-3.3419205465179402e-06,-7.812499534338714e-05,-6.61611557006836e-05,-0.25,0.00012014388630632311,-0.00011151225757633705,2.0446419512154534e-05,-0.06706792254058198,-0.06681346148252487,3.141592653589793,3.141461133956909,-0.0006942598265595734,0.0002843012916855514,4.2355382902314886e-05
3.0457406044006348,5.0,0.011992187239229679,0.0,9.765624417923391e-05,-3.0,-0.01469726487994194,0.5,-3.3419205465179402e-06,-7.812499534338714e-05,-6.61611557006836e-05,-0.25,0.00012014388630632311,1.2214921533352013e-05,2.0446419512154534e-05,-0.06700040103046559,-0.06681346148252487,3.141592653589793,3.141461133956909,-0.0006942598265595734,0.0002843012916855514,4.2355382902314886e-05
3.050469160079956,5.0,0.011992187239229679,0.0,9.765624417923391e-05,-3.0,-0.01469726487994194,0.5,-6.503350959974341e-06,-7.812499534338714e-05,-1.1348473890393507e-05,-0.25,0.00014668464427813888,0.00013471720277424766,2.0446419512154534e-05,-0.06700746622888314,-0.06681346148252487,3.141592653589793,3.141461133956909,-0.0004090743022970855,-3.387542528798804e-05,7.669740443816409e-05
3.055248737335205,5.0,0.011992187239229679,0.0,9.765624417923391e-05,-3.0,-0.01469726487994194,0.5,-6.503350959974341e-06,-7.812499534338714e-05,-1.1348473890393507e-05,-0.25,0.00014668464427813888,1.880514175144449e-05,2.0446419512154534e-05,-0.06700078040211518,-0.06681346148252487,3.141592653589793,3.141461133956909,-0.0004090743022970855,-3.387542528798804e-05,7.669740443816409e-05
3.06007981300354,5.0,0.011992187239229679,0.0,9.765624417923391e-05,-3.0,-0.01469726487994194,0.5,2.825394221872557e-05,-7.812499534338714e-05,-1.3769091538051725e-06,-0.25,0.00035473823663778603,4.06496098541783e-05,2.0446419512154534e-05,-0.06692466428002629,-0.06681346148252487,3.141592653589793,3.141461133956909,-0.0002446018625050783,-0.0010058260522782803,4.1849107219604775e-06
3.065023899078369,5.0,0.011992187239229679,0.0,9.765624417923391e-05,-3.0,-0.01469726487994194,0.5,2.825394221872557e-05,-7.812499534338714e-05,-1.3769091538051725e-06,-0.25,0.00035473823663778603,2.0016734018954718e-05,2.0446419512154534e-05,-0.06699660952693376,-0.06681346148252487,3.141592653589793,3.141461133956909,-0.0002446018625050783,-0.0010058260522782803,4.1849107219604775e-06
3.0695676803588867,5.0,0.011992187239229679,0.0,9.765624417923391e-05,-3.0,-0.01469726487994194,0.5,2.825394221872557e-05,-7.812499534338714e-05,-1.3769091538051725e-06,-0.25,0.00035473823663778603,2.0023708549301593e-05,2.0446419512154534e-05,-0.06699660952693376,-0.06681346148252487,3.141592653589793,3.141461133956909,-0.0007052538567222655,-0.00041709435754455626,8.025246643228456e-05
3.074761390686035,5.0,0.011992187239229679,0.0,9.765624417923391e-05,-3.0,-0.01469726487994194,0.5,-2.068698449875228e-05,-7.812499534338714e-05,-5.6543452956248075e-05,-0.25,0.00021039842977188528,-9.281201847829026e-05,2.0446419512154534e-05,-0.06709671358241767,-0.06681346148252487,3.141592653589793,3.141461133956909,-0.0007052538567222655,-0.00041709435754455626,8.025246643228456e-05
3.0794787406921387,5.0,0.011992187239229679,0.0,9.765624417923391e-05,-3.0,-0.01469726487994194,0.5,-6.117895281931851e-06,-7.812499534338714e-05,3.765502469832427e-06,-0.25,0.00025271534104831517,1.3408001212382116e-05,2.0446419512154534e-05,-0.06700248243813985,-0.06681346148252487,3.141592653589793,3.141461133956909,-0.0003639839414972812,-0.00012465934560168535,6.53770548524335e-05
3.084259510040283,5.0,0.011992187239229679,0.0,9.765624417923391e-05,-3.0,-0.01469726487994194,0.5,-6.117895281931851e-06,-7.812499534338714e-05,3.765502469832427e-06,-0.25,0.00025271534104831517,0.00014680196479162951,2.0446419512154534e-05,-0.06697025978618384,-0.06681346148252487,3.141592653589793,3.141461133956909,-0.0003639839414972812,-0.00012465934560168535,6.53770548524335e-05
3.088776111602783,5.0,0.011992187239229679,0.0,9.765624417923391e-05,-3.0,-0.01469726487994194,0.5,-6.117895281931851e-06,-7.812499534338714e-05,3.765502469832427e-06,-0.25,0.00025271534104831517,2.0660303190156312e-05,2.0446419512154534e-05,-0.06700073414743382,-0.06681346148252487,3.141592653589793,3.141461133956909,-0.005251158494502306,-0.0013545252149924636,0.00018109753727912903
3.0938451290130615,5.0,0.011992187239229679,0.0,9.765624417923391e-05,-3.0,-0.01469726487994194,0.5,1.8341950635658577e-05,-7.812499534338714e-05,-1.530869849375449e-05,-0.25,0.00031861901516094804,-1.9251223414940027e-05,2.0446419512154534e-05,-0.06694954534211886,-0.06681346148252487,3.141592653589793,3.141461133956909,-0.000305074208881706,-0.00034295380464755,8.927432645577937e-05
3.09865140914917,5.0,0.011992187239229679,0.0,9.765624417923391e-05,-3.0,-0.01469726487994194,0.5,1.8341950635658577e-05,-7.812499534338714e-05,-1.530869849375449e-05,-0.25,0.00031861901516094804,1.8383805666968927e-05,2.0446419512154534e-05,-0.06699779896592373,-0.06681346148252487,3.141592653589793,3.141461133956909,-0.000305074208881706,-0.00034295380464755,8.927432645577937e-05
3.103487491607666,5.0,0.011992187239229679,0.0,9.765624417923391e-05,-3.0,-0.01469726487994194,0.5,1.389976569043938e-05,-7.812499534338714e-05,2.5270963305956684e-05,-0.25,0.0002754163579083979,0.00010717355985629102,2.0446419512154534e-05,-0.06700751753101818,-0.06681346148252487,3.141592653589793,3.141461133956909,0.00044597501982934773,-0.0005492555792443454,4.354253178462386e-06
3.108083486557007,5.0,0.011992187239229679,0.0,9.765624417923391e-05,-3.0,-0.01469726487994194,0.5,1.389976569043938e-05,-7.812499534338714e-05,2.5270963305956684e-05,-0.25,0.0002754163579083979,2.327286985664703e-05,2.0446419512154534e-05,-0.06699833202811714,-0.06681346148252487,3.141592653589793,3.141461133956909,0.00044597501982934773,-0.0005492555792443454,4.354253178462386e-06
3.1127190589904785,5.0,0.011992187239229679,0.0,9.765624417923391e-05,-3.0,-0.01469726487994194,0.5,-1.8690079741645604e-05,-7.812499534338714e-05,-5.92872966080904e-05,-0.25,0.0001922714727697894,2.3282455845759975e-05,2.0446419512154534e-05,-0.06699833202811714,-0.06681346148252487,3.141592653589793,3.141461133956909,-0.000716306793037802,-0.0005453627672977746,1.8867016478907317e-05
3.117799997329712,5.0,0.011992187239229679,0.0,9.765624417923391e-05,-3.0,-0.01469726487994194,0.5,-1.8690079741645604e-05,-7.812499534338714e-05,-5.92872966080904e-05,-0.25,0.0001922714727697894,-0.00015328514831522,2.0446419512154534e-05,-0.06706638420089514,-0.06681346148252487,3.141592653589793,3.141461133956909,-0.000716306793037802,-0.0005453627672977746,1.8867016478907317e-05
3.122814178466797,5.0,0.011992187239229679,0.0,9.765624417923391e-05,-3.0,-0.01469726487994194,0.5,-1.8690079741645604e-05,-7.812499534338714e-05,-5.92872966080904e-05,-0.25,0.0001922714727697894,1.313926803246216e-05,2.0446419512154534e-05,-0.06700224280956898,-0.06681346148252487,3.141592653589793,3.141461133956909,0.0006049178191460669,-0.0014032336184754968,-0.00014616803673561662
3.127262830734253,5.0,0.011992187239229679,0.0,9.765624417923391e-05,-3.0,-0.01469726487994194,0.5,3.511741670081392e-05,-7.812499534338714e-05,2.4404092982877046e-05,-0.25,0.0002270448167109862,0.0002113188720488217,2.0446419512154534e-05,-0.06687483355587263,-0.06681346148252487,3.141592653589793,3.141461133956909,0.0006049178191460669,-0.0014032336184754968,-0.00014616803673561662
3.1317405700683594,5.0,0.011992187239229679,0.0,9.765624417923391e-05,-3.0,-0.01469726487994194,0.5,3.511741670081392e-05,-7.812499534338714e-05,2.4404092982877046e-05,-0.25,0.0002270448167109862,2.3200539079237285e-05,2.0446419512154534e-05,-0.0669957859099959,-0.06681346148252487,3.141592653589793,3.141461133956909,-0.0007911184220574796,-0.0008586940821260214,5.881101969862357e-05
3.1361749172210693,5.0,0.011992187239229679,0.0,9.765624417923391e-05,-3.0,-0.01469726487994194,0.5,1.4488659871858545e-05,-7.812499534338714e-05,-6.0114285588497296e-05,-0.25,0.00010082840890390798,-0.00017753944175104335,2.0446419512154534e-05,-0.06704478175292394,-0.06681346148252487,3.141592653589793,3.141461133956909,-0.0007911184220574796,-0.0008586940821260214,5.881101969862357e-05
3.140662431716919,5.0,0.011992187239229679,0.0,9.765624417923391e-05,-3.0,-0.01469726487994194,0.5,1.4488659871858545e-05,-7.812499534338714e-05,-6.0114285588497296e-05,-0.25,0.00010082840890390798,1.306154743188487e-05,2.0446419512154534e-05,-0.06699826136081538,-0.06681346148252487,3.141592653589793,3.141461133956909,-0.0007538594654761255,-0.0007447798270732164,3.6053785152034834e-05
3.145454168319702,5.0,0.011992187239229679,0.0,9.765624417923391e-05,-3.0,-0.01469726487994194,0.5,1.4488659871858545e-05,-7.812499534338714e-05,-6.0114285588497296e-05,-0.25,0.00010082840890390798,1.3063273483428363e-05,2.0446419512154534e-05,-0.06699826136081538,-0.06681346148252487,3.141592653589793,3.141461133956909,-0.0007538594654761255,-0.0007447798270732164,3.6053785152034834e-05
3.150283098220825,5.0,0.011992187239229679,0.0,9.765624417923391e-05,-3.0,-0.01469726487994194,0.5,1.974671977222897e-05,-7.812499534338714e-05,-5.436421815829817e-06,-0.25,7.791042298777029e-05,0.00013286141054302052,2.0446419512154534e-05,-0.06698674172883402,-0.06681346148252487,3.141592653589793,3.141461133956909,-0.0007168450974859297,-0.0005173326353542507,0.00010698195546865463
3.154862880706787,5.0,0.011992187239229679,0.0,9.765624417923391e-05,-3.0,-0.01469726487994194,0.5,1.974671977222897e-05,-7.812499534338714e-05,-5.436421815829817e-06,-0.25,7.791042298777029e-05,1.9638295253791425e-05,2.0446419512154534e-05,-0.06699763039362733,-0.06681346148252487,3.141592653589793,3.141461133956909,-0.0007168450974859297,-0.0005173326353542507,0.00010698195546865463
3.1595005989074707,5.0,0.011992187239229679,0.0,9.765624417923391e-05,-3.0,-0.01469726487994194,0.5,3.164782901876606e-05,-7.812499534338714e-05,-6.897004823258612e-06,-0.25,6.330728501779959e-05,1.6320275044076845e-05,2.0446419512154534e-05,-0.06697054069866437,-0.06681346148252487,3.141592653589793,3.141461133956909,-0.00026653887471184134,-0.0009466353803873062,2.2768952476326376e-05
3.164283275604248,5.0,0.011992187239229679,0.0,9.765624417923391e-05,-3.0,-0.01469726487994194,0.5,3.164782901876606e-05,-7.812499534338714e-05,-6.897004823258612e-06,-0.25,6.330728501779959e-05,1.9476445208869013e-05,2.0446419512154534e-05,-0.06699620226051775,-0.06681346148252487,3.141592653589793,3.141461133956909,-0.00026653887471184134,-0.0009466353803873062,2.2768952476326376e-05
3.1692209243774414,5.0,0.011992187239229679,0.0,9.765624417923391e-05,-3.0,-0.01469726487994194,0.5,3.110438410658389e-05,-7.812499534338714e-05,-2.047728958132211e-05,-0.25,3.682136593852192e-05,-9.65104155615166e-06,2.0446419512154534e-05,-0.0669973680886677,-0.06681346148252487,3.141592653589793,3.141461133956909,-0.000996770104393363,-0.0007794827106408775,2.3681364837102592e-05
3.1736345291137695,5.0,0.011992187239229679,0.0,9.765624417923391e-05,-3.0,-0.01469726487994194,0.5,3.110438410658389e-05,-7.812499534338714e-05,-2.047728958132211e-05,-0.25,3.682136593852192e-05,1.785759260411786e-05,2.0446419512154534e-05,-0.06699626747390722,-0.06681346148252487,3.141592653589793,3.141461133956909,-0.000996770104393363,-0.0007794827106408775,2.3681364837102592e-05
3.1782429218292236,5.0,0.011992187239229679,0.0,9.765624417923391e-05,-3.0,-0.01469726487994194,0.5,3.110438410658389e-05,-7.812499534338714e-05,-2.047728958132211e-05,-0.25,3.682136593852192e-05,1.786290586946379e-05,2.0446419512154534e-05,-0.06699626747390722,-0.06681346148252487,3.141592653589793,3.141461133956909,-0.0008805838297121227,-0.0006536724977195263,2.9628019547089934e-05
3.1825928688049316,5.0,0.011992187239229679,0.0,9.765624417923391e-05,-3.0,-0.01469726487994194,0.5,2.4884677259251475e-05,-7.812499534338714e-05,-2.4435319573967718e-05,-0.25,5.5024622270138934e-05,8.293582779315428e-06,2.0446419512154534e-05,-0.06701131218967907,-0.06681346148252487,3.141592653589793,3.141461133956909,-0.0008805838297121227,-0.0006536724977195263,2.9628019547089934e-05
3.1873488426208496,5.0,0.011992187239229679,0.0,9.765624417923391e-05,-3.0,-0.01469726487994194,0.5,2.4884677259251475e-05,-7.812499534338714e-05,-2.4435319573967718e-05,-0.25,5.5024622270138934e-05,1.7397720149044005e-05,2.0446419512154534e-05,-0.06699701383872889,-0.06681346148252487,3.141592653589793,3.141461133956909,0.00087134656496346,0.00041373155545443296,0.0009237144258804619
3.1921684741973877,5.0,0.011992187239229679,0.0,9.765624417923391e-05,-3.0,-0.01469726487994194,0.5,1.0877065506065264e-05,-7.812499534338714e-05,-0.00010109257709700614,-0.25,0.00012842535215895623,-0.00015085547539788176,2.0446419512154534e-05,-0.06702775840883322,-0.06681346148252487,3.141592653589793,3.141461133956909,0.00087134656496346,0.00041373155545443296,0.0009237144258804619
3.196718692779541,5.0,0.011992187239229679,0.0,9.765624417923391e-05,-3.0,-0.01469726487994194,0.5,1.0877065506065264e-05,-7.812499534338714e-05,-0.00010109257709700614,-0.25,0.00012842535215895623,8.194545190288617e-06,2.0446419512154534e-05,-0.06699869475213927,-0.06681346148252487,3.141592653589793,3.141461133956909,-0.0002873841149266809,-0.000493800500407815,8.880005043465644e-05
3.2014875411987305,5.0,0.011992187239229679,0.0,9.765624417923391e-05,-3.0,-0.01469726487994194,0.5,1.0877065506065264e-05,-7.812499534338714e-05,-0.00010109257709700614,-0.25,0.00012842535215895623,8.19235461196985e-06,2.0446419512154534e-05,-0.06699869475213927,-0.06681346148252487,3.141592653589793,3.141461133956909,-0.0002873841149266809,-0.000493800500407815,8.880005043465644e-05
3.206221342086792,5.0,0.011992187239229679,0.0,9.765624417923391e-05,-3.0,-0.01469726487994194,0.5,4.923380856780568e-06,-7.812499534338714e-05,-3.8103658880572766e-05,-0.25,0.00010419487807666883,0.00014881684943204003,2.0446419512154534e-05,-0.06701198615896062,-0.06681346148252487,3.141592653589793,3.141461133956909,-0.0014079565880820155,-0.00013063225196674466,3.981796180596575e-05
3.210998058319092,5.0,0.011992187239229679,0.0,9.765624417923391e-05,-3.0,-0.01469726487994194,0.5,4.923380856780568e-06,-7.812499534338714e-05,-3.8103658880572766e-05,-0.25,0.00010419487807666883,1.5758637270054042e-05,2.0446419512154534e-05,-0.06699940919429719,-0.06681346148252487,3.141592653589793,3.141461133956909,-0.0014079565880820155,-0.00013063225196674466,3.981796180596575e-05
3.215651035308838,5.0,0.011992187239229679,0.0,9.765624417923391e-05,-3.0,-0.01469726487994194,0.5,6.048157501936657e-06,-7.812499534338714e-05,-6.583557478734292e-06,-0.25,0.00012585401418618858,8.728950218895189e-05,2.0446419512154534e-05,-0.0669968568941978,-0.06681346148252487,3.141592653589793,3.141461133956909,-0.0007578429067507386,-0.00031124427914619446,9.705330012366176e-05
3.220439910888672,5.0,0.011992187239229679,0.0,9.765624417923391e-05,-3.0,-0.01469726487994194,0.5,6.048157501936657e-06,-7.812499534338714e-05,-6.583557478734292e-06,-0.25,0.00012585401418618858,1.9554559112453336e-05,2.0446419512154534e-05,-0.06699927422109977,-0.06681346148252487,3.141592653589793,3.141461133956909,-0.0007578429067507386,-0.00031124427914619446,9.705330012366176e-05
3.2251062393188477,5.0,0.011992187239229679,0.0,9.765624417923391e-05,-3.0,-0.01469726487994194,0.5,3.0025690648471937e-05,-7.812499534338714e-05,7.865531188144814e-06,-0.25,0.00018423437722958624,5.226105210011821e-05,2.0446419512154534e-05,-0.0669450127646663,-0.06681346148252487,3.141592653589793,3.141461133956909,-0.0017109352629631758,-0.00015662601799704134,-6.026772825862281e-05
3.229660987854004,5.0,0.011992187239229679,0.0,9.765624417923391e-05,-3.0,-0.01469726487994194,0.5,3.0025690648471937e-05,-7.812499534338714e-05,7.865531188144814e-06,-0.25,0.00018423437722958624,2.130430825774756e-05,2.0446419512154534e-05,-0.06699639691712218,-0.06681346148252487,3.141592653589793,3.141461133956909,-0.0006336683291010559,-0.0005819997168146074,9.984651842387393e-05
3.234419584274292,5.0,0.011992187239229679,0.0,9.765624417923391e-05,-3.0,-0.01469726487994194,0.5,1.9610113668022677e-05,-7.812499534338714e-05,-1.8489008652977645e-05,-0.25,0.00011344670929247513,-3.723557196099589e-05,2.0446419512154534e-05,-0.0670195347046881,-0.06681346148252487,3.141592653589793,3.141461133956909,-0.0006336683291010559,-0.0005819997168146074,9.984651842387393e-05
3.2391481399536133,5.0,0.011992187239229679,0.0,9.765624417923391e-05,-3.0,-0.01469726487994194,0.5,1.9610113668022677e-05,-7.812499534338714e-05,-1.8489008652977645e-05,-0.25,0.00011344670929247513,1.8153078990339708e-05,2.0446419512154534e-05,-0.06699764678635983,-0.06681346148252487,3.141592653589793,3.141461133956909,-0.001960153691470623,-0.00042554293759167194,6.59910001559183e-05
3.2439088821411133,5.0,0.011992187239229679,0.0,9.765624417923391e-05,-3.0,-0.01469726487994194,0.5,1.9610113668022677e-05,-7.812499534338714e-05,-1.8489008652977645e-05,-0.25,0.00011344670929247513,1.8158757221494313e-05,2.0446419512154534e-05,-0.06699764678635983,-0.06681346148252487,3.141592653589793,3.141461133956909,-0.001960153691470623,-0.00042554293759167194,6.59910001559183e-05
3.2485415935516357,5.0,0.011992187239229679,0.0,9.765624417923391e-05,-3.0,-0.01469726487994194,0.5,1.574836642248556e-05,-7.812499534338714e-05,7.529953563789604e-06,-0.25,8.993387018563226e-05,7.745254126293762e-05,2.0446419512154534e-05,-0.06700644602121532,-0.06681346148252487,3.141592653589793,3.141461133956909,-0.00046005783951841295,-0.000513342849444598,0.00011242911568842828
3.253354549407959,5.0,0.011992187239229679,0.0,9.765624417923391e-05,-3.0,-0.01469726487994194,0.5,1.574836642248556e-05,-7.812499534338714e-05,7.529953563789604e-06,-0.25,8.993387018563226e-05,2.12972140504491e-05,2.0446419512154534e-05,-0.0669981101960293,-0.06681346148252487,3.141592653589793,3.141461133956909,-0.00046005783951841295,-0.000513342849444598,0.00011242911568842828
3.258495807647705,5.0,0.011992187239229679,0.0,9.765624417923391e-05,-3.0,-0.01469726487994194,0.5,3.169924093526788e-05,-7.812499534338714e-05,-3.6696335882879794e-05,-0.25,4.5195818529464304e-05,2.1306021534685983e-05,2.0446419512154534e-05,-0.0669981101960293,-0.06681346148252487,3.141592653589793,3.141461133956909,-0.0003209946153219789,-0.0012996082659810781,-0.0001154810597654432
3.2634966373443604,5.0,0.011992187239229679,0.0,9.765624417923391e-05,-3.0,-0.01469726487994194,0.5,3.169924093526788e-05,-7.812499534338714e-05,-3.6696335882879794e-05,-0.25,4.5195818529464304e-05,-7.243489321228493e-05,2.0446419512154534e-05,-0.06696429963493879,-0.06681346148252487,3.141592653589793,3.141461133956909,-0.0006979993195272982,-0.0009509588708169758,0.00010573472536634654
3.2682454586029053,5.0,0.011992187239229679,0.0,9.765624417923391e-05,-3.0,-0.01469726487994194,0.5,5.3097159252502024e-05,-7.812499534338714e-05,-3.82446960429661e-05,-0.25,7.324218586290954e-06,1.600694510047129e-05,2.0446419512154534e-05,-0.06699619609108776,-0.06681346148252487,3.141592653589793,3.141461133956909,-0.0006979993195272982,-0.0009509588708169758,0.00010573472536634654
3.273045063018799,5.0,0.011992187239229679,0.0,9.765624417923391e-05,-3.0,-0.01469726487994194,0.5,5.3097159252502024e-05,-7.812499534338714e-05,-3.82446960429661e-05,-0.25,7.324218586290954e-06,1.2598953874140394e-05,2.0446419512154534e-05,-0.06694904567018797,-0.06681346148252487,3.141592653589793,3.141461133956909,-0.0005614172550849617,-0.0011456607608124614,6.30605936748907e-05
3.278045654296875,5.0,0.011992187239229679,0.0,9.765624417923391e-05,-3.0,-0.01469726487994194,0.5,4.451669519767165e-05,-7.812499534338714e-05,-5.665289336320711e-06,-0.25,-2.231359394500032e-05,8.489285463556958e-05,2.0446419512154534e-05,-0.06701181689554979,-0.06681346148252487,3.141592653589793,3.141461133956909,-0.0005614172550849617,-0.0011456607608124614,6.30605936748907e-05
3.282548666000366,5.0,0.011992187239229679,0.0,9.765624417923391e-05,-3.0,-0.01469726487994194,0.5,4.451669519767165e-05,-7.812499534338714e-05,-5.665289336320711e-06,-0.25,-2.231359394500032e-05,1.9748271444832013e-05,2.0446419512154534e-05,-0.06699465799657628,-0.06681346148252487,3.141592653589793,3.141461133956909,-0.0005726985400542617,-0.0011133833322674036,6.434756505768746e-05
3.2872402667999268,5.0,0.011992187239229679,0.0,9.765624417923391e-05,-3.0,-0.01469726487994194,0.5,4.451669519767165e-05,-7.812499534338714e-05,-5.665289336320711e-06,-0.25,-2.231359394500032e-05,1.9755070485124786e-05,2.0446419512154534e-05,-0.06699465799657628,-0.06681346148252487,3.141592653589793,3.141461133956909,-0.0005726985400542617,-0.0011133833322674036,6.434756505768746e-05
3.2923429012298584,5.0,0.011992187239229679,0.0,9.765624417923391e-05,-3.0,-0.01469726487994194,0.5,4.478655682760291e-05,-7.812499534338714e-05,-3.6165991332381964e-05,-0.25,1.8403528883936815e-05,-4.367515298721143e-05,2.0446419512154534e-05,-0.0669940967459188,-0.06681346148252487,3.141592653589793,3.141461133956909,-0.0007281030411832035,-0.0010298126144334674,2.6230820367345586e-05
3.2969727516174316,5.0,0.011992187239229679,0.0,9.765624417923391e-05,-3.0,-0.01469726487994194,0.5,4.478655682760291e-05,-7.812499534338714e-05,-3.6165991332381964e-05,-0.25,1.8403528883936815e-05,1.610315355298733e-05,2.0446419512154534e-05,-0.06699462561318067,-0.06681346148252487,3.141592653589793,3.141461133956909,-0.0007281030411832035,-0.0010298126144334674,2.6230820367345586e-05
3.3017990589141846,5.0,0.011992187239229679,0.0,9.765624417923391e-05,-3.0,-0.01469726487994194,0.5,3.6276167520554736e-05,-7.812499534338714e-05,-3.5095519706374034e-05,-0.25,-1.2838839893447584e-06,1.84537567128708e-05,2.0446419512154534e-05,-0.06701328019483412,-0.06681346148252487,3.141592653589793,3.141461133956909,-0.001074386527761817,-0.0008980708662420511,2.1135943825356662e-05
3.30660080909729,5.0,0.011992187239229679,0.0,9.765624417923391e-05,-3.0,-0.01469726487994194,0.5,3.6276167520554736e-05,-7.812499534338714e-05,-3.5095519706374034e-05,-0.25,-1.2838839893447584e-06,1.623989595340351e-05,2.0446419512154534e-05,-0.06699564685989753,-0.06681346148252487,3.141592653589793,3.141461133956909,-0.0006515533314086497,-0.0007524369866587222,8.65416950546205e-05
3.311349391937256,5.0,0.011992187239229679,0.0,9.765624417923391e-05,-3.0,-0.01469726487994194,0.5,2.7415677323006094e-05,-7.812499534338714e-05,-5.96998943365179e-05,-0.25,3.809809641097672e-05,-3.852502129414024e-05,2.0446419512154534e-05,-0.06701536934926677,-0.06681346148252487,3.141592653589793,3.141461133956909,-0.0006515533314086497,-0.0007524369866587222,8.65416950546205e-05
3.3158881664276123,5.0,0.011992187239229679,0.0,9.765624417923391e-05,-3.0,-0.01469726487994194,0.5,2.7415677323006094e-05,-7.812499534338714e-05,-5.96998943365179e-05,-0.25,3.809809641097672e-05,1.3290793407724207e-05,2.0446419512154534e-05,-0.06699671011872124,-0.06681346148252487,3.141592653589793,3.141461133956909,-0.0006515533314086497,-0.0007524369866587222,8.65416950546205e-05
3.3208134174346924,5.0,0.011992187239229679,0.0,9.765624417923391e-05,-3.0,-0.01469726487994194,0.5,2.7415677323006094e-05,-7.812499534338714e-05,-5.96998943365179e-05,-0.25,3.809809641097672e-05,1.3292608372669998e-05,2.0446419512154534e-05,-0.06699671011872124,-0.06681346148252487,3.141592653589793,3.141461133956909,0.0007967397687025368,7.08949810359627e-05,0.0008808393613435328
3.342924118041992,5.0,0.011992187239229679,0.0,9.765624417923391e-05,-3.0,-0.01469726487994194,0.5,3.464497422100976e-05,-7.812499534338714e-05,-2.8876092983409762e-05,-0.25,4.79340560559649e-05,3.0953914577531946e-05,2.0446419512154534e-05,-0.06699257301113147,-0.06681346148252487,3.141592653589793,3.141461133956909,-0.0008643338223919272,-0.0008209849474951625,2.282212517457083e-05
3.3476781845092773,5.0,0.011992187239229679,0.0,9.765624417923391e-05,-3.0,-0.01469726487994194,0.5,2.562589907029178e-05,-7.812499534338714e-05,-5.834221155964769e-06,-0.25,2.8421878596418537e-05,6.825285193077835e-05,2.0446419512154534e-05,-0.06701589617745808,-0.06681346148252487,3.141592653589793,3.141461133956909,-0.0005926890298724174,-0.0006807552999816835,7.41946860216558e-05
3.3520889282226562,5.0,0.011992187239229679,0.0,9.765624417923391e-05,-3.0,-0.01469726487994194,0.5,2.562589907029178e-05,-7.812499534338714e-05,-5.834221155964769e-06,-0.25,2.8421878596418537e-05,1.9791518333507586e-05,2.0446419512154534e-05,-0.06699692489211156,-0.06681346148252487,3.141592653589793,3.141461133956909,-0.007554184645414352,-0.0021788838785141706,0.0001111798919737339
3.356816291809082,5.0,0.011992187239229679,0.0,9.765624417923391e-05,-3.0,-0.01469726487994194,0.5,4.1223280277336016e-05,-7.812499534338714e-05,-3.017935887328349e-05,-0.25,6.587743700947613e-05,-3.462370504141198e-05,2.0446419512154534e-05,-0.06696205938026915,-0.06681346148252487,3.141592653589793,3.141461133956909,-0.007554184645414352,-0.0021788838785141706,0.0001111798919737339
3.361597776412964,5.0,0.011992187239229679,0.0,9.765624417923391e-05,-3.0,-0.01469726487994194,0.5,4.1223280277336016e-05,-7.812499534338714e-05,-3.017935887328349e-05,-0.25,6.587743700947613e-05,1.6879219963000978e-05,2.0446419512154534e-05,-0.06699505320636671,-0.06681346148252487,3.141592653589793,3.141461133956909,-0.00273517775349319,-0.0012177061289548874,7.066426042001694e-05
3.3660285472869873,5.0,0.011992187239229679,0.0,9.765624417923391e-05,-3.0,-0.01469726487994194,0.5,4.212867497699335e-05,-7.812499534338714e-05,-1.2140591934439726e-05,-0.25,2.9420853024930693e-06,5.976219895919551e-05,2.0446419512154534e-05,-0.0669929011342232,-0.06681346148252487,3.141592653589793,3.141461133956909,-0.00273517775349319,-0.0012177061289548874,7.066426042001694e-05
3.3706471920013428,5.0,0.011992187239229679,0.0,9.765624417923391e-05,-3.0,-0.01469726487994194,0.5,4.212867497699335e-05,-7.812499534338714e-05,-1.2140591934439726e-05,-0.25,2.9420853024930693e-06,1.9055814401438204e-05,2.0446419512154534e-05,-0.06699494455900276,-0.06681346148252487,3.141592653589793,3.141461133956909,-0.0005286590894684196,-0.0010185283608734608,6.579906039405614e-05
3.3753879070281982,5.0,0.011992187239229679,0.0,9.765624417923391e-05,-3.0,-0.01469726487994194,0.5,4.212867497699335e-05,-7.812499534338714e-05,-1.2140591934439726e-05,-0.25,2.9420853024930693e-06,1.9062070666493783e-05,2.0446419512154534e-05,-0.06699494455900276,-0.06681346148252487,3.141592653589793,3.141461133956909,-0.0005286590894684196,-0.0010185283608734608,6.579906039405614e-05
3.38041090965271,5.0,0.011992187239229679,0.0,9.765624417923391e-05,-3.0,-0.01469726487994194,0.5,4.291109507903457e-05,-7.812499534338714e-05,-8.359336788998917e-06,-0.25,-1.1485814866318833e-05,2.7050708045886818e-05,2.0446419512154534e-05,-0.06699329299450485,-0.06681346148252487,3.141592653589793,3.141461133956909,-0.0005575469695031643,-0.0010572078172117472,7.29147286619991e-05
3.385150909423828,5.0,0.011992187239229679,0.0,9.765624417923391e-05,-3.0,-0.01469726487994194,0.5,4.291109507903457e-05,-7.812499534338714e-05,-8.359336788998917e-06,-0.25,-1.1485814866318833e-05,1.9529443729778665e-05,2.0446419512154534e-05,-0.06699485066859051,-0.06681346148252487,3.141592653589793,3.141461133956909,-0.0005575469695031643,-0.0010572078172117472,7.29147286619991e-05
3.389592170715332,5.0,0.011992187239229679,0.0,9.765624417923391e-05,-3.0,-0.01469726487994194,0.5,4.761934178532101e-05,-7.812499534338714e-05,-4.1951581806642935e-05,-0.25,1.3203620255808346e-05,-6.013513558330417e-05,2.0446419512154534e-05,-0.06698368453125483,-0.06681346148252487,3.141592653589793,3.141461133956909,-0.0005575469695031643,-0.0010572078172117472,7.29147286619991e-05
3.394706964492798,5.0,0.011992187239229679,0.0,9.765624417923391e-05,-3.0,-0.01469726487994194,0.5,4.761934178532101e-05,-7.812499534338714e-05,-4.1951581806642935e-05,-0.25,1.3203620255808346e-05,1.5505287830297175e-05,2.0446419512154534e-05,-0.06699428567898576,-0.06681346148252487,3.141592653589793,3.141461133956909,-0.0009147246601060033,-0.0011667152866721153,-8.503582648700103e-06
3.3994803428649902,5.0,0.011992187239229679,0.0,9.765624417923391e-05,-3.0,-0.01469726487994194,0.5,3.98023403249681e-05,-7.812499534338714e-05,-4.961852937412914e-06,-0.25,-1.4674663361802232e-05,9.74427575759475e-05,2.0446419512154534e-05,-0.06701159996435013,-0.06681346148252487,3.141592653589793,3.141461133956909,-0.0006123345228843391,-0.0010541314259171486,6.554932042490691e-05
3.4040539264678955,5.0,0.011992187239229679,0.0,9.765624417923391e-05,-3.0,-0.01469726487994194,0.5,3.98023403249681e-05,-7.812499534338714e-05,-4.961852937412914e-06,-0.25,-1.4674663361802232e-05,1.9957732356805725e-05,2.0446419512154534e-05,-0.066995223719161,-0.06681346148252487,3.141592653589793,3.141461133956909,-0.0006123345228843391,-0.0010541314259171486,6.554932042490691e-05
3.408550262451172,5.0,0.011992187239229679,0.0,9.765624417923391e-05,-3.0,-0.01469726487994194,0.5,4.61683412140701e-05,-7.812499534338714e-05,-2.0455514459172264e-05,-0.25,-1.4817713918091613e-06,-1.6354736871814214e-05,2.0446419512154534e-05,-0.06698030160244092,-0.06681346148252487,3.141592653589793,3.141461133956909,-0.0007449654513038695,-0.0011276069562882185,2.9711227398365736e-05
3.4132275581359863,5.0,0.011992187239229679,0.0,9.765624417923391e-05,-3.0,-0.01469726487994194,0.5,4.61683412140701e-05,-7.812499534338714e-05,-2.0455514459172264e-05,-0.25,-1.4817713918091613e-06,1.810907374571704e-05,2.0446419512154534e-05,-0.0669944597990543,-0.06681346148252487,3.141592653589793,3.141461133956909,-0.0007449654513038695,-0.0011276069562882185,2.9711227398365736e-05
3.417847156524658,5.0,0.011992187239229679,0.0,9.765624417923391e-05,-3.0,-0.01469726487994194,0.5,-1.7727612430462614e-05,-7.812499534338714e-05,0.00014002720126882195,-0.25,-5.645036435453221e-05,1.8114401942536407e-05,2.0446419512154534e-05,-0.0669944597990543,-0.06681346148252487,3.141592653589793,3.141461133956909,-0.0004615738580469042,-0.0009470410295762122,8.206038910429925e-05
3.4225430488586426,5.0,0.011992187239229679,0.0,9.765624417923391e-05,-3.0,-0.01469726487994194,0.5,-1.7727612430462614e-05,-7.812499534338714e-05,0.00014002720126882195,-0.25,-5.645036435453221e-05,0.0003791440837351593,2.0446419512154534e-05,-0.06713819507037379,-0.06681346148252487,3.141592653589793,3.141461133956909,-0.0004615738580469042,-0.0009470410295762122,8.206038910429925e-05
3.4270918369293213,5.0,0.011992187239229679,0.0,9.765624417923391e-05,-3.0,-0.01469726487994194,0.5,-1.7727612430462614e-05,-7.812499534338714e-05,0.00014002720126882195,-0.25,-5.645036435453221e-05,3.7412662776640814e-05,2.0446419512154534e-05,-0.06700212731349164,-0.06681346148252487,3.141592653589793,3.141461133956909,-0.0006542440387420356,-0.001036185654811561,4.992685717297718e-06
3.432145833969116,5.0,0.011992187239229679,0.0,9.765624417923391e-05,-3.0,-0.01469726487994194,0.5,4.2115523683605716e-05,-7.812499534338714e-05,5.422976755653508e-06,-0.25,-2.342343213967979e-05,-0.0002450636178843703,2.0446419512154534e-05,-0.06687653859626931,-0.06681346148252487,3.141592653589793,3.141461133956909,-0.0008612106903456151,-0.0013711958890780807,9.625724487705156e-06
3.4370455741882324,5.0,0.011992187239229679,0.0,9.765624417923391e-05,-3.0,-0.01469726487994194,0.5,4.2115523683605716e-05,-7.812499534338714e-05,5.422976755653508e-06,-0.25,-2.342343213967979e-05,2.1276788126316377e-05,2.0446419512154534e-05,-0.06699494613715797,-0.06681346148252487,3.141592653589793,3.141461133956909,-0.0008612106903456151,-0.0013711958890780807,9.625724487705156e-06
3.441664934158325,5.0,0.011992187239229679,0.0,9.765624417923391e-05,-3.0,-0.01469726487994194,0.5,5.0220711273141205e-05,-7.812499534338714e-05,5.113604402140481e-06,-0.25,-5.223631887929514e-05,2.0577623715418217e-05,2.0446419512154534e-05,-0.06697642738782011,-0.06681346148252487,3.141592653589793,3.141461133956909,-0.0003576727176550776,-0.0012755057541653514,0.00010337852290831506
3.446385383605957,5.0,0.011992187239229679,0.0,9.765624417923391e-05,-3.0,-0.01469726487994194,0.5,5.0220711273141205e-05,-7.812499534338714e-05,5.113604402140481e-06,-0.25,-5.223631887929514e-05,2.125521209705124e-05,2.0446419512154534e-05,-0.06699397351464723,-0.06681346148252487,3.141592653589793,3.141461133956909,-0.0003576727176550776,-0.0012755057541653514,0.00010337852290831506
3.450972318649292,5.0,0.011992187239229679,0.0,9.765624417923391e-05,-3.0,-0.01469726487994194,0.5,7.880478733568452e-06,-7.812499534338714e-05,0.00012100176536478102,-0.25,-9.328126907348633e-05,2.126284829805386e-05,2.0446419512154534e-05,-0.06699397351464723,-0.06681346148252487,3.141592653589793,3.141461133956909,-0.0005380514776334167,-0.0013642640551552176,1.6344125469913706e-05
3.455690860748291,5.0,0.011992187239229679,0.0,9.765624417923391e-05,-3.0,-0.01469726487994194,0.5,7.880478733568452e-06,-7.812499534338714e-05,0.00012100176536478102,-0.25,-9.328126907348633e-05,0.00028078984489950836,2.0446419512154534e-05,-0.0670887859411077,-0.06681346148252487,3.141592653589793,3.141461133956909,-0.0005380514776334167,-0.0013642640551552176,1.6344125469913706e-05
3.460599660873413,5.0,0.011992187239229679,0.0,9.765624417923391e-05,-3.0,-0.01469726487994194,0.5,7.880478733568452e-06,-7.812499534338714e-05,0.00012100176536478102,-0.25,-9.328126907348633e-05,3.5207768842997084e-05,2.0446419512154534e-05,-0.06699905434255196,-0.06681346148252487,3.141592653589793,3.141461133956909,-0.0015856273239478469,-0.001300022704526782,-7.261522114276886e-06
3.4650161266326904,5.0,0.011992187239229679,0.0,9.765624417923391e-05,-3.0,-0.01469726487994194,0.5,4.914887176710181e-05,-7.812499534338714e-05,-2.5498063678242033e-06,-0.25,-4.173397974227555e-05,-0.0002593638774519542,2.0446419512154534e-05,-0.06690066001382991,-0.06681346148252487,3.141592653589793,3.141461133956909,-0.0015856273239478469,-0.001300022704526782,-7.261522114276886e-06
3.4697484970092773,5.0,0.011992187239229679,0.0,9.765624417923391e-05,-3.0,-0.01469726487994194,0.5,4.914887176710181e-05,-7.812499534338714e-05,-2.5498063678242033e-06,-0.25,-4.173397974227555e-05,2.0395408735481947e-05,2.0446419512154534e-05,-0.06699410213538795,-0.06681346148252487,3.141592653589793,3.141461133956909,-0.0004849196702707559,-0.0012643284862861037,7.819874008418992e-05
3.4742050170898438,5.0,0.011992187239229679,0.0,9.765624417923391e-05,-3.0,-0.01469726487994194,0.5,5.3787454817211255e-05,-7.812499534338714e-05,-2.2406749849324115e-05,-0.25,-3.509402085910551e-05,-2.6539518785011767e-05,2.0446419512154534e-05,-0.06698313697372849,-0.06681346148252487,3.141592653589793,3.141461133956909,-0.0005986840114928782,-0.0012781877303496003,-4.123558028368279e-06
3.4789860248565674,5.0,0.011992187239229679,0.0,9.765624417923391e-05,-3.0,-0.01469726487994194,0.5,5.3787454817211255e-05,-7.812499534338714e-05,-2.2406749849324115e-05,-0.25,-3.509402085910551e-05,1.8022869494589028e-05,2.0446419512154534e-05,-0.06699354550542194,-0.06681346148252487,3.141592653589793,3.141461133956909,-0.0005986840114928782,-0.0012781877303496003,-4.123558028368279e-06
3.483619451522827,5.0,0.011992187239229679,0.0,9.765624417923391e-05,-3.0,-0.01469726487994194,0.5,5.3787454817211255e-05,-7.812499534338714e-05,-2.2406749849324115e-05,-0.25,-3.509402085910551e-05,1.8028032822678417e-05,2.0446419512154534e-05,-0.06699354550542194,-0.06681346148252487,3.141592653589793,3.141461133956909,0.0008532649953849614,-0.0005428314907476306,0.0008857530192472041
3.488217830657959,5.0,0.011992187239229679,0.0,9.765624417923391e-05,-3.0,-0.01469726487994194,0.5,-3.928691057808464e-06,-7.812499534338714e-05,0.00012505559425335377,-0.25,-7.342338358284906e-05,0.00035642550999866207,2.0446419512154534e-05,-0.06712598555165726,-0.06681346148252487,3.141592653589793,3.141461133956909,0.0008532649953849614,-0.0005428314907476306,0.0008857530192472041
3.4929966926574707,5.0,0.011992187239229679,0.0,9.765624417923391e-05,-3.0,-0.01469726487994194,0.5,-3.928691057808464e-06,-7.812499534338714e-05,0.00012505559425335377,-0.25,-7.342338358284906e-05,3.5761619582650314e-05,2.0446419512154534e-05,-0.06700047144292694,-0.06681346148252487,3.141592653589793,3.141461133956909,-0.00040103806531988084,-0.0011627731146290898,7.51256084186025e-05
3.4976606369018555,5.0,0.011992187239229679,0.0,9.765624417923391e-05,-3.0,-0.01469726487994194,0.5,4.960954174748622e-05,-7.812499534338714e-05,-1.8880655261455104e-08,-0.25,-3.908037979272194e-05,-0.0002474132095524159,2.0446419512154534e-05,-0.06687925510363145,-0.06681346148252487,3.141592653589793,3.141461133956909,-0.00040103806531988084,-0.0011627731146290898,7.51256084186025e-05
3.50246524810791,5.0,0.011992187239229679,0.0,9.765624417923391e-05,-3.0,-0.01469726487994194,0.5,4.960954174748622e-05,-7.812499534338714e-05,-1.8880655261455104e-08,-0.25,-3.908037979272194e-05,2.0767473635175343e-05,2.0446419512154534e-05,-0.0669940468549903,-0.06681346148252487,3.141592653589793,3.141461133956909,-0.000494459003675729,-0.0013838201994076371,3.348764221300371e-05
3.5071232318878174,5.0,0.011992187239229679,0.0,9.765624417923391e-05,-3.0,-0.01469726487994194,0.5,5.540586789720692e-05,-7.812499534338714e-05,2.4058342660282506e-06,-0.25,-6.681561353616416e-05,2.6271444796097706e-05,2.0446419512154534e-05,-0.0669809074436974,-0.06681346148252487,3.141592653589793,3.141461133956909,-0.000494459003675729,-0.0013838201994076371,3.348764221300371e-05
3.511941432952881,5.0,0.011992187239229679,0.0,9.765624417923391e-05,-3.0,-0.01469726487994194,0.5,5.540586789720692e-05,-7.812499534338714e-05,2.4058342660282506e-06,-0.25,-6.681561353616416e-05,2.1073701926272064e-05,2.0446419512154534e-05,-0.06699335129585234,-0.06681346148252487,3.141592653589793,3.141461133956909,-0.000494459003675729,-0.0013838201994076371,3.348764221300371e-05
3.516511917114258,5.0,0.011992187239229679,0.0,9.765624417923391e-05,-3.0,-0.01469726487994194,0.5,5.540586789720692e-05,-7.812499534338714e-05,2.4058342660282506e-06,-0.25,-6.681561353616416e-05,2.108106322389671e-05,2.0446419512154534e-05,-0.06699335129585234,-0.06681346148252487,3.141592653589793,3.141461133956909,-0.0003787678142543882,-0.001407155185006559,9.090425737667829e-05
3.521313190460205,5.0,0.011992187239229679,0.0,9.765624417923391e-05,-3.0,-0.01469726487994194,0.5,8.241534487751778e-06,-7.812499534338714e-05,0.00013090910215396434,-0.25,-0.00010396003199275583,0.00030416566865424397,2.0446419512154534e-05,-0.06709724398451607,-0.06681346148252487,3.141592653589793,3.141461133956909,-0.0008261553593911231,-0.0014432340394705534,-0.00011135733802802861
3.5259621143341064,5.0,0.011992187239229679,0.0,9.765624417923391e-05,-3.0,-0.01469726487994194,0.5,8.241534487751778e-06,-7.812499534338714e-05,0.00013090910215396434,-0.25,-0.00010396003199275583,3.65409636393895e-05,2.0446419512154534e-05,-0.06699901101586148,-0.06681346148252487,3.141592653589793,3.141461133956909,-0.0008261553593911231,-0.0014432340394705534,-0.00011135733802802861
3.5308053493499756,5.0,0.011992187239229679,0.0,9.765624417923391e-05,-3.0,-0.01469726487994194,0.5,6.576936721103266e-05,-7.812499534338714e-05,-2.6878935386775993e-05,-0.25,-6.209373532328755e-05,-0.0003081792232309921,2.0446419512154534e-05,-0.06687332790882697,-0.06681346148252487,3.141592653589793,3.141461133956909,-0.0006936559220775962,-0.0016029904363676906,5.408961442299187e-06
3.5355923175811768,5.0,0.011992187239229679,0.0,9.765624417923391e-05,-3.0,-0.01469726487994194,0.5,6.576936721103266e-05,-7.812499534338714e-05,-2.6878935386775993e-05,-0.25,-6.209373532328755e-05,1.761626933396054e-05,2.0446419512154534e-05,-0.06699210767593466,-0.06681346148252487,3.141592653589793,3.141461133956909,-0.0006936559220775962,-0.0016029904363676906,5.408961442299187e-06
3.5404164791107178,5.0,0.011992187239229679,0.0,9.765624417923391e-05,-3.0,-0.01469726487994194,0.5,6.576936721103266e-05,-7.812499534338714e-05,-2.6878935386775993e-05,-0.25,-6.209373532328755e-05,1.76212137193802e-05,2.0446419512154534e-05,-0.06699210767593466,-0.06681346148252487,3.141592653589793,3.141461133956909,-0.0002059014223050326,-0.0014391702134162188,8.420788799412549e-05
3.545142889022827,5.0,0.011992187239229679,0.0,9.765624417923391e-05,-3.0,-0.01469726487994194,0.5,5.837567005073652e-05,-7.812499534338714e-05,6.56053862257977e-06,-0.25,-8.44085225253366e-05,9.239221787563117e-05,2.0446419512154534e-05,-0.06700863828802318,-0.06681346148252487,3.141592653589793,3.141461133956909,-0.0002059014223050326,-0.0014391702134162188,8.420788799412549e-05
3.5497379302978516,5.0,0.011992187239229679,0.0,9.765624417923391e-05,-3.0,-0.01469726487994194,0.5,5.837567005073652e-05,-7.812499534338714e-05,6.56053862257977e-06,-0.25,-8.44085225253366e-05,2.1649738441925292e-05,2.0446419512154534e-05,-0.0669929949195939,-0.06681346148252487,3.141592653589793,3.141461133956909,-0.0003969685931224376,-0.0014442717656493187,7.613161142216995e-05
3.5545012950897217,5.0,0.011992187239229679,0.0,9.765624417923391e-05,-3.0,-0.01469726487994194,0.5,6.667241541435942e-05,-7.812499534338714e-05,-0.00022201180399861187,-0.25,4.4118165533291176e-05,-0.00048564744338515793,2.0446419512154534e-05,-0.06697458148530137,-0.06681346148252487,3.141592653589793,3.141461133956909,-0.0003969685931224376,-0.0014442717656493187,7.613161142216995e-05
3.5592434406280518,5.0,0.011992187239229679,0.0,9.765624417923391e-05,-3.0,-0.01469726487994194,0.5,6.667241541435942e-05,-7.812499534338714e-05,-0.00022201180399861187,-0.25,4.4118165533291176e-05,-5.806297023538738e-06,2.0446419512154534e-05,-0.06699199931015028,-0.06681346148252487,3.141592653589793,3.141461133956909,-0.0005305017111822963,-0.001323391916230321,-2.53357102337759e-05
3.5640203952789307,5.0,0.011992187239229679,0.0,9.765624417923391e-05,-3.0,-0.01469726487994194,0.5,5.946892997599207e-05,-7.812499534338714e-05,-1.8313128748559393e-05,-0.25,-5.478858656715602e-05,0.0004450627874236695,2.0446419512154534e-05,-0.06700794338890802,-0.06681346148252487,3.141592653589793,3.141461133956909,-0.0005305017111822963,-0.001323391916230321,-2.53357102337759e-05
3.5688209533691406,5.0,0.011992187239229679,0.0,9.765624417923391e-05,-3.0,-0.01469726487994194,0.5,5.946892997599207e-05,-7.812499534338714e-05,-1.8313128748559393e-05,-0.25,-5.478858656715602e-05,1.8649000984755165e-05,2.0446419512154534e-05,-0.06699286372840288,-0.06681346148252487,3.141592653589793,3.141461133956909,-0.0005568575579673052,-0.0014631012454628944,6.058591679902747e-06
3.5736563205718994,5.0,0.011992187239229679,0.0,9.765624417923391e-05,-3.0,-0.01469726487994194,0.5,6.0371046856744215e-05,-7.812499534338714e-05,-1.2458869605325162e-05,-0.25,-6.685376138193533e-05,3.1465028072711884e-05,2.0446419512154534e-05,-0.06699088981073072,-0.06681346148252487,3.141592653589793,3.141461133956909,-0.00047063565580174327,-0.0014729767572134733,3.4687713196035475e-05
3.5783658027648926,5.0,0.011992187239229679,0.0,9.765624417923391e-05,-3.0,-0.01469726487994194,0.5,6.0371046856744215e-05,-7.812499534338714e-05,-1.2458869605325162e-05,-0.25,-6.685376138193533e-05,1.936404754755472e-05,2.0446419512154534e-05,-0.06699275547437719,-0.06681346148252487,3.141592653589793,3.141461133956909,-0.00047063565580174327,-0.0014729767572134733,3.4687713196035475e-05
3.5830202102661133,5.0,0.011992187239229679,0.0,9.765624417923391e-05,-3.0,-0.01469726487994194,0.5,6.0371046856744215e-05,-7.812499534338714e-05,-1.2458869605325162e-05,-0.25,-6.685376138193533e-05,1.9370160285718945e-05,2.0446419512154534e-05,-0.06699275547437719,-0.06681346148252487,3.141592653589793,3.141461133956909,-0.0003573457070160657,-0.0013907966203987598,5.8478621212998405e-05
3.587662696838379,5.0,0.011992187239229679,0.0,9.765624417923391e-05,-3.0,-0.01469726487994194,0.5,4.750340849568602e-06,-7.812499534338714e-05,0.0001405993680236861,-0.25,-0.00010632991325110197,0.00036744766802284957,2.0446419512154534e-05,-0.0671192379653063,-0.06681346148252487,3.141592653589793,3.141461133956909,-0.0003573457070160657,-0.0013907966203987598,5.8478621212998405e-05
3.592405319213867,5.0,0.011992187239229679,0.0,9.765624417923391e-05,-3.0,-0.01469726487994194,0.5,4.750340849568602e-06,-7.812499534338714e-05,0.0001405993680236861,-0.25,-0.00010632991325110197,3.777820384079486e-05,2.0446419512154534e-05,-0.06699942995909805,-0.06681346148252487,3.141592653589793,3.141461133956909,-0.00033973995596170425,-0.0014171745860949159,4.094565156265162e-05
3.5970802307128906,5.0,0.011992187239229679,0.0,9.765624417923391e-05,-3.0,-0.01469726487994194,0.5,6.042964741936885e-05,-7.812499534338714e-05,1.1643325024124351e-06,-0.25,-7.663249562028795e-05,-0.00027720899379647413,2.0446419512154534e-05,-0.06687364606661458,-0.06681346148252487,3.141592653589793,3.141461133956909,-0.00033973995596170425,-0.0014171745860949159,4.094565156265162e-05
3.601426124572754,5.0,0.011992187239229679,0.0,9.765624417923391e-05,-3.0,-0.01469726487994194,0.5,6.042964741936885e-05,-7.812499534338714e-05,1.1643325024124351e-06,-0.25,-7.663249562028795e-05,2.1060304650112698e-05,2.0446419512154534e-05,-0.06699274844230968,-0.06681346148252487,3.141592653589793,3.141461133956909,-0.0018451744690537453,-0.00182050047442317,2.8296519303694367e-05
3.606182813644409,5.0,0.011992187239229679,0.0,9.765624417923391e-05,-3.0,-0.01469726487994194,0.5,7.098395144566894e-05,-7.812499534338714e-05,-9.482087989454158e-06,-0.25,-9.209513518726453e-05,2.1067847743697957e-05,2.0446419512154534e-05,-0.06699274844230968,-0.06681346148252487,3.141592653589793,3.141461133956909,-0.0018451744690537453,-0.00182050047442317,2.8296519303694367e-05
3.611076831817627,5.0,0.011992187239229679,0.0,9.765624417923391e-05,-3.0,-0.01469726487994194,0.5,7.098395144566894e-05,-7.812499534338714e-05,-9.482087989454158e-06,-0.25,-9.209513518726453e-05,-1.9569494844104165e-06,2.0446419512154534e-05,-0.0669699162028301,-0.06681346148252487,3.141592653589793,3.141461133956909,-0.00022293577785603702,-0.0016163283726200461,7.447261305060238e-05
3.615999698638916,5.0,0.011992187239229679,0.0,9.765624417923391e-05,-3.0,-0.01469726487994194,0.5,7.098395144566894e-05,-7.812499534338714e-05,-9.482087989454158e-06,-0.25,-9.209513518726453e-05,1.980375447521761e-05,2.0446419512154534e-05,-0.06699148192582652,-0.06681346148252487,3.141592653589793,3.141461133956909,-0.00022293577785603702,-0.0016163283726200461,7.447261305060238e-05
3.620609998703003,5.0,0.011992187239229679,0.0,9.765624417923391e-05,-3.0,-0.01469726487994194,0.5,6.792708882130682e-05,-7.812499534338714e-05,-0.00017743314674589783,-0.25,-1.885414167190902e-05,-0.00036465481693875477,2.0446419512154534e-05,-0.06699847925621057,-0.06681346148252487,3.141592653589793,3.141461133956909,-0.0007372373947873712,-0.0015007192268967628,-8.671106479596347e-05
3.6252048015594482,5.0,0.011992187239229679,0.0,9.765624417923391e-05,-3.0,-0.01469726487994194,0.5,6.792708882130682e-05,-7.812499534338714e-05,-0.00017743314674589783,-0.25,-1.885414167190902e-05,-3.6865541064579e-07,2.0446419512154534e-05,-0.06699184874934144,-0.06681346148252487,3.141592653589793,3.141461133956909,-0.0007372373947873712,-0.0015007192268967628,-8.671106479596347e-05
3.630180835723877,5.0,0.011992187239229679,0.0,9.765624417923391e-05,-3.0,-0.01469726487994194,0.5,6.282284448388964e-05,-7.812499534338714e-05,2.264256409034715e-06,-0.25,-9.002327715279534e-05,0.0003823287757033811,2.0446419512154534e-05,-0.06700271891399297,-0.06681346148252487,3.141592653589793,3.141461133956909,-0.0003299576055724174,-0.0015862435102462769,9.535335993859917e-05
3.6349499225616455,5.0,0.011992187239229679,0.0,9.765624417923391e-05,-3.0,-0.01469726487994194,0.5,6.282284448388964e-05,-7.812499534338714e-05,2.264256409034715e-06,-0.25,-9.002327715279534e-05,2.1210701027658183e-05,2.0446419512154534e-05,-0.06699246125866193,-0.06681346148252487,3.141592653589793,3.141461133956909,-0.0003299576055724174,-0.0015862435102462769,9.535335993859917e-05
3.6399664878845215,5.0,0.011992187239229679,0.0,9.765624417923391e-05,-3.0,-0.01469726487994194,0.5,4.3220370571361855e-05,-7.812499534338714e-05,4.4776967115467414e-05,-0.25,-0.00010923385707428679,0.00011106921411906864,2.0446419512154534e-05,-0.06703388904374075,-0.06681346148252487,3.141592653589793,3.141461133956909,-0.0004026631359010935,-0.0015586651861667633,0.00024359150847885758
3.644728660583496,5.0,0.011992187239229679,0.0,9.765624417923391e-05,-3.0,-0.01469726487994194,0.5,4.3220370571361855e-05,-7.812499534338714e-05,4.4776967115467414e-05,-0.25,-0.00010923385707428679,2.6336262834295235e-05,2.0446419512154534e-05,-0.06699481355553144,-0.06681346148252487,3.141592653589793,3.141461133956909,-0.0002086531021632254,-0.0014218969736248255,0.0003209448477718979
3.6493284702301025,5.0,0.011992187239229679,0.0,9.765624417923391e-05,-3.0,-0.01469726487994194,0.5,1.4176368495100178e-05,-7.812499534338714e-05,0.00011428545985836536,-0.25,-0.00010553598258411512,2.634756934694534e-05,2.0446419512154534e-05,-0.06699481355553144,-0.06681346148252487,3.141592653589793,3.141461133956909,-0.0002086531021632254,-0.0014218969736248255,0.0003209448477718979
3.6539742946624756,5.0,0.011992187239229679,0.0,9.765624417923391e-05,-3.0,-0.01469726487994194,0.5,1.4176368495100178e-05,-7.812499534338714e-05,0.00011428545985836536,-0.25,-0.00010553598258411512,0.00018432144612708426,2.0446419512154534e-05,-0.06706081519320874,-0.06681346148252487,3.141592653589793,3.141461133956909,-0.0003699798253364861,-0.0013363169273361564,1.0380717867519706e-06
3.65868878364563,5.0,0.011992187239229679,0.0,9.765624417923391e-05,-3.0,-0.01469726487994194,0.5,1.4176368495100178e-05,-7.812499534338714e-05,0.00011428545985836536,-0.25,-0.00010553598258411512,3.472460891939534e-05,2.0446419512154534e-05,-0.0669982988357806,-0.06681346148252487,3.141592653589793,3.141461133956909,-0.0003699798253364861,-0.0013363169273361564,1.0380717867519706e-06
3.6634886264801025,5.0,0.011992187239229679,0.0,9.765624417923391e-05,-3.0,-0.01469726487994194,0.5,5.560539648286067e-05,-7.812499534338714e-05,1.7691353377813357e-06,-0.25,-6.767988088540733e-05,-0.0002131863653184401,2.0446419512154534e-05,-0.06690701405130683,-0.06681346148252487,3.141592653589793,3.141461133956909,-0.0004406430234666914,-0.0014492429327219725,6.22426305199042e-05
3.6685736179351807,5.0,0.011992187239229679,0.0,9.765624417923391e-05,-3.0,-0.01469726487994194,0.5,5.560539648286067e-05,-7.812499534338714e-05,1.7691353377813357e-06,-0.25,-6.767988088540733e-05,2.1238444781775083e-05,2.0446419512154534e-05,-0.06699332735242206,-0.06681346148252487,3.141592653589793,3.141461133956909,-0.0004406430234666914,-0.0014492429327219725,6.22426305199042e-05
3.673222064971924,5.0,0.011992187239229679,0.0,9.765624417923391e-05,-3.0,-0.01469726487994194,0.5,5.690894977306016e-05,-7.812499534338714e-05,-6.279093213379383e-06,-0.25,-6.669759750366211e-05,2.9655361031788273e-06,2.0446419512154534e-05,-0.06699036664907217,-0.06681346148252487,3.141592653589793,3.141461133956909,-0.00027984907501377165,-0.0013334967661648989,8.666452777106315e-05
3.677936553955078,5.0,0.011992187239229679,0.0,9.765624417923391e-05,-3.0,-0.01469726487994194,0.5,5.690894977306016e-05,-7.812499534338714e-05,-6.279093213379383e-06,-0.25,-6.669759750366211e-05,2.0286111127334496e-05,2.0446419512154534e-05,-0.06699317092602723,-0.06681346148252487,3.141592653589793,3.141461133956909,-0.00027984907501377165,-0.0013334967661648989,8.666452777106315e-05
3.682705879211426,5.0,0.011992187239229679,0.0,9.765624417923391e-05,-3.0,-0.01469726487994194,0.5,5.660198439727537e-05,-7.812499534338714e-05,-2.0352266801637597e-05,-0.25,-5.130410136189312e-05,-1.0904841565032047e-05,2.0446419512154534e-05,-0.0669938513861992,-0.06681346148252487,3.141592653589793,3.141461133956909,-0.0005803157691843808,-0.0013863721396774054,1.4277236914495006e-05
3.6875295639038086,5.0,0.011992187239229679,0.0,9.765624417923391e-05,-3.0,-0.01469726487994194,0.5,5.660198439727537e-05,-7.812499534338714e-05,-2.0352266801637597e-05,-0.25,-5.130410136189312e-05,1.8608414583936838e-05,2.0446419512154534e-05,-0.06699320776187231,-0.06681346148252487,3.141592653589793,3.141461133956909,-0.0005803157691843808,-0.0013863721396774054,1.4277236914495006e-05
3.692314624786377,5.0,0.011992187239229679,0.0,9.765624417923391e-05,-3.0,-0.01469726487994194,0.5,5.660198439727537e-05,-7.812499534338714e-05,-2.0352266801637597e-05,-0.25,-5.130410136189312e-05,1.8613943504405324e-05,5.649820013786666e-05,-0.06699320776187231,-0.06683087348937988,3.141592653589793,3.1413984298706055,0.007438989821821451,-0.004483669530600309,0.0008686440996825695
3.6969234943389893,5.0,0.011992187239229679,0.0,9.765624417923391e-05,-3.0,-0.01470214780420065,0.5,0.0001593923516338691,-7.812499534338714e-05,0.00045684492215514183,-0.25,0.00023991703346837312,0.0011113157126978498,5.649820013786666e-05,-0.06675784563082349,-0.06683087348937988,3.141592653589793,3.1413984298706055,0.007438989821821451,-0.004483669530600309,0.0008686440996825695
3.701549530029297,5.0,0.011992187239229679,0.0,9.765624417923391e-05,-3.0,-0.01470214780420065,0.5,0.0001593923516338691,-7.812499534338714e-05,0.00045684492215514183,-0.25,0.00023991703346837312,7.597641410913707e-05,5.649820013786666e-05,-0.06698087291780394,-0.06683087348937988,3.141592653589793,3.1413984298706055,-0.0008939093677327037,-0.001921017304994166,3.155267768306658e-05
3.706418514251709,5.0,0.011992187239229679,0.0,9.765624417923391e-05,-3.0,-0.01470214780420065,0.5,7.668722537346184e-05,-7.812499534338714e-05,-3.103280323557556e-05,-0.25,-8.697390148881823e-05,-0.000984575636054902,5.649820013786666e-05,-0.06716065868362335,-0.06683087348937988,3.141592653589793,3.1413984298706055,-0.0008939093677327037,-0.001921017304994166,3.155267768306658e-05
3.71075439453125,5.0,0.011992187239229679,0.0,9.765624417923391e-05,-3.0,-0.01470214780420065,0.5,7.668722537346184e-05,-7.812499534338714e-05,-3.103280323557556e-05,-0.25,-8.697390148881823e-05,1.743975660720005e-05,5.649820013786666e-05,-0.06699079753295518,-0.06683087348937988,3.141592653589793,3.1413984298706055,-0.0008939093677327037,-0.001921017304994166,3.155267768306658e-05
3.715944766998291,5.0,0.011992187239229679,0.0,9.765624417923391e-05,-3.0,-0.01470214780420065,0.5,5.763843364547938e-05,-7.812499534338714e-05,3.300686876173131e-05,-0.25,-0.00012207389227114618,0.00014851770373080716,5.649820013786666e-05,-0.0670297836283575,-0.06683087348937988,3.141592653589793,3.1413984298706055,-0.0002658443117979914,-0.0017331939889118075,0.0002933354990091175
3.720654249191284,5.0,0.011992187239229679,0.0,9.765624417923391e-05,-3.0,-0.01470214780420065,0.5,5.763843364547938e-05,-7.812499534338714e-05,3.300686876173131e-05,-0.25,-0.00012207389227114618,2.514652103293166e-05,5.649820013786666e-05,-0.06699308338796253,-0.06683087348937988,3.141592653589793,3.1413984298706055,-0.002857639454305172,-0.002681027865037322,5.4513977374881506e-05
3.7254929542541504,5.0,0.011992187239229679,0.0,9.765624417923391e-05,-3.0,-0.01470214780420065,0.5,4.9746893637347966e-05,-7.812499534338714e-05,1.0082034350489266e-05,-0.25,-0.00010034799197455868,-2.4973959240177462e-05,5.649820013786666e-05,-0.06701033957100067,-0.06683087348937988,3.141592653589793,3.1413984298706055,-0.002857639454305172,-0.002681027865037322,5.4513977374881506e-05
3.7303884029388428,5.0,0.011992187239229679,0.0,9.765624417923391e-05,-3.0,-0.01470214780420065,0.5,4.9746893637347966e-05,-7.812499534338714e-05,1.0082034350489266e-05,-0.25,-0.00010034799197455868,2.241271331935573e-05,5.649820013786666e-05,-0.06699403037276352,-0.06683087348937988,3.141592653589793,3.1413984298706055,-0.00015700104995630682,-0.0014317339519038796,0.00031733341165818274
3.7353789806365967,5.0,0.011992187239229679,0.0,9.765624417923391e-05,-3.0,-0.01470214780420065,0.5,3.056663990719244e-05,-7.812499534338714e-05,2.4543913241359405e-05,-0.25,-6.74784168950282e-05,5.3136752696610803e-05,5.649820013786666e-05,-0.06703476493601325,-0.06683087348937988,3.141592653589793,3.1413984298706055,-0.00038019788917154074,-0.0011591351358219981,0.0002763574884738773
3.740051746368408,5.0,0.011992187239229679,0.0,9.765624417923391e-05,-3.0,-0.01470214780420065,0.5,3.056663990719244e-05,-7.812499534338714e-05,2.4543913241359405e-05,-0.25,-6.74784168950282e-05,2.4167981284724007e-05,5.649820013786666e-05,-0.06699633200321113,-0.06683087348937988,3.141592653589793,3.1413984298706055,-0.00038019788917154074,-0.0011591351358219981,0.0002763574884738773
3.7449934482574463,5.0,0.011992187239229679,0.0,9.765624417923391e-05,-3.0,-0.01470214780420065,0.5,3.056663990719244e-05,-7.812499534338714e-05,2.4543913241359405e-05,-0.25,-6.74784168950282e-05,2.4178128467513982e-05,5.649820013786666e-05,-0.06699633200321113,-0.06683087348937988,3.141592653589793,3.1413984298706055,-0.00019240373512730002,-0.0008330726996064186,0.0003213902236893773
3.7497847080230713,5.0,0.011992187239229679,0.0,9.765624417923391e-05,-3.0,-0.01470214780420065,0.5,1.71285864780657e-05,-7.812499534338714e-05,4.258341868990101e-05,-0.25,-4.352927135187201e-05,6.400529682727628e-05,5.649820013786666e-05,-0.06702599158457585,-0.06683087348937988,3.141592653589793,3.1413984298706055,-0.00019240373512730002,-0.0008330726996064186,0.0003213902236893773
3.754239082336426,5.0,0.011992187239229679,0.0,9.765624417923391e-05,-3.0,-0.01470214780420065,0.5,1.71285864780657e-05,-7.812499534338714e-05,4.258341868990101e-05,-0.25,-4.352927135187201e-05,2.6365189637867088e-05,5.649820013786666e-05,-0.06699794456962263,-0.06683087348937988,3.141592653589793,3.1413984298706055,-0.008164513856172562,-0.0024093168321996927,0.00015028298366814852
3.758946418762207,5.0,0.011992187239229679,0.0,9.765624417923391e-05,-3.0,-0.01470214780420065,0.5,3.469627336016856e-05,-7.812499534338714e-05,-1.9461731426417828e-05,-0.25,3.360271512065083e-05,-0.00011287992286167923,5.649820013786666e-05,-0.06695851664403615,-0.06683087348937988,3.141592653589793,3.1413984298706055,-0.008164513856172562,-0.0024093168321996927,0.00015028298366814852
3.763564109802246,5.0,0.011992187239229679,0.0,9.765624417923391e-05,-3.0,-0.01470214780420065,0.5,3.469627336016856e-05,-7.812499534338714e-05,-1.9461731426417828e-05,-0.25,3.360271512065083e-05,1.8930712354854036e-05,5.649820013786666e-05,-0.06699583644719678,-0.06683087348937988,3.141592653589793,3.1413984298706055,-0.0005895759677514434,-0.0008204886689782143,9.551554103381932e-05
3.768284559249878,5.0,0.011992187239229679,0.0,9.765624417923391e-05,-3.0,-0.01470214780420065,0.5,4.179716052021831e-05,-7.812499534338714e-05,-2.8810663934564218e-05,-0.25,2.0214318283251487e-05,-1.991678341115743e-06,5.649820013786666e-05,-0.06697994152068659,-0.06683087348937988,3.141592653589793,3.1413984298706055,-0.0005895759677514434,-0.0008204886689782143,9.551554103381932e-05
3.7728161811828613,5.0,0.011992187239229679,0.0,9.765624417923391e-05,-3.0,-0.01470214780420065,0.5,4.179716052021831e-05,-7.812499534338714e-05,-2.8810663934564218e-05,-0.25,2.0214318283251487e-05,1.7817965648162102e-05,5.649820013786666e-05,-0.06699498434073757,-0.06683087348937988,3.141592653589793,3.1413984298706055,-0.0008696529548615217,-0.0009967784862965345,9.985426004277542e-06
3.7772443294525146,5.0,0.011992187239229679,0.0,9.765624417923391e-05,-3.0,-0.01470214780420065,0.5,4.179716052021831e-05,-7.812499534338714e-05,-2.8810663934564218e-05,-0.25,2.0214318283251487e-05,1.7822333071588044e-05,5.649820013786666e-05,-0.06699498434073757,-0.06683087348937988,3.141592653589793,3.1413984298706055,-0.0008696529548615217,-0.0009967784862965345,9.985426004277542e-06
3.782100200653076,5.0,0.011992187239229679,0.0,9.765624417923391e-05,-3.0,-0.01470214780420065,0.5,3.951713370042853e-05,-7.812499534338714e-05,-1.6691943528712727e-05,-0.25,4.532337243290385e-06,4.42393864495836e-05,5.649820013786666e-05,-0.06699995334613121,-0.06683087348937988,3.141592653589793,3.1413984298706055,-0.0006584199727512896,-0.0009690278675407171,3.122154885204509e-05
3.786914587020874,5.0,0.011992187239229679,0.0,9.765624417923391e-05,-3.0,-0.01470214780420065,0.5,3.951713370042853e-05,-7.812499534338714e-05,-1.6691943528712727e-05,-0.25,4.532337243290385e-06,1.928846098897539e-05,5.649820013786666e-05,-0.06699525794395594,-0.06683087348937988,3.141592653589793,3.1413984298706055,-0.0006584199727512896,-0.0009690278675407171,3.122154885204509e-05
3.791722297668457,5.0,0.011992187239229679,0.0,9.765624417923391e-05,-3.0,-0.01470214780420065,0.5,5.056448208051734e-05,-7.812499534338714e-05,-6.856254185549915e-05,-0.25,4.69827646156773e-05,-9.482552429042615e-05,5.649820013786666e-05,-0.06697095386517538,-0.06683087348937988,3.141592653589793,3.1413984298706055,-0.0016353357350453734,-0.001293880632147193,-3.450371150393039e-05
3.7965362071990967,5.0,0.011992187239229679,0.0,9.765624417923391e-05,-3.0,-0.01470214780420065,0.5,5.056448208051734e-05,-7.812499534338714e-05,-6.856254185549915e-05,-0.25,4.69827646156773e-05,1.3065829315669668e-05,5.649820013786666e-05,-0.06699393226215034,-0.06683087348937988,3.141592653589793,3.1413984298706055,-0.0005088191828690469,-0.0009236945188604295,0.00010363972978666425
3.8011279106140137,5.0,0.011992187239229679,0.0,9.765624417923391e-05,-3.0,-0.01470214780420065,0.5,3.701656896737404e-05,-7.812499534338714e-05,-6.783323442505207e-06,-0.25,6.294250169958104e-07,0.00015503120250958563,5.649820013786666e-05,-0.06702506321249348,-0.06683087348937988,3.141592653589793,3.1413984298706055,-0.0005088191828690469,-0.0009236945188604295,0.00010363972978666425
3.8058626651763916,5.0,0.011992187239229679,0.0,9.765624417923391e-05,-3.0,-0.01470214780420065,0.5,3.701656896737404e-05,-7.812499534338714e-05,-6.783323442505207e-06,-0.25,6.294250169958104e-07,2.049264282732921e-05,5.649820013786666e-05,-0.06699555801172391,-0.06683087348937988,3.141592653589793,3.1413984298706055,-0.0006442368612624705,-0.0009599411860108376,2.1278254280332476e-05
3.8107173442840576,5.0,0.011992187239229679,0.0,9.765624417923391e-05,-3.0,-0.01470214780420065,0.5,3.670483783935197e-05,-7.812499534338714e-05,-1.2236565453349613e-05,-0.25,2.7549265269044554e-06,8.611690330645039e-06,5.649820013786666e-05,-0.06699623754455367,-0.06683087348937988,3.141592653589793,3.1413984298706055,-0.0006442368612624705,-0.0009599411860108376,2.1278254280332476e-05
3.815438747406006,5.0,0.011992187239229679,0.0,9.765624417923391e-05,-3.0,-0.01470214780420065,0.5,3.670483783935197e-05,-7.812499534338714e-05,-1.2236565453349613e-05,-0.25,2.7549265269044554e-06,1.9850872846480025e-05,5.649820013786666e-05,-0.06699559541945928,-0.06683087348937988,3.141592653589793,3.1413984298706055,0.0007968514109961689,-0.0002927458263002336,0.000857141159940511
3.8200387954711914,5.0,0.011992187239229679,0.0,9.765624417923391e-05,-3.0,-0.01470214780420065,0.5,4.264503513695672e-05,-7.812499534338714e-05,-5.221683386480436e-05,-0.25,4.847049785894342e-05,-7.185709462160904e-05,5.649820013786666e-05,-0.06698196925832833,-0.06683087348937988,3.141592653589793,3.1413984298706055,0.0007968514109961689,-0.0002927458263002336,0.000857141159940511
3.824392557144165,5.0,0.011992187239229679,0.0,9.765624417923391e-05,-3.0,-0.01470214780420065,0.5,4.264503513695672e-05,-7.812499534338714e-05,-5.221683386480436e-05,-0.25,4.847049785894342e-05,1.505788017207635e-05,5.649820013786666e-05,-0.06699488259578357,-0.06683087348937988,3.141592653589793,3.1413984298706055,-0.000575060083065182,-0.0007710948120802641,8.096423698589206e-05
3.829519748687744,5.0,0.011992187239229679,0.0,9.765624417923391e-05,-3.0,-0.01470214780420065,0.5,4.264503513695672e-05,-7.812499534338714e-05,-5.221683386480436e-05,-0.25,4.847049785894342e-05,1.5060536894205202e-05,5.649820013786666e-05,-0.06699488259578357,-0.06683087348937988,3.141592653589793,3.1413984298706055,-0.000575060083065182,-0.0007710948120802641,8.096423698589206e-05
3.834428548812866,5.0,0.011992187239229679,0.0,9.765624417923391e-05,-3.0,-0.01470214780420065,0.5,3.303691846667789e-05,-7.812499534338714e-05,-1.8154898498323746e-05,-0.25,2.5200843083439395e-05,8.854339086104597e-05,5.649820013786666e-05,-0.06701560881869488,-0.06683087348937988,3.141592653589793,3.1413984298706055,-0.0007794439443387091,-0.0008458910160697997,3.299755553598516e-05
3.8392508029937744,5.0,0.011992187239229679,0.0,9.765624417923391e-05,-3.0,-0.01470214780420065,0.5,3.303691846667789e-05,-7.812499534338714e-05,-1.8154898498323746e-05,-0.25,2.5200843083439395e-05,1.915964058356562e-05,5.649820013786666e-05,-0.066996035569784,-0.06683087348937988,3.141592653589793,3.1413984298706055,-0.0007794439443387091,-0.0008458910160697997,3.299755553598516e-05
3.8440916538238525,5.0,0.011992187239229679,0.0,9.765624417923391e-05,-3.0,-0.01470214780420065,0.5,2.6734098355518654e-05,-7.812499534338714e-05,-3.8017203678464284e-06,-0.25,2.3176669856184162e-05,5.0539332199522067e-05,5.649820013786666e-05,-0.06700981197498394,-0.06683087348937988,3.141592653589793,3.1413984298706055,-0.0006496113492175937,-0.0007651486084796488,0.00010680402920115739
3.8489041328430176,5.0,0.011992187239229679,0.0,9.765624417923391e-05,-3.0,-0.01470214780420065,0.5,2.6734098355518654e-05,-7.812499534338714e-05,-3.8017203678464284e-06,-0.25,2.3176669856184162e-05,2.0896371300999195e-05,5.649820013786666e-05,-0.06699679190819734,-0.06683087348937988,3.141592653589793,3.1413984298706055,-0.0006496113492175937,-0.0007651486084796488,0.00010680402920115739
3.8537797927856445,5.0,0.011992187239229679,0.0,9.765624417923391e-05,-3.0,-0.01470214780420065,0.5,5.770988718722947e-05,-7.812499534338714e-05,-0.00026010340661741793,-0.25,0.0001465857058065012,-0.0005355534628219073,5.649820013786666e-05,-0.06692954333431993,-0.06683087348937988,3.141592653589793,3.1413984298706055,-0.00039808021392673254,-0.001003593672066927,-7.001116318861023e-05
3.8584210872650146,5.0,0.011992187239229679,0.0,9.765624417923391e-05,-3.0,-0.01470214780420065,0.5,5.770988718722947e-05,-7.812499534338714e-05,-0.00026010340661741793,-0.25,0.0001465857058065012,-9.89446865386703e-06,5.649820013786666e-05,-0.06699307481353753,-0.06683087348937988,3.141592653589793,3.1413984298706055,-0.00039808021392673254,-0.001003593672066927,-7.001116318861023e-05
3.8631043434143066,5.0,0.011992187239229679,0.0,9.765624417923391e-05,-3.0,-0.01470214780420065,0.5,4.367470683064312e-05,-7.812499534338714e-05,-1.1963205906795338e-05,-0.25,-2.002715973503655e-06,0.0005497340121390871,5.649820013786666e-05,-0.06702472788571759,-0.06683087348937988,3.141592653589793,3.1413984298706055,-0.0007174813654273748,-0.0011126319877803326,7.443972572218627e-05
3.8677151203155518,5.0,0.011992187239229679,0.0,9.765624417923391e-05,-3.0,-0.01470214780420065,0.5,4.367470683064312e-05,-7.812499534338714e-05,-1.1963205906795338e-05,-0.25,-2.002715973503655e-06,1.9894653628561808e-05,5.649820013786666e-05,-0.06699475903518032,-0.06683087348937988,3.141592653589793,3.1413984298706055,-0.0007174813654273748,-0.0011126319877803326,7.443972572218627e-05
3.8725409507751465,5.0,0.011992187239229679,0.0,9.765624417923391e-05,-3.0,-0.01470214780420065,0.5,4.367470683064312e-05,-7.812499534338714e-05,-1.1963205906795338e-05,-0.25,-2.002715973503655e-06,1.9901039340136297e-05,5.649820013786666e-05,-0.06699475903518032,-0.06683087348937988,3.141592653589793,3.1413984298706055,-0.0007174813654273748,-0.0011126319877803326,7.443972572218627e-05
3.8772504329681396,5.0,0.011992187239229679,0.0,9.765624417923391e-05,-3.0,-0.01470214780420065,0.5,5.1213726692367345e-05,-7.812499534338714e-05,-1.4821401236986276e-05,-0.25,-3.0926465115044266e-05,1.3494995962759618e-05,5.649820013786666e-05,-0.06697784618129786,-0.06683087348937988,3.141592653589793,3.1413984298706055,-0.000608042988460511,-0.0012641396606341004,4.2036666854983196e-05
3.8819823265075684,5.0,0.011992187239229679,0.0,9.765624417923391e-05,-3.0,-0.01470214780420065,0.5,5.1213726692367345e-05,-7.812499534338714e-05,-1.4821401236986276e-05,-0.25,-3.0926465115044266e-05,1.9570009360856807e-05,5.649820013786666e-05,-0.06699385435279692,-0.06683087348937988,3.141592653589793,3.1413984298706055,-0.0005288865067996085,-0.0012762845726683736,4.620802428689785e-05
3.886871576309204,5.0,0.011992187239229679,0.0,9.765624417923391e-05,-3.0,-0.01470214780420065,0.5,2.0961463178537088e-06,-7.812499534338714e-05,0.00013860827311873436,-0.25,-9.571075497660786e-05,0.0003518130219297436,5.649820013786666e-05,-0.06710020882418914,-0.06683087348937988,3.141592653589793,3.1413984298706055,-0.0005288865067996085,-0.0012762845726683736,4.620802428689785e-05
3.8916542530059814,5.0,0.011992187239229679,0.0,9.765624417923391e-05,-3.0,-0.01470214780420065,0.5,2.0961463178537088e-06,-7.812499534338714e-05,0.00013860827311873436,-0.25,-9.571075497660786e-05,3.802349484838981e-05,5.649820013786666e-05,-0.06699974846244186,-0.06683087348937988,3.141592653589793,3.1413984298706055,-0.0007859977777116001,-0.0012893951497972012,-1.6153750038938597e-05
3.8964359760284424,5.0,0.011992187239229679,0.0,9.765624417923391e-05,-3.0,-0.01470214780420065,0.5,4.619985702447593e-05,-7.812499534338714e-05,-2.593409362816601e-06,-0.25,-3.9924383600009605e-05,-0.0002742080496615767,5.649820013786666e-05,-0.06690222208704556,-0.06683087348937988,3.141592653589793,3.1413984298706055,-0.0007859977777116001,-0.0012893951497972012,-1.6153750038938597e-05
3.901306390762329,5.0,0.011992187239229679,0.0,9.765624417923391e-05,-3.0,-0.01470214780420065,0.5,4.619985702447593e-05,-7.812499534338714e-05,-2.593409362816601e-06,-0.25,-3.9924383600009605e-05,2.1093873776060495e-05,5.649820013786666e-05,-0.06699445601715706,-0.06683087348937988,3.141592653589793,3.1413984298706055,-0.00039225799264386296,-0.0011520780390128493,8.887906005838886e-05
3.9060494899749756,5.0,0.011992187239229679,0.0,9.765624417923391e-05,-3.0,-0.01470214780420065,0.5,4.619985702447593e-05,-7.812499534338714e-05,-2.593409362816601e-06,-0.25,-3.9924383600009605e-05,2.1101038852180384e-05,5.649820013786666e-05,-0.06699445601715706,-0.06683087348937988,3.141592653589793,3.1413984298706055,-0.00039225799264386296,-0.0011520780390128493,8.887906005838886e-05
3.910896062850952,5.0,0.011992187239229679,0.0,9.765624417923391e-05,-3.0,-0.01470214780420065,0.5,4.499062924878672e-05,-7.812499534338714e-05,-4.476579761103494e-06,-0.25,-3.4098626201739535e-05,1.699662605321497e-05,5.649820013786666e-05,-0.06699709614067298,-0.06683087348937988,3.141592653589793,3.1413984298706055,-0.00039225799264386296,-0.0011520780390128493,8.887906005838886e-05
3.9155893325805664,5.0,0.011992187239229679,0.0,9.765624417923391e-05,-3.0,-0.01470214780420065,0.5,4.499062924878672e-05,-7.812499534338714e-05,-4.476579761103494e-06,-0.25,-3.4098626201739535e-05,2.0889110290242077e-05,5.649820013786666e-05,-0.06699460112449014,-0.06683087348937988,3.141592653589793,3.1413984298706055,-0.00042805177508853376,-0.0011277807643637061,0.00011567529872991145
3.92032790184021,5.0,0.011992187239229679,0.0,9.765624417923391e-05,-3.0,-0.01470214780420065,0.5,-5.941539711784571e-06,-7.812499534338714e-05,0.00013151057646609843,-0.25,-7.39312163204886e-05,0.00032420679413248043,5.649820013786666e-05,-0.06710819726149497,-0.06683087348937988,3.141592653589793,3.1413984298706055,-0.003862435929477215,-0.002453544642776251,9.020790457725525e-05
3.92498517036438,5.0,0.011992187239229679,0.0,9.765624417923391e-05,-3.0,-0.01470214780420065,0.5,-5.941539711784571e-06,-7.812499534338714e-05,0.00013151057646609843,-0.25,-7.39312163204886e-05,3.724696307403509e-05,5.649820013786666e-05,-0.06700071298476541,-0.06683087348937988,3.141592653589793,3.1413984298706055,-0.003862435929477215,-0.002453544642776251,9.020790457725525e-05
3.9296412467956543,5.0,0.011992187239229679,0.0,9.765624417923391e-05,-3.0,-0.01470214780420065,0.5,4.277586776879616e-05,-7.812499534338714e-05,-2.614068944239989e-05,-0.25,2.5558470042597037e-06,-0.00032025886946042957,5.649820013786666e-05,-0.06689023500633656,-0.06683087348937988,3.141592653589793,3.1413984298706055,-0.0008102046558633447,-0.0010787458159029484,2.0378371118567884e-05
3.9345338344573975,5.0,0.011992187239229679,0.0,9.765624417923391e-05,-3.0,-0.01470214780420065,0.5,4.277586776879616e-05,-7.812499534338714e-05,-2.614068944239989e-05,-0.25,2.5558470042597037e-06,1.8338738778518433e-05,5.649820013786666e-05,-0.06699486689586774,-0.06683087348937988,3.141592653589793,3.1413984298706055,-0.0008102046558633447,-0.0010787458159029484,2.0378371118567884e-05
3.939149856567383,5.0,0.011992187239229679,0.0,9.765624417923391e-05,-3.0,-0.01470214780420065,0.5,3.999743421445601e-05,-7.812499534338714e-05,-1.833944406826049e-05,-0.25,1.4293193544290261e-06,3.61807716195791e-05,5.649820013786666e-05,-0.06700121941587976,-0.06683087348937988,3.141592653589793,3.1413984298706055,-0.0006911156815476716,-0.0010026533855125308,3.450995063758455e-05
3.943984031677246,5.0,0.011992187239229679,0.0,9.765624417923391e-05,-3.0,-0.01470214780420065,0.5,3.999743421445601e-05,-7.812499534338714e-05,-1.833944406826049e-05,-0.25,1.4293193544290261e-06,1.928618792842411e-05,5.649820013786666e-05,-0.06699520030789427,-0.06683087348937988,3.141592653589793,3.1413984298706055,-0.0006911156815476716,-0.0010026533855125308,3.450995063758455e-05
3.9488134384155273,5.0,0.011992187239229679,0.0,9.765624417923391e-05,-3.0,-0.01470214780420065,0.5,3.488443690002896e-05,-7.812499534338714e-05,-4.166569397057174e-06,-0.25,-2.387761924182996e-06,5.034110686779731e-05,5.649820013786666e-05,-0.06700640108374888,-0.06683087348937988,3.141592653589793,3.1413984298706055,-0.0004708791384473443,-0.0009018128039315343,8.497289672959596e-05
3.9535908699035645,5.0,0.011992187239229679,0.0,9.765624417923391e-05,-3.0,-0.01470214780420065,0.5,3.488443690002896e-05,-7.812499534338714e-05,-4.166569397057174e-06,-0.25,-2.387761924182996e-06,2.10011430216393e-05,5.649820013786666e-05,-0.066995813867572,-0.06683087348937988,3.141592653589793,3.1413984298706055,-0.0004708791384473443,-0.0009018128039315343,8.497289672959596e-05
3.9582149982452393,5.0,0.011992187239229679,0.0,9.765624417923391e-05,-3.0,-0.01470214780420065,0.5,3.488443690002896e-05,-7.812499534338714e-05,-4.166569397057174e-06,-0.25,-2.387761924182996e-06,2.100798288670978e-05,5.649820013786666e-05,-0.066995813867572,-0.06683087348937988,3.141592653589793,3.1413984298706055,-0.004059185739606619,-0.002440154552459717,9.095825953409076e-05
3.9629709720611572,5.0,0.011992187239229679,0.0,9.765624417923391e-05,-3.0,-0.01470214780420065,0.5,4.0330327465198934e-05,-7.812499534338714e-05,-2.340464743610937e-05,-0.25,8.002519280125853e-06,-2.1745726239197332e-05,5.649820013786666e-05,-0.06698370972877062,-0.06683087348937988,3.141592653589793,3.1413984298706055,-0.0004038390761706978,-0.0008721865597181022,0.0001048215344781056
3.9676029682159424,5.0,0.011992187239229679,0.0,9.765624417923391e-05,-3.0,-0.01470214780420065,0.5,4.0330327465198934e-05,-7.812499534338714e-05,-2.340464743610937e-05,-0.25,8.002519280125853e-06,1.8709687781682315e-05,5.649820013786666e-05,-0.06699516036070417,-0.06683087348937988,3.141592653589793,3.1413984298706055,-0.0004038390761706978,-0.0008721865597181022,0.0001048215344781056
3.9723029136657715,5.0,0.011992187239229679,0.0,9.765624417923391e-05,-3.0,-0.01470214780420065,0.5,4.399496901896782e-05,-7.812499534338714e-05,-2.7768097424996085e-05,-0.25,5.152225185156567e-06,8.906763375406528e-06,5.649820013786666e-05,-0.06698692340353128,-0.06683087348937988,3.141592653589793,3.1413984298706055,-0.0008070568437688053,-0.001072041573934257,4.4844564399681985e-06
3.976958751678467,5.0,0.011992187239229679,0.0,9.765624417923391e-05,-3.0,-0.01470214780420065,0.5,4.399496901896782e-05,-7.812499534338714e-05,-2.7768097424996085e-05,-0.25,5.152225185156567e-06,1.819549634767129e-05,5.649820013786666e-05,-0.06699472060371772,-0.06683087348937988,3.141592653589793,3.1413984298706055,-0.0008070568437688053,-0.001072041573934257,4.4844564399681985e-06
3.9817185401916504,5.0,0.011992187239229679,0.0,9.765624417923391e-05,-3.0,-0.01470214780420065,0.5,4.5063272409606725e-05,-7.812499534338714e-05,-3.146229573758319e-05,-0.25,9.411573046236299e-06,9.99536898396964e-06,5.649820013786666e-05,-0.06699234797273633,-0.06683087348937988,3.141592653589793,3.1413984298706055,-0.0009395867818966508,-0.0011374616296961904,1.7539787222631276e-05
3.986367702484131,5.0,0.011992187239229679,0.0,9.765624417923391e-05,-3.0,-0.01470214780420065,0.5,4.5063272409606725e-05,-7.812499534338714e-05,-3.146229573758319e-05,-0.25,9.411573046236299e-06,1.7760973491061846e-05,5.649820013786666e-05,-0.06699459240731084,-0.06683087348937988,3.141592653589793,3.1413984298706055,-0.0009395867818966508,-0.0011374616296961904,1.7539787222631276e-05
3.991190195083618,5.0,0.011992187239229679,0.0,9.765624417923391e-05,-3.0,-0.01470214780420065,0.5,4.5063272409606725e-05,-7.812499534338714e-05,-3.146229573758319e-05,-0.25,9.411573046236299e-06,1.7765474101532267e-05,5.649820013786666e-05,-0.06699459240731084,-0.06683087348937988,3.141592653589793,3.1413984298706055,-0.0006102825282141566,-0.0009907620260491967,5.085278826300055e-05
3.995999336242676,5.0,0.011992187239229679,0.0,9.765624417923391e-05,-3.0,-0.01470214780420065,0.5,4.2215920984745026e-05,-7.812499534338714e-05,-2.1857062165508978e-05,-0.25,-2.8014181907565217e-07,3.8896380923978506e-05,5.649820013786666e-05,-0.06700085479617496,-0.06683087348937988,3.141592653589793,3.1413984298706055,-0.0006102825282141566,-0.0009907620260491967,5.085278826300055e-05
4.0003931522369385,5.0,0.011992187239229679,0.0,9.765624417923391e-05,-3.0,-0.01470214780420065,0.5,4.2215920984745026e-05,-7.812499534338714e-05,-2.1857062165508978e-05,-0.25,-2.8014181907565217e-07,1.892845875774401e-05,5.649820013786666e-05,-0.06699493408948183,-0.06683087348937988,3.141592653589793,3.1413984298706055,-0.0007674848311580718,-0.00108805182389915,4.204700962873176e-05
4.005162954330444,5.0,0.011992187239229679,0.0,9.765624417923391e-05,-3.0,-0.01470214780420065,0.5,4.147682193433866e-05,-7.812499534338714e-05,-1.6386769857490435e-05,-0.25,-5.6755543482722715e-06,3.105937729323253e-05,5.649820013786666e-05,-0.06699657231955818,-0.06683087348937988,3.141592653589793,3.1413984298706055,-0.0007674848311580718,-0.00108805182389915,4.204700962873176e-05
4.009938955307007,5.0,0.011992187239229679,0.0,9.765624417923391e-05,-3.0,-0.01470214780420065,0.5,4.147682193433866e-05,-7.812499534338714e-05,-1.6386769857490435e-05,-0.25,-5.6755543482722715e-06,1.9596680653553915e-05,5.649820013786666e-05,-0.06699502278136787,-0.06683087348937988,3.141592653589793,3.1413984298706055,-0.0004677995457313955,-0.0009532377007417381,7.66282610129565e-05
4.014564514160156,5.0,0.011992187239229679,0.0,9.765624417923391e-05,-3.0,-0.01470214780420065,0.5,4.147682193433866e-05,-7.812499534338714e-05,-1.6386769857490435e-05,-0.25,-5.6755543482722715e-06,1.9602392129463394e-05,5.649820013786666e-05,-0.06699502278136787,-0.06683087348937988,3.141592653589793,3.1413984298706055,-0.0004677995457313955,-0.0009532377007417381,7.66282610129565e-05
4.019163608551025,5.0,0.011992187239229679,0.0,9.765624417923391e-05,-3.0,-0.01470214780420065,0.5,3.757089143618941e-05,-7.812499534338714e-05,-4.985309260518989e-06,-0.25,-7.828473826521076e-06,4.576795941050684e-05,5.649820013786666e-05,-0.06700398431828018,-0.06683087348937988,3.141592653589793,3.1413984298706055,0.0008671705727465451,-0.00047809723764657974,0.0009230303694494069
4.023975610733032,5.0,0.011992187239229679,0.0,9.765624417923391e-05,-3.0,-0.01470214780420065,0.5,3.757089143618941e-05,-7.812499534338714e-05,-4.985309260518989e-06,-0.25,-7.828473826521076e-06,2.0984333894080683e-05,5.649820013786666e-05,-0.06699549149302766,-0.06683087348937988,3.141592653589793,3.1413984298706055,0.0008671705727465451,-0.00047809723764657974,0.0009230303694494069
4.028732061386108,5.0,0.011992187239229679,0.0,9.765624417923391e-05,-3.0,-0.01470214780420065,0.5,4.2587966163409874e-05,-7.812499534338714e-05,-3.321363919894793e-06,-0.25,-2.0723342458950356e-05,2.4689415359639668e-05,5.649820013786666e-05,-0.06698434150591669,-0.06683087348937988,3.141592653589793,3.1413984298706055,-0.0004443475336302072,-0.0010459430050104856,6.269259029068053e-05
4.033414840698242,5.0,0.011992187239229679,0.0,9.765624417923391e-05,-3.0,-0.01470214780420065,0.5,4.2587966163409874e-05,-7.812499534338714e-05,-3.321363919894793e-06,-0.25,-2.0723342458950356e-05,2.119812910854037e-05,5.649820013786666e-05,-0.06699488944406039,-0.06683087348937988,3.141592653589793,3.1413984298706055,-0.0004443475336302072,-0.0010459430050104856,6.269259029068053e-05
4.038044452667236,5.0,0.011992187239229679,0.0,9.765624417923391e-05,-3.0,-0.01470214780420065,0.5,4.735752736451104e-05,-7.812499534338714e-05,-7.900500349933282e-06,-0.25,-3.0516384867951274e-05,1.0764162560237937e-05,5.649820013786666e-05,-0.06698401480522176,-0.06683087348937988,3.141592653589793,3.1413984298706055,-0.0007220862316899002,-0.0012357771629467607,9.839415724854916e-06
4.0429604053497314,5.0,0.011992187239229679,0.0,9.765624417923391e-05,-3.0,-0.01470214780420065,0.5,4.735752736451104e-05,-7.812499534338714e-05,-7.900500349933282e-06,-0.25,-3.0516384867951274e-05,2.0662039386077312e-05,5.649820013786666e-05,-0.06699431709671626,-0.06683087348937988,3.141592653589793,3.1413984298706055,-0.0006046664202585816,-0.0012433986412361264,2.3109074390958995e-05
4.047540903091431,5.0,0.011992187239229679,0.0,9.765624417923391e-05,-3.0,-0.01470214780420065,0.5,5.09491546836216e-05,-7.812499534338714e-05,-1.811215770430863e-05,-0.25,-3.098368688370101e-05,-2.8516339946438664e-06,5.649820013786666e-05,-0.06698604497254403,-0.06683087348937988,3.141592653589793,3.1413984298706055,-0.0006046664202585816,-0.0012433986412361264,2.3109074390958995e-05
4.0518693923950195,5.0,0.011992187239229679,0.0,9.765624417923391e-05,-3.0,-0.01470214780420065,0.5,5.09491546836216e-05,-7.812499534338714e-05,-1.811215770430863e-05,-0.25,-3.098368688370101e-05,1.9447333575413824e-05,5.649820013786666e-05,-0.06699388610143797,-0.06683087348937988,3.141592653589793,3.1413984298706055,-0.003455646103248,-0.002469983883202076,0.00010102246596943587
4.0571935176849365,5.0,0.011992187239229679,0.0,9.765624417923391e-05,-3.0,-0.01470214780420065,0.5,5.440465974970721e-05,-7.812499534338714e-05,-4.134109622100368e-05,-0.25,-1.8365382857155055e-05,-2.6965808759998144e-05,5.649820013786666e-05,-0.06698698116331417,-0.06683087348937988,3.141592653589793,3.1413984298706055,-0.003455646103248,-0.002469983883202076,0.00010102246596943587
4.062305688858032,5.0,0.011992187239229679,0.0,9.765624417923391e-05,-3.0,-0.01470214780420065,0.5,5.440465974970721e-05,-7.812499534338714e-05,-4.134109622100368e-05,-0.25,-1.8365382857155055e-05,1.666753870693655e-05,5.649820013786666e-05,-0.06699347144083004,-0.06683087348937988,3.141592653589793,3.1413984298706055,-0.0004281013389118016,-0.0011588677298277617,4.840784822590649e-05
4.0666258335113525,5.0,0.011992187239229679,0.0,9.765624417923391e-05,-3.0,-0.01470214780420065,0.5,5.440465974970721e-05,-7.812499534338714e-05,-4.134109622100368e-05,-0.25,-1.8365382857155055e-05,1.667071694223899e-05,5.649820013786666e-05,-0.06699347144083004,-0.06683087348937988,3.141592653589793,3.1413984298706055,-0.0004281013389118016,-0.0011588677298277617,4.840784822590649e-05
4.071523904800415,5.0,0.011992187239229679,0.0,9.765624417923391e-05,-3.0,-0.01470214780420065,0.5,4.873383659287356e-05,-7.812499534338714e-05,-4.969860310666263e-05,-0.25,-2.8079746698495e-05,-1.3922518813088465e-06,5.649820013786666e-05,-0.06700572960522898,-0.06683087348937988,3.141592653589793,3.1413984298706055,-0.001381688634864986,-0.0012652125442400575,2.666335058165714e-05
4.076424598693848,5.0,0.011992187239229679,0.0,9.765624417923391e-05,-3.0,-0.01470214780420065,0.5,4.873383659287356e-05,-7.812499534338714e-05,-4.969860310666263e-05,-0.25,-2.8079746698495e-05,1.5673386986810178e-05,5.649820013786666e-05,-0.06699415193960885,-0.06683087348937988,3.141592653589793,3.1413984298706055,-0.001381688634864986,-0.0012652125442400575,2.666335058165714e-05
4.08093786239624,5.0,0.011992187239229679,0.0,9.765624417923391e-05,-3.0,-0.01470214780420065,0.5,4.3725071009248495e-05,-7.812499534338714e-05,3.2413690860266797e-06,-0.25,-3.822565122391097e-05,0.00013933217433901579,5.649820013786666e-05,-0.06700585087078288,-0.06683087348937988,3.141592653589793,3.1413984298706055,-0.0003625694662332535,-0.0011191521771252155,9.219286584993824e-05
4.085554361343384,5.0,0.011992187239229679,0.0,9.765624417923391e-05,-3.0,-0.01470214780420065,0.5,4.3725071009248495e-05,-7.812499534338714e-05,3.2413690860266797e-06,-0.25,-3.822565122391097e-05,2.204104076183082e-05,5.649820013786666e-05,-0.06699475299147889,-0.06683087348937988,3.141592653589793,3.1413984298706055,-0.0003625694662332535,-0.0011191521771252155,9.219286584993824e-05
4.090177059173584,5.0,0.011992187239229679,0.0,9.765624417923391e-05,-3.0,-0.01470214780420065,0.5,5.3221097914502025e-05,-7.812499534338714e-05,-1.891585452540312e-05,-0.25,-2.979874625452794e-05,-2.854372109053832e-05,5.649820013786666e-05,-0.06697307129297932,-0.06683087348937988,3.141592653589793,3.1413984298706055,-0.0009422939037904143,-0.0013365003978833556,-8.638904546387494e-05
4.095017194747925,5.0,0.011992187239229679,0.0,9.765624417923391e-05,-3.0,-0.01470214780420065,0.5,5.3221097914502025e-05,-7.812499534338714e-05,-1.891585452540312e-05,-0.25,-2.979874625452794e-05,1.9393379653170977e-05,5.649820013786666e-05,-0.06699361346825025,-0.06683087348937988,3.141592653589793,3.1413984298706055,-0.0009422939037904143,-0.0013365003978833556,-8.638904546387494e-05
4.0997936725616455,5.0,0.011992187239229679,0.0,9.765624417923391e-05,-3.0,-0.01470214780420065,0.5,5.3221097914502025e-05,-7.812499534338714e-05,-1.891585452540312e-05,-0.25,-2.979874625452794e-05,1.9399035876120707e-05,5.649820013786666e-05,-0.06699361346825025,-0.06683087348937988,3.141592653589793,3.1413984298706055,-0.0006940237362869084,-0.0013769699726253748,2.8290141926845536e-05
4.104225158691406,5.0,0.011992187239229679,0.0,9.765624417923391e-05,-3.0,-0.01470214780420065,0.5,5.679912646883167e-05,-7.812499534338714e-05,-2.0951201804564334e-05,-0.25,-4.418492244440131e-05,1.4566938901290254e-05,5.649820013786666e-05,-0.06698510999954718,-0.06683087348937988,3.141592653589793,3.1413984298706055,-0.0006940237362869084,-0.0013769699726253748,2.8290141926845536e-05
4.109081983566284,5.0,0.011992187239229679,0.0,9.765624417923391e-05,-3.0,-0.01470214780420065,0.5,5.679912646883167e-05,-7.812499534338714e-05,-2.0951201804564334e-05,-0.25,-4.418492244440131e-05,1.9165415162135434e-05,5.649820013786666e-05,-0.06699318410482374,-0.06683087348937988,3.141592653589793,3.1413984298706055,-0.0004101349040865898,-0.0013237065868452191,7.465637463610619e-05
4.113765001296997,5.0,0.011992187239229679,0.0,9.765624417923391e-05,-3.0,-0.01470214780420065,0.5,5.395665721152909e-05,-7.812499534338714e-05,-6.665415185125312e-06,-0.25,-5.348562990548089e-05,5.139191717963055e-05,5.649820013786666e-05,-0.06699959493953996,-0.06683087348937988,3.141592653589793,3.1413984298706055,-0.0004101349040865898,-0.0013237065868452191,7.465637463610619e-05
4.118379831314087,5.0,0.011992187239229679,0.0,9.765624417923391e-05,-3.0,-0.01470214780420065,0.5,5.395665721152909e-05,-7.812499534338714e-05,-6.665415185125312e-06,-0.25,-5.348562990548089e-05,2.0892997962396785e-05,5.649820013786666e-05,-0.06699352520113461,-0.06683087348937988,3.141592653589793,3.1413984298706055,-0.0014671137323603034,-0.0014477209188044071,1.5847166650928557e-05
4.123160362243652,5.0,0.011992187239229679,0.0,9.765624417923391e-05,-3.0,-0.01470214780420065,0.5,6.244428368518129e-05,-7.812499534338714e-05,-1.5270263247657567e-05,-0.25,-6.809115438954905e-05,1.8666508766643453e-06,5.649820013786666e-05,-0.06697475211727344,-0.06683087348937988,3.141592653589793,3.1413984298706055,-0.000328893685946241,-0.0014573734952136874,1.5844543668208644e-05
4.127757549285889,5.0,0.011992187239229679,0.0,9.765624417923391e-05,-3.0,-0.01470214780420065,0.5,6.244428368518129e-05,-7.812499534338714e-05,-1.5270263247657567e-05,-0.25,-6.809115438954905e-05,1.9872204873908652e-05,5.649820013786666e-05,-0.06699250668595777,-0.06683087348937988,3.141592653589793,3.1413984298706055,-0.000328893685946241,-0.0014573734952136874,1.5844543668208644e-05
4.1324303150177,5.0,0.011992187239229679,0.0,9.765624417923391e-05,-3.0,-0.01470214780420065,0.5,6.655428296653554e-05,-7.812499534338714e-05,-5.284010694595054e-05,-0.25,-8.161782898241654e-05,-6.503554085037648e-05,5.649820013786666e-05,-0.06698321784013056,-0.06683087348937988,3.141592653589793,3.1413984298706055,-0.0013192875776439905,-0.0017096820520237088,1.5937097487039864e-05
4.136979579925537,5.0,0.011992187239229679,0.0,9.765624417923391e-05,-3.0,-0.01470214780420065,0.5,6.655428296653554e-05,-7.812499534338714e-05,-5.284010694595054e-05,-0.25,-8.161782898241654e-05,1.536848719042392e-05,5.649820013786666e-05,-0.06699201348604401,-0.06683087348937988,3.141592653589793,3.1413984298706055,-0.0013192875776439905,-0.0017096820520237088,1.5937097487039864e-05
4.141608476638794,5.0,0.011992187239229679,0.0,9.765624417923391e-05,-3.0,-0.01470214780420065,0.5,6.655428296653554e-05,-7.812499534338714e-05,-5.284010694595054e-05,-0.25,-8.161782898241654e-05,1.537082801315988e-05,5.649820013786666e-05,-0.06699201348604401,-0.06683087348937988,3.141592653589793,3.1413984298706055,-0.00037023588083684444,-0.0016501115169376135,2.6411367798573337e-05
4.14632248878479,5.0,0.011992187239229679,0.0,9.765624417923391e-05,-3.0,-0.01470214780420065,0.5,5.035556750954129e-05,-7.812499534338714e-05,3.1155657779891044e-05,-0.25,-0.00010862111957976595,0.0002036437969586714,5.649820013786666e-05,-0.06702832023754125,-0.06683087348937988,3.141592653589793,3.1413984298706055,-0.00037023588083684444,-0.0016501115169376135,2.6411367798573337e-05
4.15084171295166,5.0,0.011992187239229679,0.0,9.765624417923391e-05,-3.0,-0.01470214780420065,0.5,5.035556750954129e-05,-7.812499534338714e-05,3.1155657779891044e-05,-0.25,-0.00010862111957976595,2.54705000621551e-05,5.649820013786666e-05,-0.06699395733189886,-0.06683087348937988,3.141592653589793,3.1413984298706055,-0.0001928689598571509,-0.0015037893317639828,0.00030723449890501797
4.1554200649261475,5.0,0.011992187239229679,0.0,9.765624417923391e-05,-3.0,-0.01470214780420065,0.5,6.796005618525669e-05,-7.812499534338714e-05,-3.8407302781706676e-05,-0.25,-6.669879076071084e-05,-0.00013481228403811561,5.649820013786666e-05,-0.06695339320898941,-0.06683087348937988,3.141592653589793,3.1413984298706055,-0.0001928689598571509,-0.0015037893317639828,0.00030723449890501797
4.15998649597168,5.0,0.011992187239229679,0.0,9.765624417923391e-05,-3.0,-0.01470214780420065,0.5,6.796005618525669e-05,-7.812499534338714e-05,-3.8407302781706676e-05,-0.25,-6.669879076071084e-05,1.7130208988374024e-05,5.649820013786666e-05,-0.06699184479325776,-0.06683087348937988,3.141592653589793,3.1413984298706055,-0.0003625430690590292,-0.0014749655965715647,1.2226608305354603e-05
4.164734840393066,5.0,0.011992187239229679,0.0,9.765624417923391e-05,-3.0,-0.01470214780420065,0.5,6.360858242260292e-05,-7.812499534338714e-05,-2.4713219318073243e-05,-0.25,-6.618022598559037e-05,4.7618272623441214e-05,5.649820013786666e-05,-0.06700153116161792,-0.06683087348937988,3.141592653589793,3.1413984298706055,-0.0006293851765803993,-0.001560610719025135,7.12900873622857e-06
4.169440031051636,5.0,0.011992187239229679,0.0,9.765624417923391e-05,-3.0,-0.01470214780420065,0.5,6.360858242260292e-05,-7.812499534338714e-05,-2.4713219318073243e-05,-0.25,-6.618022598559037e-05,1.8783597605976796e-05,5.649820013786666e-05,-0.06699236697010928,-0.06683087348937988,3.141592653589793,3.1413984298706055,-0.0006293851765803993,-0.001560610719025135,7.12900873622857e-06
4.174237489700317,5.0,0.011992187239229679,0.0,9.765624417923391e-05,-3.0,-0.01470214780420065,0.5,6.360858242260292e-05,-7.812499534338714e-05,-2.4713219318073243e-05,-0.25,-6.618022598559037e-05,1.8788722421713478e-05,5.649820013786666e-05,-0.06699236697010928,-0.06683087348937988,3.141592653589793,3.1413984298706055,-0.0002529703197069466,-0.0013324986211955547,8.093549695331603e-05
4.179041862487793,5.0,0.011992187239229679,0.0,9.765624417923391e-05,-3.0,-0.01470214780420065,0.5,4.8601403250359e-05,-7.812499534338714e-05,1.5555850040982477e-05,-0.25,-6.843209121143445e-05,0.00010744754923946664,5.649820013786666e-05,-0.06702540433184859,-0.06683087348937988,3.141592653589793,3.1413984298706055,-0.0002529703197069466,-0.0013324986211955547,8.093549695331603e-05
4.183891773223877,5.0,0.011992187239229679,0.0,9.765624417923391e-05,-3.0,-0.01470214780420065,0.5,4.8601403250359e-05,-7.812499534338714e-05,1.5555850040982477e-05,-0.25,-6.843209121143445e-05,2.3639099173641513e-05,5.649820013786666e-05,-0.06699416783160995,-0.06683087348937988,3.141592653589793,3.1413984298706055,0.0008223297772929072,-0.0007636563386768103,0.0008781050564721227
4.188483476638794,5.0,0.011992187239229679,0.0,9.765624417923391e-05,-3.0,-0.01470214780420065,0.5,6.467982893809676e-05,-7.812499534338714e-05,-0.00021133954578544945,-0.25,5.0642487622099e-05,-0.0004977426798340953,5.649820013786666e-05,-0.0669572221656981,-0.06683087348937988,3.141592653589793,3.1413984298706055,0.0008223297772929072,-0.0007636563386768103,0.0008781050564721227
4.193233013153076,5.0,0.011992187239229679,0.0,9.765624417923391e-05,-3.0,-0.01470214780420065,0.5,6.467982893809676e-05,-7.812499534338714e-05,-0.00021133954578544945,-0.25,5.0642487622099e-05,-3.61323610708511e-06,5.649820013786666e-05,-0.06699223842052743,-0.06683087348937988,3.141592653589793,3.1413984298706055,-0.0005568341002799571,-0.001253853552043438,2.6586669264361262e-05
4.197848320007324,5.0,0.011992187239229679,0.0,9.765624417923391e-05,-3.0,-0.01470214780420065,0.5,5.10258978465572e-05,-7.812499534338714e-05,-3.776436415137141e-06,-0.25,-4.7805307985981926e-05,0.0004710288472701204,5.649820013786666e-05,-0.0670234609080622,-0.06683087348937988,3.141592653589793,3.1413984298706055,-0.0005568341002799571,-0.001253853552043438,2.6586669264361262e-05
4.202457904815674,5.0,0.011992187239229679,0.0,9.765624417923391e-05,-3.0,-0.01470214780420065,0.5,5.10258978465572e-05,-7.812499534338714e-05,-3.776436415137141e-06,-0.25,-4.7805307985981926e-05,2.1308054165380033e-05,5.649820013786666e-05,-0.06699387689225841,-0.06683087348937988,3.141592653589793,3.1413984298706055,-0.0005740395281463861,-0.0013718525879085064,2.6434507162775844e-05
4.207158088684082,5.0,0.011992187239229679,0.0,9.765624417923391e-05,-3.0,-0.01470214780420065,0.5,5.10258978465572e-05,-7.812499534338714e-05,-3.776436415137141e-06,-0.25,-4.7805307985981926e-05,2.1315043203326308e-05,5.649820013786666e-05,-0.06699387689225841,-0.06683087348937988,3.141592653589793,3.1413984298706055,-0.0005740395281463861,-0.0013718525879085064,2.6434507162775844e-05
4.211973428726196,5.0,0.011992187239229679,0.0,9.765624417923391e-05,-3.0,-0.01470214780420065,0.5,5.224615233601071e-05,-7.812499534338714e-05,-5.038353720010491e-06,-0.25,-5.207776848692447e-05,1.855003256773234e-05,5.649820013786666e-05,-0.06699119636344462,-0.06683087348937988,3.141592653589793,3.1413984298706055,-0.0003986060619354248,-0.0012824934674426913,5.450455500977114e-05
4.216792345046997,5.0,0.011992187239229679,0.0,9.765624417923391e-05,-3.0,-0.01470214780420065,0.5,5.224615233601071e-05,-7.812499534338714e-05,-5.038353720010491e-06,-0.25,-5.207776848692447e-05,2.117769583558359e-05,5.649820013786666e-05,-0.06699373046171968,-0.06683087348937988,3.141592653589793,3.1413984298706055,-0.0003986060619354248,-0.0012824934674426913,5.450455500977114e-05
4.221129894256592,5.0,0.011992187239229679,0.0,9.765624417923391e-05,-3.0,-0.01470214780420065,0.5,7.625669240951538e-06,-7.812499534338714e-05,0.00012268491263967007,-0.25,-9.465932816965505e-05,0.00033098142949234836,5.649820013786666e-05,-0.06710195518337907,-0.06683087348937988,3.141592653589793,3.1413984298706055,-0.0058456663973629475,-0.0023747647646814585,0.00010869489051401615
4.225668430328369,5.0,0.011992187239229679,0.0,9.765624417923391e-05,-3.0,-0.01470214780420065,0.5,7.625669240951538e-06,-7.812499534338714e-05,0.00012268491263967007,-0.25,-9.465932816965505e-05,3.65401359161173e-05,5.649820013786666e-05,-0.06699908491969109,-0.06683087348937988,3.141592653589793,3.1413984298706055,-0.0058456663973629475,-0.0023747647646814585,0.00010869489051401615
4.230700492858887,5.0,0.011992187239229679,0.0,9.765624417923391e-05,-3.0,-0.01470214780420065,0.5,5.179218715056777e-05,-7.812499534338714e-05,-1.5203203247438069e-06,-0.25,-4.8468111344845966e-05,-0.00022518446436136603,5.649820013786666e-05,-0.06690601472872246,-0.06683087348937988,3.141592653589793,3.1413984298706055,-0.00044119448284618556,-0.0013033600989729166,8.419935329584405e-05
4.235442638397217,5.0,0.011992187239229679,0.0,9.765624417923391e-05,-3.0,-0.01470214780420065,0.5,5.179218715056777e-05,-7.812499534338714e-05,-1.5203203247438069e-06,-0.25,-4.8468111344845966e-05,2.165048296104121e-05,5.649820013786666e-05,-0.06699378493754193,-0.06683087348937988,3.141592653589793,3.1413984298706055,-0.0006410516798496246,-0.0013942227233201265,-8.701146725798026e-06
4.240028619766235,5.0,0.011992187239229679,0.0,9.765624417923391e-05,-3.0,-0.01470214780420065,0.5,5.193158722249791e-05,-7.812499534338714e-05,-9.340885753772454e-07,-0.25,-5.725622031604871e-05,2.300622323248573e-05,5.649820013786666e-05,-0.06699346423954146,-0.06683087348937988,3.141592653589793,3.1413984298706055,-0.0006410516798496246,-0.0013942227233201265,-8.701146725798026e-06
4.244812488555908,5.0,0.011992187239229679,0.0,9.765624417923391e-05,-3.0,-0.01470214780420065,0.5,5.193158722249791e-05,-7.812499534338714e-05,-9.340885753772454e-07,-0.25,-5.725622031604871e-05,2.1735296115565795e-05,5.649820013786666e-05,-0.06699376820953329,-0.06683087348937988,3.141592653589793,3.1413984298706055,-0.0006410516798496246,-0.0013942227233201265,-8.701146725798026e-06
4.249140501022339,5.0,0.011992187239229679,0.0,9.765624417923391e-05,-3.0,-0.01470214780420065,0.5,5.193158722249791e-05,-7.812499534338714e-05,-9.340885753772454e-07,-0.25,-5.725622031604871e-05,2.1741977779701533e-05,5.649820013786666e-05,-0.06699376820953329,-0.06683087348937988,3.141592653589793,3.1413984298706055,-0.00047230953350663185,-0.0013253344222903252,6.268978904699907e-05
4.253868579864502,5.0,0.011992187239229679,0.0,9.765624417923391e-05,-3.0,-0.01470214780420065,0.5,1.587480255693663e-05,-7.812499534338714e-05,0.00011106863530585542,-0.25,-0.00010026693053077906,0.0002720886388360922,5.649820013786666e-05,-0.06707435598690728,-0.06683087348937988,3.141592653589793,3.1413984298706055,-0.0011873585171997547,-0.001577030518092215,-5.0242688303114846e-05
4.258525848388672,5.0,0.011992187239229679,0.0,9.765624417923391e-05,-3.0,-0.01470214780420065,0.5,1.587480255693663e-05,-7.812499534338714e-05,0.00011106863530585542,-0.25,-0.00010026693053077906,3.521781760431227e-05,5.649820013786666e-05,-0.06699809502369317,-0.06683087348937988,3.141592653589793,3.1413984298706055,-0.0011873585171997547,-0.001577030518092215,-5.0242688303114846e-05
4.263170957565308,5.0,0.011992187239229679,0.0,9.765624417923391e-05,-3.0,-0.01470214780420065,0.5,4.8469824832864106e-05,-7.812499534338714e-05,7.515924380641081e-07,-0.25,-5.4305790399666876e-05,-0.0002155036425178618,5.649820013786666e-05,-0.0669240129941597,-0.06683087348937988,3.141592653589793,3.1413984298706055,-0.0005150962388142943,-0.0012602242641150951,3.697174906847067e-05
4.267938137054443,5.0,0.011992187239229679,0.0,9.765624417923391e-05,-3.0,-0.01470214780420065,0.5,4.8469824832864106e-05,-7.812499534338714e-05,7.515924380641081e-07,-0.25,-5.4305790399666876e-05,2.1994620644440717e-05,5.649820013786666e-05,-0.06699418362102005,-0.06683087348937988,3.141592653589793,3.1413984298706055,-0.0005150962388142943,-0.0012602242641150951,3.697174906847067e-05
4.2726054191589355,5.0,0.011992187239229679,0.0,9.765624417923391e-05,-3.0,-0.01470214780420065,0.5,4.48782739113085e-05,-7.812499534338714e-05,3.2450118396809557e-06,-0.25,-4.4653414079220966e-05,2.7643763538177142e-05,5.649820013786666e-05,-0.06700230977284195,-0.06683087348937988,3.141592653589793,3.1413984298706055,-0.0004251680802553892,-0.0011737371096387506,0.00010259634291287512
4.277361869812012,5.0,0.011992187239229679,0.0,9.765624417923391e-05,-3.0,-0.01470214780420065,0.5,4.48782739113085e-05,-7.812499534338714e-05,3.2450118396809557e-06,-0.25,-4.4653414079220966e-05,2.230916715667823e-05,5.649820013786666e-05,-0.06699461460713063,-0.06683087348937988,3.141592653589793,3.1413984298706055,-0.0004251680802553892,-0.0011737371096387506,0.00010259634291287512
4.282088279724121,5.0,0.011992187239229679,0.0,9.765624417923391e-05,-3.0,-0.01470214780420065,0.5,3.691762685775757e-06,-7.812499534338714e-05,0.00012175632582511753,-0.25,-8.443117258138955e-05,2.2316858916848203e-05,5.649820013786666e-05,-0.06699461460713063,-0.06683087348937988,3.141592653589793,3.1413984298706055,0.0008303815848194063,-0.0006867089541628957,0.0008627785136923194
4.287149906158447,5.0,0.011992187239229679,0.0,9.765624417923391e-05,-3.0,-0.01470214780420065,0.5,3.691762685775757e-06,-7.812499534338714e-05,0.00012175632582511753,-0.25,-8.443117258138955e-05,0.0002706952755305669,5.649820013786666e-05,-0.06708092710095029,-0.06683087348937988,3.141592653589793,3.1413984298706055,0.0008303815848194063,-0.0006867089541628957,0.0008627785136923194
4.2918877601623535,5.0,0.011992187239229679,0.0,9.765624417923391e-05,-3.0,-0.01470214780420065,0.5,3.691762685775757e-06,-7.812499534338714e-05,0.00012175632582511753,-0.25,-8.443117258138955e-05,3.657739125703577e-05,5.649820013786666e-05,-0.0669995569884777,-0.06683087348937988,3.141592653589793,3.1413984298706055,-0.00041454611346125603,-0.0012196212774142623,7.065494719427079e-05
4.2967369556427,5.0,0.011992187239229679,0.0,9.765624417923391e-05,-3.0,-0.01470214780420065,0.5,5.032382614444941e-05,-7.812499534338714e-05,-2.9923892270744545e-06,-0.25,-4.265188908902928e-05,-0.0002356416871628967,5.649820013786666e-05,-0.06689779660460575,-0.06683087348937988,3.141592653589793,3.1413984298706055,-0.00041454611346125603,-0.0012196212774142623,7.065494719427079e-05
4.301344394683838,5.0,0.011992187239229679,0.0,9.765624417923391e-05,-3.0,-0.01470214780420065,0.5,5.032382614444941e-05,-7.812499534338714e-05,-2.9923892270744545e-06,-0.25,-4.265188908902928e-05,2.16217554827065e-05,5.649820013786666e-05,-0.06699396114086267,-0.06683087348937988,3.141592653589793,3.1413984298706055,-0.000623765867203474,-0.0013682979624718428,-3.916076821042225e-06
4.306157827377319,5.0,0.011992187239229679,0.0,9.765624417923391e-05,-3.0,-0.01470214780420065,0.5,5.4628548241453245e-05,-7.812499534338714e-05,-9.038811185746454e-06,-0.25,-5.149126081960276e-05,8.341276512292904e-06,5.649820013786666e-05,-0.06698450143036519,-0.06683087348937988,3.141592653589793,3.1413984298706055,-0.000623765867203474,-0.0013682979624718428,-3.916076821042225e-06
4.310778856277466,5.0,0.011992187239229679,0.0,9.765624417923391e-05,-3.0,-0.01470214780420065,0.5,5.4628548241453245e-05,-7.812499534338714e-05,-9.038811185746454e-06,-0.25,-5.149126081960276e-05,2.0909220666687572e-05,5.649820013786666e-05,-0.06699344457421103,-0.06683087348937988,3.141592653589793,3.1413984298706055,-0.0006169111002236605,-0.0014010367449373007,3.2641328289173543e-06
4.31557822227478,5.0,0.011992187239229679,0.0,9.765624417923391e-05,-3.0,-0.01470214780420065,0.5,5.4628548241453245e-05,-7.812499534338714e-05,-9.038811185746454e-06,-0.25,-5.149126081960276e-05,2.091585206435018e-05,5.649820013786666e-05,-0.06699344457421103,-0.06683087348937988,3.141592653589793,3.1413984298706055,-0.0006169111002236605,-0.0014010367449373007,3.2641328289173543e-06
4.320156812667847,5.0,0.011992187239229679,0.0,9.765624417923391e-05,-3.0,-0.01470214780420065,0.5,1.412987694493495e-05,-7.812499534338714e-05,0.00012109224189771339,-0.25,-0.00010658025712473318,0.00032076623252714706,5.649820013786666e-05,-0.06708675668461334,-0.06683087348937988,3.141592653589793,3.1413984298706055,-0.006253821775317192,-0.002575719030573964,7.124623516574502e-05
4.324617385864258,5.0,0.011992187239229679,0.0,9.765624417923391e-05,-3.0,-0.01470214780420065,0.5,1.412987694493495e-05,-7.812499534338714e-05,0.00012109224189771339,-0.25,-0.00010658025712473318,3.656759357831068e-05,5.649820013786666e-05,-0.0669983044147666,-0.06683087348937988,3.141592653589793,3.1413984298706055,-0.006253821775317192,-0.002575719030573964,7.124623516574502e-05
4.3294360637664795,5.0,0.011992187239229679,0.0,9.765624417923391e-05,-3.0,-0.01470214780420065,0.5,5.774572491645813e-05,-7.812499534338714e-05,3.123066107946215e-06,-0.25,-7.218599057523534e-05,-0.0002223973564431422,5.649820013786666e-05,-0.06690255637436753,-0.06683087348937988,3.141592653589793,3.1413984298706055,-0.00033154882839880884,-0.001441589673049748,9.106495417654514e-05
4.334221839904785,5.0,0.011992187239229679,0.0,9.765624417923391e-05,-3.0,-0.01470214780420065,0.5,5.774572491645813e-05,-7.812499534338714e-05,3.123066107946215e-06,-0.25,-7.218599057523534e-05,2.2426899348980445e-05,5.649820013786666e-05,-0.06699307051301003,-0.06683087348937988,3.141592653589793,3.1413984298706055,-0.00033154882839880884,-0.001441589673049748,9.106495417654514e-05
4.339105606079102,5.0,0.011992187239229679,0.0,9.765624417923391e-05,-3.0,-0.01470214780420065,0.5,6.187974940985441e-05,-7.812499534338714e-05,-9.739222150528803e-06,-0.25,-7.564544648630545e-05,-5.4467180822415755e-06,5.649820013786666e-05,-0.06698410960119523,-0.06683087348937988,3.141592653589793,3.1413984298706055,-0.00046152796130627394,-0.0015119608724489808,1.2588945537572727e-05
4.343888521194458,5.0,0.011992187239229679,0.0,9.765624417923391e-05,-3.0,-0.01470214780420065,0.5,6.187974940985441e-05,-7.812499534338714e-05,-9.739222150528803e-06,-0.25,-7.564544648630545e-05,2.0896646027447508e-05,5.649820013786666e-05,-0.06699257443007081,-0.06683087348937988,3.141592653589793,3.1413984298706055,-0.00046152796130627394,-0.0015119608724489808,1.2588945537572727e-05
4.348568677902222,5.0,0.011992187239229679,0.0,9.765624417923391e-05,-3.0,-0.01470214780420065,0.5,6.348769966280088e-05,-7.812499534338714e-05,-2.166841113648843e-05,-0.25,-6.954312266316265e-05,-6.018438709504843e-06,5.649820013786666e-05,-0.0669889457999438,-0.06683087348937988,3.141592653589793,3.1413984298706055,-0.0005485763540491462,-0.0015360544202849269,3.4744916774798185e-06
4.353235483169556,5.0,0.011992187239229679,0.0,9.765624417923391e-05,-3.0,-0.01470214780420065,0.5,6.348769966280088e-05,-7.812499534338714e-05,-2.166841113648843e-05,-0.25,-6.954312266316265e-05,1.9475697300048868e-05,5.649820013786666e-05,-0.06699238147604046,-0.06683087348937988,3.141592653589793,3.1413984298706055,0.0010067002149298787,-0.000918005418498069,0.0009479933651164174
4.357566833496094,5.0,0.011992187239229679,0.0,9.765624417923391e-05,-3.0,-0.01470214780420065,0.5,5.606900595012121e-05,-7.812499534338714e-05,-3.650286453193985e-05,-0.25,-4.208564496366307e-05,-1.654985843164693e-05,5.649820013786666e-05,-0.06701039961971747,-0.06683087348937988,3.141592653589793,3.1413984298706055,0.0010067002149298787,-0.000918005418498069,0.0009479933651164174
4.362353801727295,5.0,0.011992187239229679,0.0,9.765624417923391e-05,-3.0,-0.01470214780420065,0.5,5.606900595012121e-05,-7.812499534338714e-05,-3.650286453193985e-05,-0.25,-4.208564496366307e-05,1.7703153369550512e-05,5.649820013786666e-05,-0.06699327171928599,-0.06683087348937988,3.141592653589793,3.1413984298706055,-0.00037652687751688063,-0.0011939536780118942,7.899885531514883e-05
4.367018461227417,5.0,0.011992187239229679,0.0,9.765624417923391e-05,-3.0,-0.01470214780420065,0.5,5.606900595012121e-05,-7.812499534338714e-05,-3.650286453193985e-05,-0.25,-4.208564496366307e-05,1.7707036430908608e-05,5.649820013786666e-05,-0.06699327171928599,-0.06683087348937988,3.141592653589793,3.1413984298706055,-0.00037652687751688063,-0.0011939536780118942,7.899885531514883e-05
4.3719704151153564,5.0,0.011992187239229679,0.0,9.765624417923391e-05,-3.0,-0.01470214780420065,0.5,4.674672891269438e-05,-7.812499534338714e-05,-5.208440597925801e-06,-0.25,-3.976345033152029e-05,8.466570226837467e-05,5.649820013786666e-05,-0.0670132158445609,-0.06683087348937988,3.141592653589793,3.1413984298706055,-0.0004137060313951224,-0.0011406313860788941,5.114750092616305e-05
4.376873731613159,5.0,0.011992187239229679,0.0,9.765624417923391e-05,-3.0,-0.01470214780420065,0.5,4.674672891269438e-05,-7.812499534338714e-05,-5.208440597925801e-06,-0.25,-3.976345033152029e-05,2.147673955024256e-05,5.649820013786666e-05,-0.06699439039253047,-0.06683087348937988,3.141592653589793,3.1413984298706055,-0.0004137060313951224,-0.0011406313860788941,5.114750092616305e-05
4.381323337554932,5.0,0.011992187239229679,0.0,9.765624417923391e-05,-3.0,-0.01470214780420065,0.5,4.595115751726553e-05,-7.812499534338714e-05,-8.883524060365744e-06,-0.25,-3.278374424553476e-05,1.278254557266282e-05,5.649820013786666e-05,-0.06699627382031464,-0.06683087348937988,3.141592653589793,3.1413984298706055,-0.0005203522741794586,-0.0011716193985193968,6.169555126689374e-05
4.385894536972046,5.0,0.011992187239229679,0.0,9.765624417923391e-05,-3.0,-0.01470214780420065,0.5,4.595115751726553e-05,-7.812499534338714e-05,-8.883524060365744e-06,-0.25,-3.278374424553476e-05,2.104822181145391e-05,5.649820013786666e-05,-0.06699448586109794,-0.06683087348937988,3.141592653589793,3.1413984298706055,-0.0005203522741794586,-0.0011716193985193968,6.169555126689374e-05
4.390710353851318,5.0,0.011992187239229679,0.0,9.765624417923391e-05,-3.0,-0.01470214780420065,0.5,5.295481241773814e-05,-7.812499534338714e-05,-2.5552581064403057e-05,-0.25,-2.3527145458501764e-05,-1.556014688366158e-05,5.649820013786666e-05,-0.0669791023967345,-0.06683087348937988,3.141592653589793,3.1413984298706055,-0.0006500426679849625,-0.0012285502161830664,-1.7941740225069225e-05
4.395510673522949,5.0,0.011992187239229679,0.0,9.765624417923391e-05,-3.0,-0.01470214780420065,0.5,5.295481241773814e-05,-7.812499534338714e-05,-2.5552581064403057e-05,-0.25,-2.3527145458501764e-05,1.905804584125978e-05,5.649820013786666e-05,-0.06699364542250988,-0.06683087348937988,3.141592653589793,3.1413984298706055,-0.0006500426679849625,-0.0012285502161830664,-1.7941740225069225e-05
4.4001240730285645,5.0,0.011992187239229679,0.0,9.765624417923391e-05,-3.0,-0.01470214780420065,0.5,5.295481241773814e-05,-7.812499534338714e-05,-2.5552581064403057e-05,-0.25,-2.3527145458501764e-05,1.9062896592260652e-05,5.649820013786666e-05,-0.06699364542250988,-0.06683087348937988,3.141592653589793,3.1413984298706055,-0.0006952045951038599,-0.0013501036446541548,2.1119740267749876e-05
4.404796361923218,5.0,0.011992187239229679,0.0,9.765624417923391e-05,-3.0,-0.01470214780420065,0.5,5.583647362072952e-05,-7.812499534338714e-05,-2.4380464310524985e-05,-0.25,-3.7726164009654894e-05,2.171722922375847e-05,5.649820013786666e-05,-0.06698713206531974,-0.06683087348937988,3.141592653589793,3.1413984298706055,-0.0006952045951038599,-0.0013501036446541548,2.1119740267749876e-05
4.40959906578064,5.0,0.011992187239229679,0.0,9.765624417923391e-05,-3.0,-0.01470214780420065,0.5,5.583647362072952e-05,-7.812499534338714e-05,-2.4380464310524985e-05,-0.25,-3.7726164009654894e-05,1.921373518356602e-05,5.649820013786666e-05,-0.06699329962316551,-0.06683087348937988,3.141592653589793,3.1413984298706055,-0.0004480796051211655,-0.001323461881838739,5.5879587307572365e-05
4.41434121131897,5.0,0.011992187239229679,0.0,9.765624417923391e-05,-3.0,-0.01470214780420065,0.5,5.371145743993111e-05,-7.812499534338714e-05,-5.914646408200497e-06,-0.25,-5.2075385610805824e-05,6.037627779404491e-05,5.649820013786666e-05,-0.06699803575324555,-0.06683087348937988,3.141592653589793,3.1413984298706055,-0.0004480796051211655,-0.001323461881838739,5.5879587307572365e-05
4.418999671936035,5.0,0.011992187239229679,0.0,9.765624417923391e-05,-3.0,-0.01470214780420065,0.5,5.371145743993111e-05,-7.812499534338714e-05,-5.914646408200497e-06,-0.25,-5.2075385610805824e-05,2.1443209752858628e-05,5.649820013786666e-05,-0.0669935546251072,-0.06683087348937988,3.141592653589793,3.1413984298706055,-0.0004555570485536009,-0.0013346656924113631,6.395703530870378e-05
4.423969507217407,5.0,0.011992187239229679,0.0,9.765624417923391e-05,-3.0,-0.01470214780420065,0.5,6.711915193591267e-05,-7.812499534338714e-05,-4.4881940993946046e-05,-0.25,-4.321455708122812e-05,-6.163717926539142e-05,5.649820013786666e-05,-0.06696496755513529,-0.06683087348937988,3.141592653589793,3.1413984298706055,-0.00031933572608977556,-0.001365390489809215,1.7150829080492258e-05
4.42865252494812,5.0,0.011992187239229679,0.0,9.765624417923391e-05,-3.0,-0.01470214780420065,0.5,6.711915193591267e-05,-7.812499534338714e-05,-4.4881940993946046e-05,-0.25,-4.321455708122812e-05,1.6773552208915317e-05,5.649820013786666e-05,-0.0669919457017677,-0.06683087348937988,3.141592653589793,3.1413984298706055,-0.00031933572608977556,-0.001365390489809215,1.7150829080492258e-05
4.433357238769531,5.0,0.011992187239229679,0.0,9.765624417923391e-05,-3.0,-0.01470214780420065,0.5,6.189197301864624e-05,-7.812499534338714e-05,-3.1796027997188503e-06,-0.25,-8.110642374958843e-05,1.6776680190060594e-05,5.649820013786666e-05,-0.0669919457017677,-0.06683087348937988,3.141592653589793,3.1413984298706055,-0.0003723331610672176,-0.0015342083061113954,6.944717461010441e-05
4.43840765953064,5.0,0.011992187239229679,0.0,9.765624417923391e-05,-3.0,-0.01470214780420065,0.5,6.189197301864624e-05,-7.812499534338714e-05,-3.1796027997188503e-06,-0.25,-8.110642374958843e-05,0.0001043605385823191,5.649820013786666e-05,-0.067002922950228,-0.06683087348937988,3.141592653589793,3.1413984298706055,-0.0003723331610672176,-0.0015342083061113954,6.944717461010441e-05
4.443064212799072,5.0,0.011992187239229679,0.0,9.765624417923391e-05,-3.0,-0.01470214780420065,0.5,6.189197301864624e-05,-7.812499534338714e-05,-3.1796027997188503e-06,-0.25,-8.110642374958843e-05,2.179551063294896e-05,5.649820013786666e-05,-0.06699257296323777,-0.06683087348937988,3.141592653589793,3.1413984298706055,-0.00036022832500748336,-0.001577290240675211,5.3488929552258924e-05
4.447583436965942,5.0,0.011992187239229679,0.0,9.765624417923391e-05,-3.0,-0.01470214780420065,0.5,6.438538548536599e-05,-7.812499534338714e-05,-5.663536740030395e-06,-0.25,-8.712529961485416e-05,1.6007615458027418e-05,5.649820013786666e-05,-0.06698675640745697,-0.06683087348937988,3.141592653589793,3.1413984298706055,-0.00036022832500748336,-0.001577290240675211,5.3488929552258924e-05
4.452516555786133,5.0,0.011992187239229679,0.0,9.765624417923391e-05,-3.0,-0.01470214780420065,0.5,6.438538548536599e-05,-7.812499534338714e-05,-5.663536740030395e-06,-0.25,-8.712529961485416e-05,2.1511137171312806e-05,5.649820013786666e-05,-0.06699227375374175,-0.06683087348937988,3.141592653589793,3.1413984298706055,0.0009089523227885365,-0.0011152810184285045,0.0008776686154305935
4.456876993179321,5.0,0.011992187239229679,0.0,9.765624417923391e-05,-3.0,-0.01470214780420065,0.5,6.45399049972184e-05,-7.812499534338714e-05,-1.4003766409587115e-05,-0.25,-8.259176684077829e-05,1.388853227704541e-06,5.649820013786666e-05,-0.06699190084440014,-0.06683087348937988,3.141592653589793,3.1413984298706055,0.0009089523227885365,-0.0011152810184285045,0.0008776686154305935
4.461702346801758,5.0,0.011992187239229679,0.0,9.765624417923391e-05,-3.0,-0.01470214780420065,0.5,6.45399049972184e-05,-7.812499534338714e-05,-1.4003766409587115e-05,-0.25,-8.259176684077829e-05,2.0522089695139016e-05,5.649820013786666e-05,-0.06699225521140033,-0.06683087348937988,3.141592653589793,3.1413984298706055,-0.00018943726900033653,-0.0014870212180539966,8.208089275285602e-05
4.466456890106201,5.0,0.011992187239229679,0.0,9.765624417923391e-05,-3.0,-0.01470214780420065,0.5,6.377689715009183e-05,-7.812499534338714e-05,-3.292920519015752e-05,-0.25,-8.654236444272101e-05,-2.1549621414121993e-05,5.649820013786666e-05,-0.06699395156968689,-0.06683087348937988,3.141592653589793,3.1413984298706055,-0.00018943726900033653,-0.0014870212180539966,8.208089275285602e-05
4.470877408981323,5.0,0.011992187239229679,0.0,9.765624417923391e-05,-3.0,-0.01470214780420065,0.5,6.377689715009183e-05,-7.812499534338714e-05,-3.292920519015752e-05,-0.25,-8.654236444272101e-05,1.8259330525168778e-05,5.649820013786666e-05,-0.06699234677234198,-0.06683087348937988,3.141592653589793,3.1413984298706055,-0.0007932887529022992,-0.0015383913414552808,-3.169709088979289e-06
4.47573709487915,5.0,0.011992187239229679,0.0,9.765624417923391e-05,-3.0,-0.01470214780420065,0.5,6.377689715009183e-05,-7.812499534338714e-05,-3.292920519015752e-05,-0.25,-8.654236444272101e-05,1.8263723272049756e-05,5.649820013786666e-05,-0.06699234677234198,-0.06683087348937988,3.141592653589793,3.1413984298706055,-0.0003240822989027947,-0.0014920764369890094,8.499666000716388e-05
4.480383634567261,5.0,0.011992187239229679,0.0,9.765624417923391e-05,-3.0,-0.01470214780420065,0.5,5.915783185628243e-05,-7.812499534338714e-05,9.006960226543015e-07,-0.25,-8.242129842983559e-05,9.513731036193035e-05,5.649820013786666e-05,-0.0670028419314575,-0.06683087348937988,3.141592653589793,3.1413984298706055,-0.0003240822989027947,-0.0014920764369890094,8.499666000716388e-05
4.485297203063965,5.0,0.011992187239229679,0.0,9.765624417923391e-05,-3.0,-0.01470214780420065,0.5,5.915783185628243e-05,-7.812499534338714e-05,9.006960226543015e-07,-0.25,-8.242129842983559e-05,2.2338421300763958e-05,5.649820013786666e-05,-0.06699290106017725,-0.06683087348937988,3.141592653589793,3.1413984298706055,-0.00670975586399436,-0.002687884494662285,1.9128492567688227e-06
4.48990273475647,5.0,0.011992187239229679,0.0,9.765624417923391e-05,-3.0,-0.01470214780420065,0.5,5.6547854910604656e-05,-7.812499534338714e-05,2.3706350020802347e-06,-0.25,-8.023500413401052e-05,2.571390987187966e-05,5.649820013786666e-05,-0.06699888130547366,-0.06683087348937988,3.141592653589793,3.1413984298706055,-0.00670975586399436,-0.002687884494662285,1.9128492567688227e-06
4.49472451210022,5.0,0.011992187239229679,0.0,9.765624417923391e-05,-3.0,-0.01470214780420065,0.5,5.6547854910604656e-05,-7.812499534338714e-05,2.3706350020802347e-06,-0.25,-8.023500413401052e-05,2.2529991121961765e-05,5.649820013786666e-05,-0.06699321425741073,-0.06683087348937988,3.141592653589793,3.1413984298706055,-0.0002833513426594436,-0.0014881842071190476,-1.544123915664386e-05
4.4994611740112305,5.0,0.011992187239229679,0.0,9.765624417923391e-05,-3.0,-0.01470214780420065,0.5,6.617814506171271e-05,-7.812499534338714e-05,-1.354244704998564e-05,-0.25,-8.851289749145508e-05,-1.2969022951576983e-05,5.649820013786666e-05,-0.06697172723662492,-0.06683087348937988,3.141592653589793,3.1413984298706055,-0.0002833513426594436,-0.0014881842071190476,-1.544123915664386e-05
4.504462242126465,5.0,0.011992187239229679,0.0,9.765624417923391e-05,-3.0,-0.01470214780420065,0.5,6.617814506171271e-05,-7.812499534338714e-05,-1.354244704998564e-05,-0.25,-8.851289749145508e-05,2.0632999024107623e-05,5.649820013786666e-05,-0.06699205862259258,-0.06683087348937988,3.141592653589793,3.1413984298706055,-0.0003596712776925415,-0.0015866333851590753,5.6326571211684495e-05
4.509054660797119,5.0,0.011992187239229679,0.0,9.765624417923391e-05,-3.0,-0.01470214780420065,0.5,6.423562444979325e-05,-7.812499534338714e-05,-6.679893704131246e-05,-0.25,-7.182716944953427e-05,2.063893082611924e-05,5.649820013786666e-05,-0.06699205862259258,-0.06683087348937988,3.141592653589793,3.1413984298706055,-0.0003596712776925415,-0.0015866333851590753,5.6326571211684495e-05
4.513897895812988,5.0,0.011992187239229679,0.0,9.765624417923391e-05,-3.0,-0.01470214780420065,0.5,6.423562444979325e-05,-7.812499534338714e-05,-6.679893704131246e-05,-0.25,-7.182716944953427e-05,-9.571132437202526e-05,5.649820013786666e-05,-0.06699630251662488,-0.06683087348937988,3.141592653589793,3.1413984298706055,-0.0016055961605161428,-0.0017109530745074153,9.409071935806423e-06
4.5186004638671875,5.0,0.011992187239229679,0.0,9.765624417923391e-05,-3.0,-0.01470214780420065,0.5,6.423562444979325e-05,-7.812499534338714e-05,-6.679893704131246e-05,-0.25,-7.182716944953427e-05,1.4250314353602257e-05,5.649820013786666e-05,-0.06699229172506602,-0.06683087348937988,3.141592653589793,3.1413984298706055,-0.0016055961605161428,-0.0017109530745074153,9.409071935806423e-06
4.523632049560547,5.0,0.011992187239229679,0.0,9.765624417923391e-05,-3.0,-0.01470214780420065,0.5,7.64166543376632e-05,-7.812499534338714e-05,-0.0002052983909379691,-0.25,1.2658833838941064e-05,-0.00027764246966554624,5.649820013786666e-05,-0.06696662087411841,-0.06683087348937988,3.141592653589793,3.1413984298706055,-0.0009981972398236394,-0.0016912566497921944,-9.646909893490374e-05
4.528277158737183,5.0,0.011992187239229679,0.0,9.765624417923391e-05,-3.0,-0.01470214780420065,0.5,7.64166543376632e-05,-7.812499534338714e-05,-0.0002052983909379691,-0.25,1.2658833838941064e-05,-2.3942324768915373e-06,5.649820013786666e-05,-0.06699083000147948,-0.06683087348937988,3.141592653589793,3.1413984298706055,-0.0009981972398236394,-0.0016912566497921944,-9.646909893490374e-05
4.5330810546875,5.0,0.011992187239229679,0.0,9.765624417923391e-05,-3.0,-0.01470214780420065,0.5,6.039425716153346e-05,-7.812499534338714e-05,-1.7887662124849157e-06,-0.25,-8.000969683052972e-05,0.00044566879591149993,5.649820013786666e-05,-0.06702610561214695,-0.06683087348937988,3.141592653589793,3.1413984298706055,-0.000365915650036186,-0.0015122597105801105,7.7326491009444e-05
4.537633180618286,5.0,0.011992187239229679,0.0,9.765624417923391e-05,-3.0,-0.01470214780420065,0.5,6.039425716153346e-05,-7.812499534338714e-05,-1.7887662124849157e-06,-0.25,-8.000969683052972e-05,2.2041206558767955e-05,5.649820013786666e-05,-0.06699275268914062,-0.06683087348937988,3.141592653589793,3.1413984298706055,-0.000365915650036186,-0.0015122597105801105,7.7326491009444e-05
4.542524814605713,5.0,0.011992187239229679,0.0,9.765624417923391e-05,-3.0,-0.01470214780420065,0.5,6.039425716153346e-05,-7.812499534338714e-05,-1.7887662124849157e-06,-0.25,-8.000969683052972e-05,2.204867473662573e-05,5.649820013786666e-05,-0.06699275268914062,-0.06683087348937988,3.141592653589793,3.1413984298706055,-0.0015388287138193846,-0.0016645918367430568,5.1603994506876916e-05
4.547224283218384,5.0,0.011992187239229679,0.0,9.765624417923391e-05,-3.0,-0.01470214780420065,0.5,6.186377140693367e-05,-7.812499534338714e-05,-5.5279466323554516e-05,-0.25,-6.414651579689234e-05,-9.819093121873714e-05,5.649820013786666e-05,-0.06698944936783727,-0.06683087348937988,3.141592653589793,3.1413984298706055,-0.0015388287138193846,-0.0016645918367430568,5.1603994506876916e-05
4.552372932434082,5.0,0.011992187239229679,0.0,9.765624417923391e-05,-3.0,-0.01470214780420065,0.5,6.186377140693367e-05,-7.812499534338714e-05,-5.5279466323554516e-05,-0.25,-6.414651579689234e-05,1.5634290432530154e-05,5.649820013786666e-05,-0.06699257634743117,-0.06683087348937988,3.141592653589793,3.1413984298706055,0.0008501510601490736,-0.0009646206744946539,0.0008355873287655413
4.557219982147217,5.0,0.011992187239229679,0.0,9.765624417923391e-05,-3.0,-0.01470214780420065,0.5,6.098396988818422e-05,-7.812499534338714e-05,-2.1341573301469907e-05,-0.25,-6.975054566282779e-05,8.972997157946373e-05,5.649820013786666e-05,-0.06699449705151764,-0.06683087348937988,3.141592653589793,3.1413984298706055,0.0008501510601490736,-0.0009646206744946539,0.0008355873287655413
4.562135696411133,5.0,0.011992187239229679,0.0,9.765624417923391e-05,-3.0,-0.01470214780420065,0.5,6.098396988818422e-05,-7.812499534338714e-05,-2.1341573301469907e-05,-0.25,-6.975054566282779e-05,1.97179248581244e-05,5.649820013786666e-05,-0.0669926819236134,-0.06683087348937988,3.141592653589793,3.1413984298706055,-0.0002594113757368177,-0.0013975418405607343,6.554440187755972e-05
4.566632986068726,5.0,0.011992187239229679,0.0,9.765624417923391e-05,-3.0,-0.01470214780420065,0.5,6.61057565594092e-05,-7.812499534338714e-05,-2.2138205167721026e-05,-0.25,-7.067322439979762e-05,1.7856004887216083e-05,5.649820013786666e-05,-0.06698067870171551,-0.06683087348937988,3.141592653589793,3.1413984298706055,-0.0002594113757368177,-0.0013975418405607343,6.554440187755972e-05
4.571550130844116,5.0,0.011992187239229679,0.0,9.765624417923391e-05,-3.0,-0.01470214780420065,0.5,6.61057565594092e-05,-7.812499534338714e-05,-2.2138205167721026e-05,-0.25,-7.067322439979762e-05,1.9632870713478702e-05,5.649820013786666e-05,-0.06699206730921287,-0.06683087348937988,3.141592653589793,3.1413984298706055,-0.00026389906997792423,-0.0014800333883613348,7.224708679132164e-05
4.576217412948608,5.0,0.011992187239229679,0.0,9.765624417923391e-05,-3.0,-0.01470214780420065,0.5,6.61057565594092e-05,-7.812499534338714e-05,-2.2138205167721026e-05,-0.25,-7.067322439979762e-05,1.9638096836356202e-05,5.649820013786666e-05,-0.06699206730921287,-0.06683087348937988,3.141592653589793,3.1413984298706055,-0.00026389906997792423,-0.0014800333883613348,7.224708679132164e-05
4.580842971801758,5.0,0.011992187239229679,0.0,9.765624417923391e-05,-3.0,-0.01470214780420065,0.5,5.934037108090706e-05,-7.812499534338714e-05,4.0948972923615656e-07,-0.25,-8.122563303913921e-05,7.109696817505948e-05,5.649820013786666e-05,-0.06700750524864796,-0.06683087348937988,3.141592653589793,3.1413984298706055,-0.0003289646119810641,-0.001489840098656714,8.195608097594231e-05
4.585452556610107,5.0,0.011992187239229679,0.0,9.765624417923391e-05,-3.0,-0.01470214780420065,0.5,5.934037108090706e-05,-7.812499534338714e-05,4.0948972923615656e-07,-0.25,-8.122563303913921e-05,2.2358325769031615e-05,5.649820013786666e-05,-0.06699287915547028,-0.06683087348937988,3.141592653589793,3.1413984298706055,-0.00022128288401290774,-0.0014484289567917585,-0.00010381955507909879
4.59032940864563,5.0,0.011992187239229679,0.0,9.765624417923391e-05,-3.0,-0.01470214780420065,0.5,6.937708531040698e-05,-7.812499534338714e-05,-2.3336522644967772e-05,-0.25,-8.446335414191708e-05,-2.917712273933365e-05,5.649820013786666e-05,-0.06697109443656811,-0.06683087348937988,3.141592653589793,3.1413984298706055,-0.00022128288401290774,-0.0014484289567917585,-0.00010381955507909879
4.595011234283447,5.0,0.011992187239229679,0.0,9.765624417923391e-05,-3.0,-0.01470214780420065,0.5,6.937708531040698e-05,-7.812499534338714e-05,-2.3336522644967772e-05,-0.25,-8.446335414191708e-05,1.9519278391141917e-05,5.649820013786666e-05,-0.06699167474976275,-0.06683087348937988,3.141592653589793,3.1413984298706055,-0.0006177168688736856,-0.0017376102041453123,-1.569915548316203e-05
4.599451303482056,5.0,0.011992187239229679,0.0,9.765624417923391e-05,-3.0,-0.01470214780420065,0.5,7.087152334861457e-05,-7.812499534338714e-05,-2.052546915365383e-05,-0.25,-9.232520824298263e-05,1.952414368334326e-05,5.649820013786666e-05,-0.06699167474976275,-0.06683087348937988,3.141592653589793,3.1413984298706055,-0.0006177168688736856,-0.0017376102041453123,-1.569915548316203e-05
4.60409688949585,5.0,0.011992187239229679,0.0,9.765624417923391e-05,-3.0,-0.01470214780420065,0.5,7.087152334861457e-05,-7.812499534338714e-05,-2.052546915365383e-05,-0.25,-9.232520824298263e-05,2.5917841995502315e-05,5.649820013786666e-05,-0.06698827851833165,-0.06683087348937988,3.141592653589793,3.1413984298706055,-0.00035410665441304445,-0.0016502926591783762,4.807970981346443e-05
4.608755826950073,5.0,0.011992187239229679,0.0,9.765624417923391e-05,-3.0,-0.01470214780420065,0.5,6.537023728014901e-05,-7.812499534338714e-05,-6.280851812334731e-05,-0.25,-8.12351718195714e-05,1.9872188825164515e-05,5.649820013786666e-05,-0.06699149541719816,-0.06683087348937988,3.141592653589793,3.1413984298706055,-0.00035410665441304445,-0.0016502926591783762,4.807970981346443e-05
4.613450288772583,5.0,0.011992187239229679,0.0,9.765624417923391e-05,-3.0,-0.01470214780420065,0.5,6.537023728014901e-05,-7.812499534338714e-05,-6.280851812334731e-05,-0.25,-8.12351718195714e-05,-7.527040574632393e-05,5.649820013786666e-05,-0.06700387424403126,-0.06683087348937988,3.141592653589793,3.1413984298706055,-0.0014665498165413737,-0.0017226776108145714,2.6130801416002214e-06
4.618185043334961,5.0,0.011992187239229679,0.0,9.765624417923391e-05,-3.0,-0.01470214780420065,0.5,6.537023728014901e-05,-7.812499534338714e-05,-6.280851812334731e-05,-0.25,-8.12351718195714e-05,1.4801111396360536e-05,5.649820013786666e-05,-0.06699215557152638,-0.06683087348937988,3.141592653589793,3.1413984298706055,-0.0014665498165413737,-0.0017226776108145714,2.6130801416002214e-06
4.623115539550781,5.0,0.011992187239229679,0.0,9.765624417923391e-05,-3.0,-0.01470214780420065,0.5,7.13650879333727e-05,-7.812499534338714e-05,-4.756789712700993e-05,-0.25,-5.587100895354524e-05,4.754392642537966e-05,5.649820013786666e-05,-0.06697927747277768,-0.06683087348937988,3.141592653589793,3.1413984298706055,-0.0007451940909959376,-0.0015663153026252985,-0.00011647625069599599
4.62743353843689,5.0,0.011992187239229679,0.0,9.765624417923391e-05,-3.0,-0.01470214780420065,0.5,7.13650879333727e-05,-7.812499534338714e-05,-4.756789712700993e-05,-0.25,-5.587100895354524e-05,1.6635638059384688e-05,5.649820013786666e-05,-0.066991436189448,-0.06683087348937988,3.141592653589793,3.1413984298706055,-0.0007451940909959376,-0.0015663153026252985,-0.00011647625069599599
4.632049322128296,5.0,0.011992187239229679,0.0,9.765624417923391e-05,-3.0,-0.01470214780420065,0.5,6.653845048276708e-05,-7.812499534338714e-05,-1.8663969967747107e-05,-0.25,-7.81464550527744e-05,8.272935950508552e-05,5.649820013786666e-05,-0.0670024721962549,-0.06683087348937988,3.141592653589793,3.1413984298706055,-0.0005920092226006091,-0.001607645070180297,2.2840176825411618e-05
4.636852025985718,5.0,0.011992187239229679,0.0,9.765624417923391e-05,-3.0,-0.01470214780420065,0.5,6.653845048276708e-05,-7.812499534338714e-05,-1.8663969967747107e-05,-0.25,-7.81464550527744e-05,2.0115309977039045e-05,5.649820013786666e-05,-0.06699201538594207,-0.06683087348937988,3.141592653589793,3.1413984298706055,-0.0005920092226006091,-0.001607645070180297,2.2840176825411618e-05
4.6414124965667725,5.0,0.011992187239229679,0.0,9.765624417923391e-05,-3.0,-0.01470214780420065,0.5,6.653845048276708e-05,-7.812499534338714e-05,-1.8663969967747107e-05,-0.25,-7.81464550527744e-05,2.0120733382177948e-05,5.649820013786666e-05,-0.06699201538594207,-0.06683087348937988,3.141592653589793,3.1413984298706055,-0.0005866465508006513,-0.0015488475328311324,-1.231183523486834e-05
4.646270513534546,5.0,0.011992187239229679,0.0,9.765624417923391e-05,-3.0,-0.01470214780420065,0.5,6.809282785980031e-05,-7.812499534338714e-05,-1.163837168860482e-05,-0.25,-9.032845264300704e-05,3.543212946958898e-05,5.649820013786666e-05,-0.0669886292477544,-0.06683087348937988,3.141592653589793,3.1413984298706055,-0.0005866465508006513,-0.0015488475328311324,-1.231183523486834e-05
4.650984048843384,5.0,0.011992187239229679,0.0,9.765624417923391e-05,-3.0,-0.01470214780420065,0.5,6.809282785980031e-05,-7.812499534338714e-05,-1.163837168860482e-05,-0.25,-9.032845264300704e-05,2.0976532779555164e-05,5.649820013786666e-05,-0.06699182886065683,-0.06683087348937988,3.141592653589793,3.1413984298706055,-0.0003686265554279089,-0.001619639340788126,1.8226273823529482e-05
4.655770540237427,5.0,0.011992187239229679,0.0,9.765624417923391e-05,-3.0,-0.01470214780420065,0.5,9.956747089745477e-05,-7.812499534338714e-05,-0.0001426307571819052,-0.25,-8.229017112171277e-06,-0.00026841972205206657,5.649820013786666e-05,-0.06692229467038241,-0.06683087348937988,3.141592653589793,3.1413984298706055,-0.0003686265554279089,-0.001619639340788126,1.8226273823529482e-05
4.660512685775757,5.0,0.011992187239229679,0.0,9.765624417923391e-05,-3.0,-0.01470214780420065,0.5,9.956747089745477e-05,-7.812499534338714e-05,-0.0001426307571819052,-0.25,-8.229017112171277e-06,5.245153480667011e-06,5.649820013786666e-05,-0.0669880519034923,-0.06683087348937988,3.141592653589793,3.1413984298706055,-0.0010462942300364375,-0.0020054366905242205,-4.777254434884526e-05
4.66523003578186,5.0,0.011992187239229679,0.0,9.765624417923391e-05,-3.0,-0.01470214780420065,0.5,6.459184078266844e-05,-7.812499534338714e-05,3.22788800986018e-05,-0.25,-0.00014464616833720356,0.0003970241618318201,5.649820013786666e-05,-0.06706639151690703,-0.06683087348937988,3.141592653589793,3.1413984298706055,-0.0003319520619697869,-0.0021449143532663584,0.00031172489980235696
4.669872522354126,5.0,0.011992187239229679,0.0,9.765624417923391e-05,-3.0,-0.01470214780420065,0.5,6.459184078266844e-05,-7.812499534338714e-05,3.22788800986018e-05,-0.25,-0.00014464616833720356,2.6254977198962966e-05,5.649820013786666e-05,-0.06699224897910608,-0.06683087348937988,3.141592653589793,3.1413984298706055,-0.0003319520619697869,-0.0021449143532663584,0.00031172489980235696
4.6744818687438965,5.0,0.011992187239229679,0.0,9.765624417923391e-05,-3.0,-0.01470214780420065,0.5,6.459184078266844e-05,-7.812499534338714e-05,3.22788800986018e-05,-0.25,-0.00014464616833720356,2.626515499305667e-05,5.649820013786666e-05,-0.06699224897910608,-0.06683087348937988,3.141592653589793,3.1413984298706055,-0.0003319520619697869,-0.0021449143532663584,0.00031172489980235696
4.69501519203186,5.0,0.011992187239229679,0.0,0.00010742187441792339,-3.0,-0.014707030728459358,0.5,0.00017410963482689112,-0.00013349741032780418,0.0010471894638612866,-0.25,-3.690600351546891e-05,0.000676425958520866,4.5329165004659444e-05,-0.06692577022971875,-0.06691478937864304,3.141592653589793,3.141484498977661,0.0037274002097547054,-0.007972518913447857,0.005176459904760122
4.699648380279541,5.0,0.011992187239229679,0.0,0.00010742187441792339,-3.0,-0.014707030728459358,0.5,0.00017410963482689112,-8.593749953433871e-05,0.0010471894638612866,-0.25,-3.690600351546891e-05,4.6931290040142824e-05,4.931564399157651e-05,-0.06697910684382077,-0.06692659109830856,3.141592653589793,3.141486167907715,0.004281132947653532,-0.008845778182148933,0.005408347584307194
4.70451545715332,5.0,0.011992187239229679,0.0,0.00010742187441792339,-3.0,-0.014707030728459358,0.5,0.00017410963482689112,-8.593749953433871e-05,0.0010471894638612866,-0.25,-3.690600351546891e-05,0.0001496920941846553,4.931564399157651e-05,-0.06697910684382077,-0.06692659109830856,3.141592653589793,3.141486167907715,0.004281132947653532,-0.008845778182148933,0.005408347584307194
4.709140300750732,5.0,0.011992187239229679,0.0,9.765624417923391e-05,-3.0,-0.014711913652718067,0.5,0.00026544692809693515,0.00013303090718602955,-0.0011594099923968315,-0.25,-0.0007197069935500622,-0.005386144008301066,4.612006159732118e-05,-0.06677065365055859,-0.06696295738220215,3.141592653589793,3.1414849758148193,0.0027247604448348284,-0.013624635525047779,0.0044450764544308186
4.713781833648682,5.0,0.011992187239229679,0.0,9.765624417923391e-05,-3.0,-0.014711913652718067,0.5,0.00026544692809693515,-7.812499534338714e-05,-0.0011594099923968315,-0.25,-0.0007197069935500622,0.00033866981952121054,4.612006159732118e-05,-0.06696814636862836,-0.06696295738220215,3.141592653589793,3.1414849758148193,0.0027247604448348284,-0.013624635525047779,0.0044450764544308186
4.7185022830963135,5.0,0.011992187239229679,0.0,0.00010742187441792339,-3.0,-0.014716796576976776,0.5,0.00034351274371147156,-0.0002928167458228192,0.00048605038318783045,-0.25,-0.0006752729532308877,0.004047659556040368,1.9099958080914803e-05,-0.0667934005412151,-0.06703603267669678,3.141592653589793,3.141493797302246,-0.012165644206106663,-0.005898843053728342,-0.006078951992094517
4.723261117935181,5.0,0.011992187239229679,0.0,0.00010742187441792339,-3.0,-0.014716796576976776,0.5,0.00034351274371147156,-8.593749953433871e-05,0.00048605038318783045,-0.25,-0.0006752729532308877,-0.000352463225128132,1.9099958080914803e-05,-0.06695877847075463,-0.06703603267669678,3.141592653589793,3.141493797302246,-0.012165644206106663,-0.005898843053728342,-0.006078951992094517
4.727891683578491,5.0,0.011992187239229679,0.0,9.765624417923391e-05,-3.0,-0.014726562425494194,0.5,0.0005174489342607558,0.00013276997928670376,-0.001129232463426888,-0.25,-0.0011900734389200807,-0.004098550610676092,4.753212124342099e-05,-0.0665622799000205,-0.06711387634277344,3.141592653589793,3.141481399536133,0.006426889915019274,-0.014974178746342659,0.004425224848091602
4.732617616653442,5.0,0.011992187239229679,0.0,9.765624417923391e-05,-3.0,-0.014726562425494194,0.5,0.0005174489342607558,-7.812499534338714e-05,-0.001129232463426888,-0.25,-0.0011900734389200807,0.0003335262330825426,4.753212124342099e-05,-0.0669379061278887,-0.06711387634277344,3.141592653589793,3.141481399536133,0.006426889915019274,-0.014974178746342659,0.004425224848091602
4.737268447875977,5.0,0.011992187239229679,0.0,9.765624417923391e-05,-3.0,-0.014726562425494194,0.5,0.0005174489342607558,-7.812499534338714e-05,-0.001129232463426888,-0.25,-0.0011900734389200807,-0.00011282198419814535,5.3907890105620027e-05,-0.0669379061278887,-0.06720387190580368,3.141592653589793,3.141482353210449,0.0008534564403817058,-0.018820106983184814,0.00550475949421525
4.741940021514893,5.0,0.011992187239229679,0.0,0.00010742187441792339,-3.0,-0.014736327342689037,0.5,0.000671980669721961,-0.00029498119644490444,0.0010479913325980306,-0.25,-0.0007648944738321006,0.005299375835191836,5.3907890105620027e-05,-0.06658857071191066,-0.06720387190580368,3.141592653589793,3.141482353210449,0.0008534564403817058,-0.018820106983184814,0.00550475949421525
4.7463507652282715,5.0,0.011992187239229679,0.0,0.00010742187441792339,-3.0,-0.014736327342689037,0.5,0.000671980669721961,-8.593749953433871e-05,0.0010479913325980306,-0.25,-0.0007648944738321006,-0.00032433418457174424,5.558480916079134e-05,-0.06691936231963336,-0.0673149824142456,3.141592653589793,3.141484022140503,0.002203952753916383,-0.019619660452008247,0.005528915207833052
4.751145362854004,5.0,0.011992187239229679,0.0,9.765624417923391e-05,-3.0,-0.014746093191206455,0.5,0.0006565632065758109,0.00012555487523173095,-0.0012069360818713903,-0.25,-0.0015204501105472445,-0.0052906545629879155,5.558480916079134e-05,-0.06695336832139874,-0.0673149824142456,3.141592653589793,3.141484022140503,0.002203952753916383,-0.019619660452008247,0.005528915207833052
4.755566358566284,5.0,0.011992187239229679,0.0,9.765624417923391e-05,-3.0,-0.014746093191206455,0.5,0.0006565632065758109,-7.812499534338714e-05,-0.0012069360818713903,-0.25,-0.0015204501105472445,0.0003385619029617398,2.6213383534923196e-05,-0.0669212124152109,-0.06748174875974655,3.141592653589793,3.1414921283721924,-0.013598688878118992,-0.015040772035717964,-0.006618684157729149
4.760313272476196,5.0,0.011992187239229679,0.0,9.765624417923391e-05,-3.0,-0.014765624888241291,0.5,0.0010687664616852999,-7.812499534338714e-05,-0.0004665799206122756,-0.25,-0.0011327755637466908,0.0015263152271374055,2.6213383534923196e-05,-0.06600338752147433,-0.06748174875974655,3.141592653589793,3.1414921283721924,-0.013598688878118992,-0.015040772035717964,-0.006618684157729149
4.764848232269287,5.0,0.011992187239229679,0.0,9.765624417923391e-05,-3.0,-0.014765624888241291,0.5,0.0010687664616852999,-7.812499534338714e-05,-0.0004665799206122756,-0.25,-0.0011327755637466908,-3.337787009991576e-05,4.812244151253253e-05,-0.06687174802459776,-0.06756090372800827,3.141592653589793,3.1414413452148438,-0.013259484432637691,-0.04074227064847946,0.0004270754870958626
4.7692272663116455,5.0,0.011992187239229679,0.0,9.765624417923391e-05,-3.0,-0.014765624888241291,0.5,0.0010687664616852999,-7.812499534338714e-05,-0.0004665799206122756,-0.25,-0.0011327755637466908,-3.341189124674924e-05,4.812244151253253e-05,-0.06687174802459776,-0.06756090372800827,3.141592653589793,3.1414413452148438,-0.013259484432637691,-0.04074227064847946,0.0004270754870958626
4.773672819137573,5.0,0.012031249701976776,0.0,9.765624417923391e-05,-3.0,-0.014775390736758709,0.5,0.0010858894092962146,-7.812499534338714e-05,0.0004991043824702501,-0.25,-0.0008686506771482527,0.0022547695012655558,3.0273326046881266e-05,-0.06683117624436068,-0.06775140762329102,3.141592653589793,3.1414687633514404,6.742825644323602e-05,-0.0188615620136261,0.0006673098541796207
4.778345108032227,5.0,0.012031249701976776,0.0,9.765624417923391e-05,-3.0,-0.014775390736758709,0.5,0.0010858894092962146,-7.812499534338714e-05,0.0004991043824702501,-0.25,-0.0008686506771482527,8.257548684522132e-05,3.0273326046881266e-05,-0.06686969327088446,-0.06775140762329102,3.141592653589793,3.1414687633514404,6.742825644323602e-05,-0.0188615620136261,0.0006673098541796207
4.783003091812134,5.0,0.012031249701976776,0.0,9.765624417923391e-05,-3.0,-0.014790038578212261,0.5,0.0009592328569851816,-7.812499534338714e-05,-4.515393447945826e-05,-0.25,-0.0013940965291112661,-0.0011511742862732534,3.4409324143780395e-05,-0.06715680488102643,-0.06784545630216599,3.141592653589793,3.1414690017700195,-0.0034307939931750298,-0.021289899945259094,0.0003785227600019425
4.787680149078369,5.0,0.012031249701976776,0.0,9.765624417923391e-05,-3.0,-0.014790038578212261,0.5,0.0009592328569851816,-7.812499534338714e-05,-4.515393447945826e-05,-0.25,-0.0013940965291112661,1.727064453538632e-05,3.4409324143780395e-05,-0.06688489205716178,-0.06784545630216599,3.141592653589793,3.1414690017700195,-0.0034307939931750298,-0.021289899945259094,0.0003785227600019425
4.792520523071289,5.0,0.012031249701976776,0.0,9.765624417923391e-05,-3.0,-0.014814453199505806,0.5,0.0010201841359958053,-7.812499534338714e-05,4.03988451580517e-05,-0.25,-0.0011105549056082964,0.00020429673592262275,3.587064929888584e-05,-0.06675165523923396,-0.06812059134244919,3.141592653589793,3.1414778232574463,-0.0021437841933220625,-0.023140471428632736,0.00036659277975559235
4.7971351146698,5.0,0.012031249701976776,0.0,9.765624417923391e-05,-3.0,-0.014814453199505806,0.5,0.0010201841359958053,-7.812499534338714e-05,4.03988451580517e-05,-0.25,-0.0011105549056082964,2.7559390868561623e-05,3.587064929888584e-05,-0.0668775779036805,-0.06812059134244919,3.141592653589793,3.1414778232574463,-0.0021437841933220625,-0.023140471428632736,0.00036659277975559235
4.8014442920684814,5.0,0.012031249701976776,0.0,9.765624417923391e-05,-3.0,-0.014829101040959358,0.5,0.0007239519036374986,-7.812499534338714e-05,-5.8043897297466174e-05,-0.25,-0.0010842597112059593,2.7569605673655496e-05,3.4645094274310395e-05,-0.0668775779036805,-0.06824182718992233,3.141592653589793,3.1414811611175537,-0.0006354072247631848,-0.01900872029364109,0.0002925659064203501
4.80603551864624,5.0,0.012031249701976776,0.0,9.765624417923391e-05,-3.0,-0.014829101040959358,0.5,0.0007239519036374986,-7.812499534338714e-05,-5.8043897297466174e-05,-0.25,-0.0010842597112059593,-0.0001986565875441081,2.9577469831565395e-05,-0.06755833947936293,-0.0683734342455864,3.141592653589793,3.1414101123809814,-0.002738749608397484,-0.018075864762067795,-0.013095545582473278
4.810663461685181,5.0,0.012031249701976776,0.0,9.765624417923391e-05,-3.0,-0.014829101040959358,0.5,0.0007239519036374986,-7.812499534338714e-05,-5.8043897297466174e-05,-0.25,-0.0010842597112059593,1.576017919997285e-05,2.9577469831565395e-05,-0.0669131257715635,-0.0683734342455864,3.141592653589793,3.1414101123809814,-0.002738749608397484,-0.018075864762067795,-0.013095545582473278
4.815356016159058,5.0,0.012031249701976776,0.0,8.789062121650204e-05,-3.0,-0.014833983965218067,0.5,0.002128132851794362,0.00013779639163099576,0.00040172948502004147,-0.25,0.0005069482140243053,0.0005647044390625436,2.9577469831565395e-05,-0.06375226465956389,-0.0683734342455864,3.141592653589793,3.1414101123809814,-0.002738749608397484,-0.018075864762067795,-0.013095545582473278
4.820050954818726,5.0,0.012031249701976776,0.0,8.789062121650204e-05,-3.0,-0.014833983965218067,0.5,0.002128132851794362,-7.031249697320163e-05,0.00040172948502004147,-0.25,0.0005069482140243053,0.0005133267898329034,2.9577469831565395e-05,-0.06674462405778467,-0.0683734342455864,3.141592653589793,3.1414101123809814,0.0035045722033828497,-0.011997626163065434,0.0015801336849108338
4.825083017349243,5.0,0.012031249701976776,0.0,8.789062121650204e-05,-3.0,-0.014843749813735485,0.5,0.0006645020912401378,-7.031249697320163e-05,-2.9645338145201094e-05,-0.25,-0.000466669793240726,-0.0008389488155229059,3.840164572466165e-05,-0.06982886979051599,-0.06851685047149658,3.141592653589793,3.1414456367492676,-0.0002014651254285127,-0.011903253383934498,6.743822450516745e-05
4.829885959625244,5.0,0.012031249701976776,0.0,8.789062121650204e-05,-3.0,-0.014843749813735485,0.5,0.0006645020912401378,-7.031249697320163e-05,-2.9645338145201094e-05,-0.25,-0.000466669793240726,1.830760029924188e-05,3.840164572466165e-05,-0.06692025974905118,-0.06851685047149658,3.141592653589793,3.1414456367492676,-0.0002014651254285127,-0.011903253383934498,6.743822450516745e-05
4.8346474170684814,5.0,0.012031249701976776,0.0,8.789062121650204e-05,-3.0,-0.014858397655189037,0.5,0.000621729763224721,-7.031249697320163e-05,-0.00014421061496250331,-0.25,-0.0012280952651053667,-0.0002360569536226732,4.362919935374521e-05,-0.06701522275562968,-0.06863617151975632,3.141592653589793,3.1414453983306885,-0.0034905681386590004,-0.015027166344225407,0.00022332509979605675
4.839267253875732,5.0,0.012031249701976776,0.0,8.789062121650204e-05,-3.0,-0.014858397655189037,0.5,0.000621729763224721,-7.031249697320163e-05,-0.00014421061496250331,-0.25,-0.0012280952651053667,4.545901881377315e-06,4.362919935374521e-05,-0.06692539242841303,-0.06863617151975632,3.141592653589793,3.1414453983306885,-0.0034905681386590004,-0.015027166344225407,0.00022332509979605675
4.844103574752808,5.0,0.012031249701976776,0.0,8.789062121650204e-05,-3.0,-0.014858397655189037,0.5,0.000621729763224721,-7.031249697320163e-05,-0.00014421061496250331,-0.25,-0.0012280952651053667,4.538753981161151e-06,4.023896690341644e-05,-0.06692539242841303,-0.06878840923309326,3.141592653589793,3.141446352005005,-0.0006929468945600092,-0.016415132209658623,0.00017000202205963433
4.848711967468262,5.0,0.012031249701976776,0.0,8.789062121650204e-05,-3.0,-0.014873046427965164,0.5,0.0007403010968118906,-7.031249697320163e-05,1.241774225491099e-05,-0.25,-0.0011167871998623013,0.0003632181051558009,4.023896690341644e-05,-0.06665386953409212,-0.06878840923309326,3.141592653589793,3.141446352005005,-0.0006929468945600092,-0.016415132209658623,0.00017000202205963433
4.853859901428223,5.0,0.012031249701976776,0.0,8.789062121650204e-05,-3.0,-0.014873046427965164,0.5,0.0007403010968118906,-7.031249697320163e-05,1.241774225491099e-05,-0.25,-0.0011167871998623013,2.335029971204776e-05,8.781474753050134e-05,-0.06691116386838257,-0.06883596628904343,3.141592653589793,3.141556739807129,-2.9859249480068684e-05,-0.019457872956991196,0.018144141882658005
4.8584394454956055,5.0,0.012070312164723873,0.0,8.789062121650204e-05,-3.0,-0.014877929352223873,0.5,0.0006242940435186028,-7.031249697320163e-05,-0.002372225048020482,-0.25,-0.0005753290606662631,-0.005470179681931353,2.780629620247055e-05,-0.06717840044137931,-0.06890939921140671,3.141592653589793,3.1414754390716553,-0.005099515430629253,-0.008117945864796638,-0.0017223396571353078
4.863094806671143,5.0,0.012070312164723873,0.0,8.789062121650204e-05,-3.0,-0.014877929352223873,0.5,0.0006242940435186028,-7.031249697320163e-05,-0.002372225048020482,-0.25,-0.0005753290606662631,-0.0002632319940067276,2.780629620247055e-05,-0.06692508471477776,-0.06890939921140671,3.141592653589793,3.1414754390716553,-0.005099515430629253,-0.008117945864796638,-0.0017223396571353078
4.867762088775635,5.0,0.012070312164723873,0.0,8.789062121650204e-05,-3.0,-0.014882812276482582,0.5,0.0003545957733877003,-7.031249697320163e-05,-4.960244405083358e-05,-0.25,-0.0006943559274077415,-0.0002634468675118398,3.6438636016100645e-05,-0.06692508471477776,-0.06893432140350342,3.141592653589793,3.141469955444336,-0.0010879315668717027,-0.008277815766632557,6.158388714538887e-05
4.872472286224365,5.0,0.012070312164723873,0.0,8.789062121650204e-05,-3.0,-0.014882812276482582,0.5,0.0003545957733877003,-7.031249697320163e-05,-4.960244405083358e-05,-0.25,-0.0006943559274077415,0.004946321262991555,3.6438636016100645e-05,-0.0675300322960187,-0.06893432140350342,3.141592653589793,3.141469955444336,-0.0010879315668717027,-0.008277815766632557,6.158388714538887e-05
4.877577781677246,5.0,0.012070312164723873,0.0,8.789062121650204e-05,-3.0,-0.014887695200741291,0.5,0.0005379021749831736,-7.031249697320163e-05,2.1306215785443783e-05,-0.25,-0.0005302369245328009,0.00016267512201240851,3.656015178421512e-05,-0.06657641429927216,-0.06899034231901169,3.141592653589793,3.1414690017700195,-0.0004451210261322558,-0.012503429315984249,0.00021872459910809994
4.882062673568726,5.0,0.012070312164723873,0.0,8.789062121650204e-05,-3.0,-0.014887695200741291,0.5,0.0005379021749831736,-7.031249697320163e-05,2.1306215785443783e-05,-0.25,-0.0005302369245328009,2.3796408292507023e-05,3.656015178421512e-05,-0.06693545173900202,-0.06899034231901169,3.141592653589793,3.1414690017700195,-0.0004451210261322558,-0.012503429315984249,0.00021872459910809994
4.886721849441528,5.0,0.012070312164723873,0.0,8.789062121650204e-05,-3.0,-0.014897461049258709,0.5,0.0005980608984827995,-7.031249697320163e-05,-0.00011761055066017434,-0.25,-0.0007863295031711459,2.380494564642667e-05,3.628401464084163e-05,-0.06693545173900202,-0.06910132616758347,3.141592653589793,3.1414761543273926,-0.005725342780351639,-0.012160014361143112,0.00017641481827013195
4.891467809677124,5.0,0.012070312164723873,0.0,8.789062121650204e-05,-3.0,-0.014897461049258709,0.5,0.0005980608984827995,-7.031249697320163e-05,-0.00011761055066017434,-0.25,-0.0007863295031711459,-0.00028557484526604203,3.628401464084163e-05,-0.06680147494345838,-0.06910132616758347,3.141592653589793,3.1414761543273926,-0.005725342780351639,-0.012160014361143112,0.00017641481827013195
4.896413087844849,5.0,0.012070312164723873,0.0,8.789062121650204e-05,-3.0,-0.014897461049258709,0.5,0.0005980608984827995,-7.031249697320163e-05,-0.00011761055066017434,-0.25,-0.0007863295031711459,7.125766138666627e-06,3.668948556878604e-05,-0.06692823269218207,-0.06921111792325974,3.141592653589793,3.141474962234497,1.5134466593735851e-05,-0.011929790489375591,0.0001407219097018242
4.901352643966675,5.0,0.012070312164723873,0.0,8.789062121650204e-05,-3.0,-0.014912108890712261,0.5,0.0004984484403394163,-7.031249697320163e-05,2.311989646841539e-06,-0.25,-0.0010136341443285346,0.0002643036391139262,3.668948556878604e-05,-0.0671418489594542,-0.06921111792325974,3.141592653589793,3.141474962234497,1.5134466593735851e-05,-0.011929790489375591,0.0001407219097018242
4.906062602996826,5.0,0.012070312164723873,0.0,8.789062121650204e-05,-3.0,-0.014912108890712261,0.5,0.0004984484403394163,-7.031249697320163e-05,2.311989646841539e-06,-0.25,-0.0010136341443285346,2.1530486797189427e-05,4.050777351949364e-05,-0.06694018618715927,-0.06926107406616211,3.141592653589793,3.141474723815918,-0.0025253442581743,-0.014014030806720257,0.00017541430133860558
4.910494804382324,5.0,0.012070312164723873,0.0,8.789062121650204e-05,-3.0,-0.01491699181497097,0.5,0.0004761510936077684,-7.031249697320163e-05,-3.3716263715177774e-05,-0.25,-0.0005042707780376077,-6.40771513327675e-05,3.7825710023753345e-05,-0.0669931694807014,-0.06932293623685837,3.141592653589793,3.141474723815918,-0.0016585972625762224,-0.010682028718292713,9.976475121220574e-05
4.915132522583008,5.0,0.012070312164723873,0.0,8.789062121650204e-05,-3.0,-0.01491699181497097,0.5,0.0004761510936077684,-7.031249697320163e-05,-3.3716263715177774e-05,-0.25,-0.0005042707780376077,1.721373489160326e-05,3.7825710023753345e-05,-0.06694286186876706,-0.06932293623685837,3.141592653589793,3.141474723815918,-0.0016585972625762224,-0.010682028718292713,9.976475121220574e-05
4.919835329055786,5.0,0.012070312164723873,0.0,9.765624417923391e-05,-3.0,-0.014921874739229679,0.5,0.0002725189842749387,-0.00028578021184568435,0.0015058796852827072,-0.25,-0.0006617331528104842,0.0039599394706829015,2.302431130374316e-05,-0.06740029897446147,-0.06943106651306152,3.141592653589793,3.141486167907715,-0.007942521944642067,-0.006517461501061916,-0.003859136253595352
4.924669027328491,5.0,0.012070312164723873,0.0,9.765624417923391e-05,-3.0,-0.014921874739229679,0.5,0.0002725189842749387,-7.812499534338714e-05,0.0015058796852827072,-0.25,-0.0006617331528104842,-0.0002263746484877422,2.302431130374316e-05,-0.066967297721887,-0.06943106651306152,3.141592653589793,3.141486167907715,-0.007942521944642067,-0.006517461501061916,-0.003859136253595352
4.929267168045044,5.0,0.012070312164723873,0.0,9.765624417923391e-05,-3.0,-0.014921874739229679,0.5,0.0002725189842749387,-7.812499534338714e-05,0.0015058796852827072,-0.25,-0.0006617331528104842,0.00020337006671311428,2.302431130374316e-05,-0.066967297721887,-0.06943106651306152,3.141592653589793,3.141486167907715,-0.007942521944642067,-0.006517461501061916,-0.003859136253595352
4.9342827796936035,5.0,0.012070312164723873,0.0,8.789062121650204e-05,-3.0,-0.014936523512005806,0.5,0.0005654721171595156,0.00012439203055010552,-0.0012951421085745096,-0.25,-0.0012233089655637741,-0.006145576931175781,2.741903517744504e-05,-0.06634806077852616,-0.0695343017578125,3.141592653589793,3.1414871215820312,-0.009161477908492088,-0.008480427786707878,-0.004754282534122467
4.938954830169678,5.0,0.012070312164723873,0.0,8.789062121650204e-05,-3.0,-0.014936523512005806,0.5,0.0005654721171595156,-7.031249697320163e-05,-0.0012951421085745096,-0.25,-0.0012233089655637741,0.00028279630767580024,4.7093661123653874e-05,-0.06693214334594086,-0.0696030780673027,3.141592653589793,3.1414272785186768,-0.007242109626531601,-0.013504563830792904,-0.0017964027356356382
4.9433393478393555,5.0,0.012070312164723873,0.0,9.765624417923391e-05,-3.0,-0.01494140550494194,0.5,0.0008391570881940424,-0.00030085469330466024,0.0028390255756676197,-0.25,6.970882532186806e-05,0.010344916962409056,4.7093661123653874e-05,-0.06627509344482183,-0.0696030780673027,3.141592653589793,3.1414272785186768,-0.007242109626531601,-0.013504563830792904,-0.0017964027356356382
4.947971343994141,5.0,0.012070312164723873,0.0,9.765624417923391e-05,-3.0,-0.01494140550494194,0.5,0.0008391570881940424,-7.812499534338714e-05,0.0028390255756676197,-0.25,6.970882532186806e-05,-0.00011721404217489566,6.051914897398092e-05,-0.06689930114941671,-0.06963764876127243,3.141592653589793,3.1415133476257324,0.0007502083899453282,-0.018259959295392036,-0.005442556459456682
4.952418088912964,5.0,0.012070312164723873,0.0,9.765624417923391e-05,-3.0,-0.014951171353459358,0.5,0.0007891912828199565,-7.812499534338714e-05,-0.00011503061978146434,-0.25,-0.0009125327924266458,-0.006634041597202117,6.051914897398092e-05,-0.0670176619473236,-0.06963764876127243,3.141592653589793,3.1415133476257324,0.0007502083899453282,-0.018259959295392036,-0.005442556459456682
4.9572594165802,5.0,0.012070312164723873,0.0,9.765624417923391e-05,-3.0,-0.014951171353459358,0.5,0.0007891912828199565,-7.812499534338714e-05,-0.00011503061978146434,-0.25,-0.0009125327924266458,9.14271032332383e-06,4.936534242006019e-05,-0.0669052970460616,-0.06976783275604248,3.141592653589793,3.1414434909820557,-0.0009942760225385427,-0.015454338863492012,0.00041595142101868987
4.962013483047485,5.0,0.012070312164723873,0.0,9.765624417923391e-05,-3.0,-0.014965820126235485,0.5,0.000702582357916981,-7.812499534338714e-05,-0.0001471013529226184,-0.25,-0.0013514339225366712,9.139201287491922e-06,4.936534242006019e-05,-0.0669052970460616,-0.06976783275604248,3.141592653589793,3.1414434909820557,-0.0009942760225385427,-0.015454338863492012,0.00041595142101868987
4.9670186042785645,5.0,0.012070312164723873,0.0,9.765624417923391e-05,-3.0,-0.014965820126235485,0.5,0.000702582357916981,-7.812499534338714e-05,-0.0001471013529226184,-0.25,-0.0013514339225366712,-5.879202823897192e-05,5.1479481044225395e-05,-0.06708873073066222,-0.06988155096769333,3.141592653589793,3.1414427757263184,-0.0034327071625739336,-0.01655026152729988,0.00015974439156707376
4.971764326095581,5.0,0.012070312164723873,0.0,9.765624417923391e-05,-3.0,-0.014965820126235485,0.5,0.000702582357916981,-7.812499534338714e-05,-0.0001471013529226184,-0.25,-0.0013514339225366712,5.27726175781775e-06,4.8497884563403204e-05,-0.06691569011704995,-0.07005119323730469,3.141592653589793,3.141444206237793,0.00024169942480511963,-0.014602522365748882,0.00048449376481585205
4.9760754108428955,5.0,0.012070312164723873,0.0,9.765624417923391e-05,-3.0,-0.014980467967689037,0.5,0.0006337251979857683,-7.812499534338714e-05,7.537467172369361e-05,-0.25,-0.001285034348256886,0.0005480434100487342,4.8497884563403204e-05,-0.06708367416932219,-0.07005119323730469,3.141592653589793,3.141444206237793,0.00024169942480511963,-0.014602522365748882,0.00048449376481585205
4.980884075164795,5.0,0.012070312164723873,0.0,9.765624417923391e-05,-3.0,-0.014980467967689037,0.5,0.0006337251979857683,-7.812499534338714e-05,7.537467172369361e-05,-0.25,-0.001285034348256886,3.200238228429238e-05,4.8497884563403204e-05,-0.06692395297624171,-0.07005119323730469,3.141592653589793,3.141444206237793,0.00024169942480511963,-0.014602522365748882,0.00048449376481585205
4.985733985900879,5.0,0.012070312164723873,0.0,8.789062121650204e-05,-3.0,-0.014985350891947746,0.5,0.0003738663508556783,0.00013104425976201677,-0.0003457611019257456,-0.25,-0.00022386907949112356,-0.0013433023873196932,3.913581895176321e-05,-0.06749093733666496,-0.07006155699491501,3.141592653589793,3.14136004447937,-0.004336196929216385,-0.022427456453442574,0.012844395823776722
4.990185737609863,5.0,0.012070312164723873,0.0,8.789062121650204e-05,-3.0,-0.014985350891947746,0.5,0.0003738663508556783,-7.031249697320163e-05,-0.0003457611019257456,-0.25,-0.00022386907949112356,0.0004327668615348916,2.6082872864208184e-05,-0.06695513603789732,-0.07009637355804443,3.141592653589793,3.141458749771118,-0.0011960178380832076,-0.003944739233702421,0.00029418981284834445
4.994915246963501,5.0,0.012070312164723873,0.0,8.789062121650204e-05,-3.0,-0.014985350891947746,0.5,0.0003738663508556783,-7.031249697320163e-05,-0.0003457611019257456,-0.25,-0.00022386907949112356,-1.9568238937944113e-05,2.6082872864208184e-05,-0.06695513603789732,-0.07009637355804443,3.141592653589793,3.141458749771118,-0.0011960178380832076,-0.003944739233702421,0.00029418981284834445
4.999648094177246,5.0,0.012070312164723873,0.0,8.789062121650204e-05,-3.0,-0.014985350891947746,0.5,0.00018208510300610214,-7.031249697320163e-05,-2.27225900744088e-05,-0.25,-0.0004309212963562459,0.0007017467148212191,2.6082872864208184e-05,-0.06738336305396363,-0.07009637355804443,3.141592653589793,3.141458749771118,-0.001492474228143692,-0.005832425318658352,0.0002162237506126985
5.004410266876221,5.0,0.012070312164723873,0.0,8.789062121650204e-05,-3.0,-0.014985350891947746,0.5,0.00018208510300610214,-7.031249697320163e-05,-2.27225900744088e-05,-0.25,-0.0004309212963562459,1.9205419826489274e-05,2.6082872864208184e-05,-0.06697814978763927,-0.07009637355804443,3.141592653589793,3.141458749771118,-0.001492474228143692,-0.005832425318658352,0.0002162237506126985
5.009226322174072,5.0,0.012070312164723873,0.0,8.789062121650204e-05,-3.0,-0.014985350891947746,0.5,0.0002360596408834681,-7.031249697320163e-05,-0.00010310506331734359,-0.25,-0.0005428421427495778,-0.0001573488479812641,2.6082872864208184e-05,-0.06685960075392705,-0.07009637355804443,3.141592653589793,3.141458749771118,-0.001492474228143692,-0.005832425318658352,0.0002162237506126985
5.0138232707977295,5.0,0.012070312164723873,0.0,8.789062121650204e-05,-3.0,-0.014985350891947746,0.5,0.0002360596408834681,-7.031249697320163e-05,-0.00010310506331734359,-0.25,-0.0005428421427495778,9.553349506225226e-06,2.6082872864208184e-05,-0.06697167284309398,-0.07009637355804443,3.141592653589793,3.141458749771118,-0.002923420863226056,-0.006369957234710455,0.00016770594811532646
5.018409490585327,5.0,0.012070312164723873,0.0,8.789062121650204e-05,-3.0,-0.014990233816206455,0.5,9.69947868725285e-05,-7.031249697320163e-05,0.00014303234638646245,-0.25,-0.0003265714622102678,0.000575798491643228,3.080803799093701e-05,-0.0672915838910346,-0.07015549391508102,3.141592653589793,3.141467809677124,0.0010404821950942278,-0.0030832765623927116,0.0010015438310801983
5.023227691650391,5.0,0.012070312164723873,0.0,8.789062121650204e-05,-3.0,-0.014990233816206455,0.5,9.69947868725285e-05,-7.031249697320163e-05,0.00014303234638646245,-0.25,-0.0003265714622102678,3.912996636455594e-05,3.080803799093701e-05,-0.0669883606255753,-0.07015549391508102,3.141592653589793,3.141467809677124,0.0010404821950942278,-0.0030832765623927116,0.0010015438310801983
5.027808904647827,5.0,0.012070312164723873,0.0,8.789062121650204e-05,-3.0,-0.014990233816206455,0.5,5.278676690068096e-05,-7.031249697320163e-05,0.00013195360952522606,-0.25,-6.511926767416298e-05,1.3636073409720627e-05,3.080803799093701e-05,-0.06709016409174501,-0.07015549391508102,3.141592653589793,3.141467809677124,-0.00045561412116512656,-0.0013563119573518634,0.0004240991547703743
5.032476186752319,5.0,0.012070312164723873,0.0,8.789062121650204e-05,-3.0,-0.014990233816206455,0.5,5.278676690068096e-05,-7.031249697320163e-05,0.00013195360952522606,-0.25,-6.511926767416298e-05,3.7837931083112306e-05,3.080803799093701e-05,-0.06699366558797192,-0.07015549391508102,3.141592653589793,3.141467809677124,-0.00045561412116512656,-0.0013563119573518634,0.0004240991547703743
5.037058591842651,5.0,0.012070312164723873,0.0,8.789062121650204e-05,-3.0,-0.014990233816206455,0.5,5.278676690068096e-05,-7.031249697320163e-05,0.00013195360952522606,-0.25,-6.511926767416298e-05,3.785646838783271e-05,3.080803799093701e-05,-0.06699366558797192,-0.07015549391508102,3.141592653589793,3.141467809677124,-0.002830548444762826,-0.002059168880805373,-8.003968105185777e-05
5.041837930679321,5.0,0.012070312164723873,0.0,8.789062121650204e-05,-3.0,-0.014990233816206455,0.5,7.994063344085589e-05,-7.031249697320163e-05,-2.858382504200563e-05,-0.25,-0.0001641583367018029,-0.0003173028697088139,3.080803799093701e-05,-0.06693359201321941,-0.07015549391508102,3.141592653589793,3.141467809677124,-0.002830548444762826,-0.002059168880805373,-8.003968105185777e-05
5.046543121337891,5.0,0.012070312164723873,0.0,8.789062121650204e-05,-3.0,-0.014990233816206455,0.5,7.994063344085589e-05,-7.031249697320163e-05,-2.858382504200563e-05,-0.25,-0.0001641583367018029,1.8599891776159478e-05,3.080803799093701e-05,-0.0669904071239871,-0.07015549391508102,3.141592653589793,3.141467809677124,0.0021731548476964235,-0.0026202283333986998,0.0004077199555467814
5.051191329956055,5.0,0.012070312164723873,0.0,8.789062121650204e-05,-3.0,-0.014990233816206455,0.5,0.00010788671352202073,-7.031249697320163e-05,-0.00012510651140473783,-0.25,-0.00023020982916932553,-0.00020064359204140776,3.080803799093701e-05,-0.06692693133572494,-0.07015549391508102,3.141592653589793,3.141467809677124,0.0021731548476964235,-0.0026202283333986998,0.0004077199555467814
5.055919408798218,5.0,0.012070312164723873,0.0,8.789062121650204e-05,-3.0,-0.014990233816206455,0.5,0.00010788671352202073,-7.031249697320163e-05,-0.00012510651140473783,-0.25,-0.00023020982916932553,7.006894124023306e-06,3.080803799093701e-05,-0.06698705359437736,-0.07015549391508102,3.141592653589793,3.141467809677124,-0.004955380689352751,-0.0027846067678183317,-9.385525481775403e-05
5.060562610626221,5.0,0.012070312164723873,0.0,8.789062121650204e-05,-3.0,-0.014990233816206455,0.5,3.596715396270156e-05,-7.031249697320163e-05,7.19201925676316e-05,-0.25,-0.00013592958566732705,0.0004549970129758809,3.080803799093701e-05,-0.06715057610909206,-0.07015549391508102,3.141592653589793,3.141467809677124,-0.0008910582982935011,-0.001324398792348802,0.0004541940870694816
5.06529974937439,5.0,0.012070312164723873,0.0,8.789062121650204e-05,-3.0,-0.014990233816206455,0.5,3.596715396270156e-05,-7.031249697320163e-05,7.19201925676316e-05,-0.25,-0.00013592958566732705,3.06767824220868e-05,3.080803799093701e-05,-0.06699568394152447,-0.07015549391508102,3.141592653589793,3.141467809677124,-0.0008910582982935011,-0.001324398792348802,0.0004541940870694816
5.069949626922607,5.0,0.012070312164723873,0.0,8.789062121650204e-05,-3.0,-0.014990233816206455,0.5,7.227361038530944e-06,-7.031249697320163e-05,7.303895836230367e-05,-0.25,-3.1561849027639255e-05,3.323037695647202e-05,3.080803799093701e-05,-0.06706094035058863,-0.07015549391508102,3.141592653589793,3.141467809677124,7.436733721988276e-05,-0.0004422400670591742,0.0002638862933963537
5.074615001678467,5.0,0.012070312164723873,0.0,8.789062121650204e-05,-3.0,-0.014990233816206455,0.5,7.227361038530944e-06,-7.031249697320163e-05,7.303895836230367e-05,-0.25,-3.1561849027639255e-05,3.0837741416939585e-05,3.080803799093701e-05,-0.06699913271667537,-0.07015549391508102,3.141592653589793,3.141467809677124,7.436733721988276e-05,-0.0004422400670591742,0.0002638862933963537
5.0794267654418945,5.0,0.012070312164723873,0.0,8.789062121650204e-05,-3.0,-0.014990233816206455,0.5,7.227361038530944e-06,-7.031249697320163e-05,7.303895836230367e-05,-0.25,-3.1561849027639255e-05,3.0851536883703944e-05,3.080803799093701e-05,-0.06699913271667537,-0.07015549391508102,3.141592653589793,3.141467809677124,-0.0014300094917416573,-0.0009927060455083847,0.0004655889351852238
5.084139347076416,5.0,0.012070312164723873,0.0,8.789062121650204e-05,-3.0,-0.014990233816206455,0.5,3.1264611607184634e-05,-7.031249697320163e-05,-6.083700282033533e-05,-0.25,2.7282238079351373e-05,-0.00026929468451340305,3.080803799093701e-05,-0.06694524170192985,-0.07015549391508102,3.141592653589793,3.141467809677124,-0.0014300094917416573,-0.0009927060455083847,0.0004655889351852238
5.088501930236816,5.0,0.012070312164723873,0.0,8.789062121650204e-05,-3.0,-0.014990233816206455,0.5,3.1264611607184634e-05,-7.031249697320163e-05,-6.083700282033533e-05,-0.25,2.7282238079351373e-05,1.4788141375206275e-05,6.091389514040202e-05,-0.06699624824660713,-0.07017194479703903,3.141592653589793,3.1414883136749268,0.009498504921793938,-0.0037648058496415615,0.00652729719877243
5.09315824508667,5.0,0.012070312164723873,0.0,8.789062121650204e-05,-3.0,-0.014990233816206455,0.5,9.507089998805895e-05,-7.031249697320163e-05,-0.0009177770116366446,-0.25,-0.00020874499750789255,-0.0019285060216410444,6.091389514040202e-05,-0.06685155976103314,-0.07017194479703903,3.141592653589793,3.1414883136749268,0.009498504921793938,-0.0037648058496415615,0.00652729719877243
5.097973823547363,5.0,0.012070312164723873,0.0,8.789062121650204e-05,-3.0,-0.014990233816206455,0.5,9.507089998805895e-05,-7.031249697320163e-05,-0.0009177770116366446,-0.25,-0.00020874499750789255,-8.820520155209817e-05,3.408078191569075e-05,-0.06698859149200143,-0.07016932219266891,3.141592653589793,3.141500949859619,-0.006482541095465422,0.0022079553455114365,-0.004450730513781309
5.102809429168701,5.0,0.012070312164723873,0.0,9.765624417923391e-05,-3.0,-0.014990233816206455,0.5,-6.3409656831936445e-06,-0.0002800774233834134,0.000943525810725987,-0.25,0.00025772929075174034,0.004443395482568747,3.408078191569075e-05,-0.06721047997407761,-0.07016932219266891,3.141592653589793,3.141500949859619,-0.006482541095465422,0.0022079553455114365,-0.004450730513781309
5.1074230670928955,5.0,0.012070312164723873,0.0,9.765624417923391e-05,-3.0,-0.014990233816206455,0.5,-6.3409656831936445e-06,-7.812499534338714e-05,0.000943525810725987,-0.25,0.00025772929075174034,-0.0003014280078889335,6.494812987511978e-05,-0.06700076091588197,-0.07017219066619873,3.141592653589793,3.1414897441864014,0.0014882910763844848,-0.00499500147998333,0.0047090500593185425
5.112077713012695,5.0,0.012070312164723873,0.0,9.765624417923391e-05,-3.0,-0.014990233816206455,0.5,-6.3409656831936445e-06,-7.812499534338714e-05,0.000943525810725987,-0.25,0.00025772929075174034,0.00013639635318258474,3.459406070760451e-05,-0.06700076091588197,-0.07016551494598389,3.141592653589793,3.1415019035339355,-0.0056386664509773254,0.002881359774619341,-0.004488654434680939
5.116776704788208,5.0,0.012070312164723873,0.0,8.789062121650204e-05,-3.0,-0.014990233816206455,0.5,5.1436498324619606e-05,0.00013751129649718308,-0.0010894812876358628,-0.25,-0.00019168853759765625,-0.004918930343532871,3.459406070760451e-05,-0.06687087046945882,-0.07016551494598389,3.141592653589793,3.1415019035339355,-0.0056386664509773254,0.002881359774619341,-0.004488654434680939
5.121533155441284,5.0,0.012070312164723873,0.0,8.789062121650204e-05,-3.0,-0.014990233816206455,0.5,5.1436498324619606e-05,-7.031249697320163e-05,-0.0010894812876358628,-0.25,-0.00019168853759765625,0.0003282161466416901,6.831999780843034e-05,-0.06699382762020104,-0.07016872614622116,3.141592653589793,3.141488552093506,-0.014089740812778473,-0.005201085936278105,-0.00023730070097371936
5.126317739486694,5.0,0.012070312164723873,0.0,9.765624417923391e-05,-3.0,-0.014990233816206455,0.5,1.7622933228267357e-05,-0.0002822309922293654,-4.95986059831921e-05,-0.25,2.076149030472152e-05,0.002657845986180746,6.831999780843034e-05,-0.06706855714921746,-0.07016872614622116,3.141592653589793,3.141488552093506,-0.014089740812778473,-0.005201085936278105,-0.00023730070097371936
5.130982875823975,5.0,0.012070312164723873,0.0,9.765624417923391e-05,-3.0,-0.014990233816206455,0.5,1.7622933228267357e-05,-7.812499534338714e-05,-4.95986059831921e-05,-0.25,2.076149030472152e-05,-0.00042047938545394537,6.831999780843034e-05,-0.0669978852480126,-0.07016872614622116,3.141592653589793,3.141488552093506,-0.00299177342094481,-0.0002593147219158709,0.00045986351324245334
5.136088609695435,5.0,0.012070312164723873,0.0,9.765624417923391e-05,-3.0,-0.014990233816206455,0.5,-1.1817365702881943e-05,-7.812499534338714e-05,2.290697011630982e-05,-0.25,6.475567352026701e-05,1.7036993632088115e-05,6.831999780843034e-05,-0.0669978852480126,-0.07016872614622116,3.141592653589793,3.141488552093506,-0.00299177342094481,-0.0002593147219158709,0.00045986351324245334
5.140778541564941,5.0,0.012070312164723873,0.0,9.765624417923391e-05,-3.0,-0.014990233816206455,0.5,-1.1817365702881943e-05,-7.812499534338714e-05,2.290697011630982e-05,-0.25,6.475567352026701e-05,0.00018034549632393605,6.831999780843034e-05,-0.06706419148816889,-0.07016872614622116,3.141592653589793,3.141488552093506,0.0010803000768646598,3.7596992115140893e-06,0.0004438572213985026
5.14549446105957,5.0,0.012070312164723873,0.0,9.765624417923391e-05,-3.0,-0.014990233816206455,0.5,-1.1817365702881943e-05,-7.812499534338714e-05,2.290697011630982e-05,-0.25,6.475567352026701e-05,2.5756668597031155e-05,6.831999780843034e-05,-0.06700141808388435,-0.07016872614622116,3.141592653589793,3.141488552093506,0.0010803000768646598,3.7596992115140893e-06,0.0004438572213985026
5.150293827056885,5.0,0.012070312164723873,0.0,9.765624417923391e-05,-3.0,-0.014990233816206455,0.5,2.057179699477274e-05,-7.812499534338714e-05,-1.2808315659640357e-05,-0.25,2.428889274597168e-05,-5.293957073368856e-05,6.831999780843034e-05,-0.06693004504821586,-0.07016872614622116,3.141592653589793,3.141488552093506,0.0013317568227648735,-0.0014605155447497964,0.0009037608979269862
5.1547770500183105,5.0,0.012070312164723873,0.0,9.765624417923391e-05,-3.0,-0.014990233816206455,0.5,2.057179699477274e-05,-7.812499534338714e-05,-1.2808315659640357e-05,-0.25,2.428889274597168e-05,2.148296046171021e-05,6.831999780843034e-05,-0.06699753138436063,-0.07016872614622116,3.141592653589793,3.141488552093506,0.0013317568227648735,-0.0014605155447497964,0.0009037608979269862
5.159657955169678,5.0,0.012070312164723873,0.0,9.765624417923391e-05,-3.0,-0.014990233816206455,0.5,6.0835256590507925e-05,-7.812499534338714e-05,2.8509999538073316e-05,-0.25,-0.00014544605801347643,0.0001111045448854475,6.831999780843034e-05,-0.06691020798060214,-0.07016872614622116,3.141592653589793,3.141488552093506,-0.000494425359647721,-0.0018666561227291822,0.00032922535319812596
5.164316177368164,5.0,0.012070312164723873,0.0,9.765624417923391e-05,-3.0,-0.014990233816206455,0.5,6.0835256590507925e-05,-7.812499534338714e-05,2.8509999538073316e-05,-0.25,-0.00014544605801347643,2.6461502381358356e-05,6.831999780843034e-05,-0.06699269976920913,-0.07016872614622116,3.141592653589793,3.141488552093506,-0.000494425359647721,-0.0018666561227291822,0.00032922535319812596
5.169055461883545,5.0,0.012070312164723873,0.0,9.765624417923391e-05,-3.0,-0.014990233816206455,0.5,6.833284714957699e-05,-7.812499534338714e-05,1.3528815543395467e-05,-0.25,-0.00019762276497203857,-6.938197139031045e-06,6.831999780843034e-05,-0.06697597996875945,-0.07016872614622116,3.141592653589793,3.141488552093506,-0.001855087117291987,-0.002581035951152444,0.00016765634063631296
5.173898458480835,5.0,0.012070312164723873,0.0,9.765624417923391e-05,-3.0,-0.014990233816206455,0.5,6.833284714957699e-05,-7.812499534338714e-05,1.3528815543395467e-05,-0.25,-0.00019762276497203857,2.4681325353616308e-05,6.831999780843034e-05,-0.06699180005834204,-0.07016872614622116,3.141592653589793,3.141488552093506,-0.001855087117291987,-0.002581035951152444,0.00016765634063631296
5.178924560546875,5.0,0.012070312164723873,0.0,9.765624417923391e-05,-3.0,-0.014990233816206455,0.5,6.833284714957699e-05,-7.812499534338714e-05,1.3528815543395467e-05,-0.25,-0.00019762276497203857,2.469053858178148e-05,6.831999780843034e-05,-0.06699180005834204,-0.07016872614622116,3.141592653589793,3.141488552093506,-0.0004987335996702313,-0.0018474176758900285,0.0003404121089261025
5.183531045913696,5.0,0.012070312164723873,0.0,9.765624417923391e-05,-3.0,-0.014990233816206455,0.5,5.57941930310335e-05,-7.812499534338714e-05,2.6786885428009555e-05,-0.25,-0.0001523280079709366,5.5072485832150474e-05,6.831999780843034e-05,-0.06702052426472821,-0.07016872614622116,3.141592653589793,3.141488552093506,0.001748809008859098,-0.0013316846452653408,0.001047402387484908
5.1881608963012695,5.0,0.012070312164723873,0.0,9.765624417923391e-05,-3.0,-0.014990233816206455,0.5,5.57941930310335e-05,-7.812499534338714e-05,2.6786885428009555e-05,-0.25,-0.0001523280079709366,2.630088699504376e-05,6.831999780843034e-05,-0.06699330469683627,-0.07016872614622116,3.141592653589793,3.141488552093506,0.001748809008859098,-0.0013316846452653408,0.001047402387484908
5.192782402038574,5.0,0.012070312164723873,0.0,9.765624417923391e-05,-3.0,-0.014990233816206455,0.5,5.809932918054983e-05,-7.812499534338714e-05,-7.964488759171218e-05,-0.25,-0.00013799786393065006,-0.0002167678116616366,6.831999780843034e-05,-0.06698804023393805,-0.07016872614622116,3.141592653589793,3.141488552093506,-0.0027136194985359907,-0.0023456807248294353,3.686283889692277e-05
5.197443723678589,5.0,0.012070312164723873,0.0,9.765624417923391e-05,-3.0,-0.014990233816206455,0.5,5.809932918054983e-05,-7.812499534338714e-05,-7.964488759171218e-05,-0.25,-0.00013799786393065006,1.352879205472969e-05,6.831999780843034e-05,-0.06699302808049834,-0.07016872614622116,3.141592653589793,3.141488552093506,-0.0027136194985359907,-0.0023456807248294353,3.686283889692277e-05
5.202223062515259,5.0,0.012070312164723873,0.0,9.765624417923391e-05,-3.0,-0.014990233816206455,0.5,8.566356700612232e-05,-7.812499534338714e-05,-4.086949775228277e-05,-0.25,-0.0002166974445572123,9.931668436681425e-05,6.831999780843034e-05,-0.0669320466250927,-0.07016872614622116,3.141592653589793,3.141488552093506,-0.0012794873910024762,-0.002659205812960863,0.00018641972565092146
5.206997871398926,5.0,0.012070312164723873,0.0,9.765624417923391e-05,-3.0,-0.014990233816206455,0.5,8.566356700612232e-05,-7.812499534338714e-05,-4.086949775228277e-05,-0.25,-0.0002166974445572123,1.818895772600882e-05,6.831999780843034e-05,-0.06698972037195927,-0.07016872614622116,3.141592653589793,3.141488552093506,-0.0012794873910024762,-0.002659205812960863,0.00018641972565092146
5.211812734603882,5.0,0.012070312164723873,0.0,9.765624417923391e-05,-3.0,-0.014990233816206455,0.5,8.566356700612232e-05,-7.812499534338714e-05,-4.086949775228277e-05,-0.25,-0.0002166974445572123,1.8192545328499494e-05,6.831999780843034e-05,-0.06698972037195927,-0.07016872614622116,3.141592653589793,3.141488552093506,-0.0012428364716470242,-0.0028698821552097797,-6.115749420132488e-05
5.216436147689819,5.0,0.012070312164723873,0.0,9.765624417923391e-05,-3.0,-0.014990233816206455,0.5,0.00010264858428854495,-7.812499534338714e-05,-8.616528066340834e-05,-0.25,-0.00025980352074839175,-8.521413528885887e-05,6.831999780843034e-05,-0.06695094520313222,-0.07016872614622116,3.141592653589793,3.141488552093506,-0.0012428364716470242,-0.0028698821552097797,-6.115749420132488e-05
5.221338510513306,5.0,0.012070312164723873,0.0,9.765624417923391e-05,-3.0,-0.014990233816206455,0.5,0.00010264858428854495,-7.812499534338714e-05,-8.616528066340834e-05,-0.25,-0.00025980352074839175,1.2755519580040299e-05,6.831999780843034e-05,-0.06698768216988538,-0.07016872614622116,3.141592653589793,3.141488552093506,-0.0033897014800459146,-0.003849125700071454,-3.0654045986011624e-05
5.226036071777344,5.0,0.012070312164723873,0.0,9.765624417923391e-05,-3.0,-0.014990233816206455,0.5,0.00011572792573133484,-7.812499534338714e-05,-2.5488490791758522e-05,-0.25,-0.00031051397672854364,0.00014920825449846097,6.831999780843034e-05,-0.06695826981577473,-0.07016872614622116,3.141592653589793,3.141488552093506,-0.0033897014800459146,-0.003849125700071454,-3.0654045986011624e-05
5.230339050292969,5.0,0.012070312164723873,0.0,9.765624417923391e-05,-3.0,-0.014990233816206455,0.5,0.00011572792573133484,-7.812499534338714e-05,-2.5488490791758522e-05,-0.25,-0.00031051397672854364,2.0046209503699864e-05,6.831999780843034e-05,-0.06698611264891224,-0.07016872614622116,3.141592653589793,3.141488552093506,-0.0019917713943868876,-0.0035753000993281603,-5.995537503622472e-05
5.2351274490356445,5.0,0.012070312164723873,0.0,9.765624417923391e-05,-3.0,-0.014990233816206455,0.5,0.0001181498882942833,-7.812499534338714e-05,3.757123340619728e-05,-0.25,-0.0003323066048324108,0.0001593171737094758,6.831999780843034e-05,-0.06698076403328836,-0.07016872614622116,3.141592653589793,3.141488552093506,-0.0019917713943868876,-0.0035753000993281603,-5.995537503622472e-05
5.2397661209106445,5.0,0.012070312164723873,0.0,9.765624417923391e-05,-3.0,-0.014990233816206455,0.5,0.0001181498882942833,-7.812499534338714e-05,3.757123340619728e-05,-0.25,-0.0003323066048324108,2.7635189937826984e-05,6.831999780843034e-05,-0.06698582201340468,-0.07016872614622116,3.141592653589793,3.141488552093506,-0.0015105067286640406,-0.0034479890018701553,-4.6053086407482624e-05
5.24436092376709,5.0,0.012070312164723873,0.0,9.765624417923391e-05,-3.0,-0.014990233816206455,0.5,0.0001181498882942833,-7.812499534338714e-05,3.757123340619728e-05,-0.25,-0.0003323066048324108,2.7645821965073754e-05,6.831999780843034e-05,-0.06698582201340468,-0.07016872614622116,3.141592653589793,3.141488552093506,-0.0015105067286640406,-0.0034479890018701553,-4.6053086407482624e-05
5.248987674713135,5.0,0.012070312164723873,0.0,9.765624417923391e-05,-3.0,-0.014990233816206455,0.5,0.0001216249875142239,-7.812499534338714e-05,-4.376934884930961e-05,-0.25,-0.000316044082865119,-0.0001579168412449504,6.831999780843034e-05,-0.06697789411694785,-0.07016872614622116,3.141592653589793,3.141488552093506,1.1666712453006767e-05,-0.0033450571354478598,0.00025002905749715865
5.2537243366241455,5.0,0.012070312164723873,0.0,9.765624417923391e-05,-3.0,-0.014990233816206455,0.5,0.0001216249875142239,-7.812499534338714e-05,-4.376934884930961e-05,-0.25,-0.000316044082865119,1.789138581645483e-05,6.831999780843034e-05,-0.0669854050014983,-0.07016872614622116,3.141592653589793,3.141488552093506,1.1666712453006767e-05,-0.0033450571354478598,0.00025002905749715865
5.258375644683838,5.0,0.012070312164723873,0.0,9.765624417923391e-05,-3.0,-0.014995116740465164,0.5,0.00017722509801387787,-7.812499534338714e-05,-6.682658295176225e-06,-0.25,-0.00029758570599369705,0.0001020823290652237,3.075087442994118e-05,-0.06685919648412786,-0.07020306587219238,3.141592653589793,3.141549825668335,-0.0013691780623048544,-0.004335531499236822,0.0002937090757768601
5.262956142425537,5.0,0.012070312164723873,0.0,9.765624417923391e-05,-3.0,-0.014995116740465164,0.5,0.00017722509801387787,-7.812499534338714e-05,-6.682658295176225e-06,-0.25,-0.00029758570599369705,2.2354979518583367e-05,3.075087442994118e-05,-0.06697873298823834,-0.07020306587219238,3.141592653589793,3.141549825668335,-0.0013691780623048544,-0.004335531499236822,0.0002937090757768601
5.267810106277466,5.0,0.012070312164723873,0.0,9.765624417923391e-05,-3.0,-0.014995116740465164,0.5,0.00016410398529842496,-7.812499534338714e-05,-6.955948629183695e-05,-0.25,-0.00038665771717205644,-0.0001147264833965951,3.075087442994118e-05,-0.06700733926966283,-0.07020306587219238,3.141592653589793,3.141549825668335,-0.0022753437515348196,-0.0043654232285916805,-3.913311957148835e-05
5.272547721862793,5.0,0.012070312164723873,0.0,9.765624417923391e-05,-3.0,-0.014995116740465164,0.5,0.00016410398529842496,-7.812499534338714e-05,-6.955948629183695e-05,-0.25,-0.00038665771717205644,1.481140329419385e-05,3.075087442994118e-05,-0.06698030752176418,-0.07020306587219238,3.141592653589793,3.141549825668335,-0.0022753437515348196,-0.0043654232285916805,-3.913311957148835e-05
5.277227163314819,5.0,0.012070312164723873,0.0,9.765624417923391e-05,-3.0,-0.014995116740465164,0.5,0.00017278574523516,-7.812499534338714e-05,-1.4568383448931854e-05,-0.25,-0.00042089103953912854,1.481220493015612e-05,3.075087442994118e-05,-0.06698030752176418,-0.07020306587219238,3.141592653589793,3.141549825668335,-0.0011481333058327436,-0.004681560676544905,0.00026545190485194325
5.28214430809021,5.0,0.012070312164723873,0.0,9.765624417923391e-05,-3.0,-0.014995116740465164,0.5,0.00017278574523516,-7.812499534338714e-05,-1.4568383448931854e-05,-0.25,-0.00042089103953912854,0.00013325282332744633,3.1368595955427736e-05,-0.06696160961067375,-0.07027006149291992,3.141592653589793,3.141554355621338,0.0011584736639633775,-0.004422803875058889,0.0008143367595039308
5.28687858581543,5.0,0.012070312164723873,0.0,9.765624417923391e-05,-3.0,-0.014995116740465164,0.5,0.00017278574523516,-7.812499534338714e-05,-1.4568383448931854e-05,-0.25,-0.00042089103953912854,2.1423405505586742e-05,3.1368595955427736e-05,-0.06697926571057178,-0.07027006149291992,3.141592653589793,3.141554355621338,0.0011584736639633775,-0.004422803875058889,0.0008143367595039308
5.291729927062988,5.0,0.012070312164723873,0.0,9.765624417923391e-05,-3.0,-0.014999999664723873,0.5,0.00021119251323398203,-7.812499534338714e-05,-1.731224256218411e-05,-0.25,-0.0003756236983463168,1.5444165519321475e-05,3.1368595955427736e-05,-0.06689548957943978,-0.07027006149291992,3.141592653589793,3.141554355621338,-0.000678788055665791,-0.004786894656717777,6.865228351671249e-05
5.296464681625366,5.0,0.012070312164723873,0.0,9.765624417923391e-05,-3.0,-0.014999999664723873,0.5,0.00021119251323398203,-7.812499534338714e-05,-1.731224256218411e-05,-0.25,-0.0003756236983463168,2.1105801549489006e-05,3.1368595955427736e-05,-0.06697465689841192,-0.07027006149291992,3.141592653589793,3.141554355621338,-0.000678788055665791,-0.004786894656717777,6.865228351671249e-05
5.301332950592041,5.0,0.012070312164723873,0.0,9.765624417923391e-05,-3.0,-0.014999999664723873,0.5,0.0001742538734106347,-7.812499534338714e-05,-8.771385910222307e-05,-0.25,-0.00039981960435397923,-0.0001319565695379577,3.1368595955427736e-05,-0.06705496586839295,-0.07027006149291992,3.141592653589793,3.141554355621338,-0.0019425140926614404,-0.004818554501980543,0.000127119361422956
5.306203842163086,5.0,0.012070312164723873,0.0,9.765624417923391e-05,-3.0,-0.014999999664723873,0.5,0.0001742538734106347,-7.812499534338714e-05,-8.771385910222307e-05,-0.25,-0.00039981960435397923,1.2655739815013895e-05,3.1368595955427736e-05,-0.06697908953519072,-0.07027006149291992,3.141592653589793,3.141554355621338,-0.0019425140926614404,-0.004818554501980543,0.000127119361422956
5.311021089553833,5.0,0.012070312164723873,0.0,9.765624417923391e-05,-3.0,-0.014999999664723873,0.5,0.00018663040827959776,-7.812499534338714e-05,-0.00010109684808412567,-0.25,-0.0004226291202940047,-1.6733834816146306e-05,3.1368595955427736e-05,-0.06695191222049071,-0.07027006149291992,3.141592653589793,3.141554355621338,-0.0008580536232329905,-0.004904004745185375,0.0002709421096369624
5.3157453536987305,5.0,0.012070312164723873,0.0,9.765624417923391e-05,-3.0,-0.014999999664723873,0.5,0.00018663040827959776,-7.812499534338714e-05,-0.00010109684808412567,-0.25,-0.0004226291202940047,1.1045397413227167e-05,3.1368595955427736e-05,-0.06697760435100644,-0.07027006149291992,3.141592653589793,3.141554355621338,-0.0026699090376496315,-0.005346311721950769,0.00011986600293312222
5.320326805114746,5.0,0.012070312164723873,0.0,9.765624417923391e-05,-3.0,-0.015004882588982582,0.5,0.0002824855037033558,-7.812499534338714e-05,-0.0002502312127035111,-0.25,-0.00028735099476762116,-0.0003323842221515277,3.1368595955427736e-05,-0.06675687744201383,-0.07027006149291992,3.141592653589793,3.141554355621338,-0.0026699090376496315,-0.005346311721950769,0.00011986600293312222
5.325178861618042,5.0,0.012070312164723873,0.0,9.765624417923391e-05,-3.0,-0.015004882588982582,0.5,0.0002824855037033558,-7.812499534338714e-05,-0.0002502312127035111,-0.25,-0.00028735099476762116,-6.8831976483876755e-06,4.69058686576318e-05,-0.0669661017395556,-0.07033180445432663,3.141592653589793,3.141436815261841,-0.0025332781951874495,-0.00818643532693386,-0.014064728282392025
5.329895973205566,5.0,0.012070312164723873,0.0,9.765624417923391e-05,-3.0,-0.015004882588982582,0.5,0.0002824855037033558,-7.812499534338714e-05,-0.0002502312127035111,-0.25,-0.00028735099476762116,-6.899434533031564e-06,4.69058686576318e-05,-0.0669661017395556,-0.07033180445432663,3.141592653589793,3.141436815261841,-0.0025332781951874495,-0.00818643532693386,-0.014064728282392025
5.334793329238892,5.0,0.012070312164723873,0.0,8.789062121650204e-05,-3.0,-0.015004882588982582,0.5,0.0002200450689997524,0.00012909352734439793,6.447190389735624e-05,-0.25,-0.0004660606209654361,0.0002254671266280053,4.69058686576318e-05,-0.06710109284644913,-0.07033180445432663,3.141592653589793,3.141436815261841,-0.003808480454608798,-0.0060700299218297005,0.00015772349433973432
5.339489221572876,5.0,0.012070312164723873,0.0,8.789062121650204e-05,-3.0,-0.015004882588982582,0.5,0.0002200450689997524,-7.031249697320163e-05,6.447190389735624e-05,-0.25,-0.0004660606209654361,0.0004545730282667908,4.69058686576318e-05,-0.06697359459172003,-0.07033180445432663,3.141592653589793,3.141436815261841,-0.003808480454608798,-0.0060700299218297005,0.00015772349433973432
5.343931198120117,5.0,0.012070312164723873,0.0,8.789062121650204e-05,-3.0,-0.015004882588982582,0.5,0.00021411314082797617,-7.031249697320163e-05,-2.1026469312346308e-06,-0.25,-0.0005191588425077498,-0.0001279250795744677,4.69058686576318e-05,-0.06698766067679535,-0.07033180445432663,3.141592653589793,3.141436815261841,-0.003808480454608798,-0.0060700299218297005,0.00015772349433973432
5.348544120788574,5.0,0.012070312164723873,0.0,8.789062121650204e-05,-3.0,-0.015004882588982582,0.5,0.00021411314082797617,-7.031249697320163e-05,-2.1026469312346308e-06,-0.25,-0.0005191588425077498,2.1957175380318653e-05,4.69058686576318e-05,-0.06697430642310065,-0.07033180445432663,3.141592653589793,3.141436815261841,-0.00012075729318894446,-0.005454886704683304,0.00017016603669617325
5.35344123840332,5.0,0.012070312164723873,0.0,8.789062121650204e-05,-3.0,-0.015009765513241291,0.5,0.00016779634461272508,-7.031249697320163e-05,-0.0002487730816937983,-0.25,-0.00034594893804751337,-0.0005113661067635111,5.148464333615266e-05,-0.06707444414830219,-0.07036721706390381,3.141592653589793,3.141432046890259,-0.0037719672545790672,-0.00487746624276042,0.00010032131103798747
5.3579795360565186,5.0,0.012070312164723873,0.0,8.789062121650204e-05,-3.0,-0.015009765513241291,0.5,0.00016779634461272508,-7.031249697320163e-05,-0.0002487730816937983,-0.25,-0.00034594893804751337,-7.676953785704966e-06,5.148464333615266e-05,-0.06697986443864648,-0.07036721706390381,3.141592653589793,3.141432046890259,-0.0037719672545790672,-0.00487746624276042,0.00010032131103798747
5.362582683563232,5.0,0.012070312164723873,0.0,8.789062121650204e-05,-3.0,-0.015009765513241291,0.5,0.00014143898442853242,-7.031249697320163e-05,6.37188131804578e-05,-0.25,-0.00035016535548493266,0.0007087001116991659,5.148464333615266e-05,-0.06704028675173856,-0.07036721706390381,3.141592653589793,3.141432046890259,-0.001169435097835958,-0.004209372214972973,0.00047824153443798423
5.367258310317993,5.0,0.012070312164723873,0.0,8.789062121650204e-05,-3.0,-0.015009765513241291,0.5,0.00014143898442853242,-7.031249697320163e-05,6.37188131804578e-05,-0.25,-0.00035016535548493266,2.9846946524623476e-05,5.148464333615266e-05,-0.06698302732186857,-0.07036721706390381,3.141592653589793,3.141432046890259,-0.001169435097835958,-0.004209372214972973,0.00047824153443798423
5.371985673904419,5.0,0.012070312164723873,0.0,8.789062121650204e-05,-3.0,-0.015009765513241291,0.5,0.00015961505414452404,-7.031249697320163e-05,-5.8041769079864025e-06,-0.25,-0.00036262988578528166,-0.0001255547502287291,5.148464333615266e-05,-0.06694239755424804,-0.07036721706390381,3.141592653589793,3.141432046890259,-0.001618852256797254,-0.004479266703128815,0.0004171920008957386
5.376843690872192,5.0,0.012070312164723873,0.0,8.789062121650204e-05,-3.0,-0.015009765513241291,0.5,0.00015961505414452404,-7.031249697320163e-05,-5.8041769079864025e-06,-0.25,-0.00036262988578528166,2.1516554449944915e-05,5.148464333615266e-05,-0.06698084619350266,-0.07036721706390381,3.141592653589793,3.141432046890259,-0.001618852256797254,-0.004479266703128815,0.0004171920008957386
5.381623268127441,5.0,0.012070312164723873,0.0,8.789062121650204e-05,-3.0,-0.015009765513241291,0.5,0.00015961505414452404,-7.031249697320163e-05,-5.8041769079864025e-06,-0.25,-0.00036262988578528166,2.1522720899932077e-05,5.148464333615266e-05,-0.06698084619350266,-0.07036721706390381,3.141592653589793,3.141432046890259,-0.0019002273911610246,-0.004678305704146624,0.00029267658828757703
5.3864147663116455,5.0,0.012070312164723873,0.0,8.789062121650204e-05,-3.0,-0.015009765513241291,0.5,0.00015959865413606167,-7.031249697320163e-05,-5.8760848332894966e-05,-0.25,-0.00038666604086756706,-9.535312960796189e-05,5.148464333615266e-05,-0.06698088238881177,-0.07036721706390381,3.141592653589793,3.141432046890259,-0.0019002273911610246,-0.004678305704146624,0.00029267658828757703
5.390957593917847,5.0,0.012070312164723873,0.0,8.789062121650204e-05,-3.0,-0.015009765513241291,0.5,0.00015959865413606167,-7.031249697320163e-05,-5.8760848332894966e-05,-0.25,-0.00038666604086756706,1.5170076865979546e-05,3.326552177895792e-05,-0.06698084816150367,-0.07043909281492233,3.141592653589793,3.1414551734924316,-0.008685131557285786,-0.007489245384931564,0.00019412953406572342
5.395421981811523,5.0,0.012070312164723873,0.0,7.812499825377017e-05,-3.0,-0.015009765513241291,0.5,0.0018033430678769946,0.00015624494908765476,0.00033504574093967676,-0.25,0.0012680768268182874,0.0004098854449785206,7.187454320956022e-05,-0.06310169561715182,-0.07041358947753906,3.141592653589793,3.1414239406585693,-0.0016730037750676274,-0.004937428515404463,0.0006755025824531913
5.400152921676636,5.0,0.012070312164723873,0.0,7.812499825377017e-05,-3.0,-0.015009765513241291,0.5,0.0018033430678769946,-6.249999860301614e-05,0.00033504574093967676,-0.25,0.0012680768268182874,0.000523913964818841,7.187454320956022e-05,-0.06678359883185475,-0.07041358947753906,3.141592653589793,3.1414239406585693,-0.0016730037750676274,-0.004937428515404463,0.0006755025824531913
5.404644727706909,5.0,0.012070312164723873,0.0,7.812499825377017e-05,-3.0,-0.015009765513241291,0.5,0.00029681308660656214,-6.249999860301614e-05,-9.471658268012106e-05,-0.25,-0.0005922341370023787,-0.000946800975680259,7.187454320956022e-05,-0.07031833398298433,-0.07041358947753906,3.141592653589793,3.1414239406585693,-0.0016730037750676274,-0.004937428515404463,0.0006755025824531913
5.409344911575317,5.0,0.012070312164723873,0.0,7.812499825377017e-05,-3.0,-0.015009765513241291,0.5,0.00029681308660656214,-6.249999860301614e-05,-9.471658268012106e-05,-0.25,-0.0005922341370023787,9.965546271140661e-06,6.085929271648638e-05,-0.0669643824296072,-0.07042550295591354,3.141592653589793,3.1414337158203125,-0.001965087139979005,-0.009173894301056862,0.0003314414352644235
5.4137983322143555,5.0,0.012070312164723873,0.0,7.812499825377017e-05,-3.0,-0.015019531361758709,0.5,0.0004466933023650199,-6.249999860301614e-05,0.00012773516937159002,-0.25,-0.0009291124297305942,9.962676791131696e-06,6.085929271648638e-05,-0.0669643824296072,-0.07042550295591354,3.141592653589793,3.1414337158203125,0.0005388851859606802,-0.013312354683876038,0.00013785684132017195
5.41899561882019,5.0,0.012070312164723873,0.0,7.812499825377017e-05,-3.0,-0.015019531361758709,0.5,0.0004466933023650199,-6.249999860301614e-05,0.00012773516937159002,-0.25,-0.0009291124297305942,0.0004646918331687152,6.085929271648638e-05,-0.06665801514011853,-0.07042550295591354,3.141592653589793,3.1414337158203125,0.0005388851859606802,-0.013312354683876038,0.00013785684132017195
5.423959016799927,5.0,0.012070312164723873,0.0,7.812499825377017e-05,-3.0,-0.015019531361758709,0.5,0.0004466933023650199,-6.249999860301614e-05,0.00012773516937159002,-0.25,-0.0009291124297305942,3.6695545428114485e-05,5.357814006856643e-05,-0.0669463968037162,-0.07058405131101608,3.141592653589793,3.1414453983306885,-0.0030384769197553396,-0.01680794358253479,0.0003029688959941268
5.428424596786499,5.0,0.012070312164723873,0.0,7.812499825377017e-05,-3.0,-0.015034179203212261,0.5,0.0007091113948263228,-6.249999860301614e-05,6.444665814342443e-06,-0.25,-0.0007917094044387341,-0.00024946514047955294,5.357814006856643e-05,-0.06632726047411426,-0.07058405131101608,3.141592653589793,3.1414453983306885,-0.0030384769197553396,-0.01680794358253479,0.0003029688959941268
5.432800054550171,5.0,0.012070312164723873,0.0,7.812499825377017e-05,-3.0,-0.015034179203212261,0.5,0.0007091113948263228,-6.249999860301614e-05,6.444665814342443e-06,-0.25,-0.0007917094044387341,2.2152875848860615e-05,6.11786381341517e-05,-0.06691490663262084,-0.07070218771696091,3.141592653589793,3.1414477825164795,-0.0012232052395120263,-0.01555558480322361,0.0004379434685688466
5.437533617019653,5.0,0.012070312164723873,0.0,6.83593752910383e-05,-3.0,-0.015043945051729679,0.5,0.0014168566558510065,0.00015161849077693123,-0.0020995228551328182,-0.25,-0.0002129817003151402,-0.005157823456601463,6.11786381341517e-05,-0.06533481311381079,-0.07070218771696091,3.141592653589793,3.1414477825164795,-0.0012232052395120263,-0.01555558480322361,0.0004379434685688466
5.442046403884888,5.0,0.012070312164723873,0.0,6.83593752910383e-05,-3.0,-0.015043945051729679,0.5,0.0014168566558510065,-5.468750023283065e-05,-0.0020995228551328182,-0.25,-0.0002129817003151402,0.00022526032660704915,5.4495703807333484e-05,-0.06682997720129788,-0.07078933715820312,3.141592653589793,3.1413815021514893,0.005640857387334108,-0.020783375948667526,0.006979763973504305
5.446802377700806,5.0,0.012070312164723873,0.0,6.83593752910383e-05,-3.0,-0.015043945051729679,0.5,0.0014168566558510065,-5.468750023283065e-05,-0.0020995228551328182,-0.25,-0.0002129817003151402,-0.00023209290662372942,5.4495703807333484e-05,-0.06682997720129788,-0.07078933715820312,3.141592653589793,3.1413815021514893,0.005640857387334108,-0.020783375948667526,0.006979763973504305
5.451153516769409,5.0,0.012070312164723873,0.0,6.83593752910383e-05,-3.0,-0.015048827975988388,0.5,0.00039727269904688,-5.468750023283065e-05,2.6813801014213823e-05,-0.25,-0.0008466052822768688,0.004909925183062805,5.57520252186805e-05,-0.06929558484781814,-0.07080864161252975,3.141592653589793,3.141418218612671,-0.0006251541199162602,-0.00967392697930336,0.0004485874087549746
5.455817699432373,5.0,0.012070312164723873,0.0,6.83593752910383e-05,-3.0,-0.015048827975988388,0.5,0.00039727269904688,-5.468750023283065e-05,2.6813801014213823e-05,-0.25,-0.0008466052822768688,2.3082187322960075e-05,5.57520252186805e-05,-0.06695232727611437,-0.07080864161252975,3.141592653589793,3.141418218612671,-0.0006251541199162602,-0.00967392697930336,0.0004485874087549746
5.46063756942749,5.0,0.012070312164723873,0.0,6.83593752910383e-05,-3.0,-0.015053710900247097,0.5,0.00021480485156644136,-5.468750023283065e-05,-1.2226943908899557e-05,-0.25,-0.0005037069204263389,-6.259818980468233e-05,4.144343620282598e-05,-0.06735279762762535,-0.07087182253599167,3.141592653589793,3.1414244174957275,-0.0008964464068412781,-0.0056857941672205925,0.00030062341829761863
5.4652931690216064,5.0,0.012070312164723873,0.0,6.83593752910383e-05,-3.0,-0.015053710900247097,0.5,0.00021480485156644136,-5.468750023283065e-05,-1.2226943908899557e-05,-0.25,-0.0005037069204263389,1.8405344606390255e-05,4.144343620282598e-05,-0.06697422341781203,-0.07087182253599167,3.141592653589793,3.1414244174957275,-0.0008964464068412781,-0.0056857941672205925,0.00030062341829761863
5.470149278640747,5.0,0.012070312164723873,0.0,6.83593752910383e-05,-3.0,-0.015053710900247097,0.5,-5.448993033496663e-05,-5.468750023283065e-05,3.193853990524076e-05,-0.25,4.7397614252986386e-05,0.00011466190025604395,4.144343620282598e-05,-0.06756108719153622,-0.07087182253599167,3.141592653589793,3.1414244174957275,-0.001321326126344502,3.7122241337783635e-05,0.00017908148583956063
5.475184679031372,5.0,0.012070312164723873,0.0,6.83593752910383e-05,-3.0,-0.015053710900247097,0.5,-5.448993033496663e-05,-5.468750023283065e-05,3.193853990524076e-05,-0.25,4.7397614252986386e-05,2.3722339910949737e-05,4.144343620282598e-05,-0.0670065387916402,-0.07087182253599167,3.141592653589793,3.1414244174957275,0.0014561708085238934,0.001288398401811719,0.0001887306134449318
5.479556322097778,5.0,0.012070312164723873,0.0,6.83593752910383e-05,-3.0,-0.015053710900247097,0.5,-5.448993033496663e-05,-5.468750023283065e-05,3.193853990524076e-05,-0.25,4.7397614252986386e-05,2.3729913873504536e-05,4.144343620282598e-05,-0.0670065387916402,-0.07087182253599167,3.141592653589793,3.1414244174957275,0.0014561708085238934,0.001288398401811719,0.0001887306134449318
5.484160423278809,5.0,0.012070312164723873,0.0,6.83593752910383e-05,-3.0,-0.015053710900247097,0.5,-6.84786937199533e-05,-5.468750023283065e-05,9.004219464259222e-05,-0.25,0.00016889334074221551,0.00015691545754029193,4.144343620282598e-05,-0.0670386007098927,-0.07087182253599167,3.141592653589793,3.1414244174957275,0.0023532852064818144,-0.0009521341999061406,0.00092515122378245
5.4887285232543945,5.0,0.012070312164723873,0.0,6.83593752910383e-05,-3.0,-0.015053710900247097,0.5,-6.84786937199533e-05,-5.468750023283065e-05,9.004219464259222e-05,-0.25,0.00016889334074221551,3.072890223948137e-05,4.144343620282598e-05,-0.06700821744324639,-0.07087182253599167,3.141592653589793,3.1414244174957275,0.0023532852064818144,-0.0009521341999061406,0.00092515122378245
5.4935302734375,5.0,0.012070312164723873,0.0,6.83593752910383e-05,-3.0,-0.015053710900247097,0.5,6.751120236003771e-05,-5.468750023283065e-05,-1.8786773580359295e-05,-0.25,-6.079912054701708e-05,-0.00020897150394349803,4.144343620282598e-05,-0.0667086896363087,-0.07087182253599167,3.141592653589793,3.1414244174957275,0.0001564466074341908,-0.0017974415095523,0.00024416943779215217
5.498251438140869,5.0,0.012070312164723873,0.0,6.83593752910383e-05,-3.0,-0.015053710900247097,0.5,6.751120236003771e-05,-5.468750023283065e-05,-1.8786773580359295e-05,-0.25,-6.079912054701708e-05,1.7676263644012673e-05,4.144343620282598e-05,-0.0669918986557168,-0.07087182253599167,3.141592653589793,3.1414244174957275,0.0001564466074341908,-0.0017974415095523,0.00024416943779215217
5.502794981002808,5.0,0.012070312164723873,0.0,6.83593752910383e-05,-3.0,-0.015053710900247097,0.5,9.507670620223507e-05,-5.468750023283065e-05,4.2365016270196065e-05,-0.25,-0.0002131927030859515,0.00015961384013739213,4.144343620282598e-05,-0.06692792117095635,-0.07087182253599167,3.141592653589793,3.1414244174957275,-0.000327845016727224,-0.00229982053861022,0.0004678785044234246
5.5074310302734375,5.0,0.012070312164723873,0.0,6.83593752910383e-05,-3.0,-0.015053710900247097,0.5,9.507670620223507e-05,-5.468750023283065e-05,4.2365016270196065e-05,-0.25,-0.0002131927030859515,2.503229647641806e-05,4.144343620282598e-05,-0.06698859079525574,-0.07087182253599167,3.141592653589793,3.1414244174957275,-0.000327845016727224,-0.00229982053861022,0.0004678785044234246
5.512218475341797,5.0,0.012070312164723873,0.0,6.83593752910383e-05,-3.0,-0.015053710900247097,0.5,3.9726568502373993e-05,-5.468750023283065e-05,-1.0092281627294142e-05,-0.25,-6.975293217692524e-05,-9.083094598179563e-05,4.144343620282598e-05,-0.0671108480029924,-0.07087182253599167,3.141592653589793,3.1414244174957275,-0.00149877171497792,-0.0015220108907669783,0.00033986844937317073
5.517017364501953,5.0,0.012070312164723873,0.0,6.83593752910383e-05,-3.0,-0.015053710900247097,0.5,3.9726568502373993e-05,-5.468750023283065e-05,-1.0092281627294142e-05,-0.25,-6.975293217692524e-05,1.8745970822130163e-05,4.144343620282598e-05,-0.06699523281177971,-0.07087182253599167,3.141592653589793,3.1414244174957275,-0.00149877171497792,-0.0015220108907669783,0.00033986844937317073
5.521928071975708,5.0,0.012070312164723873,0.0,6.83593752910383e-05,-3.0,-0.015053710900247097,0.5,3.9726568502373993e-05,-5.468750023283065e-05,-1.0092281627294142e-05,-0.25,-6.975293217692524e-05,1.875035070359616e-05,4.0176852053264156e-05,-0.06699523281177971,-0.07088947296142578,3.141592653589793,3.141463041305542,-0.009259798564016819,0.0019250812474638224,-0.004506900440901518
5.526587009429932,5.0,0.012070312164723873,0.0,6.83593752910383e-05,-3.0,-0.015053710900247097,0.5,8.15007442724891e-05,-5.468750023283065e-05,-0.0012500890297815204,-0.25,-0.00026335357688367367,-0.0027917047425150303,4.0176852053264156e-05,-0.06690055531188002,-0.07088947296142578,3.141592653589793,3.141463041305542,-0.009259798564016819,0.0019250812474638224,-0.004506900440901518
5.531440258026123,5.0,0.012070312164723873,0.0,6.83593752910383e-05,-3.0,-0.015053710900247097,0.5,8.15007442724891e-05,-5.468750023283065e-05,-0.0012500890297815204,-0.25,-0.00026335357688367367,-0.00013027667670999134,7.158529479056597e-05,-0.0669902199106873,-0.07089542597532272,3.141592653589793,3.141451835632324,0.005778747610747814,-0.005024283658713102,0.0051801493391394615
5.536086797714233,5.0,0.012070312164723873,0.0,7.812499825377017e-05,-3.0,-0.015053710900247097,0.5,1.823857382987626e-05,-0.0002726697941547537,0.0009570711408741772,-0.25,0.00012163162318756804,0.005380098755332237,7.158529479056597e-05,-0.06713396036520689,-0.07089542597532272,3.141592653589793,3.141451835632324,0.005778747610747814,-0.005024283658713102,0.0051801493391394615
5.540892124176025,5.0,0.012070312164723873,0.0,7.812499825377017e-05,-3.0,-0.015053710900247097,0.5,1.823857382987626e-05,-6.249999860301614e-05,0.0009570711408741772,-0.25,0.00012163162318756804,-0.0003016360901478307,4.337737482273951e-05,-0.06699781137114041,-0.07088756561279297,3.141592653589793,3.1414668560028076,-0.008196710608899593,0.0027356732171028852,-0.004732394590973854
5.545780181884766,5.0,0.012070312164723873,0.0,7.812499825377017e-05,-3.0,-0.015053710900247097,0.5,-4.260696368874051e-05,-6.249999860301614e-05,0.0011888003209605813,-0.25,0.0001198029494844377,0.000637734245666018,4.337737482273951e-05,-0.06712959077993905,-0.07088756561279297,3.141592653589793,3.1414668560028076,-0.008196710608899593,0.0027356732171028852,-0.004732394590973854
5.550663471221924,5.0,0.012070312164723873,0.0,7.812499825377017e-05,-3.0,-0.015053710900247097,0.5,-4.260696368874051e-05,-6.249999860301614e-05,0.0011888003209605813,-0.25,0.0001198029494844377,0.0001637843512218434,4.4518568756757304e-05,-0.06700511283564264,-0.07088792324066162,3.141592653589793,3.1414666175842285,-0.007733953185379505,0.0018695383332669735,-0.004854552447795868
5.555497646331787,5.0,0.012070312164723873,0.0,7.812499825377017e-05,-3.0,-0.015053710900247097,0.5,8.657202124595642e-05,-6.249999860301614e-05,0.0009634827147237957,-0.25,-0.00010920047498075292,-0.0003292477485589863,4.4518568756757304e-05,-0.06672239103133709,-0.07088792324066162,3.141592653589793,3.1414666175842285,-0.007733953185379505,0.0018695383332669735,-0.004854552447795868
5.560260772705078,5.0,0.012070312164723873,0.0,7.812499825377017e-05,-3.0,-0.015053710900247097,0.5,8.657202124595642e-05,-6.249999860301614e-05,0.0009634827147237957,-0.25,-0.00010920047498075292,0.00013694317178175518,4.569403608911671e-05,-0.06698961135745049,-0.07090460509061813,3.141592653589793,3.1414623260498047,-0.00760135892778635,-0.00033328490098938346,-0.004335316363722086
5.565762281417847,5.0,0.012070312164723873,0.0,7.812499825377017e-05,-3.0,-0.015053710900247097,0.5,8.657202124595642e-05,-6.249999860301614e-05,0.0009634827147237957,-0.25,-0.00010920047498075292,0.00013705606083848552,4.569403608911671e-05,-0.06698961135745049,-0.07090460509061813,3.141592653589793,3.1414623260498047,-0.00760135892778635,-0.00033328490098938346,-0.004335316363722086
5.570845603942871,5.0,0.012070312164723873,0.0,6.83593752910383e-05,-3.0,-0.015053710900247097,0.5,0.00016387912910431623,0.0001374235238986741,-0.001206947723403573,-0.25,-0.0005107176257297397,-0.004810524404437267,4.5423530536936596e-05,-0.0668282546247088,-0.07090532034635544,3.141592653589793,3.141465663909912,-0.008287250995635986,-0.00022165986592881382,-0.004408629611134529
5.575429439544678,5.0,0.012070312164723873,0.0,6.83593752910383e-05,-3.0,-0.015053710900247097,0.5,0.00016387912910431623,-5.468750023283065e-05,-0.001206947723403573,-0.25,-0.0005107176257297397,0.000294529992934396,4.0324997826246545e-05,-0.06698033450450748,-0.07090234756469727,3.141592653589793,3.1414668560028076,-0.0056679085828363895,0.00010062541696242988,-0.0037037995643913746
5.580204010009766,5.0,0.012070312164723873,0.0,6.83593752910383e-05,-3.0,-0.015053710900247097,0.5,0.00013322352606337517,-5.468750023283065e-05,-0.0009652597364038229,-0.25,-0.0004921054933220148,0.00041053858959997584,4.0324997826246545e-05,-0.06704821916831204,-0.07090234756469727,3.141592653589793,3.1414668560028076,-0.0056679085828363895,0.00010062541696242988,-0.0037037995643913746
5.5848424434661865,5.0,0.012070312164723873,0.0,6.83593752910383e-05,-3.0,-0.015053710900247097,0.5,0.00013322352606337517,-5.468750023283065e-05,-0.0009652597364038229,-0.25,-0.0004921054933220148,-9.574427038338731e-05,6.0633585235336795e-05,-0.06698401317687239,-0.07089710235595703,3.141592653589793,3.141470193862915,0.0019279173575341702,-0.006647467613220215,0.006264001131057739
5.589430332183838,5.0,0.012070312164723873,0.0,7.812499825377017e-05,-3.0,-0.015053710900247097,0.5,2.1066218323539943e-05,-0.00027535657738531684,-2.1397359887487255e-05,-0.25,-1.534700277261436e-05,0.0025822959109046847,6.0633585235336795e-05,-0.06724193593390429,-0.07089710235595703,3.141592653589793,3.141470193862915,0.0019279173575341702,-0.006647467613220215,0.006264001131057739
5.593993902206421,5.0,0.012070312164723873,0.0,7.812499825377017e-05,-3.0,-0.015053710900247097,0.5,2.1066218323539943e-05,-6.249999860301614e-05,-2.1397359887487255e-05,-0.25,-1.534700277261436e-05,-0.0004479418096722036,6.0633585235336795e-05,-0.06699747205380117,-0.07089710235595703,3.141592653589793,3.141470193862915,-0.0001436931488569826,-0.000437436654465273,0.000271631870418787
5.598618984222412,5.0,0.012070312164723873,0.0,7.812499825377017e-05,-3.0,-0.015053710900247097,0.5,2.1066218323539943e-05,-6.249999860301614e-05,-2.1397359887487255e-05,-0.25,-1.534700277261436e-05,1.848757089246975e-05,6.0633585235336795e-05,-0.06699747205380117,-0.07089710235595703,3.141592653589793,3.141470193862915,-0.0001436931488569826,-0.000437436654465273,0.000271631870418787
5.603463888168335,5.0,0.012070312164723873,0.0,7.812499825377017e-05,-3.0,-0.015053710900247097,0.5,6.249189027585089e-05,-6.249999860301614e-05,3.2151023333426565e-05,-0.25,-0.000161118499818258,0.00013544771837133645,6.0633585235336795e-05,-0.06690699737512926,-0.07089710235595703,3.141592653589793,3.141470193862915,-0.0009778355015441775,-0.002384277991950512,0.00022963836090639234
5.608243227005005,5.0,0.012070312164723873,0.0,7.812499825377017e-05,-3.0,-0.015053710900247097,0.5,6.249189027585089e-05,-6.249999860301614e-05,3.2151023333426565e-05,-0.25,-0.000161118499818258,2.4931595767274146e-05,6.0633585235336795e-05,-0.06699250097316689,-0.07089710235595703,3.141592653589793,3.141470193862915,-0.0009778355015441775,-0.002384277991950512,0.00022963836090639234
5.612977504730225,5.0,0.012070312164723873,0.0,7.812499825377017e-05,-3.0,-0.015053710900247097,0.5,0.00011689379607560113,-6.249999860301614e-05,3.974124774686061e-05,-0.25,-0.0002680397010408342,4.188459005417766e-05,6.0633585235336795e-05,-0.0668710620675794,-0.07089710235595703,3.141592653589793,3.141470193862915,-0.0006154351285658777,-0.0032819269690662622,0.0004455994348973036
5.617503881454468,5.0,0.012070312164723873,0.0,7.812499825377017e-05,-3.0,-0.015053710900247097,0.5,0.00011689379607560113,-6.249999860301614e-05,3.974124774686061e-05,-0.25,-0.0002680397010408342,2.58613591139448e-05,6.0633585235336795e-05,-0.06698597274447093,-0.07089710235595703,3.141592653589793,3.141470193862915,-0.0006154351285658777,-0.0032819269690662622,0.0004455994348973036
5.621967554092407,5.0,0.012070312164723873,0.0,7.812499825377017e-05,-3.0,-0.015053710900247097,0.5,0.00013823859626427293,-6.249999860301614e-05,-0.00016454316210001707,-0.25,-0.00029119610553607345,-0.0004563218078969672,6.0633585235336795e-05,-0.06693559244909643,-0.07089710235595703,3.141592653589793,3.141470193862915,-0.005308959167450666,-0.0044280532747507095,-2.4275825126096606e-05
5.626763105392456,5.0,0.012070312164723873,0.0,7.812499825377017e-05,-3.0,-0.015053710900247097,0.5,0.00013823859626427293,-6.249999860301614e-05,-0.00016454316210001707,-0.25,-0.00029119610553607345,1.3283331222762947e-06,6.0633585235336795e-05,-0.06698341136844829,-0.07089710235595703,3.141592653589793,3.141470193862915,-0.005308959167450666,-0.0044280532747507095,-2.4275825126096606e-05
5.6314263343811035,5.0,0.012070312164723873,0.0,7.812499825377017e-05,-3.0,-0.015053710900247097,0.5,0.00013823859626427293,-6.249999860301614e-05,-0.00016454316210001707,-0.25,-0.00029119610553607345,1.3188161095140455e-06,6.0633585235336795e-05,-0.06698341136844829,-0.07089710235595703,3.141592653589793,3.141470193862915,-0.00011592337250476703,-0.0032991631887853146,0.0002842139219865203
5.636275768280029,5.0,0.012070312164723873,0.0,7.812499825377017e-05,-3.0,-0.015053710900247097,0.5,0.00011521704436745495,-6.249999860301614e-05,-0.00011447127326391637,-0.25,-0.0002816224005073309,0.00011057546194443341,6.0633585235336795e-05,-0.06703364661308645,-0.07089710235595703,3.141592653589793,3.141470193862915,-0.00011592337250476703,-0.0032991631887853146,0.0002842139219865203
5.640640020370483,5.0,0.012070312164723873,0.0,7.812499825377017e-05,-3.0,-0.015053710900247097,0.5,0.00011521704436745495,-6.249999860301614e-05,-0.00011447127326391637,-0.25,-0.0002816224005073309,7.317865829742261e-06,6.0633585235336795e-05,-0.0669861739546759,-0.07089710235595703,3.141592653589793,3.141470193862915,-0.0014765142695978284,-0.0032700211741030216,0.00014346376701723784
5.645336389541626,5.0,0.012070312164723873,0.0,7.812499825377017e-05,-3.0,-0.015053710900247097,0.5,0.00011179290595464408,-6.249999860301614e-05,-8.836159395286813e-05,-0.25,-0.00025757550611160696,6.604405583131216e-05,6.0633585235336795e-05,-0.06699387588460934,-0.07089710235595703,3.141592653589793,3.141470193862915,-0.0014765142695978284,-0.0032700211741030216,0.00014346376701723784
5.650015354156494,5.0,0.012070312164723873,0.0,7.812499825377017e-05,-3.0,-0.015053710900247097,0.5,0.00011179290595464408,-6.249999860301614e-05,-8.836159395286813e-05,-0.25,-0.00025757550611160696,1.0446178125295177e-05,6.0633585235336795e-05,-0.06698658485128545,-0.07089710235595703,3.141592653589793,3.141470193862915,-0.0020165571477264166,-0.0033190117683261633,0.00010990771988872439
5.655121803283691,5.0,0.012070312164723873,0.0,7.812499825377017e-05,-3.0,-0.015053710900247097,0.5,0.00012224554666318,-6.249999860301614e-05,-9.567441884428263e-05,-0.25,-0.00027777551440522075,1.0443536906875133e-05,6.0633585235336795e-05,-0.06698658485128545,-0.07089710235595703,3.141592653589793,3.141470193862915,-0.003064297139644623,-0.0035464863758534193,-0.0002080073900287971
5.660085916519165,5.0,0.012070312164723873,0.0,7.812499825377017e-05,-3.0,-0.015053710900247097,0.5,0.00012224554666318,-6.249999860301614e-05,-9.567441884428263e-05,-0.25,-0.00027777551440522075,-5.168677822688808e-06,6.0633585235336795e-05,-0.06696427412369278,-0.07089710235595703,3.141592653589793,3.141470193862915,-0.003064297139644623,-0.0035464863758534193,-0.0002080073900287971
5.664921522140503,5.0,0.012070312164723873,0.0,7.812499825377017e-05,-3.0,-0.015053710900247097,0.5,0.00012224554666318,-6.249999860301614e-05,-9.567441884428263e-05,-0.25,-0.00027777551440522075,9.559495920073352e-06,6.0633585235336795e-05,-0.06698533053440042,-0.07089710235595703,3.141592653589793,3.141470193862915,-0.001461245585232973,-0.0035168747417628765,0.00015798339154571295
5.669668436050415,5.0,0.012070312164723873,0.0,7.812499825377017e-05,-3.0,-0.015053710900247097,0.5,0.00012128415983170271,-6.249999860301614e-05,-6.795906665502116e-05,-0.25,-0.00030822871485725045,7.12708633782925e-05,6.0633585235336795e-05,-0.06698747118893311,-0.07089710235595703,3.141592653589793,3.141470193862915,-0.001461245585232973,-0.0035168747417628765,0.00015798339154571295
5.674527168273926,5.0,0.012070312164723873,0.0,7.812499825377017e-05,-3.0,-0.015053710900247097,0.5,0.00012128415983170271,-6.249999860301614e-05,-6.795906665502116e-05,-0.25,-0.00030822871485725045,1.2884289425266211e-05,6.0633585235336795e-05,-0.0669854459008202,-0.07089710235595703,3.141592653589793,3.141470193862915,-0.0012024641036987305,-0.0034893646370619535,0.0002345894172322005
5.67943263053894,5.0,0.012070312164723873,0.0,7.812499825377017e-05,-3.0,-0.015053710900247097,0.5,0.00011749722034437582,-6.249999860301614e-05,-3.412833029869944e-05,-0.25,-0.00030224083457142115,8.591220132181176e-05,6.0633585235336795e-05,-0.06699362017581356,-0.07089710235595703,3.141592653589793,3.141470193862915,-0.0012024641036987305,-0.0034893646370619535,0.0002345894172322005
5.684267997741699,5.0,0.012070312164723873,0.0,7.812499825377017e-05,-3.0,-0.015053710900247097,0.5,0.00011749722034437582,-6.249999860301614e-05,-3.412833029869944e-05,-0.25,-0.00030224083457142115,1.694950505967819e-05,6.0633585235336795e-05,-0.06698590033355867,-0.07089710235595703,3.141592653589793,3.141470193862915,-0.0015016963006928563,-0.003516972530633211,0.00019774670363403857
5.6889917850494385,5.0,0.012070312164723873,0.0,7.812499825377017e-05,-3.0,-0.015058593824505806,0.5,0.00014396480401046574,-6.249999860301614e-05,-1.5389546206279192e-06,-0.25,-0.00025504588847979903,8.98559197108298e-05,6.0633585235336795e-05,-0.06692669379297263,-0.07089710235595703,3.141592653589793,3.141470193862915,-0.0015016963006928563,-0.003516972530633211,0.00019774670363403857
5.693801403045654,5.0,0.012070312164723873,0.0,7.812499825377017e-05,-3.0,-0.015058593824505806,0.5,0.00014396480401046574,-6.249999860301614e-05,-1.5389546206279192e-06,-0.25,-0.00025504588847979903,2.0871853467847495e-05,3.720088716363534e-05,-0.06698272422351874,-0.07092296332120895,3.141592653589793,3.14150071144104,-0.000644874176941812,-0.0033202855847775936,0.0001477500918554142
5.698415517807007,5.0,0.012070312164723873,0.0,7.812499825377017e-05,-3.0,-0.015058593824505806,0.5,0.00014396480401046574,-6.249999860301614e-05,-1.5389546206279192e-06,-0.25,-0.00025504588847979903,2.0877479092905627e-05,3.720088716363534e-05,-0.06698272422351874,-0.07092296332120895,3.141592653589793,3.14150071144104,-0.000644874176941812,-0.0033202855847775936,0.0001477500918554142
5.703112602233887,5.0,0.012070312164723873,0.0,7.812499825377017e-05,-3.0,-0.015058593824505806,0.5,0.00010767646017484367,-6.249999860301614e-05,3.442940578679554e-05,-0.25,-0.00029083131812512875,0.00010177871715898652,3.720088716363534e-05,-0.06706433599228478,-0.07092296332120895,3.141592653589793,3.14150071144104,-0.0008599770371802151,-0.0032728894148021936,0.00034072351991198957
5.707713603973389,5.0,0.012070312164723873,0.0,7.812499825377017e-05,-3.0,-0.015058593824505806,0.5,0.00010767646017484367,-6.249999860301614e-05,3.442940578679554e-05,-0.25,-0.00029083131812512875,2.521170750087789e-05,3.720088716363534e-05,-0.06698707882477901,-0.07092296332120895,3.141592653589793,3.14150071144104,-0.0011369106359779835,-0.0032593528740108013,0.00020640566071961075
5.712501764297485,5.0,0.012070312164723873,0.0,7.812499825377017e-05,-3.0,-0.015058593824505806,0.5,0.00011012673348886892,-6.249999860301614e-05,-4.054385135532357e-05,-0.25,-0.00027384638087823987,-0.00014036348782293343,3.720088716363534e-05,-0.06698166743343824,-0.07092296332120895,3.141592653589793,3.14150071144104,-0.0011369106359779835,-0.0032593528740108013,0.00020640566071961075
5.717078685760498,5.0,0.012070312164723873,0.0,7.812499825377017e-05,-3.0,-0.015058593824505806,0.5,0.00011012673348886892,-6.249999860301614e-05,-4.054385135532357e-05,-0.25,-0.00027384638087823987,1.621902906611769e-05,3.720088716363534e-05,-0.06698678479198134,-0.07092296332120895,3.141592653589793,3.14150071144104,-0.0010484515223652124,-0.0031378716230392456,0.00021045545872766525
5.721897602081299,5.0,0.012070312164723873,0.0,7.812499825377017e-05,-3.0,-0.015058593824505806,0.5,0.00010976381599903107,-6.249999860301614e-05,-0.00018763617845252156,-0.25,-0.00024522541207261384,-0.0003066835405996923,3.720088716363534e-05,-0.06698758145225193,-0.07092296332120895,3.141592653589793,3.14150071144104,-0.0010484515223652124,-0.0031378716230392456,0.00021045545872766525
5.726598024368286,5.0,0.012070312164723873,0.0,7.812499825377017e-05,-3.0,-0.015058593824505806,0.5,0.00010976381599903107,-6.249999860301614e-05,-0.00018763617845252156,-0.25,-0.00024522541207261384,-1.4558744589075223e-06,3.720088716363534e-05,-0.06698682834208011,-0.07092296332120895,3.141592653589793,3.14150071144104,-0.0010077761253342032,-0.002982145408168435,0.00015831287601031363
5.7313454151153564,5.0,0.012070312164723873,0.0,7.812499825377017e-05,-3.0,-0.015058593824505806,0.5,0.00010976381599903107,-6.249999860301614e-05,-0.00018763617845252156,-0.25,-0.00024522541207261384,-1.4677558657543473e-06,3.720088716363534e-05,-0.06698682834208011,-0.07092296332120895,3.141592653589793,3.14150071144104,-0.0010077761253342032,-0.002982145408168435,0.00015831287601031363
5.736122131347656,5.0,0.012070312164723873,0.0,7.812499825377017e-05,-3.0,-0.015058593824505806,0.5,9.717620559968054e-05,-6.249999860301614e-05,4.9995651352219284e-05,-0.25,-0.00025600672233849764,0.0005245382889588395,3.720088716363534e-05,-0.06701469087162375,-0.07092296332120895,3.141592653589793,3.14150071144104,-0.0007879550685174763,-0.0028759604319930077,0.00028862751787528396
5.740967035293579,5.0,0.012070312164723873,0.0,7.812499825377017e-05,-3.0,-0.015058593824505806,0.5,9.717620559968054e-05,-6.249999860301614e-05,4.9995651352219284e-05,-0.25,-0.00025600672233849764,2.7069711519125988e-05,3.720088716363534e-05,-0.06698833885532804,-0.07092296332120895,3.141592653589793,3.14150071144104,-0.0010416696313768625,-0.0029120591934770346,0.00026170097407884896
5.745819568634033,5.0,0.012070312164723873,0.0,7.812499825377017e-05,-3.0,-0.015058593824505806,0.5,8.977598918136209e-05,-6.249999860301614e-05,6.903646135469899e-05,-0.25,-0.000247620337177068,6.860628050647623e-05,3.720088716363534e-05,-0.06700447709371127,-0.07092296332120895,3.141592653589793,3.14150071144104,-0.0010416696313768625,-0.0029120591934770346,0.00026170097407884896
5.750591278076172,5.0,0.012070312164723873,0.0,7.812499825377017e-05,-3.0,-0.015058593824505806,0.5,8.977598918136209e-05,-6.249999860301614e-05,6.903646135469899e-05,-0.25,-0.000247620337177068,2.937992749593147e-05,3.720088716363534e-05,-0.06698922688129824,-0.07092296332120895,3.141592653589793,3.14150071144104,0.0016461036866530776,-0.0021784030832350254,0.0009232768206857145
5.755388498306274,5.0,0.012070312164723873,0.0,7.812499825377017e-05,-3.0,-0.015058593824505806,0.5,7.440764602506533e-05,-6.249999860301614e-05,-0.00024037550610955805,-0.25,-0.00020014165784232318,-0.0006527483613422162,3.720088716363534e-05,-0.06702310701666207,-0.07092296332120895,3.141592653589793,3.14150071144104,0.0016461036866530776,-0.0021784030832350254,0.0009232768206857145
5.760025262832642,5.0,0.012070312164723873,0.0,7.812499825377017e-05,-3.0,-0.015058593824505806,0.5,7.440764602506533e-05,-6.249999860301614e-05,-0.00024037550610955805,-0.25,-0.00020014165784232318,-7.783070096306697e-06,3.720088716363534e-05,-0.06699107108247698,-0.07092296332120895,3.141592653589793,3.14150071144104,-0.00034587265690788627,-0.002335731405764818,0.0002687858941499144
5.7647504806518555,5.0,0.012070312164723873,0.0,7.812499825377017e-05,-3.0,-0.015058593824505806,0.5,8.08221084298566e-05,-6.249999860301614e-05,4.265131792635657e-05,-0.25,-0.00020566582679748535,0.0006251610432891158,3.720088716363534e-05,-0.06697672639097536,-0.07092296332120895,3.141592653589793,3.14150071144104,-0.00034587265690788627,-0.002335731405764818,0.0002687858941499144
5.769398212432861,5.0,0.012070312164723873,0.0,7.812499825377017e-05,-3.0,-0.015058593824505806,0.5,8.08221084298566e-05,-6.249999860301614e-05,4.265131792635657e-05,-0.25,-0.00020566582679748535,2.6199860347807588e-05,3.720088716363534e-05,-0.06699030134698841,-0.07092296332120895,3.141592653589793,3.14150071144104,-0.0005047207814641297,-0.002453623339533806,0.00045236237929202616
5.774199724197388,5.0,0.012070312164723873,0.0,7.812499825377017e-05,-3.0,-0.015058593824505806,0.5,8.19446868263185e-05,-6.249999860301614e-05,-7.387004734482616e-05,-0.25,-0.0001696395775070414,-0.00023046020850299055,3.720088716363534e-05,-0.06698782866893364,-0.07092296332120895,3.141592653589793,3.14150071144104,-0.0005047207814641297,-0.002453623339533806,0.00045236237929202616
5.77891731262207,5.0,0.012070312164723873,0.0,7.812499825377017e-05,-3.0,-0.015058593824505806,0.5,8.19446868263185e-05,-6.249999860301614e-05,-7.387004734482616e-05,-0.25,-0.0001696395775070414,1.2215131862603074e-05,3.720088716363534e-05,-0.06699016663758084,-0.07092296332120895,3.141592653589793,3.14150071144104,-0.0022335827816277742,-0.002660523634403944,0.00020953590865246952
5.783773899078369,5.0,0.012070312164723873,0.0,7.812499825377017e-05,-3.0,-0.015058593824505806,0.5,8.19446868263185e-05,-6.249999860301614e-05,-7.387004734482616e-05,-0.25,-0.0001696395775070414,1.2214027470108535e-05,3.720088716363534e-05,-0.06699016663758084,-0.07092296332120895,3.141592653589793,3.14150071144104,-0.0022335827816277742,-0.002660523634403944,0.00020953590865246952
5.788337469100952,5.0,0.012070312164723873,0.0,7.812499825377017e-05,-3.0,-0.015058593824505806,0.5,5.465179492603056e-05,-6.249999860301614e-05,0.00017981148266699165,-0.25,-0.0002065205480903387,0.0005985618705759788,3.720088716363534e-05,-0.0670532477956161,-0.07092296332120895,3.141592653589793,3.14150071144104,0.0017089354805648327,-0.0019505649106577039,0.001087825046852231
5.7930426597595215,5.0,0.012070312164723873,0.0,7.812499825377017e-05,-3.0,-0.015058593824505806,0.5,5.465179492603056e-05,-6.249999860301614e-05,0.00017981148266699165,-0.25,-0.0002065205480903387,4.270072961413041e-05,3.720088716363534e-05,-0.06699344178460886,-0.07092296332120895,3.141592653589793,3.14150071144104,-0.0002967947511933744,-0.00191514752805233,0.00035493995528668165
5.797696828842163,5.0,0.012070312164723873,0.0,7.812499825377017e-05,-3.0,-0.015058593824505806,0.5,4.794374035554938e-05,-6.249999860301614e-05,6.913206016179174e-05,-0.25,-0.00017233609105460346,-0.00020837559946976835,3.720088716363534e-05,-0.0670086597526005,-0.07092296332120895,3.141592653589793,3.14150071144104,-0.0002967947511933744,-0.00191514752805233,0.00035493995528668165
5.8025288581848145,5.0,0.012070312164723873,0.0,7.812499825377017e-05,-3.0,-0.015058593824505806,0.5,4.794374035554938e-05,-6.249999860301614e-05,6.913206016179174e-05,-0.25,-0.00017233609105460346,2.944417267007788e-05,3.720088716363534e-05,-0.06699424675115734,-0.07092296332120895,3.141592653589793,3.14150071144104,-0.0007373194093815982,-0.0016151661984622478,0.00021910610666964203
5.807209253311157,5.0,0.012070312164723873,0.0,7.812499825377017e-05,-3.0,-0.015058593824505806,0.5,5.5155753216240555e-05,-6.249999860301614e-05,4.113336672162404e-06,-0.25,-0.00011331319547025487,-0.00011726900636276858,3.720088716363534e-05,-0.06697797232668416,-0.07092296332120895,3.141592653589793,3.14150071144104,-0.0007373194093815982,-0.0016151661984622478,0.00021910610666964203
5.812036752700806,5.0,0.012070312164723873,0.0,7.812499825377017e-05,-3.0,-0.015058593824505806,0.5,5.5155753216240555e-05,-6.249999860301614e-05,4.113336672162404e-06,-0.25,-0.00011331319547025487,2.1654592902625453e-05,3.720088716363534e-05,-0.06699338130961405,-0.07092296332120895,3.141592653589793,3.14150071144104,-0.0003089054662268609,-0.0015753965126350522,0.0004682906437665224
5.816821336746216,5.0,0.012070312164723873,0.0,7.812499825377017e-05,-3.0,-0.015058593824505806,0.5,5.5155753216240555e-05,-6.249999860301614e-05,4.113336672162404e-06,-0.25,-0.00011331319547025487,2.1660967244648836e-05,3.720088716363534e-05,-0.06699338130961405,-0.07092296332120895,3.141592653589793,3.14150071144104,-0.0003089054662268609,-0.0015753965126350522,0.0004682906437665224
5.8215837478637695,5.0,0.012070312164723873,0.0,7.812499825377017e-05,-3.0,-0.015058593824505806,0.5,3.079667658312246e-05,-6.249999860301614e-05,0.00018860568525269628,-0.25,-0.00013341188605409116,0.0004312167051781034,3.720088716363534e-05,-0.06704745302086688,-0.07092296332120895,3.141592653589793,3.14150071144104,-0.0009951331885531545,-0.0015939989825710654,0.00017823083908297122
5.8263304233551025,5.0,0.012070312164723873,0.0,7.812499825377017e-05,-3.0,-0.015058593824505806,0.5,3.079667658312246e-05,-6.249999860301614e-05,0.00018860568525269628,-0.25,-0.00013341188605409116,4.3847804788228256e-05,3.720088716363534e-05,-0.06699630439881002,-0.07092296332120895,3.141592653589793,3.14150071144104,-0.0009951331885531545,-0.0015939989825710654,0.00017823083908297122
5.830942630767822,5.0,0.012070312164723873,0.0,7.812499825377017e-05,-3.0,-0.015058593824505806,0.5,4.46607155026868e-05,-6.249999860301614e-05,5.933953798376024e-05,-0.25,-0.0001063263407559134,-0.0002519224821937392,3.720088716363534e-05,-0.06696458127040926,-0.07092296332120895,3.141592653589793,3.14150071144104,-0.0014133598888292909,-0.0018554056296125054,0.000519593246281147
5.835806846618652,5.0,0.012070312164723873,0.0,7.812499825377017e-05,-3.0,-0.015058593824505806,0.5,4.46607155026868e-05,-6.249999860301614e-05,5.933953798376024e-05,-0.25,-0.0001063263407559134,2.8358959176334552e-05,3.720088716363534e-05,-0.06699464071413967,-0.07092296332120895,3.141592653589793,3.14150071144104,-0.0014133598888292909,-0.0018554056296125054,0.000519593246281147
5.840501546859741,5.0,0.012070312164723873,0.0,7.812499825377017e-05,-3.0,-0.015058593824505806,0.5,3.966689109802246e-05,-6.249999860301614e-05,3.213723175576888e-05,-0.25,-0.00010827421647263691,-3.2839015533291655e-05,3.720088716363534e-05,-0.06700587712591764,-0.07092296332120895,3.141592653589793,3.14150071144104,-0.00024995795683935285,-0.0012958322186022997,0.0002854024642147124
5.845249176025391,5.0,0.012070312164723873,0.0,7.812499825377017e-05,-3.0,-0.015058593824505806,0.5,3.966689109802246e-05,-6.249999860301614e-05,3.213723175576888e-05,-0.25,-0.00010827421647263691,2.5112554347039368e-05,3.720088716363534e-05,-0.06699523997306824,-0.07092296332120895,3.141592653589793,3.14150071144104,-0.00024995795683935285,-0.0012958322186022997,0.0002854024642147124
5.849916934967041,5.0,0.012070312164723873,0.0,7.812499825377017e-05,-3.0,-0.015058593824505806,0.5,3.445103720878251e-05,-6.249999860301614e-05,6.228053098311648e-05,-0.25,-0.00010074019519379362,9.331906824176844e-05,3.720088716363534e-05,-0.067007040089873,-0.07092296332120895,3.141592653589793,3.14150071144104,-0.0002716591116040945,-0.0013631184119731188,0.00046236367779783905
5.85448431968689,5.0,0.012070312164723873,0.0,7.812499825377017e-05,-3.0,-0.015058593824505806,0.5,3.445103720878251e-05,-6.249999860301614e-05,6.228053098311648e-05,-0.25,-0.00010074019519379362,2.8752797576658796e-05,3.720088716363534e-05,-0.06699586587553494,-0.07092296332120895,3.141592653589793,3.14150071144104,-0.0002716591116040945,-0.0013631184119731188,0.00046236367779783905
5.8592047691345215,5.0,0.012070312164723873,0.0,7.812499825377017e-05,-3.0,-0.015058593824505806,0.5,3.445103720878251e-05,-6.249999860301614e-05,6.228053098311648e-05,-0.25,-0.00010074019519379362,2.8764577980298e-05,3.720088716363534e-05,-0.06699586587553494,-0.07092296332120895,3.141592653589793,3.14150071144104,-0.0029183763545006514,-0.0014834459871053696,-0.0001748365320963785
5.86358904838562,5.0,0.012070312164723873,0.0,7.812499825377017e-05,-3.0,-0.015058593824505806,0.5,3.58007091563195e-05,-6.249999860301614e-05,-1.555716517032124e-05,-0.25,-6.812572246417403e-05,-0.00015811000996016186,3.720088716363534e-05,-0.06699262547972355,-0.07092296332120895,3.141592653589793,3.14150071144104,-0.0029183763545006514,-0.0014834459871053696,-0.0001748365320963785
5.868242502212524,5.0,0.012070312164723873,0.0,7.812499825377017e-05,-3.0,-0.015058593824505806,0.5,3.58007091563195e-05,-6.249999860301614e-05,-1.555716517032124e-05,-0.25,-6.812572246417403e-05,1.9432539577855273e-05,3.720088716363534e-05,-0.06699570391490124,-0.07092296332120895,3.141592653589793,3.14150071144104,-0.0007937042391858995,-0.001174272270873189,0.0004953620373271406
5.872732639312744,5.0,0.012070312164723873,0.0,7.812499825377017e-05,-3.0,-0.015058593824505806,0.5,1.8055661712423898e-05,-6.249999860301614e-05,4.811455437447876e-05,-0.25,-7.361650204984471e-05,0.0001688865881340616,3.720088716363534e-05,-0.06703735337766142,-0.07092296332120895,3.141592653589793,3.14150071144104,-0.0007937042391858995,-0.001174272270873189,0.0004953620373271406
5.877511739730835,5.0,0.012070312164723873,0.0,7.812499825377017e-05,-3.0,-0.015058593824505806,0.5,1.8055661712423898e-05,-6.249999860301614e-05,4.811455437447876e-05,-0.25,-7.361650204984471e-05,2.7093652174521875e-05,3.720088716363534e-05,-0.0669978333205945,-0.07092296332120895,3.141592653589793,3.14150071144104,0.0003243366372771561,-0.0007222790154628456,0.0003129683609586209
5.882242918014526,5.0,0.012070312164723873,0.0,7.812499825377017e-05,-3.0,-0.015058593824505806,0.5,3.0088946004980244e-05,-6.249999860301614e-05,2.9844557047908893e-06,-0.25,-3.0040740966796875e-05,-7.370447190578871e-05,3.720088716363534e-05,-0.06697095531496891,-0.07092296332120895,3.141592653589793,3.14150071144104,0.0003243366372771561,-0.0007222790154628456,0.0003129683609586209
5.886600017547607,5.0,0.012070312164723873,0.0,7.812499825377017e-05,-3.0,-0.015058593824505806,0.5,3.0088946004980244e-05,-6.249999860301614e-05,2.9844557047908893e-06,-0.25,-3.0040740966796875e-05,2.1689943152427917e-05,3.720088716363534e-05,-0.0669963893264794,-0.07092296332120895,3.141592653589793,3.14150071144104,0.002428139094263315,-0.000788101286161691,0.0011226242640987039
5.891376256942749,5.0,0.012070312164723873,0.0,7.812499825377017e-05,-3.0,-0.015058593824505806,0.5,3.0088946004980244e-05,-6.249999860301614e-05,2.9844557047908893e-06,-0.25,-3.0040740966796875e-05,2.16961985410366e-05,3.720088716363534e-05,-0.0669963893264794,-0.07092296332120895,3.141592653589793,3.14150071144104,-0.0005748877883888781,-0.0007657994865439832,0.00024379442038480192
5.896126747131348,5.0,0.012070312164723873,0.0,7.812499825377017e-05,-3.0,-0.015058593824505806,0.5,1.9630268070613965e-05,-6.249999860301614e-05,1.5233997146424372e-05,-0.25,-4.3064355850219727e-05,4.8959376266347096e-05,3.720088716363534e-05,-0.06701966036516895,-0.07092296332120895,3.141592653589793,3.14150071144104,-0.0005748877883888781,-0.0007657994865439832,0.00024379442038480192
5.900510311126709,5.0,0.012070312164723873,0.0,7.812499825377017e-05,-3.0,-0.015058593824505806,0.5,1.9630268070613965e-05,-6.249999860301614e-05,1.5233997146424372e-05,-0.25,-4.3064355850219727e-05,2.318034404461484e-05,3.720088716363534e-05,-0.06699764436783152,-0.07092296332120895,3.141592653589793,3.14150071144104,0.0007282068254426122,-0.00040238877409137785,0.00029469619039446115
5.90523099899292,5.0,0.012070312164723873,0.0,7.812499825377017e-05,-3.0,-0.015058593824505806,0.5,1.2813210560125299e-05,-6.249999860301614e-05,2.8558633857755922e-05,-0.25,-4.603147317538969e-05,5.301394665623072e-05,3.720088716363534e-05,-0.06701290322866434,-0.07092296332120895,3.141592653589793,3.14150071144104,0.0007282068254426122,-0.00040238877409137785,0.00029469619039446115
5.91010594367981,5.0,0.012070312164723873,0.0,7.812499825377017e-05,-3.0,-0.015058593824505806,0.5,1.2813210560125299e-05,-6.249999860301614e-05,2.8558633857755922e-05,-0.25,-4.603147317538969e-05,2.4796775753532258e-05,3.720088716363534e-05,-0.06699846241473278,-0.07092296332120895,3.141592653589793,3.14150071144104,0.0007282068254426122,-0.00040238877409137785,0.00029469619039446115
5.914690017700195,5.0,0.012070312164723873,0.0,7.812499825377017e-05,-3.0,-0.015058593824505806,0.5,1.2813210560125299e-05,-6.249999860301614e-05,2.8558633857755922e-05,-0.25,-4.603147317538969e-05,2.4805124143760163e-05,5.188973591430113e-05,-0.06699846241473278,-0.07092665880918503,3.141592653589793,3.141479253768921,-0.001609595725312829,-0.003317685332149267,-0.012702262960374355
5.919408798217773,5.0,0.012070312164723873,0.0,6.83593752910383e-05,-3.0,-0.015058593824505806,0.5,0.0008963756845332682,0.00015226476055475082,-0.001915826927870512,-0.25,0.0006405293825082481,-0.004810141298878558,7.717761036474258e-05,-0.06501999675150827,-0.07093369215726852,3.141592653589793,3.1414639949798584,-0.015584155917167664,-0.003891638247296214,-0.0005856893258169293
5.923861265182495,5.0,0.012070312164723873,0.0,6.83593752910383e-05,-3.0,-0.015058593824505806,0.5,0.0008963756845332682,-5.468750023283065e-05,-0.001915826927870512,-0.25,0.0006405293825082481,0.00025498403141028657,7.717761036474258e-05,-0.06689243491785601,-0.07093369215726852,3.141592653589793,3.1414639949798584,-0.015584155917167664,-0.003891638247296214,-0.0005856893258169293
5.928396224975586,5.0,0.012070312164723873,0.0,7.812499825377017e-05,-3.0,-0.015058593824505806,0.5,6.379634214681573e-06,-0.00027784089264159525,-2.170562765968498e-05,-0.25,0.0001043283918988891,0.0047130604650371,7.717761036474258e-05,-0.06896175691581236,-0.07093369215726852,3.141592653589793,3.1414639949798584,-0.0016534709138795733,-0.0010471439454704523,0.0004598672967404127
5.933131456375122,5.0,0.012070312164723873,0.0,7.812499825377017e-05,-3.0,-0.015058593824505806,0.5,6.379634214681573e-06,-6.249999860301614e-05,-2.170562765968498e-05,-0.25,0.0001043283918988891,-0.0004363235940025571,7.717761036474258e-05,-0.06699923444389425,-0.07093369215726852,3.141592653589793,3.1414639949798584,-0.0016534709138795733,-0.0010471439454704523,0.0004598672967404127
5.937762022018433,5.0,0.012070312164723873,0.0,7.812499825377017e-05,-3.0,-0.015058593824505806,0.5,-1.369308665744029e-05,-6.249999860301614e-05,7.549903239123523e-05,-0.25,-1.956224332388956e-05,0.0002400365606454584,7.717761036474258e-05,-0.06704499148336605,-0.07093369215726852,3.141592653589793,3.1414639949798584,0.0007845317595638335,7.62857380323112e-05,0.00026376786991022527
5.9425389766693115,5.0,0.012070312164723873,0.0,7.812499825377017e-05,-3.0,-0.015058593824505806,0.5,-1.369308665744029e-05,-6.249999860301614e-05,7.549903239123523e-05,-0.25,-1.956224332388956e-05,3.0130120568036747e-05,7.717761036474258e-05,-0.06700164317039889,-0.07093369215726852,3.141592653589793,3.1414639949798584,0.0007845317595638335,7.62857380323112e-05,0.00026376786991022527
5.947237730026245,5.0,0.012070312164723873,0.0,7.812499825377017e-05,-3.0,-0.015058593824505806,0.5,-2.9920412998762913e-05,-6.249999860301614e-05,2.7018053515348583e-05,-0.25,0.0001069271529559046,-7.885757068289656e-05,7.717761036474258e-05,-0.06703812583609461,-0.07093369215726852,3.141592653589793,3.1414639949798584,-0.0014944870490580797,4.1397044697077945e-05,0.0004907036200165749
5.951844215393066,5.0,0.012070312164723873,0.0,7.812499825377017e-05,-3.0,-0.015058593824505806,0.5,-2.9920412998762913e-05,-6.249999860301614e-05,2.7018053515348583e-05,-0.25,0.0001069271529559046,2.4329062839831287e-05,7.717761036474258e-05,-0.06700359044955985,-0.07093369215726852,3.141592653589793,3.1414639949798584,-0.0014944870490580797,4.1397044697077945e-05,0.0004907036200165749
5.9565417766571045,5.0,0.012070312164723873,0.0,7.812499825377017e-05,-3.0,-0.015058593824505806,0.5,-2.981595571327489e-05,-6.249999860301614e-05,3.0221975976019166e-05,-0.25,0.00023688911460340023,3.1542640144173344e-05,7.717761036474258e-05,-0.06700335554976128,-0.07093369215726852,3.141592653589793,3.1414639949798584,-0.0023262975737452507,0.0004297220439184457,-0.00019045930821448565
5.961303234100342,5.0,0.012070312164723873,0.0,7.812499825377017e-05,-3.0,-0.015058593824505806,0.5,-2.981595571327489e-05,-6.249999860301614e-05,3.0221975976019166e-05,-0.25,0.00023688911460340023,2.473107471295413e-05,7.717761036474258e-05,-0.06700357791468559,-0.07093369215726852,3.141592653589793,3.1414639949798584,-0.0023262975737452507,0.0004297220439184457,-0.00019045930821448565
5.966190814971924,5.0,0.012070312164723873,0.0,7.812499825377017e-05,-3.0,-0.015058593824505806,0.5,-2.981595571327489e-05,-6.249999860301614e-05,3.0221975976019166e-05,-0.25,0.00023688911460340023,2.4740138435940686e-05,7.717761036474258e-05,-0.06700357791468559,-0.07093369215726852,3.141592653589793,3.1414639949798584,-0.00037372595397755504,-1.3744444913754705e-05,0.0005271429545246065
5.971100091934204,5.0,0.012070312164723873,0.0,7.812499825377017e-05,-3.0,-0.015058593824505806,0.5,-2.549760029069148e-05,-6.249999860301614e-05,-1.5836645616218448e-05,-0.25,0.0002990341163240373,-7.460187681141837e-05,7.717761036474258e-05,-0.06699426339547795,-0.07093369215726852,3.141592653589793,3.1414639949798584,-0.00023307155061047524,0.0001165892681456171,0.000255799968726933
5.975911855697632,5.0,0.012070312164723873,0.0,7.812499825377017e-05,-3.0,-0.015058593824505806,0.5,-2.549760029069148e-05,-6.249999860301614e-05,-1.5836645616218448e-05,-0.25,0.0002990341163240373,1.9222176171967825e-05,7.717761036474258e-05,-0.06700305971203488,-0.07093369215726852,3.141592653589793,3.1414639949798584,-0.00023307155061047524,0.0001165892681456171,0.000255799968726933
5.9805238246917725,5.0,0.012070312164723873,0.0,7.812499825377017e-05,-3.0,-0.015058593824505806,0.5,-2.6323496058466844e-05,-6.249999860301614e-05,3.122752968920395e-05,-0.25,0.00027751922607421875,0.00012692642308444432,7.717761036474258e-05,-0.06700494958561591,-0.07093369215726852,3.141592653589793,3.1414639949798584,-0.001488487352617085,-0.0002825830888468772,0.0005140557186678052
5.985358953475952,5.0,0.012070312164723873,0.0,7.812499825377017e-05,-3.0,-0.015058593824505806,0.5,-2.6323496058466844e-05,-6.249999860301614e-05,3.122752968920395e-05,-0.25,0.00027751922607421875,2.4887586271104452e-05,7.717761036474258e-05,-0.06700315881952701,-0.07093369215726852,3.141592653589793,3.1414639949798584,-0.001488487352617085,-0.0002825830888468772,0.0005140557186678052
5.9902472496032715,5.0,0.012070312164723873,0.0,7.812499825377017e-05,-3.0,-0.015058593824505806,0.5,1.5948116924846545e-05,-6.249999860301614e-05,-0.00016689566837158054,-0.25,0.0003085994685534388,-0.000404198541287791,7.717761036474258e-05,-0.06691161107822362,-0.07093369215726852,3.141592653589793,3.1414639949798584,-0.004661983344703913,-0.0007369028171524405,2.9759277822449803e-05
5.9949727058410645,5.0,0.012070312164723873,0.0,7.812499825377017e-05,-3.0,-0.015058593824505806,0.5,1.5948116924846545e-05,-6.249999860301614e-05,-0.00016689566837158054,-0.25,0.0003085994685534388,1.0927298214674125e-06,7.717761036474258e-05,-0.066998086225969,-0.07093369215726852,3.141592653589793,3.1414639949798584,-0.004661983344703913,-0.0007369028171524405,2.9759277822449803e-05
5.99956202507019,5.0,0.012070312164723873,0.0,7.812499825377017e-05,-3.0,-0.015058593824505806,0.5,-3.0848383175907657e-05,-6.249999860301614e-05,6.225443939911202e-05,-0.25,0.00019989490101579577,0.0005279139570449312,7.717761036474258e-05,-0.06710567008877949,-0.07093369215726852,3.141592653589793,3.1414639949798584,0.0012303796829655766,0.0005024538841098547,0.00015717939822934568
6.0043885707855225,5.0,0.012070312164723873,0.0,7.812499825377017e-05,-3.0,-0.015058593824505806,0.5,-3.0848383175907657e-05,-6.249999860301614e-05,6.225443939911202e-05,-0.25,0.00019989490101579577,2.8614236172739515e-05,7.717761036474258e-05,-0.06700370180598111,-0.07093369215726852,3.141592653589793,3.1414639949798584,-0.002871638862416148,-0.0005774830933660269,0.0004461450153030455
6.009232759475708,5.0,0.012070312164723873,0.0,7.812499825377017e-05,-3.0,-0.015058593824505806,0.5,-3.0848383175907657e-05,-6.249999860301614e-05,6.225443939911202e-05,-0.25,0.00019989490101579577,2.862632285349192e-05,7.717761036474258e-05,-0.06700370180598111,-0.07093369215726852,3.141592653589793,3.1414639949798584,-0.002871638862416148,-0.0005774830933660269,0.0004461450153030455
6.013976335525513,5.0,0.012070312164723873,0.0,7.812499825377017e-05,-3.0,-0.015058593824505806,0.5,-4.767201608046889e-05,-6.249999860301614e-05,0.00010682174615794793,-0.25,0.00021400689729489386,0.00012794343543410372,7.717761036474258e-05,-0.06704118678124717,-0.07093369215726852,3.141592653589793,3.1414639949798584,0.0019064412917941809,0.0007820784812793136,0.00018155830912292004
6.018276214599609,5.0,0.012070312164723873,0.0,7.812499825377017e-05,-3.0,-0.015058593824505806,0.5,-4.767201608046889e-05,-6.249999860301614e-05,0.00010682174615794793,-0.25,0.00021400689729489386,3.400502473655716e-05,7.717761036474258e-05,-0.06700572064192965,-0.07093369215726852,3.141592653589793,3.1414639949798584,0.0019064412917941809,0.0007820784812793136,0.00018155830912292004
6.02294659614563,5.0,0.012070312164723873,0.0,7.812499825377017e-05,-3.0,-0.015058593824505806,0.5,2.0493193915172014e-06,-6.249999860301614e-05,-0.00026759327738545835,-0.25,0.00040172040462493896,-0.000812623669353486,7.717761036474258e-05,-0.06689329311058952,-0.07093369215726852,3.141592653589793,3.1414639949798584,-0.0008682850748300552,-0.000131432170746848,-0.00016261317068710923
6.027489900588989,5.0,0.012070312164723873,0.0,7.812499825377017e-05,-3.0,-0.015058593824505806,0.5,2.0493193915172014e-06,-6.249999860301614e-05,-0.00026759327738545835,-0.25,0.00040172040462493896,-1.096257139003627e-05,7.717761036474258e-05,-0.06699975408167302,-0.07093369215726852,3.141592653589793,3.1414639949798584,-0.0008682850748300552,-0.000131432170746848,-0.00016261317068710923
6.032732248306274,5.0,0.012070312164723873,0.0,7.812499825377017e-05,-3.0,-0.015058593824505806,0.5,-1.150455318565946e-05,-6.249999860301614e-05,4.260400601197034e-05,-0.25,0.00035569429746828973,0.000617986560574572,7.717761036474258e-05,-0.06702723513159509,-0.07093369215726852,3.141592653589793,3.1414639949798584,-0.00018712237942963839,-0.00010548196587478742,-8.489457832183689e-05
6.037487030029297,5.0,0.012070312164723873,0.0,7.812499825377017e-05,-3.0,-0.015058593824505806,0.5,-1.150455318565946e-05,-6.249999860301614e-05,4.260400601197034e-05,-0.25,0.00035569429746828973,2.628211738443179e-05,7.717761036474258e-05,-0.06700138054638227,-0.07093369215726852,3.141592653589793,3.1414639949798584,-0.00018712237942963839,-0.00010548196587478742,-8.489457832183689e-05
6.042331695556641,5.0,0.012070312164723873,0.0,7.812499825377017e-05,-3.0,-0.015058593824505806,0.5,-1.8518268916523084e-05,-6.249999860301614e-05,1.638414505578112e-05,-0.25,0.000310267205350101,-3.097771888762601e-05,7.717761036474258e-05,-0.06701669938515621,-0.07093369215726852,3.141592653589793,3.1414639949798584,-0.001723528723232448,-0.00047641934361308813,0.00047978729708120227
6.047018051147461,5.0,0.012070312164723873,0.0,7.812499825377017e-05,-3.0,-0.015058593824505806,0.5,-1.8518268916523084e-05,-6.249999860301614e-05,1.638414505578112e-05,-0.25,0.000310267205350101,2.3150770998471088e-05,7.717761036474258e-05,-0.06700222219226998,-0.07093369215726852,3.141592653589793,3.1414639949798584,-0.001723528723232448,-0.00047641934361308813,0.00047978729708120227
6.051398754119873,5.0,0.012070312164723873,0.0,7.812499825377017e-05,-3.0,-0.015058593824505806,0.5,-1.8518268916523084e-05,-6.249999860301614e-05,1.638414505578112e-05,-0.25,0.000310267205350101,2.3157682358523132e-05,7.717761036474258e-05,-0.06700222219226998,-0.07093369215726852,3.141592653589793,3.1414639949798584,-0.001723528723232448,-0.00047641934361308813,0.00047978729708120227
6.072576284408569,5.0,0.012070312164723873,0.0,7.812499825377017e-05,-3.0,-0.015058593824505806,0.5,-2.389602377661504e-05,-6.249999860301614e-05,5.089321348350495e-06,-0.25,0.0003528642700985074,1.649753115116217e-05,7.717761036474258e-05,-0.06700540689113023,-0.07093369215726852,3.141592653589793,3.1414639949798584,0.0010715369135141373,0.0004671156348194927,0.00018193872529082
6.077536582946777,5.0,0.012070312164723873,0.0,7.812499825377017e-05,-3.0,-0.015058593824505806,0.5,-4.748955325339921e-05,-6.249999860301614e-05,7.674581866012886e-05,-0.25,0.00029282926698215306,0.0001749035743568321,7.717761036474258e-05,-0.06705326348326067,-0.07093369215726852,3.141592653589793,3.1414639949798584,0.0009756488725543022,0.0006502504693344235,0.0002143711899407208
6.082263946533203,5.0,0.012070312164723873,0.0,7.812499825377017e-05,-3.0,-0.015058593824505806,0.5,-4.748955325339921e-05,-6.249999860301614e-05,7.674581866012886e-05,-0.25,0.00029282926698215306,3.0456690017052388e-05,7.717761036474258e-05,-0.0670056987463904,-0.07093369215726852,3.141592653589793,3.1414639949798584,0.0009756488725543022,0.0006502504693344235,0.0002143711899407208
6.086894273757935,5.0,0.012070312164723873,0.0,7.812499825377017e-05,-3.0,-0.015058593824505806,0.5,1.0768324045784539e-06,-6.249999860301614e-05,-0.000126204191474244,-0.25,0.0005185473128221929,-0.0004322091883322099,7.717761036474258e-05,-0.0668949831916089,-0.07093369215726852,3.141592653589793,3.1414639949798584,-0.0024845385923981667,-0.0002832214522641152,-0.00023388335830532014
6.091376781463623,5.0,0.012070312164723873,0.0,7.812499825377017e-05,-3.0,-0.015058593824505806,0.5,1.0768324045784539e-06,-6.249999860301614e-05,-0.000126204191474244,-0.25,0.0005185473128221929,6.09107828504742e-06,7.717761036474258e-05,-0.06699987078011145,-0.07093369215726852,3.141592653589793,3.1414639949798584,-0.0024845385923981667,-0.0002832214522641152,-0.00023388335830532014
6.096219062805176,5.0,0.012070312164723873,0.0,7.812499825377017e-05,-3.0,-0.015058593824505806,0.5,1.0768324045784539e-06,-6.249999860301614e-05,-0.000126204191474244,-0.25,0.0005185473128221929,6.0849088125570395e-06,7.717761036474258e-05,-0.06699987078011145,-0.07093369215726852,3.141592653589793,3.1414639949798584,0.0015237148618325591,0.00015785745927132666,-5.349034472601488e-05
6.101141691207886,5.0,0.012070312164723873,0.0,7.812499825377017e-05,-3.0,-0.015058593824505806,0.5,-1.7854197722044773e-05,-6.249999860301614e-05,5.870166205568239e-05,-0.25,0.0004564392438624054,0.0004039097803423849,7.717761036474258e-05,-0.06704059966233769,-0.07093369215726852,3.141592653589793,3.1414639949798584,0.0015237148618325591,0.00015785745927132666,-5.349034472601488e-05
6.105883836746216,5.0,0.012070312164723873,0.0,7.812499825377017e-05,-3.0,-0.015058593824505806,0.5,-1.7854197722044773e-05,-6.249999860301614e-05,5.870166205568239e-05,-0.25,0.0004564392438624054,2.8297038969179104e-05,7.717761036474258e-05,-0.06700214250372664,-0.07093369215726852,3.141592653589793,3.1414639949798584,0.0015237148618325591,0.00015785745927132666,-5.349034472601488e-05
6.110750913619995,5.0,0.012070312164723873,0.0,7.812499825377017e-05,-3.0,-0.015058593824505806,0.5,-3.589384141378105e-05,-6.249999860301614e-05,0.00010124926484422758,-0.25,0.0003616308968048543,0.00012083790349160935,7.717761036474258e-05,-0.06704137189783396,-0.07093369215726852,3.141592653589793,3.1414639949798584,0.0018484881147742271,0.0003837167751044035,0.00015785903087817132
6.115442514419556,5.0,0.012070312164723873,0.0,7.812499825377017e-05,-3.0,-0.015058593824505806,0.5,-3.589384141378105e-05,-6.249999860301614e-05,0.00010124926484422758,-0.25,0.0003616308968048543,3.343405583237531e-05,7.717761036474258e-05,-0.06700430726096965,-0.07093369215726852,3.141592653589793,3.1414639949798584,0.000493344443384558,0.0002650554815772921,-3.9323549572145566e-05
6.120216131210327,5.0,0.012070312164723873,0.0,7.812499825377017e-05,-3.0,-0.015058593824505806,0.5,-9.352981578558683e-05,-6.249999860301614e-05,0.00017400798969902098,-0.25,0.00031561136711388826,0.00019460612784214957,7.717761036474258e-05,-0.06713196216437492,-0.07093369215726852,3.141592653589793,3.1414639949798584,0.000493344443384558,0.0002650554815772921,-3.9323549572145566e-05
6.1250200271606445,5.0,0.012070312164723873,0.0,7.812499825377017e-05,-3.0,-0.015058593824505806,0.5,-9.352981578558683e-05,-6.249999860301614e-05,0.00017400798969902098,-0.25,0.00031561136711388826,4.2210405980377155e-05,7.717761036474258e-05,-0.06701122357789427,-0.07093369215726852,3.141592653589793,3.1414639949798584,0.000493344443384558,0.0002650554815772921,-3.9323549572145566e-05
6.129692792892456,5.0,0.012070312164723873,0.0,7.812499825377017e-05,-3.0,-0.015058593824505806,0.5,-5.858607619302347e-05,-6.249999860301614e-05,9.036127448780462e-05,-0.25,0.0005132031510584056,-0.00014682192082921572,7.717761036474258e-05,-0.06693224862255198,-0.07093369215726852,3.141592653589793,3.1414639949798584,0.0010568432044237852,9.425136522622779e-05,-0.00017431503511033952
6.1345086097717285,5.0,0.012070312164723873,0.0,7.812499825377017e-05,-3.0,-0.015058593824505806,0.5,-5.858607619302347e-05,-6.249999860301614e-05,9.036127448780462e-05,-0.25,0.0005132031510584056,3.220180889138635e-05,7.717761036474258e-05,-0.06700703032914315,-0.07093369215726852,3.141592653589793,3.1414639949798584,0.002255035797134042,0.0004199000250082463,-0.0001226810272783041
6.139374017715454,5.0,0.012070312164723873,0.0,7.812499825377017e-05,-3.0,-0.015058593824505806,0.5,-2.3611932192579843e-05,-6.249999860301614e-05,1.2151186638220679e-05,-0.25,0.0005663287593051791,-0.0001379233733844686,7.717761036474258e-05,-0.0669309501603986,-0.07093369215726852,3.141592653589793,3.1414639949798584,0.002255035797134042,0.0004199000250082463,-0.0001226810272783041
6.144052743911743,5.0,0.012070312164723873,0.0,7.812499825377017e-05,-3.0,-0.015058593824505806,0.5,-2.3611932192579843e-05,-6.249999860301614e-05,1.2151186638220679e-05,-0.25,0.0005663287593051791,2.283084796794935e-05,7.717761036474258e-05,-0.06700283343186311,-0.07093369215726852,3.141592653589793,3.1414639949798584,0.0023586158640682697,0.0002863580593839288,-0.00011453260958660394
6.148828506469727,5.0,0.012070312164723873,0.0,7.812499825377017e-05,-3.0,-0.015058593824505806,0.5,-2.3611932192579843e-05,-6.249999860301614e-05,1.2151186638220679e-05,-0.25,0.0005663287593051791,2.2837978294657033e-05,7.717761036474258e-05,-0.06700283343186311,-0.07093369215726852,3.141592653589793,3.1414639949798584,0.0023586158640682697,0.0002863580593839288,-0.00011453260958660394
6.153480529785156,5.0,0.012070312164723873,0.0,7.812499825377017e-05,-3.0,-0.015053710900247097,0.5,-0.00012821271957363933,-6.249999860301614e-05,0.0001975457271328196,-0.25,0.00039708137046545744,0.00044363404784690443,3.199066122760996e-05,-0.06724023561906897,-0.07090841978788376,3.141592653589793,3.1415438652038574,-0.004742078483104706,0.0025978859048336744,-9.772619523573667e-05
6.158118963241577,5.0,0.012070312164723873,0.0,7.812499825377017e-05,-3.0,-0.015053710900247097,0.5,-0.00012821271957363933,-6.249999860301614e-05,0.0001975457271328196,-0.25,0.00039708137046545744,4.513364202548197e-05,3.199066122760996e-05,-0.06701538552634884,-0.07090841978788376,3.141592653589793,3.1415438652038574,-0.004742078483104706,0.0025978859048336744,-9.772619523573667e-05
6.162523984909058,5.0,0.012070312164723873,0.0,7.812499825377017e-05,-3.0,-0.015053710900247097,0.5,-9.177542960969731e-05,-6.249999860301614e-05,7.402774645015597e-05,-0.25,0.0004560220113489777,-0.00025007915066012126,3.199066122760996e-05,-0.06692829543353794,-0.07090841978788376,3.141592653589793,3.1415438652038574,-0.00034483472700230777,0.0011186011834070086,0.0004994136979803443
6.167755365371704,5.0,0.012070312164723873,0.0,7.812499825377017e-05,-3.0,-0.015053710900247097,0.5,-9.177542960969731e-05,-6.249999860301614e-05,7.402774645015597e-05,-0.25,0.0004560220113489777,3.0337797068627366e-05,3.199066122760996e-05,-0.06701101305155316,-0.07090841978788376,3.141592653589793,3.1415438652038574,-0.00034483472700230777,0.0011186011834070086,0.0004994136979803443
6.172363042831421,5.0,0.012070312164723873,0.0,7.812499825377017e-05,-3.0,-0.015053710900247097,0.5,-3.84031591238454e-05,-6.249999860301614e-05,5.600639633485116e-05,-0.25,0.0005585086182691157,-1.0925414518392404e-05,3.199066122760996e-05,-0.06688877503148652,-0.07090841978788376,3.141592653589793,3.1415438652038574,0.0017364878440275788,0.0005655308486893773,-0.00011769610864575952
6.177086114883423,5.0,0.012070312164723873,0.0,7.812499825377017e-05,-3.0,-0.015053710900247097,0.5,-3.84031591238454e-05,-6.249999860301614e-05,5.600639633485116e-05,-0.25,0.0005585086182691157,2.8197350124524833e-05,3.199066122760996e-05,-0.06700460837909486,-0.07090841978788376,3.141592653589793,3.1415438652038574,0.0017364878440275788,0.0005655308486893773,-0.00011769610864575952
6.181493282318115,5.0,0.012070312164723873,0.0,7.812499825377017e-05,-3.0,-0.015053710900247097,0.5,-1.9601620806497522e-05,-6.249999860301614e-05,1.9028386304853484e-05,-0.25,0.0006286179996095598,2.8207795675016294e-05,3.199066122760996e-05,-0.06700460837909486,-0.07090841978788376,3.141592653589793,3.1415438652038574,-0.0026199009735137224,-0.0002709315449465066,0.0003022921155206859
6.186365127563477,5.0,0.012070312164723873,0.0,7.812499825377017e-05,-3.0,-0.015053710900247097,0.5,-1.9601620806497522e-05,-6.249999860301614e-05,1.9028386304853484e-05,-0.25,0.0006286179996095598,-5.212306796069413e-05,3.199066122760996e-05,-0.0669637599622512,-0.07090841978788376,3.141592653589793,3.1415438652038574,-0.0026199009735137224,-0.0002709315449465066,0.0003022921155206859
6.1910080909729,5.0,0.012070312164723873,0.0,7.812499825377017e-05,-3.0,-0.015053710900247097,0.5,-1.9601620806497522e-05,-6.249999860301614e-05,1.9028386304853484e-05,-0.25,0.0006286179996095598,2.3785949011063212e-05,3.1718638638267294e-05,-0.06700235219449677,-0.07085072994232178,3.141592653589793,3.1415536403656006,-0.003153500845655799,0.0027739149518311024,2.6576410164125264e-05
6.195823907852173,5.0,0.012070312164723873,0.0,7.812499825377017e-05,-3.0,-0.015048827975988388,0.5,-0.00010736353578977287,-6.249999860301614e-05,6.87304200255312e-05,-0.25,0.0004457390168681741,0.00013296865418833335,3.1718638638267294e-05,-0.06719512044347493,-0.07085072994232178,3.141592653589793,3.1415536403656006,-0.003153500845655799,0.0027739149518311024,2.6576410164125264e-05
6.200610637664795,5.0,0.012070312164723873,0.0,7.812499825377017e-05,-3.0,-0.015048827975988388,0.5,-0.00010736353578977287,-6.249999860301614e-05,6.87304200255312e-05,-0.25,0.0004457390168681741,2.977539598199009e-05,3.1718638638267294e-05,-0.06701288362429478,-0.07085072994232178,3.141592653589793,3.1415536403656006,0.0009478847496211529,0.0009142541093751788,0.0005304173100739717
6.205485105514526,5.0,0.012070312164723873,0.0,7.812499825377017e-05,-3.0,-0.015048827975988388,0.5,-5.3624062275048345e-05,-6.249999860301614e-05,6.148363172542304e-05,-0.25,0.000520290108397603,1.4051038852230969e-05,3.1718638638267294e-05,-0.06689618803556754,-0.07085072994232178,3.141592653589793,3.1415536403656006,-0.00027578050503507257,0.00021546620700974017,0.0004999903030693531
6.210270643234253,5.0,0.012070312164723873,0.0,7.812499825377017e-05,-3.0,-0.015048827975988388,0.5,-5.3624062275048345e-05,-6.249999860301614e-05,6.148363172542304e-05,-0.25,0.000520290108397603,2.8929735037166997e-05,3.1718638638267294e-05,-0.067006434887473,-0.07085072994232178,3.141592653589793,3.1415536403656006,-0.00027578050503507257,0.00021546620700974017,0.0004999903030693531
6.215228080749512,5.0,0.012070312164723873,0.0,7.812499825377017e-05,-3.0,-0.015048827975988388,0.5,-5.3624062275048345e-05,-6.249999860301614e-05,6.148363172542304e-05,-0.25,0.000520290108397603,2.894202785917236e-05,3.1718638638267294e-05,-0.067006434887473,-0.07085072994232178,3.141592653589793,3.1415536403656006,0.0018432815559208393,0.0005461720866151154,-0.00010463297076057643
6.219926357269287,5.0,0.012070312164723873,0.0,7.812499825377017e-05,-3.0,-0.015043945051729679,0.5,-0.00011384546814952046,-6.249999860301614e-05,0.00016456286539323628,-0.25,0.00044636725215241313,0.00026073084320364203,3.1718638638267294e-05,-0.06714183910945354,-0.07085072994232178,3.141592653589793,3.1415536403656006,0.0018432815559208393,0.0005461720866151154,-0.00010463297076057643
6.22446870803833,5.0,0.012070312164723873,0.0,7.812499825377017e-05,-3.0,-0.015043945051729679,0.5,-0.00011384546814952046,-6.249999860301614e-05,0.00016456286539323628,-0.25,0.00044636725215241313,4.135349996525637e-05,3.445009497227147e-05,-0.06701366145617793,-0.0708014965057373,3.141592653589793,3.1415657997131348,-0.0019212033366784453,0.0024985542986541986,0.00032834941521286964
6.229444265365601,5.0,0.012070312164723873,0.0,7.812499825377017e-05,-3.0,-0.015043945051729679,0.5,-0.00010802127508213744,-6.249999860301614e-05,4.262918446329422e-05,-0.25,0.0004061817890033126,-0.0002183334526196537,3.445009497227147e-05,-0.06700125694359911,-0.0708014965057373,3.141592653589793,3.1415657997131348,-0.0019212033366784453,0.0024985542986541986,0.00032834941521286964
6.233797788619995,5.0,0.012070312164723873,0.0,7.812499825377017e-05,-3.0,-0.015043945051729679,0.5,-0.00010802127508213744,-6.249999860301614e-05,4.262918446329422e-05,-0.25,0.0004061817890033126,2.674107342606953e-05,3.445009497227147e-05,-0.06701296255300986,-0.0708014965057373,3.141592653589793,3.1415657997131348,0.0008907081210054457,0.0005068208556622267,-9.570457768859342e-05
6.238346815109253,5.0,0.012070312164723873,0.0,7.812499825377017e-05,-3.0,-0.015043945051729679,0.5,-0.00010802127508213744,-6.249999860301614e-05,4.262918446329422e-05,-0.25,0.0004061817890033126,2.6750638134840786e-05,3.445009497227147e-05,-0.06701296255300986,-0.0708014965057373,3.141592653589793,3.1415657997131348,0.0008907081210054457,0.0005068208556622267,-9.570457768859342e-05
6.2434821128845215,5.0,0.012070312164723873,0.0,7.812499825377017e-05,-3.0,-0.015043945051729679,0.5,-3.209367423551157e-05,-6.249999860301614e-05,2.2331601940095425e-05,-0.25,0.000545182207133621,-1.5201978430295659e-05,3.445009497227147e-05,-0.06685599691157942,-0.0708014965057373,3.141592653589793,3.1415657997131348,0.0014619833091273904,0.000641165126580745,0.00023592152865603566
6.248658180236816,5.0,0.012070312164723873,0.0,7.812499825377017e-05,-3.0,-0.015043945051729679,0.5,-6.107933586463332e-05,-6.249999860301614e-05,7.697234104853123e-05,-0.25,0.000563743116799742,0.00013645916450196448,3.0452691134996712e-05,-0.06706332891068315,-0.07074712961912155,3.141592653589793,3.1415791511535645,0.0025179977528750896,0.0014646605122834444,0.0009846320608630776
6.253520727157593,5.0,0.012070312164723873,0.0,7.812499825377017e-05,-3.0,-0.015043945051729679,0.5,-6.107933586463332e-05,-6.249999860301614e-05,7.697234104853123e-05,-0.25,0.000563743116799742,3.0908531816050544e-05,3.0452691134996712e-05,-0.06700732952030375,-0.07074712961912155,3.141592653589793,3.1415791511535645,0.0025179977528750896,0.0014646605122834444,0.0009846320608630776
6.258143424987793,5.0,0.012070312164723873,0.0,7.812499825377017e-05,-3.0,-0.015043945051729679,0.5,-6.107933586463332e-05,-6.249999860301614e-05,7.697234104853123e-05,-0.25,0.000563743116799742,3.092142658568815e-05,6.408409535652027e-05,-0.06700732952030375,-0.07071541994810104,3.141592653589793,3.141571044921875,0.005747216288000345,-0.001385049195960164,0.004799051210284233
6.263091564178467,5.0,0.012070312164723873,0.0,7.812499825377017e-05,-3.0,-0.01503906212747097,0.5,-1.4624744153479696e-06,-6.249999860301614e-05,-0.0011085569858551025,-0.25,0.00013494967424776405,-0.002507355027418616,6.408409535652027e-05,-0.06687969210074396,-0.07071541994810104,3.141592653589793,3.141571044921875,0.005747216288000345,-0.001385049195960164,0.004799051210284233
6.2678632736206055,5.0,0.012070312164723873,0.0,7.812499825377017e-05,-3.0,-0.01503906212747097,0.5,-1.4624744153479696e-06,-6.249999860301614e-05,-0.0011085569858551025,-0.25,0.00013494967424776405,-0.00011154544295429562,3.847524567390792e-05,-0.06700017549692984,-0.07070982456207275,3.141592653589793,3.1415822505950928,-0.006312432233244181,0.0022014593705534935,-0.005087318364530802
6.272602558135986,5.0,0.012070312164723873,0.0,8.789062121650204e-05,-3.0,-0.01503906212747097,0.5,-7.160514360293746e-05,-0.00027636940136538455,0.0009655481553636491,-0.25,0.0004377341247163713,0.004990808452523997,3.847524567390792e-05,-0.06715659527240098,-0.07070982456207275,3.141592653589793,3.1415822505950928,-0.006312432233244181,0.0022014593705534935,-0.005087318364530802
6.277196884155273,5.0,0.012070312164723873,0.0,8.789062121650204e-05,-3.0,-0.01503906212747097,0.5,-7.160514360293746e-05,-7.031249697320163e-05,0.0009655481553636491,-0.25,0.0004377341247163713,-0.0003100054375476905,3.5638448025565594e-05,-0.06700859261723235,-0.07070636004209518,3.141592653589793,3.1415822505950928,-0.007938730530440807,0.002587530529126525,-0.004801295697689056
6.2820446491241455,5.0,0.012070312164723873,0.0,7.812499825377017e-05,-3.0,-0.01503906212747097,0.5,5.076009620097466e-05,0.0001389458847151274,-0.00123798253480345,-0.25,0.0002553009835537523,-0.005128287056601415,3.5638448025565594e-05,-0.06674149300388375,-0.07070636004209518,3.141592653589793,3.1415822505950928,-0.007938730530440807,0.002587530529126525,-0.004801295697689056
6.286802053451538,5.0,0.012070312164723873,0.0,7.812499825377017e-05,-3.0,-0.01503906212747097,0.5,5.076009620097466e-05,-6.249999860301614e-05,-0.00123798253480345,-0.25,0.0002553009835537523,0.00029632758453157124,3.5638448025565594e-05,-0.06699390878845587,-0.07070636004209518,3.141592653589793,3.1415822505950928,-0.007938730530440807,0.002587530529126525,-0.004801295697689056
6.291543006896973,5.0,0.012070312164723873,0.0,8.789062121650204e-05,-3.0,-0.01503906212747097,0.5,1.1298805020487634e-06,-0.0002762968643610725,3.377822940819897e-05,-0.25,0.000536385749001056,0.0031846448956587277,6.632082659052685e-05,-0.06710454845367939,-0.0707077905535698,3.141592653589793,3.1415703296661377,0.0007666569435968995,0.0030209426768124104,-0.001131053315475583
6.296087265014648,5.0,0.012070312164723873,0.0,8.789062121650204e-05,-3.0,-0.01503906212747097,0.5,1.1298805020487634e-06,-7.031249697320163e-05,3.377822940819897e-05,-0.25,0.000536385749001056,-0.00042680622300189793,6.632082659052685e-05,-0.06699986441433975,-0.0707077905535698,3.141592653589793,3.1415703296661377,-0.0012539041927084327,-0.0004253349616192281,9.156544547295198e-05
6.300976753234863,5.0,0.012070312164723873,0.0,8.789062121650204e-05,-3.0,-0.01503906212747097,0.5,1.1298805020487634e-06,-7.031249697320163e-05,3.377822940819897e-05,-0.25,0.000536385749001056,2.6488875246223806e-05,6.632082659052685e-05,-0.06699986441433975,-0.0707077905535698,3.141592653589793,3.1415703296661377,-0.0012539041927084327,-0.0004253349616192281,9.156544547295198e-05
6.305819511413574,5.0,0.012070312164723873,0.0,8.789062121650204e-05,-3.0,-0.01503906212747097,0.5,-2.2718011678080074e-05,-7.031249697320163e-05,5.625505218631588e-05,-0.25,0.00046669840230606496,7.561161957972882e-05,6.632082659052685e-05,-0.06705197060289542,-0.0707077905535698,3.141592653589793,3.1415703296661377,-0.0005867037689313293,-0.0005266541265882552,0.00045641817268915474
6.310423135757446,5.0,0.012070312164723873,0.0,8.789062121650204e-05,-3.0,-0.01503906212747097,0.5,-2.2718011678080074e-05,-7.031249697320163e-05,5.625505218631588e-05,-0.25,0.00046669840230606496,2.9210006089283967e-05,6.632082659052685e-05,-0.06700272616140138,-0.0707077905535698,3.141592653589793,3.1415703296661377,-0.0005867037689313293,-0.0005266541265882552,0.00045641817268915474
6.315235137939453,5.0,0.012070312164723873,0.0,8.789062121650204e-05,-3.0,-0.01503906212747097,0.5,-1.751065246935468e-05,-7.031249697320163e-05,2.523258990549948e-05,-0.25,0.00038529394078068435,-3.897242224587997e-05,6.632082659052685e-05,-0.06699127967221268,-0.0707077905535698,3.141592653589793,3.1415703296661377,-0.0014322273200377822,-0.000573007098864764,0.0004652760399039835
6.319988012313843,5.0,0.012070312164723873,0.0,8.789062121650204e-05,-3.0,-0.01503906212747097,0.5,-1.751065246935468e-05,-7.031249697320163e-05,2.523258990549948e-05,-0.25,0.00038529394078068435,2.55055881548173e-05,6.632082659052685e-05,-0.06700210127829631,-0.0707077905535698,3.141592653589793,3.1415703296661377,-0.0014322273200377822,-0.000573007098864764,0.0004652760399039835
6.324548006057739,5.0,0.012070312164723873,0.0,7.812499825377017e-05,-3.0,-0.01503906212747097,0.5,0.0001307791389990598,0.00015165869351806577,-0.001618988928385079,-0.25,0.00012758374214172363,-0.00429113250463785,6.632082659052685e-05,-0.06665910914604982,-0.0707077905535698,3.141592653589793,3.1415703296661377,-0.007204009685665369,-0.00035183262662030756,-0.0018019948620349169
6.329266786575317,5.0,0.012070312164723873,0.0,7.812499825377017e-05,-3.0,-0.01503906212747097,0.5,0.0001307791389990598,-6.249999860301614e-05,-0.001618988928385079,-0.25,0.00012758374214172363,0.00028079642853841167,6.632082659052685e-05,-0.0669843065033201,-0.0707077905535698,3.141592653589793,3.1415703296661377,-0.007204009685665369,-0.00035183262662030756,-0.0018019948620349169
6.33376669883728,5.0,0.012070312164723873,0.0,7.812499825377017e-05,-3.0,-0.01503906212747097,0.5,0.0001307791389990598,-6.249999860301614e-05,-0.001618988928385079,-0.25,0.00012758374214172363,-0.00017318695255121318,6.984313222346827e-05,-0.0669843065033201,-0.07071375101804733,3.141592653589793,3.1415672302246094,0.002521043410524726,-0.0026500308886170387,0.004536932334303856
6.338388204574585,5.0,0.012070312164723873,0.0,8.789062121650204e-05,-3.0,-0.01503906212747097,0.5,-0.00012891911319456995,-0.0002816207483923005,0.001251950510777533,-0.25,0.00042532681254670024,0.006884024817899268,6.984313222346827e-05,-0.06757740457854453,-0.07071375101804733,3.141592653589793,3.1415672302246094,0.002521043410524726,-0.0026500308886170387,0.004536932334303856
6.343261003494263,5.0,0.012070312164723873,0.0,8.789062121650204e-05,-3.0,-0.01503906212747097,0.5,-0.00012891911319456995,-7.031249697320163e-05,0.001251950510777533,-0.25,0.00042532681254670024,-0.0002611147268045919,7.309585635084659e-05,-0.06701547029358335,-0.0707094669342041,3.141592653589793,3.1415672302246094,0.003139642532914877,-0.0019256735686212778,0.0045080105774104595
6.347939968109131,5.0,0.012070312164723873,0.0,7.812499825377017e-05,-3.0,-0.01503906212747097,0.5,9.776651495485567e-06,0.00014621333365215903,-0.0009579695761203766,-0.25,0.00027805089484900236,-0.005304603747006086,7.309585635084659e-05,-0.0667024027505479,-0.0707094669342041,3.141592653589793,3.1415672302246094,0.003139642532914877,-0.0019256735686212778,0.0045080105774104595
6.35262131690979,5.0,0.012070312164723873,0.0,7.812499825377017e-05,-3.0,-0.01503906212747097,0.5,9.776651495485567e-06,-6.249999860301614e-05,-0.0009579695761203766,-0.25,0.00027805089484900236,0.0003520589767393459,6.519156886497512e-05,-0.06699882680182054,-0.07070577144622803,3.141592653589793,3.1415679454803467,0.00036273320438340306,0.0033284653909504414,-0.001359058078378439
6.357311248779297,5.0,0.012070312164723873,0.0,8.789062121650204e-05,-3.0,-0.01503906212747097,0.5,4.121467281947844e-05,-0.0002785377598224626,-0.000252311525400728,-0.25,0.0006585633382201195,0.0019820895906938877,6.519156886497512e-05,-0.06692802123708012,-0.07070577144622803,3.141592653589793,3.1415679454803467,0.00036273320438340306,0.0033284653909504414,-0.001359058078378439
6.3620285987854,5.0,0.012070312164723873,0.0,8.789062121650204e-05,-3.0,-0.01503906212747097,0.5,4.121467281947844e-05,-7.031249697320163e-05,-0.000252311525400728,-0.25,0.0006585633382201195,-0.000449582472578957,6.519156886497512e-05,-0.06699505423926166,-0.07070577144622803,3.141592653589793,3.1415679454803467,-2.626351488288492e-05,-0.0004982819082215428,-0.00027749300352297723
6.366865873336792,5.0,0.012070312164723873,0.0,8.789062121650204e-05,-3.0,-0.01503906212747097,0.5,-4.317834736866644e-06,-7.031249697320163e-05,-1.4675520105811302e-05,-0.25,0.0005840921076014638,0.0005116023847475793,6.519156886497512e-05,-0.06709464657359224,-0.07070577144622803,3.141592653589793,3.1415679454803467,-0.0002047941816272214,-0.00033988142968155444,-9.335231152363122e-05
6.371457576751709,5.0,0.012070312164723873,0.0,8.789062121650204e-05,-3.0,-0.01503906212747097,0.5,-4.317834736866644e-06,-7.031249697320163e-05,-1.4675520105811302e-05,-0.25,0.0005840921076014638,2.034737900464867e-05,6.519156886497512e-05,-0.06700051814016841,-0.07070577144622803,3.141592653589793,3.1415679454803467,-0.0002047941816272214,-0.00033988142968155444,-9.335231152363122e-05
6.376366138458252,5.0,0.012070312164723873,0.0,8.789062121650204e-05,-3.0,-0.01503906212747097,0.5,-4.317834736866644e-06,-7.031249697320163e-05,-1.4675520105811302e-05,-0.25,0.0005840921076014638,2.0352840955331048e-05,6.519156886497512e-05,-0.06700051814016841,-0.07070577144622803,3.141592653589793,3.1415679454803467,0.0010466366074979305,-6.01874926360324e-05,-9.255461191060022e-05
6.3808417320251465,5.0,0.012070312164723873,0.0,8.789062121650204e-05,-3.0,-0.01503906212747097,0.5,-1.0102316082338803e-05,-7.031249697320163e-05,3.383694638614543e-05,-0.25,0.0005086207529529929,0.0001345770285301077,6.519156886497512e-05,-0.06701413677891285,-0.07070577144622803,3.141592653589793,3.1415679454803467,0.0010466366074979305,-6.01874926360324e-05,-9.255461191060022e-05
6.385666131973267,5.0,0.012070312164723873,0.0,8.789062121650204e-05,-3.0,-0.01503906212747097,0.5,-1.0102316082338803e-05,-7.031249697320163e-05,3.383694638614543e-05,-0.25,0.0005086207529529929,2.619370871732254e-05,6.519156886497512e-05,-0.06700121227792988,-0.07070577144622803,3.141592653589793,3.1415679454803467,-0.006721249781548977,-0.0018366664880886674,7.23919365555048e-05
6.390449285507202,5.0,0.012070312164723873,0.0,8.789062121650204e-05,-3.0,-0.01503906212747097,0.5,2.5110542992479168e-05,-7.031249697320163e-05,-0.00013407565711531788,-0.25,0.0005208062939345837,-0.0003450119007493222,6.519156886497512e-05,-0.06692336823435792,-0.07070577144622803,3.141592653589793,3.1415679454803467,-0.006721249781548977,-0.0018366664880886674,7.23919365555048e-05
6.39510178565979,5.0,0.012070312164723873,0.0,8.789062121650204e-05,-3.0,-0.01503906212747097,0.5,2.5110542992479168e-05,-7.031249697320163e-05,-0.00013407565711531788,-0.25,0.0005208062939345837,6.0321633552057585e-06,6.519156886497512e-05,-0.06699698673484089,-0.07070577144622803,3.141592653589793,3.1415679454803467,-0.002587304450571537,-0.0007245466113090515,0.00029163906583562493
6.400136470794678,5.0,0.012070312164723873,0.0,8.789062121650204e-05,-3.0,-0.01503906212747097,0.5,-3.5652217775350437e-05,-7.031249697320163e-05,9.31344911805354e-05,-0.25,0.00038817524909973145,0.00048460352708552953,6.519156886497512e-05,-0.0671249665696513,-0.07070577144622803,3.141592653589793,3.1415679454803467,-0.002587304450571537,-0.0007245466113090515,0.00029163906583562493
6.40480375289917,5.0,0.012070312164723873,0.0,8.789062121650204e-05,-3.0,-0.01503906212747097,0.5,-3.5652217775350437e-05,-7.031249697320163e-05,9.31344911805354e-05,-0.25,0.00038817524909973145,3.332909629719701e-05,6.519156886497512e-05,-0.06700427826613303,-0.07070577144622803,3.141592653589793,3.1415679454803467,0.0007868200191296637,0.0001961062225745991,-5.573608723352663e-05
6.409734725952148,5.0,0.012070312164723873,0.0,8.789062121650204e-05,-3.0,-0.01503906212747097,0.5,-4.2768118873937055e-05,-7.031249697320163e-05,8.646322385175154e-05,-0.25,0.00038464186945930123,1.901469327564467e-05,6.519156886497512e-05,-0.0670195632024253,-0.07070577144622803,3.141592653589793,3.1415679454803467,0.0007868200191296637,0.0001961062225745991,-5.573608723352663e-05
6.414551496505737,5.0,0.012070312164723873,0.0,8.789062121650204e-05,-3.0,-0.01503906212747097,0.5,-4.2768118873937055e-05,-7.031249697320163e-05,8.646322385175154e-05,-0.25,0.00038464186945930123,3.255910840834968e-05,6.519156886497512e-05,-0.06700513217426488,-0.07070577144622803,3.141592653589793,3.1415679454803467,0.0014773223083466291,0.000513303792104125,0.0001550630113342777
6.419445991516113,5.0,0.012070312164723873,0.0,8.789062121650204e-05,-3.0,-0.01503906212747097,0.5,-4.2768118873937055e-05,-7.031249697320163e-05,8.646322385175154e-05,-0.25,0.00038464186945930123,3.257445516801619e-05,6.519156886497512e-05,-0.06700513217426488,-0.07070577144622803,3.141592653589793,3.1415679454803467,0.0014773223083466291,0.000513303792104125,0.0001550630113342777
6.424207925796509,5.0,0.012070312164723873,0.0,8.789062121650204e-05,-3.0,-0.01503906212747097,0.5,-0.00014785106759518385,-7.031249697320163e-05,-0.0017752902349457145,-0.25,7.579624798381701e-05,-0.004100656367688207,6.519156886497512e-05,-0.06723841495250102,-0.07070577144622803,3.141592653589793,3.1415679454803467,-0.0052969856187701225,0.0039640432223677635,-0.00781214190647006
6.428941011428833,5.0,0.012070312164723873,0.0,8.789062121650204e-05,-3.0,-0.01503906212747097,0.5,-0.00014785106759518385,-7.031249697320163e-05,-0.0017752902349457145,-0.25,7.579624798381701e-05,-0.00019115973583913557,3.4369935747236013e-05,-0.06701774212811143,-0.07070434093475342,3.141592653589793,3.1415791511535645,-0.002833327278494835,0.0024869395419955254,-0.00398905947804451
6.4337544441223145,5.0,0.012070312164723873,0.0,8.789062121650204e-05,-3.0,-0.01503906212747097,0.5,-0.00012357077503111213,-7.031249697320163e-05,0.001332998275756836,-0.25,0.0005403124960139394,0.006639499790375732,3.4369935747236013e-05,-0.0669643857131619,-0.07070434093475342,3.141592653589793,3.1415791511535645,-0.002833327278494835,0.0024869395419955254,-0.00398905947804451
6.438340902328491,5.0,0.012070312164723873,0.0,8.789062121650204e-05,-3.0,-0.01503906212747097,0.5,-0.00012357077503111213,-7.031249697320163e-05,0.001332998275756836,-0.25,0.0005403124960139394,0.00018209870480841002,3.53138311766088e-05,-0.06701482849300373,-0.07070279121398926,3.141592653589793,3.141580581665039,-0.0038547003641724586,0.002839884953573346,-0.0041334740817546844
6.443091869354248,5.0,0.012070312164723873,0.0,7.812499825377017e-05,-3.0,-0.01503906212747097,0.5,7.412273407680914e-05,0.00014305021695917652,-0.001236164360307157,-0.25,0.0003018236020579934,-0.006008691150575141,3.53138311766088e-05,-0.06657499312456025,-0.07070279121398926,3.141592653589793,3.141580581665039,-0.0038547003641724586,0.002839884953573346,-0.0041334740817546844
6.4477245807647705,5.0,0.012070312164723873,0.0,7.812499825377017e-05,-3.0,-0.01503906212747097,0.5,7.412273407680914e-05,-6.249999860301614e-05,-0.001236164360307157,-0.25,0.0003018236020579934,0.0003163150064333744,3.53856994479429e-05,-0.06699110527191078,-0.07070314884185791,3.141592653589793,3.141580581665039,-0.005875410046428442,0.0024990972597151995,-0.005235902965068817
6.452500343322754,5.0,0.012070312164723873,0.0,8.789062121650204e-05,-3.0,-0.01503906212747097,0.5,-6.348572787828743e-05,-0.0002747955055852436,-0.002296008402481675,-0.25,0.00042936860700137913,-0.002003964329527554,3.53856994479429e-05,-0.06729575753272111,-0.07070314884185791,3.141592653589793,3.141580581665039,-0.005875410046428442,0.0024990972597151995,-0.005235902965068817
6.457139015197754,5.0,0.012070312164723873,0.0,8.789062121650204e-05,-3.0,-0.01503906212747097,0.5,-6.348572787828743e-05,-7.031249697320163e-05,-0.002296008402481675,-0.25,0.00042936860700137913,-0.0006948437532359791,4.14348796766717e-05,-0.06700761828734539,-0.07069587707519531,3.141592653589793,3.141566753387451,-0.022046292200684547,0.0014998657861724496,-0.007713399827480316
6.4618260860443115,5.0,0.012070312164723873,0.0,8.789062121650204e-05,-3.0,-0.01503906212747097,0.5,-6.348572787828743e-05,-7.031249697320163e-05,-0.002296008402481675,-0.25,0.00042936860700137913,-0.000254230075610702,4.14348796766717e-05,-0.06700761828734539,-0.07069587707519531,3.141592653589793,3.141566753387451,-0.022046292200684547,0.0014998657861724496,-0.007713399827480316
6.4666907787323,5.0,0.012070312164723873,0.0,7.812499825377017e-05,-3.0,-0.01503906212747097,0.5,-4.255972817190923e-05,0.00013824491148852538,2.8288935936870985e-05,-0.25,0.0006671619485132396,0.00434882291069866,4.14348796766717e-05,-0.06696209109000732,-0.07069587707519531,3.141592653589793,3.141566753387451,-0.0006873253732919693,4.409393568494124e-06,0.00027458599652163684
6.47151780128479,5.0,0.012070312164723873,0.0,7.812499825377017e-05,-3.0,-0.01503906212747097,0.5,-4.255972817190923e-05,-6.249999860301614e-05,2.8288935936870985e-05,-0.25,0.0006671619485132396,0.0004396234708708695,4.14348796766717e-05,-0.06700510716738062,-0.07069587707519531,3.141592653589793,3.141566753387451,0.002332843141630292,0.00021176999143790454,-0.00013207616575527936
6.476363658905029,5.0,0.012070312164723873,0.0,7.812499825377017e-05,-3.0,-0.01503906212747097,0.5,-2.7826055884361267e-05,-6.249999860301614e-05,-9.943926670530345e-06,-0.25,0.0006586980889551342,-5.973470924349238e-05,4.14348796766717e-05,-0.06697293445235908,-0.07069587707519531,3.141592653589793,3.141566753387451,0.002332843141630292,0.00021176999143790454,-0.00013207616575527936
6.480728387832642,5.0,0.012070312164723873,0.0,7.812499825377017e-05,-3.0,-0.01503906212747097,0.5,-2.7826055884361267e-05,-6.249999860301614e-05,-9.943926670530345e-06,-0.25,0.0006586980889551342,1.9167909891281597e-05,4.14348796766717e-05,-0.06700333912670611,-0.07069587707519531,3.141592653589793,3.141566753387451,0.002332843141630292,0.00021176999143790454,-0.00013207616575527936
6.4854865074157715,5.0,0.012070312164723873,0.0,7.812499825377017e-05,-3.0,-0.015034179203212261,0.5,-0.00011750876728910953,-6.249999860301614e-05,0.00019916547171305865,-0.25,0.00037949084071442485,0.00048376501145527243,4.14348796766717e-05,-0.06720258456922446,-0.07069587707519531,3.141592653589793,3.141566753387451,-0.002095936331897974,-0.000617543759290129,0.00027511530788615346
6.490167856216431,5.0,0.012070312164723873,0.0,7.812499825377017e-05,-3.0,-0.015034179203212261,0.5,-0.00011750876728910953,-6.249999860301614e-05,0.00019916547171305865,-0.25,0.00037949084071442485,4.4310437355995835e-05,6.551560363732278e-05,-0.0670141010520747,-0.07065819948911667,3.141592653589793,3.141556978225708,0.005086702760308981,-0.0011523086577653885,0.004494429565966129
6.494924068450928,5.0,0.012070312164723873,0.0,8.789062121650204e-05,-3.0,-0.015034179203212261,0.5,-0.00011983401782345027,-0.0002756360292559132,0.000899706210475415,-0.25,0.000563690671697259,0.002075081112592749,6.551560363732278e-05,-0.06701926895256699,-0.07065819948911667,3.141592653589793,3.141556978225708,0.005086702760308981,-0.0011523086577653885,0.004494429565966129
6.499508619308472,5.0,0.012070312164723873,0.0,8.789062121650204e-05,-3.0,-0.015034179203212261,0.5,-0.00011983401782345027,-7.031249697320163e-05,0.000899706210475415,-0.25,0.000563690671697259,-0.00031834607435946016,6.370437040459365e-05,-0.06701438008213881,-0.07064950466156006,3.141592653589793,3.141557455062866,0.0064763533882796764,-0.0022676612716168165,0.005582021549344063
6.5038371086120605,5.0,0.012070312164723873,0.0,8.789062121650204e-05,-3.0,-0.015034179203212261,0.5,-0.00011983401782345027,-7.031249697320163e-05,0.000899706210475415,-0.25,0.000563690671697259,0.00012959754566863827,6.370437040459365e-05,-0.06701438008213881,-0.07064950466156006,3.141592653589793,3.141557455062866,0.0064763533882796764,-0.0022676612716168165,0.005582021549344063
6.508784294128418,5.0,0.012070312164723873,0.0,7.812499825377017e-05,-3.0,-0.015034179203212261,0.5,7.4606723501347e-05,0.00013489755057808327,-0.001268603722564876,-0.25,0.0003117001033388078,-0.004953081478023437,7.091939187375829e-05,-0.0665980141430104,-0.07065104693174362,3.141592653589793,3.141558885574341,0.0010149492882192135,-0.0030976382549852133,0.004416898358613253
6.513384103775024,5.0,0.012070312164723873,0.0,7.812499825377017e-05,-3.0,-0.015034179203212261,0.5,7.4606723501347e-05,-6.249999860301614e-05,-0.001268603722564876,-0.25,0.0003117001033388078,0.0002973558946754586,7.091939187375829e-05,-0.06699104719317983,-0.07065104693174362,3.141592653589793,3.141558885574341,0.0010149492882192135,-0.0030976382549852133,0.004416898358613253
6.517998933792114,5.0,0.012070312164723873,0.0,8.789062121650204e-05,-3.0,-0.015029296278953552,0.5,-0.00016647219308651984,-0.00028192642265556435,0.0004962848033756018,-0.25,0.00041350125684402883,0.00440626839250488,3.440565342316404e-05,-0.06754237708896092,-0.0706479549407959,3.141592653589793,3.141571044921875,-0.003928609658032656,0.0022554793395102024,-0.004058117046952248
6.522801876068115,5.0,0.012070312164723873,0.0,8.789062121650204e-05,-3.0,-0.015029296278953552,0.5,-0.00016647219308651984,-7.031249697320163e-05,0.0004962848033756018,-0.25,0.00041350125684402883,-0.00035952886831439913,3.440565342316404e-05,-0.06701997666317039,-0.0706479549407959,3.141592653589793,3.141571044921875,-0.003928609658032656,0.0022554793395102024,-0.004058117046952248
6.527440309524536,5.0,0.012070312164723873,0.0,6.83593752910383e-05,-3.0,-0.015034179203212261,0.5,7.791868847562e-05,0.00036638668588979213,-0.00039964780444279313,-0.25,0.0006080185994505882,-0.0029519447279764337,4.761805757880211e-05,-0.0664637673867329,-0.0706413984298706,3.141592653589793,3.1414594650268555,-0.009389322251081467,0.0010078467894345522,-0.006300218869000673
6.5322654247283936,5.0,0.012070312164723873,0.0,6.83593752910383e-05,-3.0,-0.015034179203212261,0.5,7.791868847562e-05,-5.468750023283065e-05,-0.00039964780444279313,-0.25,0.0006080185994505882,0.0008442439165881041,4.761805757880211e-05,-0.06699064975738292,-0.0706413984298706,3.141592653589793,3.1414594650268555,-0.009389322251081467,0.0010078467894345522,-0.006300218869000673
6.537029981613159,5.0,0.012070312164723873,0.0,6.83593752910383e-05,-3.0,-0.015034179203212261,0.5,7.791868847562e-05,-5.468750023283065e-05,-0.00039964780444279313,-0.25,0.0006080185994505882,-2.846073249582778e-05,4.761805757880211e-05,-0.06699064975738292,-0.0706413984298706,3.141592653589793,3.1414594650268555,0.0007242985884658992,-0.0003130677214358002,0.00032446460681967437
6.541535139083862,5.0,0.012070312164723873,0.0,6.83593752910383e-05,-3.0,-0.015034179203212261,0.5,-1.899853305076249e-05,-5.468750023283065e-05,4.066061956109479e-05,-0.25,0.0003518736339174211,0.001001727896663776,4.761805757880211e-05,-0.06721740487155128,-0.0706413984298706,3.141592653589793,3.1414594650268555,-0.003218322526663542,-0.0010329947108402848,0.00048305816017091274
6.546283960342407,5.0,0.012070312164723873,0.0,6.83593752910383e-05,-3.0,-0.015034179203212261,0.5,-1.899853305076249e-05,-5.468750023283065e-05,4.066061956109479e-05,-0.25,0.0003518736339174211,2.439392537408771e-05,4.761805757880211e-05,-0.06700227982396609,-0.0706413984298706,3.141592653589793,3.1414594650268555,-0.003218322526663542,-0.0010329947108402848,0.00048305816017091274
6.550706624984741,5.0,0.012070312164723873,0.0,6.83593752910383e-05,-3.0,-0.015034179203212261,0.5,-5.044564659328898e-06,-5.468750023283065e-05,1.0194149581366219e-05,-0.25,0.0003125476650893688,-4.814344782405683e-05,4.761805757880211e-05,-0.0669690543043952,-0.0706413984298706,3.141592653589793,3.1414594650268555,0.002422922058030963,0.0010060234926640987,0.0010389745002612472
6.555086374282837,5.0,0.012070312164723873,0.0,6.83593752910383e-05,-3.0,-0.015034179203212261,0.5,-5.044564659328898e-06,-5.468750023283065e-05,1.0194149581366219e-05,-0.25,0.0003125476650893688,2.074937127929633e-05,4.761805757880211e-05,-0.06700060534775912,-0.0706413984298706,3.141592653589793,3.1414594650268555,0.002422922058030963,0.0010060234926640987,0.0010389745002612472
6.55977463722229,5.0,0.012070312164723873,0.0,7.812499825377017e-05,-3.0,-0.015034179203212261,0.5,-0.00011213310062885284,-0.0002707993855796136,0.0009918645955622196,-0.25,0.0005493247299455106,0.0027194547895901984,7.062577788019553e-05,-0.0672418743380087,-0.07065188139677048,3.141592653589793,3.1414644718170166,0.0014053931226953864,-0.002529826946556568,0.004892101977020502
6.564584732055664,5.0,0.012070312164723873,0.0,7.812499825377017e-05,-3.0,-0.015034179203212261,0.5,-0.00011213310062885284,-6.249999860301614e-05,0.0009918645955622196,-0.25,0.0005493247299455106,-0.0002933391702005874,7.062577788019553e-05,-0.06701345597207546,-0.07065188139677048,3.141592653589793,3.1414644718170166,0.0014053931226953864,-0.002529826946556568,0.004892101977020502
6.5692458152771,5.0,0.012070312164723873,0.0,6.83593752910383e-05,-3.0,-0.015034179203212261,0.5,2.2650508981314488e-05,0.00015482652255529276,-0.000912048970349133,-0.25,0.0002878284431062639,-0.004665900595231437,7.554202602477744e-05,-0.06670811394254252,-0.07065057754516602,3.141592653589793,3.141465663909912,0.002849810989573598,-0.0025086698587983847,0.004728679079562426
6.574039697647095,5.0,0.012070312164723873,0.0,6.83593752910383e-05,-3.0,-0.015034179203212261,0.5,2.2650508981314488e-05,-5.468750023283065e-05,-0.000912048970349133,-0.25,0.0002878284431062639,0.00034716292856983185,7.554202602477744e-05,-0.06699728193892224,-0.07065057754516602,3.141592653589793,3.141465663909912,0.002849810989573598,-0.0025086698587983847,0.004728679079562426
6.5787739753723145,5.0,0.012070312164723873,0.0,6.83593752910383e-05,-3.0,-0.015034179203212261,0.5,2.2650508981314488e-05,-5.468750023283065e-05,-0.000912048970349133,-0.25,0.0002878284431062639,-8.996281467979195e-05,6.997441232670099e-05,-0.06699728193892224,-0.07064950466156006,3.141592653589793,3.1414661407470703,0.006156505551189184,-0.002547241747379303,0.005269136745482683
6.583387613296509,5.0,0.012070312164723873,0.0,7.812499825377017e-05,-3.0,-0.015034179203212261,0.5,-0.00010912001016549766,-0.0002741686020606055,0.0012625488452613354,-0.25,0.0005602765013463795,0.005386603267167796,6.997441232670099e-05,-0.06729870528207332,-0.07064950466156006,3.141592653589793,3.1414661407470703,0.006156505551189184,-0.002547241747379303,0.005269136745482683
6.5881195068359375,5.0,0.012070312164723873,0.0,7.812499825377017e-05,-3.0,-0.015034179203212261,0.5,-0.00010912001016549766,-6.249999860301614e-05,0.0012625488452613354,-0.25,0.0005602765013463795,-0.0002751296380449704,5.777788828709163e-05,-0.06701309440121986,-0.07064425945281982,3.141592653589793,3.141467571258545,0.0031159028876572847,-0.00030353039619512856,0.0038062643725425005
6.592921733856201,5.0,0.012070312164723873,0.0,7.812499825377017e-05,-3.0,-0.015029296278953552,0.5,-0.00011908407759619877,-6.249999860301614e-05,3.338754686410539e-05,-0.25,0.0001727235212456435,-0.0025348616889772717,5.777788828709163e-05,-0.06703503893643738,-0.07064425945281982,3.141592653589793,3.141467571258545,-0.0007176506333053112,0.0014823030214756727,0.0002044679131358862
6.597523212432861,5.0,0.012070312164723873,0.0,7.812499825377017e-05,-3.0,-0.015029296278953552,0.5,-0.00011908407759619877,-6.249999860301614e-05,3.338754686410539e-05,-0.25,0.0001727235212456435,2.471229811432751e-05,5.777788828709163e-05,-0.06701429008931153,-0.07064425945281982,3.141592653589793,3.141467571258545,-0.0007176506333053112,0.0014823030214756727,0.0002044679131358862
6.602346181869507,5.0,0.012070312164723873,0.0,7.812499825377017e-05,-3.0,-0.015029296278953552,0.5,-3.507971632643603e-05,-6.249999860301614e-05,7.105150871211663e-05,-0.25,0.00012896298721898347,0.00010733774516744811,5.777788828709163e-05,-0.06683003396237462,-0.07064425945281982,3.141592653589793,3.141467571258545,0.0008222755859605968,0.0005508188041858375,0.00021603867935482413
6.606973648071289,5.0,0.012070312164723873,0.0,7.812499825377017e-05,-3.0,-0.015029296278953552,0.5,-3.507971632643603e-05,-6.249999860301614e-05,7.105150871211663e-05,-0.25,0.00012896298721898347,2.9257215934574798e-05,5.777788828709163e-05,-0.06700420956595918,-0.07064425945281982,3.141592653589793,3.141467571258545,0.0008222755859605968,0.0005508188041858375,0.00021603867935482413
6.611719608306885,5.0,0.012070312164723873,0.0,7.812499825377017e-05,-3.0,-0.015029296278953552,0.5,-3.507971632643603e-05,-6.249999860301614e-05,7.105150871211663e-05,-0.25,0.00012896298721898347,2.926989253743723e-05,5.777788828709163e-05,-0.06700420956595918,-0.07064425945281982,3.141592653589793,3.141467571258545,0.0008222755859605968,0.0005508188041858375,0.00021603867935482413
6.616418361663818,5.0,0.012070312164723873,0.0,7.812499825377017e-05,-3.0,-0.015029296278953552,0.5,-1.2782587873516604e-05,-6.249999860301614e-05,1.7139942428912036e-05,-0.25,0.00019784807227551937,-9.192790434085646e-05,5.777788828709163e-05,-0.06695408062504726,-0.07064425945281982,3.141592653589793,3.141467571258545,-0.0024725499097257853,-0.0005215975106693804,0.00045317417243495584
6.621201753616333,5.0,0.012070312164723873,0.0,7.812499825377017e-05,-3.0,-0.015029296278953552,0.5,-1.2782587873516604e-05,-6.249999860301614e-05,1.7139942428912036e-05,-0.25,0.00019784807227551937,2.2815607733318687e-05,5.777788828709163e-05,-0.06700153391054482,-0.07064425945281982,3.141592653589793,3.141467571258545,-0.0021622010972350836,0.00011302671919111162,-1.3497774489223957e-06
6.625982284545898,5.0,0.012070312164723873,0.0,7.812499825377017e-05,-3.0,-0.015029296278953552,0.5,-1.7400494471075945e-05,-6.249999860301614e-05,0.00011056676157750189,-0.25,8.288145181722939e-05,0.00022947526236450236,5.777788828709163e-05,-0.06701174787885364,-0.07064425945281982,3.141592653589793,3.141467571258545,-0.0021622010972350836,0.00011302671919111162,-1.3497774489223957e-06
6.630801200866699,5.0,0.012070312164723873,0.0,7.812499825377017e-05,-3.0,-0.015029296278953552,0.5,-1.7400494471075945e-05,-6.249999860301614e-05,0.00011056676157750189,-0.25,8.288145181722939e-05,3.406005293585236e-05,5.777788828709163e-05,-0.06700208805933652,-0.07064425945281982,3.141592653589793,3.141467571258545,-0.002326052635908127,-0.0007433281280100346,0.0004948911955580115
6.635552406311035,5.0,0.012070312164723873,0.0,7.812499825377017e-05,-3.0,-0.015029296278953552,0.5,-1.881562093331013e-05,-6.249999860301614e-05,4.734499816549942e-05,-0.25,1.9544362658052705e-05,-0.00010658080118321938,5.777788828709163e-05,-0.06700523633225039,-0.07064425945281982,3.141592653589793,3.141467571258545,-0.002326052635908127,-0.0007433281280100346,0.0004948911955580115
6.639915704727173,5.0,0.012070312164723873,0.0,7.812499825377017e-05,-3.0,-0.015029296278953552,0.5,-1.881562093331013e-05,-6.249999860301614e-05,4.734499816549942e-05,-0.25,1.9544362658052705e-05,2.649346497935407e-05,5.777788828709163e-05,-0.067002257874512,-0.07064425945281982,3.141592653589793,3.141467571258545,0.00028718047542497516,0.00021696442854590714,0.0001950193545781076
6.644627809524536,5.0,0.012070312164723873,0.0,7.812499825377017e-05,-3.0,-0.015029296278953552,0.5,-1.881562093331013e-05,-6.249999860301614e-05,4.734499816549942e-05,-0.25,1.9544362658052705e-05,2.6503817002078858e-05,5.777788828709163e-05,-0.067002257874512,-0.07064425945281982,3.141592653589793,3.141467571258545,0.00028718047542497516,0.00021696442854590714,0.0001950193545781076
6.6489739418029785,5.0,0.012070312164723873,0.0,7.812499825377017e-05,-3.0,-0.015029296278953552,0.5,9.257197234546766e-06,-6.249999860301614e-05,-3.175313395331614e-05,-0.25,9.970426617655903e-05,-0.00016498189162857414,5.777788828709163e-05,-0.06693429649080401,-0.07064425945281982,3.141592653589793,3.141467571258545,-0.002935528289526701,-0.0008972118375822902,0.00047273930977098644
6.653427600860596,5.0,0.012070312164723873,0.0,7.812499825377017e-05,-3.0,-0.015029296278953552,0.5,9.257197234546766e-06,-6.249999860301614e-05,-3.175313395331614e-05,-0.25,9.970426617655903e-05,1.70174524676841e-05,5.777788828709163e-05,-0.06699888913633185,-0.07064425945281982,3.141592653589793,3.141467571258545,-0.002935528289526701,-0.0008972118375822902,0.00047273930977098644
6.65804648399353,5.0,0.012070312164723873,0.0,7.812499825377017e-05,-3.0,-0.015029296278953552,0.5,-1.330673626398493e-06,-6.249999860301614e-05,2.0999228581786156e-05,-0.25,-9.595155461283866e-06,0.000137565662200748,5.777788828709163e-05,-0.06702308269178006,-0.07064425945281982,3.141592653589793,3.141467571258545,9.624414815334603e-05,-9.389905608259141e-05,0.00010564051626715809
6.6628899574279785,5.0,0.012070312164723873,0.0,7.812499825377017e-05,-3.0,-0.015029296278953552,0.5,-1.330673626398493e-06,-6.249999860301614e-05,2.0999228581786156e-05,-0.25,-9.595155461283866e-06,2.3363537961110845e-05,5.777788828709163e-05,-0.06700015968083517,-0.07064425945281982,3.141592653589793,3.141467571258545,9.624414815334603e-05,-9.389905608259141e-05,0.00010564051626715809
6.667675733566284,5.0,0.012070312164723873,0.0,7.812499825377017e-05,-3.0,-0.015029296278953552,0.5,2.958551021947642e-06,-6.249999860301614e-05,3.948885569116101e-05,-0.25,-3.4893750125775114e-05,6.422659752268998e-05,5.777788828709163e-05,-0.06699068253074507,-0.07064425945281982,3.141592653589793,3.141467571258545,0.0001510239380877465,-0.00035563798155635595,0.000244638737058267
6.672386169433594,5.0,0.012070312164723873,0.0,7.812499825377017e-05,-3.0,-0.015029296278953552,0.5,2.958551021947642e-06,-6.249999860301614e-05,3.948885569116101e-05,-0.25,-3.4893750125775114e-05,2.5601663369887573e-05,5.777788828709163e-05,-0.06699964497387736,-0.07064425945281982,3.141592653589793,3.141467571258545,0.0001510239380877465,-0.00035563798155635595,0.000244638737058267
6.677058219909668,5.0,0.012070312164723873,0.0,7.812499825377017e-05,-3.0,-0.015029296278953552,0.5,2.958551021947642e-06,-6.249999860301614e-05,3.948885569116101e-05,-0.25,-3.4893750125775114e-05,2.561119331139276e-05,5.777788828709163e-05,-0.06699964497387736,-0.07064425945281982,3.141592653589793,3.141467571258545,6.122781633166596e-05,-0.0004113278992008418,0.00023320427862927318
6.68186354637146,5.0,0.012070312164723873,0.0,7.812499825377017e-05,-3.0,-0.015029296278953552,0.5,1.183964286610717e-05,-6.249999860301614e-05,2.8641479730140418e-05,-0.25,-2.7383564884075895e-05,1.7446170864222668e-06,5.777788828709163e-05,-0.06698009747701815,-0.07064425945281982,3.141592653589793,3.141467571258545,0.0006577682215720415,-0.00030438066460192204,0.00026353870634920895
6.686460018157959,5.0,0.012070312164723873,0.0,7.812499825377017e-05,-3.0,-0.015029296278953552,0.5,1.183964286610717e-05,-6.249999860301614e-05,2.8641479730140418e-05,-0.25,-2.7383564884075895e-05,2.4326646071897076e-05,5.777788828709163e-05,-0.06699857924285607,-0.07064425945281982,3.141592653589793,3.141467571258545,0.0006577682215720415,-0.00030438066460192204,0.00026353870634920895
6.690830707550049,5.0,0.012070312164723873,0.0,7.812499825377017e-05,-3.0,-0.015029296278953552,0.5,2.2046713638701476e-05,-6.249999860301614e-05,-6.248704448807985e-05,-0.25,-6.708979344693944e-05,-0.00019510797581242628,5.777788828709163e-05,-0.06697400093714659,-0.07064425945281982,3.141592653589793,3.141467571258545,-0.0006004294846206903,-0.000674478302244097,-0.00015313996118493378
6.695512294769287,5.0,0.012070312164723873,0.0,7.812499825377017e-05,-3.0,-0.015029296278953552,0.5,2.2046713638701476e-05,-6.249999860301614e-05,-6.248704448807985e-05,-0.25,-6.708979344693944e-05,1.3391225510995278e-05,5.777788828709163e-05,-0.06699735439436336,-0.07064425945281982,3.141592653589793,3.141467571258545,-0.0006004294846206903,-0.000674478302244097,-0.00015313996118493378
6.700592994689941,5.0,0.012070312164723873,0.0,7.812499825377017e-05,-3.0,-0.015029296278953552,0.5,2.275019869557582e-05,-6.249999860301614e-05,-3.9685248339083046e-05,-0.25,-9.908437641570345e-05,6.1009001390476836e-05,5.777788828709163e-05,-0.06699588535382524,-0.07064425945281982,3.141592653589793,3.141467571258545,0.00012934381084050983,-0.0006731465109623969,-4.710750545200426e-06
6.705322265625,5.0,0.012070312164723873,0.0,7.812499825377017e-05,-3.0,-0.015029296278953552,0.5,2.275019869557582e-05,-6.249999860301614e-05,-3.9685248339083046e-05,-0.25,-9.908437641570345e-05,1.6131917289578285e-05,5.777788828709163e-05,-0.06699726997615653,-0.07064425945281982,3.141592653589793,3.141467571258545,0.00012934381084050983,-0.0006731465109623969,-4.710750545200426e-06
6.710257291793823,5.0,0.012070312164723873,0.0,7.812499825377017e-05,-3.0,-0.015029296278953552,0.5,2.275019869557582e-05,-6.249999860301614e-05,-3.9685248339083046e-05,-0.25,-9.908437641570345e-05,1.613416911737004e-05,5.777788828709163e-05,-0.06699726997615653,-0.07064425945281982,3.141592653589793,3.141467571258545,0.0001935219916049391,-0.0008012299076654017,-1.9404342310735956e-06
6.7151267528533936,5.0,0.012070312164723873,0.0,7.812499825377017e-05,-3.0,-0.015029296278953552,0.5,1.8774642740027048e-05,-6.249999860301614e-05,-9.530066563456785e-06,-0.25,-0.00011810421710833907,8.1685093942583e-05,5.777788828709163e-05,-0.06700591130562414,-0.07064425945281982,3.141592653589793,3.141467571258545,0.001637689070776105,-0.0013613248011097312,0.0008319534244947135
6.719911098480225,5.0,0.012070312164723873,0.0,7.812499825377017e-05,-3.0,-0.015029296278953552,0.5,1.8774642740027048e-05,-6.249999860301614e-05,-9.530066563456785e-06,-0.25,-0.00011810421710833907,1.9763018160127225e-05,5.777788828709163e-05,-0.0669977470428712,-0.07064425945281982,3.141592653589793,3.141467571258545,0.001637689070776105,-0.0013613248011097312,0.0008319534244947135
6.7244346141815186,5.0,0.012070312164723873,0.0,7.812499825377017e-05,-3.0,-0.015029296278953552,0.5,4.4480413635028526e-05,-6.249999860301614e-05,-7.367267971858382e-05,-0.25,-0.00011250138049945235,-0.00012973325038090515,5.777788828709163e-05,-0.06693783537640713,-0.07064425945281982,3.141592653589793,3.141467571258545,-0.0011002118699252605,-0.0015292054740712047,0.00016885963850654662
6.729418754577637,5.0,0.012070312164723873,0.0,7.812499825377017e-05,-3.0,-0.015029296278953552,0.5,4.4480413635028526e-05,-6.249999860301614e-05,-7.367267971858382e-05,-0.25,-0.00011250138049945235,1.2063780061317323e-05,5.777788828709163e-05,-0.0669946623503638,-0.07064425945281982,3.141592653589793,3.141467571258545,-0.0011002118699252605,-0.0015292054740712047,0.00016885963850654662
6.7341859340667725,5.0,0.012070312164723873,0.0,7.812499825377017e-05,-3.0,-0.015029296278953552,0.5,4.1583327401895076e-05,-6.249999860301614e-05,-3.509193265927024e-05,-0.25,-0.00015382528363261372,9.762600622959906e-05,5.777788828709163e-05,-0.06700108715018713,-0.07064425945281982,3.141592653589793,3.141467571258545,-0.0001696688705123961,-0.0013193004997447133,-5.466985021485016e-05
6.7389445304870605,5.0,0.012070312164723873,0.0,7.812499825377017e-05,-3.0,-0.015029296278953552,0.5,4.1583327401895076e-05,-6.249999860301614e-05,-3.509193265927024e-05,-0.25,-0.00015382528363261372,1.669869137032077e-05,5.777788828709163e-05,-0.06699501000071177,-0.07064425945281982,3.141592653589793,3.141467571258545,-0.0001696688705123961,-0.0013193004997447133,-5.466985021485016e-05
6.743802070617676,5.0,0.012070312164723873,0.0,7.812499825377017e-05,-3.0,-0.015029296278953552,0.5,4.1583327401895076e-05,-6.249999860301614e-05,-3.509193265927024e-05,-0.25,-0.00015382528363261372,1.6701354085925258e-05,5.777788828709163e-05,-0.06699501000071177,-0.07064425945281982,3.141592653589793,3.141467571258545,-0.0001696688705123961,-0.0013193004997447133,-5.466985021485016e-05
6.748539686203003,5.0,0.012070312164723873,0.0,7.812499825377017e-05,-3.0,-0.015029296278953552,0.5,5.31068435520865e-05,-6.249999860301614e-05,-2.3439297365257517e-05,-0.25,-0.0001301705779042095,4.26993629706022e-05,5.777788828709163e-05,-0.0669693037275721,-0.07064425945281982,3.141592653589793,3.141467571258545,-0.0009252968011423945,-0.0017284562345594168,0.00015794621140230447
6.753275156021118,5.0,0.012070312164723873,0.0,7.812499825377017e-05,-3.0,-0.015029296278953552,0.5,5.31068435520865e-05,-6.249999860301614e-05,-2.3439297365257517e-05,-0.25,-0.0001301705779042095,1.8107070828381657e-05,5.777788828709163e-05,-0.06699362717877375,-0.07064425945281982,3.141592653589793,3.141467571258545,-0.0021308031864464283,-0.0019271948840469122,-0.00020601849246304482
6.757939338684082,5.0,0.012070312164723873,0.0,7.812499825377017e-05,-3.0,-0.015029296278953552,0.5,6.435021350625902e-05,-6.249999860301614e-05,-0.0001447128306608647,-0.25,-0.0001417601015418768,-0.0002564636792941089,5.777788828709163e-05,-0.06696817220758874,-0.07064425945281982,3.141592653589793,3.141467571258545,-0.0021308031864464283,-0.0019271948840469122,-0.00020601849246304482
6.762737274169922,5.0,0.012070312164723873,0.0,7.812499825377017e-05,-3.0,-0.015029296278953552,0.5,6.435021350625902e-05,-6.249999860301614e-05,-0.0001447128306608647,-0.25,-0.0001417601015418768,3.5386886823032123e-06,5.777788828709163e-05,-0.06699227797437925,-0.07064425945281982,3.141592653589793,3.141467571258545,-0.0008777487091720104,-0.0019197541987523437,3.664167888928205e-05
6.76741099357605,5.0,0.012070312164723873,0.0,7.812499825377017e-05,-3.0,-0.015029296278953552,0.5,6.525836943183094e-05,-6.249999860301614e-05,-4.311134762247093e-05,-0.25,-0.00017797350301407278,0.00023312160247737125,5.777788828709163e-05,-0.06699022588388363,-0.07064425945281982,3.141592653589793,3.141467571258545,-0.0008777487091720104,-0.0019197541987523437,3.664167888928205e-05
6.771779775619507,5.0,0.012070312164723873,0.0,7.812499825377017e-05,-3.0,-0.015029296278953552,0.5,6.525836943183094e-05,-6.249999860301614e-05,-4.311134762247093e-05,-0.25,-0.00017797350301407278,1.5734373085002408e-05,5.777788828709163e-05,-0.06699216899566818,-0.07064425945281982,3.141592653589793,3.141467571258545,-0.0011248966911807656,-0.0021649335976690054,0.00011281794286333025
6.776482820510864,5.0,0.012070312164723873,0.0,7.812499825377017e-05,-3.0,-0.015029296278953552,0.5,6.525836943183094e-05,-6.249999860301614e-05,-4.311134762247093e-05,-0.25,-0.00017797350301407278,1.5736196798921292e-05,5.777788828709163e-05,-0.06699216899566818,-0.07064425945281982,3.141592653589793,3.141467571258545,-0.0011248966911807656,-0.0021649335976690054,0.00011281794286333025
6.781128168106079,5.0,0.012070312164723873,0.0,7.812499825377017e-05,-3.0,-0.015029296278953552,0.5,6.669603317277506e-05,-6.249999860301614e-05,-2.9267972422530875e-05,-0.25,-0.00018602609634399414,4.7201004590741305e-05,5.777788828709163e-05,-0.06698890162959178,-0.07064425945281982,3.141592653589793,3.141467571258545,0.0016108170384541154,-0.0018985903589054942,0.000987018458545208
6.7859556674957275,5.0,0.012070312164723873,0.0,7.812499825377017e-05,-3.0,-0.015029296278953552,0.5,6.669603317277506e-05,-6.249999860301614e-05,-2.9267972422530875e-05,-0.25,-0.00018602609634399414,1.7403697860894193e-05,5.777788828709163e-05,-0.06699199647601926,-0.07064425945281982,3.141592653589793,3.141467571258545,0.0016108170384541154,-0.0018985903589054942,0.000987018458545208
6.790561676025391,5.0,0.012070312164723873,0.0,7.812499825377017e-05,-3.0,-0.015029296278953552,0.5,9.067133214557543e-05,-6.249999860301614e-05,-0.00017489019955974072,-0.25,-0.0001290202053496614,-0.0003162384167337524,5.777788828709163e-05,-0.06693706721570916,-0.07064425945281982,3.141592653589793,3.141467571258545,-0.00034289833274669945,-0.0018929119687527418,-1.2873994819528889e-05
6.795284271240234,5.0,0.012070312164723873,0.0,7.812499825377017e-05,-3.0,-0.015029296278953552,0.5,9.067133214557543e-05,-6.249999860301614e-05,-0.00017489019955974072,-0.25,-0.0001290202053496614,-9.193826856080043e-08,5.777788828709163e-05,-0.06698911944014252,-0.07064425945281982,3.141592653589793,3.141467571258545,-0.00034289833274669945,-0.0018929119687527418,-1.2873994819528889e-05
6.800053596496582,5.0,0.012070312164723873,0.0,7.812499825377017e-05,-3.0,-0.015029296278953552,0.5,7.15340647730045e-05,-6.249999860301614e-05,-2.576947008492425e-05,-0.25,-0.00019625424465630203,0.0003304723556641745,5.777788828709163e-05,-0.06703154164562548,-0.07064425945281982,3.141592653589793,3.141467571258545,-0.0001743005122989416,-0.002049302915111184,5.3287996706785634e-05
6.8051981925964355,5.0,0.012070312164723873,0.0,7.812499825377017e-05,-3.0,-0.015029296278953552,0.5,7.15340647730045e-05,-6.249999860301614e-05,-2.576947008492425e-05,-0.25,-0.00019625424465630203,1.7809832139839178e-05,5.777788828709163e-05,-0.06699141591222724,-0.07064425945281982,3.141592653589793,3.141467571258545,-0.0001743005122989416,-0.002049302915111184,5.3287996706785634e-05
6.810202121734619,5.0,0.012070312164723873,0.0,7.812499825377017e-05,-3.0,-0.015029296278953552,0.5,8.525594603270292e-05,-6.249999860301614e-05,-6.108670640969649e-05,-0.25,-0.00019655823416542262,-5.7007104491993405e-05,5.777788828709163e-05,-0.06696234707308982,-0.07064425945281982,3.141592653589793,3.141467571258545,-0.0015110665699467063,-0.0025535819586366415,0.0001122250032494776
6.814971446990967,5.0,0.012070312164723873,0.0,7.812499825377017e-05,-3.0,-0.015029296278953552,0.5,8.525594603270292e-05,-6.249999860301614e-05,-6.108670640969649e-05,-0.25,-0.00019655823416542262,1.3572040030149292e-05,5.777788828709163e-05,-0.06698976928647607,-0.07064425945281982,3.141592653589793,3.141467571258545,-0.0015110665699467063,-0.0025535819586366415,0.0001122250032494776
6.819866180419922,5.0,0.012070312164723873,0.0,7.812499825377017e-05,-3.0,-0.015029296278953552,0.5,8.525594603270292e-05,-6.249999860301614e-05,-6.108670640969649e-05,-0.25,-0.00019655823416542262,1.3572178383920162e-05,5.777788828709163e-05,-0.06698976928647607,-0.07064425945281982,3.141592653589793,3.141467571258545,0.0019684224389493465,-0.0020095587242394686,0.0010003630304709077
6.8248231410980225,5.0,0.012070312164723873,0.0,7.812499825377017e-05,-3.0,-0.015029296278953552,0.5,9.434438834432513e-05,-6.249999860301614e-05,-0.00018504414765629917,-0.25,-0.00016366005002055317,-0.0002513822925041675,5.777788828709163e-05,-0.06697034396610158,-0.07064425945281982,3.141592653589793,3.141467571258545,-0.0010192444315180182,-0.0023940943647176027,0.0001625105505809188
6.829706192016602,5.0,0.012070312164723873,0.0,7.812499825377017e-05,-3.0,-0.015029296278953552,0.5,9.434438834432513e-05,-6.249999860301614e-05,-0.00018504414765629917,-0.25,-0.00016366005002055317,-1.3268312826279541e-06,5.777788828709163e-05,-0.06698867867339868,-0.07064425945281982,3.141592653589793,3.141467571258545,-0.0010192444315180182,-0.0023940943647176027,0.0001625105505809188
6.834457635879517,5.0,0.012070312164723873,0.0,7.812499825377017e-05,-3.0,-0.015029296278953552,0.5,7.886342791607603e-05,-6.249999860301614e-05,-6.25567845418118e-05,-0.25,-0.0002180039882659912,0.00027116141911646686,5.777788828709163e-05,-0.0670231179804249,-0.07064425945281982,3.141592653589793,3.141467571258545,-0.0007433468126691878,-0.0022453360725194216,-6.021535591571592e-05
6.839208126068115,5.0,0.012070312164723873,0.0,7.812499825377017e-05,-3.0,-0.015029296278953552,0.5,7.886342791607603e-05,-6.249999860301614e-05,-6.25567845418118e-05,-0.25,-0.0002180039882659912,1.3371641499585624e-05,5.777788828709163e-05,-0.06699053638865007,-0.07064425945281982,3.141592653589793,3.141467571258545,-0.0007433468126691878,-0.0022453360725194216,-6.021535591571592e-05
6.84360671043396,5.0,0.012070312164723873,0.0,7.812499825377017e-05,-3.0,-0.015029296278953552,0.5,7.886342791607603e-05,-6.249999860301614e-05,-6.25567845418118e-05,-0.25,-0.0002180039882659912,1.3371636504030773e-05,5.777788828709163e-05,-0.06699053638865007,-0.07064425945281982,3.141592653589793,3.141467571258545,1.73717435245635e-05,-0.0021039985585957766,6.422746082535014e-05
6.848332405090332,5.0,0.012070312164723873,0.0,7.812499825377017e-05,-3.0,-0.015029296278953552,0.5,6.487004429800436e-05,-6.249999860301614e-05,-1.4951987395761535e-05,-0.25,-0.00024417758686468005,0.00011982478960089064,5.777788828709163e-05,-0.06702182686802202,-0.07064425945281982,3.141592653589793,3.141467571258545,1.73717435245635e-05,-0.0021039985585957766,6.422746082535014e-05
6.853086233139038,5.0,0.012070312164723873,0.0,7.812499825377017e-05,-3.0,-0.015029296278953552,0.5,6.487004429800436e-05,-6.249999860301614e-05,-1.4951987395761535e-05,-0.25,-0.00024417758686468005,1.909322681059321e-05,5.777788828709163e-05,-0.06699221559468424,-0.07064425945281982,3.141592653589793,3.141467571258545,-0.006132899783551693,-0.003500836668536067,0.00014940256369300187
6.857851266860962,5.0,0.012070312164723873,0.0,7.812499825377017e-05,-3.0,-0.015029296278953552,0.5,5.9918609622400254e-05,-6.249999860301614e-05,-4.260769856045954e-05,-0.25,-0.0002222692855866626,-4.2262419960055456e-05,5.777788828709163e-05,-0.06700320095180759,-0.07064425945281982,3.141592653589793,3.141467571258545,-0.006132899783551693,-0.003500836668536067,0.00014940256369300187
6.862255811691284,5.0,0.012070312164723873,0.0,7.812499825377017e-05,-3.0,-0.015029296278953552,0.5,5.9918609622400254e-05,-6.249999860301614e-05,-4.260769856045954e-05,-0.25,-0.0002222692855866626,1.5778189550985954e-05,5.777788828709163e-05,-0.06699280976684531,-0.07064425945281982,3.141592653589793,3.141467571258545,-0.00038908698479644954,-0.0020854335743933916,0.00019705240265466273
6.867058515548706,5.0,0.012070312164723873,0.0,7.812499825377017e-05,-3.0,-0.015029296278953552,0.5,5.5130571126937866e-05,-6.249999860301614e-05,-2.4467750336043537e-05,-0.25,-0.00021868586190976202,5.5728919153977925e-05,5.777788828709163e-05,-0.06700335379582818,-0.07064425945281982,3.141592653589793,3.141467571258545,-0.00038908698479644954,-0.0020854335743933916,0.00019705240265466273
6.8717334270477295,5.0,0.012070312164723873,0.0,7.812499825377017e-05,-3.0,-0.015029296278953552,0.5,5.5130571126937866e-05,-6.249999860301614e-05,-2.4467750336043537e-05,-0.25,-0.00021868586190976202,1.7962192438320177e-05,5.777788828709163e-05,-0.06699338433146476,-0.07064425945281982,3.141592653589793,3.141467571258545,-0.000657691911328584,-0.0020205331966280937,-5.865324055776e-05
6.876434087753296,5.0,0.012070312164723873,0.0,7.812499825377017e-05,-3.0,-0.015029296278953552,0.5,5.5130571126937866e-05,-6.249999860301614e-05,-2.4467750336043537e-05,-0.25,-0.00021868586190976202,1.7965767972219636e-05,5.777788828709163e-05,-0.06699338433146476,-0.07064425945281982,3.141592653589793,3.141467571258545,-0.000657691911328584,-0.0020205331966280937,-5.865324055776e-05
6.88096284866333,5.0,0.012070312164723873,0.0,7.812499825377017e-05,-3.0,-0.015029296278953552,0.5,7.280774298124015e-05,-6.249999860301614e-05,-6.203204247867689e-05,-0.25,-0.0001985311391763389,-6.948797513452779e-05,5.777788828709163e-05,-0.06695222993969342,-0.07064425945281982,3.141592653589793,3.141467571258545,-0.0007028041873127222,-0.0020477380603551865,-7.810949318809435e-05
6.88531231880188,5.0,0.012070312164723873,0.0,7.812499825377017e-05,-3.0,-0.015029296278953552,0.5,7.280774298124015e-05,-6.249999860301614e-05,-6.203204247867689e-05,-0.25,-0.0001985311391763389,1.3458136007555482e-05,5.777788828709163e-05,-0.06699126307084224,-0.07064425945281982,3.141592653589793,3.141467571258545,-0.0007028041873127222,-0.0020477380603551865,-7.810949318809435e-05
6.889822006225586,5.0,0.012070312164723873,0.0,7.812499825377017e-05,-3.0,-0.015029296278953552,0.5,7.877848838688806e-05,-6.249999860301614e-05,-0.00021613638091366738,-0.25,-0.00010496497270651162,-0.0003467666889708643,5.777788828709163e-05,-0.06697730676043777,-0.07064425945281982,3.141592653589793,3.141467571258545,-0.005534748546779156,-0.003190903924405575,0.00023025335394777358
6.894744873046875,5.0,0.012070312164723873,0.0,7.812499825377017e-05,-3.0,-0.015029296278953552,0.5,7.877848838688806e-05,-6.249999860301614e-05,-0.00021613638091366738,-0.25,-0.00010496497270651162,-5.063368274846378e-06,5.777788828709163e-05,-0.06699054658139357,-0.07064425945281982,3.141592653589793,3.141467571258545,-0.005534748546779156,-0.003190903924405575,0.00023025335394777358
6.899219751358032,5.0,0.012070312164723873,0.0,7.812499825377017e-05,-3.0,-0.015029296278953552,0.5,6.939716695342213e-05,-6.249999860301614e-05,-3.843043032247806e-06,-0.25,-0.00020562528516165912,0.0004948285030186566,5.777788828709163e-05,-0.06701263675683046,-0.07064425945281982,3.141592653589793,3.141467571258545,-3.6868106690235436e-05,-0.00200551631860435,0.0002311313000973314
6.90401291847229,5.0,0.012070312164723873,0.0,7.812499825377017e-05,-3.0,-0.015029296278953552,0.5,6.939716695342213e-05,-6.249999860301614e-05,-3.843043032247806e-06,-0.25,-0.00020562528516165912,2.0422704977498902e-05,5.777788828709163e-05,-0.06699167233996559,-0.07064425945281982,3.141592653589793,3.141467571258545,-3.6868106690235436e-05,-0.00200551631860435,0.0002311313000973314
6.908775568008423,5.0,0.012070312164723873,0.0,7.812499825377017e-05,-3.0,-0.015029296278953552,0.5,6.939716695342213e-05,-6.249999860301614e-05,-3.843043032247806e-06,-0.25,-0.00020562528516165912,2.0428292227943702e-05,5.777788828709163e-05,-0.06699167233996559,-0.07064425945281982,3.141592653589793,3.141467571258545,0.0002895657380577177,-0.0019783703610301018,7.213751086965203e-05
6.913327932357788,5.0,0.012070312164723873,0.0,7.812499825377017e-05,-3.0,-0.015029296278953552,0.5,8.30446879263036e-05,-6.249999860301614e-05,-6.9601577706635e-05,-0.25,-0.00019399284792598337,-0.00013191256936769452,5.777788828709163e-05,-0.06696005566405058,-0.07064425945281982,3.141592653589793,3.141467571258545,0.0002895657380577177,-0.0019783703610301018,7.213751086965203e-05
6.917980432510376,5.0,0.012070312164723873,0.0,7.812499825377017e-05,-3.0,-0.015029296278953552,0.5,8.30446879263036e-05,-6.249999860301614e-05,-6.9601577706635e-05,-0.25,-0.00019399284792598337,1.2535960685549267e-05,5.777788828709163e-05,-0.06699003463744885,-0.07064425945281982,3.141592653589793,3.141467571258545,-0.0014632167294621468,-0.0024373766500502825,5.316510214470327e-05
6.922750949859619,5.0,0.012070312164723873,0.0,7.812499825377017e-05,-3.0,-0.015029296278953552,0.5,5.904264617129229e-05,-6.249999860301614e-05,-0.0002454317582305521,-0.25,-0.0001773768599377945,-0.0003771578697662323,5.777788828709163e-05,-0.06704322817135004,-0.07064425945281982,3.141592653589793,3.141467571258545,-0.0014632167294621468,-0.0024373766500502825,5.316510214470327e-05
6.927384376525879,5.0,0.012070312164723873,0.0,7.812499825377017e-05,-3.0,-0.015029296278953552,0.5,5.904264617129229e-05,-6.249999860301614e-05,-0.0002454317582305521,-0.25,-0.0001773768599377945,-8.598066577844677e-06,5.777788828709163e-05,-0.06699291488245944,-0.07064425945281982,3.141592653589793,3.141467571258545,-0.0013363027246668935,-0.0023332489654421806,4.240946873323992e-05
6.932213306427002,5.0,0.012070312164723873,0.0,7.812499825377017e-05,-3.0,-0.015029296278953552,0.5,7.425166404573247e-05,-6.249999860301614e-05,-3.326492878841236e-05,-0.25,-0.00020026802667416632,0.00045623091714847773,5.777788828709163e-05,-0.06695959417253391,-0.07064425945281982,3.141592653589793,3.141467571258545,-0.0013363027246668935,-0.0023332489654421806,4.240946873323992e-05
6.936906814575195,5.0,0.012070312164723873,0.0,7.812499825377017e-05,-3.0,-0.015029296278953552,0.5,7.425166404573247e-05,-6.249999860301614e-05,-3.326492878841236e-05,-0.25,-0.00020026802667416632,1.6867520738035628e-05,5.777788828709163e-05,-0.06699108980031451,-0.07064425945281982,3.141592653589793,3.141467571258545,-0.0008933312492445111,-0.002277792664244771,0.00013045540254097432
6.9412713050842285,5.0,0.012070312164723873,0.0,7.812499825377017e-05,-3.0,-0.015029296278953552,0.5,7.425166404573247e-05,-6.249999860301614e-05,-3.326492878841236e-05,-0.25,-0.00020026802667416632,1.6870072661730365e-05,5.777788828709163e-05,-0.06699108980031451,-0.07064425945281982,3.141592653589793,3.141467571258545,-0.0008933312492445111,-0.002277792664244771,0.00013045540254097432
6.946378946304321,5.0,0.012070312164723873,0.0,7.812499825377017e-05,-3.0,-0.015029296278953552,0.5,8.534587686881423e-05,-6.249999860301614e-05,-6.930535164428875e-05,-0.25,-0.00016772269736975431,-5.801724787658459e-05,5.777788828709163e-05,-0.06696803768012759,-0.07064425945281982,3.141592653589793,3.141467571258545,-0.0019184330012649298,-0.002571232384070754,0.00014185719192028046
6.951135873794556,5.0,0.012070312164723873,0.0,7.812499825377017e-05,-3.0,-0.015029296278953552,0.5,8.534587686881423e-05,-6.249999860301614e-05,-6.930535164428875e-05,-0.25,-0.00016772269736975431,1.2543879281571725e-05,5.777788828709163e-05,-0.06698975849477573,-0.07064425945281982,3.141592653589793,3.141467571258545,0.0019284209702163935,-0.001851877779699862,0.000838505569845438
6.95548939704895,5.0,0.012070312164723873,0.0,7.812499825377017e-05,-3.0,-0.015029296278953552,0.5,8.115902164718136e-05,-6.249999860301614e-05,-0.0001583817065693438,-0.25,-0.0001672506332397461,-0.00020276114095702338,5.777788828709163e-05,-0.06699987808257404,-0.07064425945281982,3.141592653589793,3.141467571258545,0.0019284209702163935,-0.001851877779699862,0.000838505569845438
6.960119009017944,5.0,0.012070312164723873,0.0,7.812499825377017e-05,-3.0,-0.015029296278953552,0.5,8.115902164718136e-05,-6.249999860301614e-05,-0.0001583817065693438,-0.25,-0.0001672506332397461,1.837490323602898e-06,5.777788828709163e-05,-0.06699026091740234,-0.07064425945281982,3.141592653589793,3.141467571258545,-0.0006628175033256412,-0.0021179597824811935,0.0001780168677214533
6.964561939239502,5.0,0.012070312164723873,0.0,7.812499825377017e-05,-3.0,-0.015029296278953552,0.5,7.948748680064455e-05,-6.249999860301614e-05,-7.61048577260226e-05,-0.25,-0.00018241166253574193,0.0001968955060723237,5.777788828709163e-05,-0.06699422373678272,-0.07064425945281982,3.141592653589793,3.141467571258545,-0.0006628175033256412,-0.0021179597824811935,0.0001780168677214533
6.969226121902466,5.0,0.012070312164723873,0.0,7.812499825377017e-05,-3.0,-0.015029296278953552,0.5,7.948748680064455e-05,-6.249999860301614e-05,-7.61048577260226e-05,-0.25,-0.00018241166253574193,1.1708234165045217e-05,5.777788828709163e-05,-0.06699046150158391,-0.07064425945281982,3.141592653589793,3.141467571258545,0.0002631397801451385,-0.001818390446715057,2.542689435358625e-05
6.974072694778442,5.0,0.012070312164723873,0.0,7.812499825377017e-05,-3.0,-0.015029296278953552,0.5,7.948748680064455e-05,-6.249999860301614e-05,-7.61048577260226e-05,-0.25,-0.00018241166253574193,1.1706915426221076e-05,5.777788828709163e-05,-0.06699046150158391,-0.07064425945281982,3.141592653589793,3.141467571258545,0.0002631397801451385,-0.001818390446715057,2.542689435358625e-05
6.978893995285034,5.0,0.012070312164723873,0.0,7.812499825377017e-05,-3.0,-0.015029296278953552,0.5,6.950825627427548e-05,-6.249999860301614e-05,-1.3305228094395716e-05,-0.25,-0.00018710373842623085,0.00014950215808639812,5.777788828709163e-05,-0.0670123572223386,-0.07064425945281982,3.141592653589793,3.141467571258545,-0.0005911997286602855,-0.002099015051499009,0.00015561733744107187
6.983407020568848,5.0,0.012070312164723873,0.0,7.812499825377017e-05,-3.0,-0.015029296278953552,0.5,6.950825627427548e-05,-6.249999860301614e-05,-1.3305228094395716e-05,-0.25,-0.00018710373842623085,1.9252054982318538e-05,5.777788828709163e-05,-0.06699165900924708,-0.07064425945281982,3.141592653589793,3.141467571258545,-0.0005911997286602855,-0.002099015051499009,0.00015561733744107187
6.988204002380371,5.0,0.012070312164723873,0.0,7.812499825377017e-05,-3.0,-0.015029296278953552,0.5,5.218628575676121e-05,-6.249999860301614e-05,-0.00021486413606908172,-0.25,-0.0001574820198584348,-0.00042512822713906855,5.777788828709163e-05,-0.06702984778995844,-0.07064425945281982,3.141592653589793,3.141467571258545,0.0019961483776569366,-0.0017438801005482674,0.0008809322025626898
6.9928977489471436,5.0,0.012070312164723873,0.0,7.812499825377017e-05,-3.0,-0.015029296278953552,0.5,5.218628575676121e-05,-6.249999860301614e-05,-0.00021486413606908172,-0.25,-0.0001574820198584348,-4.963934907509461e-06,5.777788828709163e-05,-0.06699373764570918,-0.07064425945281982,3.141592653589793,3.141467571258545,-0.0004721612494904548,-0.001792950090020895,6.347883027046919e-05
6.997465372085571,5.0,0.012070312164723873,0.0,7.812499825377017e-05,-3.0,-0.015029296278953552,0.5,5.447506919153966e-05,-6.249999860301614e-05,6.468247192970011e-06,-0.25,-0.00018421887943986803,0.0005061702129006611,5.777788828709163e-05,-0.06698845210667997,-0.07064425945281982,3.141592653589793,3.141467571258545,-0.0004721612494904548,-0.001792950090020895,6.347883027046919e-05
7.0022053718566895,5.0,0.012070312164723873,0.0,7.812499825377017e-05,-3.0,-0.015029296278953552,0.5,5.447506919153966e-05,-6.249999860301614e-05,6.468247192970011e-06,-0.25,-0.00018421887943986803,2.1608789692428786e-05,5.777788828709163e-05,-0.066993462991697,-0.07064425945281982,3.141592653589793,3.141467571258545,-0.0012110420502722263,-0.0019861157052218914,-3.379238842171617e-05
7.006956100463867,5.0,0.012070312164723873,0.0,7.812499825377017e-05,-3.0,-0.015029296278953552,0.5,5.427099677035585e-05,-6.249999860301614e-05,-2.369253161305096e-05,-0.25,-0.00018756985082291067,-4.5493454645202575e-05,5.777788828709163e-05,-0.06699391704064675,-0.07064425945281982,3.141592653589793,3.141467571258545,-0.0012110420502722263,-0.0019861157052218914,-3.379238842171617e-05
7.011594772338867,5.0,0.012070312164723873,0.0,7.812499825377017e-05,-3.0,-0.015029296278953552,0.5,5.427099677035585e-05,-6.249999860301614e-05,-2.369253161305096e-05,-0.25,-0.00018756985082291067,1.799678381269162e-05,5.777788828709163e-05,-0.06699348748038755,-0.07064425945281982,3.141592653589793,3.141467571258545,-0.0012110420502722263,-0.0019861157052218914,-3.379238842171617e-05
7.015895366668701,5.0,0.012070312164723873,0.0,7.812499825377017e-05,-3.0,-0.015029296278953552,0.5,5.427099677035585e-05,-6.249999860301614e-05,-2.369253161305096e-05,-0.25,-0.00018756985082291067,1.8000121716141466e-05,5.777788828709163e-05,-0.06699348748038755,-0.07064425945281982,3.141592653589793,3.141467571258545,-0.00014067826850805432,-0.0016856309957802296,1.288647672481602e-05
7.020665407180786,5.0,0.012070312164723873,0.0,7.812499825377017e-05,-3.0,-0.015029296278953552,0.5,4.427567182574421e-05,-6.249999860301614e-05,-0.00020486058201640844,-0.25,-0.00013637542724609375,-0.00038355763348402465,5.777788828709163e-05,-0.06701564130104556,-0.07064425945281982,3.141592653589793,3.141467571258545,-0.003630303777754307,-0.0024141776375472546,-3.676321648526937e-05
7.025493144989014,5.0,0.012070312164723873,0.0,7.812499825377017e-05,-3.0,-0.015029296278953552,0.5,4.427567182574421e-05,-6.249999860301614e-05,-0.00020486058201640844,-0.25,-0.00013637542724609375,-3.767371238684472e-06,5.777788828709163e-05,-0.0669946869193809,-0.07064425945281982,3.141592653589793,3.141467571258545,-0.003630303777754307,-0.0024141776375472546,-3.676321648526937e-05
7.030423879623413,5.0,0.012070312164723873,0.0,7.812499825377017e-05,-3.0,-0.015029296278953552,0.5,4.712767622550018e-05,-6.249999860301614e-05,-1.839801188907586e-05,-0.25,-0.00017020820814650506,0.00039677635830567934,5.777788828709163e-05,-0.06698856054198242,-0.07064425945281982,3.141592653589793,3.141467571258545,-0.00021630591072607785,-0.0015519708395004272,5.671299368259497e-05
7.035101652145386,5.0,0.012070312164723873,0.0,7.812499825377017e-05,-3.0,-0.015029296278953552,0.5,4.712767622550018e-05,-6.249999860301614e-05,-1.839801188907586e-05,-0.25,-0.00017020820814650506,1.8616612261694458e-05,5.777788828709163e-05,-0.06699434467885293,-0.07064425945281982,3.141592653589793,3.141467571258545,-0.00021630591072607785,-0.0015519708395004272,5.671299368259497e-05
7.039875268936157,5.0,0.012070312164723873,0.0,7.812499825377017e-05,-3.0,-0.015029296278953552,0.5,6.06744724791497e-05,-6.249999860301614e-05,-5.611263986793347e-05,-0.25,-0.0001620256807655096,-6.491493373432743e-05,5.777788828709163e-05,-0.06696434058876756,-0.07064425945281982,3.141592653589793,3.141467571258545,-0.0009305956773459911,-0.0018090193625539541,-2.913744538091123e-06
7.044570446014404,5.0,0.012070312164723873,0.0,7.812499825377017e-05,-3.0,-0.015029296278953552,0.5,6.06744724791497e-05,-6.249999860301614e-05,-5.611263986793347e-05,-0.25,-0.0001620256807655096,1.4092066515896146e-05,5.777788828709163e-05,-0.06699271906330251,-0.07064425945281982,3.141592653589793,3.141467571258545,-0.0009305956773459911,-0.0018090193625539541,-2.913744538091123e-06
7.048918724060059,5.0,0.012070312164723873,0.0,7.812499825377017e-05,-3.0,-0.015029296278953552,0.5,6.06744724791497e-05,-6.249999860301614e-05,-5.611263986793347e-05,-0.25,-0.0001620256807655096,1.4092621996131295e-05,5.777788828709163e-05,-0.06699271906330251,-0.07064425945281982,3.141592653589793,3.141467571258545,-0.00037876071291975677,-0.0016518972115591168,-3.56671771442052e-05
7.0533225536346436,5.0,0.012070312164723873,0.0,7.812499825377017e-05,-3.0,-0.015029296278953552,0.5,4.479676499613561e-05,-6.249999860301614e-05,0.00016551763110328466,-0.25,-0.00017704963102005422,0.0005439754763164912,5.777788828709163e-05,-0.06703067870686585,-0.07064425945281982,3.141592653589793,3.141467571258545,-0.00037876071291975677,-0.0016518972115591168,-3.56671771442052e-05
7.0579514503479,5.0,0.012070312164723873,0.0,7.812499825377017e-05,-3.0,-0.015029296278953552,0.5,4.479676499613561e-05,-6.249999860301614e-05,0.00016551763110328466,-0.25,-0.00017704963102005422,4.072944692943625e-05,5.777788828709163e-05,-0.06699462438820046,-0.07064425945281982,3.141592653589793,3.141467571258545,-0.00030789690208621323,-0.0015562413027510047,-4.929151327814907e-05
7.062816619873047,5.0,0.012070312164723873,0.0,7.812499825377017e-05,-3.0,-0.015029296278953552,0.5,5.4396092309616506e-05,-6.249999860301614e-05,-5.6898596085375175e-05,-0.25,-0.00016390203381888568,-0.0004431202372551632,5.777788828709163e-05,-0.06697374175396242,-0.07064425945281982,3.141592653589793,3.141467571258545,-0.00030789690208621323,-0.0015562413027510047,-4.929151327814907e-05
7.067517280578613,5.0,0.012070312164723873,0.0,7.812499825377017e-05,-3.0,-0.015029296278953552,0.5,5.4396092309616506e-05,-6.249999860301614e-05,-5.6898596085375175e-05,-0.25,-0.00016390203381888568,1.404057130810783e-05,5.777788828709163e-05,-0.06699347246892284,-0.07064425945281982,3.141592653589793,3.141467571258545,-0.0010596421780064702,-0.001839212141931057,0.00021399836987257004
7.07241415977478,5.0,0.012070312164723873,0.0,7.812499825377017e-05,-3.0,-0.015029296278953552,0.5,5.749568299506791e-05,-6.249999860301614e-05,-6.588418909814209e-05,-0.25,-0.00014789342822041363,-5.3876630742662155e-06,5.777788828709163e-05,-0.06698677079136921,-0.07064425945281982,3.141592653589793,3.141467571258545,-0.0010596421780064702,-0.001839212141931057,0.00021399836987257004
7.07710075378418,5.0,0.012070312164723873,0.0,7.812499825377017e-05,-3.0,-0.015029296278953552,0.5,5.749568299506791e-05,-6.249999860301614e-05,-6.588418909814209e-05,-0.25,-0.00014789342822041363,1.296165150059715e-05,5.777788828709163e-05,-0.06699310051804058,-0.07064425945281982,3.141592653589793,3.141467571258545,-0.00038175727240741253,-0.0015335970092564821,-4.188423554296605e-05
7.081784963607788,5.0,0.012070312164723873,0.0,7.812499825377017e-05,-3.0,-0.015029296278953552,0.5,6.737120565958321e-05,-6.249999860301614e-05,-7.328686479013413e-05,-0.25,-0.00011024236300727352,-3.7311474725414167e-06,5.777788828709163e-05,-0.06697083287568331,-0.07064425945281982,3.141592653589793,3.141467571258545,-0.00038175727240741253,-0.0015335970092564821,-4.188423554296605e-05
7.0863893032073975,5.0,0.012070312164723873,0.0,7.812499825377017e-05,-3.0,-0.015029296278953552,0.5,6.737120565958321e-05,-6.249999860301614e-05,-7.328686479013413e-05,-0.25,-0.00011024236300727352,1.2071326530764093e-05,5.777788828709163e-05,-0.06699191545532085,-0.07064425945281982,3.141592653589793,3.141467571258545,0.001987668452784419,-0.001483580213971436,0.000994462869130075
7.091183423995972,5.0,0.012070312164723873,0.0,7.812499825377017e-05,-3.0,-0.015029296278953552,0.5,6.737120565958321e-05,-6.249999860301614e-05,-7.328686479013413e-05,-0.25,-0.00011024236300727352,1.2070292259975467e-05,3.735139762284234e-05,-0.06699191545532085,-0.07062816619873047,3.141592653589793,3.1415069103240967,-0.008052024990320206,-0.008170527406036854,-0.0019450290128588676
7.095914840698242,5.0,0.012070312164723873,0.0,7.812499825377017e-05,-3.0,-0.015034179203212261,0.5,0.00019809394143521786,-6.249999860301614e-05,-3.916330388165079e-05,-0.25,0.0001518416393082589,8.828856144802501e-05,3.735139762284234e-05,-0.06669994205856988,-0.07062816619873047,3.141592653589793,3.1415069103240967,-0.008052024990320206,-0.008170527406036854,-0.0019450290128588676
7.100698232650757,5.0,0.012070312164723873,0.0,7.812499825377017e-05,-3.0,-0.015034179203212261,0.5,0.00019809394143521786,-6.249999860301614e-05,-3.916330388165079e-05,-0.25,0.0001518416393082589,1.6169560452691645e-05,3.735139762284234e-05,-0.06697622872702777,-0.07062816619873047,3.141592653589793,3.1415069103240967,0.0005145473405718803,-0.0013795391423627734,0.0003170018317177892
7.105538368225098,5.0,0.012070312164723873,0.0,7.812499825377017e-05,-3.0,-0.015034179203212261,0.5,6.49756912025623e-05,-6.249999860301614e-05,3.935435597668402e-05,-0.25,-0.00016572594176977873,0.000187823565330565,3.735139762284234e-05,-0.06726723292021998,-0.07062816619873047,3.141592653589793,3.1415069103240967,0.0005145473405718803,-0.0013795391423627734,0.0003170018317177892
7.110300064086914,5.0,0.012070312164723873,0.0,7.812499825377017e-05,-3.0,-0.015034179203212261,0.5,6.49756912025623e-05,-6.249999860301614e-05,3.935435597668402e-05,-0.25,-0.00016572594176977873,2.561123940256608e-05,3.735139762284234e-05,-0.06699220291705568,-0.07062816619873047,3.141592653589793,3.1415069103240967,-0.0011105446610599756,-0.002317819045856595,0.0002120448771165684
7.115067720413208,5.0,0.012070312164723873,0.0,7.812499825377017e-05,-3.0,-0.015034179203212261,0.5,7.596283830935135e-05,-6.249999860301614e-05,0.00014314221334643662,-0.25,-0.00023566721938550472,0.00025577695730844187,3.735139762284234e-05,-0.06696783928509743,-0.07062816619873047,3.141592653589793,3.1415069103240967,-0.0011105446610599756,-0.002317819045856595,0.0002120448771165684
7.119693279266357,5.0,0.012070312164723873,0.0,7.812499825377017e-05,-3.0,-0.015034179203212261,0.5,7.596283830935135e-05,-6.249999860301614e-05,0.00014314221334643662,-0.25,-0.00023566721938550472,3.810441511787275e-05,3.735139762284234e-05,-0.06699088445940288,-0.07062816619873047,3.141592653589793,3.1415069103240967,0.001408677431754768,-0.0023308147210627794,0.0008508665487170219
7.124569892883301,5.0,0.012070312164723873,0.0,7.812499825377017e-05,-3.0,-0.015034179203212261,0.5,7.596283830935135e-05,-6.249999860301614e-05,0.00014314221334643662,-0.25,-0.00023566721938550472,3.812447187009297e-05,3.735139762284234e-05,-0.06699088445940288,-0.07062816619873047,3.141592653589793,3.1415069103240967,-0.0015305114211514592,-0.002625852357596159,0.00011695480498019606
7.129333972930908,5.0,0.012070312164723873,0.0,7.812499825377017e-05,-3.0,-0.015034179203212261,0.5,7.991969323484227e-05,-6.249999860301614e-05,-3.0772716854698956e-05,-0.25,-0.0002136444963980466,-0.0003477968895625676,3.735139762284234e-05,-0.06698210403555,-0.07062816619873047,3.141592653589793,3.1415069103240967,-0.0015305114211514592,-0.002625852357596159,0.00011695480498019606
7.134019613265991,5.0,0.012070312164723873,0.0,7.812499825377017e-05,-3.0,-0.015034179203212261,0.5,7.991969323484227e-05,-6.249999860301614e-05,-3.0772716854698956e-05,-0.25,-0.0002136444963980466,1.7260676524777192e-05,3.735139762284234e-05,-0.06699040963681183,-0.07062816619873047,3.141592653589793,3.1415069103240967,-2.39307337324135e-06,-0.001981985755264759,8.12302459962666e-05
7.138746738433838,5.0,0.012070312164723873,0.0,7.812499825377017e-05,-3.0,-0.015034179203212261,0.5,7.419936446240172e-05,-6.249999860301614e-05,-6.353116623358801e-05,-0.25,-0.00019871233962476254,-5.596931785938098e-05,3.735139762284234e-05,-0.06700319714947355,-0.07062816619873047,3.141592653589793,3.1415069103240967,-2.39307337324135e-06,-0.001981985755264759,8.12302459962666e-05
7.143671989440918,5.0,0.012070312164723873,0.0,7.812499825377017e-05,-3.0,-0.015034179203212261,0.5,7.419936446240172e-05,-6.249999860301614e-05,-6.353116623358801e-05,-0.25,-0.00019871233962476254,1.3329463534953111e-05,3.735139762284234e-05,-0.06699109607626451,-0.07062816619873047,3.141592653589793,3.1415069103240967,-0.0014195784460753202,-0.002248418517410755,1.8455808458384126e-05
7.148296117782593,5.0,0.012070312164723873,0.0,7.812499825377017e-05,-3.0,-0.015034179203212261,0.5,7.878571341279894e-05,-6.249999860301614e-05,-7.139462104532868e-05,-0.25,-0.00017540931003168225,-4.620243024194598e-06,3.735139762284234e-05,-0.06698062741495862,-0.07062816619873047,3.141592653589793,3.1415069103240967,-0.0014195784460753202,-0.002248418517410755,1.8455808458384126e-05
7.153015613555908,5.0,0.012070312164723873,0.0,7.812499825377017e-05,-3.0,-0.015034179203212261,0.5,7.878571341279894e-05,-6.249999860301614e-05,-7.139462104532868e-05,-0.25,-0.00017540931003168225,1.2384186797369316e-05,3.735139762284234e-05,-0.06699054571439046,-0.07062816619873047,3.141592653589793,3.1415069103240967,-0.004493041895329952,-0.0024090015795081854,-6.980678881518543e-05
7.157663345336914,5.0,0.012070312164723873,0.0,7.812499825377017e-05,-3.0,-0.015034179203212261,0.5,5.255907672108151e-05,-6.249999860301614e-05,-6.635704630753025e-05,-0.25,-0.00017202495655510575,2.3827118333751883e-05,3.735139762284234e-05,-0.06705012180541879,-0.07062816619873047,3.141592653589793,3.1415069103240967,-0.004493041895329952,-0.0024090015795081854,-6.980678881518543e-05
7.162352800369263,5.0,0.012070312164723873,0.0,7.812499825377017e-05,-3.0,-0.015034179203212261,0.5,5.255907672108151e-05,-6.249999860301614e-05,-6.635704630753025e-05,-0.25,-0.00017202495655510575,1.2987975486405829e-05,3.735139762284234e-05,-0.06699369291079346,-0.07062816619873047,3.141592653589793,3.1415069103240967,-0.0015592823037877679,-0.002010043477639556,0.00014913416816852987
7.16705584526062,5.0,0.012070312164723873,0.0,7.812499825377017e-05,-3.0,-0.015034179203212261,0.5,5.255907672108151e-05,-6.249999860301614e-05,-6.635704630753025e-05,-0.25,-0.00017202495655510575,1.2987612689035778e-05,3.735139762284234e-05,-0.06699369291079346,-0.07062816619873047,3.141592653589793,3.1415069103240967,-0.0015592823037877679,-0.002010043477639556,0.00014913416816852987
7.171386241912842,5.0,0.012070312164723873,0.0,7.812499825377017e-05,-3.0,-0.015034179203212261,0.5,3.2956526410998777e-05,-6.249999860301614e-05,-1.065533342625713e-05,-0.25,-0.00017041146929841489,0.00014830589444526836,3.735139762284234e-05,-0.067041312548866,-0.07062816619873047,3.141592653589793,3.1415069103240967,6.013365782564506e-05,-0.0013194713974371552,5.872463225387037e-05
7.176041603088379,5.0,0.012070312164723873,0.0,7.812499825377017e-05,-3.0,-0.015034179203212261,0.5,3.2956526410998777e-05,-6.249999860301614e-05,-1.065533342625713e-05,-0.25,-0.00017041146929841489,1.968113550690734e-05,3.735139762284234e-05,-0.06699604521683067,-0.07062816619873047,3.141592653589793,3.1415069103240967,6.013365782564506e-05,-0.0013194713974371552,5.872463225387037e-05
7.180713891983032,5.0,0.012070312164723873,0.0,7.812499825377017e-05,-3.0,-0.015034179203212261,0.5,3.216594268451445e-05,-6.249999860301614e-05,-4.426634404808283e-06,-0.25,-0.00016099095228128135,3.37651574092816e-05,3.735139762284234e-05,-0.06699783215632028,-0.07062816619873047,3.141592653589793,3.1415069103240967,0.0002708805841393769,-0.0011877940269187093,2.7735972253140062e-05
7.185185432434082,5.0,0.012070312164723873,0.0,7.812499825377017e-05,-3.0,-0.015034179203212261,0.5,3.216594268451445e-05,-6.249999860301614e-05,-4.426634404808283e-06,-0.25,-0.00016099095228128135,2.043919964811639e-05,3.735139762284234e-05,-0.06699614008687785,-0.07062816619873047,3.141592653589793,3.1415069103240967,0.0002708805841393769,-0.0011877940269187093,2.7735972253140062e-05
7.189785718917847,5.0,0.012070312164723873,0.0,7.812499825377017e-05,-3.0,-0.015034179203212261,0.5,2.9321909096324816e-05,-6.249999860301614e-05,-5.853901893715374e-05,-0.25,-0.00012172460264991969,2.0444542730364146e-05,3.735139762284234e-05,-0.06699614008687785,-0.07062816619873047,3.141592653589793,3.1415069103240967,-0.004358311649411917,-0.0019165307749062777,-9.562719787936658e-05
7.194343328475952,5.0,0.012070312164723873,0.0,7.812499825377017e-05,-3.0,-0.015034179203212261,0.5,2.9321909096324816e-05,-6.249999860301614e-05,-5.853901893715374e-05,-0.25,-0.00012172460264991969,-0.00010477833277666754,3.735139762284234e-05,-0.06700272155790105,-0.07062816619873047,3.141592653589793,3.1415069103240967,-0.004358311649411917,-0.0019165307749062777,-9.562719787936658e-05
7.198904275894165,5.0,0.012070312164723873,0.0,7.812499825377017e-05,-3.0,-0.015034179203212261,0.5,2.9321909096324816e-05,-6.249999860301614e-05,-5.853901893715374e-05,-0.25,-0.00012172460264991969,1.3951778954857994e-05,3.735139762284234e-05,-0.06699648137090844,-0.07062816619873047,3.141592653589793,3.1415069103240967,-0.0016481522470712662,-0.001466561108827591,0.00014333562285173684
7.203437805175781,5.0,0.012070312164723873,0.0,7.812499825377017e-05,-3.0,-0.015034179203212261,0.5,1.3183429473428987e-05,-6.249999860301614e-05,4.9498785301693715e-06,-0.25,-0.00013033389404881746,0.0001616195476996341,3.735139762284234e-05,-0.06703401603718062,-0.07062816619873047,3.141592653589793,3.1415069103240967,-0.00035237809061072767,-0.0009920753072947264,-3.4325814340263605e-05
7.2080183029174805,5.0,0.012070312164723873,0.0,7.812499825377017e-05,-3.0,-0.015034179203212261,0.5,1.3183429473428987e-05,-6.249999860301614e-05,4.9498785301693715e-06,-0.25,-0.00013033389404881746,2.1582741450994993e-05,3.735139762284234e-05,-0.06699841798846318,-0.07062816619873047,3.141592653589793,3.1415069103240967,-0.00035237809061072767,-0.0009920753072947264,-3.4325814340263605e-05
7.212805271148682,5.0,0.012070312164723873,0.0,7.812499825377017e-05,-3.0,-0.015034179203212261,0.5,1.3183429473428987e-05,-6.249999860301614e-05,4.9498785301693715e-06,-0.25,-0.00013033389404881746,2.1589199059375692e-05,3.735139762284234e-05,-0.06699841798846318,-0.07062816619873047,3.141592653589793,3.1415069103240967,-0.00035237809061072767,-0.0009920753072947264,-3.4325814340263605e-05
7.217383146286011,5.0,0.012070312164723873,0.0,7.812499825377017e-05,-3.0,-0.015034179203212261,0.5,4.1204319131793454e-05,-6.249999860301614e-05,-4.861971319769509e-05,-0.25,-6.976723670959473e-05,-0.00010185634517460608,3.735139762284234e-05,-0.06693384610220433,-0.07062816619873047,3.141592653589793,3.1415069103240967,-0.0016689032781869173,-0.0015168944373726845,0.00017199781723320484
7.222005367279053,5.0,0.012070312164723873,0.0,7.812499825377017e-05,-3.0,-0.015034179203212261,0.5,4.1204319131793454e-05,-6.249999860301614e-05,-4.861971319769509e-05,-0.25,-6.976723670959473e-05,1.5163402051232873e-05,3.735139762284234e-05,-0.06699505548170417,-0.07062816619873047,3.141592653589793,3.1415069103240967,-0.0015446384204551578,-0.0011417660862207413,-0.0002298238396178931
7.226873874664307,5.0,0.012070312164723873,0.0,7.812499825377017e-05,-3.0,-0.015034179203212261,0.5,5.156002953299321e-05,-6.249999860301614e-05,-0.00011099871335318312,-0.25,-4.178285598754883e-05,-0.0001204543663415375,3.735139762284234e-05,-0.06697254198472313,-0.07062816619873047,3.141592653589793,3.1415069103240967,-0.0015446384204551578,-0.0011417660862207413,-0.0002298238396178931
7.231518745422363,5.0,0.012070312164723873,0.0,7.812499825377017e-05,-3.0,-0.015034179203212261,0.5,5.156002953299321e-05,-6.249999860301614e-05,-0.00011099871335318312,-0.25,-4.178285598754883e-05,7.668694300316653e-06,3.735139762284234e-05,-0.06699381279645604,-0.07062816619873047,3.141592653589793,3.1415069103240967,0.0003748442104551941,-0.0010602854890748858,0.00028206949355080724
7.236417055130005,5.0,0.012070312164723873,0.0,7.812499825377017e-05,-3.0,-0.015034179203212261,0.5,3.197051410097629e-05,-6.249999860301614e-05,-1.3638874406751711e-05,-0.25,-0.00013482809299603105,0.0002181187750889402,3.735139762284234e-05,-0.06703615593691317,-0.07062816619873047,3.141592653589793,3.1415069103240967,0.0003748442104551941,-0.0010602854890748858,0.00028206949355080724
7.2410807609558105,5.0,0.012070312164723873,0.0,7.812499825377017e-05,-3.0,-0.015034179203212261,0.5,3.197051410097629e-05,-6.249999860301614e-05,-1.3638874406751711e-05,-0.25,-0.00013482809299603105,1.9361219190459348e-05,3.735139762284234e-05,-0.06699616353830788,-0.07062816619873047,3.141592653589793,3.1415069103240967,-0.0012229705462232232,-0.0015093067195266485,5.657861038343981e-05
7.245609998703003,5.0,0.012070312164723873,0.0,7.812499825377017e-05,-3.0,-0.015034179203212261,0.5,3.197051410097629e-05,-6.249999860301614e-05,-1.3638874406751711e-05,-0.25,-0.00013482809299603105,1.9365645263420948e-05,3.735139762284234e-05,-0.06699616353830788,-0.07062816619873047,3.141592653589793,3.1415069103240967,-0.0012229705462232232,-0.0015093067195266485,5.657861038343981e-05
7.2503437995910645,5.0,0.012070312164723873,0.0,7.812499825377017e-05,-3.0,-0.015034179203212261,0.5,4.653312134905718e-05,-6.249999860301614e-05,1.6872128981049173e-05,-0.25,-8.885622082743794e-05,8.748797995610797e-05,3.735139762284234e-05,-0.06696365299253403,-0.07062816619873047,3.141592653589793,3.1415069103240967,-0.0007399869500659406,-0.0014314340660348535,0.00040457825525663793
7.255481481552124,5.0,0.012070312164723873,0.0,7.812499825377017e-05,-3.0,-0.015034179203212261,0.5,2.3104399588191882e-05,-6.249999860301614e-05,-5.237279037828557e-05,-0.25,-9.251594019588083e-05,-0.00012005239381750756,3.735139762284234e-05,-0.06704282920827685,-0.07062816619873047,3.141592653589793,3.1415069103240967,-0.0007399869500659406,-0.0014314340660348535,0.00040457825525663793
7.260018825531006,5.0,0.012070312164723873,0.0,7.812499825377017e-05,-3.0,-0.015034179203212261,0.5,2.3104399588191882e-05,-6.249999860301614e-05,-5.237279037828557e-05,-0.25,-9.251594019588083e-05,1.4727049603843251e-05,3.735139762284234e-05,-0.06699722747204942,-0.07062816619873047,3.141592653589793,3.1415069103240967,-0.0005166394403204322,-0.000842157460283488,-9.096311987377703e-05
7.264555215835571,5.0,0.012070312164723873,0.0,7.812499825377017e-05,-3.0,-0.015034179203212261,0.5,2.3104399588191882e-05,-6.249999860301614e-05,-5.237279037828557e-05,-0.25,-9.251594019588083e-05,1.4727968423227311e-05,3.735139762284234e-05,-0.06699722747204942,-0.07062816619873047,3.141592653589793,3.1415069103240967,-0.0005166394403204322,-0.000842157460283488,-9.096311987377703e-05
7.269198894500732,5.0,0.012070312164723873,0.0,7.812499825377017e-05,-3.0,-0.015034179203212261,0.5,2.5972574803745374e-05,-6.249999860301614e-05,3.1604118703398854e-05,-0.25,-5.336284448276274e-05,0.0002056552812782038,3.735139762284234e-05,-0.06699070677575975,-0.07062816619873047,3.141592653589793,3.1415069103240967,-0.0009691297309473157,-0.0012073891703039408,0.00044090673327445984
7.273754119873047,5.0,0.012070312164723873,0.0,7.812499825377017e-05,-3.0,-0.015034179203212261,0.5,2.5972574803745374e-05,-6.249999860301614e-05,3.1604118703398854e-05,-0.25,-5.336284448276274e-05,2.48225106079221e-05,3.735139762284234e-05,-0.06699688329102355,-0.07062816619873047,3.141592653589793,3.1415069103240967,-0.0010542765958234668,-0.0009510081144981086,-5.2592306019505486e-05
7.278358221054077,5.0,0.012070312164723873,0.0,7.812499825377017e-05,-3.0,-0.015034179203212261,0.5,3.1585990655003116e-05,-6.249999860301614e-05,-6.167535320855677e-05,-0.25,-6.567835953319445e-05,-0.00018897177974741618,3.735139762284234e-05,-0.06698401747328203,-0.07062816619873047,3.141592653589793,3.1415069103240967,-0.0010542765958234668,-0.0009510081144981086,-5.2592306019505486e-05
7.283560514450073,5.0,0.012070312164723873,0.0,7.812499825377017e-05,-3.0,-0.015034179203212261,0.5,3.1585990655003116e-05,-6.249999860301614e-05,-6.167535320855677e-05,-0.25,-6.567835953319445e-05,1.362913571444991e-05,3.735139762284234e-05,-0.0669962096811214,-0.07062816619873047,3.141592653589793,3.1415069103240967,-0.003471885109320283,-0.0013934713788330555,-9.781130938790739e-05
7.288177251815796,5.0,0.012070312164723873,0.0,7.812499825377017e-05,-3.0,-0.015034179203212261,0.5,2.562917688919697e-05,-6.249999860301614e-05,-6.569539254996926e-05,-0.25,-7.921576616354287e-05,4.438902850167926e-06,3.735139762284234e-05,-0.06700982714688586,-0.07062816619873047,3.141592653589793,3.1415069103240967,-0.003471885109320283,-0.0013934713788330555,-9.781130938790739e-05
7.293025970458984,5.0,0.012070312164723873,0.0,7.812499825377017e-05,-3.0,-0.015034179203212261,0.5,2.562917688919697e-05,-6.249999860301614e-05,-6.569539254996926e-05,-0.25,-7.921576616354287e-05,1.3146126076263693e-05,3.735139762284234e-05,-0.06699692449877329,-0.07062816619873047,3.141592653589793,3.1415069103240967,-0.0014067161828279495,-0.0011459370143711567,0.0001873519504442811
7.297740697860718,5.0,0.012070312164723873,0.0,7.812499825377017e-05,-3.0,-0.015034179203212261,0.5,2.562917688919697e-05,-6.249999860301614e-05,-6.569539254996926e-05,-0.25,-7.921576616354287e-05,1.3145824768035672e-05,3.735139762284234e-05,-0.06699692449877329,-0.07062816619873047,3.141592653589793,3.1415069103240967,-0.0014067161828279495,-0.0011459370143711567,0.0001873519504442811
7.3024773597717285,5.0,0.012070312164723873,0.0,7.812499825377017e-05,-3.0,-0.015034179203212261,0.5,6.837546607130207e-06,-6.249999860301614e-05,6.881092849653214e-05,-0.25,-8.470952161587775e-05,0.000313267614130595,3.735139762284234e-05,-0.06703885222308213,-0.07062816619873047,3.141592653589793,3.1415069103240967,-0.00018990959506481886,-0.0007468383992090821,0.0002042947890004143
7.307101249694824,5.0,0.012070312164723873,0.0,7.812499825377017e-05,-3.0,-0.015034179203212261,0.5,6.837546607130207e-06,-6.249999860301614e-05,6.881092849653214e-05,-0.25,-8.470952161587775e-05,2.9311166148405836e-05,3.735139762284234e-05,-0.06699917949440715,-0.07062816619873047,3.141592653589793,3.1415069103240967,-0.00018990959506481886,-0.0007468383992090821,0.0002042947890004143
7.3119957447052,5.0,0.012070312164723873,0.0,7.812499825377017e-05,-3.0,-0.015034179203212261,0.5,1.3521238543034997e-05,-6.249999860301614e-05,6.303215923253447e-05,-0.25,-4.11307810281869e-05,1.682333109739276e-05,3.735139762284234e-05,-0.06698472192221046,-0.07062816619873047,3.141592653589793,3.1415069103240967,-0.00040840741712599993,-0.0008763172081671655,0.000478937232401222
7.316795587539673,5.0,0.012070312164723873,0.0,7.812499825377017e-05,-3.0,-0.015034179203212261,0.5,1.3521238543034997e-05,-6.249999860301614e-05,6.303215923253447e-05,-0.25,-4.11307810281869e-05,2.864205285969513e-05,3.735139762284234e-05,-0.06699837745137482,-0.07062816619873047,3.141592653589793,3.1415069103240967,-0.00040840741712599993,-0.0008763172081671655,0.000478937232401222
7.321565866470337,5.0,0.012070312164723873,0.0,7.812499825377017e-05,-3.0,-0.015034179203212261,0.5,8.851438906276599e-06,-6.249999860301614e-05,-0.00017977721290662885,-0.25,-3.783106876653619e-05,-0.0005095108192744531,3.735139762284234e-05,-0.0670087271912335,-0.07062816619873047,3.141592653589793,3.1415069103240967,-0.00040840741712599993,-0.0008763172081671655,0.000478937232401222
7.326320171356201,5.0,0.012070312164723873,0.0,7.812499825377017e-05,-3.0,-0.015034179203212261,0.5,8.851438906276599e-06,-6.249999860301614e-05,-0.00017977721290662885,-0.25,-3.783106876653619e-05,-5.174121301525389e-07,3.735139762284234e-05,-0.06699893782733124,-0.07062816619873047,3.141592653589793,3.1415069103240967,-0.001384276314638555,-0.000804655603133142,-0.0002232728584203869
7.330797910690308,5.0,0.012070312164723873,0.0,7.812499825377017e-05,-3.0,-0.015034179203212261,0.5,2.987652987940237e-05,-6.249999860301614e-05,2.911083174694795e-05,-0.25,-4.9306152504868805e-05,0.0004910607178568125,3.735139762284234e-05,-0.06694946011582933,-0.07062816619873047,3.141592653589793,3.1415069103240967,-0.0009653448942117393,-0.0012258084025233984,0.0004131435416638851
7.335561037063599,5.0,0.012070312164723873,0.0,7.812499825377017e-05,-3.0,-0.015034179203212261,0.5,2.987652987940237e-05,-6.249999860301614e-05,2.911083174694795e-05,-0.25,-4.9306152504868805e-05,2.4566084495888817e-05,3.735139762284234e-05,-0.06699641481641447,-0.07062816619873047,3.141592653589793,3.1415069103240967,-0.0009653448942117393,-0.0012258084025233984,0.0004131435416638851
7.340280532836914,5.0,0.012070312164723873,0.0,7.812499825377017e-05,-3.0,-0.015034179203212261,0.5,3.630257924669422e-05,-6.249999860301614e-05,5.9026478993473575e-06,-0.25,-5.417585271061398e-05,2.4574731634421347e-05,3.735139762284234e-05,-0.06699641481641447,-0.07062816619873047,3.141592653589793,3.1415069103240967,-0.0022034042049199343,-0.0015023058513179421,0.00014703373017255217
7.345168352127075,5.0,0.012070312164723873,0.0,7.812499825377017e-05,-3.0,-0.015034179203212261,0.5,3.630257924669422e-05,-6.249999860301614e-05,5.9026478993473575e-06,-0.25,-5.417585271061398e-05,-2.568523688905798e-05,3.735139762284234e-05,-0.06698249662226669,-0.07062816619873047,3.141592653589793,3.1415069103240967,-0.0022034042049199343,-0.0015023058513179421,0.00014703373017255217
7.349734783172607,5.0,0.012070312164723873,0.0,7.812499825377017e-05,-3.0,-0.015034179203212261,0.5,3.630257924669422e-05,-6.249999860301614e-05,5.9026478993473575e-06,-0.25,-5.417585271061398e-05,2.180268348758242e-05,3.735139762284234e-05,-0.0669956436904904,-0.07062816619873047,3.141592653589793,3.1415069103240967,0.000835789367556572,-0.0007097875350154936,0.0003628422855399549
7.3544628620147705,5.0,0.012070312164723873,0.0,7.812499825377017e-05,-3.0,-0.015034179203212261,0.5,2.0712390323751606e-05,-6.249999860301614e-05,-0.00022615189664065838,-0.25,-4.273891318007372e-05,-0.0004968602570036153,3.735139762284234e-05,-0.06703048813615557,-0.07062816619873047,3.141592653589793,3.1415069103240967,0.000835789367556572,-0.0007097875350154936,0.0003628422855399549
7.359147310256958,5.0,0.012070312164723873,0.0,7.812499825377017e-05,-3.0,-0.015034179203212261,0.5,2.0712390323751606e-05,-6.249999860301614e-05,-0.00022615189664065838,-0.25,-4.273891318007372e-05,-6.074669415671961e-06,3.735139762284234e-05,-0.06699751451316115,-0.07062816619873047,3.141592653589793,3.1415069103240967,-0.001450218609534204,-0.001061793533153832,-4.385286592878401e-05
7.363521099090576,5.0,0.012070312164723873,0.0,7.812499825377017e-05,-3.0,-0.015034179203212261,0.5,1.2927353054692503e-05,-6.249999860301614e-05,-1.1608665772655513e-05,-0.25,-9.089350351132452e-05,0.0005101952924254338,3.735139762284234e-05,-0.06701624801605686,-0.07062816619873047,3.141592653589793,3.1415069103240967,-0.001450218609534204,-0.001061793533153832,-4.385286592878401e-05
7.368292808532715,5.0,0.012070312164723873,0.0,7.812499825377017e-05,-3.0,-0.015034179203212261,0.5,1.2927353054692503e-05,-6.249999860301614e-05,-1.1608665772655513e-05,-0.25,-9.089350351132452e-05,1.9679826820421403e-05,3.735139762284234e-05,-0.06699844871763344,-0.07062816619873047,3.141592653589793,3.1415069103240967,-0.00013036061136517674,-0.0006693656905554235,-5.2139417675789446e-05
7.373084306716919,5.0,0.012070312164723873,0.0,7.812499825377017e-05,-3.0,-0.015034179203212261,0.5,1.2927353054692503e-05,-6.249999860301614e-05,-1.1608665772655513e-05,-0.25,-9.089350351132452e-05,1.9684703734998372e-05,3.735139762284234e-05,-0.06699844871763344,-0.07062816619873047,3.141592653589793,3.1415069103240967,-0.00013036061136517674,-0.0006693656905554235,-5.2139417675789446e-05
7.377881050109863,5.0,0.012070312164723873,0.0,7.812499825377017e-05,-3.0,-0.015034179203212261,0.5,1.529008159195655e-06,-6.249999860301614e-05,8.32232617540285e-05,-0.25,-8.02540744189173e-05,0.00022877916260300986,3.735139762284234e-05,-0.06702357919290557,-0.07062816619873047,3.141592653589793,3.1415069103240967,0.0002444371348246932,-0.0003903409233316779,3.4298471291549504e-05
7.382617712020874,5.0,0.012070312164723873,0.0,7.812499825377017e-05,-3.0,-0.015034179203212261,0.5,1.529008159195655e-06,-6.249999860301614e-05,8.32232617540285e-05,-0.25,-8.02540744189173e-05,3.109231981626441e-05,3.735139762284234e-05,-0.0669998165190209,-0.07062816619873047,3.141592653589793,3.1415069103240967,0.0002444371348246932,-0.0003903409233316779,3.4298471291549504e-05
7.3873066902160645,5.0,0.012070312164723873,0.0,7.812499825377017e-05,-3.0,-0.015034179203212261,0.5,-1.165717776530073e-06,-6.249999860301614e-05,0.00017068602028302848,-0.25,-4.494666791288182e-05,0.00022813811570391725,3.735139762284234e-05,-0.06700588682250941,-0.07062816619873047,3.141592653589793,3.1415069103240967,0.001663627102971077,-0.0007983358227647841,0.0010202610865235329
7.392127513885498,5.0,0.012070312164723873,0.0,7.812499825377017e-05,-3.0,-0.015034179203212261,0.5,-1.165717776530073e-06,-6.249999860301614e-05,0.00017068602028302848,-0.25,-4.494666791288182e-05,4.163220189648854e-05,3.735139762284234e-05,-0.06700013988613318,-0.07062816619873047,3.141592653589793,3.1415069103240967,0.001663627102971077,-0.0007983358227647841,0.0010202610865235329
7.3968963623046875,5.0,0.012070312164723873,0.0,8.789062121650204e-05,-3.0,-0.015034179203212261,0.5,-2.4490802388754673e-05,-0.00027509197630065955,0.0009793537901714444,-0.25,0.00015936374256853014,0.0023058257867336336,7.291084330063313e-05,-0.06705185025299566,-0.07066965103149414,3.141592653589793,3.1415598392486572,0.004502245225012302,-0.003669795347377658,0.004240449983626604
7.401354551315308,5.0,0.012070312164723873,0.0,8.789062121650204e-05,-3.0,-0.015034179203212261,0.5,-2.4490802388754673e-05,-7.031249697320163e-05,0.0009793537901714444,-0.25,0.00015936374256853014,-0.00031951025605443304,7.291084330063313e-05,-0.06700293889628664,-0.07066965103149414,3.141592653589793,3.1415598392486572,0.004502245225012302,-0.003669795347377658,0.004240449983626604
7.406115531921387,5.0,0.012070312164723873,0.0,8.789062121650204e-05,-3.0,-0.015034179203212261,0.5,-2.4490802388754673e-05,-7.031249697320163e-05,0.0009793537901714444,-0.25,0.00015936374256853014,0.00013992302035257105,3.536585791152902e-05,-0.06700293889628664,-0.07066559791564941,3.141592653589793,3.1415727138519287,-0.006220413837581873,0.0029309133533388376,-0.005275688134133816
7.410947799682617,5.0,0.012070312164723873,0.0,7.812499825377017e-05,-3.0,-0.015034179203212261,0.5,8.999354758998379e-05,0.00013959192687102237,-0.0011068001622334123,-0.25,-0.00025836110580712557,-0.004887237582597788,3.536585791152902e-05,-0.0667522843705724,-0.07066559791564941,3.141592653589793,3.1415727138519287,-0.006220413837581873,0.0029309133533388376,-0.005275688134133816
7.430765628814697,5.0,0.012070312164723873,0.0,7.812499825377017e-05,-3.0,-0.015034179203212261,0.5,-0.000196282344404608,-6.249999860301614e-05,-0.00032321675098501146,-0.25,0.0009292220929637551,0.00047982122686605287,5.105624586576596e-05,-0.06716800759020183,-0.07062482833862305,3.141592653589793,3.1415634155273438,0.0008848015568219125,0.0054658991284668446,-0.00031213543843477964
7.435511112213135,5.0,0.012070312164723873,0.0,7.812499825377017e-05,-3.0,-0.015034179203212261,0.5,-0.000196282344404608,-6.249999860301614e-05,-0.00032321675098501146,-0.25,0.0009292220929637551,-1.757148373824057e-05,5.105624586576596e-05,-0.06702355388132855,-0.07062482833862305,3.141592653589793,3.1415634155273438,0.0008848015568219125,0.0054658991284668446,-0.00031213543843477964
7.440553665161133,5.0,0.012070312164723873,0.0,7.812499825377017e-05,-3.0,-0.015019531361758709,0.5,-0.0009002142469398677,-6.249999860301614e-05,-7.258690857270267e-06,-0.25,0.0015046489425003529,0.0006469325796455982,6.160405609989539e-05,-0.06850400887489579,-0.07052218914031982,3.141592653589793,3.141495704650879,0.00013763416791334748,0.01857736147940159,0.00012479237921070307
7.44628119468689,5.0,0.012070312164723873,0.0,7.812499825377017e-05,-3.0,-0.015019531361758709,0.5,-0.0009002142469398677,-6.249999860301614e-05,-7.258690857270267e-06,-0.25,0.0015046489425003529,2.035538254589597e-05,4.735058610094711e-05,-0.06710802570963278,-0.07042539119720459,3.141592653589793,3.141446352005005,-0.01945246197283268,0.011694375425577164,-0.006886123679578304
7.451200723648071,5.0,0.012070312164723873,0.0,6.83593752910383e-05,-3.0,-0.0150146484375,0.5,-0.00033816316863521934,0.00014381977637411967,-0.0020121370907872915,-0.25,0.0022668326273560524,-0.004739936082010977,4.735058610094711e-05,-0.06589808995828338,-0.07042539119720459,3.141592653589793,3.141446352005005,-0.01945246197283268,0.011694375425577164,-0.006886123679578304
7.456148862838745,5.0,0.012070312164723873,0.0,6.83593752910383e-05,-3.0,-0.0150146484375,0.5,-0.00033816316863521934,-5.468750023283065e-05,-0.0020121370907872915,-0.25,0.0022668326273560524,0.00017960224583800992,6.761790427844971e-05,-0.06704057958023622,-0.07025754451751709,3.141592653589793,3.1413612365722656,-0.016749702394008636,0.0018855268135666847,0.010546095669269562
7.460844039916992,5.0,0.012031249701976776,0.0,7.812499825377017e-05,-3.0,-0.014990233816206455,0.5,-0.0004697155090980232,-0.0002704926429694313,0.004710527136921883,-0.25,0.0023971116170287132,0.015389375841273987,6.761790427844971e-05,-0.06733655197179735,-0.07025754451751709,3.141592653589793,3.1413612365722656,-0.016749702394008636,0.0018855268135666847,0.010546095669269562
7.465636253356934,5.0,0.012031249701976776,0.0,7.812499825377017e-05,-3.0,-0.014990233816206455,0.5,-0.0004697155090980232,-6.249999860301614e-05,0.004710527136921883,-0.25,0.0023971116170287132,0.0001529869643477781,4.213810825604014e-05,-0.06705636586109176,-0.07010137289762497,3.141592653589793,3.141498327255249,-0.0032048525754362345,0.010761656798422337,3.4542317735031247e-06
7.470289468765259,5.0,0.012031249701976776,0.0,7.812499825377017e-05,-3.0,-0.014980467967689037,0.5,-0.00034548461553640664,-6.249999860301614e-05,-0.00011353741138009354,-0.25,0.0011741542257368565,-0.010359047068440179,4.213810825604014e-05,-0.06677447955377774,-0.07010137289762497,3.141592653589793,3.141498327255249,-0.0032048525754362345,0.010761656798422337,3.4542317735031247e-06
7.475109815597534,5.0,0.012031249701976776,0.0,7.812499825377017e-05,-3.0,-0.014980467967689037,0.5,-0.00034548461553640664,-6.249999860301614e-05,-0.00011353741138009354,-0.25,0.0011741542257368565,8.111628149127488e-06,5.656200664816424e-05,-0.06704145815386436,-0.07004737854003906,3.141592653589793,3.141497850418091,0.001118918415158987,0.0031924652867019176,-4.8556139518041164e-05
7.479838609695435,5.0,0.012031249701976776,0.0,7.812499825377017e-05,-3.0,-0.014980467967689037,0.5,-0.00016759693971835077,-6.249999860301614e-05,4.364378037280403e-05,-0.25,0.0008914434583857656,0.00035937511157266375,5.656200664816424e-05,-0.06664393184541398,-0.07004737854003906,3.141592653589793,3.141497850418091,0.001118918415158987,0.0031924652867019176,-4.8556139518041164e-05
7.484662055969238,5.0,0.012031249701976776,0.0,7.812499825377017e-05,-3.0,-0.014980467967689037,0.5,-0.00016759693971835077,-6.249999860301614e-05,4.364378037280403e-05,-0.25,0.0008914434583857656,2.6993649377289955e-05,5.656200664816424e-05,-0.0670201116327662,-0.07004737854003906,3.141592653589793,3.141497850418091,0.001118918415158987,0.0031924652867019176,-4.8556139518041164e-05
7.489155292510986,5.0,0.012031249701976776,0.0,7.812499825377017e-05,-3.0,-0.014980467967689037,0.5,-0.00016759693971835077,-6.249999860301614e-05,4.364378037280403e-05,-0.25,0.0008914434583857656,2.7003187959417425e-05,3.547733649611473e-05,-0.0670201116327662,-0.06997823715209961,3.141592653589793,3.141505479812622,-0.004189512692391872,0.003895058063790202,-0.0002533834194764495
7.4942426681518555,5.0,0.012031249701976776,0.0,7.812499825377017e-05,-3.0,-0.014975585974752903,0.5,-0.00010486930113984272,-6.249999860301614e-05,6.0110073718533386e-06,-0.25,0.0005905222496949136,-5.1478634754651955e-05,3.547733649611473e-05,-0.06688928373248301,-0.06997823715209961,3.141592653589793,3.141505479812622,3.488189759082161e-05,0.00065323751186952,0.00011750435078283772
7.49915885925293,5.0,0.012031249701976776,0.0,7.812499825377017e-05,-3.0,-0.014975585974752903,0.5,-0.00010486930113984272,-6.249999860301614e-05,6.0110073718533386e-06,-0.25,0.0005905222496949136,2.2500962287719883e-05,3.547733649611473e-05,-0.06701258431613677,-0.06997823715209961,3.141592653589793,3.141505479812622,3.488189759082161e-05,0.00065323751186952,0.00011750435078283772
7.503545761108398,5.0,0.012031249701976776,0.0,7.812499825377017e-05,-3.0,-0.014975585974752903,0.5,1.7239152612091857e-06,-6.249999860301614e-05,-5.455328846437624e-06,-0.25,0.0005009805900044739,-5.007656041624479e-06,3.547733649611473e-05,-0.06675681250303615,-0.06997823715209961,3.141592653589793,3.141505479812622,-3.2013238524086773e-05,-0.00041435600724071264,-7.649907638551667e-05
7.508270978927612,5.0,0.012031249701976776,0.0,7.812499825377017e-05,-3.0,-0.014975585974752903,0.5,1.7239152612091857e-06,-6.249999860301614e-05,-5.455328846437624e-06,-0.25,0.0005009805900044739,2.1135397898677464e-05,3.547733649611473e-05,-0.06699979313016866,-0.06997823715209961,3.141592653589793,3.141505479812622,-3.2013238524086773e-05,-0.00041435600724071264,-7.649907638551667e-05
7.512619495391846,5.0,0.012031249701976776,0.0,7.812499825377017e-05,-3.0,-0.014975585974752903,0.5,-1.7234906408702955e-05,-6.249999860301614e-05,7.963188545545563e-05,-0.25,0.0003795778611674905,0.0002270277480337268,3.547733649611473e-05,-0.0670456665557658,-0.06997823715209961,3.141592653589793,3.141505479812622,0.0008872817852534354,-0.00020581016724463552,0.0002488236641511321
7.517413139343262,5.0,0.012031249701976776,0.0,7.812499825377017e-05,-3.0,-0.014975585974752903,0.5,-1.7234906408702955e-05,-6.249999860301614e-05,7.963188545545563e-05,-0.25,0.0003795778611674905,3.137185146458948e-05,3.547733649611473e-05,-0.06700206818876904,-0.06997823715209961,3.141592653589793,3.141505479812622,0.0008872817852534354,-0.00020581016724463552,0.0002488236641511321
7.522109031677246,5.0,0.012031249701976776,0.0,7.812499825377017e-05,-3.0,-0.014975585974752903,0.5,1.2558549315144774e-05,-6.249999860301614e-05,5.3138096518523525e-06,-0.25,0.00014686823124065995,3.1385200185084775e-05,3.547733649611473e-05,-0.06700206818876904,-0.06997823715209961,3.141592653589793,3.141505479812622,-0.0023464681580662727,-0.0007139399531297386,-0.00019655833602882922
7.52692985534668,5.0,0.012031249701976776,0.0,7.812499825377017e-05,-3.0,-0.014975585974752903,0.5,1.2558549315144774e-05,-6.249999860301614e-05,5.3138096518523525e-06,-0.25,0.00014686823124065995,-0.00013168696596118796,3.547733649611473e-05,-0.06693669138628972,-0.06997823715209961,3.141592653589793,3.141505479812622,-0.0023464681580662727,-0.0007139399531297386,-0.00019655833602882922
7.531266689300537,5.0,0.012031249701976776,0.0,7.812499825377017e-05,-3.0,-0.014975585974752903,0.5,1.2558549315144774e-05,-6.249999860301614e-05,5.3138096518523525e-06,-0.25,0.00014686823124065995,2.247945140141497e-05,3.547733649611473e-05,-0.06699849297408218,-0.06997823715209961,3.141592653589793,3.141505479812622,0.0012688294518738985,-0.0002612901444081217,0.00025960771017707884
7.5357208251953125,5.0,0.012031249701976776,0.0,7.812499825377017e-05,-3.0,-0.014975585974752903,0.5,2.186581514251884e-05,-6.249999860301614e-05,2.8808708520955406e-05,-0.25,-5.0982234824914485e-05,7.805547361802876e-05,3.547733649611473e-05,-0.06697648031892156,-0.06997823715209961,3.141592653589793,3.141505479812622,0.0012688294518738985,-0.0002612901444081217,0.00025960771017707884
7.5400402545928955,5.0,0.012031249701976776,0.0,7.812499825377017e-05,-3.0,-0.014975585974752903,0.5,2.186581514251884e-05,-6.249999860301614e-05,2.8808708520955406e-05,-0.25,-5.0982234824914485e-05,2.53148613237816e-05,3.547733649611473e-05,-0.0669973761021829,-0.06997823715209961,3.141592653589793,3.141505479812622,1.1094953151769005e-06,-0.0008172189700417221,0.00018887298938352615
7.544966697692871,5.0,0.012031249701976776,0.0,7.812499825377017e-05,-3.0,-0.014975585974752903,0.5,3.502443360048346e-05,-6.249999860301614e-05,3.284849663032219e-05,-0.25,-9.583949577063322e-05,3.4009243138979205e-05,3.547733649611473e-05,-0.0669690868874362,-0.06997823715209961,3.141592653589793,3.141505479812622,1.1094953151769005e-06,-0.0008172189700417221,0.00018887298938352615
7.549326658248901,5.0,0.012031249701976776,0.0,7.812499825377017e-05,-3.0,-0.014975585974752903,0.5,3.502443360048346e-05,-6.249999860301614e-05,3.284849663032219e-05,-0.25,-9.583949577063322e-05,2.5817344789200202e-05,3.547733649611473e-05,-0.06699579706796793,-0.06997823715209961,3.141592653589793,3.141505479812622,5.122357833897695e-06,-0.0010712683433666825,0.00021725271653849632
7.554071664810181,5.0,0.012031249701976776,0.0,7.812499825377017e-05,-3.0,-0.014975585974752903,0.5,3.502443360048346e-05,-6.249999860301614e-05,3.284849663032219e-05,-0.25,-9.583949577063322e-05,2.582639337391001e-05,3.547733649611473e-05,-0.06699579706796793,-0.06997823715209961,3.141592653589793,3.141505479812622,-0.003994589205831289,-0.0018070912919938564,-7.610327156726271e-05
7.559062957763672,5.0,0.012031249701976776,0.0,7.812499825377017e-05,-3.0,-0.014975585974752903,0.5,5.515292286872864e-05,-6.249999860301614e-05,-0.00013753074745181948,-0.25,-8.713721763342619e-05,-0.00033597952924504273,3.547733649611473e-05,-0.06695305444454987,-0.06997823715209961,3.141592653589793,3.141505479812622,-0.003994589205831289,-0.0018070912919938564,-7.610327156726271e-05
7.564010858535767,5.0,0.012031249701976776,0.0,7.812499825377017e-05,-3.0,-0.014975585974752903,0.5,5.515292286872864e-05,-6.249999860301614e-05,-0.00013753074745181948,-0.25,-8.713721763342619e-05,5.36596918108933e-06,3.547733649611473e-05,-0.06699338164925575,-0.06997823715209961,3.141592653589793,3.141505479812622,-0.0006394003867171705,-0.0019204530399292707,0.0004207078891340643
7.568809986114502,5.0,0.012031249701976776,0.0,7.812499825377017e-05,-3.0,-0.014975585974752903,0.5,6.475143163697794e-05,-6.249999860301614e-05,5.286550003802404e-05,-0.25,-0.0001566421997267753,0.00042495554850089176,3.547733649611473e-05,-0.06697222929975172,-0.06997823715209961,3.141592653589793,3.141505479812622,-0.0006394003867171705,-0.0019204530399292707,0.0004207078891340643
7.573572397232056,5.0,0.012031249701976776,0.0,7.812499825377017e-05,-3.0,-0.014975585974752903,0.5,6.475143163697794e-05,-6.249999860301614e-05,5.286550003802404e-05,-0.25,-0.0001566421997267753,2.8235580313460012e-05,3.547733649611473e-05,-0.06699222982820356,-0.06997823715209961,3.141592653589793,3.141505479812622,-0.0012188369873911142,-0.0026245969347655773,7.792652468197048e-05
7.578098297119141,5.0,0.012031249701976776,0.0,7.812499825377017e-05,-3.0,-0.014975585974752903,0.5,9.378812683280557e-05,-6.249999860301614e-05,-3.138049942208454e-05,-0.25,-0.00027310787118040025,-0.00016801310900814128,3.547733649611473e-05,-0.06692458869148889,-0.06997823715209961,3.141592653589793,3.141505479812622,-0.0012188369873911142,-0.0026245969347655773,7.792652468197048e-05
7.582601308822632,5.0,0.012031249701976776,0.0,7.812499825377017e-05,-3.0,-0.014975585974752903,0.5,9.378812683280557e-05,-6.249999860301614e-05,-3.138049942208454e-05,-0.25,-0.00027310787118040025,1.8131679882383936e-05,3.547733649611473e-05,-0.06698874542478006,-0.06997823715209961,3.141592653589793,3.141505479812622,-0.0019717381801456213,-0.0033744906540960073,0.0001245312305400148
7.587379693984985,5.0,0.012031249701976776,0.0,7.812499825377017e-05,-3.0,-0.014975585974752903,0.5,9.378812683280557e-05,-6.249999860301614e-05,-3.138049942208454e-05,-0.25,-0.00027310787118040025,1.8134653901446858e-05,3.547733649611473e-05,-0.06698874542478006,-0.06997823715209961,3.141592653589793,3.141505479812622,-0.0019717381801456213,-0.0033744906540960073,0.0001245312305400148
7.591703176498413,5.0,0.012031249701976776,0.0,7.812499825377017e-05,-3.0,-0.014975585974752903,0.5,9.109474194701761e-05,-6.249999860301614e-05,-0.0002454493078403175,-0.25,-0.00026249585789628327,-0.0005026999285851861,3.547733649611473e-05,-0.066995298296236,-0.06997823715209961,3.141592653589793,3.141505479812622,-0.0025079974438995123,-0.0034114676527678967,-0.00017192718223668635
7.5960142612457275,5.0,0.012031249701976776,0.0,7.812499825377017e-05,-3.0,-0.014975585974752903,0.5,9.109474194701761e-05,-6.249999860301614e-05,-0.0002454493078403175,-0.25,-0.00026249585789628327,-7.585196871059412e-06,3.547733649611473e-05,-0.06698906863096635,-0.06997823715209961,3.141592653589793,3.141505479812622,-0.0025079974438995123,-0.0034114676527678967,-0.00017192718223668635
7.600647449493408,5.0,0.012031249701976776,0.0,7.812499825377017e-05,-3.0,-0.014975585974752903,0.5,0.00013177066284697503,-6.249999860301614e-05,-7.452788850059733e-05,-0.25,-0.0003394901577848941,0.00038183096029584555,3.547733649611473e-05,-0.06689639501403404,-0.06997823715209961,3.141592653589793,3.141505479812622,-0.0011294253636151552,-0.0036575845442712307,4.447698302101344e-06
7.6050779819488525,5.0,0.012031249701976776,0.0,7.812499825377017e-05,-3.0,-0.014975585974752903,0.5,0.00013177066284697503,-6.249999860301614e-05,-7.452788850059733e-05,-0.25,-0.0003394901577848941,1.2923193101013413e-05,3.547733649611473e-05,-0.06698418752045836,-0.06997823715209961,3.141592653589793,3.141505479812622,-0.0011294253636151552,-0.0036575845442712307,4.447698302101344e-06
7.609841823577881,5.0,0.012031249701976776,0.0,7.812499825377017e-05,-3.0,-0.014975585974752903,0.5,0.00015997819718904793,-6.249999860301614e-05,-8.498653915012255e-05,-0.25,-0.00041103363037109375,-1.0288224075060946e-05,3.547733649611473e-05,-0.06692159087812548,-0.06997823715209961,3.141592653589793,3.141505479812622,-0.0007805497734807432,-0.004198732320219278,0.00010870880942093208
7.61460280418396,5.0,0.012031249701976776,0.0,7.812499825377017e-05,-3.0,-0.014975585974752903,0.5,0.00015997819718904793,-6.249999860301614e-05,-8.498653915012255e-05,-0.25,-0.00041103363037109375,1.1663871417042512e-05,3.547733649611473e-05,-0.06698080261633732,-0.06997823715209961,3.141592653589793,3.141505479812622,-0.0007805497734807432,-0.004198732320219278,0.00010870880942093208
7.619411468505859,5.0,0.012031249701976776,0.0,7.812499825377017e-05,-3.0,-0.014975585974752903,0.5,0.00015997819718904793,-6.249999860301614e-05,-8.498653915012255e-05,-0.25,-0.00041103363037109375,1.1661708812537479e-05,3.547733649611473e-05,-0.06698080261633732,-0.06997823715209961,3.141592653589793,3.141505479812622,-0.001996446866542101,-0.004795794375240803,7.705413736402988e-06
7.62420392036438,5.0,0.012031249701976776,0.0,7.812499825377017e-05,-3.0,-0.014980467967689037,0.5,0.00027489999774843454,-6.249999860301614e-05,-0.00027828788734041154,-0.25,-0.00028078973991796374,-0.00041490055064781505,3.375619780854322e-05,-0.0667272144937912,-0.0700218603014946,3.141592653589793,3.141547441482544,-0.00011262251791777089,-0.005009996704757214,0.00026035873452201486
7.628958463668823,5.0,0.012031249701976776,0.0,7.812499825377017e-05,-3.0,-0.014980467967689037,0.5,0.00027489999774843454,-6.249999860301614e-05,-0.00027828788734041154,-0.25,-0.00028078973991796374,-1.1575655488897245e-05,3.375619780854322e-05,-0.06696701200027019,-0.0700218603014946,3.141592653589793,3.141547441482544,-0.00011262251791777089,-0.005009996704757214,0.00026035873452201486
7.633422374725342,5.0,0.012031249701976776,0.0,7.812499825377017e-05,-3.0,-0.014980467967689037,0.5,0.00021689764980692416,-6.249999860301614e-05,-7.763200846966356e-05,-0.25,-0.0004748940409626812,0.0004620085918068707,3.375619780854322e-05,-0.06710390844608902,-0.0700218603014946,3.141592653589793,3.141547441482544,-0.00011262251791777089,-0.005009996704757214,0.00026035873452201486
7.637989282608032,5.0,0.012031249701976776,0.0,7.812499825377017e-05,-3.0,-0.014980467967689037,0.5,0.00021689764980692416,-6.249999860301614e-05,-7.763200846966356e-05,-0.25,-0.0004748940409626812,1.2500316886766673e-05,3.375619780854322e-05,-0.06697397228202318,-0.0700218603014946,3.141592653589793,3.141547441482544,-0.001177299884147942,-0.005868751090019941,0.00013616951764561236
7.642644882202148,5.0,0.012031249701976776,0.0,7.812499825377017e-05,-3.0,-0.014980467967689037,0.5,0.0002551499637775123,-6.249999860301614e-05,-0.00014270776591729373,-0.25,-0.0005175876431167126,-0.00013509578334005572,5.2409326599445194e-05,-0.06688721790668904,-0.07006119936704636,3.141592653589793,3.141542911529541,-0.001317039132118225,-0.00620872201398015,8.064357825787738e-05
7.647274971008301,5.0,0.012031249701976776,0.0,7.812499825377017e-05,-3.0,-0.014980467967689037,0.5,0.0002551499637775123,-6.249999860301614e-05,-0.00014270776591729373,-0.25,-0.0005175876431167126,4.676330306359821e-06,5.2409326599445194e-05,-0.0669693820043467,-0.07006119936704636,3.141592653589793,3.141542911529541,-0.001317039132118225,-0.00620872201398015,8.064357825787738e-05
7.652106523513794,5.0,0.012031249701976776,0.0,7.812499825377017e-05,-3.0,-0.014980467967689037,0.5,0.0002551499637775123,-6.249999860301614e-05,-0.00014270776591729373,-0.25,-0.0005175876431167126,4.668579745577274e-06,3.0042572689126246e-05,-0.0669693820043467,-0.07012391090393066,3.141592653589793,3.1415517330169678,0.0018512984970584512,-0.0065512205474078655,0.0010967734269797802
7.656926393508911,5.0,0.012031249701976776,0.0,7.812499825377017e-05,-3.0,-0.014990233816206455,0.5,0.0002612915704958141,-6.249999860301614e-05,0.0001864558580564335,-0.25,-0.00047991989413276315,0.0007271227162319941,3.0042572689126246e-05,-0.06695590274520442,-0.07012391090393066,3.141592653589793,3.1415517330169678,0.0018512984970584512,-0.0065512205474078655,0.0010967734269797802
7.661536693572998,5.0,0.012031249701976776,0.0,7.812499825377017e-05,-3.0,-0.014990233816206455,0.5,0.0002612915704958141,-6.249999860301614e-05,0.0001864558580564335,-0.25,-0.00047991989413276315,4.421516854373521e-05,3.0042572689126246e-05,-0.0669686450115405,-0.07012391090393066,3.141592653589793,3.1415517330169678,-0.00043839748832397163,-0.005921271629631519,-6.802898133173585e-05
7.666437864303589,5.0,0.012031249701976776,0.0,7.812499825377017e-05,-3.0,-0.014990233816206455,0.5,0.00023452735331375152,-6.249999860301614e-05,-3.790430127992295e-05,-0.25,-0.0005220782477408648,-0.00044047414365757005,3.0042572689126246e-05,-0.06702646452184596,-0.07012391090393066,3.141592653589793,3.1415517330169678,-0.00043839748832397163,-0.005921271629631519,-6.802898133173585e-05
7.670921564102173,5.0,0.012031249701976776,0.0,7.812499825377017e-05,-3.0,-0.014990233816206455,0.5,0.00023452735331375152,-6.249999860301614e-05,-3.790430127992295e-05,-0.25,-0.0005220782477408648,1.7296565972071477e-05,3.0042572689126246e-05,-0.06697185671760235,-0.07012391090393066,3.141592653589793,3.1415517330169678,-0.002673000330105424,-0.008476325310766697,-0.011487980373203754
7.675554275512695,5.0,0.012031249701976776,0.0,6.83593752910383e-05,-3.0,-0.014990233816206455,0.5,0.0002491344348527491,0.00015610963555574495,-0.00012746556603815407,-0.25,-0.0005593699170276523,-0.0006849165536412154,3.0042572689126246e-05,-0.06693857356030526,-0.07012391090393066,3.141592653589793,3.1415517330169678,-0.002673000330105424,-0.008476325310766697,-0.011487980373203754
7.679986953735352,5.0,0.012031249701976776,0.0,6.83593752910383e-05,-3.0,-0.014990233816206455,0.5,0.0002491344348527491,-5.468750023283065e-05,-0.00012746556603815407,-0.25,-0.0005593699170276523,0.00048113152117466266,4.509416612563655e-05,-0.06697010386781767,-0.0701587125658989,3.141592653589793,3.1414523124694824,-0.002519139088690281,-0.006601185072213411,0.00011575724056456238
7.684552907943726,5.0,0.012031249701976776,0.0,6.83593752910383e-05,-3.0,-0.014995116740465164,0.5,0.0002301460481248796,-5.468750023283065e-05,0.0001561772805871442,-0.25,-0.0005889844615012407,0.0006608480251325699,3.955449574277736e-05,-0.06701396937120493,-0.07020390033721924,3.141592653589793,3.1414525508880615,0.0013145337579771876,-0.0059347497299313545,0.0010217487579211593
7.689404487609863,5.0,0.012031249701976776,0.0,6.83593752910383e-05,-3.0,-0.014995116740465164,0.5,0.0002301460481248796,-5.468750023283065e-05,0.0001561772805871442,-0.25,-0.0005889844615012407,3.96558460396326e-05,3.955449574277736e-05,-0.06697238247422502,-0.07020390033721924,3.141592653589793,3.1414525508880615,0.0013145337579771876,-0.0059347497299313545,0.0010217487579211593
7.694209337234497,5.0,0.012031249701976776,0.0,6.83593752910383e-05,-3.0,-0.014995116740465164,0.5,0.00023311622499022633,-5.468750023283065e-05,-7.866572559578344e-05,-0.25,-0.0005688702804036438,-0.00047729006631774286,3.955449574277736e-05,-0.06696584443006313,-0.07020390033721924,3.141592653589793,3.1414525508880615,-0.0016736413817852736,-0.006306530442088842,9.737836080603302e-05
7.6989240646362305,5.0,0.012031249701976776,0.0,6.83593752910383e-05,-3.0,-0.014995116740465164,0.5,0.00023311622499022633,-5.468750023283065e-05,-7.866572559578344e-05,-0.25,-0.0005688702804036438,1.1470120046415314e-05,3.955449574277736e-05,-0.06697202605300118,-0.07020390033721924,3.141592653589793,3.1414525508880615,-0.0016736413817852736,-0.006306530442088842,9.737836080603302e-05
7.703620433807373,5.0,0.012031249701976776,0.0,6.83593752910383e-05,-3.0,-0.014995116740465164,0.5,0.00023311622499022633,-5.468750023283065e-05,-7.866572559578344e-05,-0.25,-0.0005688702804036438,1.1467867834447849e-05,6.061223757569678e-05,-0.06697202605300118,-0.07022929191589355,3.141592653589793,3.141450881958008,0.00045963164302520454,-0.009253257885575294,-9.651956497691572e-05
7.7084410190582275,5.0,0.012031249701976776,0.0,6.83593752910383e-05,-3.0,-0.014999999664723873,0.5,0.0002790246217045933,-5.468750023283065e-05,4.632383570424281e-05,-0.25,-0.0005106520256958902,0.0002857593139125332,6.061223757569678e-05,-0.06687128297250723,-0.07022929191589355,3.141592653589793,3.141450881958008,0.00045963164302520454,-0.009253257885575294,-9.651956497691572e-05
7.713238954544067,5.0,0.012031249701976776,0.0,6.83593752910383e-05,-3.0,-0.014999999664723873,0.5,0.0002790246217045933,-5.468750023283065e-05,4.632383570424281e-05,-0.25,-0.0005106520256958902,2.648604678303804e-05,5.5789158068364486e-05,-0.06696651704539544,-0.07026302814483643,3.141592653589793,3.141383647918701,-0.0033637392334640026,-0.009133313782513142,-0.01241570245474577
7.71803617477417,5.0,0.012031249701976776,0.0,6.83593752910383e-05,-3.0,-0.014999999664723873,0.5,0.0002887443988583982,-5.468750023283065e-05,0.0011089887702837586,-0.25,-0.00032914875191636384,0.0023692856128821826,5.5789158068364486e-05,-0.06694508940271932,-0.07026302814483643,3.141592653589793,3.141383647918701,-0.0033637392334640026,-0.009133313782513142,-0.01241570245474577
7.722824573516846,5.0,0.012031249701976776,0.0,6.83593752910383e-05,-3.0,-0.014999999664723873,0.5,0.0002887443988583982,-5.468750023283065e-05,0.0011089887702837586,-0.25,-0.00032914875191636384,0.00015422893007931667,3.3801898098317906e-05,-0.06696535067213699,-0.07030355930328369,3.141592653589793,3.141383647918701,-0.009014759212732315,-0.008748230524361134,0.00011574121890589595
7.727529764175415,5.0,0.012031249701976776,0.0,6.83593752910383e-05,-3.0,-0.015004882588982582,0.5,0.0002838668879121542,-5.468750023283065e-05,-6.40165017102845e-05,-0.25,-0.0005336451577022672,-0.002479535217569201,3.3801898098317906e-05,-0.06697630220789284,-0.07030355930328369,3.141592653589793,3.141383647918701,-0.009014759212732315,-0.008748230524361134,0.00011574121890589595
7.732301235198975,5.0,0.012031249701976776,0.0,6.83593752910383e-05,-3.0,-0.015004882588982582,0.5,0.0002838668879121542,-5.468750023283065e-05,-6.40165017102845e-05,-0.25,-0.0005336451577022672,1.3466529284214794e-05,3.3801898098317906e-05,-0.06696593597345055,-0.07030355930328369,3.141592653589793,3.141383647918701,-0.0016140711959451437,-0.0069487388245761395,0.0003874680260196328
7.737058401107788,5.0,0.012031249701976776,0.0,6.83593752910383e-05,-3.0,-0.015009765513241291,0.5,0.00029348349198699,-5.468750023283065e-05,-3.634186941781081e-05,-0.25,-0.0005621027667075396,7.496385144385503e-05,6.717750511597842e-05,-0.06694456699527646,-0.07034146785736084,3.141592653589793,3.1413867473602295,-0.0008570576319471002,-0.006794901564717293,5.259312456473708e-05
7.74184775352478,5.0,0.012031249701976776,0.0,6.83593752910383e-05,-3.0,-0.015009765513241291,0.5,0.00029348349198699,-5.468750023283065e-05,-3.634186941781081e-05,-0.25,-0.0005621027667075396,1.6790987897327114e-05,6.717750511597842e-05,-0.06696478198096156,-0.07034146785736084,3.141592653589793,3.1413867473602295,-0.0008570576319471002,-0.006794901564717293,5.259312456473708e-05
7.74654221534729,5.0,0.012031249701976776,0.0,6.83593752910383e-05,-3.0,-0.015009765513241291,0.5,0.00029348349198699,-5.468750023283065e-05,-3.634186941781081e-05,-0.25,-0.0005621027667075396,1.6792710354596533e-05,6.717750511597842e-05,-0.06696478198096156,-0.07034146785736084,3.141592653589793,3.1413867473602295,-0.0008570576319471002,-0.006794901564717293,5.259312456473708e-05
7.751377820968628,5.0,0.012031249701976776,0.0,6.83593752910383e-05,-3.0,-0.015009765513241291,0.5,0.00026964416611008346,-5.468750023283065e-05,-6.428734195651487e-05,-0.25,-0.0005404949188232422,-4.435272459400422e-05,6.717750511597842e-05,-0.06701694226612676,-0.07034146785736084,3.141592653589793,3.1413867473602295,-0.0015968033112585545,-0.006721795536577702,0.00029149811598472297
7.7561352252960205,5.0,0.012031249701976776,0.0,6.83593752910383e-05,-3.0,-0.015009765513241291,0.5,0.00026964416611008346,-5.468750023283065e-05,-6.428734195651487e-05,-0.25,-0.0005404949188232422,1.343741182240882e-05,4.4851731217931956e-05,-0.06696764270006679,-0.07042241096496582,3.141592653589793,3.1413962841033936,-0.0014558143448084593,-0.0062494780868291855,0.00019142290693707764
7.760996580123901,5.0,0.012031249701976776,0.0,6.83593752910383e-05,-3.0,-0.0150146484375,0.5,0.0002515348023734987,-5.468750023283065e-05,-5.044555655331351e-05,-0.25,-0.0005058050155639648,4.357194094689271e-05,4.4851731217931956e-05,-0.06700706750432224,-0.07042241096496582,3.141592653589793,3.1413962841033936,-0.0014558143448084593,-0.0062494780868291855,0.00019142290693707764
7.765723705291748,5.0,0.012031249701976776,0.0,6.83593752910383e-05,-3.0,-0.0150146484375,0.5,0.0002515348023734987,-5.468750023283065e-05,-5.044555655331351e-05,-0.25,-0.0005058050155639648,1.5099239546635263e-05,4.4851731217931956e-05,-0.06696981582371517,-0.07042241096496582,3.141592653589793,3.1413962841033936,-0.0014558143448084593,-0.0062494780868291855,0.00019142290693707764
7.770587682723999,5.0,0.012031249701976776,0.0,6.83593752910383e-05,-3.0,-0.0150146484375,0.5,0.000206952536245808,-5.468750023283065e-05,-1.0612034202495124e-05,-0.25,-0.0005218559526838362,0.0001017785070439054,4.4851731217931956e-05,-0.06706682374042695,-0.07042241096496582,3.141592653589793,3.1413962841033936,-0.0007833134732209146,-0.005756780970841646,0.0005031406180933118
7.775395154953003,5.0,0.012031249701976776,0.0,6.83593752910383e-05,-3.0,-0.0150146484375,0.5,0.000206952536245808,-5.468750023283065e-05,-1.0612034202495124e-05,-0.25,-0.0005218559526838362,1.9887787701753645e-05,4.4851731217931956e-05,-0.0669751656956505,-0.07042241096496582,3.141592653589793,3.1413962841033936,-0.001641836715862155,-0.005850637331604958,0.00031481264159083366
7.780003786087036,5.0,0.012031249701976776,0.0,6.83593752910383e-05,-3.0,-0.0150146484375,0.5,0.000206952536245808,-5.468750023283065e-05,-1.0612034202495124e-05,-0.25,-0.0005218559526838362,1.9891850253053534e-05,4.4851731217931956e-05,-0.0669751656956505,-0.07042241096496582,3.141592653589793,3.1413962841033936,-0.001641836715862155,-0.005850637331604958,0.00031481264159083366
7.784547328948975,5.0,0.012031249701976776,0.0,6.83593752910383e-05,-3.0,-0.0150146484375,0.5,0.00023206941841635853,-5.468750023283065e-05,-6.718844815623015e-05,-0.25,-0.00045583961764350533,-0.0001114189357163881,4.105054176761769e-05,-0.06691687127972053,-0.07047485560178757,3.141592653589793,3.141415596008301,0.0014761928468942642,-0.0051213959231972694,0.0011993187945336103
7.789135932922363,5.0,0.012031249701976776,0.0,6.83593752910383e-05,-3.0,-0.0150146484375,0.5,0.00023206941841635853,-5.468750023283065e-05,-6.718844815623015e-05,-0.25,-0.00045583961764350533,1.3100397368764985e-05,4.105054176761769e-05,-0.06697215166979004,-0.07047485560178757,3.141592653589793,3.141415596008301,0.0014761928468942642,-0.0051213959231972694,0.0011993187945336103
7.79396915435791,5.0,0.012031249701976776,0.0,6.83593752910383e-05,-3.0,-0.015019531361758709,0.5,0.000266304676188156,-5.468750023283065e-05,-0.0012906339252367616,-0.25,-0.000665342784486711,-0.002665157639621852,4.5664506615139544e-05,-0.06689721023117526,-0.07049261778593063,3.141592653589793,3.1414201259613037,-0.008504733443260193,-0.001997274113819003,-0.004851914010941982
7.798555135726929,5.0,0.012031249701976776,0.0,6.83593752910383e-05,-3.0,-0.015019531361758709,0.5,0.000266304676188156,-5.468750023283065e-05,-0.0012906339252367616,-0.25,-0.000665342784486711,-0.00013394589248155256,4.5664506615139544e-05,-0.06696804343885743,-0.07049261778593063,3.141592653589793,3.1414201259613037,-0.008504733443260193,-0.001997274113819003,-0.004851914010941982
7.80375075340271,5.0,0.012031249701976776,0.0,7.812499825377017e-05,-3.0,-0.015024413354694843,0.5,0.00016696147213224322,-0.00025045884338586365,0.0011266737710684538,-0.25,-0.00018500923761166632,0.00520915723460547,7.708092743996531e-05,-0.06717117038607565,-0.07053828239440918,3.141592653589793,3.141404390335083,0.0061635784804821014,-0.00796505156904459,0.0046185958199203014
7.808449745178223,5.0,0.012031249701976776,0.0,7.812499825377017e-05,-3.0,-0.015024413354694843,0.5,0.00016696147213224322,-6.249999860301614e-05,0.0011266737710684538,-0.25,-0.00018500923761166632,-0.00024267485134450806,7.708092743996531e-05,-0.06697996462334413,-0.07053828239440918,3.141592653589793,3.141404390335083,0.0061635784804821014,-0.00796505156904459,0.0046185958199203014
7.813182830810547,5.0,0.012031249701976776,0.0,7.812499825377017e-05,-3.0,-0.015024413354694843,0.5,0.00016696147213224322,-6.249999860301614e-05,0.0011266737710684538,-0.25,-0.00018500923761166632,0.0001574359595515048,7.814432319719344e-05,-0.06697996462334413,-0.07054638862609863,3.141592653589793,3.141404151916504,0.006519741378724575,-0.007498127408325672,0.0044243778102099895
7.817781209945679,5.0,0.012031249701976776,0.0,6.83593752910383e-05,-3.0,-0.015024413354694843,0.5,0.0002508490579202771,0.0001576834825798314,-0.0011443658731877804,-0.25,-0.000601230829488486,-0.005559241968439332,7.814432319719344e-05,-0.06678746951522664,-0.07054638862609863,3.141592653589793,3.141404151916504,0.006519741378724575,-0.007498127408325672,0.0044243778102099895
7.822536468505859,5.0,0.012031249701976776,0.0,6.83593752910383e-05,-3.0,-0.015024413354694843,0.5,0.0002508490579202771,-5.468750023283065e-05,-0.0011443658731877804,-0.25,-0.000601230829488486,0.0003303527099706126,7.801422907505184e-05,-0.06696989811304957,-0.07059990614652634,3.141592653589793,3.1414010524749756,0.00611293176189065,-0.009023229591548443,0.004344998858869076
7.8271777629852295,5.0,0.012031249701976776,0.0,7.812499825377017e-05,-3.0,-0.015029296278953552,0.5,0.00016040957416407764,-0.00027290731074704514,0.0011785604292526841,-0.25,-0.0002901905681937933,0.005663903139120352,7.801422907505184e-05,-0.0671756091695246,-0.07059990614652634,3.141592653589793,3.1414010524749756,0.00611293176189065,-0.009023229591548443,0.004344998858869076
7.831822872161865,5.0,0.012031249701976776,0.0,7.812499825377017e-05,-3.0,-0.015029296278953552,0.5,0.00016040957416407764,-6.249999860301614e-05,0.0011785604292526841,-0.25,-0.0002901905681937933,-0.00028927625848472385,7.844709034543484e-05,-0.0669807508511003,-0.07060897350311279,3.141592653589793,3.1414010524749756,0.005843530874699354,-0.007615317590534687,0.0042740339413285255
7.8366429805755615,5.0,0.012031249701976776,0.0,6.83593752910383e-05,-3.0,-0.015029296278953552,0.5,0.00025153017486445606,0.0001479142282881078,-0.0014103084104135633,-0.25,-0.0006571501144208014,-0.005979885766543732,7.844709034543484e-05,-0.06678077374163188,-0.07060897350311279,3.141592653589793,3.1414010524749756,0.005843530874699354,-0.007615317590534687,0.0042740339413285255
7.841270446777344,5.0,0.012031249701976776,0.0,6.83593752910383e-05,-3.0,-0.015029296278953552,0.5,0.00025153017486445606,-5.468750023283065e-05,-0.0014103084104135633,-0.25,-0.0006571501144208014,0.000289635899853049,4.575547427521087e-05,-0.06696981637901626,-0.07060277462005615,3.141592653589793,3.1414122581481934,-0.009251641109585762,-0.0016685021109879017,-0.004922123625874519
7.8460564613342285,5.0,0.012031249701976776,0.0,6.83593752910383e-05,-3.0,-0.015029296278953552,0.5,0.00025153017486445606,-5.468750023283065e-05,-0.0014103084104135633,-0.25,-0.0006571501144208014,-0.000148318189671074,4.575547427521087e-05,-0.06696981637901626,-0.07060277462005615,3.141592653589793,3.1414122581481934,-0.009251641109585762,-0.0016685021109879017,-0.004922123625874519
7.850343942642212,5.0,0.012031249701976776,0.0,6.83593752910383e-05,-3.0,-0.015029296278953552,0.5,0.0002493511710781604,-5.468750023283065e-05,-0.0013371480163186789,-0.25,-0.0006288266158662736,3.0988318714647144e-05,1.5098239600774832e-05,-0.06697516010620191,-0.07061588019132614,3.141592653589793,3.141430377960205,-0.0006061883177608252,-0.0016815315466374159,-0.0009248363203369081
7.854829549789429,5.0,0.012031249701976776,0.0,6.83593752910383e-05,-3.0,-0.015029296278953552,0.5,0.0002493511710781604,-5.468750023283065e-05,-0.0013371480163186789,-0.25,-0.0006288266158662736,-0.00013976396517064634,1.5098239600774832e-05,-0.06697007785947062,-0.07061588019132614,3.141592653589793,3.141430377960205,-0.0006061883177608252,-0.0016815315466374159,-0.0009248363203369081
7.8596718311309814,5.0,0.012031249701976776,0.0,6.83593752910383e-05,-3.0,-0.015034179203212261,0.5,0.0002509495534468442,-5.468750023283065e-05,-0.00046377285616472363,-0.25,-9.882330778054893e-05,0.0017686454180640616,5.076095840195194e-05,-0.06696658516655413,-0.07063066959381104,3.141592653589793,3.141395092010498,-0.0055064125917851925,-0.004250926896929741,-0.0015248297713696957
7.864449501037598,5.0,0.012031249701976776,0.0,6.83593752910383e-05,-3.0,-0.015034179203212261,0.5,0.0002509495534468442,-5.468750023283065e-05,-0.00046377285616472363,-0.25,-9.882330778054893e-05,-3.5037653575779804e-05,5.076095840195194e-05,-0.06696988605358638,-0.07063066959381104,3.141592653589793,3.141395092010498,-0.0055064125917851925,-0.004250926896929741,-0.0015248297713696957
7.8690409660339355,5.0,0.012031249701976776,0.0,6.83593752910383e-05,-3.0,-0.015034179203212261,0.5,0.0002509495534468442,-5.468750023283065e-05,-0.00046377285616472363,-0.25,-9.882330778054893e-05,-3.507521959762532e-05,5.076095840195194e-05,-0.06696988605358638,-0.07063066959381104,3.141592653589793,3.141395092010498,0.00042750092688947916,-0.0025330970529466867,0.00011770216224249452
7.873495578765869,5.0,0.012031249701976776,0.0,6.83593752910383e-05,-3.0,-0.015034179203212261,0.5,0.00012315883941482753,-5.468750023283065e-05,-1.814253664633725e-05,-0.25,-0.00024876833776943386,0.0010187831606364329,5.076095840195194e-05,-0.06727209371973872,-0.07063066959381104,3.141592653589793,3.141395092010498,0.00042750092688947916,-0.0025330970529466867,0.00011770216224249452
7.8782429695129395,5.0,0.012031249701976776,0.0,6.83593752910383e-05,-3.0,-0.015034179203212261,0.5,0.00012315883941482753,-5.468750023283065e-05,-1.814253664633725e-05,-0.25,-0.00024876833776943386,1.8407144482222307e-05,5.076095840195194e-05,-0.06698522093927022,-0.07063066959381104,3.141592653589793,3.141395092010498,-0.0007931386935524642,-0.003638076363131404,9.309930464951321e-05
7.882848739624023,5.0,0.012031249701976776,0.0,6.83593752910383e-05,-3.0,-0.015034179203212261,0.5,0.0001516161864856258,-5.468750023283065e-05,-2.253764796478208e-05,-0.25,-0.00028417230350896716,8.340072792753804e-06,5.076095840195194e-05,-0.06692001976263857,-0.07063066959381104,3.141592653589793,3.141395092010498,-0.0007931386935524642,-0.003638076363131404,9.309930464951321e-05
7.88748574256897,5.0,0.012031249701976776,0.0,6.83593752910383e-05,-3.0,-0.015034179203212261,0.5,0.0001516161864856258,-5.468750023283065e-05,-2.253764796478208e-05,-0.25,-0.00028417230350896716,1.7885674199774895e-05,5.076095840195194e-05,-0.06698180605762172,-0.07063066959381104,3.141592653589793,3.141395092010498,-0.006274734623730183,-0.005968291778117418,-0.0096821840852499
7.891790866851807,5.0,0.012031249701976776,0.0,6.83593752910383e-05,-3.0,-0.015034179203212261,0.5,0.00015221670037135482,-5.468750023283065e-05,-0.00010009262769017369,-0.25,-0.0002491068735253066,-0.00017157057228794038,5.076095840195194e-05,-0.0669803391143068,-0.07063066959381104,3.141592653589793,3.141395092010498,-0.00359531887806952,-0.01053620409220457,0.01065042894333601
7.896419525146484,5.0,0.012031249701976776,0.0,6.83593752910383e-05,-3.0,-0.015034179203212261,0.5,0.00015221670037135482,-5.468750023283065e-05,-0.00010009262769017369,-0.25,-0.0002491068735253066,8.570963841995739e-06,5.076095840195194e-05,-0.06698173399595544,-0.07063066959381104,3.141592653589793,3.141395092010498,-0.00359531887806952,-0.01053620409220457,0.01065042894333601
7.9010844230651855,5.0,0.012031249701976776,0.0,6.83593752910383e-05,-3.0,-0.015034179203212261,0.5,0.00021874040248803794,-5.468750023283065e-05,-0.0003975220606662333,-0.25,-8.019030065042898e-05,-0.0006647429967137894,5.076095840195194e-05,-0.0668311463117327,-0.07063066959381104,3.141592653589793,3.141395092010498,-0.00359531887806952,-0.01053620409220457,0.01065042894333601
7.905601739883423,5.0,0.012031249701976776,0.0,6.83593752910383e-05,-3.0,-0.015034179203212261,0.5,0.00021874040248803794,-5.468750023283065e-05,-0.0003975220606662333,-0.25,-8.019030065042898e-05,-2.718352772619428e-05,5.076095840195194e-05,-0.06697375115170143,-0.07063066959381104,3.141592653589793,3.141395092010498,-0.0007515507168136537,-0.002739364979788661,-0.0002732635766733438
7.910248756408691,5.0,0.012031249701976776,0.0,6.83593752910383e-05,-3.0,-0.015034179203212261,0.5,0.00021874040248803794,-5.468750023283065e-05,-0.0003975220606662333,-0.25,-8.019030065042898e-05,-2.7215390883549625e-05,5.076095840195194e-05,-0.06697375115170143,-0.07063066959381104,3.141592653589793,3.141395092010498,-0.0007515507168136537,-0.002739364979788661,-0.0002732635766733438
7.914687156677246,5.0,0.012031249701976776,0.0,6.83593752910383e-05,-3.0,-0.015034179203212261,0.5,0.00011413797619752586,-5.468750023283065e-05,-2.767599835351575e-05,-0.25,-0.0002035415091086179,0.0008504553943331146,5.076095840195194e-05,-0.06722197940708063,-0.07063066959381104,3.141592653589793,3.141395092010498,-0.0005495667573995888,-0.0026494518388062716,-1.2272579624550417e-05
7.919569492340088,5.0,0.012031249701976776,0.0,6.83593752910383e-05,-3.0,-0.015034179203212261,0.5,0.00011413797619752586,-5.468750023283065e-05,-2.767599835351575e-05,-0.25,-0.0002035415091086179,1.717117193549903e-05,5.076095840195194e-05,-0.0669863034428563,-0.07063066959381104,3.141592653589793,3.141395092010498,0.0014732149429619312,-0.004197553265839815,-0.007969744503498077
7.924221038818359,5.0,0.012031249701976776,0.0,6.83593752910383e-05,-3.0,-0.015034179203212261,0.5,0.0006816082750447094,-5.468750023283065e-05,-0.0010776990093290806,-0.25,0.0002237462904304266,-0.002366290018410928,5.076095840195194e-05,-0.06569824650246571,-0.07063066959381104,3.141592653589793,3.141395092010498,0.0014732149429619312,-0.004197553265839815,-0.007969744503498077
7.929077625274658,5.0,0.012031249701976776,0.0,6.83593752910383e-05,-3.0,-0.015034179203212261,0.5,0.0006816082750447094,-5.468750023283065e-05,-0.0010776990093290806,-0.25,0.0002237462904304266,-0.0001090261279700104,5.076095840195194e-05,-0.06691820700699463,-0.07063066959381104,3.141592653589793,3.141395092010498,-0.00033950150827877223,-0.0025133839808404446,3.8215413951547816e-05
7.93386697769165,5.0,0.012031249701976776,0.0,6.83593752910383e-05,-3.0,-0.015034179203212261,0.5,0.00011056408402509987,-5.468750023283065e-05,1.4728286259924062e-05,-0.25,-0.00023248970683198422,0.0023030217048369455,5.076095840195194e-05,-0.06817905256806629,-0.07063066959381104,3.141592653589793,3.141395092010498,-0.00033950150827877223,-0.0025133839808404446,3.8215413951547816e-05
7.938509702682495,5.0,0.012031249701976776,0.0,6.83593752910383e-05,-3.0,-0.015034179203212261,0.5,0.00011056408402509987,-5.468750023283065e-05,1.4728286259924062e-05,-0.25,-0.00023248970683198422,2.2078242202100665e-05,5.076095840195194e-05,-0.06698673230991699,-0.07063066959381104,3.141592653589793,3.141395092010498,-0.0009315779316239059,-0.003655994776636362,-2.250275429105386e-05
7.94328761100769,5.0,0.012031249701976776,0.0,6.83593752910383e-05,-3.0,-0.015034179203212261,0.5,0.00011056408402509987,-5.468750023283065e-05,1.4728286259924062e-05,-0.25,-0.00023248970683198422,2.2084875447384338e-05,5.076095840195194e-05,-0.06698673230991699,-0.07063066959381104,3.141592653589793,3.141395092010498,-0.0009315779316239059,-0.003655994776636362,-2.250275429105386e-05
7.947867393493652,5.0,0.012031249701976776,0.0,6.83593752910383e-05,-3.0,-0.015034179203212261,0.5,0.00013540699728764594,-5.468750023283065e-05,-1.768863330653403e-05,-0.25,-0.0002729260886553675,-5.2584427949443836e-05,5.076095840195194e-05,-0.06692950641543051,-0.07063066959381104,3.141592653589793,3.141395092010498,-0.0005081864073872566,-0.003307908773422241,6.801165000069886e-05
7.952737808227539,5.0,0.012031249701976776,0.0,6.83593752910383e-05,-3.0,-0.015034179203212261,0.5,0.00013540699728764594,-5.468750023283065e-05,-1.768863330653403e-05,-0.25,-0.0002729260886553675,1.8201838031196657e-05,5.076095840195194e-05,-0.06698375116032548,-0.07063066959381104,3.141592653589793,3.141395092010498,-0.0005081864073872566,-0.003307908773422241,6.801165000069886e-05
7.957436561584473,5.0,0.012031249701976776,0.0,6.83593752910383e-05,-3.0,-0.015034179203212261,0.5,0.00012115530262235552,-5.468750023283065e-05,-0.00014169646601658314,-0.25,-0.00019983768288511783,-0.0002606037331884221,5.076095840195194e-05,-0.06701579216333084,-0.07063066959381104,3.141592653589793,3.141395092010498,-0.002379282610490918,-0.003077281638979912,-0.0001765382185112685
7.962198734283447,5.0,0.012031249701976776,0.0,6.83593752910383e-05,-3.0,-0.015034179203212261,0.5,0.00012115530262235552,-5.468750023283065e-05,-0.00014169646601658314,-0.25,-0.00019983768288511783,3.30443439816114e-06,5.076095840195194e-05,-0.06698546136368531,-0.07063066959381104,3.141592653589793,3.141395092010498,-0.002379282610490918,-0.003077281638979912,-0.0001765382185112685
7.9670045375823975,5.0,0.012031249701976776,0.0,6.83593752910383e-05,-3.0,-0.015034179203212261,0.5,6.197571929078549e-05,-5.468750023283065e-05,5.970757774775848e-05,-0.25,-0.00021788179583381861,0.0004465689902017476,5.076095840195194e-05,-0.06711570483117578,-0.07063066959381104,3.141592653589793,3.141395092010498,-0.00048008718295022845,-0.0023205080069601536,0.00036876124795526266
7.971785068511963,5.0,0.012031249701976776,0.0,6.83593752910383e-05,-3.0,-0.015034179203212261,0.5,6.197571929078549e-05,-5.468750023283065e-05,5.970757774775848e-05,-0.25,-0.00021788179583381861,2.7494852238914515e-05,5.076095840195194e-05,-0.0669925629136851,-0.07063066959381104,3.141592653589793,3.141395092010498,-0.00048008718295022845,-0.0023205080069601536,0.00036876124795526266
7.976650714874268,5.0,0.012031249701976776,0.0,6.83593752910383e-05,-3.0,-0.015034179203212261,0.5,8.012071339180693e-05,-5.468750023283065e-05,8.39243148220703e-06,-0.25,-0.00018079161236528307,-8.412101892235468e-05,5.076095840195194e-05,-0.066953093461601,-0.07063066959381104,3.141592653589793,3.141395092010498,-0.0012562251649796963,-0.00239253556355834,1.6593839973211288e-06
7.981456756591797,5.0,0.012031249701976776,0.0,6.83593752910383e-05,-3.0,-0.015034179203212261,0.5,8.012071339180693e-05,-5.468750023283065e-05,8.39243148220703e-06,-0.25,-0.00018079161236528307,2.134923647552124e-05,5.076095840195194e-05,-0.06699038551439299,-0.07063066959381104,3.141592653589793,3.141395092010498,-0.000414182897657156,-0.0020903553813695908,3.327960439492017e-05
7.98604679107666,5.0,0.012031249701976776,0.0,6.83593752910383e-05,-3.0,-0.015034179203212261,0.5,8.012071339180693e-05,-5.468750023283065e-05,8.39243148220703e-06,-0.25,-0.00018079161236528307,2.135502725675874e-05,5.076095840195194e-05,-0.06699038551439299,-0.07063066959381104,3.141592653589793,3.141395092010498,-0.000414182897657156,-0.0020903553813695908,3.327960439492017e-05
7.990408658981323,5.0,0.012031249701976776,0.0,6.83593752910383e-05,-3.0,-0.015034179203212261,0.5,9.325928840553388e-05,-5.468750023283065e-05,-0.00011523768625920638,-0.25,-0.00014326571545097977,-0.0002769197567099697,5.076095840195194e-05,-0.0669586874436125,-0.07063066959381104,3.141592653589793,3.141395092010498,-0.0009669646387919784,-0.002166343154385686,-5.813813186250627e-05
7.995493650436401,5.0,0.012031249701976776,0.0,6.83593752910383e-05,-3.0,-0.015034179203212261,0.5,9.325928840553388e-05,-5.468750023283065e-05,-0.00011523768625920638,-0.25,-0.00014326571545097977,6.5079729459571834e-06,5.076095840195194e-05,-0.06698880888539133,-0.07063066959381104,3.141592653589793,3.141395092010498,-0.0009669646387919784,-0.002166343154385686,-5.813813186250627e-05
8.000417947769165,5.0,0.012031249701976776,0.0,6.83593752910383e-05,-3.0,-0.015034179203212261,0.5,9.213558951159939e-05,-5.468750023283065e-05,-2.688389395189006e-05,-0.25,-0.0001504099345766008,0.00019653732843012353,5.076095840195194e-05,-0.06699122567695186,-0.07063066959381104,3.141592653589793,3.141395092010498,0.00034380549914203584,-0.0019396878778934479,9.514173143543303e-05
8.005144357681274,5.0,0.012031249701976776,0.0,6.83593752910383e-05,-3.0,-0.015034179203212261,0.5,9.213558951159939e-05,-5.468750023283065e-05,-2.688389395189006e-05,-0.25,-0.0001504099345766008,1.711579451212652e-05,5.076095840195194e-05,-0.06698894372925861,-0.07063066959381104,3.141592653589793,3.141395092010498,0.00034380549914203584,-0.0019396878778934479,9.514173143543303e-05
8.00998592376709,5.0,0.012031249701976776,0.0,6.83593752910383e-05,-3.0,-0.015034179203212261,0.5,8.555821841582656e-05,-5.468750023283065e-05,8.676265679241624e-06,-0.25,-0.0001731681841192767,1.7118486772071186e-05,5.076095840195194e-05,-0.06698894372925861,-0.07063066959381104,3.141592653589793,3.141395092010498,1.596070251252968e-05,-0.0020535439252853394,6.578786997124553e-05
8.014570474624634,5.0,0.012031249701976776,0.0,6.83593752910383e-05,-3.0,-0.015034179203212261,0.5,8.555821841582656e-05,-5.468750023283065e-05,8.676265679241624e-06,-0.25,-0.0001731681841192767,9.895671410057311e-05,5.076095840195194e-05,-0.06700407983052342,-0.07063066959381104,3.141592653589793,3.141395092010498,1.596070251252968e-05,-0.0020535439252853394,6.578786997124553e-05
8.019551277160645,5.0,0.012031249701976776,0.0,6.83593752910383e-05,-3.0,-0.015034179203212261,0.5,8.887834701454267e-05,-5.468750023283065e-05,-0.00010649485921021551,-0.25,-0.0001423311186954379,-0.00022366423592852042,5.076095840195194e-05,-0.06698266874767513,-0.07063066959381104,3.141592653589793,3.141395092010498,-0.0038570521865040064,-0.0026748853269964457,-4.040759813506156e-05
8.024022817611694,5.0,0.012031249701976776,0.0,6.83593752910383e-05,-3.0,-0.015034179203212261,0.5,8.887834701454267e-05,-5.468750023283065e-05,-0.00010649485921021551,-0.25,-0.0001423311186954379,7.56118681069296e-06,5.076095840195194e-05,-0.06698933459835825,-0.07063066959381104,3.141592653589793,3.141395092010498,-0.0038570521865040064,-0.0026748853269964457,-4.040759813506156e-05
8.028615713119507,5.0,0.012031249701976776,0.0,6.83593752910383e-05,-3.0,-0.015034179203212261,0.5,8.887834701454267e-05,-5.468750023283065e-05,-0.00010649485921021551,-0.25,-0.0001423311186954379,7.556427894966582e-06,5.076095840195194e-05,-0.06698933459835825,-0.07063066959381104,3.141592653589793,3.141395092010498,-0.00011700020695570856,-0.0018922413000836968,8.858361979946494e-05
8.033373594284058,5.0,0.012031249701976776,0.0,6.83593752910383e-05,-3.0,-0.015034179203212261,0.5,7.857375021558255e-05,-5.468750023283065e-05,-1.8455988538335077e-05,-0.25,-0.00014736413140781224,0.00020316251733737466,5.076095840195194e-05,-0.06701222910325748,-0.07063066959381104,3.141592653589793,3.141395092010498,-0.00011700020695570856,-0.0018922413000836968,8.858361979946494e-05
8.037990808486938,5.0,0.012031249701976776,0.0,6.83593752910383e-05,-3.0,-0.015034179203212261,0.5,7.857375021558255e-05,-5.468750023283065e-05,-1.8455988538335077e-05,-0.25,-0.00014736413140781224,1.8127885853141077e-05,5.076095840195194e-05,-0.06699057114997413,-0.07063066959381104,3.141592653589793,3.141395092010498,-0.0005163941532373428,-0.0019221777329221368,-1.510557922301814e-05
8.042861223220825,5.0,0.012031249701976776,0.0,6.83593752910383e-05,-3.0,-0.015034179203212261,0.5,7.766067574266344e-05,-5.468750023283065e-05,-1.100258668884635e-05,-0.25,-0.0001314675755565986,3.432997268407834e-05,5.076095840195194e-05,-0.0669925554555048,-0.07063066959381104,3.141592653589793,3.141395092010498,-0.0005163941532373428,-0.0019221777329221368,-1.510557922301814e-05
8.047467708587646,5.0,0.012031249701976776,0.0,6.83593752910383e-05,-3.0,-0.015034179203212261,0.5,7.766067574266344e-05,-5.468750023283065e-05,-1.100258668884635e-05,-0.25,-0.0001314675755565986,1.9030574026311014e-05,5.076095840195194e-05,-0.06699068071891087,-0.07063066959381104,3.141592653589793,3.141395092010498,-0.00047149782767519355,-0.0018477975390851498,5.291343040880747e-05
8.052306652069092,5.0,0.012031249701976776,0.0,6.83593752910383e-05,-3.0,-0.015034179203212261,0.5,7.433492282871157e-05,-5.468750023283065e-05,-0.00020169522031210363,-0.25,-8.606135816080496e-05,-0.00039794583703451817,5.076095840195194e-05,-0.06699795269985476,-0.07063066959381104,3.141592653589793,3.141395092010498,-0.004119520075619221,-0.0024242938961833715,-7.996894419193268e-05
8.057007551193237,5.0,0.012031249701976776,0.0,6.83593752910383e-05,-3.0,-0.015034179203212261,0.5,7.433492282871157e-05,-5.468750023283065e-05,-0.00020169522031210363,-0.25,-8.606135816080496e-05,-3.8805906187071194e-06,5.076095840195194e-05,-0.06699107980926056,-0.07063066959381104,3.141592653589793,3.141395092010498,-0.004119520075619221,-0.0024242938961833715,-7.996894419193268e-05
8.061666011810303,5.0,0.012031249701976776,0.0,6.83593752910383e-05,-3.0,-0.015034179203212261,0.5,7.433492282871157e-05,-5.468750023283065e-05,-0.00020169522031210363,-0.25,-8.606135816080496e-05,-3.894287212194996e-06,5.076095840195194e-05,-0.06699107980926056,-0.07063066959381104,3.141592653589793,3.141395092010498,-0.00022877258015796542,-0.001757559017278254,4.871046985499561e-05
8.066441059112549,5.0,0.012031249701976776,0.0,6.83593752910383e-05,-3.0,-0.015034179203212261,0.5,6.578669126611203e-05,-5.468750023283065e-05,1.3680073607247323e-05,-0.25,-0.00014896511856932193,0.0004730005450447163,5.076095840195194e-05,-0.06701000747533643,-0.07063066959381104,3.141592653589793,3.141395092010498,-0.00022877258015796542,-0.001757559017278254,4.871046985499561e-05
8.070841550827026,5.0,0.012031249701976776,0.0,6.83593752910383e-05,-3.0,-0.015034179203212261,0.5,6.578669126611203e-05,-5.468750023283065e-05,1.3680073607247323e-05,-0.25,-0.00014896511856932193,2.1963294244952083e-05,5.076095840195194e-05,-0.06699210559704807,-0.07063066959381104,3.141592653589793,3.141395092010498,-0.0009746463620103896,-0.001984329428523779,-1.3349159416975453e-05
8.075417041778564,5.0,0.012031249701976776,0.0,6.83593752910383e-05,-3.0,-0.015034179203212261,0.5,6.607554678339511e-05,-5.468750023283065e-05,8.698500096215867e-06,-0.25,-0.00014113068755250424,1.048378895419696e-05,5.076095840195194e-05,-0.06699143962395321,-0.07063066959381104,3.141592653589793,3.141395092010498,-0.0009746463620103896,-0.001984329428523779,-1.3349159416975453e-05
8.080188274383545,5.0,0.012031249701976776,0.0,6.83593752910383e-05,-3.0,-0.015034179203212261,0.5,6.607554678339511e-05,-5.468750023283065e-05,8.698500096215867e-06,-0.25,-0.00014113068755250424,2.137735445207689e-05,5.076095840195194e-05,-0.066992070934386,-0.07063066959381104,3.141592653589793,3.141395092010498,-0.000337937701260671,-0.001699379994533956,5.983456503599882e-06
8.08486557006836,5.0,0.012031249701976776,0.0,6.83593752910383e-05,-3.0,-0.015034179203212261,0.5,6.607554678339511e-05,-5.468750023283065e-05,8.698500096215867e-06,-0.25,-0.00014113068755250424,2.1383283953393224e-05,5.076095840195194e-05,-0.066992070934386,-0.07063066959381104,3.141592653589793,3.141395092010498,-0.000337937701260671,-0.001699379994533956,5.983456503599882e-06
8.089759826660156,5.0,0.012031249701976776,0.0,6.83593752910383e-05,-3.0,-0.015034179203212261,0.5,4.8466772568644956e-05,-5.468750023283065e-05,0.00015787436859682202,-0.25,-0.0001136803621193394,0.00034410300364482794,5.076095840195194e-05,-0.06703016243240284,-0.07063066959381104,3.141592653589793,3.141395092010498,-0.0016606398858129978,-0.0017291523981839418,-0.00019291126227471977
8.094500541687012,5.0,0.012031249701976776,0.0,6.83593752910383e-05,-3.0,-0.015034179203212261,0.5,4.8466772568644956e-05,-5.468750023283065e-05,0.00015787436859682202,-0.25,-0.0001136803621193394,3.932534872493359e-05,5.076095840195194e-05,-0.06699418398729176,-0.07063066959381104,3.141592653589793,3.141395092010498,-0.0016606398858129978,-0.0017291523981839418,-0.00019291126227471977
8.099376440048218,5.0,0.012031249701976776,0.0,6.83593752910383e-05,-3.0,-0.015034179203212261,0.5,5.9125348343513906e-05,-5.468750023283065e-05,1.2072543540853076e-05,-0.25,-0.00010871648555621505,-0.0002771899225615392,5.076095840195194e-05,-0.06697104524131117,-0.07063066959381104,3.141592653589793,3.141395092010498,2.4938544811448082e-05,-0.001390041783452034,6.307028525043279e-05
8.104122638702393,5.0,0.012031249701976776,0.0,6.83593752910383e-05,-3.0,-0.015034179203212261,0.5,5.9125348343513906e-05,-5.468750023283065e-05,1.2072543540853076e-05,-0.25,-0.00010871648555621505,2.1841977150576145e-05,5.076095840195194e-05,-0.06699290495819878,-0.07063066959381104,3.141592653589793,3.141395092010498,-6.858220149297267e-05,-0.001381003181450069,-5.90041781833861e-06
8.10888957977295,5.0,0.012031249701976776,0.0,6.83593752910383e-05,-3.0,-0.015034179203212261,0.5,6.565764488186687e-05,-5.468750023283065e-05,-2.182571370212827e-05,-0.25,-9.792565833777189e-05,-5.3333812027611045e-05,5.076095840195194e-05,-0.06697841775286525,-0.07063066959381104,3.141592653589793,3.141395092010498,-6.858220149297267e-05,-0.001381003181450069,-5.90041781833861e-06
8.113640546798706,5.0,0.012031249701976776,0.0,6.83593752910383e-05,-3.0,-0.015034179203212261,0.5,6.565764488186687e-05,-5.468750023283065e-05,-2.182571370212827e-05,-0.25,-9.792565833777189e-05,1.778044179069998e-05,5.076095840195194e-05,-0.06699212108261418,-0.07063066959381104,3.141592653589793,3.141395092010498,-0.0009630187996663153,-0.001612160005606711,5.693582352250814e-07
8.11826467514038,5.0,0.012031249701976776,0.0,6.83593752910383e-05,-3.0,-0.015034179203212261,0.5,5.857467476744205e-05,-5.468750023283065e-05,-0.00016159523511305451,-0.25,-6.387114262906834e-05,-0.000301263124684644,5.076095840195194e-05,-0.0670082884558275,-0.07063066959381104,3.141592653589793,3.141395092010498,-0.0009630187996663153,-0.001612160005606711,5.693582352250814e-07
8.122984647750854,5.0,0.012031249701976776,0.0,6.83593752910383e-05,-3.0,-0.015034179203212261,0.5,5.857467476744205e-05,-5.468750023283065e-05,-0.00016159523511305451,-0.25,-6.387114262906834e-05,9.881200880431063e-07,5.076095840195194e-05,-0.0669929710390279,-0.07063066959381104,3.141592653589793,3.141395092010498,-0.0001950956357177347,-0.0013425264041870832,-2.0929350284859538e-05
8.127573013305664,5.0,0.012031249701976776,0.0,6.83593752910383e-05,-3.0,-0.015034179203212261,0.5,5.857467476744205e-05,-5.468750023283065e-05,-0.00016159523511305451,-0.25,-6.387114262906834e-05,9.783094526777648e-07,5.076095840195194e-05,-0.0669929710390279,-0.07063066959381104,3.141592653589793,3.141395092010498,-0.0001950956357177347,-0.0013425264041870832,-2.0929350284859538e-05
8.132364749908447,5.0,0.012031249701976776,0.0,6.83593752910383e-05,-3.0,-0.015034179203212261,0.5,6.556168227689341e-05,-5.468750023283065e-05,-1.3079095879220404e-05,-0.25,-0.00010091662261402234,0.00032874643532950545,5.076095840195194e-05,-0.06697755123005786,-0.07063066959381104,3.141592653589793,3.141395092010498,-0.00020992021018173546,-0.0014771386049687862,4.0067025111056864e-05
8.136985778808594,5.0,0.012031249701976776,0.0,6.83593752910383e-05,-3.0,-0.015034179203212261,0.5,6.556168227689341e-05,-5.468750023283065e-05,-1.3079095879220404e-05,-0.25,-0.00010091662261402234,1.8808079163800488e-05,5.076095840195194e-05,-0.06699213259812678,-0.07063066959381104,3.141592653589793,3.141395092010498,-0.00020992021018173546,-0.0014771386049687862,4.0067025111056864e-05
8.14179277420044,5.0,0.012031249701976776,0.0,6.83593752910383e-05,-3.0,-0.015034179203212261,0.5,6.409853813238442e-05,-5.468750023283065e-05,-1.883714685391169e-05,-0.25,-0.00010458528413437307,6.142077286353769e-06,5.076095840195194e-05,-0.06699535195646662,-0.07063066959381104,3.141592653589793,3.141395092010498,-0.0010229827603325248,-0.001646510325372219,-7.970396836753935e-06
8.14661717414856,5.0,0.012031249701976776,0.0,6.83593752910383e-05,-3.0,-0.015034179203212261,0.5,6.409853813238442e-05,-5.468750023283065e-05,-1.883714685391169e-05,-0.25,-0.00010458528413437307,1.8124018825366933e-05,5.076095840195194e-05,-0.06699230817542412,-0.07063066959381104,3.141592653589793,3.141395092010498,-0.0010229827603325248,-0.001646510325372219,-7.970396836753935e-06
8.151386260986328,5.0,0.012031249701976776,0.0,6.83593752910383e-05,-3.0,-0.015034179203212261,0.5,3.6766974517377093e-05,-5.468750023283065e-05,0.00017015566118061543,-0.25,-9.227514237863943e-05,0.0004371118039956268,5.076095840195194e-05,-0.06705289780987922,-0.07063066959381104,3.141592653589793,3.141395092010498,0.0017563160508871078,-0.0015167411183938384,0.0009708894067443907
8.156115055084229,5.0,0.012031249701976776,0.0,6.83593752910383e-05,-3.0,-0.015034179203212261,0.5,3.6766974517377093e-05,-5.468750023283065e-05,0.00017015566118061543,-0.25,-9.227514237863943e-05,4.084586646103627e-05,5.076095840195194e-05,-0.0669955879630579,-0.07063066959381104,3.141592653589793,3.141395092010498,0.0017563160508871078,-0.0015167411183938384,0.0009708894067443907
8.160923957824707,5.0,0.012031249701976776,0.0,6.83593752910383e-05,-3.0,-0.015034179203212261,0.5,3.6766974517377093e-05,-5.468750023283065e-05,0.00017015566118061543,-0.25,-9.227514237863943e-05,4.086749143893825e-05,5.076095840195194e-05,-0.0669955879630579,-0.07063066959381104,3.141592653589793,3.141395092010498,-0.00044828589307144284,-0.00121082563418895,-4.205785080557689e-05
8.165760040283203,5.0,0.012031249701976776,0.0,6.83593752910383e-05,-3.0,-0.015034179203212261,0.5,5.710959158022888e-05,-5.468750023283065e-05,-3.1633451726520434e-05,-0.25,-6.125211803009734e-05,-0.0004006023591029281,5.076095840195194e-05,-0.0669510826012697,-0.07063066959381104,3.141592653589793,3.141395092010498,-0.00044828589307144284,-0.00121082563418895,-4.205785080557689e-05
8.17036247253418,5.0,0.012031249701976776,0.0,6.83593752910383e-05,-3.0,-0.015034179203212261,0.5,5.710959158022888e-05,-5.468750023283065e-05,-3.1633451726520434e-05,-0.25,-6.125211803009734e-05,1.6657149809600743e-05,5.076095840195194e-05,-0.06699314684901037,-0.07063066959381104,3.141592653589793,3.141395092010498,0.00014376161561813205,-0.0008746208623051643,2.5968736736103892e-05
8.175281286239624,5.0,0.012031249701976776,0.0,6.83593752910383e-05,-3.0,-0.015034179203212261,0.5,4.760369483847171e-05,-5.468750023283065e-05,-3.181701322318986e-05,-0.25,-3.426074908929877e-05,1.6264189889842754e-05,5.076095840195194e-05,-0.06701361314467984,-0.07063066959381104,3.141592653589793,3.141395092010498,0.00014376161561813205,-0.0008746208623051643,2.5968736736103892e-05
8.179917573928833,5.0,0.012031249701976776,0.0,6.83593752910383e-05,-3.0,-0.015034179203212261,0.5,4.760369483847171e-05,-5.468750023283065e-05,-3.181701322318986e-05,-0.25,-3.426074908929877e-05,1.6639493026446855e-05,5.076095840195194e-05,-0.06699428755661938,-0.07063066959381104,3.141592653589793,3.141395092010498,0.0005767492693848908,-0.0006221759249456227,3.324046338093467e-05
8.184699296951294,5.0,0.012031249701976776,0.0,6.83593752910383e-05,-3.0,-0.015034179203212261,0.5,-3.0964611141826026e-07,-5.468750023283065e-05,0.00017528449825476855,-0.25,-8.029937816900201e-06,0.0004746243068610332,5.076095840195194e-05,-0.06710023815354427,-0.07063066959381104,3.141592653589793,3.141395092010498,0.0005767492693848908,-0.0006221759249456227,3.324046338093467e-05
8.189528942108154,5.0,0.012031249701976776,0.0,6.83593752910383e-05,-3.0,-0.015034179203212261,0.5,-3.0964611141826026e-07,-5.468750023283065e-05,0.00017528449825476855,-0.25,-8.029937816900201e-06,4.1535881314769835e-05,5.076095840195194e-05,-0.06700003715753336,-0.07063066959381104,3.141592653589793,3.141395092010498,-0.005445565562695265,-0.0016888069221749902,1.2056378182023764e-05
8.194370746612549,5.0,0.012031249701976776,0.0,6.83593752910383e-05,-3.0,-0.015034179203212261,0.5,-3.0964611141826026e-07,-5.468750023283065e-05,0.00017528449825476855,-0.25,-8.029937816900201e-06,4.155815090393308e-05,5.076095840195194e-05,-0.06700003715753336,-0.07063066959381104,3.141592653589793,3.141395092010498,-0.005445565562695265,-0.0016888069221749902,1.2056378182023764e-05
8.19906735420227,5.0,0.012031249701976776,0.0,6.83593752910383e-05,-3.0,-0.015034179203212261,0.5,-2.8837471290898975e-06,-5.468750023283065e-05,1.9172772226738743e-05,-0.25,2.0388364646350965e-05,-0.00030956084434422676,5.076095840195194e-05,-0.06700582681629076,-0.07063066959381104,3.141592653589793,3.141395092010498,0.00030274101300165057,0.0001244697195943445,1.2101728316338267e-05
8.203917026519775,5.0,0.012031249701976776,0.0,6.83593752910383e-05,-3.0,-0.015034179203212261,0.5,-2.8837471290898975e-06,-5.468750023283065e-05,1.9172772226738743e-05,-0.25,2.0388364646350965e-05,2.283884559726796e-05,5.076095840195194e-05,-0.06700034604965549,-0.07063066959381104,3.141592653589793,3.141395092010498,0.0008724403451196849,0.0005199833540245891,1.7882881365949288e-05
8.20882773399353,5.0,0.012031249701976776,0.0,6.83593752910383e-05,-3.0,-0.015034179203212261,0.5,-1.9690840417752042e-05,-5.468750023283065e-05,4.476045069168322e-05,-0.25,8.791089203441516e-05,7.802502445330062e-05,5.076095840195194e-05,-0.06703658830193232,-0.07063066959381104,3.141592653589793,3.141395092010498,0.0008724403451196849,0.0005199833540245891,1.7882881365949288e-05
8.21358609199524,5.0,0.012031249701976776,0.0,6.83593752910383e-05,-3.0,-0.015034179203212261,0.5,-1.9690840417752042e-05,-5.468750023283065e-05,4.476045069168322e-05,-0.25,8.791089203441516e-05,2.592859838803909e-05,5.076095840195194e-05,-0.06700236290085013,-0.07063066959381104,3.141592653589793,3.141395092010498,-0.0006398236728273332,0.00037322210846468806,2.4749791919020936e-05
8.2181236743927,5.0,0.012031249701976776,0.0,6.83593752910383e-05,-3.0,-0.015034179203212261,0.5,-2.7293710445519537e-05,-5.468750023283065e-05,7.07495491951704e-05,-0.25,0.0001646077580517158,8.633388389969072e-05,5.076095840195194e-05,-0.06702003057741453,-0.07063066959381104,3.141592653589793,3.141395092010498,-0.0006398236728273332,0.00037322210846468806,2.4749791919020936e-05
8.22286057472229,5.0,0.012031249701976776,0.0,6.83593752910383e-05,-3.0,-0.015034179203212261,0.5,-2.7293710445519537e-05,-5.468750023283065e-05,7.07495491951704e-05,-0.25,0.0001646077580517158,2.90705574834226e-05,5.076095840195194e-05,-0.06700327524525346,-0.07063066959381104,3.141592653589793,3.141395092010498,-0.002322356216609478,0.0002405396953690797,-0.00014431501040235162
8.227457046508789,5.0,0.012031249701976776,0.0,6.83593752910383e-05,-3.0,-0.015034179203212261,0.5,-2.6235282348352484e-05,-5.468750023283065e-05,4.0371418435825035e-05,-0.25,0.00047747133066877723,-4.0656185494449335e-05,5.076095840195194e-05,-0.06700084553706057,-0.07063066959381104,3.141592653589793,3.141395092010498,-0.002322356216609478,0.0002405396953690797,-0.00014431501040235162
8.232068061828613,5.0,0.012031249701976776,0.0,6.83593752910383e-05,-3.0,-0.015034179203212261,0.5,-2.6235282348352484e-05,-5.468750023283065e-05,4.0371418435825035e-05,-0.25,0.00047747133066877723,2.544268686766081e-05,5.076095840195194e-05,-0.0670031482338818,-0.07063066959381104,3.141592653589793,3.141395092010498,0.0017774472944438457,0.0003764781286008656,0.0002180878072977066
8.236912727355957,5.0,0.012031249701976776,0.0,6.83593752910383e-05,-3.0,-0.015034179203212261,0.5,-2.9668806746485643e-05,-5.468750023283065e-05,7.876561721786857e-05,-0.25,0.0006188052939251065,0.00010931338478640996,5.076095840195194e-05,-0.06701064748373732,-0.07063066959381104,3.141592653589793,3.141395092010498,0.0017774472944438457,0.0003764781286008656,0.0002180878072977066
8.241751909255981,5.0,0.012031249701976776,0.0,6.83593752910383e-05,-3.0,-0.015034179203212261,0.5,-2.9668806746485643e-05,-5.468750023283065e-05,7.876561721786857e-05,-0.25,0.0006188052939251065,3.0075837514068018e-05,5.076095840195194e-05,-0.06700356025680958,-0.07063066959381104,3.141592653589793,3.141395092010498,0.001021100557409227,0.00033621510374359787,0.0002132428635377437
8.24657392501831,5.0,0.012031249701976776,0.0,6.83593752910383e-05,-3.0,-0.015034179203212261,0.5,-2.9668806746485643e-05,-5.468750023283065e-05,7.876561721786857e-05,-0.25,0.0006188052939251065,3.0088707774785602e-05,5.076095840195194e-05,-0.06700356025680958,-0.07063066959381104,3.141592653589793,3.141395092010498,0.001021100557409227,0.00033621510374359787,0.0002132428635377437
8.251347541809082,5.0,0.012031249701976776,0.0,6.83593752910383e-05,-3.0,-0.015034179203212261,0.5,-3.798469697358087e-05,-5.468750023283065e-05,9.165791561827064e-05,-0.25,0.0006372213247232139,5.865715675516403e-05,4.4718799472320825e-05,-0.06702197868688278,-0.07059692591428757,3.141592653589793,3.1413872241973877,-0.00430587911978364,0.003660120302811265,-7.434033614117652e-05
8.256164789199829,5.0,0.012031249701976776,0.0,6.83593752910383e-05,-3.0,-0.015034179203212261,0.5,-3.798469697358087e-05,-5.468750023283065e-05,9.165791561827064e-05,-0.25,0.0006372213247232139,3.1663855162974164e-05,4.4718799472320825e-05,-0.06700455816363682,-0.07059692591428757,3.141592653589793,3.1413872241973877,-0.00430587911978364,0.003660120302811265,-7.434033614117652e-05
8.260685920715332,5.0,0.012031249701976776,0.0,6.83593752910383e-05,-3.0,-0.015029296278953552,0.5,-0.0001584029960213229,-5.468750023283065e-05,-3.2974479836411774e-05,-0.25,0.0005359369679354131,-0.0002589564480947595,4.4718799472320825e-05,-0.06728535384988228,-0.07059692591428757,3.141592653589793,3.1413872241973877,-0.0001624474534764886,0.0018382756970822811,0.0001773315016180277
8.265552997589111,5.0,0.012031249701976776,0.0,6.83593752910383e-05,-3.0,-0.015029296278953552,0.5,-0.0001584029960213229,-5.468750023283065e-05,-3.2974479836411774e-05,-0.25,0.0005359369679354131,1.671204463561712e-05,4.4718799472320825e-05,-0.06701900835952256,-0.07059692591428757,3.141592653589793,3.1413872241973877,-0.0001624474534764886,0.0018382756970822811,0.0001773315016180277
8.270506381988525,5.0,0.012031249701976776,0.0,6.83593752910383e-05,-3.0,-0.015029296278953552,0.5,-6.222345109563321e-05,-5.468750023283065e-05,5.750068157794885e-05,-0.25,0.0010486877290531993,0.00021023339897465493,4.4718799472320825e-05,-0.06681329746006909,-0.07059692591428757,3.141592653589793,3.1413872241973877,-0.00011849482689285651,0.0003178739862050861,0.000264726928435266
8.27525520324707,5.0,0.012031249701976776,0.0,6.83593752910383e-05,-3.0,-0.015029296278953552,0.5,-6.222345109563321e-05,-5.468750023283065e-05,5.750068157794885e-05,-0.25,0.0010486877290531993,2.759083346158681e-05,4.4718799472320825e-05,-0.06700746681413147,-0.07059692591428757,3.141592653589793,3.1413872241973877,-0.00011849482689285651,0.0003178739862050861,0.000264726928435266
8.279940128326416,5.0,0.012031249701976776,0.0,6.83593752910383e-05,-3.0,-0.015024413354694843,0.5,-0.00019537548359949142,-5.468750023283065e-05,6.687788118142635e-05,-0.25,0.000956971023697406,4.874317534099539e-05,6.546964141307399e-05,-0.06730765885067268,-0.07054471224546432,3.141592653589793,3.1413896083831787,0.00033161864848807454,0.003694716142490506,0.00021725735859945416
8.284701585769653,5.0,0.012031249701976776,0.0,6.83593752910383e-05,-3.0,-0.015024413354694843,0.5,-0.00019537548359949142,-5.468750023283065e-05,6.687788118142635e-05,-0.25,0.000956971023697406,2.8739064475890966e-05,4.3769639887614176e-05,-0.06702344505803193,-0.07045864313840866,3.141592653589793,3.14139986038208,0.0016383819747716188,0.0050237346440553665,0.0010643820278346539
8.289199113845825,5.0,0.012031249701976776,0.0,6.83593752910383e-05,-3.0,-0.0150146484375,0.5,-0.00015679396165069193,-5.468750023283065e-05,3.071665560128167e-05,-0.25,0.0012819516705349088,-5.5995045891328804e-05,4.3769639887614176e-05,-0.06693303143748675,-0.07045864313840866,3.141592653589793,3.14139986038208,0.0016383819747716188,0.0050237346440553665,0.0010643820278346539
8.294100046157837,5.0,0.012031249701976776,0.0,6.83593752910383e-05,-3.0,-0.0150146484375,0.5,-0.00015679396165069193,-5.468750023283065e-05,3.071665560128167e-05,-0.25,0.0012819516705349088,2.441577075778547e-05,6.040699008735828e-05,-0.06701881527539807,-0.07043015956878662,3.141592653589793,3.141399621963501,-0.0012515252456068993,0.00850712414830923,0.00011858082871185616
8.299004316329956,5.0,0.012031249701976776,0.0,6.83593752910383e-05,-3.0,-0.0150146484375,0.5,-0.00015679396165069193,-5.468750023283065e-05,3.071665560128167e-05,-0.25,0.0012819516705349088,2.4424147658866114e-05,6.040699008735828e-05,-0.06701881527539807,-0.07043015956878662,3.141592653589793,3.141399621963501,-0.0012515252456068993,0.00850712414830923,0.00011858082871185616
8.303478240966797,5.0,0.012031249701976776,0.0,6.83593752910383e-05,-3.0,-0.015009765513241291,0.5,-0.00034914290881715715,-5.468750023283065e-05,0.00011444980918895453,-0.25,0.0008514862856827676,0.00022164542758723076,6.676367047475651e-05,-0.06747183051356437,-0.07037723064422607,3.141592653589793,3.141399621963501,0.002805834636092186,0.007528450805693865,-1.1887867003679276e-05
8.308064222335815,5.0,0.012031249701976776,0.0,6.83593752910383e-05,-3.0,-0.015009765513241291,0.5,-0.00034914290881715715,-5.468750023283065e-05,0.00011444980918895453,-0.25,0.0008514862856827676,3.450277345189576e-05,6.676367047475651e-05,-0.06704189714905806,-0.07037723064422607,3.141592653589793,3.141399621963501,0.002805834636092186,0.007528450805693865,-1.1887867003679276e-05
8.312508344650269,5.0,0.012031249701976776,0.0,6.83593752910383e-05,-3.0,-0.015004882588982582,0.5,-0.00046821808791719377,-5.468750023283065e-05,5.210265226196498e-05,-0.25,0.0007680338458158076,-0.00011326066490092692,6.362210115185007e-05,-0.06732412474351143,-0.07031834125518799,3.141592653589793,3.1414008140563965,-5.143280759511981e-06,0.00933510810136795,0.00041165301809087396
8.31713056564331,5.0,0.012031249701976776,0.0,6.83593752910383e-05,-3.0,-0.015004882588982582,0.5,-0.00046821808791719377,-5.468750023283065e-05,5.210265226196498e-05,-0.25,0.0007680338458158076,2.704047854434457e-05,6.362210115185007e-05,-0.06705618617055006,-0.07031834125518799,3.141592653589793,3.1414008140563965,-5.143280759511981e-06,0.00933510810136795,0.00041165301809087396
8.321939468383789,5.0,0.012031249701976776,0.0,6.83593752910383e-05,-3.0,-0.015004882588982582,0.5,-0.00046821808791719377,-5.468750023283065e-05,5.210265226196498e-05,-0.25,0.0007680338458158076,2.7050749413484333e-05,4.140383316553198e-05,-0.06705618617055006,-0.0701526403427124,3.141592653589793,3.1414132118225098,-0.007421479560434818,0.014202209189534187,-0.004838875494897366
8.326313018798828,5.0,0.012031249701976776,0.0,7.812499825377017e-05,-3.0,-0.014990233816206455,0.5,-0.000493725121486932,-0.0002857882206651516,0.0011302981292828918,-0.25,0.0020780854392796755,0.0031779590857769456,4.140383316553198e-05,-0.06711756812934604,-0.0701526403427124,3.141592653589793,3.1414132118225098,-0.007421479560434818,0.014202209189534187,-0.004838875494897366
8.331021070480347,5.0,0.012031249701976776,0.0,7.812499825377017e-05,-3.0,-0.014990233816206455,0.5,-0.000493725121486932,-6.249999860301614e-05,0.0011302981292828918,-0.25,0.0020780854392796755,-0.00031666095426359714,7.3224313382525e-05,-0.06705924701457844,-0.07005452364683151,3.141592653589793,3.141399621963501,0.006706575397402048,0.01384035311639309,0.004470588639378548
8.33580994606018,5.0,0.012031249701976776,0.0,7.812499825377017e-05,-3.0,-0.014970703050494194,0.5,-0.0005906606093049049,-6.249999860301614e-05,0.0010382583132013679,-0.25,0.001921853399835527,-4.5526507650468155e-05,4.1721577872522175e-05,-0.06727329732763061,-0.06987810134887695,3.141592653589793,3.1414101123809814,-0.005487545393407345,0.016631562262773514,-0.00393862696364522
8.340664386749268,5.0,0.012031249701976776,0.0,7.812499825377017e-05,-3.0,-0.014970703050494194,0.5,-0.0005906606093049049,-6.249999860301614e-05,0.0010382583132013679,-0.25,0.001921853399835527,0.00014677540934686744,4.1721577872522175e-05,-0.06707087927311658,-0.06987810134887695,3.141592653589793,3.1414101123809814,-0.005487545393407345,0.016631562262773514,-0.00393862696364522
8.345441579818726,5.0,0.012031249701976776,0.0,6.83593752910383e-05,-3.0,-0.014965820126235485,0.5,-0.0009629650157876313,-6.249999860301614e-05,0.0006586812087334692,-0.25,0.0008889913442544639,0.00014688058004643344,4.1721577872522175e-05,-0.06707087927311658,-0.06987810134887695,3.141592653589793,3.1414101123809814,-0.0042163291946053505,0.013010862283408642,0.005737601313740015
8.3502037525177,5.0,0.012031249701976776,0.0,6.83593752910383e-05,-3.0,-0.014965820126235485,0.5,-0.0009629650157876313,0.00015037904354947698,0.0006586812087334692,-0.25,0.0008889913442544639,-0.0011682536521705833,4.1721577872522175e-05,-0.06789735106640243,-0.06987810134887695,3.141592653589793,3.1414101123809814,-0.0042163291946053505,0.013010862283408642,0.005737601313740015
8.355216026306152,5.0,0.012031249701976776,0.0,6.83593752910383e-05,-3.0,-0.014965820126235485,0.5,-0.0009629650157876313,-5.468750023283065e-05,0.0006586812087334692,-0.25,0.0008889913442544639,0.0005096425277018116,4.5925378799438477e-05,-0.06711555580189452,-0.06983243674039841,3.141592653589793,3.141371965408325,0.005253922659903765,0.023585239425301552,-0.0025125888641923666
8.359956502914429,5.0,0.012031249701976776,0.0,6.83593752910383e-05,-3.0,-0.014965820126235485,0.5,-0.001645763753913343,-5.468750023283065e-05,-0.0014861264498904347,-0.25,-0.0007769566727802157,-0.00468145461790629,4.5925378799438477e-05,-0.06863785048893241,-0.06983243674039841,3.141592653589793,3.141371965408325,0.005253922659903765,0.023585239425301552,-0.0025125888641923666
8.364459753036499,5.0,0.012031249701976776,0.0,6.83593752910383e-05,-3.0,-0.014965820126235485,0.5,-0.001645763753913343,-5.468750023283065e-05,-0.0014861264498904347,-0.25,-0.0007769566727802157,-0.00015712780349913484,6.19928541709669e-05,-0.06719749165046959,-0.06981789320707321,3.141592653589793,3.1413774490356445,-0.0045515806414186954,0.009533822536468506,0.003956189379096031
8.369428873062134,5.0,0.012031249701976776,0.0,6.83593752910383e-05,-3.0,-0.014960937201976776,0.5,-0.0025673508644104004,-5.468750023283065e-05,-0.0011738226749002934,-0.25,-0.0003971040132455528,0.0005087265225708343,6.19928541709669e-05,-0.06916271050019131,-0.06981789320707321,3.141592653589793,3.1413774490356445,-0.0045515806414186954,0.009533822536468506,0.003956189379096031
8.37429404258728,5.0,0.012031249701976776,0.0,6.83593752910383e-05,-3.0,-0.014960937201976776,0.5,-0.0025673508644104004,-5.468750023283065e-05,-0.0011738226749002934,-0.25,-0.0003971040132455528,-0.00011987146848740077,5.190807132748887e-05,-0.06730808210372924,-0.06976877897977829,3.141592653589793,3.1413235664367676,0.003911830484867096,0.047605231404304504,-0.0053659528493881226
8.378975629806519,5.0,0.011992187239229679,0.0,6.83593752910383e-05,-3.0,-0.014951171353459358,0.5,-0.0013747864868491888,-5.468750023283065e-05,0.0007132136379368603,-0.25,0.0035836868919432163,0.004137406632059316,5.190807132748887e-05,-0.06461762382888915,-0.06976877897977829,3.141592653589793,3.1413235664367676,0.003911830484867096,0.047605231404304504,-0.0053659528493881226
8.383637428283691,5.0,0.011992187239229679,0.0,6.83593752910383e-05,-3.0,-0.014951171353459358,0.5,-0.0013747864868491888,-5.468750023283065e-05,0.0007132136379368603,-0.25,0.0035836868919432163,0.0001067163849832703,6.673107418464497e-05,-0.0671649743784219,-0.06959020346403122,3.141592653589793,3.1413559913635254,0.001700501306913793,0.037739526480436325,0.0011600626166909933
8.388264894485474,5.0,0.011992187239229679,0.0,6.83593752910383e-05,-3.0,-0.014951171353459358,0.5,-0.0013747864868491888,-5.468750023283065e-05,0.0007132136379368603,-0.25,0.0035836868919432163,0.0001067874537145341,6.673107418464497e-05,-0.0671649743784219,-0.06959020346403122,3.141592653589793,3.1413559913635254,0.001700501306913793,0.037739526480436325,0.0011600626166909933
8.392749547958374,5.0,0.011992187239229679,0.0,6.83593752910383e-05,-3.0,-0.014931640587747097,0.5,-5.420241359388456e-05,-5.468750023283065e-05,-1.420179341948824e-05,-0.25,0.0006021868903189898,-0.0016025091088128329,5.5291002354351804e-05,-0.0640618306794287,-0.06945228576660156,3.141592653589793,3.1413609981536865,0.00015810357581358403,0.000876331003382802,-0.00016690553457010537
8.397520780563354,5.0,0.011992187239229679,0.0,6.83593752910383e-05,-3.0,-0.014931640587747097,0.5,-5.420241359388456e-05,-5.468750023283065e-05,-1.420179341948824e-05,-0.25,0.0006021868903189898,1.950509657357323e-05,6.714058690704405e-05,-0.06700650428963126,-0.06948398798704147,3.141592653589793,3.1413586139678955,-0.001052084844559431,-0.012210787273943424,0.000357498531229794
8.40230679512024,5.0,0.011992187239229679,0.0,6.83593752910383e-05,-3.0,-0.014936523512005806,0.5,0.0007484289817512035,-5.468750023283065e-05,0.00010063113586511463,-0.25,-0.0009214567835442722,0.00027323426545204426,6.714058690704405e-05,-0.06523315351570312,-0.06948398798704147,3.141592653589793,3.1413586139678955,-0.001052084844559431,-0.012210787273943424,0.000357498531229794
8.40694522857666,5.0,0.011992187239229679,0.0,6.83593752910383e-05,-3.0,-0.014936523512005806,0.5,0.0007484289817512035,-5.468750023283065e-05,0.00010063113586511463,-0.25,-0.0009214567835442722,3.331432393595362e-05,6.5209562308155e-05,-0.06691018852218986,-0.06960558146238327,3.141592653589793,3.14136004447937,-0.0017487105214968324,-0.01626301370561123,7.724306487943977e-05
8.411679744720459,5.0,0.011992187239229679,0.0,6.83593752910383e-05,-3.0,-0.01494628842920065,0.5,0.000712525681592524,-5.468750023283065e-05,5.5792599596315995e-05,-0.25,-0.0011790519347414374,-6.676147504896746e-05,6.5209562308155e-05,-0.06699033001090138,-0.06960558146238327,3.141592653589793,3.14136004447937,-0.0017487105214968324,-0.01626301370561123,7.724306487943977e-05
8.41648817062378,5.0,0.011992187239229679,0.0,6.83593752910383e-05,-3.0,-0.01494628842920065,0.5,0.000712525681592524,-5.468750023283065e-05,5.5792599596315995e-05,-0.25,-0.0011790519347414374,2.7954785687498375e-05,6.097667937865481e-05,-0.06691449691820889,-0.06964731216430664,3.141592653589793,3.14136004447937,0.001565063139423728,-0.0033106382470577955,0.0010534158209338784
8.421246528625488,5.0,0.011992187239229679,0.0,6.83593752910383e-05,-3.0,-0.01494628842920065,0.5,0.000712525681592524,-5.468750023283065e-05,5.5792599596315995e-05,-0.25,-0.0011790519347414374,2.796529976483941e-05,6.097667937865481e-05,-0.06691449691820889,-0.06964731216430664,3.141592653589793,3.14136004447937,0.001565063139423728,-0.0033106382470577955,0.0010534158209338784
8.42605972290039,5.0,0.011992187239229679,0.0,6.83593752910383e-05,-3.0,-0.014951171353459358,0.5,-0.00032111650216393173,-5.468750023283065e-05,-4.129772059968673e-05,-0.25,0.0009891497902572155,-0.00018540126890568233,6.097667937865481e-05,-0.06918605208304272,-0.06964731216430664,3.141592653589793,3.14136004447937,-0.0009908457286655903,0.006731692235916853,-6.980386388022453e-05
8.430576801300049,5.0,0.011992187239229679,0.0,6.83593752910383e-05,-3.0,-0.014951171353459358,0.5,-0.00032111650216393173,-5.468750023283065e-05,-4.129772059968673e-05,-0.25,0.0009891497902572155,1.6316959947219673e-05,6.097667937865481e-05,-0.06703853398025966,-0.06964731216430664,3.141592653589793,3.14136004447937,-0.0009908457286655903,0.006731692235916853,-6.980386388022453e-05
8.435466289520264,5.0,0.011992187239229679,0.0,6.83593752910383e-05,-3.0,-0.014931640587747097,0.5,-0.0007693612133152783,-5.468750023283065e-05,1.0874126928683836e-05,-0.25,0.0014429312432184815,0.00012928605491939317,5.903710552956909e-05,-0.06800907514243855,-0.06946825981140137,3.141592653589793,3.1413683891296387,7.93670114944689e-05,0.01667679287493229,2.9571112463600002e-05
8.440283060073853,5.0,0.011992187239229679,0.0,6.83593752910383e-05,-3.0,-0.014931640587747097,0.5,-0.0007693612133152783,-5.468750023283065e-05,1.0874126928683836e-05,-0.25,0.0014429312432184815,2.259030881300136e-05,6.453634705394506e-05,-0.06709232334559784,-0.06940721720457077,3.141592653589793,3.141368865966797,0.0024172209668904543,0.006831518840044737,-7.210565672721714e-05
8.445011854171753,5.0,0.011992187239229679,0.0,6.83593752910383e-05,-3.0,-0.014926757663488388,0.5,-0.00032156973611563444,-5.468750023283065e-05,8.937457459978759e-05,-0.25,0.0009432965307496488,2.2596509361712766e-05,6.453634705394506e-05,-0.06709232334559784,-0.06940721720457077,3.141592653589793,3.141368865966797,0.0024172209668904543,0.006831518840044737,-7.210565672721714e-05
8.449803590774536,5.0,0.011992187239229679,0.0,6.83593752910383e-05,-3.0,-0.014926757663488388,0.5,-0.00032156973611563444,-5.468750023283065e-05,8.937457459978759e-05,-0.25,0.0009432965307496488,0.00019585499937921827,3.9958209526957944e-05,-0.06610408066409247,-0.06934892386198044,3.141592653589793,3.1413793563842773,0.0017215345287695527,0.0010114508913829923,0.001104345778003335
8.454591035842896,5.0,0.011992187239229679,0.0,6.83593752910383e-05,-3.0,-0.014926757663488388,0.5,-0.00032156973611563444,-5.468750023283065e-05,8.937457459978759e-05,-0.25,0.0009432965307496488,3.204416301798008e-05,3.9958209526957944e-05,-0.06703858836833387,-0.06934892386198044,3.141592653589793,3.1413793563842773,0.0017215345287695527,0.0010114508913829923,0.001104345778003335
8.459409236907959,5.0,0.011992187239229679,0.0,6.83593752910383e-05,-3.0,-0.014921874739229679,0.5,-5.228720328886993e-05,-5.468750023283065e-05,-0.00010753740934887901,-0.25,0.00018165349320042878,-0.000400273985048193,3.9958209526957944e-05,-0.06644738842126269,-0.06934892386198044,3.141592653589793,3.1413793563842773,-0.0005654685664921999,0.0011257206788286567,-0.00013028751709498465
8.464251041412354,5.0,0.011992187239229679,0.0,6.83593752910383e-05,-3.0,-0.014921874739229679,0.5,-5.228720328886993e-05,-5.468750023283065e-05,-0.00010753740934887901,-0.25,0.00018165349320042878,8.40451433581196e-06,3.9958209526957944e-05,-0.06700627446439467,-0.06934892386198044,3.141592653589793,3.1413793563842773,-0.0005654685664921999,0.0011257206788286567,-0.00013028751709498465
8.468684434890747,5.0,0.011992187239229679,0.0,6.83593752910383e-05,-3.0,-0.01491699181497097,0.5,-0.00028598413337022066,-5.468750023283065e-05,2.921122904808726e-05,-0.25,0.0012499797157943249,0.0003332731807737981,5.763201988884248e-05,-0.06756144687719717,-0.06929934024810791,3.141592653589793,3.1413745880126953,0.0004602933768182993,0.00545581104233861,1.715451799100265e-05
8.473129034042358,5.0,0.011992187239229679,0.0,6.83593752910383e-05,-3.0,-0.01491699181497097,0.5,-0.00028598413337022066,-5.468750023283065e-05,2.921122904808726e-05,-0.25,0.0012499797157943249,2.4829247989452367e-05,5.763201988884248e-05,-0.06703431809600442,-0.06929934024810791,3.141592653589793,3.1413745880126953,0.0004602933768182993,0.00545581104233861,1.715451799100265e-05
8.477840662002563,5.0,0.011992187239229679,0.0,6.83593752910383e-05,-3.0,-0.014902343042194843,0.5,-0.0008776749018579721,-5.468750023283065e-05,-1.8298393115401268e-05,-0.25,0.001608027145266533,-8.170331129143322e-05,6.097693767515011e-05,-0.06836113060113219,-0.06918787956237793,3.141592653589793,3.1413745880126953,-0.0009814490331336856,0.01878349855542183,1.926617551362142e-05
8.482573509216309,5.0,0.011992187239229679,0.0,6.83593752910383e-05,-3.0,-0.014902343042194843,0.5,-0.0008776749018579721,-5.468750023283065e-05,-1.8298393115401268e-05,-0.25,0.001608027145266533,1.9134966850209205e-05,6.097693767515011e-05,-0.06710532098822294,-0.06918787956237793,3.141592653589793,3.1413745880126953,-0.0009814490331336856,0.01878349855542183,1.926617551362142e-05
8.487232208251953,5.0,0.011992187239229679,0.0,6.83593752910383e-05,-3.0,-0.014902343042194843,0.5,-0.0008776749018579721,-5.468750023283065e-05,-1.8298393115401268e-05,-0.25,0.001608027145266533,1.913835736817392e-05,4.0696388168726116e-05,-0.06710532098822294,-0.06898771971464157,3.141592653589793,3.14138126373291,0.0017818870255723596,0.015737297013401985,0.0007165425922721624
8.492046594619751,5.0,0.011992187239229679,0.0,6.83593752910383e-05,-3.0,-0.014887695200741291,0.5,-0.0007393707637675107,-5.468750023283065e-05,0.00047672062646597624,-0.25,0.00138293975032866,0.0011067997283188637,4.592240657075308e-05,-0.06680145187262106,-0.06897568702697754,3.141592653589793,3.141388177871704,-0.0019340049475431442,0.012925264425575733,-0.009719210676848888
8.496904134750366,5.0,0.011992187239229679,0.0,6.83593752910383e-05,-3.0,-0.014887695200741291,0.5,-0.0007393707637675107,-5.468750023283065e-05,0.00047672062646597624,-0.25,0.00138293975032866,7.864343452478102e-05,4.592240657075308e-05,-0.0670887244916521,-0.06897568702697754,3.141592653589793,3.141388177871704,-0.0019340049475431442,0.012925264425575733,-0.009719210676848888
8.501457214355469,5.0,0.011992187239229679,0.0,6.83593752910383e-05,-3.0,-0.014892578125,0.5,-0.0016685682348906994,-5.468750023283065e-05,-0.0009414067608304322,-0.25,-0.0003262895334046334,-0.003206267974803699,6.56776683172211e-05,-0.06924103913750974,-0.06897377222776413,3.141592653589793,3.1413662433624268,-0.00506662018597126,0.010339243337512016,-0.0008374063181690872
8.50601601600647,5.0,0.011992187239229679,0.0,6.83593752910383e-05,-3.0,-0.014892578125,0.5,-0.0016685682348906994,-5.468750023283065e-05,-0.0009414067608304322,-0.25,-0.0003262895334046334,-9.169344556298929e-05,6.56776683172211e-05,-0.06720022818818688,-0.06897377222776413,3.141592653589793,3.1413662433624268,-0.00506662018597126,0.010339243337512016,-0.0008374063181690872
8.510811805725098,5.0,0.011992187239229679,0.0,6.83593752910383e-05,-3.0,-0.014892578125,0.5,-0.0012058010324835777,-5.468750023283065e-05,0.000828431686386466,-0.25,0.0011555647943168879,0.0038111723099278688,4.8384976253146306e-05,-0.0661797513920437,-0.06897425651550293,3.141592653589793,3.1413586139678955,-0.0038667882326990366,0.017037266865372658,0.0067893280647695065
8.515621423721313,5.0,0.011992187239229679,0.0,6.83593752910383e-05,-3.0,-0.014892578125,0.5,-0.0012058010324835777,-5.468750023283065e-05,0.000828431686386466,-0.25,0.0011555647943168879,0.00012085682250000408,4.8384976253146306e-05,-0.06714469612389803,-0.06897425651550293,3.141592653589793,3.1413586139678955,-0.0038667882326990366,0.017037266865372658,0.0067893280647695065
8.52049708366394,5.0,0.011953124776482582,0.0,6.83593752910383e-05,-3.0,-0.014882812276482582,0.5,-0.0006517568253912032,-5.468750023283065e-05,-0.00017666346684563905,-0.25,0.0012573408894240856,-0.002061221072835236,5.589180364040658e-05,-0.06594186371196412,-0.06888937950134277,3.141592653589793,3.1413614749908447,-0.01002519577741623,0.01332289818674326,-0.0007964257383719087
8.525194644927979,5.0,0.011953124776482582,0.0,6.83593752910383e-05,-3.0,-0.014882812276482582,0.5,-0.0006517568253912032,-5.468750023283065e-05,-0.00017666346684563905,-0.25,0.0012573408894240856,2.2205005394585367e-07,5.589180364040658e-05,-0.06707821081904694,-0.06888937950134277,3.141592653589793,3.1413614749908447,-0.01002519577741623,0.01332289818674326,-0.0007964257383719087
8.529808759689331,5.0,0.011953124776482582,0.0,6.83593752910383e-05,-3.0,-0.014882812276482582,0.5,-0.0006517568253912032,-5.468750023283065e-05,-0.00017666346684563905,-0.25,0.0012573408894240856,2.1079383178428466e-07,6.108357047196478e-05,-0.06707821081904694,-0.06882798671722412,3.141592653589793,3.14136004447937,-0.0017024886328727007,0.011198744177818298,0.0001599841343704611
8.534592151641846,5.0,0.011953124776482582,0.0,6.83593752910383e-05,-3.0,-0.014873046427965164,0.5,-0.00034009816590696573,-5.468750023283065e-05,1.3075806236884091e-05,-0.25,0.0007776236161589622,0.00041964859817660515,6.476020644186065e-05,-0.06638926855999687,-0.06877660751342773,3.141592653589793,3.1413609981536865,-0.0001848131068982184,0.000913732685148716,0.00022160961816553026
8.539515972137451,5.0,0.011953124776482582,0.0,6.83593752910383e-05,-3.0,-0.014873046427965164,0.5,-0.00034009816590696573,-5.468750023283065e-05,1.3075806236884091e-05,-0.25,0.0007776236161589622,2.299266245792883e-05,6.476020644186065e-05,-0.06704081177990884,-0.06877660751342773,3.141592653589793,3.1413609981536865,-0.0001848131068982184,0.000913732685148716,0.00022160961816553026
8.54431676864624,5.0,0.011953124776482582,0.0,6.83593752910383e-05,-3.0,-0.014868163503706455,0.5,-0.00032008811831474304,-5.468750023283065e-05,6.704153929604217e-05,-0.25,0.0005843281396664679,0.00014189019565878088,6.487779319286346e-05,-0.06699672989151191,-0.06872177124023438,3.141592653589793,3.141362428665161,0.0012231465661898255,0.007027826271951199,7.243567961268127e-05
8.549020767211914,5.0,0.011953124776482582,0.0,6.83593752910383e-05,-3.0,-0.014868163503706455,0.5,-0.00032008811831474304,-5.468750023283065e-05,6.704153929604217e-05,-0.25,0.0005843281396664679,2.9491690616534466e-05,6.487779319286346e-05,-0.06703841057419777,-0.06872177124023438,3.141592653589793,3.141362428665161,0.0012231465661898255,0.007027826271951199,7.243567961268127e-05
8.553879261016846,5.0,0.011953124776482582,0.0,6.83593752910383e-05,-3.0,-0.014853515662252903,0.5,-0.0007533913012593985,-5.468750023283065e-05,-0.0002469305181875825,-0.25,0.0017540531698614359,-0.0006544369550865702,5.977290129521862e-05,-0.06798225368960754,-0.06849658489227295,3.141592653589793,3.1413722038269043,-0.0020936387591063976,0.01976107805967331,-0.0001539931254228577
8.558568000793457,5.0,0.011953124776482582,0.0,6.83593752910383e-05,-3.0,-0.014853515662252903,0.5,-0.0007533913012593985,-5.468750023283065e-05,-0.0002469305181875825,-0.25,0.0017540531698614359,-8.22166406143719e-06,5.977290129521862e-05,-0.06709040695615112,-0.06849658489227295,3.141592653589793,3.1413722038269043,-0.0020936387591063976,0.01976107805967331,-0.0001539931254228577
8.563149213790894,5.0,0.011953124776482582,0.0,6.83593752910383e-05,-3.0,-0.014829101040959358,0.5,-0.0008894569473341107,-5.468750023283065e-05,1.1544775588845368e-05,-0.25,0.0016001331387087703,0.0005870085479693685,6.290927558438852e-05,-0.06740374273562845,-0.06833457201719284,3.141592653589793,3.1413750648498535,-0.0011331428540870547,0.019618306308984756,0.0003985659568570554
8.567811250686646,5.0,0.011953124776482582,0.0,6.83593752910383e-05,-3.0,-0.014829101040959358,0.5,-0.0008894569473341107,-5.468750023283065e-05,1.1544775588845368e-05,-0.25,0.0016001331387087703,2.2807615221262437e-05,6.290927558438852e-05,-0.0671067348336801,-0.06833457201719284,3.141592653589793,3.1413750648498535,-0.0011331428540870547,0.019618306308984756,0.0003985659568570554
8.572631597518921,5.0,0.011953124776482582,0.0,6.83593752910383e-05,-3.0,-0.014829101040959358,0.5,-0.0008894569473341107,-5.468750023283065e-05,1.1544775588845368e-05,-0.25,0.0016001331387087703,2.2814000472081466e-05,5.470192263601348e-05,-0.0671067348336801,-0.0681537315249443,3.141592653589793,3.1413745880126953,-5.864101694896817e-05,0.010464801453053951,-0.00012138181045884266
8.57742166519165,5.0,0.011953124776482582,0.0,6.83593752910383e-05,-3.0,-0.01481933519244194,0.5,-0.0008803124073892832,-5.468750023283065e-05,-0.0016281091375276446,-0.25,0.000782122602686286,-0.0035971239076275333,5.470192263601348e-05,-0.06708654686100918,-0.0681537315249443,3.141592653589793,3.1413745880126953,-5.864101694896817e-05,0.010464801453053951,-0.00012138181045884266
8.582031965255737,5.0,0.011953124776482582,0.0,6.83593752910383e-05,-3.0,-0.01481933519244194,0.5,-0.0008803124073892832,-5.468750023283065e-05,-0.0016281091375276446,-0.25,0.000782122602686286,-0.00017424028394181002,6.785781442886218e-05,-0.0671056374888867,-0.06810927391052246,3.141592653589793,3.1413631439208984,-0.00541553134098649,0.01193914096802473,0.004661849234253168
8.586690664291382,5.0,0.011914062313735485,0.0,6.83593752910383e-05,-3.0,-0.014804687350988388,0.5,-0.0010118329664692283,-5.468750023283065e-05,-0.00017812458099797368,-0.25,0.002342636464163661,0.0031121701208734662,6.785781442886218e-05,-0.06740373173030141,-0.06810927391052246,3.141592653589793,3.1413631439208984,-0.00541553134098649,0.01193914096802473,0.004661849234253168
8.591487646102905,5.0,0.011914062313735485,0.0,6.83593752910383e-05,-3.0,-0.014804687350988388,0.5,-0.0010118329664692283,-5.468750023283065e-05,-0.00017812458099797368,-0.25,0.002342636464163661,-2.6548079105794354e-07,5.770388088421896e-05,-0.06712141995597631,-0.06790231913328171,3.141592653589793,3.1413676738739014,-0.0008515567169524729,0.02705342136323452,-0.00014334595471154898
8.596349716186523,5.0,0.011914062313735485,0.0,6.83593752910383e-05,-3.0,-0.014780272729694843,0.5,-0.0010200650431215763,-5.468750023283065e-05,0.00015670190623495728,-0.25,0.0024830508045852184,0.0007285843170827802,5.8197430917061865e-05,-0.06713933902276457,-0.06767069548368454,3.141592653589793,3.1413679122924805,0.002759914845228195,0.02178281545639038,0.00018752962932921946
8.601257085800171,5.0,0.011914062313735485,0.0,6.83593752910383e-05,-3.0,-0.014780272729694843,0.5,-0.0010200650431215763,-5.468750023283065e-05,0.00015670190623495728,-0.25,0.0024830508045852184,3.9955000798076326e-05,5.8197430917061865e-05,-0.06712240780517459,-0.06767069548368454,3.141592653589793,3.1413679122924805,0.002759914845228195,0.02178281545639038,0.00018752962932921946
8.605997323989868,5.0,0.011914062313735485,0.0,6.83593752910383e-05,-3.0,-0.014780272729694843,0.5,-0.0010200650431215763,-5.468750023283065e-05,0.00015670190623495728,-0.25,0.0024830508045852184,3.997504152082505e-05,5.921718184254132e-05,-0.06712240780517459,-0.06747615337371826,3.141592653589793,3.1413676738739014,-0.0008921160479076207,0.01779087632894516,0.00018155868747271597
8.610633850097656,5.0,0.011914062313735485,0.0,6.83593752910383e-05,-3.0,-0.014760741963982582,0.5,-0.0008351474534720182,-5.468750023283065e-05,-9.122495612245984e-06,-0.25,0.0015700196381658316,-0.00033756760300116223,5.921718184254132e-05,-0.06670138981045638,-0.06747615337371826,3.141592653589793,3.1413676738739014,-0.0008921160479076207,0.01779087632894516,0.00018155868747271597
8.615464448928833,5.0,0.011914062313735485,0.0,6.83593752910383e-05,-3.0,-0.014760741963982582,0.5,-0.0008351474534720182,-5.468750023283065e-05,-9.122495612245984e-06,-0.25,0.0015700196381658316,2.008474069099241e-05,3.675583138829097e-05,-0.06710021769441664,-0.0672602578997612,3.141592653589793,3.1413729190826416,0.0025269724428653717,0.020473662763834,0.0006749169551767409
8.620338916778564,5.0,0.011914062313735485,0.0,6.83593752910383e-05,-3.0,-0.014746093191206455,0.5,-0.0009737848886288702,-5.468750023283065e-05,0.00021958038269076496,-0.25,0.0019822167232632637,0.0005167411494411385,3.675583138829097e-05,-0.06740126971553158,-0.0672602578997612,3.141592653589793,3.1413729190826416,0.0025269724428653717,0.020473662763834,0.0006749169551767409
8.625125169754028,5.0,0.011914062313735485,0.0,6.83593752910383e-05,-3.0,-0.014746093191206455,0.5,-0.0009737848886288702,-5.468750023283065e-05,0.00021958038269076496,-0.25,0.0019822167232632637,4.758207859631856e-05,4.575495040626265e-05,-0.06711685418663546,-0.06725084036588669,3.141592653589793,3.141331434249878,0.0022181663662195206,0.041609734296798706,-0.004885905422270298
8.629698514938354,5.0,0.011874999850988388,0.0,6.83593752910383e-05,-3.0,-0.014736327342689037,0.5,-0.001100808847695589,-5.468750023283065e-05,0.0006973542040213943,-0.25,0.003236506599932909,0.0011496759615455513,4.575495040626265e-05,-0.0674098455236197,-0.06725084036588669,3.141592653589793,3.141331434249878,0.0022181663662195206,0.041609734296798706,-0.004885905422270298
8.634104251861572,5.0,0.011874999850988388,0.0,6.83593752910383e-05,-3.0,-0.014736327342689037,0.5,-0.001100808847695589,-5.468750023283065e-05,0.0006973542040213943,-0.25,0.003236506599932909,0.00010504999004021,5.7181136071449146e-05,-0.06713209706172346,-0.06697725504636765,3.141592653589793,3.141362190246582,-0.0001321772433584556,0.029546862468123436,-5.973893712507561e-05
8.638858079910278,5.0,0.011874999850988388,0.0,6.83593752910383e-05,-3.0,-0.014707030728459358,0.5,-0.0009480772423557937,-5.468750023283065e-05,0.00010999017831636593,-0.25,0.002038888866081834,-0.001200978135595993,5.7181136071449146e-05,-0.06679248796951745,-0.06697725504636765,3.141592653589793,3.141362190246582,-0.0001321772433584556,0.029546862468123436,-5.973893712507561e-05
8.643238067626953,5.0,0.011874999850988388,0.0,6.83593752910383e-05,-3.0,-0.014707030728459358,0.5,-0.0009480772423557937,-5.468750023283065e-05,0.00010999017831636593,-0.25,0.002038888866081834,3.459638966713738e-05,5.5089803936425596e-05,-0.06711376926908269,-0.06678521633148193,3.141592653589793,3.1413614749908447,8.05555609986186e-05,0.02001502551138401,1.4178744095261209e-05
8.64778757095337,5.0,0.011874999850988388,0.0,6.83593752910383e-05,-3.0,-0.014707030728459358,0.5,-0.0009480772423557937,-5.468750023283065e-05,0.00010999017831636593,-0.25,0.002038888866081834,3.4611373700064306e-05,5.5089803936425596e-05,-0.06711376926908269,-0.06678521633148193,3.141592653589793,3.1413614749908447,8.05555609986186e-05,0.02001502551138401,1.4178744095261209e-05
8.652608156204224,5.0,0.011874999850988388,0.0,6.83593752910383e-05,-3.0,-0.014692382887005806,0.5,-0.000664828228764236,-5.468750023283065e-05,0.0001754213444655761,-0.25,0.0011171555379405618,0.00017821812532597847,4.0072642150335014e-05,-0.0664921971773013,-0.06664812564849854,3.141592653589793,3.1413662433624268,-0.005302936304360628,0.01052385289222002,4.532700404524803e-05
8.657430171966553,5.0,0.011874999850988388,0.0,6.83593752910383e-05,-3.0,-0.014692382887005806,0.5,-0.000664828228764236,-5.468750023283065e-05,0.0001754213444655761,-0.25,0.0011171555379405618,4.250749059355015e-05,4.0072642150335014e-05,-0.06707977938745172,-0.06664812564849854,3.141592653589793,3.1413662433624268,-0.005302936304360628,0.01052385289222002,4.532700404524803e-05
8.66234278678894,5.0,0.011874999850988388,0.0,6.83593752910383e-05,-3.0,-0.014682617038488388,0.5,-0.0003416095278225839,-5.468750023283065e-05,-1.1650131455098744e-05,-0.25,0.001428862800821662,-0.0003607350330706218,5.6766752095427364e-05,-0.06638305696753945,-0.06655728816986084,3.141592653589793,3.1413631439208984,-0.0014530991902574897,0.006319370120763779,0.00021857680985704064
8.66668963432312,5.0,0.011874999850988388,0.0,6.83593752910383e-05,-3.0,-0.014682617038488388,0.5,-0.0003416095278225839,-5.468750023283065e-05,-1.1650131455098744e-05,-0.25,0.001428862800821662,2.0066883540991632e-05,5.6766752095427364e-05,-0.06704099314333871,-0.06655728816986084,3.141592653589793,3.1413631439208984,-0.0014530991902574897,0.006319370120763779,0.00021857680985704064
8.671157836914062,5.0,0.011874999850988388,0.0,6.83593752910383e-05,-3.0,-0.014682617038488388,0.5,-0.0003416095278225839,-5.468750023283065e-05,-1.1650131455098744e-05,-0.25,0.001428862800821662,2.0070729534645235e-05,5.768013943452388e-05,-0.06704099314333871,-0.06644784659147263,3.141592653589793,3.1413614749908447,-0.001629031728953123,0.010489718988537788,2.9161361453589052e-05
8.67591643333435,5.0,0.011874999850988388,0.0,6.83593752910383e-05,-3.0,-0.01467285118997097,0.5,-0.001255032722838223,-5.468750023283065e-05,0.0014316259184852242,-0.25,0.0006641315994784236,0.0032263921886256644,5.768013943452388e-05,-0.06907012622773104,-0.06644784659147263,3.141592653589793,3.1413614749908447,-0.001629031728953123,0.010489718988537788,2.9161361453589052e-05
8.680793523788452,5.0,0.011874999850988388,0.0,6.83593752910383e-05,-3.0,-0.01467285118997097,0.5,-0.001255032722838223,-5.468750023283065e-05,0.0014316259184852242,-0.25,0.0006641315994784236,0.00019355028854148342,3.4042710467474535e-05,-0.06715060392674058,-0.06643425673246384,3.141592653589793,3.1413979530334473,-0.009394570253789425,0.023344973102211952,-0.001049818005412817
8.68563985824585,5.0,0.011874999850988388,0.0,6.83593752910383e-05,-3.0,-0.01467285118997097,0.5,-0.0006401313585229218,-5.468750023283065e-05,-0.0024076267145574093,-0.25,0.00044881520443595946,-0.008189360184182695,3.4042710467474535e-05,-0.06580801896469878,-0.06643425673246384,3.141592653589793,3.1413979530334473,-0.009394570253789425,0.023344973102211952,-0.001049818005412817
8.690175771713257,5.0,0.011874999850988388,0.0,6.83593752910383e-05,-3.0,-0.01467285118997097,0.5,-0.0006401313585229218,-5.468750023283065e-05,-0.0024076267145574093,-0.25,0.00044881520443595946,-0.0002676015446048484,4.746892227558419e-05,-0.06707681576302274,-0.06632315367460251,3.141592653589793,3.1415116786956787,0.005405309144407511,0.01920306868851185,-0.005068764556199312
8.694897890090942,5.0,0.011835937388241291,0.0,6.83593752910383e-05,-3.0,-0.014643554575741291,0.5,-0.0010658255778253078,-5.468750023283065e-05,5.0210877816425636e-05,-0.25,0.002213790314272046,0.005232295881835654,5.7399633078603074e-05,-0.06802938900511449,-0.06602311134338379,3.141592653589793,3.141357421875,0.0027743165846914053,0.024259401485323906,0.0002595576806925237
8.699544191360474,5.0,0.011835937388241291,0.0,6.83593752910383e-05,-3.0,-0.014643554575741291,0.5,-0.0010658255778253078,-5.468750023283065e-05,5.0210877816425636e-05,-0.25,0.002213790314272046,2.7358621120529363e-05,5.7399633078603074e-05,-0.06712789906933903,-0.06602311134338379,3.141592653589793,3.141357421875,0.0027743165846914053,0.024259401485323906,0.0002595576806925237
8.704025506973267,5.0,0.011835937388241291,0.0,6.83593752910383e-05,-3.0,-0.014643554575741291,0.5,-0.0010658255778253078,-5.468750023283065e-05,5.0210877816425636e-05,-0.25,0.002213790314272046,2.736802277531554e-05,5.7234014093410224e-05,-0.06712789906933903,-0.06587063521146774,3.141592653589793,3.1413586139678955,-0.0008400947554036975,0.018858328461647034,0.00018177558376919478
8.70890736579895,5.0,0.011835937388241291,0.0,6.83593752910383e-05,-3.0,-0.014624022878706455,0.5,-0.0008885127026587725,-5.468750023283065e-05,-1.4469590496446472e-05,-0.25,0.0016401647590100765,-0.00011288118300531311,5.7234014093410224e-05,-0.06674341381697264,-0.06587063521146774,3.141592653589793,3.1413586139678955,-0.0008400947554036975,0.018858328461647034,0.00018177558376919478
8.713403224945068,5.0,0.011835937388241291,0.0,6.83593752910383e-05,-3.0,-0.014624022878706455,0.5,-0.0008885127026587725,-5.468750023283065e-05,-1.4469590496446472e-05,-0.25,0.0016401647590100765,1.9613909622069355e-05,5.5472843087045476e-05,-0.06710662152431905,-0.06582677364349365,3.141592653589793,3.1413586139678955,-0.0012480984441936016,0.01361383218318224,8.091751078609377e-05
8.71803092956543,5.0,0.011835937388241291,0.0,6.83593752910383e-05,-3.0,-0.014619139954447746,0.5,-0.00045089589548297226,-5.468750023283065e-05,2.907093039539177e-05,-0.25,0.0011307507520541549,0.00011893317085697816,5.5472843087045476e-05,-0.0661084620026642,-0.06582677364349365,3.141592653589793,3.1413586139678955,-0.0012480984441936016,0.01361383218318224,8.091751078609377e-05
8.722653150558472,5.0,0.011835937388241291,0.0,6.83593752910383e-05,-3.0,-0.014619139954447746,0.5,-0.00045089589548297226,-5.468750023283065e-05,2.907093039539177e-05,-0.25,0.0011307507520541549,2.485426731414607e-05,3.479758743196726e-05,-0.06705410750745795,-0.06573211401700974,3.141592653589793,3.1413662433624268,-0.003979921340942383,0.0011806674301624298,-3.490057133603841e-05
8.727363109588623,5.0,0.011835937388241291,0.0,6.83593752910383e-05,-3.0,-0.014614257030189037,0.5,-8.502065611537546e-05,-5.468750023283065e-05,9.930531086865813e-05,-0.25,0.0008405434782616794,0.0001824157766980323,3.479758743196726e-05,-0.06623339054252506,-0.06573211401700974,3.141592653589793,3.1413662433624268,-0.003979921340942383,0.0011806674301624298,-3.490057133603841e-05
8.732160806655884,5.0,0.011835937388241291,0.0,6.83593752910383e-05,-3.0,-0.014614257030189037,0.5,-8.502065611537546e-05,-5.468750023283065e-05,9.930531086865813e-05,-0.25,0.0008405434782616794,3.331167518472657e-05,3.479758743196726e-05,-0.06701020247873385,-0.06573211401700974,3.141592653589793,3.1413662433624268,0.0023813084699213505,0.008860977366566658,-0.009627786464989185
8.737040996551514,5.0,0.011835937388241291,0.0,6.83593752910383e-05,-3.0,-0.014609375037252903,0.5,-0.00017677195137366652,-5.468750023283065e-05,-0.000313775148242712,-0.25,0.0012725162087008357,-0.0008627266807996658,5.662518015014939e-05,-0.06720922026751626,-0.06570863723754883,3.141592653589793,3.1413609981536865,-0.004801113158464432,0.0036929422058165073,-0.0008048847084864974
8.741837739944458,5.0,0.011835937388241291,0.0,6.83593752910383e-05,-3.0,-0.014609375037252903,0.5,-0.00017677195137366652,-5.468750023283065e-05,-0.000313775148242712,-0.25,0.0012725162087008357,-1.6308123386351558e-05,5.662518015014939e-05,-0.06702121263416483,-0.06570863723754883,3.141592653589793,3.1413609981536865,-0.004801113158464432,0.0036929422058165073,-0.0008048847084864974
8.746673107147217,5.0,0.011835937388241291,0.0,6.83593752910383e-05,-3.0,-0.014609375037252903,0.5,-0.00017677195137366652,-5.468750023283065e-05,-0.000313775148242712,-0.25,0.0012725162087008357,-1.6333179064668096e-05,5.662518015014939e-05,-0.06702121263416483,-0.06570863723754883,3.141592653589793,3.1413609981536865,-0.004801113158464432,0.0036929422058165073,-0.0008048847084864974
8.75132966041565,5.0,0.011835937388241291,0.0,6.83593752910383e-05,-3.0,-0.014614257030189037,0.5,-0.0020163101144135,-5.468750023283065e-05,-0.0009315474308095872,-0.25,-0.0013526380062103271,-0.0014172203722847688,3.538138480507769e-05,-0.07119238590421685,-0.06571852415800095,3.141592653589793,3.1413540840148926,0.009319894947111607,0.024877645075321198,-0.0014391045551747084
8.756084203720093,5.0,0.011835937388241291,0.0,6.83593752910383e-05,-3.0,-0.014614257030189037,0.5,-0.0020163101144135,-5.468750023283065e-05,-0.0009315474308095872,-0.25,-0.0013526380062103271,-9.063089724244399e-05,3.538138480507769e-05,-0.06724195721372961,-0.06571852415800095,3.141592653589793,3.1413540840148926,0.009319894947111607,0.024877645075321198,-0.0014391045551747084
8.760776996612549,5.0,0.011835937388241291,0.0,6.83593752910383e-05,-3.0,-0.014614257030189037,0.5,-4.4581738620763645e-05,-5.468750023283065e-05,7.484813977498561e-05,-0.25,0.0002595710684545338,0.002174704420256803,3.538138480507769e-05,-0.06280374018941944,-0.06571852415800095,3.141592653589793,3.1413540840148926,-0.0032395063899457455,-0.00406396109610796,0.0002837691572494805
8.765602111816406,5.0,0.011835937388241291,0.0,6.83593752910383e-05,-3.0,-0.014614257030189037,0.5,-4.4581738620763645e-05,-5.468750023283065e-05,7.484813977498561e-05,-0.25,0.0002595710684545338,3.016122939404059e-05,4.3861567974090576e-05,-0.06700534980863448,-0.06565916538238525,3.141592653589793,3.1413588523864746,0.004980610217899084,0.030327830463647842,-0.0007737457053735852
8.770326375961304,5.0,0.011835937388241291,0.0,6.83593752910383e-05,-3.0,-0.014609375037252903,0.5,-0.0018933401443064213,-5.468750023283065e-05,-0.0012840183917433023,-0.25,-0.00030109225190244615,-0.0030093748649732536,4.3861567974090576e-05,-0.07114052646758222,-0.06565916538238525,3.141592653589793,3.1413588523864746,0.004980610217899084,0.030327830463647842,-0.0007737457053735852
8.77509617805481,5.0,0.011835937388241291,0.0,6.83593752910383e-05,-3.0,-0.014609375037252903,0.5,-0.0018933401443064213,-5.468750023283065e-05,-0.0012840183917433023,-0.25,-0.00030109225190244615,-0.00013313618136641227,4.3861567974090576e-05,-0.06722720081731677,-0.06565916538238525,3.141592653589793,3.1413588523864746,-0.007642439566552639,0.0030608230736106634,0.005673198960721493
8.794731378555298,5.0,0.011796874925494194,0.0,5.859374869032763e-05,-3.0,-0.014609375037252903,0.5,0.00030147304642014205,2.8603047461535404e-06,-3.267389183747582e-05,-0.25,-0.0005959808477200568,0.0006180935015921511,7.068384002195671e-05,-0.06584602808348525,-0.06569874286651611,3.141592653589793,3.141211748123169,-0.0021173106506466866,-0.009065684862434864,0.0004034084267914295
8.799578428268433,5.0,0.011796874925494194,0.0,5.859374869032763e-05,-3.0,-0.014609375037252903,0.5,0.00030147304642014205,-4.687499895226211e-05,-3.267389183747582e-05,-0.25,-0.0005959808477200568,0.00011868451664548387,7.068384002195671e-05,-0.06696382323442958,-0.06569874286651611,3.141592653589793,3.141211748123169,-0.0021173106506466866,-0.009065684862434864,0.0004034084267914295
8.804502248764038,5.0,0.011796874925494194,0.0,5.859374869032763e-05,-3.0,-0.014624022878706455,0.5,0.0005943143041804433,-4.687499895226211e-05,1.9270419215899892e-05,-0.25,-0.0011620199074968696,0.0001278108597185586,6.539034802699462e-05,-0.06633393830771438,-0.06580554693937302,3.141592653589793,3.1412160396575928,-0.0005129468627274036,-0.013573870062828064,0.0002981513098347932
8.809131860733032,5.0,0.011796874925494194,0.0,5.859374869032763e-05,-3.0,-0.014624022878706455,0.5,0.0005943143041804433,-4.687499895226211e-05,1.9270419215899892e-05,-0.25,-0.0011620199074968696,2.2321036358682482e-05,6.539034802699462e-05,-0.06692868228349835,-0.06580554693937302,3.141592653589793,3.1412160396575928,-0.0005129468627274036,-0.013573870062828064,0.0002981513098347932
8.813817024230957,5.0,0.011796874925494194,0.0,5.859374869032763e-05,-3.0,-0.014633788727223873,0.5,0.0007501483778469265,-4.687499895226211e-05,9.966106154024601e-05,-0.25,-0.0013665014412254095,0.00020356720877674897,6.656922050751746e-05,-0.06657737037922118,-0.06591152399778366,3.141592653589793,3.1412198543548584,0.0014943510759621859,-0.016654640436172485,0.00023408420383930206
8.81857442855835,5.0,0.011796874925494194,0.0,5.859374869032763e-05,-3.0,-0.014633788727223873,0.5,0.0007501483778469265,-4.687499895226211e-05,9.966106154024601e-05,-0.25,-0.0013665014412254095,3.1995586971405117e-05,5.0135113269789144e-05,-0.06690998219465837,-0.06605970859527588,3.141592653589793,3.1412289142608643,-0.005622191820293665,-0.020418871194124222,-0.008963626809418201
8.823346614837646,5.0,0.011796874925494194,0.0,5.859374869032763e-05,-3.0,-0.0146484375,0.5,0.0005942770512774587,-4.687499895226211e-05,0.00027192782727070153,-0.25,-0.0015268444549292326,0.00041367883422756675,5.0135113269789144e-05,-0.06725531131845282,-0.06605970859527588,3.141592653589793,3.1412289142608643,-0.005622191820293665,-0.020418871194124222,-0.008963626809418201
8.828013181686401,5.0,0.011796874925494194,0.0,5.859374869032763e-05,-3.0,-0.0146484375,0.5,0.0005942770512774587,-4.687499895226211e-05,0.00027192782727070153,-0.25,-0.0015268444549292326,5.272778088252465e-05,6.322938133962452e-05,-0.0669286867538467,-0.06613361090421677,3.141592653589793,3.141270637512207,-0.0006135042640380561,-0.01708092726767063,0.00018121025641448796
8.83288049697876,5.0,0.011796874925494194,0.0,5.859374869032763e-05,-3.0,-0.0146484375,0.5,0.0005942770512774587,-4.687499895226211e-05,0.00027192782727070153,-0.25,-0.0015268444549292326,5.2758815159951094e-05,6.322938133962452e-05,-0.0669286867538467,-0.06613361090421677,3.141592653589793,3.141270637512207,-0.0006135042640380561,-0.01708092726767063,0.00018121025641448796
8.837609767913818,5.0,0.011796874925494194,0.0,5.859374869032763e-05,-3.0,-0.014663085341453552,0.5,0.0006196634494699538,-4.687499895226211e-05,-3.9115079744078685e-06,-0.25,-0.00127247569616884,-0.0005635975848342037,6.484403274953365e-05,-0.0668719610800118,-0.06625949591398239,3.141592653589793,3.141274929046631,-0.001184728229418397,-0.01471130084246397,0.00042773812310770154
8.84248685836792,5.0,0.011796874925494194,0.0,5.859374869032763e-05,-3.0,-0.014663085341453552,0.5,0.0006196634494699538,-4.687499895226211e-05,-3.9115079744078685e-06,-0.25,-0.00127247569616884,1.9666349386955434e-05,6.484403274953365e-05,-0.0669256403860636,-0.06625949591398239,3.141592653589793,3.141274929046631,-0.001184728229418397,-0.01471130084246397,0.00042773812310770154
8.846993446350098,5.0,0.011796874925494194,0.0,5.859374869032763e-05,-3.0,-0.01467285118997097,0.5,0.0006022211746312678,-4.687499895226211e-05,-1.2649036307266215e-06,-0.25,-0.001225186511874199,2.5860798136429418e-05,6.658367783529684e-05,-0.06696643740736981,-0.06637095659971237,3.141592653589793,3.1412782669067383,-0.0010901708155870438,-0.014210817404091358,0.0003997058665845543
8.851663589477539,5.0,0.011796874925494194,0.0,5.859374869032763e-05,-3.0,-0.01467285118997097,0.5,0.0006022211746312678,-4.687499895226211e-05,-1.2649036307266215e-06,-0.25,-0.001225186511874199,1.999231293981018e-05,6.658367783529684e-05,-0.06692773345904424,-0.06637095659971237,3.141592653589793,3.1412782669067383,-0.0010901708155870438,-0.014210817404091358,0.0003997058665845543
8.856425762176514,5.0,0.011796874925494194,0.0,5.859374869032763e-05,-3.0,-0.014682617038488388,0.5,0.0010642916895449162,-4.687499895226211e-05,0.0013286208268254995,-0.25,-0.0006255930638872087,0.002972312510739798,4.66342935396824e-05,-0.06590199151123059,-0.06649839878082275,3.141592653589793,3.141288995742798,-0.007309826090931892,-0.018327852711081505,-0.008582121692597866
8.861050605773926,5.0,0.011796874925494194,0.0,5.859374869032763e-05,-3.0,-0.014682617038488388,0.5,0.0010642916895449162,-4.687499895226211e-05,0.0013286208268254995,-0.25,-0.0006255930638872087,0.00017983683662920106,6.848919292679057e-05,-0.06687228499725462,-0.06657993048429489,3.141592653589793,3.1412954330444336,0.0002693361893761903,-0.019198719412088394,0.00015689400606788695
8.865896224975586,5.0,0.011796874925494194,0.0,5.859374869032763e-05,-3.0,-0.01470214780420065,0.5,0.0007807610672898591,-4.687499895226211e-05,0.00010352432582294568,-0.25,-0.0013415158027783036,-0.0024954160007134647,6.848919292679057e-05,-0.0674914364140266,-0.06657993048429489,3.141592653589793,3.1412954330444336,0.0002693361893761903,-0.019198719412088394,0.00015689400606788695
8.870530605316162,5.0,0.011796874925494194,0.0,5.859374869032763e-05,-3.0,-0.01470214780420065,0.5,0.0007807610672898591,-4.687499895226211e-05,0.00010352432582294568,-0.25,-0.0013415158027783036,3.2853772219495046e-05,6.988253880990669e-05,-0.06690630867192521,-0.06676280498504639,3.141592653589793,3.141298532485962,-0.0013294887030497193,-0.016660407185554504,0.00014055655628908426
8.875576257705688,5.0,0.011796874925494194,0.0,5.859374869032763e-05,-3.0,-0.01470214780420065,0.5,0.0007807610672898591,-4.687499895226211e-05,0.00010352432582294568,-0.25,-0.0013415158027783036,3.2868949473743746e-05,6.988253880990669e-05,-0.06690630867192521,-0.06676280498504639,3.141592653589793,3.141298532485962,-0.0013294887030497193,-0.016660407185554504,0.00014055655628908426
8.880361795425415,5.0,0.011796874925494194,0.0,5.859374869032763e-05,-3.0,-0.014711913652718067,0.5,0.0008632721728645265,-4.687499895226211e-05,5.807900379295461e-05,-0.25,-0.0007551347953267395,-6.753832196802574e-05,6.808598118368536e-05,-0.06672398971263396,-0.0667954608798027,3.141592653589793,3.1412994861602783,-4.85861673951149e-05,-0.01977515034377575,0.00025157604250125587
8.885035753250122,5.0,0.011796874925494194,0.0,5.859374869032763e-05,-3.0,-0.014711913652718067,0.5,0.0008632721728645265,-4.687499895226211e-05,5.807900379295461e-05,-0.25,-0.0007551347953267395,2.7435367068571594e-05,6.808598118368536e-05,-0.06689640733925625,-0.0667954608798027,3.141592653589793,3.1412994861602783,-4.85861673951149e-05,-0.01977515034377575,0.00025157604250125587
8.889966249465942,5.0,0.011796874925494194,0.0,5.859374869032763e-05,-3.0,-0.014721679501235485,0.5,0.0008079271647147834,-4.687499895226211e-05,0.0015536132268607616,-0.25,-0.0002116578834829852,0.0032402899738509156,4.878969048149884e-05,-0.0670152991217925,-0.0669412612915039,3.141592653589793,3.1413094997406006,-0.006492661312222481,-0.018199678510427475,0.00855386070907116
8.894709587097168,5.0,0.011796874925494194,0.0,5.859374869032763e-05,-3.0,-0.014721679501235485,0.5,0.0008079271647147834,-4.687499895226211e-05,0.0015536132268607616,-0.25,-0.0002116578834829852,0.00020720913098012182,4.878969048149884e-05,-0.06690304874023423,-0.0669412612915039,3.141592653589793,3.1413094997406006,-0.006492661312222481,-0.018199678510427475,0.00855386070907116
8.899712085723877,5.0,0.011796874925494194,0.0,5.859374869032763e-05,-3.0,-0.014731445349752903,0.5,0.0005001905956305563,-4.687499895226211e-05,1.2652873920160346e-05,-0.25,-0.0009508823859505355,-0.0030580815168632907,7.263141014846042e-05,-0.06755514285279096,-0.06702291965484619,3.141592653589793,3.141329050064087,0.0015546797076240182,-0.014756690710783005,0.0001787161745596677
8.904113292694092,5.0,0.011796874925494194,0.0,5.859374869032763e-05,-3.0,-0.014731445349752903,0.5,0.0005001905956305563,-4.687499895226211e-05,1.2652873920160346e-05,-0.25,-0.0009508823859505355,2.230508427907572e-05,7.263141014846042e-05,-0.06693997712852433,-0.06702291965484619,3.141592653589793,3.141329050064087,0.0015546797076240182,-0.014756690710783005,0.0001787161745596677
8.908650398254395,5.0,0.011796874925494194,0.0,5.859374869032763e-05,-3.0,-0.014741210266947746,0.5,0.0006070657982490957,-4.687499895226211e-05,5.7755725720198825e-05,-0.25,-0.0005983513547107577,2.231048596393577e-05,6.963386840652674e-05,-0.06693997712852433,-0.06713687628507614,3.141592653589793,3.1413302421569824,-0.0008460482349619269,-0.011452095583081245,0.00028718257090076804
8.913243055343628,5.0,0.011796874925494194,0.0,5.859374869032763e-05,-3.0,-0.014741210266947746,0.5,0.0006070657982490957,-4.687499895226211e-05,5.7755725720198825e-05,-0.25,-0.0005983513547107577,0.0001259388821342493,6.963386840652674e-05,-0.06669444323755187,-0.06713687628507614,3.141592653589793,3.1413302421569824,-0.0008460482349619269,-0.011452095583081245,0.00028718257090076804
8.91826844215393,5.0,0.011796874925494194,0.0,5.859374869032763e-05,-3.0,-0.014741210266947746,0.5,0.0006070657982490957,-4.687499895226211e-05,5.7755725720198825e-05,-0.25,-0.0005983513547107577,2.7742955038003186e-05,6.963386840652674e-05,-0.0669271521042101,-0.06713687628507614,3.141592653589793,3.1413302421569824,-0.00044538246584124863,-0.009841456077992916,7.837867451598868e-05
8.923352241516113,5.0,0.011796874925494194,0.0,5.859374869032763e-05,-3.0,-0.014746093191206455,0.5,0.0003701601817738265,-4.687499895226211e-05,-0.00020692351972684264,-0.25,-0.0006357806851156056,-0.0005246675798849508,6.942698382772505e-05,-0.0674215818919163,-0.06724631786346436,3.141592653589793,3.141341209411621,-0.0001327004429185763,-0.011385176330804825,0.00010672429925762117
8.928027153015137,5.0,0.011796874925494194,0.0,5.859374869032763e-05,-3.0,-0.014746093191206455,0.5,0.0003701601817738265,-4.687499895226211e-05,-0.00020692351972684264,-0.25,-0.0006357806851156056,-4.049791760401848e-06,6.942698382772505e-05,-0.06695558077818714,-0.06724631786346436,3.141592653589793,3.141341209411621,-0.0001327004429185763,-0.011385176330804825,0.00010672429925762117
8.932686567306519,5.0,0.011796874925494194,0.0,5.859374869032763e-05,-3.0,-0.014755859039723873,0.5,0.000333364587277174,-4.687499895226211e-05,-4.561358946375549e-05,-0.25,-0.0006908905343152583,0.0003615096796989294,7.108712452463806e-05,-0.0670389666784167,-0.06730282306671143,3.141592653589793,3.141342878341675,0.00029182014986872673,-0.010969105176627636,0.00014554680092260242
8.93784475326538,5.0,0.011796874925494194,0.0,5.859374869032763e-05,-3.0,-0.014755859039723873,0.5,0.000333364587277174,-4.687499895226211e-05,-4.561358946375549e-05,-0.25,-0.0006908905343152583,1.530764755145081e-05,7.108712452463806e-05,-0.06695999624952673,-0.06730282306671143,3.141592653589793,3.141342878341675,0.00029182014986872673,-0.010969105176627636,0.00014554680092260242
8.942743062973022,5.0,0.011796874925494194,0.0,5.859374869032763e-05,-3.0,-0.014755859039723873,0.5,0.00021073847892694175,-4.687499895226211e-05,0.0004868607211392373,-0.25,-0.0007446432136930525,0.0011663141081058022,9.251344454241917e-05,-0.06722505510448439,-0.06733512133359909,3.141592653589793,3.1412792205810547,0.004931418225169182,-0.006267874967306852,0.001782550010830164
8.947500705718994,5.0,0.011796874925494194,0.0,5.859374869032763e-05,-3.0,-0.014755859039723873,0.5,0.00021073847892694175,-4.687499895226211e-05,0.0004868607211392373,-0.25,-0.0007446432136930525,7.930763935852991e-05,9.251344454241917e-05,-0.06697471138252876,-0.06733512133359909,3.141592653589793,3.1412792205810547,0.004931418225169182,-0.006267874967306852,0.001782550010830164
8.952259540557861,5.0,0.011796874925494194,0.0,5.859374869032763e-05,-3.0,-0.014755859039723873,0.5,0.00021073847892694175,-4.687499895226211e-05,0.0004868607211392373,-0.25,-0.0007446432136930525,7.93584385613203e-05,5.1806302508339286e-05,-0.06697471138252876,-0.06738483905792236,3.141592653589793,3.141293525695801,0.0011332904687151313,-0.005857414565980434,0.0010321945883333683
8.95656418800354,5.0,0.011796874925494194,0.0,5.859374869032763e-05,-3.0,-0.014760741963982582,0.5,0.000293188844807446,-4.687499895226211e-05,-0.0003074073465541005,-0.25,-0.000398803356802091,-0.001861116970082508,5.1806302508339286e-05,-0.06677327931623925,-0.06738483905792236,3.141592653589793,3.141293525695801,0.0011332904687151313,-0.005857414565980434,0.0010321945883333683
8.961463689804077,5.0,0.011796874925494194,0.0,5.859374869032763e-05,-3.0,-0.014760741963982582,0.5,0.000293188844807446,-4.687499895226211e-05,-0.0003074073465541005,-0.25,-0.000398803356802091,-1.6001689134096127e-05,5.1806302508339286e-05,-0.06696481733862311,-0.06738483905792236,3.141592653589793,3.141293525695801,-0.0013734896201640368,-0.0052476441487669945,3.477709833532572e-05
8.966206550598145,5.0,0.011796874925494194,0.0,5.859374869032763e-05,-3.0,-0.014760741963982582,0.5,0.00021165683574508876,-4.687499895226211e-05,-8.115546370390803e-05,-0.25,-0.00048747300752438605,0.0004881820202146137,5.1806302508339286e-05,-0.06714650588575707,-0.06738483905792236,3.141592653589793,3.141293525695801,-0.0013734896201640368,-0.0052476441487669945,3.477709833532572e-05
8.970857381820679,5.0,0.011796874925494194,0.0,5.859374869032763e-05,-3.0,-0.014760741963982582,0.5,0.00021165683574508876,-4.687499895226211e-05,-8.115546370390803e-05,-0.25,-0.00048747300752438605,1.1142096405365718e-05,5.1806302508339286e-05,-0.06697460117971059,-0.06738483905792236,3.141592653589793,3.141293525695801,-0.0013734896201640368,-0.0052476441487669945,3.477709833532572e-05
8.975613594055176,5.0,0.011796874925494194,0.0,5.859374869032763e-05,-3.0,-0.014760741963982582,0.5,0.00021165683574508876,-4.687499895226211e-05,-8.115546370390803e-05,-0.25,-0.00048747300752438605,1.1138835502048596e-05,5.1806302508339286e-05,-0.06697460117971059,-0.06738483905792236,3.141592653589793,3.141293525695801,-0.001639557653106749,-0.005722433794289827,6.424613820854574e-05
8.980475425720215,5.0,0.011796874925494194,0.0,5.859374869032763e-05,-3.0,-0.014760741963982582,0.5,0.00022043235367164016,-4.687499895226211e-05,-9.310417954111472e-05,-0.25,-0.0005116891697980464,-1.4876078062833688e-05,5.1806302508339286e-05,-0.06695549829903184,-0.06738483905792236,3.141592653589793,3.141293525695801,-0.0016076045576483011,-0.0057723489589989185,3.719946835190058e-05
8.985101699829102,5.0,0.011796874925494194,0.0,5.859374869032763e-05,-3.0,-0.014760741963982582,0.5,0.00022043235367164016,-4.687499895226211e-05,-9.310417954111472e-05,-0.25,-0.0005116891697980464,9.696217054478415e-06,5.1806302508339286e-05,-0.0669735481175594,-0.06738483905792236,3.141592653589793,3.141293525695801,-0.0016076045576483011,-0.0057723489589989185,3.719946835190058e-05
8.989984512329102,5.0,0.011796874925494194,0.0,5.859374869032763e-05,-3.0,-0.014765624888241291,0.5,0.0002562343142926693,-4.687499895226211e-05,-8.859521767590195e-05,-0.25,-0.0004427873936947435,1.9467572138149966e-05,5.6813223636709154e-05,-0.06689592946693301,-0.06743370741605759,3.141592653589793,3.1412947177886963,-0.0011497203959152102,-0.005516679026186466,0.00023120724654290825
8.994521379470825,5.0,0.011796874925494194,0.0,5.859374869032763e-05,-3.0,-0.014765624888241291,0.5,0.0002562343142926693,-4.687499895226211e-05,-8.859521767590195e-05,-0.25,-0.0004427873936947435,1.022943265640476e-05,5.6813223636709154e-05,-0.06696925188228488,-0.06743370741605759,3.141592653589793,3.1412947177886963,-0.0011497203959152102,-0.005516679026186466,0.00023120724654290825
8.999542951583862,5.0,0.011796874925494194,0.0,5.859374869032763e-05,-3.0,-0.014765624888241291,0.5,0.00017680108430795372,-4.687499895226211e-05,-7.048140105325729e-05,-0.25,-0.00046656368067488074,4.847272320453101e-05,5.6813223636709154e-05,-0.06713696785728111,-0.06743370741605759,3.141592653589793,3.1412947177886963,-0.0013054459122940898,-0.004987897351384163,0.00012526873615570366
9.00434947013855,5.0,0.011796874925494194,0.0,5.859374869032763e-05,-3.0,-0.014765624888241291,0.5,0.00017680108430795372,-4.687499895226211e-05,-7.048140105325729e-05,-0.25,-0.00046656368067488074,1.2398450533918373e-05,5.6813223636709154e-05,-0.06697878386988304,-0.06743370741605759,3.141592653589793,3.1412947177886963,-0.0013054459122940898,-0.004987897351384163,0.00012526873615570366
9.009239196777344,5.0,0.011796874925494194,0.0,5.859374869032763e-05,-3.0,-0.014765624888241291,0.5,0.0001790290989447385,-4.687499895226211e-05,-9.258158388547599e-05,-0.25,-0.0003957629087381065,-3.5455215795102645e-05,5.6813223636709154e-05,-0.06697395998625666,-0.06743370741605759,3.141592653589793,3.1412947177886963,-0.0014461224200204015,-0.004850015509873629,3.331634070491418e-05
9.014056205749512,5.0,0.011796874925494194,0.0,5.859374869032763e-05,-3.0,-0.014765624888241291,0.5,0.0001790290989447385,-4.687499895226211e-05,-9.258158388547599e-05,-0.25,-0.0003957629087381065,9.737555359339596e-06,5.6813223636709154e-05,-0.06697851650812663,-0.06743370741605759,3.141592653589793,3.1412947177886963,-0.0018502495950087905,-0.004733323585242033,5.703236092813313e-05
9.018692016601562,5.0,0.011796874925494194,0.0,5.859374869032763e-05,-3.0,-0.014765624888241291,0.5,0.0001790290989447385,-4.687499895226211e-05,-9.258158388547599e-05,-0.25,-0.0003957629087381065,9.733317617690724e-06,5.6813223636709154e-05,-0.06697851650812663,-0.06743370741605759,3.141592653589793,3.1412947177886963,-0.0018502495950087905,-0.004733323585242033,5.703236092813313e-05
9.023295402526855,5.0,0.011796874925494194,0.0,5.859374869032763e-05,-3.0,-0.0147705078125,0.5,0.0002378706558374688,-4.687499895226211e-05,-0.00025491934502497315,-0.25,-0.00012112080730730668,-0.00036241496996856925,5.317365503287874e-05,-0.06684363317955443,-0.06747900694608688,3.141592653589793,3.1413040161132812,-0.0016675483202561736,-0.003931137733161449,-0.00015750303282402456
9.027952671051025,5.0,0.011796874925494194,0.0,5.859374869032763e-05,-3.0,-0.0147705078125,0.5,0.0002378706558374688,-4.687499895226211e-05,-0.00025491934502497315,-0.25,-0.00012112080730730668,-9.785746255031814e-06,5.317365503287874e-05,-0.0669714555212995,-0.06747900694608688,3.141592653589793,3.1413040161132812,-0.0016675483202561736,-0.003931137733161449,-0.00015750303282402456
9.032578945159912,5.0,0.011796874925494194,0.0,5.859374869032763e-05,-3.0,-0.0147705078125,0.5,0.00012606866948772222,-4.687499895226211e-05,1.058923953678459e-05,-0.25,-0.0002871179603971541,0.000595995112374572,5.317365503287874e-05,-0.06722653920892693,-0.06747900694608688,3.141592653589793,3.1413040161132812,-0.000610697956290096,-0.003370964899659157,0.0002828494179993868
9.037205696105957,5.0,0.011796874925494194,0.0,5.859374869032763e-05,-3.0,-0.0147705078125,0.5,0.00012606866948772222,-4.687499895226211e-05,1.058923953678459e-05,-0.25,-0.0002871179603971541,2.2085918253149146e-05,5.317365503287874e-05,-0.06698487175966147,-0.06747900694608688,3.141592653589793,3.1413040161132812,-0.000610697956290096,-0.003370964899659157,0.0002828494179993868
9.041611433029175,5.0,0.011796874925494194,0.0,5.859374869032763e-05,-3.0,-0.0147705078125,0.5,0.00012606866948772222,-4.687499895226211e-05,1.058923953678459e-05,-0.25,-0.0002871179603971541,2.2090981699494665e-05,5.317365503287874e-05,-0.06698487175966147,-0.06747900694608688,3.141592653589793,3.1413040161132812,-0.000847586547024548,-0.0033523591700941324,0.0002847886353265494
9.046611785888672,5.0,0.011796874925494194,0.0,5.859374869032763e-05,-3.0,-0.0147705078125,0.5,0.00011335223825881258,-4.687499895226211e-05,-3.814976025751093e-06,-0.25,-0.0002796179032884538,-8.439616064669122e-06,5.317365503287874e-05,-0.06701182879914801,-0.06747900694608688,3.141592653589793,3.1413040161132812,-0.000847586547024548,-0.0033523591700941324,0.0002847886353265494
9.051241874694824,5.0,0.011796874925494194,0.0,5.859374869032763e-05,-3.0,-0.0147705078125,0.5,0.00011335223825881258,-4.687499895226211e-05,-3.814976025751093e-06,-0.25,-0.0002796179032884538,2.0370769572768687e-05,5.317365503287874e-05,-0.06698639773140894,-0.06747900694608688,3.141592653589793,3.1413040161132812,-0.0008791708387434483,-0.00316656194627285,0.0003006943443324417
9.055746793746948,5.0,0.011796874925494194,0.0,5.859374869032763e-05,-3.0,-0.0147705078125,0.5,7.519125938415527e-05,-4.687499895226211e-05,0.0001737621205393225,-0.25,-0.0002367973211221397,0.0004358847779169045,5.317365503287874e-05,-0.06707568662618953,-0.06747900694608688,3.141592653589793,3.1413040161132812,-0.0008791708387434483,-0.00316656194627285,0.0003006943443324417
9.060434818267822,5.0,0.011796874925494194,0.0,5.859374869032763e-05,-3.0,-0.0147705078125,0.5,7.519125938415527e-05,-4.687499895226211e-05,0.0001737621205393225,-0.25,-0.0002367973211221397,4.1720587252369414e-05,8.606331539340317e-05,-0.0669909770488739,-0.06750249117612839,3.141592653589793,3.141308546066284,0.0069472105242311954,-0.004995622672140598,0.004659242462366819
9.065173864364624,5.0,0.011796874925494194,0.0,6.83593752910383e-05,-3.0,-0.0147705078125,0.5,2.1593272322206758e-05,-0.00026075484799087856,0.0009988346137106419,-0.25,1.7940998077392578e-05,0.0023588380269457575,8.606331539340317e-05,-0.06711050748998264,-0.06750249117612839,3.141592653589793,3.141308546066284,0.0069472105242311954,-0.004995622672140598,0.004659242462366819
9.0697922706604,5.0,0.011796874925494194,0.0,6.83593752910383e-05,-3.0,-0.0147705078125,0.5,2.1593272322206758e-05,-5.468750023283065e-05,0.0009988346137106419,-0.25,1.7940998077392578e-05,-0.0003043036524095381,5.7871395256370306e-05,-0.06699740880732133,-0.06749557703733444,3.141592653589793,3.1413183212280273,-0.004566147457808256,-0.002601656597107649,-0.0009755789651535451
9.074586391448975,5.0,0.011796874925494194,0.0,5.859374869032763e-05,-3.0,-0.0147705078125,0.5,8.903987327357754e-05,0.0001568250543293531,-1.8602604541229084e-05,-0.25,-0.00015161155897658318,-0.0025690591437177563,5.7871395256370306e-05,-0.06684862914590303,-0.06749557703733444,3.141592653589793,3.1413183212280273,-0.00040149944834411144,-0.002039918676018715,-9.22260369407013e-06
9.079418182373047,5.0,0.011796874925494194,0.0,5.859374869032763e-05,-3.0,-0.0147705078125,0.5,8.903987327357754e-05,-4.687499895226211e-05,-1.8602604541229084e-05,-0.25,-0.00015161155897658318,0.0004404223501412035,5.7871395256370306e-05,-0.06698931521520717,-0.06749557703733444,3.141592653589793,3.1413183212280273,-0.00040149944834411144,-0.002039918676018715,-9.22260369407013e-06
9.08418321609497,5.0,0.011796874925494194,0.0,5.859374869032763e-05,-3.0,-0.0147705078125,0.5,2.945840242318809e-05,-4.687499895226211e-05,0.0001398589665768668,-0.25,-5.4781434300821275e-05,0.00037042339960559323,5.7871395256370306e-05,-0.06712150391971566,-0.06749557703733444,3.141592653589793,3.1413183212280273,0.0013243344146758318,-0.001286060200072825,0.0008424836560152471
9.089065313339233,5.0,0.011796874925494194,0.0,5.859374869032763e-05,-3.0,-0.0147705078125,0.5,2.945840242318809e-05,-4.687499895226211e-05,0.0001398589665768668,-0.25,-5.4781434300821275e-05,3.789084632926583e-05,5.7871395256370306e-05,-0.06699646499170922,-0.06749557703733444,3.141592653589793,3.1413183212280273,0.0013243344146758318,-0.001286060200072825,0.0008424836560152471
9.093863487243652,5.0,0.011796874925494194,0.0,5.859374869032763e-05,-3.0,-0.0147705078125,0.5,2.945840242318809e-05,-4.687499895226211e-05,0.0001398589665768668,-0.25,-5.4781434300821275e-05,3.790876597007524e-05,5.7871395256370306e-05,-0.06699646499170922,-0.06749557703733444,3.141592653589793,3.1413183212280273,-0.0004144859267398715,-0.00024252463481388986,-6.294251943472773e-05
9.098475694656372,5.0,0.011796874925494194,0.0,5.859374869032763e-05,-3.0,-0.0147705078125,0.5,6.596892944799038e-06,-4.687499895226211e-05,2.537790896894876e-05,-0.25,-2.8896331514260964e-06,-0.0002240354559465925,5.7871395256370306e-05,-0.06704877576527425,-0.06749557703733444,3.141592653589793,3.1413183212280273,-0.0004144859267398715,-0.00024252463481388986,-6.294251943472773e-05
9.103206872940063,5.0,0.011796874925494194,0.0,5.859374869032763e-05,-3.0,-0.0147705078125,0.5,6.596892944799038e-06,-4.687499895226211e-05,2.537790896894876e-05,-0.25,-2.8896331514260964e-06,2.418454079285298e-05,5.7871395256370306e-05,-0.06699920837284662,-0.06749557703733444,3.141592653589793,3.1413183212280273,9.416061220690608e-05,-7.28861487004906e-05,-3.0595540010835975e-05
9.10780382156372,5.0,0.011796874925494194,0.0,5.859374869032763e-05,-3.0,-0.0147705078125,0.5,1.1125057426397689e-05,-4.687499895226211e-05,1.006197362585226e-05,-0.25,1.2322663678787649e-05,-1.0965749331538111e-05,5.7871395256370306e-05,-0.0669888146231084,-0.06749557703733444,3.141592653589793,3.1413183212280273,0.00039489055052399635,-0.00010520647629164159,-1.6080211935332045e-05
9.112525939941406,5.0,0.011796874925494194,0.0,5.859374869032763e-05,-3.0,-0.0147705078125,0.5,1.1125057426397689e-05,-4.687499895226211e-05,1.006197362585226e-05,-0.25,1.2322663678787649e-05,2.2357240540927582e-05,5.7871395256370306e-05,-0.06699866499310883,-0.06749557703733444,3.141592653589793,3.1413183212280273,0.00039489055052399635,-0.00010520647629164159,-1.6080211935332045e-05
9.117108583450317,5.0,0.011796874925494194,0.0,5.859374869032763e-05,-3.0,-0.0147705078125,0.5,1.1723935131158214e-05,-4.687499895226211e-05,0.00016403205518145114,-0.25,3.268480213591829e-05,0.00037683827214604187,5.7871395256370306e-05,-0.06699728628883071,-0.06749557703733444,3.141592653589793,3.1413183212280273,0.0015600328333675861,-0.0010721684666350484,0.0009862444130703807
9.121796607971191,5.0,0.011796874925494194,0.0,5.859374869032763e-05,-3.0,-0.0147705078125,0.5,1.1723935131158214e-05,-4.687499895226211e-05,0.00016403205518145114,-0.25,3.268480213591829e-05,4.087275531327972e-05,5.7871395256370306e-05,-0.06699859312778425,-0.06749557703733444,3.141592653589793,3.1413183212280273,0.0015600328333675861,-0.0010721684666350484,0.0009862444130703807
9.126626253128052,5.0,0.011796874925494194,0.0,5.859374869032763e-05,-3.0,-0.0147705078125,0.5,1.1723935131158214e-05,-4.687499895226211e-05,0.00016403205518145114,-0.25,3.268480213591829e-05,4.089312743793061e-05,8.578529377700761e-05,-0.06699859312778425,-0.06748830527067184,3.141592653589793,3.141310691833496,0.004915181081742048,-0.004288927186280489,0.004979744553565979
9.131405115127563,5.0,0.011796874925494194,0.0,6.83593752910383e-05,-3.0,-0.0147705078125,0.5,-1.452431024517864e-05,-0.0002590379627845528,0.0010198720265179873,-0.25,0.00020167231559753418,0.0024040235406225284,8.578529377700761e-05,-0.06705666864092477,-0.06748830527067184,3.141592653589793,3.141310691833496,0.004915181081742048,-0.004288927186280489,0.004979744553565979
9.136321067810059,5.0,0.011796874925494194,0.0,6.83593752910383e-05,-3.0,-0.0147705078125,0.5,-1.452431024517864e-05,-5.468750023283065e-05,0.0010198720265179873,-0.25,0.00020167231559753418,-0.0002709291159881869,8.77191050676629e-05,-0.06700174291722942,-0.0674881860613823,3.141592653589793,3.141310691833496,0.005775148514658213,-0.003547998610883951,0.004523382056504488
9.140654563903809,5.0,0.011796874925494194,0.0,6.83593752910383e-05,-3.0,-0.0147705078125,0.5,-3.381729038665071e-05,-5.468750023283065e-05,0.0013002415653318167,-0.25,0.00024283646780531853,0.0008255034120821258,8.608771895524114e-05,-0.0670485786645137,-0.06748735904693604,3.141592653589793,3.141310691833496,0.0057854983024299145,-0.004547217395156622,0.005142261274158955
9.14542818069458,5.0,0.011796874925494194,0.0,6.83593752910383e-05,-3.0,-0.0147705078125,0.5,-3.381729038665071e-05,-5.468750023283065e-05,0.0013002415653318167,-0.25,0.00024283646780531853,0.00017865044301138913,8.608771895524114e-05,-0.0670040580748464,-0.06748735904693604,3.141592653589793,3.141310691833496,0.0057854983024299145,-0.004547217395156622,0.005142261274158955
9.150356769561768,5.0,0.011796874925494194,0.0,5.859374869032763e-05,-3.0,-0.0147705078125,0.5,9.491622040513903e-05,0.00015126744838649171,-0.0010911261197179556,-0.25,-0.00015018224075902253,-0.005403062072959857,8.691003313288093e-05,-0.06672741255004518,-0.0674889013171196,3.141592653589793,3.141310930252075,7.847113738534972e-05,0.0005308734835125506,-0.0013590928865596652
9.155119180679321,5.0,0.011796874925494194,0.0,5.859374869032763e-05,-3.0,-0.0147705078125,0.5,9.491622040513903e-05,-4.687499895226211e-05,-0.0010911261197179556,-0.25,-0.00015018224075902253,0.00030658179099093133,8.691003313288093e-05,-0.06698861005355139,-0.0674889013171196,3.141592653589793,3.141310930252075,7.847113738534972e-05,0.0005308734835125506,-0.0013590928865596652
9.159688711166382,5.0,0.011796874925494194,0.0,6.83593752910383e-05,-3.0,-0.0147705078125,0.5,-3.762401684070937e-05,-0.0002683993165422702,-3.217013363610022e-05,-0.25,0.00011750101839425042,0.002846420278506482,8.691003313288093e-05,-0.06729456708239719,-0.0674889013171196,3.141592653589793,3.141310930252075,-0.0004014985170215368,0.0025924057699739933,-3.5760396713158116e-05
9.164404392242432,5.0,0.011796874925494194,0.0,6.83593752910383e-05,-3.0,-0.0147705078125,0.5,-3.762401684070937e-05,-5.468750023283065e-05,-3.217013363610022e-05,-0.25,0.00011750101839425042,-0.000434631132259544,8.691003313288093e-05,-0.06700451488202089,-0.0674889013171196,3.141592653589793,3.141310930252075,-0.0004014985170215368,0.0025924057699739933,-3.5760396713158116e-05
9.16919732093811,5.0,0.011796874925494194,0.0,6.83593752910383e-05,-3.0,-0.0147705078125,0.5,-0.00010851010301848873,-5.468750023283065e-05,-6.868864147691056e-06,-0.25,0.0009755897335708141,7.439230598738685e-05,8.691003313288093e-05,-0.0671609184390447,-0.0674889013171196,3.141592653589793,3.141310930252075,-0.0003467099741101265,0.00153748644515872,-8.810572580841836e-06
9.173950433731079,5.0,0.011796874925494194,0.0,6.83593752910383e-05,-3.0,-0.0147705078125,0.5,-0.00010851010301848873,-5.468750023283065e-05,-6.868864147691056e-06,-0.25,0.0009755897335708141,2.160810586587396e-05,8.691003313288093e-05,-0.06701302121236222,-0.0674889013171196,3.141592653589793,3.141310930252075,-0.0003467099741101265,0.00153748644515872,-8.810572580841836e-06
9.178625583648682,5.0,0.011796874925494194,0.0,6.83593752910383e-05,-3.0,-0.0147705078125,0.5,-0.00010851010301848873,-5.468750023283065e-05,-6.868864147691056e-06,-0.25,0.0009755897335708141,2.1612577051725027e-05,7.173597259679809e-05,-0.06701302121236222,-0.06745016574859619,3.141592653589793,3.1413302421569824,-0.0008854178595356643,0.006233419757336378,0.00029260508017614484
9.183443784713745,5.0,0.011796874925494194,0.0,6.83593752910383e-05,-3.0,-0.014765624888241291,0.5,-0.0002336492034373805,-5.468750023283065e-05,1.8491859009373002e-05,-0.25,0.0005163675523363054,7.729816858540982e-05,7.173597259679809e-05,-0.06728775952816593,-0.06745016574859619,3.141592653589793,3.1413302421569824,-0.0008854178595356643,0.006233419757336378,0.00029260508017614484
9.188126564025879,5.0,0.011796874925494194,0.0,6.83593752910383e-05,-3.0,-0.014765624888241291,0.5,-0.0002336492034373805,-5.468750023283065e-05,1.8491859009373002e-05,-0.25,0.0005163675523363054,2.4669769343696236e-05,5.412266909843311e-05,-0.06702803790441247,-0.06740283221006393,3.141592653589793,3.1413369178771973,-0.0014392307493835688,0.002608346985653043,-0.00017024668341036886
9.192906618118286,5.0,0.011796874925494194,0.0,6.83593752910383e-05,-3.0,-0.014760741963982582,0.5,-9.040273289429024e-05,-5.468750023283065e-05,-1.560185592097696e-05,-0.25,0.0003580880002118647,-5.074269612871699e-05,5.412266909843311e-05,-0.06671117291052761,-0.06740283221006393,3.141592653589793,3.1413369178771973,-0.0014392307493835688,0.002608346985653043,-0.00017024668341036886
9.197573900222778,5.0,0.011796874925494194,0.0,6.83593752910383e-05,-3.0,-0.014760741963982582,0.5,-9.040273289429024e-05,-5.468750023283065e-05,-1.560185592097696e-05,-0.25,0.0003580880002118647,2.058590865649997e-05,5.412266909843311e-05,-0.06701084832794732,-0.06740283221006393,3.141592653589793,3.1413369178771973,-0.00045381023664958775,0.00136863742955029,-2.629190385050606e-05
9.202346324920654,5.0,0.011796874925494194,0.0,6.83593752910383e-05,-3.0,-0.014760741963982582,0.5,-8.319861808558926e-05,-5.468750023283065e-05,-5.5696295930829365e-06,-0.25,0.0007822942570783198,4.2815699500482645e-05,5.412266909843311e-05,-0.06699488854138984,-0.06740283221006393,3.141592653589793,3.1413369178771973,-0.00045381023664958775,0.00136863742955029,-2.629190385050606e-05
9.206994533538818,5.0,0.011796874925494194,0.0,6.83593752910383e-05,-3.0,-0.014760741963982582,0.5,-8.319861808558926e-05,-5.468750023283065e-05,-5.5696295930829365e-06,-0.25,0.0007822942570783198,2.179903024481849e-05,5.412266909843311e-05,-0.06700998383417027,-0.06740283221006393,3.141592653589793,3.1413369178771973,-0.0003189209382981062,0.001175246317870915,-7.813939191692043e-06
9.211845397949219,5.0,0.011796874925494194,0.0,6.83593752910383e-05,-3.0,-0.014760741963982582,0.5,-8.319861808558926e-05,-5.468750023283065e-05,-5.5696295930829365e-06,-0.25,0.0007822942570783198,2.180379552743051e-05,5.412266909843311e-05,-0.06700998383417027,-0.06740283221006393,3.141592653589793,3.1413369178771973,-0.0003189209382981062,0.001175246317870915,-7.813939191692043e-06
9.216630458831787,5.0,0.011796874925494194,0.0,6.83593752910383e-05,-3.0,-0.014760741963982582,0.5,-3.712318721227348e-05,-5.468750023283065e-05,2.6645220714272e-06,-0.25,0.0008857154753059149,4.0005421878845207e-05,5.412266909843311e-05,-0.06690816461604113,-0.06740283221006393,3.141592653589793,3.1413369178771973,-7.44835997465998e-05,-5.621855962090194e-05,-1.5074329894559924e-05
9.221327066421509,5.0,0.011796874925494194,0.0,6.83593752910383e-05,-3.0,-0.014760741963982582,0.5,-3.712318721227348e-05,-5.468750023283065e-05,2.6645220714272e-06,-0.25,0.0008857154753059149,2.2802769584405815e-05,4.6774093789281324e-05,-0.06700445478246547,-0.06733154505491257,3.141592653589793,3.141340494155884,-0.008602003566920757,0.0019839731976389885,-0.0004892550641670823
9.226093769073486,5.0,0.011796874925494194,0.0,6.83593752910383e-05,-3.0,-0.014755859039723873,0.5,-0.00011123664444312453,-5.468750023283065e-05,-0.00016450425027869642,-0.25,0.00039414523052982986,-0.0003479690230198152,4.6774093789281324e-05,-0.06716883000095303,-0.06733154505491257,3.141592653589793,3.141340494155884,-0.008602003566920757,0.0019839731976389885,-0.0004892550641670823
9.230867624282837,5.0,0.011796874925494194,0.0,6.83593752910383e-05,-3.0,-0.014755859039723873,0.5,-0.00011123664444312453,-5.468750023283065e-05,-0.00016450425027869642,-0.25,0.00039414523052982986,2.721562641231865e-06,4.6774093789281324e-05,-0.06701334839733317,-0.06733154505491257,3.141592653589793,3.141340494155884,4.006839299108833e-05,6.528682570206001e-05,1.0773700296340394e-06
9.235631465911865,5.0,0.011796874925494194,0.0,6.83593752910383e-05,-3.0,-0.014755859039723873,0.5,-0.00010450221452629194,-5.468750023283065e-05,3.4563709050416946e-06,-0.25,0.0006255614571273327,0.00037545627478682283,4.6774093789281324e-05,-0.06699840371284896,-0.06733154505491257,3.141592653589793,3.141340494155884,4.006839299108833e-05,6.528682570206001e-05,1.0773700296340394e-06
9.240490436553955,5.0,0.011796874925494194,0.0,6.83593752910383e-05,-3.0,-0.014755859039723873,0.5,-0.00010450221452629194,-5.468750023283065e-05,3.4563709050416946e-06,-0.25,0.0006255614571273327,2.2888027334413956e-05,4.6774093789281324e-05,-0.06701254026574316,-0.06733154505491257,3.141592653589793,3.141340494155884,0.00025241071125492454,0.0015394268557429314,-1.9550523575162515e-05
9.245400428771973,5.0,0.011796874925494194,0.0,6.83593752910383e-05,-3.0,-0.014755859039723873,0.5,-0.00010450221452629194,-5.468750023283065e-05,3.4563709050416946e-06,-0.25,0.0006255614571273327,2.2893737053510204e-05,4.6774093789281324e-05,-0.06701254026574316,-0.06733154505491257,3.141592653589793,3.141340494155884,0.00025241071125492454,0.0015394268557429314,-1.9550523575162515e-05
9.25018048286438,5.0,0.011796874925494194,0.0,6.83593752910383e-05,-3.0,-0.014755859039723873,0.5,-0.00011484868446132168,-5.468750023283065e-05,-1.5771946948461846e-07,-0.25,0.0010971134761348367,1.4904486351242585e-05,6.889268115628511e-05,-0.06703542693178291,-0.06728458404541016,3.141592653589793,3.1413323879241943,-0.00033920002169907093,0.0012415326200425625,-1.4520759577862918e-05
9.254952669143677,5.0,0.011796874925494194,0.0,6.83593752910383e-05,-3.0,-0.014755859039723873,0.5,-0.00011484868446132168,-5.468750023283065e-05,-1.5771946948461846e-07,-0.25,0.0010971134761348367,2.24704638400324e-05,6.889268115628511e-05,-0.06701378184213536,-0.06728458404541016,3.141592653589793,3.1413323879241943,-0.00033920002169907093,0.0012415326200425625,-1.4520759577862918e-05
9.259769678115845,5.0,0.011796874925494194,0.0,6.83593752910383e-05,-3.0,-0.014746093191206455,0.5,-0.0001924279349623248,-5.468750023283065e-05,-3.064815973630175e-05,-0.25,0.0008870798046700656,-4.4483526795711946e-05,4.995353447156958e-05,-0.06718414409456994,-0.06723164767026901,3.141592653589793,3.141340970993042,-0.00055786402663216,0.003779712365940213,-0.00010023106005974114
9.264326095581055,5.0,0.011796874925494194,0.0,6.83593752910383e-05,-3.0,-0.014746093191206455,0.5,-0.0001924279349623248,-5.468750023283065e-05,-3.064815973630175e-05,-0.25,0.0008870798046700656,1.881611762780929e-05,4.995353447156958e-05,-0.06702309135219547,-0.06723164767026901,3.141592653589793,3.141340970993042,-0.00055786402663216,0.003779712365940213,-0.00010023106005974114
9.269007205963135,5.0,0.011796874925494194,0.0,6.83593752910383e-05,-3.0,-0.014746093191206455,0.5,-4.450157121027587e-06,-5.468750023283065e-05,5.106556272949092e-06,-0.25,0.0009475343977101147,9.94931252270925e-05,4.995353447156958e-05,-0.06659896737654483,-0.06723164767026901,3.141592653589793,3.141340970993042,9.703330761112738e-06,-0.00043945363722741604,-2.8640622986131348e-05
9.27343201637268,5.0,0.011796874925494194,0.0,6.83593752910383e-05,-3.0,-0.014746093191206455,0.5,-4.450157121027587e-06,-5.468750023283065e-05,5.106556272949092e-06,-0.25,0.0009475343977101147,2.3117573147766422e-05,4.995353447156958e-05,-0.06700053401885453,-0.06723164767026901,3.141592653589793,3.141340970993042,-0.0004492171574383974,-0.00035799291799776256,-2.8003451006952673e-05
9.278064966201782,5.0,0.011796874925494194,0.0,6.83593752910383e-05,-3.0,-0.014746093191206455,0.5,-9.347423656436149e-06,-5.468750023283065e-05,4.372370767669054e-06,-0.25,0.0007360625313594937,2.1450239115467518e-05,4.995353447156958e-05,-0.06701169220577215,-0.06723164767026901,3.141592653589793,3.141340970993042,-0.0004492171574383974,-0.00035799291799776256,-2.8003451006952673e-05
9.282641887664795,5.0,0.011796874925494194,0.0,6.83593752910383e-05,-3.0,-0.014746093191206455,0.5,-9.347423656436149e-06,-5.468750023283065e-05,4.372370767669054e-06,-0.25,0.0007360625313594937,2.304034956334169e-05,4.995353447156958e-05,-0.06700112169083877,-0.06723164767026901,3.141592653589793,3.141340970993042,4.993472612113692e-05,-0.0006488548242487013,-2.8444581403164193e-05
9.28746747970581,5.0,0.011796874925494194,0.0,6.83593752910383e-05,-3.0,-0.014741210266947746,0.5,-0.00027583882911130786,-5.468750023283065e-05,-0.00010358283179812133,-0.25,0.0006685674306936562,-0.0002136328958685164,4.995353447156958e-05,-0.06758534669104721,-0.06723164767026901,3.141592653589793,3.141340970993042,4.993472612113692e-05,-0.0006488548242487013,-2.8444581403164193e-05
9.29220724105835,5.0,0.011796874925494194,0.0,6.83593752910383e-05,-3.0,-0.014741210266947746,0.5,-0.00027583882911130786,-5.468750023283065e-05,-0.00010358283179812133,-0.25,0.0006685674306936562,1.0076371232932503e-05,5.273411807138473e-05,-0.06703310065949336,-0.06716573238372803,3.141592653589793,3.1413381099700928,-0.00023781615891493857,0.003972184378653765,-9.445947944186628e-05
9.296770572662354,5.0,0.011796874925494194,0.0,6.83593752910383e-05,-3.0,-0.014741210266947746,0.5,-0.00027583882911130786,-5.468750023283065e-05,-0.00010358283179812133,-0.25,0.0006685674306936562,1.0071908720696099e-05,5.273411807138473e-05,-0.06703310065949336,-0.06716573238372803,3.141592653589793,3.1413381099700928,-0.00023781615891493857,0.003972184378653765,-9.445947944186628e-05
9.301586866378784,5.0,0.011796874925494194,0.0,6.83593752910383e-05,-3.0,-0.014731445349752903,0.5,-0.0002937595418188721,-5.468750023283065e-05,-3.025864134542644e-05,-0.25,0.0012383508728817105,0.00017111510585392613,7.412219565594569e-05,-0.0670724596579593,-0.06706034392118454,3.141592653589793,3.141334056854248,-0.0018589041428640485,0.0054431697353720665,0.00020300359756220132
9.306447505950928,5.0,0.011796874925494194,0.0,6.83593752910383e-05,-3.0,-0.014731445349752903,0.5,-0.0002937595418188721,-5.468750023283065e-05,-3.025864134542644e-05,-0.25,0.0012383508728817105,1.8875539503774877e-05,7.412219565594569e-05,-0.06703525114501827,-0.06706034392118454,3.141592653589793,3.141334056854248,-0.0018589041428640485,0.0054431697353720665,0.00020300359756220132
9.311164379119873,5.0,0.011796874925494194,0.0,6.83593752910383e-05,-3.0,-0.014726562425494194,0.5,-0.0006906609050929546,-5.468750023283065e-05,-0.001707241521216929,-0.25,0.00027668356779031456,-0.0037378033831804514,6.944681808818132e-05,-0.06792432945801771,-0.0670015811920166,3.141592653589793,3.141331911087036,0.002099560108035803,0.01613706350326538,-0.00867644976824522
9.315809965133667,5.0,0.011796874925494194,0.0,6.83593752910383e-05,-3.0,-0.014726562425494194,0.5,-0.0006906609050929546,-5.468750023283065e-05,-0.001707241521216929,-0.25,0.00027668356779031456,-0.00018267184547218011,6.944681808818132e-05,-0.06708287930861115,-0.0670015811920166,3.141592653589793,3.141331911087036,0.002099560108035803,0.01613706350326538,-0.00867644976824522
9.320655107498169,5.0,0.011796874925494194,0.0,5.859374869032763e-05,-3.0,-0.014716796576976776,0.5,-0.0026481379754841328,0.000154679999147665,-0.0012911969097331166,-0.25,8.352041186299175e-05,0.00026855491102913565,6.963044870644808e-05,-0.07135785819579936,-0.06687676161527634,3.141592653589793,3.1412880420684814,-0.0015267879934981465,0.014365226030349731,-0.00033519105636514723
9.3252432346344,5.0,0.011796874925494194,0.0,5.859374869032763e-05,-3.0,-0.014716796576976776,0.5,-0.0026481379754841328,-4.687499895226211e-05,-0.0012911969097331166,-0.25,8.352041186299175e-05,0.00030535860583048597,6.963044870644808e-05,-0.06731777655705809,-0.06687676161527634,3.141592653589793,3.1412880420684814,-0.0015267879934981465,0.014365226030349731,-0.00033519105636514723
9.329816341400146,5.0,0.011796874925494194,0.0,5.859374869032763e-05,-3.0,-0.014716796576976776,0.5,-0.0026481379754841328,-4.687499895226211e-05,-0.0012911969097331166,-0.25,8.352041186299175e-05,-0.00013405209231857272,6.963044870644808e-05,-0.06731777655705809,-0.06687676161527634,3.141592653589793,3.1412880420684814,0.0035368658136576414,0.04373842477798462,-0.005055989138782024
9.33430814743042,5.0,0.011757812462747097,0.0,5.859374869032763e-05,-3.0,-0.014707030728459358,0.5,-0.0014795103343203664,-4.687499895226211e-05,-0.0003143225039821118,-0.25,0.003325137309730053,0.0021579408627591277,7.332777749979869e-05,-0.06457585355973428,-0.0666491910815239,3.141592653589793,3.1412856578826904,-0.0007076233741827309,0.03131429851055145,2.6027013518614694e-05
9.339078187942505,5.0,0.011757812462747097,0.0,5.859374869032763e-05,-3.0,-0.014707030728459358,0.5,-0.0014795103343203664,-4.687499895226211e-05,-0.0003143225039821118,-0.25,0.003325137309730053,-1.6876704783446606e-05,7.332777749979869e-05,-0.06717754124011843,-0.0666491910815239,3.141592653589793,3.1412856578826904,-0.0007076233741827309,0.03131429851055145,2.6027013518614694e-05
9.343997955322266,5.0,0.011757812462747097,0.0,5.859374869032763e-05,-3.0,-0.014677734114229679,0.5,-0.0016192623879760504,-4.687499895226211e-05,6.158565156511031e-06,-0.25,0.0029511849861592054,0.0006730013278909957,7.015999290160835e-05,-0.06747837380672007,-0.06634676456451416,3.141592653589793,3.1412856578826904,0.00011105065641459078,0.03053594008088112,-4.869111580774188e-05
9.34873366355896,5.0,0.011757812462747097,0.0,5.859374869032763e-05,-3.0,-0.014677734114229679,0.5,-0.0016192623879760504,-4.687499895226211e-05,6.158565156511031e-06,-0.25,0.0029511849861592054,2.1591264798890253e-05,7.015999290160835e-05,-0.06719431148655712,-0.06634676456451416,3.141592653589793,3.1412856578826904,0.00011105065641459078,0.03053594008088112,-4.869111580774188e-05
9.353452682495117,5.0,0.011757812462747097,0.0,5.859374869032763e-05,-3.0,-0.014658202417194843,0.5,-0.0008219657465815544,-4.687499895226211e-05,0.0002003608096856624,-0.25,0.0016678189858794212,0.00045644983942100834,6.30289941909723e-05,-0.06540909691511017,-0.06614124774932861,3.141592653589793,3.1412904262542725,-0.007340621668845415,0.012498616240918636,0.0001461004139855504
9.358155727386475,5.0,0.011757812462747097,0.0,5.859374869032763e-05,-3.0,-0.014658202417194843,0.5,-0.0008219657465815544,-4.687499895226211e-05,0.0002003608096856624,-0.25,0.0016678189858794212,4.4942123573777084e-05,6.30289941909723e-05,-0.06709863588958978,-0.06614124774932861,3.141592653589793,3.1412904262542725,-0.007340621668845415,0.012498616240918636,0.0001461004139855504
9.36302638053894,5.0,0.011757812462747097,0.0,5.859374869032763e-05,-3.0,-0.0146484375,0.5,-0.0006875203107483685,-4.687499895226211e-05,-0.0019665523432195187,-0.25,0.0006560111069120467,-0.004664191439577796,6.843804294476286e-05,-0.06680647080123475,-0.06609367579221725,3.141592653589793,3.141287088394165,0.002415776252746582,0.01644992269575596,-0.010142108425498009
9.36760425567627,5.0,0.011757812462747097,0.0,5.859374869032763e-05,-3.0,-0.0146484375,0.5,-0.0006875203107483685,-4.687499895226211e-05,-0.0019665523432195187,-0.25,0.0006560111069120467,-0.00021545021728873638,6.843804294476286e-05,-0.0670825024372898,-0.06609367579221725,3.141592653589793,3.141287088394165,0.002415776252746582,0.01644992269575596,-0.010142108425498009
9.372547626495361,5.0,0.01171875,0.0,5.859374869032763e-05,-3.0,-0.014643554575741291,0.5,-0.0024481064174324274,-4.687499895226211e-05,-0.0017601951258257031,-0.25,-0.0003747403679881245,0.00022658557536183233,6.052180106053129e-05,-0.07085528205417087,-0.0660238265991211,3.141592653589793,3.141247034072876,0.0035940397065132856,0.035343460738658905,-0.004591948352754116
9.377233266830444,5.0,0.01171875,0.0,5.859374869032763e-05,-3.0,-0.014643554575741291,0.5,-0.0024481064174324274,-4.687499895226211e-05,-0.0017601951258257031,-0.25,-0.0003747403679881245,-0.00019101730277372523,6.052180106053129e-05,-0.06729377277009188,-0.0660238265991211,3.141592653589793,3.141247034072876,0.0035940397065132856,0.035343460738658905,-0.004591948352754116
9.381895065307617,5.0,0.01171875,0.0,5.859374869032763e-05,-3.0,-0.014643554575741291,0.5,-0.0024481064174324274,-4.687499895226211e-05,-0.0017601951258257031,-0.25,-0.0003747403679881245,-0.0001911770458368926,7.231007475638762e-05,-0.06729377277009188,-0.06589769572019577,3.141592653589793,3.1412835121154785,0.002472210442647338,0.023664157837629318,0.001222260296344757
9.386740684509277,5.0,0.01171875,0.0,5.859374869032763e-05,-3.0,-0.014619139954447746,0.5,-0.0012239781208336353,-4.687499895226211e-05,0.00023790239356458187,-0.25,0.002216181717813015,0.004172135548573577,7.231007475638762e-05,-0.06462061964426116,-0.06589769572019577,3.141592653589793,3.1412835121154785,0.002472210442647338,0.023664157837629318,0.001222260296344757
9.391564130783081,5.0,0.01171875,0.0,5.859374869032763e-05,-3.0,-0.014619139954447746,0.5,-0.0012239781208336353,-4.687499895226211e-05,0.00023790239356458187,-0.25,0.002216181717813015,4.864972711502512e-05,6.944785855012015e-05,-0.06714687737450004,-0.06555639952421188,3.141592653589793,3.141286849975586,-0.0005379386711865664,0.026453161612153053,-0.0001139068917836994
9.39591383934021,5.0,0.01171875,0.0,5.859374869032763e-05,-3.0,-0.014594726264476776,0.5,-0.0008431638707406819,-4.687499895226211e-05,-3.156056482112035e-05,-0.25,0.0016316710971295834,-0.0006031810776292414,6.944785855012015e-05,-0.06622568595015985,-0.06555639952421188,3.141592653589793,3.141286849975586,-0.0005379386711865664,0.026453161612153053,-0.0001139068917836994
9.400679349899292,5.0,0.01171875,0.0,5.859374869032763e-05,-3.0,-0.014594726264476776,0.5,-0.0008431638707406819,-4.687499895226211e-05,-3.156056482112035e-05,-0.25,0.0016316710971295834,1.631696399719578e-05,7.500847277697176e-05,-0.06710117966448888,-0.06541728228330612,3.141592653589793,3.141286611557007,-0.0003868930507451296,0.012120776809751987,0.00018760107923299074
9.405659914016724,5.0,0.01171875,0.0,5.859374869032763e-05,-3.0,-0.014589843340218067,0.5,-0.00013087879051454365,-4.687499895226211e-05,-1.0089030183735304e-05,-0.25,0.0009239685605280101,6.200786042426361e-05,7.500847277697176e-05,-0.06558557612928356,-0.06541728228330612,3.141592653589793,3.141286611557007,-0.0003868930507451296,0.012120776809751987,0.00018760107923299074
9.4102144241333,5.0,0.01171875,0.0,5.859374869032763e-05,-3.0,-0.014589843340218067,0.5,-0.00013087879051454365,-4.687499895226211e-05,-1.0089030183735304e-05,-0.25,0.0009239685605280101,1.890056329254154e-05,7.500847277697176e-05,-0.06701570545486174,-0.06541728228330612,3.141592653589793,3.141286611557007,0.0011167576303705573,-0.0026219217106699944,-7.904058293206617e-05
9.415184497833252,5.0,0.01171875,0.0,5.859374869032763e-05,-3.0,-0.014594726264476776,0.5,0.00031163825769908726,-4.687499895226211e-05,0.0001542199170216918,-0.25,-0.0004334640398155898,0.000369234227114596,7.500847277697176e-05,-0.06607224025768466,-0.06541728228330612,3.141592653589793,3.141286611557007,0.0011167576303705573,-0.0026219217106699944,-7.904058293206617e-05
9.41989278793335,5.0,0.01171875,0.0,5.859374869032763e-05,-3.0,-0.014594726264476776,0.5,0.00031163825769908726,-4.687499895226211e-05,0.0001542199170216918,-0.25,-0.0004334640398155898,3.865656235229551e-05,5.182948734727688e-05,-0.06696260340907612,-0.06542515754699707,3.141592653589793,3.1412901878356934,-0.006770803593099117,-0.011453405022621155,0.00012709357542917132
9.424898624420166,5.0,0.01171875,0.0,5.859374869032763e-05,-3.0,-0.014594726264476776,0.5,0.00031163825769908726,-4.687499895226211e-05,0.0001542199170216918,-0.25,-0.0004334640398155898,3.8676695317649425e-05,5.182948734727688e-05,-0.06696260340907612,-0.06542515754699707,3.141592653589793,3.1412901878356934,-0.006770803593099117,-0.011453405022621155,0.00012709357542917132
9.429529428482056,5.0,0.01171875,0.0,5.859374869032763e-05,-3.0,-0.014599609188735485,0.5,0.00029275164706632495,-4.687499895226211e-05,-1.0355312952015083e-05,-0.25,-0.0005139982677064836,-0.0003364612917182763,6.81899837218225e-05,-0.06700565453515511,-0.06547676771879196,3.141592653589793,3.1412880420684814,-0.0004717205301858485,-0.00642496719956398,2.8426131393644027e-05
9.434444904327393,5.0,0.01171875,0.0,5.859374869032763e-05,-3.0,-0.014599609188735485,0.5,0.00029275164706632495,-4.687499895226211e-05,-1.0355312952015083e-05,-0.25,-0.0005139982677064836,1.8934640263698252e-05,6.81899837218225e-05,-0.06696486980235203,-0.06547676771879196,3.141592653589793,3.1412880420684814,-0.0004717205301858485,-0.00642496719956398,2.8426131393644027e-05
9.439207315444946,5.0,0.01171875,0.0,5.859374869032763e-05,-3.0,-0.014599609188735485,0.5,0.00011330462439218536,-4.687499895226211e-05,-3.308566738269292e-05,-0.25,-0.00027943015447817743,-3.152035795003277e-05,6.81899837218225e-05,-0.0673632021259191,-0.06547676771879196,3.141592653589793,3.1412880420684814,-0.0013198384549468756,-0.0033419255632907152,0.0002514126827009022
9.444045543670654,5.0,0.01171875,0.0,5.859374869032763e-05,-3.0,-0.014599609188735485,0.5,0.00011330462439218536,-4.687499895226211e-05,-3.308566738269292e-05,-0.25,-0.00027943015447817743,1.6209645460000593e-05,6.81899837218225e-05,-0.06698640344507294,-0.06547676771879196,3.141592653589793,3.1412880420684814,-0.0013198384549468756,-0.0033419255632907152,0.0002514126827009022
9.448794603347778,5.0,0.01171875,0.0,5.859374869032763e-05,-3.0,-0.014599609188735485,0.5,0.00010036073217634112,-4.687499895226211e-05,2.167384309359477e-06,-0.25,-0.00023691057867836207,9.467631579564975e-05,6.81899837218225e-05,-0.06701521240715189,-0.06547676771879196,3.141592653589793,3.1412880420684814,-0.00039780381484888494,-0.0026911343447864056,0.0002974222006741911
9.45365858078003,5.0,0.01171875,0.0,5.859374869032763e-05,-3.0,-0.014599609188735485,0.5,0.00010036073217634112,-4.687499895226211e-05,2.167384309359477e-06,-0.25,-0.00023691057867836207,2.04494405880514e-05,6.81899837218225e-05,-0.06698795671213884,-0.06547676771879196,3.141592653589793,3.1412880420684814,-0.00039780381484888494,-0.0026911343447864056,0.0002974222006741911
9.458590030670166,5.0,0.01171875,0.0,5.859374869032763e-05,-3.0,-0.014604492112994194,0.5,0.00028607851709239185,-4.687499895226211e-05,-0.00011805237591033801,-0.25,-0.0005904436111450195,-0.00023776572470798874,6.81899837218225e-05,-0.06658907183102157,-0.06547676771879196,3.141592653589793,3.1412880420684814,-0.0018043065210804343,-0.005935256835073233,-1.726033224258572e-05
9.463300228118896,5.0,0.01171875,0.0,5.859374869032763e-05,-3.0,-0.014604492112994194,0.5,0.00028607851709239185,-4.687499895226211e-05,-0.00011805237591033801,-0.25,-0.0005904436111450195,6.009344018344998e-06,6.81899837218225e-05,-0.06696567057794892,-0.06547676771879196,3.141592653589793,3.1412880420684814,-0.0018043065210804343,-0.005935256835073233,-1.726033224258572e-05
9.467940330505371,5.0,0.01171875,0.0,5.859374869032763e-05,-3.0,-0.014604492112994194,0.5,0.00028607851709239185,-4.687499895226211e-05,-0.00011805237591033801,-0.25,-0.0005904436111450195,6.002738612011274e-06,7.52056366764009e-05,-0.06696567057794892,-0.06553661823272705,3.141592653589793,3.141296148300171,0.0002125164755852893,-0.008797972463071346,7.185608410509303e-05
9.472587823867798,5.0,0.01171875,0.0,5.859374869032763e-05,-3.0,-0.014609375037252903,0.5,0.00037097162567079067,-4.687499895226211e-05,-9.078701987164095e-05,-0.25,-0.0008096647216007113,6.79372990299081e-05,6.917205610079691e-05,-0.06677281911266955,-0.06559287756681442,3.141592653589793,3.1412949562072754,-0.0006612595752812922,-0.00980105809867382,2.3756150767439976e-05
9.477291345596313,5.0,0.01171875,0.0,5.859374869032763e-05,-3.0,-0.014609375037252903,0.5,0.00037097162567079067,-4.687499895226211e-05,-9.078701987164095e-05,-0.25,-0.0008096647216007113,9.266368897249101e-06,6.917205610079691e-05,-0.0669554834049195,-0.06559287756681442,3.141592653589793,3.1412949562072754,-0.0006612595752812922,-0.00980105809867382,2.3756150767439976e-05
9.481951236724854,5.0,0.01171875,0.0,5.859374869032763e-05,-3.0,-0.014614257030189037,0.5,0.0005991050275042653,-4.687499895226211e-05,-1.791291833797004e-05,-0.25,-0.0006072139367461205,0.00017439980605496732,6.92326357238926e-05,-0.06643853930263771,-0.06564700603485107,3.141592653589793,3.1412925720214844,-0.000534739054273814,-0.010609248653054237,1.3422832125797868e-05
9.486682176589966,5.0,0.01171875,0.0,5.859374869032763e-05,-3.0,-0.014614257030189037,0.5,0.0005991050275042653,-4.687499895226211e-05,-1.791291833797004e-05,-0.25,-0.0006072139367461205,1.801670064137508e-05,6.92326357238926e-05,-0.0669281073966995,-0.06564700603485107,3.141592653589793,3.1412925720214844,-0.000534739054273814,-0.010609248653054237,1.3422832125797868e-05
9.491438865661621,5.0,0.01171875,0.0,5.859374869032763e-05,-3.0,-0.014624022878706455,0.5,0.0006564887007698417,-4.687499895226211e-05,-0.00012004833115497604,-0.25,-0.0009888613130897284,-0.0002089660583054427,7.04465273884125e-05,-0.06680058350802405,-0.06581759452819824,3.141592653589793,3.1412994861602783,-0.0014141994761303067,-0.013863170519471169,0.00019387004431337118
9.496085405349731,5.0,0.01171875,0.0,5.859374869032763e-05,-3.0,-0.014624022878706455,0.5,0.0006564887007698417,-4.687499895226211e-05,-0.00012004833115497604,-0.25,-0.0009888613130897284,5.746689791698028e-06,7.04465273884125e-05,-0.06692122135590761,-0.06581759452819824,3.141592653589793,3.1412994861602783,-0.0014141994761303067,-0.013863170519471169,0.00019387004431337118
9.500421285629272,5.0,0.01171875,0.0,5.859374869032763e-05,-3.0,-0.014638671651482582,0.5,0.0007254104129970074,-4.687499895226211e-05,8.181147859431803e-05,-0.25,-0.001203842693939805,5.740344375536308e-06,7.66642697271891e-05,-0.06692122135590761,-0.06593513488769531,3.141592653589793,3.141300678253174,0.002068468602374196,-0.01582297496497631,-4.124661791138351e-05
9.50502061843872,5.0,0.01171875,0.0,5.859374869032763e-05,-3.0,-0.014638671651482582,0.5,0.0007254104129970074,-4.687499895226211e-05,8.181147859431803e-05,-0.25,-0.001203842693939805,0.00046886468948585235,7.66642697271891e-05,-0.0667630992065695,-0.06593513488769531,3.141592653589793,3.141300678253174,0.002068468602374196,-0.01582297496497631,-4.124661791138351e-05
9.509860038757324,5.0,0.01171875,0.0,5.859374869032763e-05,-3.0,-0.014638671651482582,0.5,0.0007254104129970074,-4.687499895226211e-05,8.181147859431803e-05,-0.25,-0.001203842693939805,2.998781434330121e-05,6.903166649863124e-05,-0.06691295075044035,-0.06605242937803268,3.141592653589793,3.141227960586548,0.007357993628829718,-0.022885678336024284,0.004320547450333834
9.514584064483643,5.0,0.01171875,0.0,4.8828122089616954e-05,-3.0,-0.0146484375,0.5,0.0022413490805774927,0.00016766005564347342,0.00031728355679661036,-0.25,9.085714555112645e-05,7.683469339937662e-05,6.903166649863124e-05,-0.06352204062512452,-0.06605242937803268,3.141592653589793,3.141227960586548,0.007357993628829718,-0.022885678336024284,0.004320547450333834
9.519155979156494,5.0,0.01171875,0.0,4.8828122089616954e-05,-3.0,-0.0146484375,0.5,0.0022413490805774927,-3.906249767169357e-05,0.00031728355679661036,-0.25,9.085714555112645e-05,0.0005095111891048304,5.70395786780864e-05,-0.0667310381103307,-0.06619178503751755,3.141592653589793,3.1412479877471924,0.001541426288895309,-0.01730937883257866,0.0010100199142470956
9.523813486099243,5.0,0.01171875,0.0,4.8828122089616954e-05,-3.0,-0.014667968265712261,0.5,0.0009757456718944013,-3.906249767169357e-05,2.451688033033861e-06,-0.25,-0.0009394472581334412,-0.0006563887779152877,5.70395786780864e-05,-0.06960025141492072,-0.06619178503751755,3.141592653589793,3.1412479877471924,0.001541426288895309,-0.01730937883257866,0.0010100199142470956
9.528195858001709,5.0,0.01171875,0.0,4.8828122089616954e-05,-3.0,-0.014667968265712261,0.5,0.0009757456718944013,-3.906249767169357e-05,2.451688033033861e-06,-0.25,-0.0009394472581334412,1.958136516693637e-05,7.595848728669807e-05,-0.06688291051937267,-0.06632030010223389,3.141592653589793,3.1412479877471924,-0.0007598616648465395,-0.017423920333385468,0.00031181410304270685
9.533016920089722,5.0,0.01171875,0.0,4.8828122089616954e-05,-3.0,-0.014667968265712261,0.5,0.0009757456718944013,-3.906249767169357e-05,2.451688033033861e-06,-0.25,-0.0009394472581334412,1.9585368016272685e-05,7.595848728669807e-05,-0.06688291051937267,-0.06632030010223389,3.141592653589793,3.1412479877471924,-0.0007598616648465395,-0.017423920333385468,0.00031181410304270685
9.53735613822937,5.0,0.01171875,0.0,4.8828122089616954e-05,-3.0,-0.014687499962747097,0.5,0.0007316601695492864,-3.906249767169357e-05,5.9439707911224104e-06,-0.25,-0.001451609074138105,2.805653216832703e-05,7.644962897757068e-05,-0.06747471110868053,-0.06648468226194382,3.141592653589793,3.141249895095825,-0.002242268994450569,-0.020209310576319695,-0.011126161552965641
9.541993141174316,5.0,0.01171875,0.0,4.8828122089616954e-05,-3.0,-0.014687499962747097,0.5,0.0007316601695492864,-3.906249767169357e-05,5.9439707911224104e-06,-0.25,-0.001451609074138105,2.001252170746649e-05,7.644962897757068e-05,-0.06691220077965408,-0.06648468226194382,3.141592653589793,3.141249895095825,-0.002242268994450569,-0.020209310576319695,-0.011126161552965641
9.546700716018677,5.0,0.01171875,0.0,4.8828122089616954e-05,-3.0,-0.01469726487994194,0.5,0.0006984973442740738,-3.906249767169357e-05,1.4242147699405905e-05,-0.25,-0.0011190021177753806,3.864060784720585e-05,7.752039527986199e-05,-0.06698662598630074,-0.06657575815916061,3.141592653589793,3.141240358352661,-0.0004399657482281327,-0.015495379455387592,0.00013959793432150036
9.551462888717651,5.0,0.01171875,0.0,4.8828122089616954e-05,-3.0,-0.01469726487994194,0.5,0.0006984973442740738,-3.906249767169357e-05,1.4242147699405905e-05,-0.25,-0.0011190021177753806,2.1018398567151537e-05,7.752039527986199e-05,-0.06691618031868711,-0.06657575815916061,3.141592653589793,3.141240358352661,-0.0004399657482281327,-0.015495379455387592,0.00013959793432150036
9.556087493896484,5.0,0.01171875,0.0,4.8828122089616954e-05,-3.0,-0.014707030728459358,0.5,0.000663090031594038,-3.906249767169357e-05,-7.212365017039701e-05,-0.25,-0.0007996505592018366,-0.0001761013578095325,7.313409150810912e-05,-0.06699699208387337,-0.06669973582029343,3.141592653589793,3.1412501335144043,-0.005029023624956608,-0.012549633160233498,3.1686213333159685e-05
9.560960054397583,5.0,0.01171875,0.0,4.8828122089616954e-05,-3.0,-0.014707030728459358,0.5,0.000663090031594038,-3.906249767169357e-05,-7.212365017039701e-05,-0.25,-0.0007996505592018366,1.0648223077918195e-05,7.313409150810912e-05,-0.06692042919620872,-0.06669973582029343,3.141592653589793,3.1412501335144043,-0.005029023624956608,-0.012549633160233498,3.1686213333159685e-05
9.565696716308594,5.0,0.01171875,0.0,4.8828122089616954e-05,-3.0,-0.014721679501235485,0.5,0.0005647921934723854,-3.906249767169357e-05,2.406281782896258e-05,-0.25,-0.0011244660709053278,0.00022526462554871675,7.98530163592659e-05,-0.0671397504895215,-0.06680797785520554,3.141592653589793,3.1412527561187744,-0.0006614664453081787,-0.012635111808776855,0.0003033379907719791
9.570502281188965,5.0,0.01171875,0.0,4.8828122089616954e-05,-3.0,-0.014721679501235485,0.5,0.0005647921934723854,-3.906249767169357e-05,2.406281782896258e-05,-0.25,-0.0011244660709053278,2.2202646359377044e-05,7.974937034305185e-05,-0.0669322249367833,-0.06691920757293701,3.141592653589793,3.1412558555603027,-0.0006410470814444125,-0.013144748285412788,0.0003243222599849105
9.57492208480835,5.0,0.01171875,0.0,4.8828122089616954e-05,-3.0,-0.014721679501235485,0.5,0.0005647921934723854,-3.906249767169357e-05,2.406281782896258e-05,-0.25,-0.0011244660709053278,2.2208226389335536e-05,7.974937034305185e-05,-0.0669322249367833,-0.06691920757293701,3.141592653589793,3.1412558555603027,-0.0006410470814444125,-0.013144748285412788,0.0003243222599849105
9.579825639724731,5.0,0.01171875,0.0,4.8828122089616954e-05,-3.0,-0.014726562425494194,0.5,0.001017907285131514,-3.906249767169357e-05,0.0013341403100639582,-0.25,-0.0004146736755501479,0.00285124143992287,7.974937034305185e-05,-0.06595379684397051,-0.06691920757293701,3.141592653589793,3.1412558555603027,-0.00525793619453907,-0.01830587536096573,0.005837871693074703
9.584308624267578,5.0,0.01171875,0.0,4.8828122089616954e-05,-3.0,-0.014726562425494194,0.5,0.001017907285131514,-3.906249767169357e-05,0.0013341403100639582,-0.25,-0.0004146736755501479,0.00017967531790434168,7.974937034305185e-05,-0.06687785112578422,-0.06691920757293701,3.141592653589793,3.1412558555603027,-0.00525793619453907,-0.01830587536096573,0.005837871693074703
9.589032173156738,5.0,0.01171875,0.0,4.8828122089616954e-05,-3.0,-0.014741210266947746,0.5,0.0007136605563573539,-3.906249767169357e-05,-0.00014821853255853057,-0.25,-0.0006207525730133057,-0.0031364492399469377,7.360821473412216e-05,-0.06755846696758215,-0.06707572937011719,3.141592653589793,3.141258478164673,-0.003184356726706028,-0.016166510060429573,-0.00019086161046288908
9.593448400497437,5.0,0.01171875,0.0,4.8828122089616954e-05,-3.0,-0.014741210266947746,0.5,0.0007136605563573539,-3.906249767169357e-05,-0.00014821853255853057,-0.25,-0.0006207525730133057,1.7723035549829529e-06,7.360821473412216e-05,-0.06691436073323712,-0.06707572937011719,3.141592653589793,3.141258478164673,-0.003184356726706028,-0.016166510060429573,-0.00019086161046288908
9.598074197769165,5.0,0.01171875,0.0,4.8828122089616954e-05,-3.0,-0.014755859039723873,0.5,0.0004993936163373291,-3.906249767169357e-05,2.1452111468533985e-05,-0.25,-0.0009871816728264093,0.00038893059717859976,8.270677062682807e-05,-0.06740327278850822,-0.06719063967466354,3.141592653589793,3.14125919342041,-0.00042021722765639424,-0.011905752122402191,0.0002822570677381009
9.602946758270264,5.0,0.01171875,0.0,4.8828122089616954e-05,-3.0,-0.014755859039723873,0.5,0.0004993936163373291,-3.906249767169357e-05,2.1452111468533985e-05,-0.25,-0.0009871816728264093,2.2144276626392633e-05,8.270677062682807e-05,-0.06694007276603953,-0.06719063967466354,3.141592653589793,3.14125919342041,-0.00042021722765639424,-0.011905752122402191,0.0002822570677381009
9.607562065124512,5.0,0.01171875,0.0,4.8828122089616954e-05,-3.0,-0.014755859039723873,0.5,0.0004993936163373291,-3.906249767169357e-05,2.1452111468533985e-05,-0.25,-0.0009871816728264093,2.2149862496199573e-05,8.172357047442347e-05,-0.06694007276603953,-0.06730318069458008,3.141592653589793,3.1412618160247803,-0.0015258437488228083,-0.01007943693548441,0.00036224309587851167
9.61243462562561,5.0,0.01171875,0.0,4.8828122089616954e-05,-3.0,-0.014760741963982582,0.5,0.0005291551351547241,-3.906249767169357e-05,2.6661948140827008e-05,-0.25,-0.0004042726650368422,3.3473642761233584e-05,8.172357047442347e-05,-0.06687542154945063,-0.06730318069458008,3.141592653589793,3.1412618160247803,-0.0015258437488228083,-0.01007943693548441,0.00036224309587851167
9.616784811019897,5.0,0.01171875,0.0,4.8828122089616954e-05,-3.0,-0.014760741963982582,0.5,0.0005291551351547241,-3.906249767169357e-05,2.6661948140827008e-05,-0.25,-0.0004042726650368422,2.2787166094131616e-05,8.172357047442347e-05,-0.06693650138378143,-0.06730318069458008,3.141592653589793,3.1412618160247803,-0.0007147137657739222,-0.012114391662180424,0.00022271681518759578
9.621344327926636,5.0,0.01171875,0.0,4.8828122089616954e-05,-3.0,-0.014765624888241291,0.5,0.0005243915366008878,-3.906249767169357e-05,0.0014418080681934953,-0.25,0.00035357294837012887,0.003296459168445118,8.172357047442347e-05,-0.06694752061049847,-0.06730318069458008,3.141592653589793,3.1412618160247803,-0.0007147137657739222,-0.012114391662180424,0.00022271681518759578
9.62588357925415,5.0,0.01171875,0.0,4.8828122089616954e-05,-3.0,-0.014765624888241291,0.5,0.0005243915366008878,-3.906249767169357e-05,0.0014418080681934953,-0.25,0.00035357294837012887,0.0001928741824617265,6.253986794035882e-05,-0.06693707301560789,-0.06736958026885986,3.141592653589793,3.1412720680236816,0.0034258232917636633,-0.007287627086043358,-0.007988965138792992
9.630529880523682,5.0,0.01171875,0.0,4.8828122089616954e-05,-3.0,-0.014765624888241291,0.5,0.0005243915366008878,-3.906249767169357e-05,0.0014418080681934953,-0.25,0.00035357294837012887,0.00019301179387753032,6.253986794035882e-05,-0.06693707301560789,-0.06736958026885986,3.141592653589793,3.1412720680236816,0.0034258232917636633,-0.007287627086043358,-0.007988965138792992
9.634988069534302,5.0,0.01171875,0.0,4.8828122089616954e-05,-3.0,-0.014765624888241291,0.5,0.0008230275707319379,-3.906249767169357e-05,-0.0007978680660016835,-0.25,4.683077349909581e-05,-0.00509955226323928,6.253986794035882e-05,-0.0662313771736235,-0.06736958026885986,3.141592653589793,3.1412720680236816,-0.008093241602182388,-0.013993789441883564,0.00949879176914692
9.639633893966675,5.0,0.01171875,0.0,4.8828122089616954e-05,-3.0,-0.014765624888241291,0.5,0.0008230275707319379,-3.906249767169357e-05,-0.0007978680660016835,-0.25,4.683077349909581e-05,-7.588750574778503e-05,7.792728138156235e-05,-0.06690123669151216,-0.06736909598112106,3.141592653589793,3.1411709785461426,0.0018507055938243866,-0.008894027210772038,0.0003850487119052559
9.644444704055786,5.0,0.01171875,0.0,3.9062499126885086e-05,-3.0,-0.014765624888241291,0.5,0.0002463551645632833,0.00017174331745475186,-3.63822873623576e-05,-0.25,-0.0005621588206849992,0.0011348460708062455,7.792728138156235e-05,-0.06816913862907925,-0.06736909598112106,3.141592653589793,3.1411709785461426,0.0018507055938243866,-0.008894027210772038,0.0003850487119052559
9.649219036102295,5.0,0.01171875,0.0,3.9062499126885086e-05,-3.0,-0.014765624888241291,0.5,0.0002463551645632833,-3.124999930150807e-05,-3.63822873623576e-05,-0.25,-0.0005621588206849992,0.00043970914252419973,7.792728138156235e-05,-0.0669704373802524,-0.06736909598112106,3.141592653589793,3.1411709785461426,-0.0007452558493241668,-0.006168030668050051,0.0001206373271998018
9.653983354568481,5.0,0.01171875,0.0,3.9062499126885086e-05,-3.0,-0.014765624888241291,0.5,-0.0001964959519682452,-3.124999930150807e-05,0.00016984391550067812,-0.25,0.00021357058722060174,0.00047215469968150037,7.792728138156235e-05,-0.06795309570773699,-0.06736909598112106,3.141592653589793,3.1411709785461426,-0.0007452558493241668,-0.006168030668050051,0.0001206373271998018
9.658756494522095,5.0,0.01171875,0.0,3.9062499126885086e-05,-3.0,-0.014765624888241291,0.5,-0.0001964959519682452,-3.124999930150807e-05,0.00016984391550067812,-0.25,0.00021357058722060174,3.931827560495777e-05,8.445316052529961e-05,-0.06702357951423618,-0.06734037399291992,3.141592653589793,3.1412322521209717,-0.00068495242157951,0.0061607058160007,0.0002105168387060985
9.663413047790527,5.0,0.01171875,0.0,3.9062499126885086e-05,-3.0,-0.014755859039723873,0.5,-0.0004120785160921514,-3.124999930150807e-05,2.7979423975921236e-05,-0.25,0.0011394059984013438,-0.0002823555226513368,8.445316052529961e-05,-0.0675124153791453,-0.06734037399291992,3.141592653589793,3.1412322521209717,-0.00068495242157951,0.0061607058160007,0.0002105168387060985
9.667988300323486,5.0,0.01171875,0.0,3.9062499126885086e-05,-3.0,-0.014755859039723873,0.5,-0.0004120785160921514,-3.124999930150807e-05,2.7979423975921236e-05,-0.25,0.0011394059984013438,2.2305472512655458e-05,8.428614091826603e-05,-0.06704944942193106,-0.06728719919919968,3.141592653589793,3.1412339210510254,-0.00023210076324176043,0.00797267910093069,0.00021075621771160513
9.672792911529541,5.0,0.01171875,0.0,3.9062499126885086e-05,-3.0,-0.014750976115465164,0.5,-0.00025662765256129205,-3.124999930150807e-05,2.3035825506667607e-05,-0.25,0.000537762651219964,1.1428178244616927e-05,8.428614091826603e-05,-0.06670725017206335,-0.06728719919919968,3.141592653589793,3.1412339210510254,-0.00023210076324176043,0.00797267910093069,0.00021075621771160513
9.677488088607788,5.0,0.01171875,0.0,3.9062499126885086e-05,-3.0,-0.014750976115465164,0.5,-0.00025662765256129205,-3.124999930150807e-05,2.3035825506667607e-05,-0.25,0.000537762651219964,2.1722554773195352e-05,8.37215266074054e-05,-0.06703079531830736,-0.06723093241453171,3.141592653589793,3.1412365436553955,-0.00025923631619662046,0.001991795375943184,0.00023578901891596615
9.682225942611694,5.0,0.01171875,0.0,3.9062499126885086e-05,-3.0,-0.014750976115465164,0.5,-0.00025662765256129205,-3.124999930150807e-05,2.3035825506667607e-05,-0.25,0.000537762651219964,2.1727698739443805e-05,8.37215266074054e-05,-0.06703079531830736,-0.06723093241453171,3.141592653589793,3.1412365436553955,-0.00025923631619662046,0.001991795375943184,0.00023578901891596615
9.687055826187134,5.0,0.01171875,0.0,3.9062499126885086e-05,-3.0,-0.014750976115465164,0.5,5.330368730938062e-05,-3.124999930150807e-05,0.00016109226271510124,-0.25,0.00017848967399913818,0.00032415107392811407,8.37215266074054e-05,-0.06635190829710974,-0.06723093241453171,3.141592653589793,3.1412365436553955,0.0015795635990798473,-0.002301214262843132,0.0009517702856101096
9.691908121109009,5.0,0.01171875,0.0,3.9062499126885086e-05,-3.0,-0.014750976115465164,0.5,5.330368730938062e-05,-3.124999930150807e-05,0.00016109226271510124,-0.25,0.00017848967399913818,3.833171704672428e-05,8.37215266074054e-05,-0.06699360355752287,-0.06723093241453171,3.141592653589793,3.1412365436553955,-0.0003250059380661696,-0.0036403893027454615,-1.659972440393176e-05
9.696693420410156,5.0,0.01171875,0.0,3.9062499126885086e-05,-3.0,-0.014750976115465164,0.5,0.00017268903320655227,-3.124999930150807e-05,-3.7295791116775945e-05,-0.25,-0.0003862464218400419,-0.0004000535794636131,8.37215266074054e-05,-0.06672979376569989,-0.06723093241453171,3.141592653589793,3.1412365436553955,-0.0003250059380661696,-0.0036403893027454615,-1.659972440393176e-05
9.701560497283936,5.0,0.01171875,0.0,3.9062499126885086e-05,-3.0,-0.014750976115465164,0.5,0.00017268903320655227,-3.124999930150807e-05,-3.7295791116775945e-05,-0.25,-0.0003862464218400419,1.4523983461761494e-05,8.37215266074054e-05,-0.06697927731601522,-0.06723093241453171,3.141592653589793,3.1412365436553955,-0.0011805935064330697,-0.004398942459374666,0.00035005860263481736
9.706230163574219,5.0,0.01171875,0.0,3.9062499126885086e-05,-3.0,-0.014750976115465164,0.5,3.18992133543361e-05,-3.124999930150807e-05,-2.7759326258092187e-05,-0.25,-0.00021744250261690468,3.609084020933739e-05,8.37215266074054e-05,-0.06729767076924964,-0.06723093241453171,3.141592653589793,3.1412365436553955,-0.0011805935064330697,-0.004398942459374666,0.00035005860263481736
9.711082458496094,5.0,0.01171875,0.0,3.9062499126885086e-05,-3.0,-0.014750976115465164,0.5,3.18992133543361e-05,-3.124999930150807e-05,-2.7759326258092187e-05,-0.25,-0.00021744250261690468,1.566902400587002e-05,8.37215266074054e-05,-0.06699617209439748,-0.06723093241453171,3.141592653589793,3.1412365436553955,-0.000575645943172276,0.0005171882221475244,4.541849921224639e-05
9.71570348739624,5.0,0.01171875,0.0,3.9062499126885086e-05,-3.0,-0.014750976115465164,0.5,-7.633164204889908e-05,-3.124999930150807e-05,-2.6052226530737244e-05,-0.25,9.212970326188952e-05,1.9568554690320825e-05,8.37215266074054e-05,-0.0672433735571022,-0.06723093241453171,3.141592653589793,3.1412365436553955,-0.000575645943172276,0.0005171882221475244,4.541849921224639e-05
9.720242738723755,5.0,0.01171875,0.0,3.9062499126885086e-05,-3.0,-0.014750976115465164,0.5,-7.633164204889908e-05,-3.124999930150807e-05,-2.6052226530737244e-05,-0.25,9.212970326188952e-05,1.587482823425541e-05,8.37215266074054e-05,-0.06700915979704586,-0.06723093241453171,3.141592653589793,3.1412365436553955,0.001555967261083424,0.0021559984888881445,0.0009100208408199251
9.725114345550537,5.0,0.01171875,0.0,3.9062499126885086e-05,-3.0,-0.014750976115465164,0.5,-7.633164204889908e-05,-3.124999930150807e-05,-2.6052226530737244e-05,-0.25,9.212970326188952e-05,1.5875334664361696e-05,8.37215266074054e-05,-0.06700915979704586,-0.06723093241453171,3.141592653589793,3.1412365436553955,0.001555967261083424,0.0021559984888881445,0.0009100208408199251
9.72995638847351,5.0,0.01171875,0.0,3.9062499126885086e-05,-3.0,-0.014750976115465164,0.5,-9.149089237325825e-06,-3.124999930150807e-05,3.745833964785561e-05,-0.25,0.0004332947719376534,0.00015466807087888556,8.37215266074054e-05,-0.06686234952791967,-0.06723093241453171,3.141592653589793,3.1412365436553955,-0.00023044920817483217,-0.000576383899897337,0.0002617410209495574
9.734602928161621,5.0,0.01171875,0.0,3.9062499126885086e-05,-3.0,-0.014750976115465164,0.5,-9.149089237325825e-06,-3.124999930150807e-05,3.745833964785561e-05,-0.25,0.0004332947719376534,2.3509641500796668e-05,8.37215266074054e-05,-0.06700109789070847,-0.06723093241453171,3.141592653589793,3.1412365436553955,-0.00023044920817483217,-0.000576383899897337,0.0002617410209495574
9.739256620407104,5.0,0.01171875,0.0,3.9062499126885086e-05,-3.0,-0.014750976115465164,0.5,4.230640843161382e-05,-3.124999930150807e-05,3.953983832616359e-05,-0.25,4.82344621559605e-05,2.8238799733267463e-05,8.37215266074054e-05,-0.06688435404214922,-0.06723093241453171,3.141592653589793,3.1412365436553955,-0.00019635603530332446,-0.001152325072325766,0.0002790731959976256
9.744086027145386,5.0,0.01171875,0.0,3.9062499126885086e-05,-3.0,-0.014750976115465164,0.5,4.230640843161382e-05,-3.124999930150807e-05,3.953983832616359e-05,-0.25,4.82344621559605e-05,2.377284748293898e-05,8.37215266074054e-05,-0.06699492323098821,-0.06723093241453171,3.141592653589793,3.1412365436553955,-0.00019635603530332446,-0.001152325072325766,0.0002790731959976256
9.748823881149292,5.0,0.01171875,0.0,3.9062499126885086e-05,-3.0,-0.014750976115465164,0.5,6.516910798382014e-05,-3.124999930150807e-05,-1.3008681889914442e-05,-0.25,-0.0001684033777564764,-9.344331797497025e-05,8.37215266074054e-05,-0.06694392431645084,-0.06723093241453171,3.141592653589793,3.1412365436553955,-1.5576046280330047e-05,-0.0015437975525856018,3.724219277501106e-05
9.753443002700806,5.0,0.01171875,0.0,3.9062499126885086e-05,-3.0,-0.014750976115465164,0.5,6.516910798382014e-05,-3.124999930150807e-05,-1.3008681889914442e-05,-0.25,-0.0001684033777564764,1.7470438728231998e-05,9.125131327891722e-05,-0.06699217970704194,-0.06723283976316452,3.141592653589793,3.1412606239318848,0.00824340432882309,-0.005317003466188908,0.0061904555186629295
9.75809383392334,5.0,0.01171875,0.0,3.9062499126885086e-05,-3.0,-0.014750976115465164,0.5,6.516910798382014e-05,-3.124999930150807e-05,-1.3008681889914442e-05,-0.25,-0.0001684033777564764,1.7472135474003155e-05,9.125131327891722e-05,-0.06699217970704194,-0.06723283976316452,3.141592653589793,3.1412606239318848,0.00824340432882309,-0.005317003466188908,0.0061904555186629295
9.762859582901001,5.0,0.01171875,0.0,3.9062499126885086e-05,-3.0,-0.014750976115465164,0.5,6.525881326524541e-05,-3.124999930150807e-05,-0.0011588443303480744,-0.25,-0.0002990674984175712,-0.0025244495134488735,9.125131327891722e-05,-0.0669919807132718,-0.06723283976316452,3.141592653589793,3.1412606239318848,0.00824340432882309,-0.005317003466188908,0.0061904555186629295
9.767540454864502,5.0,0.01171875,0.0,3.9062499126885086e-05,-3.0,-0.014750976115465164,0.5,6.525881326524541e-05,-3.124999930150807e-05,-0.0011588443303480744,-0.25,-0.0002990674984175712,-0.00012024118146539205,9.651018626755103e-05,-0.06699216894240817,-0.06722139567136765,3.141592653589793,3.141263008117676,0.005878695286810398,-0.0037482562474906445,0.0045052035711705685
9.772404193878174,5.0,0.01171875,0.0,4.8828122089616954e-05,-3.0,-0.014750976115465164,0.5,-0.00010713562369346619,-0.00023984676951031186,0.0011123991571366787,-0.25,0.0002729570842348039,0.005276100557611223,6.751398905180395e-05,-0.06736730464568325,-0.0672067403793335,3.141592653589793,3.141277313232422,-0.006324087269604206,0.003331389045342803,-0.0037468229420483112
9.777076959609985,5.0,0.01171875,0.0,4.8828122089616954e-05,-3.0,-0.014750976115465164,0.5,-0.00010713562369346619,-3.906249767169357e-05,0.0011123991571366787,-0.25,0.0002729570842348039,-0.00027620574391027086,6.751398905180395e-05,-0.06701285627484321,-0.0672067403793335,3.141592653589793,3.141277313232422,-0.006324087269604206,0.003331389045342803,-0.0037468229420483112
9.781785011291504,5.0,0.01171875,0.0,3.9062499126885086e-05,-3.0,-0.014750976115465164,0.5,4.135511699132621e-05,0.0001761738699195287,-0.0010304114548489451,-0.25,9.57930096774362e-05,-0.005138135547142003,6.561022019013762e-05,-0.06667963995464632,-0.06720279902219772,3.141592653589793,3.1412787437438965,-0.00573467742651701,0.002519953064620495,-0.004142578225582838
9.786515712738037,5.0,0.01171875,0.0,3.9062499126885086e-05,-3.0,-0.014750976115465164,0.5,4.135511699132621e-05,-3.124999930150807e-05,-0.0010304114548489451,-0.25,9.57930096774362e-05,0.00033366500701374497,6.561022019013762e-05,-0.06699503738596105,-0.06720279902219772,3.141592653589793,3.1412787437438965,-0.00573467742651701,0.002519953064620495,-0.004142578225582838
9.791214227676392,5.0,0.01171875,0.0,3.9062499126885086e-05,-3.0,-0.014750976115465164,0.5,4.135511699132621e-05,-3.124999930150807e-05,-0.0010304114548489451,-0.25,9.57930096774362e-05,-0.000104892126281564,6.667688285233453e-05,-0.06699503738596105,-0.06721341609954834,3.141592653589793,3.1412770748138428,-0.007860459387302399,0.002456267597153783,-0.004453582223504782
9.795891046524048,5.0,0.01171875,0.0,4.8828122089616954e-05,-3.0,-0.014750976115465164,0.5,-6.087690417189151e-05,-0.0002478715895103871,0.001161240041255951,-0.25,0.00017653107352089137,0.0053336153178978616,6.667688285233453e-05,-0.06722589830318097,-0.06721341609954834,3.141592653589793,3.1412770748138428,-0.007860459387302399,0.002456267597153783,-0.004453582223504782
9.800564765930176,5.0,0.01171875,0.0,4.8828122089616954e-05,-3.0,-0.014750976115465164,0.5,-6.087690417189151e-05,-3.906249767169357e-05,0.001161240041255951,-0.25,0.00017653107352089137,-0.0002874852917544066,6.556215521413833e-05,-0.06700730522850062,-0.06721090525388718,3.141592653589793,3.1412813663482666,-0.00801593717187643,0.0025595773477107286,-0.004537640605121851
9.804904460906982,5.0,0.01171875,0.0,3.9062499126885086e-05,-3.0,-0.014750976115465164,0.5,6.952382682356983e-05,0.00019378017021326024,-0.0010547685669735074,-0.25,-0.00015391944907605648,-0.005777594021025018,6.556215521413833e-05,-0.06669117350842364,-0.06721090525388718,3.141592653589793,3.1412813663482666,-0.00801593717187643,0.0025595773477107286,-0.004537640605121851
9.80957555770874,5.0,0.01171875,0.0,3.9062499126885086e-05,-3.0,-0.014750976115465164,0.5,6.952382682356983e-05,-3.124999930150807e-05,-0.0010547685669735074,-0.25,-0.00015391944907605648,0.00037397520910538857,9.638250048737973e-05,-0.06699165714078117,-0.06721556186676025,3.141592653589793,3.141270875930786,0.004935687407851219,-0.003841971978545189,0.004361245781183243
9.814621925354004,5.0,0.01171875,0.0,4.8828122089616954e-05,-3.0,-0.014750976115465164,0.5,-4.967905624653213e-05,-0.0002325803633764943,0.0010888606775552034,-0.25,0.00014904736599419266,0.0048205802925665965,9.638250048737973e-05,-0.067242176704208,-0.06721556186676025,3.141592653589793,3.141270875930786,0.004935687407851219,-0.003841971978545189,0.004361245781183243
9.819395542144775,5.0,0.01171875,0.0,4.8828122089616954e-05,-3.0,-0.014750976115465164,0.5,-4.967905624653213e-05,-3.906249767169357e-05,0.0010888606775552034,-0.25,0.00014904736599419266,-0.00025475134994396123,4.272662044968456e-05,-0.06700596148674959,-0.06721210479736328,3.141592653589793,3.1412997245788574,-0.00016586837591603398,0.0015161772025749087,-0.001492113689891994
9.824235677719116,5.0,0.01171875,0.0,4.8828122089616954e-05,-3.0,-0.014750976115465164,0.5,-4.967905624653213e-05,-3.906249767169357e-05,0.0010888606775552034,-0.25,0.00014904736599419266,0.0001507482856817392,4.272662044968456e-05,-0.06700596148674959,-0.06721210479736328,3.141592653589793,3.1412997245788574,-0.00016586837591603398,0.0015161772025749087,-0.001492113689891994
9.829114198684692,5.0,0.01171875,0.0,4.8828122089616954e-05,-3.0,-0.014750976115465164,0.5,7.608830856042914e-06,-3.906249767169357e-05,-3.656338594737463e-05,-0.25,-2.3496149879065342e-05,-0.0022911983854890443,8.587968477513641e-05,-0.06688165813860346,-0.06721210479736328,3.141592653589793,3.1412904262542725,-0.0007358096190728247,-0.0004675252130255103,9.372666681883857e-06
9.834011316299438,5.0,0.01171875,0.0,4.8828122089616954e-05,-3.0,-0.014750976115465164,0.5,7.608830856042914e-06,-3.906249767169357e-05,-3.656338594737463e-05,-0.25,-2.3496149879065342e-05,1.56978866696896e-05,8.587968477513641e-05,-0.06699908694029727,-0.06721210479736328,3.141592653589793,3.1412904262542725,-0.0007358096190728247,-0.0004675252130255103,9.372666681883857e-06
9.838849544525146,5.0,0.01171875,0.0,4.8828122089616954e-05,-3.0,-0.014750976115465164,0.5,4.354208431323059e-05,-3.906249767169357e-05,-2.5600727894925512e-05,-0.25,-0.00014595926040783525,3.9673122746037555e-05,8.587968477513641e-05,-0.06692050550292607,-0.06721210479736328,3.141592653589793,3.1412904262542725,-0.00012323491682764143,-0.001441992586478591,8.716783668205608e-06
9.84368109703064,5.0,0.01171875,0.0,4.8828122089616954e-05,-3.0,-0.014750976115465164,0.5,4.354208431323059e-05,-3.906249767169357e-05,-2.5600727894925512e-05,-0.25,-0.00014595926040783525,1.70160090832234e-05,8.587968477513641e-05,-0.0669947749498824,-0.06721210479736328,3.141592653589793,3.1412904262542725,-0.00029103958513587713,-0.0013354138936847448,1.4293891581473872e-06
9.848283767700195,5.0,0.01171875,0.0,4.8828122089616954e-05,-3.0,-0.014750976115465164,0.5,3.257751450291835e-05,-3.906249767169357e-05,-2.5563982489984483e-05,-0.25,-0.00011662721226457506,1.710149608069303e-05,8.587968477513641e-05,-0.06701991288889092,-0.06721210479736328,3.141592653589793,3.1412904262542725,-0.00029103958513587713,-0.0013354138936847448,1.4293891581473872e-06
9.85302734375,5.0,0.01171875,0.0,4.8828122089616954e-05,-3.0,-0.014750976115465164,0.5,3.257751450291835e-05,-3.906249767169357e-05,-2.5563982489984483e-05,-0.25,-0.00011662721226457506,1.7022941740880987e-05,8.587968477513641e-05,-0.06699609069825965,-0.06721210479736328,3.141592653589793,3.1412904262542725,-0.00029103958513587713,-0.0013354138936847448,1.4293891581473872e-06
9.857629299163818,5.0,0.01171875,0.0,4.8828122089616954e-05,-3.0,-0.014750976115465164,0.5,3.257751450291835e-05,-3.906249767169357e-05,-2.5563982489984483e-05,-0.25,-0.00011662721226457506,1.7024184132181367e-05,8.587968477513641e-05,-0.06699609069825965,-0.06721210479736328,3.141592653589793,3.1412904262542725,-0.0037273294292390347,-0.0013163862749934196,-8.681032340973616e-06
9.862061262130737,5.0,0.01171875,0.0,4.8828122089616954e-05,-3.0,-0.014750976115465164,0.5,1.3239830877864733e-05,-3.906249767169357e-05,-5.1804952818201855e-05,-0.25,-8.499562682118267e-05,-4.5334322067394106e-05,8.587968477513641e-05,-0.0670420435425171,-0.06721210479736328,3.141592653589793,3.1412904262542725,-0.00017211995145771652,-0.0008483473211526871,-2.301495442225132e-05
9.866763353347778,5.0,0.01171875,0.0,4.8828122089616954e-05,-3.0,-0.014750976115465164,0.5,1.3239830877864733e-05,-3.906249767169357e-05,-5.1804952818201855e-05,-0.25,-8.499562682118267e-05,1.3872939887280386e-05,8.587968477513641e-05,-0.06699841122029465,-0.06721210479736328,3.141592653589793,3.1412904262542725,-0.00017211995145771652,-0.0008483473211526871,-2.301495442225132e-05
9.871533632278442,5.0,0.01171875,0.0,4.8828122089616954e-05,-3.0,-0.014750976115465164,0.5,1.728385655042075e-06,-3.906249767169357e-05,7.730491051916033e-05,-0.25,-0.00016442834748886526,0.0003000319718068621,8.587968477513641e-05,-0.06702392419145424,-0.06721210479736328,3.141592653589793,3.1412904262542725,-0.00017211995145771652,-0.0008483473211526871,-2.301495442225132e-05
9.876196384429932,5.0,0.01171875,0.0,4.8828122089616954e-05,-3.0,-0.014750976115465164,0.5,1.728385655042075e-06,-3.906249767169357e-05,7.730491051916033e-05,-0.25,-0.00016442834748886526,2.9388077435332127e-05,8.587968477513641e-05,-0.0669997925937214,-0.06721210479736328,3.141592653589793,3.1412904262542725,-0.00024238172045443207,-0.0014736349694430828,3.0119848815957084e-05
9.880785942077637,5.0,0.01171875,0.0,4.8828122089616954e-05,-3.0,-0.014750976115465164,0.5,5.864635022589937e-05,-3.906249767169357e-05,-3.580343764042482e-05,-0.25,-0.0001823651691665873,-0.00023063179252555876,8.587968477513641e-05,-0.0668689462060397,-0.06721210479736328,3.141592653589793,3.1412904262542725,-0.0004054002638440579,-0.0017654941184446216,-1.1381416697986424e-07
9.885634183883667,5.0,0.01171875,0.0,4.8828122089616954e-05,-3.0,-0.014750976115465164,0.5,5.864635022589937e-05,-3.906249767169357e-05,-3.580343764042482e-05,-0.25,-0.0001823651691665873,1.5815690823281565e-05,8.587968477513641e-05,-0.0669929624379729,-0.06721210479736328,3.141592653589793,3.1412904262542725,-0.0004054002638440579,-0.0017654941184446216,-1.1381416697986424e-07
9.890214681625366,5.0,0.01171875,0.0,4.8828122089616954e-05,-3.0,-0.014750976115465164,0.5,5.864635022589937e-05,-3.906249767169357e-05,-3.580343764042482e-05,-0.25,-0.0001823651691665873,1.581598938562383e-05,8.587968477513641e-05,-0.0669929624379729,-0.06721210479736328,3.141592653589793,3.1412904262542725,-0.0010885440278798342,-0.0024034029338508844,-3.0981154850451276e-05
9.89466905593872,5.0,0.01171875,0.0,4.8828122089616954e-05,-3.0,-0.014750976115465164,0.5,8.937962411437184e-05,-3.906249767169357e-05,-5.214966586208902e-05,-0.25,-0.00022815584088675678,-2.284374815858324e-05,8.587968477513641e-05,-0.06692027873049752,-0.06721210479736328,3.141592653589793,3.1412904262542725,-0.0010885440278798342,-0.0024034029338508844,-3.0981154850451276e-05
9.899311780929565,5.0,0.01171875,0.0,4.8828122089616954e-05,-3.0,-0.014750976115465164,0.5,8.937962411437184e-05,-3.906249767169357e-05,-5.214966586208902e-05,-0.25,-0.00022815584088675678,1.3852060893651348e-05,8.587968477513641e-05,-0.06698927444510627,-0.06721210479736328,3.141592653589793,3.1412904262542725,-0.0007038337644189596,-0.002529348013922572,2.539012348279357e-05
9.904026508331299,5.0,0.01171875,0.0,4.8828122089616954e-05,-3.0,-0.014750976115465164,0.5,8.533090294804424e-05,-3.906249767169357e-05,-4.9279846280114725e-05,-0.25,-0.0002430689346510917,2.028240159434586e-05,8.587968477513641e-05,-0.06699834768349594,-0.06721210479736328,3.141592653589793,3.1412904262542725,-0.0007038337644189596,-0.002529348013922572,2.539012348279357e-05
9.90835165977478,5.0,0.01171875,0.0,4.8828122089616954e-05,-3.0,-0.014750976115465164,0.5,8.533090294804424e-05,-3.906249767169357e-05,-4.9279846280114725e-05,-0.25,-0.0002430689346510917,1.4194591971617475e-05,8.587968477513641e-05,-0.06698976029164623,-0.06721210479736328,3.141592653589793,3.1412904262542725,-0.0005523973959498107,-0.0022609939333051443,2.6547353627393022e-05
9.91298246383667,5.0,0.01171875,0.0,4.8828122089616954e-05,-3.0,-0.014750976115465164,0.5,6.232305895537138e-05,-3.906249767169357e-05,-4.734886169899255e-05,-0.25,-0.00021170258696656674,1.4193645680828722e-05,8.587968477513641e-05,-0.06698976029164623,-0.06721210479736328,3.141592653589793,3.1412904262542725,-0.0005523973959498107,-0.0022609939333051443,2.6547353627393022e-05
9.917654991149902,5.0,0.01171875,0.0,4.8828122089616954e-05,-3.0,-0.014750976115465164,0.5,6.232305895537138e-05,-3.906249767169357e-05,-4.734886169899255e-05,-0.25,-0.00021170258696656674,1.8557223587442715e-05,8.587968477513641e-05,-0.06704176191671443,-0.06721210479736328,3.141592653589793,3.1412904262542725,-0.0005948594189248979,-0.001962891314178705,1.2624484952539206e-05
9.922855377197266,5.0,0.01171875,0.0,4.8828122089616954e-05,-3.0,-0.014750976115465164,0.5,5.451530159916729e-05,-3.906249767169357e-05,-6.021038643666543e-05,-0.25,-0.00017175317043438554,-1.185285837486361e-05,8.587968477513641e-05,-0.06700847196717788,-0.06721210479736328,3.141592653589793,3.1412904262542725,-0.0008343830122612417,-0.0017595179378986359,-2.329233757336624e-05
9.927572011947632,5.0,0.01171875,0.0,4.8828122089616954e-05,-3.0,-0.014750976115465164,0.5,5.451530159916729e-05,-3.906249767169357e-05,-6.021038643666543e-05,-0.25,-0.00017175317043438554,1.2877012015743532e-05,8.587968477513641e-05,-0.0669934581638081,-0.06721210479736328,3.141592653589793,3.1412904262542725,-0.0008343830122612417,-0.0017595179378986359,-2.329233757336624e-05
9.932352542877197,5.0,0.01171875,0.0,4.8828122089616954e-05,-3.0,-0.014750976115465164,0.5,5.451530159916729e-05,-3.906249767169357e-05,-6.021038643666543e-05,-0.25,-0.00017175317043438554,1.2874990053016813e-05,8.587968477513641e-05,-0.0669934581638081,-0.06721210479736328,3.141592653589793,3.1412904262542725,-0.00048254578723572195,-0.0019442012999206781,2.938211036962457e-05
9.936962127685547,5.0,0.01171875,0.0,4.8828122089616954e-05,-3.0,-0.014750976115465164,0.5,6.672583549516276e-05,-3.906249767169357e-05,-4.163485937169753e-05,-0.25,-0.00020081877300981432,5.540143044167488e-05,8.587968477513641e-05,-0.06696550345567205,-0.06721210479736328,3.141592653589793,3.1412904262542725,-0.00048254578723572195,-0.0019442012999206781,2.938211036962457e-05
9.941786050796509,5.0,0.01171875,0.0,4.8828122089616954e-05,-3.0,-0.014750976115465164,0.5,6.672583549516276e-05,-3.906249767169357e-05,-4.163485937169753e-05,-0.25,-0.00020081877300981432,1.5103567972923594e-05,8.587968477513641e-05,-0.06699199289974059,-0.06721210479736328,3.141592653589793,3.1412904262542725,-0.0005017672665417194,-0.0021626027300953865,1.1250911484239623e-05
9.946627855300903,5.0,0.01171875,0.0,4.8828122089616954e-05,-3.0,-0.014750976115465164,0.5,7.805458881193772e-05,-3.906249767169357e-05,-3.5746463254326954e-05,-0.25,-0.00020658373250626028,2.797207008182129e-05,8.587968477513641e-05,-0.0669672356576587,-0.06721210479736328,3.141592653589793,3.1412904262542725,-0.0005017672665417194,-0.0021626027300953865,1.1250911484239623e-05
9.951469898223877,5.0,0.01171875,0.0,4.8828122089616954e-05,-3.0,-0.014750976115465164,0.5,7.805458881193772e-05,-3.906249767169357e-05,-3.5746463254326954e-05,-0.25,-0.00020658373250626028,1.5810817746435297e-05,8.587968477513641e-05,-0.06699063344934256,-0.06721210479736328,3.141592653589793,3.1412904262542725,-0.0005017672665417194,-0.0021626027300953865,1.1250911484239623e-05
9.955897808074951,5.0,0.01171875,0.0,4.8828122089616954e-05,-3.0,-0.014750976115465164,0.5,7.13337940396741e-05,-3.906249767169357e-05,-6.606647366425022e-05,-0.25,-0.00020937561930622905,-5.6304743902265595e-05,8.587968477513641e-05,-0.06700661820036702,-0.06721210479736328,3.141592653589793,3.1412904262542725,-0.004417036194354296,-0.0027911397628486156,1.696957042440772e-06
9.96058464050293,5.0,0.01171875,0.0,4.8828122089616954e-05,-3.0,-0.014750976115465164,0.5,7.13337940396741e-05,-3.906249767169357e-05,-6.606647366425022e-05,-0.25,-0.00020937561930622905,1.2167493811610865e-05,8.587968477513641e-05,-0.06699143994471524,-0.06721210479736328,3.141592653589793,3.1412904262542725,-0.0006029467331245542,-0.0021377005614340305,2.6935569621855393e-05
9.96532416343689,5.0,0.01171875,0.0,4.8828122089616954e-05,-3.0,-0.014750976115465164,0.5,7.13337940396741e-05,-3.906249767169357e-05,-6.606647366425022e-05,-0.25,-0.00020937561930622905,1.216493409234037e-05,8.587968477513641e-05,-0.06699143994471524,-0.06721210479736328,3.141592653589793,3.1412904262542725,-0.0006029467331245542,-0.0021377005614340305,2.6935569621855393e-05
9.969996452331543,5.0,0.01171875,0.0,4.8828122089616954e-05,-3.0,-0.014750976115465164,0.5,7.091723091434687e-05,-3.906249767169357e-05,-3.724479392985813e-05,-0.25,-0.00020564913575071841,7.731013027440493e-05,8.587968477513641e-05,-0.06699238149343882,-0.06721210479736328,3.141592653589793,3.1412904262542725,-0.0005682212067767978,-0.002044275403022766,7.849357643863186e-06
9.9747633934021,5.0,0.01171875,0.0,4.8828122089616954e-05,-3.0,-0.014750976115465164,0.5,7.091723091434687e-05,-3.906249767169357e-05,-3.724479392985813e-05,-0.25,-0.00020564913575071841,1.5623878814939978e-05,8.587968477513641e-05,-0.06699148993229027,-0.06721210479736328,3.141592653589793,3.1412904262542725,-0.0005682212067767978,-0.002044275403022766,7.849357643863186e-06
9.979499816894531,5.0,0.01171875,0.0,4.8828122089616954e-05,-3.0,-0.014750976115465164,0.5,6.827175820944831e-05,-3.906249767169357e-05,-3.5380111512495205e-05,-0.25,-0.0001962673559319228,1.9784889220682597e-05,8.587968477513641e-05,-0.06699739276943772,-0.06721210479736328,3.141592653589793,3.1412904262542725,-0.0004955859039910138,-0.0019945334643125534,2.127058178302832e-05
9.984269380569458,5.0,0.01171875,0.0,4.8828122089616954e-05,-3.0,-0.014750976115465164,0.5,6.827175820944831e-05,-3.906249767169357e-05,-3.5380111512495205e-05,-0.25,-0.0001962673559319228,1.5848340799335023e-05,8.587968477513641e-05,-0.06699180738901486,-0.06721210479736328,3.141592653589793,3.1412904262542725,-0.0004955859039910138,-0.0019945334643125534,2.127058178302832e-05
9.988572359085083,5.0,0.01171875,0.0,4.8828122089616954e-05,-3.0,-0.014750976115465164,0.5,6.264425610424951e-05,-3.906249767169357e-05,-0.00011514823563629761,-0.25,-0.00017228841898031533,-0.00017910923953964717,8.587968477513641e-05,-0.06700556084451453,-0.06721210479736328,3.141592653589793,3.1412904262542725,-0.0045979139395058155,-0.0025206096470355988,-4.138649092055857e-05
9.993130207061768,5.0,0.01171875,0.0,4.8828122089616954e-05,-3.0,-0.014750976115465164,0.5,6.264425610424951e-05,-3.906249767169357e-05,-0.00011514823563629761,-0.25,-0.00017228841898031533,6.262682254025858e-06,8.587968477513641e-05,-0.0669924826892675,-0.06721210479736328,3.141592653589793,3.1412904262542725,-0.0045979139395058155,-0.0025206096470355988,-4.138649092055857e-05
9.997984170913696,5.0,0.01171875,0.0,4.8828122089616954e-05,-3.0,-0.014750976115465164,0.5,6.264425610424951e-05,-3.906249767169357e-05,-0.00011514823563629761,-0.25,-0.00017228841898031533,6.2552959055913085e-06,8.587968477513641e-05,-0.0669924826892675,-0.06721210479736328,3.141592653589793,3.1412904262542725,-0.0005630559753626585,-0.001792126102373004,1.863135548774153e-05
10.002871751785278,5.0,0.01171875,0.0,4.8828122089616954e-05,-3.0,-0.014750976115465164,0.5,5.992539081489667e-05,-3.906249767169357e-05,-3.5459332138998434e-05,-0.25,-0.00017940759425982833,0.00017886196858654343,8.587968477513641e-05,-0.06699837175678933,-0.06721210479736328,3.141592653589793,3.1412904262542725,-0.0005141496076248586,-0.0018003814620897174,1.1127394827781245e-05
10.007692575454712,5.0,0.01171875,0.0,4.8828122089616954e-05,-3.0,-0.014750976115465164,0.5,5.992539081489667e-05,-3.906249767169357e-05,-3.5459332138998434e-05,-0.25,-0.00017940759425982833,1.5818663945039603e-05,8.587968477513641e-05,-0.06699280895310221,-0.06721210479736328,3.141592653589793,3.1412904262542725,-0.0005141496076248586,-0.0018003814620897174,1.1127394827781245e-05
10.012431621551514,5.0,0.01171875,0.0,4.8828122089616954e-05,-3.0,-0.014750976115465164,0.5,5.436785431811586e-05,-3.906249767169357e-05,-3.045379344257526e-05,-0.25,-0.0001721274747978896,2.6982478370939784e-05,8.587968477513641e-05,-0.06700520297805264,-0.06721210479736328,3.141592653589793,3.1412904262542725,-0.0004138392105232924,-0.0016846584621816874,2.8855185519205406e-05
10.016812324523926,5.0,0.01171875,0.0,4.8828122089616954e-05,-3.0,-0.014750976115465164,0.5,5.436785431811586e-05,-3.906249767169357e-05,-3.045379344257526e-05,-0.25,-0.0001721274747978896,1.6420898773057994e-05,8.587968477513641e-05,-0.06699347585748183,-0.06721210479736328,3.141592653589793,3.1412904262542725,-0.0004138392105232924,-0.0016846584621816874,2.8855185519205406e-05
10.021416425704956,5.0,0.01171875,0.0,4.8828122089616954e-05,-3.0,-0.014750976115465164,0.5,4.3628213461488485e-05,-3.906249767169357e-05,-0.0002195190463680774,-0.25,-0.00011612415255513042,-0.000416928852409133,8.587968477513641e-05,-0.06701809086294942,-0.06721210479736328,3.141592653589793,3.1412904262542725,-0.004280609544366598,-0.0021917016711086035,-2.6603869628161192e-05
10.026086330413818,5.0,0.01171875,0.0,4.8828122089616954e-05,-3.0,-0.014750976115465164,0.5,4.3628213461488485e-05,-3.906249767169357e-05,-0.0002195190463680774,-0.25,-0.00011612415255513042,-6.300402679911856e-06,8.587968477513641e-05,-0.06699476461438461,-0.06721210479736328,3.141592653589793,3.1412904262542725,-0.004280609544366598,-0.0021917016711086035,-2.6603869628161192e-05
10.03089451789856,5.0,0.01171875,0.0,4.8828122089616954e-05,-3.0,-0.014750976115465164,0.5,4.6664474211866036e-05,-3.906249767169357e-05,-3.439744978095405e-05,-0.25,-0.00014763593208044767,0.0004009279032758502,8.587968477513641e-05,-0.06698808549113527,-0.06721210479736328,3.141592653589793,3.1412904262542725,-0.00045049632899463177,-0.0014586583711206913,4.799778253072873e-06
10.035638093948364,5.0,0.01171875,0.0,4.8828122089616954e-05,-3.0,-0.014750976115465164,0.5,4.6664474211866036e-05,-3.906249767169357e-05,-3.439744978095405e-05,-0.25,-0.00014763593208044767,1.591508009922954e-05,8.587968477513641e-05,-0.06699440026309458,-0.06721210479736328,3.141592653589793,3.1412904262542725,-0.00045049632899463177,-0.0014586583711206913,4.799778253072873e-06
10.04002594947815,5.0,0.01171875,0.0,4.8828122089616954e-05,-3.0,-0.014750976115465164,0.5,3.216646655346267e-05,-3.906249767169357e-05,-3.474454933893867e-05,-0.25,-0.00013363600010052323,1.5915489490353218e-05,8.587968477513641e-05,-0.06699440026309458,-0.06721210479736328,3.141592653589793,3.1412904262542725,-0.00041826171218417585,-0.0013379693264141679,-1.060852810041979e-05
10.044676542282104,5.0,0.01171875,0.0,4.8828122089616954e-05,-3.0,-0.014750976115465164,0.5,3.216646655346267e-05,-3.906249767169357e-05,-3.474454933893867e-05,-0.25,-0.00013363600010052323,1.5127883650376215e-05,8.587968477513641e-05,-0.06702731456082978,-0.06721210479736328,3.141592653589793,3.1412904262542725,-0.00041826171218417585,-0.0013379693264141679,-1.060852810041979e-05
10.049468040466309,5.0,0.01171875,0.0,4.8828122089616954e-05,-3.0,-0.014750976115465164,0.5,3.216646655346267e-05,-3.906249767169357e-05,-3.474454933893867e-05,-0.25,-0.00013363600010052323,1.587465295261587e-05,8.587968477513641e-05,-0.06699614002401358,-0.06721210479736328,3.141592653589793,3.1412904262542725,-0.00034880201565101743,-0.0011099736439064145,-2.669250352482777e-05
10.054292917251587,5.0,0.01171875,0.0,4.8828122089616954e-05,-3.0,-0.014750976115465164,0.5,2.4324655896634795e-05,-3.906249767169357e-05,-0.0002443021221552044,-0.25,-3.991365520050749e-05,-0.00044361936529308655,8.587968477513641e-05,-0.06701333391365746,-0.06721210479736328,3.141592653589793,3.1412904262542725,-0.00034880201565101743,-0.0011099736439064145,-2.669250352482777e-05
10.058738470077515,5.0,0.01171875,0.0,4.8828122089616954e-05,-3.0,-0.014750976115465164,0.5,2.4324655896634795e-05,-3.906249767169357e-05,-0.0002443021221552044,-0.25,-3.991365520050749e-05,-9.310308975180118e-06,8.587968477513641e-05,-0.0669970810412924,-0.06721210479736328,3.141592653589793,3.1412904262542725,-0.0005368089186958969,-0.0008039682288654149,-5.4141135478857905e-05
10.063167333602905,5.0,0.01171875,0.0,4.8828122089616954e-05,-3.0,-0.014750976115465164,0.5,2.3056863938109018e-05,-3.906249767169357e-05,-1.7104859580285847e-05,-0.25,-9.673595195636153e-05,0.0005309475486566481,8.587968477513641e-05,-0.06700009574355546,-0.06721210479736328,3.141592653589793,3.1412904262542725,-0.0005368089186958969,-0.0008039682288654149,-5.4141135478857905e-05
10.067708969116211,5.0,0.01171875,0.0,4.8828122089616954e-05,-3.0,-0.014750976115465164,0.5,2.3056863938109018e-05,-3.906249767169357e-05,-1.7104859580285847e-05,-0.25,-9.673595195636153e-05,1.795730195323793e-05,8.587968477513641e-05,-0.06699723317632741,-0.06721210479736328,3.141592653589793,3.1412904262542725,-0.00016557068738620728,-0.0008261530892923474,-8.167200576281175e-06
10.07242727279663,5.0,0.01171875,0.0,4.8828122089616954e-05,-3.0,-0.014750976115465164,0.5,2.3056863938109018e-05,-3.906249767169357e-05,-1.7104859580285847e-05,-0.25,-9.673595195636153e-05,1.795937400933033e-05,8.587968477513641e-05,-0.06699723317632741,-0.06721210479736328,3.141592653589793,3.1412904262542725,-0.00016557068738620728,-0.0008261530892923474,-8.167200576281175e-06
10.077152729034424,5.0,0.01171875,0.0,4.8828122089616954e-05,-3.0,-0.014750976115465164,0.5,2.3407041226164438e-05,-3.906249767169357e-05,-1.983344009204302e-05,-0.25,-9.430407953914255e-05,1.1859545647734343e-05,8.587968477513641e-05,-0.06699645011065326,-0.06721210479736328,3.141592653589793,3.1412904262542725,-0.0001487516419729218,-0.0008137677214108407,-7.385158824035898e-06
10.08189845085144,5.0,0.01171875,0.0,4.8828122089616954e-05,-3.0,-0.014750976115465164,0.5,2.3407041226164438e-05,-3.906249767169357e-05,-1.983344009204302e-05,-0.25,-9.430407953914255e-05,1.7635586784482735e-05,8.587968477513641e-05,-0.06699719115505286,-0.06721210479736328,3.141592653589793,3.1412904262542725,-0.0001487516419729218,-0.0008137677214108407,-7.385158824035898e-06
10.086667537689209,5.0,0.01171875,0.0,4.8828122089616954e-05,-3.0,-0.014750976115465164,0.5,2.893671262427233e-05,-3.906249767169357e-05,0.00014040624955669045,-0.25,-1.5141963558562566e-05,0.0003728780537214347,8.587968477513641e-05,-0.06698493277227653,-0.06721210479736328,3.141592653589793,3.1412904262542725,-0.00014312405255623162,-0.0007423479110002518,-1.87625118996948e-06
10.091367959976196,5.0,0.01171875,0.0,4.8828122089616954e-05,-3.0,-0.014750976115465164,0.5,2.893671262427233e-05,-3.906249767169357e-05,0.00014040624955669045,-0.25,-1.5141963558562566e-05,3.6898339161120505e-05,8.587968477513641e-05,-0.06699652759448509,-0.06721210479736328,3.141592653589793,3.1412904262542725,-0.0004632021300494671,-0.0004998426884412766,-5.3734067478217185e-05
10.09615445137024,5.0,0.01171875,0.0,4.8828122089616954e-05,-3.0,-0.014750976115465164,0.5,1.632742532819975e-05,-3.906249767169357e-05,-2.186369601986371e-05,-0.25,-6.844758900115266e-05,-0.00032158888615801045,8.587968477513641e-05,-0.06702438419578223,-0.06721210479736328,3.141592653589793,3.1412904262542725,-0.0004632021300494671,-0.0004998426884412766,-5.3734067478217185e-05
10.100985050201416,5.0,0.01171875,0.0,4.8828122089616954e-05,-3.0,-0.014750976115465164,0.5,1.632742532819975e-05,-3.906249767169357e-05,-2.186369601986371e-05,-0.25,-6.844758900115266e-05,1.742925374047903e-05,8.587968477513641e-05,-0.06699804070896062,-0.06721210479736328,3.141592653589793,3.1412904262542725,-9.498600411461666e-05,-0.0006291131721809506,3.245990683353739e-06
10.105802536010742,5.0,0.01171875,0.0,4.8828122089616954e-05,-3.0,-0.014750976115465164,0.5,1.632742532819975e-05,-3.906249767169357e-05,-2.186369601986371e-05,-0.25,-6.844758900115266e-05,1.7430910840136934e-05,8.587968477513641e-05,-0.06699804070896062,-0.06721210479736328,3.141592653589793,3.1412904262542725,-9.498600411461666e-05,-0.0006291131721809506,3.245990683353739e-06
10.110416173934937,5.0,0.01171875,0.0,4.8828122089616954e-05,-3.0,-0.014750976115465164,0.5,7.956475201353896e-06,-3.906249767169357e-05,-2.4704952011234127e-05,-0.25,-7.140159141272306e-05,1.0932899644125363e-05,8.587968477513641e-05,-0.0670171891481481,-0.06721210479736328,3.141592653589793,3.1412904262542725,-0.00010248172475257888,-0.0004708918568212539,-1.9515071471687406e-05
10.115124702453613,5.0,0.01171875,0.0,4.8828122089616954e-05,-3.0,-0.014750976115465164,0.5,7.956475201353896e-06,-3.906249767169357e-05,-2.4704952011234127e-05,-0.25,-7.140159141272306e-05,1.709263698977964e-05,8.587968477513641e-05,-0.06699904522297584,-0.06721210479736328,3.141592653589793,3.1412904262542725,-0.00010248172475257888,-0.0004708918568212539,-1.9515071471687406e-05
10.11973524093628,5.0,0.01171875,0.0,4.8828122089616954e-05,-3.0,-0.014750976115465164,0.5,8.662789696245454e-06,-3.906249767169357e-05,0.00014855407061986625,-0.25,2.4549961381126195e-05,0.0004136901458696891,8.587968477513641e-05,-0.06699742850861676,-0.06721210479736328,3.141592653589793,3.1412904262542725,0.0014729273971170187,-0.0010321727022528648,0.0008761406061239541
10.124579429626465,5.0,0.01171875,0.0,4.8828122089616954e-05,-3.0,-0.014750976115465164,0.5,8.662789696245454e-06,-3.906249767169357e-05,0.00014855407061986625,-0.25,2.4549961381126195e-05,3.7919196974837754e-05,8.587968477513641e-05,-0.06699896046523646,-0.06721210479736328,3.141592653589793,3.1412904262542725,0.0014729273971170187,-0.0010321727022528648,0.0008761406061239541
10.129240036010742,5.0,0.01171875,0.0,4.8828122089616954e-05,-3.0,-0.014750976115465164,0.5,-5.1848587645508815e-06,-3.906249767169357e-05,-1.227818847837625e-05,-0.25,-2.7745962142944336e-05,-0.0003264668759111158,8.587968477513641e-05,-0.06703033430057258,-0.06721210479736328,3.141592653589793,3.1412904262542725,-4.139377779210918e-06,3.325933721498586e-05,-1.9820459783659317e-05
10.146936893463135,5.0,0.01171875,0.0,4.8828122089616954e-05,-3.0,-0.014750976115465164,0.5,-6.310567187028937e-06,-3.906249767169357e-05,-8.33030298963422e-06,-0.25,-3.740668034879491e-05,2.1337285883067618e-05,8.587968477513641e-05,-0.06700139337445901,-0.06721210479736328,3.141592653589793,3.1412904262542725,6.017641499056481e-05,0.00022628479928243905,-1.5621973943780176e-05
10.151394605636597,5.0,0.01171875,0.0,4.8828122089616954e-05,-3.0,-0.014750976115465164,0.5,-3.0858442187309265e-05,-3.906249767169357e-05,-9.917264833347872e-06,-0.25,2.3640393919777125e-05,1.5358572441266505e-05,8.587968477513641e-05,-0.06705877133969518,-0.06721210479736328,3.141592653589793,3.1412904262542725,-0.0065076411701738834,0.00026913732290267944,9.703749674372375e-05
10.156171321868896,5.0,0.01171875,0.0,4.8828122089616954e-05,-3.0,-0.014750976115465164,0.5,-3.0858442187309265e-05,-3.906249767169357e-05,-9.917264833347872e-06,-0.25,2.3640393919777125e-05,1.8921393399590604e-05,8.587968477513641e-05,-0.06700370301306247,-0.06721210479736328,3.141592653589793,3.1412904262542725,-0.0065076411701738834,0.00026913732290267944,9.703749674372375e-05
10.161073684692383,5.0,0.01171875,0.0,4.8828122089616954e-05,-3.0,-0.014750976115465164,0.5,-6.273142935242504e-05,-3.906249767169357e-05,3.936374559998512e-05,-0.25,0.0003922044998034835,0.00012536782075469788,8.587968477513641e-05,-0.0670725433330234,-0.06721210479736328,3.141592653589793,3.1412904262542725,-0.00024257675977423787,0.0005650392849929631,0.0002817665517795831
10.165767908096313,5.0,0.01171875,0.0,4.8828122089616954e-05,-3.0,-0.014750976115465164,0.5,-6.273142935242504e-05,-3.906249767169357e-05,3.936374559998512e-05,-0.25,0.0003922044998034835,2.485016713571155e-05,8.587968477513641e-05,-0.06700752777152229,-0.06721210479736328,3.141592653589793,3.1412904262542725,-0.00024257675977423787,0.0005650392849929631,0.0002817665517795831
10.170453786849976,5.0,0.01171875,0.0,4.8828122089616954e-05,-3.0,-0.014750976115465164,0.5,-3.9970203943084925e-05,-3.906249767169357e-05,3.469831790425815e-05,-0.25,0.0004547750868368894,1.4340872515567588e-05,8.587968477513641e-05,-0.06695622234348238,-0.06721210479736328,3.141592653589793,3.1412904262542725,-0.00029862250084988773,0.00015957911091390997,0.00025809434009715915
10.175225019454956,5.0,0.01171875,0.0,4.8828122089616954e-05,-3.0,-0.014750976115465164,0.5,-3.9970203943084925e-05,-3.906249767169357e-05,3.469831790425815e-05,-0.25,0.0004547750868368894,2.4304267097160432e-05,8.587968477513641e-05,-0.06700479642447317,-0.06721210479736328,3.141592653589793,3.1412904262542725,-0.00029862250084988773,0.00015957911091390997,0.00025809434009715915
10.179866075515747,5.0,0.01171875,0.0,4.8828122089616954e-05,-3.0,-0.014750976115465164,0.5,-1.1318697943352163e-05,-3.906249767169357e-05,4.2243729694746435e-05,-0.25,0.000342590210493654,4.147522648763046e-05,8.587968477513641e-05,-0.06693962335922597,-0.06721210479736328,3.141592653589793,3.1412904262542725,-0.00021062538144178689,-0.00042832631152123213,0.0002845273120328784
10.184684753417969,5.0,0.01171875,0.0,4.8828122089616954e-05,-3.0,-0.014750976115465164,0.5,-1.1318697943352163e-05,-3.906249767169357e-05,4.2243729694746435e-05,-0.25,0.000342590210493654,2.522509921762748e-05,8.587968477513641e-05,-0.0670013582437532,-0.06721210479736328,3.141592653589793,3.1412904262542725,-0.00021062538144178689,-0.00042832631152123213,0.0002845273120328784
10.189347267150879,5.0,0.01171875,0.0,4.8828122089616954e-05,-3.0,-0.014750976115465164,0.5,-3.707632276928052e-05,-3.906249767169357e-05,-0.00011276664008619264,-0.25,0.0003371631901245564,-0.000325843957959603,8.587968477513641e-05,-0.06705969323156821,-0.06721210479736328,3.141592653589793,3.1412904262542725,0.001758726080879569,0.0002522080030757934,0.001123890746384859
10.194052457809448,5.0,0.01171875,0.0,4.8828122089616954e-05,-3.0,-0.014750976115465164,0.5,-3.707632276928052e-05,-3.906249767169357e-05,-0.00011276664008619264,-0.25,0.0003371631901245564,6.6100460715434624e-06,8.587968477513641e-05,-0.06700444915873231,-0.06721210479736328,3.141592653589793,3.1412904262542725,-0.00029435049509629607,0.000562413246370852,0.00021873963123653084
10.198848962783813,5.0,0.01171875,0.0,4.8828122089616954e-05,-3.0,-0.014750976115465164,0.5,-3.707632276928052e-05,-3.906249767169357e-05,-0.00011276664008619264,-0.25,0.0003371631901245564,6.602975625829013e-06,8.587968477513641e-05,-0.06700444915873231,-0.06721210479736328,3.141592653589793,3.1412904262542725,-0.00029435049509629607,0.000562413246370852,0.00021873963123653084
10.203692197799683,5.0,0.01171875,0.0,4.8828122089616954e-05,-3.0,-0.014750976115465164,0.5,-4.8216432332992554e-05,-3.906249767169357e-05,4.601222462952137e-05,-0.25,0.00045206843060441315,0.0003535010626203726,8.587968477513641e-05,-0.06702878735324429,-0.06721210479736328,3.141592653589793,3.1412904262542725,6.944390042917803e-05,0.0005410560988821089,0.0002399893564870581
10.208337783813477,5.0,0.01171875,0.0,4.8828122089616954e-05,-3.0,-0.014750976115465164,0.5,-4.8216432332992554e-05,-3.906249767169357e-05,4.601222462952137e-05,-0.25,0.00045206843060441315,2.5672584567995983e-05,8.587968477513641e-05,-0.06700578597187995,-0.06721210479736328,3.141592653589793,3.1412904262542725,6.944390042917803e-05,0.0005410560988821089,0.0002399893564870581
10.213119745254517,5.0,0.01171875,0.0,4.8828122089616954e-05,-3.0,-0.014750976115465164,0.5,-4.6132430725265294e-05,-3.906249767169357e-05,4.5039181713946164e-05,-0.25,0.0005684655625373125,2.352904317743385e-05,8.587968477513641e-05,-0.06700117784398334,-0.06721210479736328,3.141592653589793,3.1412904262542725,6.944390042917803e-05,0.0005410560988821089,0.0002399893564870581
10.217751502990723,5.0,0.01171875,0.0,4.8828122089616954e-05,-3.0,-0.014750976115465164,0.5,-4.6132430725265294e-05,-3.906249767169357e-05,4.5039181713946164e-05,-0.25,0.0005684655625373125,2.5571653609968384e-05,8.587968477513641e-05,-0.06700553589168703,-0.06721210479736328,3.141592653589793,3.1412904262542725,-9.637587208999321e-05,0.00013391916581895202,0.00027544170734472573
10.222095727920532,5.0,0.01171875,0.0,4.8828122089616954e-05,-3.0,-0.014746093191206455,0.5,-0.00014874293992761523,-3.906249767169357e-05,-0.0001113352263928391,-0.25,0.0002456283546052873,-0.00035315883547362475,5.935315857641399e-05,-0.06725404896026041,-0.06718563288450241,3.141592653589793,3.141340494155884,0.001922099618241191,0.00862869992852211,-0.008519778959453106
10.22714614868164,5.0,0.01171875,0.0,4.8828122089616954e-05,-3.0,-0.014746093191206455,0.5,-0.00014874293992761523,-3.906249767169357e-05,-0.0001113352263928391,-0.25,0.0002456283546052873,6.793145103565134e-06,5.935315857641399e-05,-0.06701784915279131,-0.06718563288450241,3.141592653589793,3.141340494155884,0.001922099618241191,0.00862869992852211,-0.008519778959453106
10.231966495513916,5.0,0.01171875,0.0,4.8828122089616954e-05,-3.0,-0.014746093191206455,0.5,-8.014991908567026e-05,-3.906249767169357e-05,4.962135062669404e-05,-0.25,0.00038639188278466463,0.000360027263992717,5.935315857641399e-05,-0.0668673190578096,-0.06718563288450241,3.141592653589793,3.141340494155884,0.0006989294197410345,0.0014283776981756091,0.00021838409884367138
10.23677110671997,5.0,0.01171875,0.0,4.8828122089616954e-05,-3.0,-0.014746093191206455,0.5,-8.014991908567026e-05,-3.906249767169357e-05,4.962135062669404e-05,-0.25,0.00038639188278466463,2.61250059122801e-05,5.935315857641399e-05,-0.06700961799029029,-0.06718563288450241,3.141592653589793,3.141340494155884,0.0006989294197410345,0.0014283776981756091,0.00021838409884367138
10.241326808929443,5.0,0.01171875,0.0,4.8828122089616954e-05,-3.0,-0.014746093191206455,0.5,-8.014991908567026e-05,-3.906249767169357e-05,4.962135062669404e-05,-0.25,0.00038639188278466463,2.6133086256352852e-05,5.935315857641399e-05,-0.06700961799029029,-0.06718563288450241,3.141592653589793,3.141340494155884,-0.0003138696192763746,0.00047505018301308155,0.0002752027357928455
10.245729207992554,5.0,0.01171875,0.0,4.8828122089616954e-05,-3.0,-0.014746093191206455,0.5,-4.381753387860954e-05,-3.906249767169357e-05,3.976318475906737e-05,-0.25,0.0005120765999890864,2.5643338070386794e-06,5.935315857641399e-05,-0.06692272949935192,-0.06718563288450241,3.141592653589793,3.141340494155884,-0.0003138696192763746,0.00047505018301308155,0.0002752027357928455
10.250531435012817,5.0,0.01171875,0.0,4.8828122089616954e-05,-3.0,-0.014746093191206455,0.5,-4.381753387860954e-05,-3.906249767169357e-05,3.976318475906737e-05,-0.25,0.0005120765999890864,2.4964617570888488e-05,5.935315857641399e-05,-0.06700525810406543,-0.06718563288450241,3.141592653589793,3.141340494155884,-0.00021901843138039112,0.00015998583694454283,0.0002709872496780008
10.255290508270264,5.0,0.01171875,0.0,4.8828122089616954e-05,-3.0,-0.014746093191206455,0.5,2.2387132503354223e-06,-3.906249767169357e-05,-0.00023021308879833668,-0.25,0.00047491907025687397,-0.00057473822190346,5.935315857641399e-05,-0.0669029556910875,-0.06718563288450241,3.141592653589793,3.141340494155884,-0.00021901843138039112,0.00015998583694454283,0.0002709872496780008
10.259886026382446,5.0,0.01171875,0.0,4.8828122089616954e-05,-3.0,-0.014746093191206455,0.5,2.2387132503354223e-06,-3.906249767169357e-05,-0.00023021308879833668,-0.25,0.00047491907025687397,-7.468297969401049e-06,5.935315857641399e-05,-0.06699973135440995,-0.06718563288450241,3.141592653589793,3.141340494155884,-0.000500634778290987,-0.0006241413648240268,0.00021799109526909888
10.264586925506592,5.0,0.01171875,0.0,4.8828122089616954e-05,-3.0,-0.014746093191206455,0.5,-1.2614577826752793e-06,-3.906249767169357e-05,3.6448480386752635e-05,-0.25,0.0002445560530759394,0.0005917947126618607,5.935315857641399e-05,-0.06700759712295058,-0.06718563288450241,3.141592653589793,3.141340494155884,-0.00028773045050911605,-0.00042103775194846094,0.0002717674942687154
10.269451379776001,5.0,0.01171875,0.0,4.8828122089616954e-05,-3.0,-0.014746093191206455,0.5,-1.2614577826752793e-06,-3.906249767169357e-05,3.6448480386752635e-05,-0.25,0.0002445560530759394,2.4545536116614105e-05,5.935315857641399e-05,-0.06700015137493393,-0.06718563288450241,3.141592653589793,3.141340494155884,-0.00028773045050911605,-0.00042103775194846094,0.0002717674942687154
10.2742018699646,5.0,0.01171875,0.0,4.8828122089616954e-05,-3.0,-0.014746093191206455,0.5,-1.2614577826752793e-06,-3.906249767169357e-05,3.6448480386752635e-05,-0.25,0.0002445560530759394,2.455271039982207e-05,5.935315857641399e-05,-0.06700015137493393,-0.06718563288450241,3.141592653589793,3.141340494155884,-0.00028773045050911605,-0.00042103775194846094,0.0002717674942687154
10.278941869735718,5.0,0.01171875,0.0,4.8828122089616954e-05,-3.0,-0.014746093191206455,0.5,-6.783641583751887e-05,-3.906249767169357e-05,-3.0767540010856465e-05,-0.25,0.00024927794584073126,-0.00012531838273929693,5.935315857641399e-05,-0.06714859387468862,-0.06718563288450241,3.141592653589793,3.141340494155884,-0.0004213354841340333,0.001094043254852295,-3.758243838092312e-05
10.28386378288269,5.0,0.01171875,0.0,4.8828122089616954e-05,-3.0,-0.014746093191206455,0.5,-6.783641583751887e-05,-3.906249767169357e-05,-3.0767540010856465e-05,-0.25,0.00024927794584073126,1.6488390855280543e-05,6.028354255249724e-05,-0.06700814036990049,-0.06712651252746582,3.141592653589793,3.1413190364837646,0.0016764753963798285,0.0024668017867952585,0.0010511315194889903
10.28846287727356,5.0,0.01171875,0.0,4.8828122089616954e-05,-3.0,-0.014741210266947746,0.5,-0.0001639392867218703,-3.906249767169357e-05,0.00017518963431939483,-0.25,0.0004955554031766951,0.0004890441100091272,6.028354255249724e-05,-0.0672286331373002,-0.06712651252746582,3.141592653589793,3.1413190364837646,0.0016764753963798285,0.0024668017867952585,0.0010511315194889903
10.293136358261108,5.0,0.01171875,0.0,4.8828122089616954e-05,-3.0,-0.014741210266947746,0.5,-0.0001639392867218703,-3.906249767169357e-05,0.00017518963431939483,-0.25,0.0004955554031766951,4.124298515578818e-05,6.028354255249724e-05,-0.06701967271440662,-0.06712651252746582,3.141592653589793,3.1413190364837646,0.00047390334657393396,0.0033910854253917933,-0.00015106788487173617
10.297803401947021,5.0,0.01171875,0.0,4.8828122089616954e-05,-3.0,-0.014741210266947746,0.5,-0.00011293314310023561,-3.906249767169357e-05,6.352605123538524e-05,-0.25,0.0006139898323453963,-0.00021140684595936083,6.028354255249724e-05,-0.06690426192750827,-0.06712651252746582,3.141592653589793,3.1413190364837646,0.00047390334657393396,0.0033910854253917933,-0.00015106788487173617
10.302597522735596,5.0,0.01171875,0.0,4.8828122089616954e-05,-3.0,-0.014741210266947746,0.5,-0.00011293314310023561,-3.906249767169357e-05,6.352605123538524e-05,-0.25,0.0006139898323453963,2.7862767328395206e-05,6.028354255249724e-05,-0.06701355197717203,-0.06712651252746582,3.141592653589793,3.1413190364837646,-0.0002967372420243919,-0.00012254384637344629,0.00028044203645549715
10.30731463432312,5.0,0.01171875,0.0,4.8828122089616954e-05,-3.0,-0.014741210266947746,0.5,-2.1396948795882054e-05,-3.906249767169357e-05,3.396756437723525e-05,-0.25,0.0006231450824998319,-3.8339620392595484e-05,6.028354255249724e-05,-0.06680851626872257,-0.06712651252746582,3.141592653589793,3.1413190364837646,-0.0002967372420243919,-0.00012254384637344629,0.00028044203645549715
10.312147378921509,5.0,0.01171875,0.0,4.8828122089616954e-05,-3.0,-0.014741210266947746,0.5,-2.1396948795882054e-05,-3.906249767169357e-05,3.396756437723525e-05,-0.25,0.0006231450824998319,2.4329697437213522e-05,6.028354255249724e-05,-0.06700256763385551,-0.06712651252746582,3.141592653589793,3.1413190364837646,-0.0003764541179407388,-0.0001517895288998261,0.00024317079805769026
10.316775560379028,5.0,0.01171875,0.0,4.8828122089616954e-05,-3.0,-0.014741210266947746,0.5,-1.7350017515127547e-05,-3.906249767169357e-05,4.5759425120195374e-05,-0.25,0.0004481780342757702,5.123096112811023e-05,6.028354255249724e-05,-0.06699333789533353,-0.06712651252746582,3.141592653589793,3.1413190364837646,-0.0003764541179407388,-0.0001517895288998261,0.00024317079805769026
10.321610450744629,5.0,0.01171875,0.0,4.8828122089616954e-05,-3.0,-0.014741210266947746,0.5,-1.7350017515127547e-05,-3.906249767169357e-05,4.5759425120195374e-05,-0.25,0.0004481780342757702,2.576077424531983e-05,6.028354255249724e-05,-0.06700208200210181,-0.06712651252746582,3.141592653589793,3.1413190364837646,-0.0021210338454693556,-0.00030567453359253705,-0.00010785921040223911
10.326338052749634,5.0,0.01171875,0.0,4.8828122089616954e-05,-3.0,-0.014741210266947746,0.5,-1.7350017515127547e-05,-3.906249767169357e-05,4.5759425120195374e-05,-0.25,0.0004481780342757702,2.5768794331165017e-05,6.028354255249724e-05,-0.06700208200210181,-0.06712651252746582,3.141592653589793,3.1413190364837646,-0.0021210338454693556,-0.00030567453359253705,-0.00010785921040223911
10.33075737953186,5.0,0.01171875,0.0,4.8828122089616954e-05,-3.0,-0.014741210266947746,0.5,-3.669910074677318e-05,-3.906249767169357e-05,3.9406135329045355e-05,-0.25,0.0003241455415263772,1.0637186667543271e-05,6.028354255249724e-05,-0.06704818676714078,-0.06712651252746582,3.141592653589793,3.1413190364837646,-0.00025687715969979763,0.0004141250974498689,0.00026893531321547925
10.335451364517212,5.0,0.01171875,0.0,4.8828122089616954e-05,-3.0,-0.014741210266947746,0.5,-3.669910074677318e-05,-3.906249767169357e-05,3.9406135329045355e-05,-0.25,0.0003241455415263772,2.5020701738557245e-05,6.028354255249724e-05,-0.06700440389208961,-0.06712651252746582,3.141592653589793,3.1413190364837646,-0.00025687715969979763,0.0004141250974498689,0.00026893531321547925
10.340285539627075,5.0,0.01171875,0.0,4.8828122089616954e-05,-3.0,-0.014741210266947746,0.5,-6.023921014275402e-05,-3.906249767169357e-05,3.7121641071280465e-05,-0.25,0.0005437851068563759,2.0028211367284524e-05,6.028354255249724e-05,-0.06705592389904234,-0.06712651252746582,3.141592653589793,3.1413190364837646,-0.00022453666315414011,0.0010102526284754276,0.00027611738187260926
10.345009565353394,5.0,0.01171875,0.0,4.8828122089616954e-05,-3.0,-0.014741210266947746,0.5,-6.023921014275402e-05,-3.906249767169357e-05,3.7121641071280465e-05,-0.25,0.0005437851068563759,2.476112609359819e-05,6.028354255249724e-05,-0.06700722870521714,-0.06712651252746582,3.141592653589793,3.1413190364837646,-0.00022453666315414011,0.0010102526284754276,0.00027611738187260926
10.349663496017456,5.0,0.01171875,0.0,4.8828122089616954e-05,-3.0,-0.014741210266947746,0.5,-0.00010096385813085362,-3.906249767169357e-05,3.6547990021063015e-05,-0.25,0.0007717061089351773,2.346670944996357e-05,6.028354255249724e-05,-0.06709962158201006,-0.06712651252746582,3.141592653589793,3.1413190364837646,-0.0002987754996865988,0.0011975652305409312,0.00027249331469647586
10.354283571243286,5.0,0.01171875,0.0,4.8828122089616954e-05,-3.0,-0.014741210266947746,0.5,-0.00010096385813085362,-3.906249767169357e-05,3.6547990021063015e-05,-0.25,0.0007717061089351773,2.4706312209736102e-05,6.028354255249724e-05,-0.0670121156629757,-0.06712651252746582,3.141592653589793,3.1413190364837646,-0.0002987754996865988,0.0011975652305409312,0.00027249331469647586
10.359381914138794,5.0,0.011679687537252903,0.0,4.8828122089616954e-05,-3.0,-0.014726562425494194,0.5,-0.0001298981806030497,-3.906249767169357e-05,0.0021573847625404596,-0.25,0.002277950057759881,0.004439285795576321,0.00010080735955853015,-0.0670723401874348,-0.06694947928190231,3.141592653589793,3.141174793243408,0.005347487982362509,-0.015210100449621677,0.0025576273910701275
10.364160537719727,5.0,0.011679687537252903,0.0,4.8828122089616954e-05,-3.0,-0.014726562425494194,0.5,-0.0001298981806030497,-3.906249767169357e-05,0.0021573847625404596,-0.25,0.002277950057759881,0.0002796406096311914,0.00010080735955853015,-0.06701558778167235,-0.06694947928190231,3.141592653589793,3.141174793243408,0.005347487982362509,-0.015210100449621677,0.0025576273910701275
10.368887424468994,5.0,0.011679687537252903,0.0,4.8828122089616954e-05,-3.0,-0.014726562425494194,0.5,1.5892237570369616e-05,-3.906249767169357e-05,-9.339340977021493e-06,-0.25,0.0007920979987829924,-0.004564192573143608,0.00010309695790056139,-0.06668966494092037,-0.06690442562103271,3.141592653589793,3.1413044929504395,-0.0014808669220656157,0.0014265775680541992,7.801768515491858e-05
10.373733520507812,5.0,0.011679687537252903,0.0,4.8828122089616954e-05,-3.0,-0.014726562425494194,0.5,1.5892237570369616e-05,-3.906249767169357e-05,-9.339340977021493e-06,-0.25,0.0007920979987829924,1.963940799444257e-05,0.00010309695790056139,-0.06699809293149156,-0.06690442562103271,3.141592653589793,3.1413044929504395,-0.0014808669220656157,0.0014265775680541992,7.801768515491858e-05
10.378302335739136,5.0,0.011679687537252903,0.0,4.8828122089616954e-05,-3.0,-0.014726562425494194,0.5,1.5892237570369616e-05,-3.906249767169357e-05,-9.339340977021493e-06,-0.25,0.0007920979987829924,1.9642123986663163e-05,0.00010309695790056139,-0.06699809293149156,-0.06690442562103271,3.141592653589793,3.1413044929504395,-0.00033210526453331113,-0.0011667237849906087,1.2688125934801064e-05
10.383090496063232,5.0,0.011679687537252903,0.0,4.8828122089616954e-05,-3.0,-0.014726562425494194,0.5,-8.483387500746176e-05,-3.906249767169357e-05,2.696610636121477e-06,-0.25,0.0007470214040949941,4.6227339021060665e-05,6.425281753763556e-05,-0.06722054501888709,-0.06680666655302048,3.141592653589793,3.1413185596466064,0.0016527831321582198,0.011581666767597198,0.0009152787388302386
10.387660264968872,5.0,0.011679687537252903,0.0,4.8828122089616954e-05,-3.0,-0.014726562425494194,0.5,-8.483387500746176e-05,-3.906249767169357e-05,2.696610636121477e-06,-0.25,0.0007470214040949941,2.1094253755845148e-05,6.425281753763556e-05,-0.0670101800650009,-0.06680666655302048,3.141592653589793,3.1413185596466064,0.0016527831321582198,0.011581666767597198,0.0009152787388302386
10.39248776435852,5.0,0.011679687537252903,0.0,4.8828122089616954e-05,-3.0,-0.014707030728459358,0.5,-0.0009004524908959866,-3.906249767169357e-05,-1.9150431398884393e-05,-0.25,0.0016372823156416416,-2.678086970491036e-05,7.96123276813887e-05,-0.06879758038696347,-0.06665205210447311,3.141592653589793,3.1413166522979736,-0.0008004255942068994,0.02047930657863617,5.231571776675992e-05
10.397082567214966,5.0,0.011679687537252903,0.0,4.8828122089616954e-05,-3.0,-0.014707030728459358,0.5,-0.0009004524908959866,-3.906249767169357e-05,-1.9150431398884393e-05,-0.25,0.0016372823156416416,1.847636106177978e-05,7.96123276813887e-05,-0.06710805429890751,-0.06665205210447311,3.141592653589793,3.1413166522979736,-0.0008004255942068994,0.02047930657863617,5.231571776675992e-05
10.401747465133667,5.0,0.011679687537252903,0.0,4.8828122089616954e-05,-3.0,-0.014687499962747097,0.5,-0.0011114339577034116,-3.906249767169357e-05,-0.0015670675784349442,-0.25,0.0011681925971060991,-0.00348563923573078,7.875139272073284e-05,-0.06758564663802173,-0.06648432463407516,3.141592653589793,3.141315460205078,0.0009946341160684824,0.024929851293563843,-0.007721243891865015
10.406558752059937,5.0,0.011679687537252903,0.0,4.8828122089616954e-05,-3.0,-0.014687499962747097,0.5,-0.0011114339577034116,-3.906249767169357e-05,-0.0015670675784349442,-0.25,0.0011681925971060991,-0.00016756328975433472,7.875139272073284e-05,-0.0671333720749244,-0.06648432463407516,3.141592653589793,3.141315460205078,0.0009946341160684824,0.024929851293563843,-0.007721243891865015
10.41091537475586,5.0,0.011679687537252903,0.0,4.8828122089616954e-05,-3.0,-0.014687499962747097,0.5,-0.0011114339577034116,-3.906249767169357e-05,-0.0015670675784349442,-0.25,0.0011681925971060991,-0.0001676964285866215,6.554555875482038e-05,-0.0671333720749244,-0.06643568724393845,3.141592653589793,3.1413016319274902,0.0073996614664793015,0.03378484025597572,-0.0019570281729102135
10.415563344955444,5.0,0.011640625074505806,0.0,4.8828122089616954e-05,-3.0,-0.014682617038488388,0.5,-0.0005550701753236353,-3.906249767169357e-05,-0.00048250510008074343,-0.25,0.0014370655408129096,0.002295820844968727,6.554555875482038e-05,-0.06586960465705288,-0.06643568724393845,3.141592653589793,3.1413016319274902,0.0073996614664793015,0.03378484025597572,-0.0019570281729102135
10.420371055603027,5.0,0.011640625074505806,0.0,4.8828122089616954e-05,-3.0,-0.014682617038488388,0.5,-0.0005550701753236353,-3.906249767169357e-05,-0.00048250510008074343,-0.25,0.0014370655408129096,-3.763279221856577e-05,8.24833259684965e-05,-0.06706660842103884,-0.06629251688718796,3.141592653589793,3.1413016319274902,-0.0015415786765515804,0.006581119727343321,-0.00011623121827142313
10.425168752670288,5.0,0.011640625074505806,0.0,4.8828122089616954e-05,-3.0,-0.01467285118997097,0.5,-0.0005049388855695724,-3.906249767169357e-05,-4.993401307729073e-05,-0.25,0.0008496379596181214,0.0009158970379000774,8.24833259684965e-05,-0.06695610234716055,-0.06629251688718796,3.141592653589793,3.1413016319274902,-0.0015415786765515804,0.006581119727343321,-0.00011623121827142313
10.42993974685669,5.0,0.011640625074505806,0.0,4.8828122089616954e-05,-3.0,-0.01467285118997097,0.5,-0.0005049388855695724,-3.906249767169357e-05,-4.993401307729073e-05,-0.25,0.0008496379596181214,1.4273657698361043e-05,8.294585859403014e-05,-0.06706059266626835,-0.06623827666044235,3.141592653589793,3.1412994861602783,-0.0007672515348531306,0.00652953190729022,9.24887353903614e-05
10.434329748153687,5.0,0.011640625074505806,0.0,4.8828122089616954e-05,-3.0,-0.014667968265712261,0.5,-0.00012635263556148857,-3.906249767169357e-05,-1.2212882211315446e-05,-0.25,0.0009553217678330839,0.00010472765267054397,8.294585859403014e-05,-0.06615277931363124,-0.06623827666044235,3.141592653589793,3.1412994861602783,-0.0007672515348531306,0.00652953190729022,9.24887353903614e-05
10.439146757125854,5.0,0.011640625074505806,0.0,4.8828122089616954e-05,-3.0,-0.014667968265712261,0.5,-0.00012635263556148857,-3.906249767169357e-05,-1.2212882211315446e-05,-0.25,0.0009553217678330839,1.880513749598341e-05,8.294585859403014e-05,-0.06701516231626738,-0.06623827666044235,3.141592653589793,3.1412994861602783,-0.00031034406856633723,0.0012504035839810967,1.2099248124286532e-05
10.444008111953735,5.0,0.011640625074505806,0.0,4.8828122089616954e-05,-3.0,-0.014667968265712261,0.5,-0.00012635263556148857,-3.906249767169357e-05,-1.2212882211315446e-05,-0.25,0.0009553217678330839,1.8807748006138313e-05,8.294585859403014e-05,-0.06701516231626738,-0.06623827666044235,3.141592653589793,3.1412994861602783,-0.00031034406856633723,0.0012504035839810967,1.2099248124286532e-05
10.448604583740234,5.0,0.011640625074505806,0.0,4.8828122089616954e-05,-3.0,-0.014667968265712261,0.5,-6.845243478892371e-05,-3.906249767169357e-05,-6.641115760430694e-06,-0.25,0.0009693765314295888,3.1601173704058134e-05,8.294585859403014e-05,-0.06688224767372912,-0.06623827666044235,3.141592653589793,3.1412994861602783,-0.00011933682981180027,-0.00038010854041203856,2.7523965400177985e-06
10.453327417373657,5.0,0.011640625074505806,0.0,4.8828122089616954e-05,-3.0,-0.014667968265712261,0.5,-6.845243478892371e-05,-3.906249767169357e-05,-6.641115760430694e-06,-0.25,0.0009693765314295888,1.948240287544782e-05,8.294585859403014e-05,-0.06700821429217467,-0.06623827666044235,3.141592653589793,3.1412994861602783,-0.00011933682981180027,-0.00038010854041203856,2.7523965400177985e-06
10.457963943481445,5.0,0.011640625074505806,0.0,4.8828122089616954e-05,-3.0,-0.014663085341453552,0.5,-0.000106161976873409,-3.906249767169357e-05,-9.284062252845615e-05,-0.25,0.0001986038696486503,-0.00017678051464687275,6.305691931629553e-05,-0.067094070893595,-0.06618082523345947,3.141592653589793,3.1413042545318604,-0.000642794300802052,0.0012676544720306993,0.00017090278561227024
10.462785720825195,5.0,0.011640625074505806,0.0,4.8828122089616954e-05,-3.0,-0.014663085341453552,0.5,-0.000106161976873409,-3.906249767169357e-05,-9.284062252845615e-05,-0.25,0.0001986038696486503,9.128289066805768e-06,6.305691931629553e-05,-0.0670127394372248,-0.06618082523345947,3.141592653589793,3.1413042545318604,-0.000642794300802052,0.0012676544720306993,0.00017090278561227024
10.467641115188599,5.0,0.011640625074505806,0.0,4.8828122089616954e-05,-3.0,-0.014663085341453552,0.5,-9.234577009920031e-05,-3.906249767169357e-05,-4.075419838045491e-06,-0.25,0.00030987500213086605,0.0002026012102505166,6.305691931629553e-05,-0.06698262611733806,-0.06618082523345947,3.141592653589793,3.1413042545318604,-0.00042278756154701114,0.0019722606521099806,2.545748975535389e-05
10.47223162651062,5.0,0.011640625074505806,0.0,4.8828122089616954e-05,-3.0,-0.014663085341453552,0.5,-9.234577009920031e-05,-3.906249767169357e-05,-4.075419838045491e-06,-0.25,0.00030987500213086605,1.978672308240355e-05,6.305691931629553e-05,-0.0670110814924119,-0.06618082523345947,3.141592653589793,3.1413042545318604,-0.00042278756154701114,0.0019722606521099806,2.545748975535389e-05
10.477055311203003,5.0,0.011640625074505806,0.0,4.8828122089616954e-05,-3.0,-0.014663085341453552,0.5,-0.00010953068704111502,-3.906249767169357e-05,-9.737344043969642e-06,-0.25,0.0009969061939045787,1.97900984150391e-05,6.305691931629553e-05,-0.0670110814924119,-0.06618082523345947,3.141592653589793,3.1413042545318604,-0.0003943522460758686,0.0015449008205905557,-1.4794395610806532e-05
10.481688737869263,5.0,0.011640625074505806,0.0,4.8828122089616954e-05,-3.0,-0.014663085341453552,0.5,-0.00010953068704111502,-3.906249767169357e-05,-9.737344043969642e-06,-0.25,0.0009969061939045787,6.893650880593658e-06,6.305691931629553e-05,-0.0670502326841271,-0.06618082523345947,3.141592653589793,3.1413042545318604,-0.0003943522460758686,0.0015449008205905557,-1.4794395610806532e-05
10.486108541488647,5.0,0.011640625074505806,0.0,4.8828122089616954e-05,-3.0,-0.014658202417194843,0.5,-0.0001361767208436504,-3.906249767169357e-05,-0.00012171277194283903,-0.25,0.0006382882711477578,1.9115977257707275e-05,6.075784767745063e-05,-0.06701314368244493,-0.06610619276762009,3.141592653589793,3.141308546066284,0.001748831127770245,0.0036400200333446264,0.001016781898215413
10.490746259689331,5.0,0.011640625074505806,0.0,4.8828122089616954e-05,-3.0,-0.014658202417194843,0.5,-0.0001361767208436504,-3.906249767169357e-05,-0.00012171277194283903,-0.25,0.0006382882711477578,-0.00023577382824339368,6.075784767745063e-05,-0.06707379625799317,-0.06610619276762009,3.141592653589793,3.141308546066284,0.001748831127770245,0.0036400200333446264,0.001016781898215413
10.495253562927246,5.0,0.011640625074505806,0.0,4.8828122089616954e-05,-3.0,-0.014658202417194843,0.5,-0.0001361767208436504,-3.906249767169357e-05,-0.00012171277194283903,-0.25,0.0006382882711477578,5.663809139240635e-06,6.075784767745063e-05,-0.06701634120650124,-0.06610619276762009,3.141592653589793,3.141308546066284,-0.00033116363920271397,-0.0009149583638645709,-4.1219205741072074e-05
10.500150203704834,5.0,0.011640625074505806,0.0,4.8828122089616954e-05,-3.0,-0.014658202417194843,0.5,7.05961138010025e-05,-3.906249767169357e-05,-6.010820015944773e-06,-0.25,0.0002896302903536707,0.00025583970156731406,6.075784767745063e-05,-0.06656925359661878,-0.06610619276762009,3.141592653589793,3.141308546066284,-0.00033116363920271397,-0.0009149583638645709,-4.1219205741072074e-05
10.504937887191772,5.0,0.011640625074505806,0.0,4.8828122089616954e-05,-3.0,-0.014658202417194843,0.5,7.05961138010025e-05,-3.906249767169357e-05,-6.010820015944773e-06,-0.25,0.0002896302903536707,1.9554445033746043e-05,6.075784767745063e-05,-0.06699152846634387,-0.06610619276762009,3.141592653589793,3.141308546066284,-0.00027404827415011823,-0.0012784418649971485,5.325715392245911e-06
10.509643793106079,5.0,0.011640625074505806,0.0,4.8828122089616954e-05,-3.0,-0.014658202417194843,0.5,1.517906753178977e-06,-3.906249767169357e-05,4.6044780901866034e-05,-0.25,-1.651585080253426e-05,0.00013642672539204123,6.075784767745063e-05,-0.06714660830621723,-0.06610619276762009,3.141592653589793,3.141308546066284,-0.00027404827415011823,-0.0012784418649971485,5.325715392245911e-06
10.514230966567993,5.0,0.011640625074505806,0.0,4.8828122089616954e-05,-3.0,-0.014658202417194843,0.5,1.517906753178977e-06,-3.906249767169357e-05,4.6044780901866034e-05,-0.25,-1.651585080253426e-05,2.5816935317788902e-05,6.075784767745063e-05,-0.06699981785118961,-0.06610619276762009,3.141592653589793,3.141308546066284,-1.2284290278330445e-06,-0.00030578995938412845,0.0002699115430004895
10.51894736289978,5.0,0.011640625074505806,0.0,4.8828122089616954e-05,-3.0,-0.014658202417194843,0.5,1.517906753178977e-06,-3.906249767169357e-05,4.6044780901866034e-05,-0.25,-1.651585080253426e-05,2.5824963310918358e-05,6.075784767745063e-05,-0.06699981785118961,-0.06610619276762009,3.141592653589793,3.141308546066284,-1.2284290278330445e-06,-0.00030578995938412845,0.0002699115430004895
10.52343487739563,5.0,0.011640625074505806,0.0,4.8828122089616954e-05,-3.0,-0.014658202417194843,0.5,-8.295792940771207e-05,-3.906249767169357e-05,-0.0002500797563698143,-0.25,0.0005891340551897883,-0.0006696143366495825,6.075784767745063e-05,-0.06719820133210111,-0.06610619276762009,3.141592653589793,3.141308546066284,-0.0006276037893258035,0.001437690109014511,-6.844170275144279e-05
10.52812910079956,5.0,0.011640625074505806,0.0,4.8828122089616954e-05,-3.0,-0.014658202417194843,0.5,-8.295792940771207e-05,-3.906249767169357e-05,-0.0002500797563698143,-0.25,0.0005891340551897883,-9.748731264917203e-06,6.075784767745063e-05,-0.06700995495152892,-0.06610619276762009,3.141592653589793,3.141308546066284,-0.0006276037893258035,0.001437690109014511,-6.844170275144279e-05
10.532738208770752,5.0,0.011640625074505806,0.0,4.8828122089616954e-05,-3.0,-0.014658202417194843,0.5,-3.4363791201030836e-05,-3.906249767169357e-05,-1.7780834014047286e-06,-0.25,0.000872194766998291,0.0005587704906297931,6.075784767745063e-05,-0.06689869297614377,-0.06610619276762009,3.141592653589793,3.141308546066284,-0.00022832640388514847,-0.00012397269892971963,-4.450987034942955e-06
10.537402153015137,5.0,0.011640625074505806,0.0,4.8828122089616954e-05,-3.0,-0.014658202417194843,0.5,-3.4363791201030836e-05,-3.906249767169357e-05,-1.7780834014047286e-06,-0.25,0.000872194766998291,2.0054384297699052e-05,6.075784767745063e-05,-0.06700412365494413,-0.06610619276762009,3.141592653589793,3.141308546066284,-0.00022832640388514847,-0.00012397269892971963,-4.450987034942955e-06
10.542232275009155,5.0,0.011640625074505806,0.0,4.8828122089616954e-05,-3.0,-0.014658202417194843,0.5,8.195787813747302e-05,-3.906249767169357e-05,-9.086279533221386e-06,-0.25,0.0002502095594536513,4.049837843549193e-06,6.075784767745063e-05,-0.0667493395237517,-0.06610619276762009,3.141592653589793,3.141308546066284,-0.0004636048979591578,-0.0021545765921473503,5.575951945502311e-06
10.547022819519043,5.0,0.011640625074505806,0.0,4.8828122089616954e-05,-3.0,-0.014658202417194843,0.5,8.195787813747302e-05,-3.906249767169357e-05,-9.086279533221386e-06,-0.25,0.0002502095594536513,1.9183168585836225e-05,6.075784767745063e-05,-0.06699016505462349,-0.06610619276762009,3.141592653589793,3.141308546066284,-0.0004636048979591578,-0.0021545765921473503,5.575951945502311e-06
10.551804542541504,5.0,0.011640625074505806,0.0,4.8828122089616954e-05,-3.0,-0.014658202417194843,0.5,2.006959039135836e-05,-3.906249767169357e-05,-0.00027577526634559035,-0.25,0.00010468959226273,-0.0005705678578128617,6.075784767745063e-05,-0.06712701840067212,-0.06610619276762009,3.141592653589793,3.141308546066284,-0.00033551931846886873,-0.0026685246266424656,-1.481057915952988e-05
10.556499719619751,5.0,0.011640625074505806,0.0,4.8828122089616954e-05,-3.0,-0.014658202417194843,0.5,2.006959039135836e-05,-3.906249767169357e-05,-0.00027577526634559035,-0.25,0.00010468959226273,-1.2864375896873741e-05,6.075784767745063e-05,-0.06699759164915303,-0.06610619276762009,3.141592653589793,3.141308546066284,-0.0003396912943571806,0.00013063651567790657,0.00014330317208077759
10.561226844787598,5.0,0.011640625074505806,0.0,4.8828122089616954e-05,-3.0,-0.014658202417194843,0.5,2.006959039135836e-05,-3.906249767169357e-05,-0.00027577526634559035,-0.25,0.00010468959226273,-1.2886755314600722e-05,6.075784767745063e-05,-0.06699759164915303,-0.06610619276762009,3.141592653589793,3.141308546066284,-0.0003396912943571806,0.00013063651567790657,0.00014330317208077759
10.565944910049438,5.0,0.011640625074505806,0.0,4.8828122089616954e-05,-3.0,-0.014658202417194843,0.5,-3.6894976801704615e-05,-3.906249767169357e-05,4.241895294399001e-05,-0.25,8.738160249777138e-05,0.0006997209796745352,6.075784767745063e-05,-0.06712516452998499,-0.06610619276762009,3.141592653589793,3.141308546066284,-0.00017314523574896157,0.0003570908447727561,0.00023610967036802322
10.57072925567627,5.0,0.011640625074505806,0.0,4.8828122089616954e-05,-3.0,-0.014658202417194843,0.5,-3.6894976801704615e-05,-3.906249767169357e-05,4.241895294399001e-05,-0.25,8.738160249777138e-05,2.5312036404620025e-05,6.075784767745063e-05,-0.06700442739721621,-0.06610619276762009,3.141592653589793,3.141308546066284,-0.00017314523574896157,0.0003570908447727561,0.00023610967036802322
10.575577020645142,5.0,0.011640625074505806,0.0,4.8828122089616954e-05,-3.0,-0.014658202417194843,0.5,-1.911148274302832e-06,-3.906249767169357e-05,3.810767157119699e-05,-0.25,4.8456189688295126e-05,1.5908826425448316e-05,6.075784767745063e-05,-0.06692806447676512,-0.06610619276762009,3.141592653589793,3.141308546066284,-0.00027202151250094175,-0.00048255969886668026,0.00028162868693470955
10.580349445343018,5.0,0.011640625074505806,0.0,4.8828122089616954e-05,-3.0,-0.014658202417194843,0.5,-1.911148274302832e-06,-3.906249767169357e-05,3.810767157119699e-05,-0.25,4.8456189688295126e-05,2.4809530473179495e-05,6.075784767745063e-05,-0.06700022933779291,-0.06610619276762009,3.141592653589793,3.141308546066284,-0.00027202151250094175,-0.00048255969886668026,0.00028162868693470955
10.585198402404785,5.0,0.011640625074505806,0.0,4.8828122089616954e-05,-3.0,-0.014658202417194843,0.5,8.366107795154676e-05,-3.906249767169357e-05,0.0001890729326987639,-0.25,-0.0001230025227414444,0.000354283015052968,6.075784767745063e-05,-0.06681348514171082,-0.06610619276762009,3.141592653589793,3.141308546066284,-0.005837923381477594,-0.0032896874472498894,-8.606072515249252e-05
10.589784383773804,5.0,0.011640625074505806,0.0,4.8828122089616954e-05,-3.0,-0.014658202417194843,0.5,8.366107795154676e-05,-3.906249767169357e-05,0.0001890729326987639,-0.25,-0.0001230025227414444,4.2968410683276055e-05,6.075784767745063e-05,-0.0669899606706458,-0.06610619276762009,3.141592653589793,3.141308546066284,-0.005837923381477594,-0.0032896874472498894,-8.606072515249252e-05
10.59452486038208,5.0,0.011640625074505806,0.0,4.8828122089616954e-05,-3.0,-0.014658202417194843,0.5,0.00013419515744317323,-3.906249767169357e-05,-4.990427623852156e-05,-0.25,-0.0003320276737213135,-0.0004898305196992236,6.075784767745063e-05,-0.0668772953178427,-0.06610619276762009,3.141592653589793,3.141308546066284,-0.0007823147461749613,-0.003581866854801774,3.256497802794911e-05
10.599299907684326,5.0,0.011640625074505806,0.0,4.8828122089616954e-05,-3.0,-0.014658202417194843,0.5,0.00013419515744317323,-3.906249767169357e-05,-4.990427623852156e-05,-0.25,-0.0003320276737213135,1.4289082306738089e-05,6.075784767745063e-05,-0.06698389658110682,-0.06610619276762009,3.141592653589793,3.141308546066284,-0.0007823147461749613,-0.003581866854801774,3.256497802794911e-05
10.603609561920166,5.0,0.011640625074505806,0.0,4.8828122089616954e-05,-3.0,-0.014658202417194843,0.5,0.00013419515744317323,-3.906249767169357e-05,-4.990427623852156e-05,-0.25,-0.0003320276737213135,1.4288147820399595e-05,6.075784767745063e-05,-0.06698389658110682,-0.06610619276762009,3.141592653589793,3.141308546066284,-0.0007823147461749613,-0.003581866854801774,3.256497802794911e-05
10.608293771743774,5.0,0.011640625074505806,0.0,4.8828122089616954e-05,-3.0,-0.014658202417194843,0.5,0.00012481823796406388,-3.906249767169357e-05,-5.7296994782518595e-05,-0.25,-0.0003235554613638669,-2.3828971843110716e-06,6.075784767745063e-05,-0.06700503995715557,-0.06610619276762009,3.141592653589793,3.141308546066284,-0.000951720867305994,-0.003478449070826173,4.822171467822045e-05
10.613054752349854,5.0,0.011640625074505806,0.0,4.8828122089616954e-05,-3.0,-0.014658202417194843,0.5,0.00012481823796406388,-3.906249767169357e-05,-5.7296994782518595e-05,-0.25,-0.0003235554613638669,1.3397577029167928e-05,6.075784767745063e-05,-0.0669850218114443,-0.06610619276762009,3.141592653589793,3.141308546066284,-0.0011056303046643734,-0.0035409159027040005,4.013524448964745e-05
10.617671489715576,5.0,0.011640625074505806,0.0,4.8828122089616954e-05,-3.0,-0.014658202417194843,0.5,0.00013151227904018015,-3.906249767169357e-05,-7.220084080472589e-05,-0.25,-0.00034757136018015444,-2.067614891346236e-05,6.075784767745063e-05,-0.06696971902059609,-0.06610619276762009,3.141592653589793,3.141308546066284,-0.0011056303046643734,-0.0035409159027040005,4.013524448964745e-05
10.622441291809082,5.0,0.011640625074505806,0.0,4.8828122089616954e-05,-3.0,-0.014658202417194843,0.5,0.00013151227904018015,-3.906249767169357e-05,-7.220084080472589e-05,-0.25,-0.00034757136018015444,1.1602894419194419e-05,6.300037784967571e-05,-0.06698421852651518,-0.06615995615720749,3.141592653589793,3.141327381134033,-0.0009399775881320238,-0.006044124253094196,-1.8544938939157873e-05
10.627015113830566,5.0,0.011640625074505806,0.0,4.8828122089616954e-05,-3.0,-0.014663085341453552,0.5,0.0002642206090968102,-3.906249767169357e-05,-6.517324800370261e-05,-0.25,-0.0005762052605859935,2.780863177603128e-05,6.300037784967571e-05,-0.06667814596665514,-0.06615995615720749,3.141592653589793,3.141327381134033,-0.0009399775881320238,-0.006044124253094196,-1.8544938939157873e-05
10.631544351577759,5.0,0.011640625074505806,0.0,4.8828122089616954e-05,-3.0,-0.014663085341453552,0.5,0.0002642206090968102,-3.906249767169357e-05,-6.517324800370261e-05,-0.25,-0.0005762052605859935,1.2441451800899666e-05,8.133779920171946e-05,-0.06696829352690839,-0.06619882583618164,3.141592653589793,3.1413235664367676,0.00012201887147966772,-0.007259833160787821,0.00023786482051946223
10.636192321777344,5.0,0.011640625074505806,0.0,4.8828122089616954e-05,-3.0,-0.014667968265712261,0.5,0.0002839755907189101,-3.906249767169357e-05,-6.844539166195318e-05,-0.25,-0.0006238162168301642,1.2439024561111026e-05,8.133779920171946e-05,-0.06696829352690839,-0.06619882583618164,3.141592653589793,3.1413235664367676,0.00012201887147966772,-0.007259833160787821,0.00023786482051946223
10.640876770019531,5.0,0.011640625074505806,0.0,4.8828122089616954e-05,-3.0,-0.014667968265712261,0.5,0.0002839755907189101,-3.906249767169357e-05,-6.844539166195318e-05,-0.25,-0.0006238162168301642,5.058493726947777e-06,8.133779920171946e-05,-0.06692375151297086,-0.06619882583618164,3.141592653589793,3.1413235664367676,0.00012201887147966772,-0.007259833160787821,0.00023786482051946223
10.645959615707397,5.0,0.011640625074505806,0.0,4.8828122089616954e-05,-3.0,-0.014667968265712261,0.5,0.0002839755907189101,-3.906249767169357e-05,-6.844539166195318e-05,-0.25,-0.0006238162168301642,1.2040627494878586e-05,8.132385119097307e-05,-0.06696592292911373,-0.06625568866729736,3.141592653589793,3.141322135925293,-0.00033946253824979067,-0.010289388708770275,-5.185796180739999e-05
10.65086317062378,5.0,0.011640625074505806,0.0,4.8828122089616954e-05,-3.0,-0.01467285118997097,0.5,0.0003183306544087827,-3.906249767169357e-05,2.947393113572616e-05,-0.25,-0.0006313961348496377,0.0002234881462496133,6.3561528804712e-05,-0.06689173877576439,-0.06633961200714111,3.141592653589793,3.141329050064087,0.0013164123520255089,-0.00768042029812932,0.0009466508054174483
10.655615329742432,5.0,0.011640625074505806,0.0,4.8828122089616954e-05,-3.0,-0.01467285118997097,0.5,0.0003183306544087827,-3.906249767169357e-05,2.947393113572616e-05,-0.25,-0.0006313961348496377,2.3804181593751048e-05,6.3561528804712e-05,-0.06696180032147095,-0.06633961200714111,3.141592653589793,3.141329050064087,0.0013164123520255089,-0.00768042029812932,0.0009466508054174483
10.660440444946289,5.0,0.011640625074505806,0.0,4.8828122089616954e-05,-3.0,-0.014682617038488388,0.5,0.0005004398990422487,-3.906249767169357e-05,-2.24550149141578e-05,-0.25,-0.00038613914512097836,-9.004787828898673e-05,8.137200347846374e-05,-0.0665625277372641,-0.06636380404233932,3.141592653589793,3.141326665878296,-0.0005182283348403871,-0.011425692588090897,-5.8277539210394025e-05
10.665127277374268,5.0,0.011640625074505806,0.0,4.8828122089616954e-05,-3.0,-0.014682617038488388,0.5,0.0005004398990422487,-3.906249767169357e-05,-2.24550149141578e-05,-0.25,-0.00038613914512097836,1.7575867457890696e-05,8.137200347846374e-05,-0.06693994721211494,-0.06636380404233932,3.141592653589793,3.141326665878296,-0.0005182283348403871,-0.011425692588090897,-5.8277539210394025e-05
10.669933795928955,5.0,0.011640625074505806,0.0,3.9062499126885086e-05,-3.0,-0.014687499962747097,0.5,0.001287967199459672,-3.906249767169357e-05,-0.001960606314241886,-0.25,-8.06701136752963e-05,1.757746394137111e-05,7.594189082738012e-05,-0.06693994721211494,-0.06644677370786667,3.141592653589793,3.1412479877471924,-0.0022122287191450596,-0.01190616749227047,-0.012759688310325146
10.675126791000366,5.0,0.011640625074505806,0.0,3.9062499126885086e-05,-3.0,-0.014687499962747097,0.5,0.001287967199459672,0.00015680376983249922,-0.001960606314241886,-0.25,-8.06701136752963e-05,-0.004348140295023085,7.594189082738012e-05,-0.06532892545378671,-0.06644677370786667,3.141592653589793,3.1412479877471924,-0.0022122287191450596,-0.01190616749227047,-0.012759688310325146
10.679927825927734,5.0,0.011640625074505806,0.0,3.9062499126885086e-05,-3.0,-0.014687499962747097,0.5,0.0003747120499610901,-3.124999930150807e-05,7.7639515438932e-06,-0.25,-0.0008222812321037054,0.0001753508686278257,7.594189082738012e-05,-0.06684544393606484,-0.06644677370786667,3.141592653589793,3.1412479877471924,0.0038876617327332497,-0.010358048602938652,0.0010799434967339039
10.684605121612549,5.0,0.011640625074505806,0.0,3.9062499126885086e-05,-3.0,-0.014687499962747097,0.5,0.0003747120499610901,-3.124999930150807e-05,7.7639515438932e-06,-0.25,-0.0008222812321037054,0.004228215864095811,7.594189082738012e-05,-0.06890756270496935,-0.06644677370786667,3.141592653589793,3.1412479877471924,0.0038876617327332497,-0.010358048602938652,0.0010799434967339039
10.689300775527954,5.0,0.011640625074505806,0.0,3.9062499126885086e-05,-3.0,-0.014687499962747097,0.5,0.0003747120499610901,-3.124999930150807e-05,7.7639515438932e-06,-0.25,-0.0008222812321037054,1.9868381484092125e-05,7.945592369651422e-05,-0.06695503455400467,-0.0665353536605835,3.141592653589793,3.141293525695801,-0.00235129427164793,-0.013515627942979336,7.371520041488111e-05
10.694087743759155,5.0,0.011640625074505806,0.0,3.9062499126885086e-05,-3.0,-0.01470214780420065,0.5,0.0006598879117518663,-3.124999930150807e-05,-2.211959690612275e-05,-0.25,-0.0005695104482583702,-4.6143648763600345e-05,7.945592369651422e-05,-0.06632507968337567,-0.0665353536605835,3.141592653589793,3.141293525695801,-0.00235129427164793,-0.013515627942979336,7.371520041488111e-05
10.698934078216553,5.0,0.011640625074505806,0.0,3.9062499126885086e-05,-3.0,-0.01470214780420065,0.5,0.0006598879117518663,-3.124999930150807e-05,-2.211959690612275e-05,-0.25,-0.0005695104482583702,1.6284114788689085e-05,8.447934669675305e-05,-0.06692081345058978,-0.06664108484983444,3.141592653589793,3.1412925720214844,-0.0012354061473160982,-0.009651386179029942,0.0001420521002728492
10.703932523727417,5.0,0.011640625074505806,0.0,3.9062499126885086e-05,-3.0,-0.014711913652718067,0.5,0.000372188602341339,-3.124999930150807e-05,-5.30470788362436e-05,-0.25,-0.0008137154509313405,-4.93035624879196e-05,8.447934669675305e-05,-0.06753091493235429,-0.06664108484983444,3.141592653589793,3.1412925720214844,-0.0012354061473160982,-0.009651386179029942,0.0001420521002728492
10.708338975906372,5.0,0.011640625074505806,0.0,3.9062499126885086e-05,-3.0,-0.014711913652718067,0.5,0.000372188602341339,-3.124999930150807e-05,-5.30470788362436e-05,-0.25,-0.0008137154509313405,1.256871697101536e-05,8.475907816318795e-05,-0.06695533736771904,-0.06669460982084274,3.141592653589793,3.14129376411438,-0.0006983219063840806,-0.012920275330543518,-1.282033190364018e-05
10.712791204452515,5.0,0.011640625074505806,0.0,3.9062499126885086e-05,-3.0,-0.014711913652718067,0.5,0.000372188602341339,-3.124999930150807e-05,-5.30470788362436e-05,-0.25,-0.0008137154509313405,1.2566776059420817e-05,8.475907816318795e-05,-0.06695533736771904,-0.06669460982084274,3.141592653589793,3.14129376411438,-0.0006983219063840806,-0.012920275330543518,-1.282033190364018e-05
10.71736192703247,5.0,0.011640625074505806,0.0,3.9062499126885086e-05,-3.0,-0.014716796576976776,0.5,0.00037413029349409044,-3.124999930150807e-05,-5.981072536087595e-05,-0.25,-0.0008185702608898282,-3.0452344610551347e-06,8.545348100597039e-05,-0.0669508562593252,-0.06674908846616745,3.141592653589793,3.141293525695801,-0.0011577218538150191,-0.009152133017778397,0.00012156173761468381
10.721822023391724,5.0,0.011640625074505806,0.0,3.9062499126885086e-05,-3.0,-0.014716796576976776,0.5,0.00037413029349409044,-3.124999930150807e-05,-5.981072536087595e-05,-0.25,-0.0008185702608898282,1.1749979941548645e-05,6.601005588890985e-05,-0.06695510436478071,-0.06683778017759323,3.141592653589793,3.1413028240203857,-0.0060094851069152355,-0.014137569814920425,0.006590220145881176
10.726642608642578,5.0,0.011640625074505806,0.0,3.9062499126885086e-05,-3.0,-0.014721679501235485,0.5,0.0002503909054212272,-3.124999930150807e-05,0.00038805758231319487,-0.25,-0.0007548463181592524,0.0009946091538648634,6.601005588890985e-05,-0.06722664264590288,-0.06683778017759323,3.141592653589793,3.1413028240203857,-0.0060094851069152355,-0.014137569814920425,0.006590220145881176
10.731245756149292,5.0,0.011640625074505806,0.0,3.9062499126885086e-05,-3.0,-0.014721679501235485,0.5,0.0002503909054212272,-3.124999930150807e-05,0.00038805758231319487,-0.25,-0.0007548463181592524,6.557320571428433e-05,8.438915392616764e-05,-0.06696995309134945,-0.06686054915189743,3.141592653589793,3.141310691833496,-0.0001677915279287845,-0.007296349853277206,0.00024565408239141107
10.73609709739685,5.0,0.011640625074505806,0.0,3.9062499126885086e-05,-3.0,-0.014726562425494194,0.5,0.00028369732899591327,-3.124999930150807e-05,-2.266616684210021e-05,-0.25,-0.0006203817902132869,-0.0008303317733712166,8.438915392616764e-05,-0.06689730226821805,-0.06686054915189743,3.141592653589793,3.141310691833496,-0.0001677915279287845,-0.007296349853277206,0.00024565408239141107
10.740801811218262,5.0,0.011640625074505806,0.0,3.9062499126885086e-05,-3.0,-0.014726562425494194,0.5,0.00028369732899591327,-3.124999930150807e-05,-2.266616684210021e-05,-0.25,-0.0006203817902132869,1.6287996367162616e-05,8.564895688323304e-05,-0.06696595632052049,-0.06691861152648926,3.141592653589793,3.141313076019287,-0.0015108431689441204,-0.006912111304700375,0.00015245116082951427
10.74552607536316,5.0,0.011640625074505806,0.0,3.9062499126885086e-05,-3.0,-0.014731445349752903,0.5,0.0004357292491476983,-3.124999930150807e-05,-1.9202572730137035e-05,-0.25,-0.0003038001013919711,2.4036265656341714e-05,8.564895688323304e-05,-0.0666259016948359,-0.06691861152648926,3.141592653589793,3.141313076019287,-0.0015108431689441204,-0.006912111304700375,0.00015245116082951427
10.750401258468628,5.0,0.011640625074505806,0.0,3.9062499126885086e-05,-3.0,-0.014731445349752903,0.5,0.0004357292491476983,-3.124999930150807e-05,-1.9202572730137035e-05,-0.25,-0.0003038001013919711,1.670594063331569e-05,7.098158675944433e-05,-0.06694771249010227,-0.06699371337890625,3.141592653589793,3.14132022857666,0.0012648685369640589,-0.0071085309609770775,0.000973644433543086
10.755122900009155,5.0,0.011640625074505806,0.0,3.9062499126885086e-05,-3.0,-0.014731445349752903,0.5,0.0004357292491476983,-3.124999930150807e-05,-1.9202572730137035e-05,-0.25,-0.0003038001013919711,1.670707830591081e-05,7.098158675944433e-05,-0.06694771249010227,-0.06699371337890625,3.141592653589793,3.14132022857666,0.0012648685369640589,-0.0071085309609770775,0.000973644433543086
10.759773015975952,5.0,0.011640625074505806,0.0,3.9062499126885086e-05,-3.0,-0.014736327342689037,0.5,0.00029778911266475916,-3.124999930150807e-05,-1.779635567800142e-05,-0.25,-0.0006279569934122264,1.990112284798673e-05,8.62005545059219e-05,-0.06726090336339724,-0.06702661514282227,3.141592653589793,3.141322374343872,-0.0013154285261407495,-0.007548116147518158,0.0003486619680188596
10.764487266540527,5.0,0.011640625074505806,0.0,3.9062499126885086e-05,-3.0,-0.014736327342689037,0.5,0.00029778911266475916,-3.124999930150807e-05,-1.779635567800142e-05,-0.25,-0.0006279569934122264,1.687834404916854e-05,8.62005545059219e-05,-0.06696426530648023,-0.06702661514282227,3.141592653589793,3.141322374343872,-0.0013154285261407495,-0.007548116147518158,0.0003486619680188596
10.769274234771729,5.0,0.011640625074505806,0.0,3.9062499126885086e-05,-3.0,-0.014746093191206455,0.5,0.0002956800744868815,-3.124999930150807e-05,-2.6671668820199557e-05,-0.25,-0.0006629293784499168,-2.7268276755818875e-06,8.661513129482046e-05,-0.0669689241821093,-0.06708132475614548,3.141592653589793,3.141324520111084,-0.0015414829831570387,-0.007677813060581684,0.0003946549550164491
10.774086713790894,5.0,0.011640625074505806,0.0,3.9062499126885086e-05,-3.0,-0.014746093191206455,0.5,0.0002956800744868815,-3.124999930150807e-05,-2.6671668820199557e-05,-0.25,-0.0006629293784499168,1.5814185460943767e-05,8.661513129482046e-05,-0.06696451839106157,-0.06708132475614548,3.141592653589793,3.141324520111084,-0.001296291477046907,-0.006072147283703089,0.0003631041035987437
10.778818845748901,5.0,0.011640625074505806,0.0,3.9062499126885086e-05,-3.0,-0.014746093191206455,0.5,0.00023137241078075022,-3.124999930150807e-05,-1.5557443475699984e-05,-0.25,-0.0005198067519813776,4.0636096661051615e-05,8.661513129482046e-05,-0.0671081310639879,-0.06708132475614548,3.141592653589793,3.141324520111084,-0.001296291477046907,-0.006072147283703089,0.0003631041035987437
10.783667087554932,5.0,0.011640625074505806,0.0,3.9062499126885086e-05,-3.0,-0.014746093191206455,0.5,0.00023137241078075022,-3.124999930150807e-05,-1.5557443475699984e-05,-0.25,-0.0005198067519813776,1.7150899313286204e-05,6.629708514083177e-05,-0.06697223531070631,-0.06716620177030563,3.141592653589793,3.1413378715515137,0.0013022036291658878,-0.005370593164116144,0.0011390619911253452
10.788283586502075,5.0,0.011640625074505806,0.0,3.9062499126885086e-05,-3.0,-0.014750976115465164,0.5,0.0002995833056047559,-3.124999930150807e-05,-0.0002756404865067452,-0.25,-0.0003356158558744937,-0.0005774588693371634,6.629708514083177e-05,-0.06681629540486442,-0.06716620177030563,3.141592653589793,3.1413378715515137,0.0013022036291658878,-0.005370593164116144,0.0011390619911253452
10.793120384216309,5.0,0.011640625074505806,0.0,3.9062499126885086e-05,-3.0,-0.014750976115465164,0.5,0.0002995833056047559,-3.124999930150807e-05,-0.0002756404865067452,-0.25,-0.0003356158558744937,-1.4105271765974614e-05,6.629708514083177e-05,-0.06696405000332742,-0.06716620177030563,3.141592653589793,3.1413378715515137,-0.0010994307231158018,-0.005834267009049654,0.00032584776636213064
10.79773497581482,5.0,0.011640625074505806,0.0,3.9062499126885086e-05,-3.0,-0.014750976115465164,0.5,0.0002233789855381474,-3.124999930150807e-05,-4.066843757755123e-05,-0.25,-0.0005235528806224465,0.0005232841006817962,6.629708514083177e-05,-0.0671383322558985,-0.06716620177030563,3.141592653589793,3.1413378715515137,-0.0010994307231158018,-0.005834267009049654,0.00032584776636213064
10.802436113357544,5.0,0.011640625074505806,0.0,3.9062499126885086e-05,-3.0,-0.014750976115465164,0.5,0.0002233789855381474,-3.124999930150807e-05,-4.066843757755123e-05,-0.25,-0.0005235528806224465,1.4089619313130401e-05,6.629708514083177e-05,-0.06697319452173542,-0.06716620177030563,3.141592653589793,3.1413378715515137,-0.0018771621398627758,-0.006244998890906572,0.00035664695315063
10.807553768157959,5.0,0.011640625074505806,0.0,3.9062499126885086e-05,-3.0,-0.014750976115465164,0.5,0.00019152202003169805,-3.124999930150807e-05,-2.3959511963767e-05,-0.25,-0.00045713185681961477,4.874501196348018e-05,6.629708514083177e-05,-0.06703926650637401,-0.06716620177030563,3.141592653589793,3.1413378715515137,-0.0018771621398627758,-0.006244998890906572,0.00035664695315063
10.812318801879883,5.0,0.011640625074505806,0.0,3.9062499126885086e-05,-3.0,-0.014750976115465164,0.5,0.00019152202003169805,-3.124999930150807e-05,-2.3959511963767e-05,-0.25,-0.00045713185681961477,1.6096131379095208e-05,6.629708514083177e-05,-0.0669770173575962,-0.06716620177030563,3.141592653589793,3.1413378715515137,-0.0014805725077167153,-0.005327871069312096,0.0003806558670476079
10.816926956176758,5.0,0.011640625074505806,0.0,3.9062499126885086e-05,-3.0,-0.014750976115465164,0.5,0.00019152202003169805,-3.124999930150807e-05,-2.3959511963767e-05,-0.25,-0.00045713185681961477,1.6096803292906243e-05,6.629708514083177e-05,-0.0669770173575962,-0.06716620177030563,3.141592653589793,3.1413378715515137,-0.0014805725077167153,-0.005327871069312096,0.0003806558670476079
10.821531295776367,5.0,0.011640625074505806,0.0,3.9062499126885086e-05,-3.0,-0.014755859039723873,0.5,0.000978844123892486,-3.124999930150807e-05,-0.00028104684315621853,-0.25,0.0006442517042160034,-0.0005731354312886889,7.057573384372517e-05,-0.0651725820722043,-0.06720828264951706,3.141592653589793,3.1413538455963135,-0.00011039771197829396,-0.00566861592233181,-5.6517019402235746e-05
10.82634973526001,5.0,0.011640625074505806,0.0,3.9062499126885086e-05,-3.0,-0.014755859039723873,0.5,0.000978844123892486,-3.124999930150807e-05,-0.00028104684315621853,-0.25,0.0006442517042160034,-1.4800752059694667e-05,7.057573384372517e-05,-0.0668825387051329,-0.06720828264951706,3.141592653589793,3.1413538455963135,-0.00011039771197829396,-0.00566861592233181,-5.6517019402235746e-05
10.83095932006836,5.0,0.011640625074505806,0.0,3.9062499126885086e-05,-3.0,-0.014755859039723873,0.5,0.00016548886196687818,-3.124999930150807e-05,-2.1057098820165265e-06,-0.25,-0.0003697985375765711,0.0006238077512418341,7.057573384372517e-05,-0.06874462836900196,-0.06720828264951706,3.141592653589793,3.1413538455963135,-0.0008846083655953407,-0.004344623070210218,0.0002953068178612739
10.835811376571655,5.0,0.011640625074505806,0.0,3.9062499126885086e-05,-3.0,-0.014755859039723873,0.5,0.00016548886196687818,-3.124999930150807e-05,-2.1057098820165265e-06,-0.25,-0.0003697985375765711,1.867769898946497e-05,0.00010219851537840441,-0.06698014133656396,-0.06723093241453171,3.141592653589793,3.1413588523864746,-0.004873000085353851,-0.01550912857055664,0.012530329637229443
10.84057092666626,5.0,0.011640625074505806,0.0,3.9062499126885086e-05,-3.0,-0.014755859039723873,0.5,0.0009293352486565709,-3.124999930150807e-05,0.0013085388345643878,-0.25,0.0003718823136296123,0.002929797780960792,0.00010219851537840441,-0.06528360878129275,-0.06723093241453171,3.141592653589793,3.1413588523864746,-0.004873000085353851,-0.01550912857055664,0.012530329637229443
10.845345497131348,5.0,0.011640625074505806,0.0,3.9062499126885086e-05,-3.0,-0.014755859039723873,0.5,0.0009293352486565709,-3.124999930150807e-05,0.0013085388345643878,-0.25,0.0003718823136296123,0.0001762105184883656,0.00010219851537840441,-0.06688847977016121,-0.06723093241453171,3.141592653589793,3.1413588523864746,-0.004873000085353851,-0.01550912857055664,0.012530329637229443
10.849915504455566,5.0,0.011640625074505806,0.0,3.9062499126885086e-05,-3.0,-0.014755859039723873,0.5,0.0009293352486565709,-3.124999930150807e-05,0.0013085388345643878,-0.25,0.0003718823136296123,0.00017633297538403907,6.589246186194941e-05,-0.06688847977016121,-0.06722044199705124,3.141592653589793,3.1413516998291016,-0.0031546596437692642,-0.011031145229935646,0.0036097432021051645
10.854716062545776,5.0,0.011640625074505806,0.0,3.9062499126885086e-05,-3.0,-0.014760741963982582,0.5,0.00037807098124176264,-3.124999930150807e-05,-0.0004217325185891241,-0.25,-0.0003257906355429441,-0.0036356499942961228,6.589246186194941e-05,-0.06810296519065674,-0.06722044199705124,3.141592653589793,3.1413516998291016,-0.0031546596437692642,-0.011031145229935646,0.0036097432021051645
10.859336614608765,5.0,0.011640625074505806,0.0,3.9062499126885086e-05,-3.0,-0.014760741963982582,0.5,0.00037807098124176264,-3.124999930150807e-05,-0.0004217325185891241,-0.25,-0.0003257906355429441,-3.137316257092446e-05,6.690200098091736e-05,-0.06695463148225098,-0.06726347655057907,3.141592653589793,3.1413023471832275,-0.0016654939390718937,-0.006896744016557932,-0.00028956306050531566
10.863706588745117,5.0,0.011640625074505806,0.0,3.9062499126885086e-05,-3.0,-0.014765624888241291,0.5,0.00041106759454123676,-3.124999930150807e-05,-2.906467670982238e-05,-0.25,-0.000176026820554398,0.0009143059014413388,8.913117926567793e-05,-0.06687516431751182,-0.06730496138334274,3.141592653589793,3.141298532485962,-0.0007309490465559065,-0.009525882080197334,-4.982972313882783e-05
10.868122577667236,5.0,0.011640625074505806,0.0,3.9062499126885086e-05,-3.0,-0.014765624888241291,0.5,0.00041106759454123676,-3.124999930150807e-05,-2.906467670982238e-05,-0.25,-0.000176026820554398,1.5747362457862972e-05,8.913117926567793e-05,-0.06695067188865506,-0.06730496138334274,3.141592653589793,3.141298532485962,-0.0007309490465559065,-0.009525882080197334,-4.982972313882783e-05
10.872902631759644,5.0,0.011640625074505806,0.0,3.9062499126885086e-05,-3.0,-0.014765624888241291,0.5,0.00041106759454123676,-3.124999930150807e-05,-2.906467670982238e-05,-0.25,-0.000176026820554398,1.5747571377066927e-05,8.913117926567793e-05,-0.06695067188865506,-0.06730496138334274,3.141592653589793,3.141298532485962,-0.0006189436535350978,-0.0021532855462282896,5.965140735497698e-05
10.877622127532959,5.0,0.011640625074505806,0.0,3.9062499126885086e-05,-3.0,-0.014765624888241291,0.5,7.174685742938891e-05,-3.124999930150807e-05,-3.545763684087433e-05,-0.25,-0.00020791411225218326,1.4341648732049393e-06,8.913117926567793e-05,-0.06771036705048618,-0.06730496138334274,3.141592653589793,3.141298532485962,-0.0006189436535350978,-0.0021532855462282896,5.965140735497698e-05
10.882270574569702,5.0,0.011640625074505806,0.0,3.9062499126885086e-05,-3.0,-0.014765624888241291,0.5,7.174685742938891e-05,-3.124999930150807e-05,-3.545763684087433e-05,-0.25,-0.00020791411225218326,1.4979627823184005e-05,8.913117926567793e-05,-0.06699139037710847,-0.06730496138334274,3.141592653589793,3.141298532485962,-0.0006933531840331852,-0.0010266046738252044,1.4006058336235583e-05
10.88690710067749,5.0,0.011640625074505806,0.0,3.9062499126885086e-05,-3.0,-0.014765624888241291,0.5,-3.966644362662919e-05,-3.124999930150807e-05,0.0001526126725366339,-0.25,0.00011794090096373111,0.00044319274403474963,8.913117926567793e-05,-0.06724505475097595,-0.06730496138334274,3.141592653589793,3.141298532485962,-0.0006933531840331852,-0.0010266046738252044,1.4006058336235583e-05
10.891713380813599,5.0,0.011640625074505806,0.0,3.9062499126885086e-05,-3.0,-0.014765624888241291,0.5,-3.966644362662919e-05,-3.124999930150807e-05,0.0001526126725366339,-0.25,0.00011794090096373111,3.758278854019804e-05,8.913117926567793e-05,-0.06700475997323518,-0.06730496138334274,3.141592653589793,3.141298532485962,-0.0006933531840331852,-0.0010266046738252044,1.4006058336235583e-05
10.896506309509277,5.0,0.011640625074505806,0.0,3.9062499126885086e-05,-3.0,-0.014765624888241291,0.5,-5.2510647947201505e-05,-3.124999930150807e-05,4.319734944147058e-05,-0.25,0.00032662629382684827,-0.00020382481025752602,8.913117926567793e-05,-0.06703309951560801,-0.06730496138334274,3.141592653589793,3.141298532485962,-0.00021389294124674052,0.00150039023719728,0.0002785726392176002
10.901284217834473,5.0,0.011640625074505806,0.0,3.9062499126885086e-05,-3.0,-0.014765624888241291,0.5,-5.2510647947201505e-05,-3.124999930150807e-05,4.319734944147058e-05,-0.25,0.00032662629382684827,2.446720023760755e-05,8.913117926567793e-05,-0.06700630127775367,-0.06730496138334274,3.141592653589793,3.141298532485962,-0.000425479665864259,-0.0003661791852209717,0.00026952315238304436
10.906009674072266,5.0,0.011640625074505806,0.0,3.9062499126885086e-05,-3.0,-0.014765624888241291,0.5,-8.309930308314506e-06,-3.124999930150807e-05,4.20786818722263e-05,-0.25,0.0002199470909545198,2.1972568532160148e-05,8.913117926567793e-05,-0.06690745973109428,-0.06730496138334274,3.141592653589793,3.141298532485962,-0.000425479665864259,-0.0003661791852209717,0.00026952315238304436
10.910934686660767,5.0,0.011640625074505806,0.0,3.9062499126885086e-05,-3.0,-0.014765624888241291,0.5,-8.309930308314506e-06,-3.124999930150807e-05,4.20786818722263e-05,-0.25,0.0002199470909545198,2.4347113252333044e-05,8.913117926567793e-05,-0.06700099719163699,-0.06730496138334274,3.141592653589793,3.141298532485962,-0.0003074255073443055,-0.00047851394629105926,0.0003042257158085704
10.91575026512146,5.0,0.011640625074505806,0.0,3.9062499126885086e-05,-3.0,-0.014765624888241291,0.5,-8.309930308314506e-06,-3.124999930150807e-05,4.20786818722263e-05,-0.25,0.0002199470909545198,2.435417565268527e-05,8.913117926567793e-05,-0.06700099719163699,-0.06730496138334274,3.141592653589793,3.141298532485962,-0.0003074255073443055,-0.00047851394629105926,0.0003042257158085704
10.920599699020386,5.0,0.011640625074505806,0.0,3.9062499126885086e-05,-3.0,-0.014765624888241291,0.5,2.062827297777403e-05,-3.124999930150807e-05,0.00016487242828588933,-0.25,0.0001509571011411026,0.0002923209846146694,8.913117926567793e-05,-0.06693785124352798,-0.06730496138334274,3.141592653589793,3.141298532485962,-0.0016191579634323716,-0.0003517360601108521,0.00011141254799440503
10.925466299057007,5.0,0.011640625074505806,0.0,3.9062499126885086e-05,-3.0,-0.014765624888241291,0.5,2.062827297777403e-05,-3.124999930150807e-05,0.00016487242828588933,-0.25,0.0001509571011411026,3.9127535865564046e-05,8.913117926567793e-05,-0.06699752460724266,-0.06730496138334274,3.141592653589793,3.141298532485962,-0.0016191579634323716,-0.0003517360601108521,0.00011141254799440503
10.929949522018433,5.0,0.011640625074505806,0.0,3.9062499126885086e-05,-3.0,-0.014765624888241291,0.5,-2.5845467462204397e-05,-3.124999930150807e-05,4.69669648737181e-05,-0.25,4.228114994475618e-05,-0.0002380067446303226,8.913117926567793e-05,-0.06710676290867064,-0.06730496138334274,3.141592653589793,3.141298532485962,-0.00010971204028464854,0.0002715219452511519,0.0002954790834337473
10.9347825050354,5.0,0.011640625074505806,0.0,3.9062499126885086e-05,-3.0,-0.014765624888241291,0.5,-2.5845467462204397e-05,-3.124999930150807e-05,4.69669648737181e-05,-0.25,4.228114994475618e-05,2.4993453963088728e-05,8.913117926567793e-05,-0.06700310145609546,-0.06730496138334274,3.141592653589793,3.141298532485962,-0.00010971204028464854,0.0002715219452511519,0.0002954790834337473
10.939536333084106,5.0,0.011640625074505806,0.0,3.9062499126885086e-05,-3.0,-0.014765624888241291,0.5,-8.413471368839964e-05,-3.124999930150807e-05,3.790567279793322e-05,-0.25,0.00035603641299530864,4.851631017062961e-06,8.913117926567793e-05,-0.06713271155187236,-0.06730496138334274,3.141592653589793,3.141298532485962,-0.0003506501379888505,0.0010231611086055636,0.0002726730308495462
10.944332361221313,5.0,0.011640625074505806,0.0,3.9062499126885086e-05,-3.0,-0.014765624888241291,0.5,-8.413471368839964e-05,-3.124999930150807e-05,3.790567279793322e-05,-0.25,0.00035603641299530864,2.3919307448454336e-05,8.913117926567793e-05,-0.0670100961656426,-0.06730496138334274,3.141592653589793,3.141298532485962,-0.0003506501379888505,0.0010231611086055636,0.0002726730308495462
10.949049949645996,5.0,0.011640625074505806,0.0,3.9062499126885086e-05,-3.0,-0.014765624888241291,0.5,-0.00010198369272984564,-3.124999930150807e-05,-3.608581437219982e-06,-0.25,0.0007458036998286843,-6.9058684513727e-05,8.913117926567793e-05,-0.06705007300759389,-0.06730496138334274,3.141592653589793,3.141298532485962,-0.0006184279918670654,0.0014260625466704369,0.00027317667263559997
10.95386791229248,5.0,0.011640625074505806,0.0,3.9062499126885086e-05,-3.0,-0.014765624888241291,0.5,-0.00010198369272984564,-3.124999930150807e-05,-3.608581437219982e-06,-0.25,0.0007458036998286843,1.894286846327044e-05,6.824645242886618e-05,-0.06701223804312759,-0.06724286079406738,3.141592653589793,3.141342878341675,-0.005701199173927307,0.007909563370049,-0.0036440319381654263
10.95854926109314,5.0,0.011640625074505806,0.0,3.9062499126885086e-05,-3.0,-0.014755859039723873,0.5,-0.0002928708854597062,-3.124999930150807e-05,-0.0012643609661608934,-0.25,0.00031455516000278294,-0.0028256020452275916,6.824645242886618e-05,-0.06744290560430234,-0.06724286079406738,3.141592653589793,3.141342878341675,-0.005701199173927307,0.007909563370049,-0.0036440319381654263
10.963241815567017,5.0,0.011640625074505806,0.0,3.9062499126885086e-05,-3.0,-0.014755859039723873,0.5,-0.0002928708854597062,-3.124999930150807e-05,-0.0012643609661608934,-0.25,0.00031455516000278294,-0.0001325785989621726,7.194560021162033e-05,-0.06703514450625517,-0.06719326227903366,3.141592653589793,3.141343832015991,-0.004889223258942366,0.005624867044389248,-0.004274230450391769
10.9678213596344,5.0,0.011640625074505806,0.0,3.9062499126885086e-05,-3.0,-0.014755859039723873,0.5,-0.0002928708854597062,-3.124999930150807e-05,-0.0012643609661608934,-0.25,0.00031455516000278294,-0.0001326915406824267,7.194560021162033e-05,-0.06703514450625517,-0.06719326227903366,3.141592653589793,3.141343832015991,-0.004889223258942366,0.005624867044389248,-0.004274230450391769
10.972636938095093,5.0,0.011640625074505806,0.0,3.9062499126885086e-05,-3.0,-0.014755859039723873,0.5,-6.133317583589815e-06,-3.124999930150807e-05,-0.0012383840512484312,-0.25,0.0007773005636408925,-7.574707343966354e-05,7.027026731520891e-05,-0.06640529856475373,-0.06715869158506393,3.141592653589793,3.141343832015991,-0.008165847510099411,0.010037007741630077,-0.0043201930820941925
10.977392673492432,5.0,0.011640625074505806,0.0,3.9062499126885086e-05,-3.0,-0.014755859039723873,0.5,-6.133317583589815e-06,-3.124999930150807e-05,-0.0012383840512484312,-0.25,0.0007773005636408925,-0.00012980538807052925,7.027026731520891e-05,-0.06700073599811003,-0.06715869158506393,3.141592653589793,3.141343832015991,-0.008165847510099411,0.010037007741630077,-0.0043201930820941925
10.982053279876709,5.0,0.011640625074505806,0.0,3.9062499126885086e-05,-3.0,-0.014750976115465164,0.5,-0.00014119457046035677,-3.124999930150807e-05,-0.0012759303208440542,-0.25,0.0007639091927558184,-0.00021498787068582165,0.00010199133248534054,-0.06730673665374787,-0.06713056564331055,3.141592653589793,3.141331195831299,0.005332558881491423,-0.00041908572893589735,0.005112302489578724
10.986705303192139,5.0,0.011640625074505806,0.0,3.9062499126885086e-05,-3.0,-0.014750976115465164,0.5,-0.00014119457046035677,-3.124999930150807e-05,-0.0012759303208440542,-0.25,0.0007639091927558184,-0.00013454276536058478,0.00010199133248534054,-0.06701694334845523,-0.06713056564331055,3.141592653589793,3.141331195831299,0.005332558881491423,-0.00041908572893589735,0.005112302489578724
10.991525650024414,5.0,0.011640625074505806,0.0,4.8828122089616954e-05,-3.0,-0.014746093191206455,0.5,-6.254717300180346e-05,-0.00024165420533356973,-4.8443933337694034e-05,-0.25,0.001119312015362084,0.003020983593313798,0.00010199133248534054,-0.06684434852664706,-0.06713056564331055,3.141592653589793,3.141331195831299,-0.0007422746275551617,0.00041246492764912546,-0.00016525521641597152
10.996368408203125,5.0,0.011640625074505806,0.0,4.8828122089616954e-05,-3.0,-0.014746093191206455,0.5,-6.254717300180346e-05,-3.906249767169357e-05,-4.8443933337694034e-05,-0.25,0.001119312015362084,-0.0004046286894582172,0.00010199133248534054,-0.06700750566076022,-0.06713056564331055,3.141592653589793,3.141331195831299,-0.0007422746275551617,0.00041246492764912546,-0.00016525521641597152
11.000758409500122,5.0,0.011640625074505806,0.0,4.8828122089616954e-05,-3.0,-0.014741210266947746,0.5,-0.0001508847635705024,-3.906249767169357e-05,6.284043047344312e-05,-0.25,0.0006968468078412116,0.00028056894892430754,8.509506733389571e-05,-0.06721933069206111,-0.0670686885714531,3.141592653589793,3.141353130340576,0.0003090777900069952,0.0024903162848204374,0.0002887863665819168
11.005519151687622,5.0,0.011640625074505806,0.0,4.8828122089616954e-05,-3.0,-0.014741210266947746,0.5,-0.0001508847635705024,-3.906249767169357e-05,6.284043047344312e-05,-0.25,0.0006968468078412116,2.7083592523018248e-05,8.509506733389571e-05,-0.06701810617162846,-0.0670686885714531,3.141592653589793,3.141353130340576,0.0003090777900069952,0.0024903162848204374,0.0002887863665819168
11.010401964187622,5.0,0.011640625074505806,0.0,4.8828122089616954e-05,-3.0,-0.014741210266947746,0.5,-0.0001508847635705024,-3.906249767169357e-05,6.284043047344312e-05,-0.25,0.0006968468078412116,2.709354398084492e-05,8.509506733389571e-05,-0.06701810617162846,-0.0670686885714531,3.141592653589793,3.141353130340576,0.0003090777900069952,0.0024903162848204374,0.0002887863665819168
11.015121221542358,5.0,0.011640625074505806,0.0,4.8828122089616954e-05,-3.0,-0.014741210266947746,0.5,-4.343889668234624e-05,-3.906249767169357e-05,-1.3588268302555662e-05,-0.25,0.0009084438788704574,-0.00014402618609214235,8.509506733389571e-05,-0.06677753729664478,-0.0670686885714531,3.141592653589793,3.141353130340576,-0.0005505122244358063,3.850175198749639e-05,-1.9607541617006063e-06
11.01979374885559,5.0,0.011640625074505806,0.0,4.8828122089616954e-05,-3.0,-0.014741210266947746,0.5,-4.343889668234624e-05,-3.906249767169357e-05,-1.3588268302555662e-05,-0.25,0.0009084438788704574,1.7926885097261414e-05,6.43814419163391e-05,-0.06700521266760187,-0.06698881834745407,3.141592653589793,3.1413629055023193,-0.007738982327282429,0.005350261460989714,-0.0001611852494534105
11.024604320526123,5.0,0.011640625074505806,0.0,4.8828122089616954e-05,-3.0,-0.014736327342689037,0.5,-0.00023602954752277583,-3.906249767169357e-05,-9.303673868998885e-05,-0.25,0.0009010874782688916,-0.00015676603078577012,6.43814419163391e-05,-0.06742867232757448,-0.06698881834745407,3.141592653589793,3.1413629055023193,-0.007738982327282429,0.005350261460989714,-0.0001611852494534105
11.0292489528656,5.0,0.011640625074505806,0.0,4.8828122089616954e-05,-3.0,-0.014736327342689037,0.5,-0.00023602954752277583,-3.906249767169357e-05,-9.303673868998885e-05,-0.25,0.0009010874782688916,8.382861901567165e-06,6.43814419163391e-05,-0.06702832354570273,-0.06698881834745407,3.141592653589793,3.1413629055023193,-0.0002669715031515807,0.0016516022151336074,1.5280311345122755e-05
11.033644676208496,5.0,0.011640625074505806,0.0,4.8828122089616954e-05,-3.0,-0.014731445349752903,0.5,-0.0002799641224555671,-3.906249767169357e-05,-1.7987740648095496e-05,-0.25,0.0005435835919342935,0.00018812244489720028,6.43814419163391e-05,-0.06713354414801077,-0.06698881834745407,3.141592653589793,3.1413629055023193,-0.0002669715031515807,0.0016516022151336074,1.5280311345122755e-05
11.038194179534912,5.0,0.011640625074505806,0.0,4.8828122089616954e-05,-3.0,-0.014731445349752903,0.5,-0.0002799641224555671,-3.906249767169357e-05,-1.7987740648095496e-05,-0.25,0.0005435835919342935,1.7392512036165904e-05,8.374863682547584e-05,-0.06703359569469466,-0.06695663183927536,3.141592653589793,3.141359329223633,0.001728335046209395,0.006979989353567362,-0.007741098292171955
11.042829751968384,5.0,0.011640625074505806,0.0,3.9062499126885086e-05,-3.0,-0.014731445349752903,0.5,-4.0709823224460706e-05,-3.906249767169357e-05,-0.00048572479863651097,-0.25,0.0009255599579773843,1.7394465907419917e-05,8.374863682547584e-05,-0.06703359569469466,-0.06695663183927536,3.141592653589793,3.141359329223633,0.001728335046209395,0.006979989353567362,-0.007741098292171955
